{"type": "FeatureCollection", "features": [{"type": "Feature", "geometry": {"type": "MultiPolygon", "coordinates": [[[[-0.24971559923284709, 35.855126643715685], [-0.23533501698386852, 35.850860632208395], [-0.23590381851817435, 35.84894322124187], [-0.2502844007671529, 35.85320923274916], [-0.24971559923284709, 35.855126643715685]]], [[[-0.23082589033469525, 35.84847992288936], [-0.2347662154495627, 35.85277804317493], [-0.23647262005248018, 35.84702581027533], [-0.23082589033469525, 35.84847992288936]]]]}, "properties": {"speed": 0.0681, "dir_deg": 106.5, "type": "ضعيف"}}, {"type": "Feature", "geometry": {"type": "MultiPolygon", "coordinates": [[[[-0.2079664245469789, 35.85509819711434], [-0.19401254131824733, 35.84959463982483], [-0.19474634895684875, 35.847734122061], [-0.20870023218558031, 35.85323767935051], [-0.2079664245469789, 35.85509819711434]]], [[[-0.18972815072797086, 35.84682986184641], [-0.19327873367964593, 35.85145515758866], [-0.19548015659545015, 35.84587360429717], [-0.18972815072797086, 35.84682986184641]]]]}, "properties": {"speed": 0.0895, "dir_deg": 111.5, "type": "ضعيف"}}, {"type": "Feature", "geometry": {"type": "MultiPolygon", "coordinates": [[[[-0.16663189672817677, 35.855167333402484], [-0.15164096917723793, 35.85464570981933], [-0.1517105189883252, 35.852646919479206], [-0.16670144653926403, 35.85316854306236], [-0.16663189672817677, 35.855167333402484]]], [[[-0.14667876823246861, 35.85347244012155], [-0.15157141936615065, 35.856644500159454], [-0.15178006879941247, 35.85064812913908], [-0.14667876823246861, 35.85347244012155]]]]}, "properties": {"speed": 0.1144, "dir_deg": 92.0, "type": "ضعيف"}}, {"type": "Feature", "geometry": {"type": "MultiPolygon", "coordinates": [[[[-0.12516210872438885, 35.85515471113511], [-0.1103605151840862, 35.85758634200094], [-0.1100362977353085, 35.85561279619557], [-0.12483789127561115, 35.85318116532974], [-0.12516210872438885, 35.85515471113511]]], [[[-0.10526454194626314, 35.857410112720196], [-0.11068473263286391, 35.85955988780632], [-0.10971208028653079, 35.853639250390195], [-0.10526454194626314, 35.857410112720196]]]]}, "properties": {"speed": 0.1291, "dir_deg": 80.7, "type": "ضعيف"}}, {"type": "Feature", "geometry": {"type": "MultiPolygon", "coordinates": [[[[-0.0837161879635088, 35.85509174786314], [-0.06985904350274504, 35.860834530062874], [-0.06909333920944784, 35.858986910801434], [-0.0829504836702116, 35.8532441286017], [-0.0837161879635088, 35.85509174786314]]], [[[-0.06485714320250852, 35.86182498116539], [-0.07062474779604223, 35.86268214932431], [-0.06832763491615064, 35.85713929154], [-0.06485714320250852, 35.86182498116539]]]]}, "properties": {"speed": 0.1187, "dir_deg": 67.5, "type": "ضعيف"}}, {"type": "Feature", "geometry": {"type": "MultiPolygon", "coordinates": [[[[-0.04236733557428438, 35.854881426019304], [-0.03166501877109083, 35.86539144100712], [-0.030263683439382263, 35.863964465433355], [-0.040966000242575816, 35.85345445044554], [-0.04236733557428438, 35.854881426019304]]], [[[-0.0273969121708387, 35.868181291549504], [-0.03306635410279941, 35.86681841658088], [-0.028862348107673692, 35.8625374898596], [-0.0273969121708387, 35.868181291549504]]]]}, "properties": {"speed": 0.1289, "dir_deg": 45.5, "type": "ضعيف"}}, {"type": "Feature", "geometry": {"type": "MultiPolygon", "coordinates": [[[[-0.29104642495198374, 35.89661648036652], [-0.2792801459678722, 35.88731300365789], [-0.28052060952902313, 35.88574416646001], [-0.29228688851313467, 35.89504764316864], [-0.29104642495198374, 35.89661648036652]]], [[[-0.2759782847537438, 35.88342742615607], [-0.2780396824067213, 35.88888184085577], [-0.28176107309017406, 35.88417532926213], [-0.2759782847537438, 35.88342742615607]]]]}, "properties": {"speed": 0.0242, "dir_deg": 128.3, "type": "ضعيف"}}, {"type": "Feature", "geometry": {"type": "MultiPolygon", "coordinates": [[[[-0.24912346590046386, 35.89631340153567], [-0.2419033693790296, 35.88316539004263], [-0.24365643757810188, 35.88220271050644], [-0.25087653409953614, 35.895350721999485], [-0.24912346590046386, 35.89631340153567]]], [[[-0.24037320463808765, 35.87830137977686], [-0.24015030117995728, 35.88412806957882], [-0.2454095057771742, 35.88124003097025], [-0.24037320463808765, 35.87830137977686]]]]}, "properties": {"speed": 0.0636, "dir_deg": 151.2, "type": "ضعيف"}}, {"type": "Feature", "geometry": {"type": "MultiPolygon", "coordinates": [[[[-0.20745793292876988, 35.89631546928509], [-0.20020682016608946, 35.88318453772244], [-0.2019576110411089, 35.882217722687415], [-0.20920872380378933, 35.895348654250064], [-0.20745793292876988, 35.89631546928509]]], [[[-0.19866517801603903, 35.87832415301738], [-0.19845602929106998, 35.88415135275746], [-0.20370840191612838, 35.881250907652394], [-0.19866517801603903, 35.87832415301738]]]]}, "properties": {"speed": 0.0728, "dir_deg": 151.1, "type": "ضعيف"}}, {"type": "Feature", "geometry": {"type": "MultiPolygon", "coordinates": [[[[-0.16584498996724703, 35.89640200846595], [-0.15729578949171422, 35.88407678346885], [-0.15893915282466095, 35.88293689007211], [-0.16748835330019377, 35.89526211506921], [-0.16584498996724703, 35.89640200846595]]], [[[-0.15526773766634333, 35.87939842843811], [-0.15565242615876748, 35.88521667686559], [-0.16058251615760769, 35.88179699667537], [-0.15526773766634333, 35.87939842843811]]]]}, "properties": {"speed": 0.0558, "dir_deg": 145.3, "type": "ضعيف"}}, {"type": "Feature", "geometry": {"type": "MultiPolygon", "coordinates": [[[[-0.12441079930604282, 35.896640048489154], [-0.11229099848242843, 35.8878020380798], [-0.1134693998703428, 35.88618606463665], [-0.12558920069395718, 35.895024075046], [-0.12441079930604282, 35.896640048489154]]], [[[-0.10884026556851416, 35.884048047888434], [-0.11111259709451406, 35.88941801152294], [-0.11464780125825717, 35.8845700911935], [-0.10884026556851416, 35.884048047888434]]]]}, "properties": {"speed": 0.0592, "dir_deg": 126.1, "type": "ضعيف"}}, {"type": "Feature", "geometry": {"type": "MultiPolygon", "coordinates": [[[[-0.0836018305592554, 35.896795342917244], [-0.06915261331423203, 35.900822764053174], [-0.06861562382944164, 35.89889620175384], [-0.083064841074465, 35.89486878061791], [-0.0836018305592554, 35.896795342917244]]], [[[-0.06406771282349571, 35.90120195661548], [-0.06968960279902243, 35.90274932635251], [-0.06807863434465124, 35.896969639454504], [-0.06406771282349571, 35.90120195661548]]]]}, "properties": {"speed": 0.0759, "dir_deg": 74.4, "type": "ضعيف"}}, {"type": "Feature", "geometry": {"type": "MultiPolygon", "coordinates": [[[[-0.042381168625266016, 35.896531696476295], [-0.03188664799451697, 35.90724920722884], [-0.030457646560845143, 35.9058499378114], [-0.04095216719159418, 35.89513242705886], [-0.042381168625266016, 35.896531696476295]]], [[[-0.027673973734098044, 35.910122076104294], [-0.03331564942818879, 35.90864847664627], [-0.029028645127173316, 35.90445066839397], [-0.027673973734098044, 35.910122076104294]]]]}, "properties": {"speed": 0.1437, "dir_deg": 44.4, "type": "ضعيف"}}, {"type": "Feature", "geometry": {"type": "MultiPolygon", "coordinates": [[[[-0.0006470041600076755, 35.89659454823758], [0.01079029288998939, 35.906299610637696], [0.01208430121000474, 35.90477463769769], [0.0006470041600076755, 35.895069575297576], [-0.0006470041600076755, 35.89659454823758]]], [[[0.015249729399996087, 35.908772144967735], [0.009496284569974037, 35.90782458357769], [0.013378309530020092, 35.903249664757695], [0.015249729399996087, 35.908772144967735]]]]}, "properties": {"speed": 0.1509, "dir_deg": 49.7, "type": "ضعيف"}}, {"type": "Feature", "geometry": {"type": "MultiPolygon", "coordinates": [[[[-0.4172716021128801, 35.93829626696957], [-0.40532759756932824, 35.94737044767439], [-0.4041177068086864, 35.94577791373524], [-0.4160617113522383, 35.93670373303043], [-0.4172716021128801, 35.93829626696957]]], [[[-0.4007413173411567, 35.949598907606415], [-0.40653748832997005, 35.948962981613526], [-0.4029078160480446, 35.9441853797961], [-0.4007413173411567, 35.949598907606415]]]]}, "properties": {"speed": 0.1494, "dir_deg": 52.8, "type": "ضعيف"}}, {"type": "Feature", "geometry": {"type": "MultiPolygon", "coordinates": [[[[-0.3755850207323343, 35.93831101833687], [-0.36341974567928764, 35.947086329321884], [-0.36224970421461905, 35.94546429264815], [-0.3744149792676657, 35.93668898166313], [-0.3755850207323343, 35.93831101833687]]], [[[-0.3587796332626045, 35.94920041464669], [-0.3645897871439563, 35.94870836599563], [-0.3610796627499504, 35.9438422559744], [-0.3587796332626045, 35.94920041464669]]]]}, "properties": {"speed": 0.0807, "dir_deg": 54.2, "type": "ضعيف"}}, {"type": "Feature", "geometry": {"type": "MultiPolygon", "coordinates": [[[[-0.33374668267482743, 35.9384105770337], [-0.32008802716933277, 35.9446106681445], [-0.3192613483545595, 35.9427895140771], [-0.33292000386005416, 35.9365894229663], [-0.33374668267482743, 35.9384105770337]]], [[[-0.3151218025934479, 35.945766788147736], [-0.3209147059841061, 35.9464318222119], [-0.31843466953978616, 35.9409683600097], [-0.3151218025934479, 35.945766788147736]]]]}, "properties": {"speed": 0.0575, "dir_deg": 65.6, "type": "ضعيف"}}, {"type": "Feature", "geometry": {"type": "MultiPolygon", "coordinates": [[[[-0.29172339011178583, 35.93849838936477], [-0.27674754964026826, 35.93934939005317], [-0.276634082881815, 35.93735261132363], [-0.2916099233533326, 35.93650161063523], [-0.29172339011178583, 35.93849838936477]]], [[[-0.2716988694372024, 35.93863466758453], [-0.27686101639872146, 35.9413461687827], [-0.2765206161233618, 35.9353558325941], [-0.2716988694372024, 35.93863466758453]]]]}, "properties": {"speed": 0.0753, "dir_deg": 86.7, "type": "ضعيف"}}, {"type": "Feature", "geometry": {"type": "MultiPolygon", "coordinates": [[[[-0.24942583031066065, 35.93831873632376], [-0.2371447854542614, 35.929706190983666], [-0.2382931248329401, 35.92806871833615], [-0.2505741696893393, 35.93668126367624], [-0.24942583031066065, 35.93831873632376]]], [[[-0.233625273524801, 35.92601660621321], [-0.2359964460755827, 35.93134366363119], [-0.2394414642116188, 35.926431245688626], [-0.233625273524801, 35.92601660621321]]]]}, "properties": {"speed": 0.1069, "dir_deg": 125.0, "type": "ضعيف"}}, {"type": "Feature", "geometry": {"type": "MultiPolygon", "coordinates": [[[[-0.2074710754764244, 35.93800647798959], [-0.19987390563261556, 35.92507268464176], [-0.20159841141232596, 35.924059728662584], [-0.2091955812561348, 35.93699352201041], [-0.2074710754764244, 35.93800647798959]]], [[[-0.19820376857453448, 35.920254942202895], [-0.19814939985290514, 35.92608564062093], [-0.20332291719203638, 35.92304677268341], [-0.19820376857453448, 35.920254942202895]]]]}, "properties": {"speed": 0.101, "dir_deg": 149.6, "type": "ضعيف"}}, {"type": "Feature", "geometry": {"type": "MultiPolygon", "coordinates": [[[[-0.16566956381331452, 35.93757599996372], [-0.1645295643575128, 35.92261938265763], [-0.16652377999832454, 35.92246738273019], [-0.16766377945412628, 35.93742400003628], [-0.16566956381331452, 35.93757599996372]]], [[[-0.16514667235931807, 35.91755784359188], [-0.16253534871670106, 35.92277138258507], [-0.16851799563913628, 35.92231538280275], [-0.16514667235931807, 35.91755784359188]]]]}, "properties": {"speed": 0.111, "dir_deg": 175.6, "type": "ضعيف"}}, {"type": "Feature", "geometry": {"type": "MultiPolygon", "coordinates": [[[[-0.1240027796145621, 35.93742549159197], [-0.125120405735005, 35.922467185810405], [-0.12711484650588079, 35.92261620262646], [-0.1259972203854379, 35.93757450840803], [-0.1240027796145621, 35.93742549159197]]], [[[-0.12649016816059053, 35.917555592291244], [-0.1231259649641292, 35.922318168994344], [-0.12910928727675658, 35.92276521944252], [-0.12649016816059053, 35.917555592291244]]]]}, "properties": {"speed": 0.1357, "dir_deg": 184.3, "type": "ضعيف"}}, {"type": "Feature", "geometry": {"type": "MultiPolygon", "coordinates": [[[[-0.08233760751265193, 35.937592331707435], [-0.0809526319010745, 35.92265640714431], [-0.08294408850949105, 35.92247174372944], [-0.08432906412106847, 35.937407668292565], [-0.08233760751265193, 35.937592331707435]]], [[[-0.0814867016680903, 35.91758543391583], [-0.07896117529265795, 35.92284107055919], [-0.0849355451179076, 35.92228708031456], [-0.0814867016680903, 35.91758543391583]]]]}, "properties": {"speed": 0.1038, "dir_deg": 174.7, "type": "ضعيف"}}, {"type": "Feature", "geometry": {"type": "MultiPolygon", "coordinates": [[[[-0.04157713219600573, 35.93849598361241], [-0.026637378009769983, 35.937152947926045], [-0.026816449434618726, 35.93516098070122], [-0.04175620362085447, 35.93650401638759], [-0.04157713219600573, 35.93849598361241]]], [[[-0.02174699566011577, 35.935709285751514], [-0.026458306584921237, 35.93914491515088], [-0.02699552085946747, 35.93316901347639], [-0.02174699566011577, 35.935709285751514]]]]}, "properties": {"speed": 0.0825, "dir_deg": 95.1, "type": "ضعيف"}}, {"type": "Feature", "geometry": {"type": "MultiPolygon", "coordinates": [[[[-0.0005629248697465416, 35.93832650807075], [0.01183469619155747, 35.94677038111695], [0.012960545931050553, 35.945117364975445], [0.0005629248697465416, 35.93667349192925], [-0.0005629248697465416, 35.93832650807075]]], [[[0.016530161415072017, 35.948758497394934], [0.010708846452064387, 35.94842339725846], [0.014086395670543636, 35.943464348833935], [0.016530161415072017, 35.948758497394934]]]]}, "properties": {"speed": 0.1656, "dir_deg": 55.7, "type": "ضعيف"}}, {"type": "Feature", "geometry": {"type": "MultiPolygon", "coordinates": [[[[0.040930949295198284, 35.938177287326134], [0.051090259187236094, 35.949213066524614], [0.052561696413699725, 35.947858491872346], [0.042402386521661915, 35.936822712673866], [0.040930949295198284, 35.938177287326134]]], [[[0.05521241443114718, 35.952214372264635], [0.04961882196077246, 35.95056764117689], [0.05403313364016336, 35.94650391722007], [0.05521241443114718, 35.952214372264635]]]]}, "properties": {"speed": 0.2037, "dir_deg": 42.6, "type": "ضعيف"}}, {"type": "Feature", "geometry": {"type": "MultiPolygon", "coordinates": [[[[-0.4170032256107707, 35.98010959708265], [-0.40287834285729707, 35.985158130255826], [-0.4022052051008741, 35.983274812555365], [-0.4163300878543477, 35.97822627938219], [-0.4170032256107707, 35.98010959708265]]], [[[-0.3978334797279277, 35.98589931579665], [-0.4035514806137201, 35.98704144795629], [-0.40153206734445107, 35.981391494854904], [-0.3978334797279277, 35.98589931579665]]]]}, "properties": {"speed": 0.3629, "dir_deg": 70.3, "type": "متوسط"}}, {"type": "Feature", "geometry": {"type": "MultiPolygon", "coordinates": [[[[-0.3753098957596071, 35.980118708771606], [-0.3610483376718684, 35.98476714516571], [-0.3604285461526542, 35.982865604087344], [-0.3746901042403929, 35.97821716769324], [-0.3753098957596071, 35.980118708771606]]], [[[-0.3559845892163484, 35.98536585342456], [-0.3616681291910826, 35.98666868624407], [-0.35980875463344, 35.98096406300898], [-0.3559845892163484, 35.98536585342456]]]]}, "properties": {"speed": 0.2804, "dir_deg": 71.9, "type": "ضعيف"}}, {"type": "Feature", "geometry": {"type": "MultiPolygon", "coordinates": [[[[-0.33355803771644765, 35.98014236750363], [-0.3189415986483388, 35.983512784238734], [-0.3184922097503251, 35.981563925696314], [-0.33310864881843394, 35.97819350896121], [-0.33355803771644765, 35.98014236750363]]], [[[-0.31384475784329563, 35.98366182721256], [-0.31939098754635253, 35.98546164278115], [-0.3180428208523114, 35.9796150671539], [-0.31384475784329563, 35.98366182721256]]]]}, "properties": {"speed": 0.2134, "dir_deg": 77.0, "type": "ضعيف"}}, {"type": "Feature", "geometry": {"type": "MultiPolygon", "coordinates": [[[[-0.29187439721597974, 35.98014612220875], [-0.27720163757103417, 35.98326222946006], [-0.2767861566041931, 35.9813058615074], [-0.29145891624913867, 35.97818975425609], [-0.29187439721597974, 35.98014612220875]]], [[[-0.27210297720596516, 35.983322747900836], [-0.2776171185378753, 35.98521859741272], [-0.27637067563735196, 35.97934949355474], [-0.27210297720596516, 35.983322747900836]]]]}, "properties": {"speed": 0.1914, "dir_deg": 78.0, "type": "ضعيف"}}, {"type": "Feature", "geometry": {"type": "MultiPolygon", "coordinates": [[[[-0.24999375062861828, 35.98016791870491], [-0.23499404354129821, 35.98007417813418], [-0.23500654228406165, 35.97807421718921], [-0.2500062493713817, 35.978167957759936], [-0.24999375062861828, 35.98016791870491]]], [[[-0.2300003905502399, 35.97904295080479], [-0.23498154479853478, 35.98207413907916], [-0.23501904102682508, 35.97607425624423], [-0.2300003905502399, 35.97904295080479]]]]}, "properties": {"speed": 0.1945, "dir_deg": 90.4, "type": "ضعيف"}}, {"type": "Feature", "geometry": {"type": "MultiPolygon", "coordinates": [[[[-0.20811810721891918, 35.980144503569576], [-0.19346962716162328, 35.97691618635917], [-0.1939000694563441, 35.97496305568486], [-0.20854854951364002, 35.97819137289527], [-0.20811810721891918, 35.980144503569576]]], [[[-0.1888020216232184, 35.974863515285215], [-0.19303918486690247, 35.97886931703347], [-0.19433051175106492, 35.97300992501056], [-0.1888020216232184, 35.974863515285215]]]]}, "properties": {"speed": 0.2135, "dir_deg": 102.4, "type": "ضعيف"}}, {"type": "Feature", "geometry": {"type": "MultiPolygon", "coordinates": [[[[-0.1662292318518848, 35.980067185938715], [-0.15274051625753648, 35.97350558921118], [-0.1536153958212077, 35.97170709379859], [-0.167104111415556, 35.97826869052613], [-0.1662292318518848, 35.980067185938715]]], [[[-0.14868171750792267, 35.97041914259571], [-0.1518656366938653, 35.97530408462376], [-0.1544902753848789, 35.96990859838601], [-0.14868171750792267, 35.97041914259571]]]]}, "properties": {"speed": 0.237, "dir_deg": 115.9, "type": "ضعيف"}}, {"type": "Feature", "geometry": {"type": "MultiPolygon", "coordinates": [[[[-0.12438944641451685, 35.97995991318105], [-0.11250982218510298, 35.9708016093988], [-0.11373092935606928, 35.969217659501545], [-0.12561055358548315, 35.978375963283796], [-0.12438944641451685, 35.97995991318105]]], [[[-0.10916050102744818, 35.96695686652276], [-0.1112887150141367, 35.97238555929606], [-0.11495203652703556, 35.967633709604286], [-0.10916050102744818, 35.96695686652276]]]]}, "properties": {"speed": 0.2557, "dir_deg": 127.6, "type": "ضعيف"}}, {"type": "Feature", "geometry": {"type": "MultiPolygon", "coordinates": [[[[-0.0825621464286524, 35.97980454401901], [-0.07301305962985181, 35.96823670319589], [-0.07455543840626742, 35.966963491622714], [-0.084104525205068, 35.97853133244583], [-0.0825621464286524, 35.97980454401901]]], [[[-0.07060122008512609, 35.963744150468266], [-0.07147068085343622, 35.96950991476906], [-0.07609781718268302, 35.96569028004954], [-0.07060122008512609, 35.963744150468266]]]]}, "properties": {"speed": 0.2624, "dir_deg": 140.5, "type": "ضعيف"}}, {"type": "Feature", "geometry": {"type": "MultiPolygon", "coordinates": [[[[-0.04076430930883708, 35.979598924262056], [-0.03429951886431241, 35.96606354526816], [-0.03610423606349845, 35.965201573208894], [-0.04256902650802312, 35.97873695220279], [-0.04076430930883708, 35.979598924262056]]], [[[-0.03304694731573053, 35.96112076624056], [-0.03249480166512637, 35.96692551732743], [-0.03790895326268449, 35.964339601149625], [-0.03304694731573053, 35.96112076624056]]]]}, "properties": {"speed": 0.2175, "dir_deg": 154.5, "type": "ضعيف"}}, {"type": "Feature", "geometry": {"type": "MultiPolygon", "coordinates": [[[[0.0005815728995626254, 35.97998143252404], [0.012783987273825698, 35.9712578390306], [0.011620841474700449, 35.96963085044736], [-0.0005815728995626254, 35.9783544439408], [0.0005815728995626254, 35.97998143252404]]], [[[0.016269885832350766, 35.96753648024117], [0.01394713307295095, 35.97288482761383], [0.010457695675575198, 35.968003861864126], [0.016269885832350766, 35.96753648024117]]]]}, "properties": {"speed": 0.1456, "dir_deg": 125.6, "type": "ضعيف"}}, {"type": "Feature", "geometry": {"type": "MultiPolygon", "coordinates": [[[[0.041098398571795064, 35.97999078084255], [0.053441037723697904, 35.98851482089207], [0.054577576396967975, 35.98686913567182], [0.042234937245065135, 35.978345095622295], [0.041098398571795064, 35.97999078084255]]], [[[0.05812352011096722, 35.99053332496512], [0.05230449905042783, 35.990160506112325], [0.055714115070238046, 35.985223450451564], [0.05812352011096722, 35.99053332496512]]]]}, "properties": {"speed": 0.2214, "dir_deg": 55.4, "type": "ضعيف"}}, {"type": "Feature", "geometry": {"type": "MultiPolygon", "coordinates": [[[[0.08256359950344053, 35.97980630020482], [0.09213902908940151, 35.99135234490612], [0.09367850171624086, 35.99007562096132], [0.08410307213027987, 35.97852957626002], [0.08256359950344053, 35.97980630020482]]], [[[0.09610057526480818, 35.99456266450081], [0.09059955646256218, 35.99262906885091], [0.09521797434308019, 35.98879889701653], [0.09610057526480818, 35.99456266450081]]]]}, "properties": {"speed": 0.2732, "dir_deg": 39.7, "type": "ضعيف"}}, {"type": "Feature", "geometry": {"type": "MultiPolygon", "coordinates": [[[[-0.41702180619327067, 36.02176687129928], [-0.40299966321777714, 36.02709411320995], [-0.4022893642963542, 36.02522449414655], [-0.41631150727184774, 36.01989725223588], [-0.41702180619327067, 36.02176687129928]]], [[[-0.3979704660985678, 36.02793505098181], [-0.4037099621392, 36.02896373227335], [-0.4015790653749313, 36.02335487508315], [-0.3979704660985678, 36.02793505098181]]]]}, "properties": {"speed": 0.432, "dir_deg": 69.2, "type": "متوسط"}}, {"type": "Feature", "geometry": {"type": "MultiPolygon", "coordinates": [[[[-0.37534178324860623, 36.02177184057718], [-0.36124510110461433, 36.02689858930627], [-0.36056153460740187, 36.025019031687066], [-0.37465821675139377, 36.019892282957976], [-0.37534178324860623, 36.02177184057718]]], [[[-0.3562044238080108, 36.0276677267397], [-0.3619286676018268, 36.02877814692547], [-0.3598779681101894, 36.02313947406787], [-0.3562044238080108, 36.0276677267397]]]]}, "properties": {"speed": 0.3895, "dir_deg": 70.0, "type": "متوسط"}}, {"type": "Feature", "geometry": {"type": "MultiPolygon", "coordinates": [[[[-0.3335805569031642, 36.02180102276695], [-0.3190461419125188, 36.0255092273028], [-0.318551714641072, 36.02357130530405], [-0.3330861296317174, 36.019863100768205], [-0.3335805569031642, 36.02180102276695]]], [[[-0.3139541232799136, 36.025776334482046], [-0.3195405691839655, 36.02744714930155], [-0.3180572873696253, 36.0216333833053], [-0.3139541232799136, 36.025776334482046]]]]}, "properties": {"speed": 0.3568, "dir_deg": 75.7, "type": "متوسط"}}, {"type": "Feature", "geometry": {"type": "MultiPolygon", "coordinates": [[[[-0.2918516269950037, 36.02181480588586], [-0.27711046522082455, 36.02458935982253], [-0.2767405246959355, 36.022623871585964], [-0.2914816864701147, 36.019849317649296], [-0.2918516269950037, 36.02181480588586]]], [[[-0.2720117743669869, 36.024531467016466], [-0.2774804057457136, 36.026554848059085], [-0.2763705841710465, 36.02065838334941], [-0.2720117743669869, 36.024531467016466]]]]}, "properties": {"speed": 0.3591, "dir_deg": 79.3, "type": "متوسط"}}, {"type": "Feature", "geometry": {"type": "MultiPolygon", "coordinates": [[[[-0.25010832217111556, 36.02182617760954], [-0.23519658454164788, 36.023451010176274], [-0.23497994019941676, 36.02146277849235], [-0.24989167782888444, 36.019837945925616], [-0.25010832217111556, 36.02182617760954]]], [[[-0.23011768316070974, 36.02299850518989], [-0.235413228883879, 36.025439241860205], [-0.23476329585718564, 36.01947454680842], [-0.23011768316070974, 36.02299850518989]]]]}, "properties": {"speed": 0.3693, "dir_deg": 83.8, "type": "متوسط"}}, {"type": "Feature", "geometry": {"type": "MultiPolygon", "coordinates": [[[[-0.20833741292951932, 36.02183205342571], [-0.19333753805746767, 36.02189332187431], [-0.19332936893098823, 36.01989333855804], [-0.20832924380303988, 36.019832070109445], [-0.20833741292951932, 36.02183205342571]]], [[[-0.18833349520354406, 36.020913753032374], [-0.1933457071839471, 36.02389330519058], [-0.1933211998045088, 36.01789335524177], [-0.18833349520354406, 36.020913753032374]]]]}, "properties": {"speed": 0.3777, "dir_deg": 89.8, "type": "متوسط"}}, {"type": "Feature", "geometry": {"type": "MultiPolygon", "coordinates": [[[[-0.16655152088946013, 36.021825409796264], [-0.15165130045915545, 36.02009814863236], [-0.151881601947676, 36.018111452574985], [-0.16678182237798067, 36.01983871373889], [-0.16655152088946013, 36.021825409796264]]], [[[-0.14679971105998083, 36.01852904688237], [-0.15142099897063493, 36.02208484468973], [-0.15211190343619652, 36.01612475651761], [-0.14679971105998083, 36.01852904688237]]]]}, "properties": {"speed": 0.3931, "dir_deg": 96.6, "type": "متوسط"}}, {"type": "Feature", "geometry": {"type": "MultiPolygon", "coordinates": [[[[-0.12476571650043046, 36.02180423008728], [-0.11018319170492175, 36.01828997759373], [-0.11065175870406083, 36.016345640954334], [-0.12523428349956953, 36.01985989344788], [-0.12476571650043046, 36.02180423008728]]], [[[-0.10555663360598838, 36.01614639177619], [-0.10971462470578267, 36.020234314233136], [-0.11112032570319991, 36.01440130431493], [-0.10555663360598838, 36.01614639177619]]]]}, "properties": {"speed": 0.421, "dir_deg": 103.5, "type": "متوسط"}}, {"type": "Feature", "geometry": {"type": "MultiPolygon", "coordinates": [[[[-0.0829955255466792, 36.02177327599471], [-0.06887731213966289, 36.01670612194199], [-0.06955293268002488, 36.01482369348773], [-0.0836711460870412, 36.019890847540445], [-0.0829955255466792, 36.02177327599471]]], [[[-0.06450905127417178, 36.01407585636396], [-0.06820169159930091, 36.01858855039627], [-0.07022855322038686, 36.012941265033454], [-0.06450905127417178, 36.01407585636396]]]]}, "properties": {"speed": 0.4469, "dir_deg": 109.7, "type": "متوسط"}}, {"type": "Feature", "geometry": {"type": "MultiPolygon", "coordinates": [[[[-0.04120611107059485, 36.02171969198288], [-0.027891657841013107, 36.01481133941535], [-0.0288127715166836, 36.01303607898475], [-0.042127224746265346, 36.019944431552275], [-0.04120611107059485, 36.02171969198288]]], [[[-0.023914063602321102, 36.011620925010874], [-0.026970544165342617, 36.016586599845965], [-0.02973388519235409, 36.011260818554135], [-0.023914063602321102, 36.011620925010874]]]]}, "properties": {"speed": 0.4248, "dir_deg": 117.4, "type": "متوسط"}}, {"type": "Feature", "geometry": {"type": "MultiPolygon", "coordinates": [[[[0.0006142810870199153, 36.02162114905434], [0.012450590388451973, 36.012406932749045], [0.011222028214412143, 36.01082875817552], [-0.0006142810870199153, 36.020042974480816], [0.0006142810870199153, 36.02162114905434]]], [[[0.015781745735242745, 36.00854644002718], [0.013679152562491803, 36.01398510732257], [0.009993466040372313, 36.009250583602], [0.015781745735242745, 36.00854644002718]]]]}, "properties": {"speed": 0.3485, "dir_deg": 127.9, "type": "متوسط"}}, {"type": "Feature", "geometry": {"type": "MultiPolygon", "coordinates": [[[[0.041288456175226695, 36.021757780885274], [0.05517424294066196, 36.02743095688332], [0.05593066640706877, 36.02557951864793], [0.042044879641633504, 36.01990634264988], [0.041288456175226695, 36.021757780885274]]], [[[0.0601810502623438, 36.028396296431644], [0.054417819474255155, 36.02928239511871], [0.05668708987347558, 36.02372808041254], [0.0601810502623438, 36.028396296431644]]]]}, "properties": {"speed": 0.1396, "dir_deg": 67.8, "type": "ضعيف"}}, {"type": "Feature", "geometry": {"type": "MultiPolygon", "coordinates": [[[[0.08234292929291454, 36.0209702461275], [0.08441569469168059, 36.035826343986685], [0.08639650773957191, 36.035549975266846], [0.08432374234080586, 36.02069387740766], [0.08234292929291454, 36.0209702461275]]], [[[0.08609702301521494, 36.04064019224649], [0.08243488164378927, 36.036102712706516], [0.08837732078746323, 36.035273606547015], [0.08609702301521494, 36.04064019224649]]]]}, "properties": {"speed": 0.3125, "dir_deg": 7.9, "type": "متوسط"}}, {"type": "Feature", "geometry": {"type": "MultiPolygon", "coordinates": [[[[-0.4169983986362677, 36.06344337018679], [-0.4028478458344204, 36.068419498742415], [-0.4021843620270034, 36.06653275836884], [-0.4163349148288507, 36.06155662981321], [-0.4169983986362677, 36.06344337018679]]], [[[-0.3977992529967628, 36.06913483807417], [-0.4035113296418374, 36.07030623911599], [-0.40152087821958643, 36.06464601799526], [-0.3977992529967628, 36.06913483807417]]]]}, "properties": {"speed": 0.4413, "dir_deg": 70.6, "type": "متوسط"}}, {"type": "Feature", "geometry": {"type": "MultiPolygon", "coordinates": [[[[-0.37531697099936895, 36.06344843523003], [-0.3610904425489427, 36.068203000220564], [-0.3604565005502048, 36.066306129760505], [-0.37468302900063105, 36.06155156476997], [-0.37531697099936895, 36.06344843523003]]], [[[-0.3560312953994316, 36.06883941998738], [-0.3617243845476805, 36.07009987068062], [-0.35982255855146694, 36.06440925930045], [-0.3560312953994316, 36.06883941998738]]]]}, "properties": {"speed": 0.4243, "dir_deg": 71.5, "type": "متوسط"}}, {"type": "Feature", "geometry": {"type": "MultiPolygon", "coordinates": [[[[-0.33358418376925414, 36.063468028430705], [-0.3190637573087037, 36.067230635957905], [-0.318562076305077, 36.065294579096495], [-0.33308250276562745, 36.061531971569295], [-0.33358418376925414, 36.063468028430705]]], [[[-0.3139727746533735, 36.06751681003627], [-0.3195654383123304, 36.06916669281931], [-0.31806039530145025, 36.06335852223509], [-0.3139727746533735, 36.06751681003627]]]]}, "properties": {"speed": 0.4289, "dir_deg": 75.5, "type": "متوسط"}}, {"type": "Feature", "geometry": {"type": "MultiPolygon", "coordinates": [[[[-0.29184477155382316, 36.06348400971054], [-0.27708462589565375, 36.0661557320295], [-0.27672839625312584, 36.064187712608415], [-0.29148854191129525, 36.06151599028946], [-0.29184477155382316, 36.06348400971054]]], [[[-0.2719864625216667, 36.06606229642528], [-0.2774408555381816, 36.06812375145059], [-0.276372166610598, 36.06221969318732], [-0.2719864625216667, 36.06606229642528]]]]}, "properties": {"speed": 0.4536, "dir_deg": 79.7, "type": "متوسط"}}, {"type": "Feature", "geometry": {"type": "MultiPolygon", "coordinates": [[[[-0.25010945111871474, 36.06349399217935], [-0.2351995684284411, 36.065135758960075], [-0.23498066619101163, 36.06314777460137], [-0.24989054888128526, 36.06150600782065], [-0.25010945111871474, 36.06349399217935]]], [[[-0.2301201564129685, 36.064689022374296], [-0.23541847066587057, 36.067123743318774], [-0.23476176395358217, 36.06115979024267], [-0.2301201564129685, 36.064689022374296]]]]}, "properties": {"speed": 0.4825, "dir_deg": 83.7, "type": "متوسط"}}, {"type": "Feature", "geometry": {"type": "MultiPolygon", "coordinates": [[[[-0.2083527955949053, 36.06349981049555], [-0.19335563816167256, 36.06379181892493], [-0.19331670370442117, 36.06179219793383], [-0.2083138611376539, 36.06150018950445], [-0.2083527955949053, 36.06349981049555]]], [[[-0.18833711845530263, 36.06288934457251], [-0.19339457261892393, 36.06579143991603], [-0.1932777692471698, 36.05979257694273], [-0.18833711845530263, 36.06288934457251]]]]}, "properties": {"speed": 0.5015, "dir_deg": 88.9, "type": "متوسط"}}, {"type": "Feature", "geometry": {"type": "MultiPolygon", "coordinates": [[[[-0.16662698222579553, 36.063499212065025], [-0.15163880125036763, 36.06290387094615], [-0.15171818006621737, 36.0609054468161], [-0.16670636104164527, 36.061500787934975], [-0.16662698222579553, 36.063499212065025]]], [[[-0.14668243033314987, 36.0617062118415], [-0.15155942243451787, 36.06490229507621], [-0.15179755888206714, 36.05890702268604], [-0.14668243033314987, 36.0617062118415]]]]}, "properties": {"speed": 0.5161, "dir_deg": 92.3, "type": "متوسط"}}, {"type": "Feature", "geometry": {"type": "MultiPolygon", "coordinates": [[[[-0.12487508204610487, 36.06349216707504], [-0.1099925759204956, 36.061618397766615], [-0.11024241182828587, 36.059634063616535], [-0.12512491795389513, 36.06150783292496], [-0.12487508204610487, 36.06349216707504]]], [[[-0.10515665849918765, 36.060001640922096], [-0.10974274001270534, 36.063602731916696], [-0.11049224773607613, 36.057649729466455], [-0.10515665849918765, 36.060001640922096]]]]}, "properties": {"speed": 0.5312, "dir_deg": 97.2, "type": "متوسط"}}, {"type": "Feature", "geometry": {"type": "MultiPolygon", "coordinates": [[[[-0.08317010700995475, 36.06348658824066], [-0.06837128340014878, 36.06103815613707], [-0.06869774101395967, 36.05906497965576], [-0.08349656462376565, 36.06151341175934], [-0.08317010700995475, 36.06348658824066]]], [[[-0.06360157100378558, 36.05923542386189], [-0.06804482578633789, 36.06301133261838], [-0.06902419862777057, 36.05709180317445], [-0.06360157100378558, 36.05923542386189]]]]}, "properties": {"speed": 0.5405, "dir_deg": 99.4, "type": "متوسط"}}, {"type": "Feature", "geometry": {"type": "MultiPolygon", "coordinates": [[[[-0.04141665996892476, 36.063468243786545], [-0.026893003170739734, 36.059718124693966], [-0.02739301904975041, 36.057781637120875], [-0.04191667584793544, 36.061531756213455], [-0.04141665996892476, 36.063468243786545]]], [[[-0.022301792177516724, 36.057499841209896], [-0.02639298729172905, 36.061654612267056], [-0.027893034928761093, 36.055845149547785], [-0.022301792177516724, 36.057499841209896]]]]}, "properties": {"speed": 0.522, "dir_deg": 104.5, "type": "متوسط"}}, {"type": "Feature", "geometry": {"type": "MultiPolygon", "coordinates": [[[[0.00026813832236382765, 36.06346338042334], [0.014718844672503954, 36.05944130558789], [0.014182568027776298, 36.0575145447412], [-0.00026813832236382765, 36.06153661957666], [0.00026813832236382765, 36.06346338042334]]], [[[0.019267608466853502, 36.05713723355272], [0.015255121317231609, 36.061368066434575], [0.013646291383048643, 36.05558778389452], [0.019267608466853502, 36.05713723355272]]]]}, "properties": {"speed": 0.4541, "dir_deg": 105.6, "type": "متوسط"}}, {"type": "Feature", "geometry": {"type": "MultiPolygon", "coordinates": [[[[0.041851669050659374, 36.06348273830564], [0.056592743635272245, 36.0607077211722], [0.0562227413508137, 36.058742244560925], [0.041481666766200825, 36.06151726169436], [0.041851669050659374, 36.06348273830564]]], [[[0.06132143402124726, 36.05879997715542], [0.05696274591973079, 36.06267319778348], [0.055852739066355156, 36.05677676794964], [0.06132143402124726, 36.05879997715542]]]]}, "properties": {"speed": 0.3126, "dir_deg": 100.7, "type": "متوسط"}}, {"type": "Feature", "geometry": {"type": "MultiPolygon", "coordinates": [[[[0.0825271844722396, 36.06309170939621], [0.09140282541543022, 36.07518397956552], [0.09301512810467143, 36.0740005607731], [0.0841394871614808, 36.06190829060379], [0.0825271844722396, 36.06309170939621]]], [[[0.09516752374111435, 36.07862302689241], [0.08979052272618904, 36.07636739835795], [0.09462743079391261, 36.07281714198067], [0.09516752374111435, 36.07862302689241]]]]}, "properties": {"speed": 0.5047, "dir_deg": 36.3, "type": "متوسط"}}, {"type": "Feature", "geometry": {"type": "MultiPolygon", "coordinates": [[[[0.12427753562039898, 36.063191408143], [0.1346486577654098, 36.07402837383702], [0.13609358652461184, 36.07264555755102], [0.12572246437960102, 36.061808591857], [0.12427753562039898, 36.063191408143]]], [[[0.1388281628600144, 36.07694928759202], [0.13320372900620775, 36.07541119012302], [0.1375385152838139, 36.071262741265016], [0.1388281628600144, 36.07694928759202]]]]}, "properties": {"speed": 0.5502, "dir_deg": 43.7, "type": "متوسط"}}, {"type": "Feature", "geometry": {"type": "MultiPolygon", "coordinates": [[[[-0.41692224003305467, 36.10513472527025], [-0.4024204344656688, 36.108968474777676], [-0.40190926786467784, 36.107034900702025], [-0.41641107343206374, 36.1032011511946], [-0.41692224003305467, 36.10513472527025]]], [[[-0.3973309159760447, 36.10927960424233], [-0.4029316010666597, 36.110902048853326], [-0.4013981012636869, 36.105101326626375], [-0.3973309159760447, 36.10927960424233]]]]}, "properties": {"speed": 0.4911, "dir_deg": 75.2, "type": "متوسط"}}, {"type": "Feature", "geometry": {"type": "MultiPolygon", "coordinates": [[[[-0.3752126945398374, 36.10514505697276], [-0.3605559134347395, 36.10833547507032], [-0.36013052435506465, 36.106381237589645], [-0.3747873054601626, 36.103190819492085], [-0.3752126945398374, 36.10514505697276]]], [[[-0.35545762519320273, 36.10842182902917], [-0.36098130251441424, 36.110289712551], [-0.3597051352753899, 36.10442700010896], [-0.35545762519320273, 36.10842182902917]]]]}, "properties": {"speed": 0.5029, "dir_deg": 77.7, "type": "متوسط"}}, {"type": "Feature", "geometry": {"type": "MultiPolygon", "coordinates": [[[[-0.333498328746964, 36.10515423422833], [-0.3187038888083262, 36.10762901642118], [-0.31837391784927976, 36.10565642442936], [-0.3331683577879176, 36.103181642236514], [-0.333498328746964, 36.10515423422833]]], [[[-0.31360742334925706, 36.10746764782289], [-0.31903385976737264, 36.109601608413], [-0.3180439468902333, 36.10368383243754], [-0.31360742334925706, 36.10746764782289]]]]}, "properties": {"speed": 0.5159, "dir_deg": 80.5, "type": "متوسط"}}, {"type": "Feature", "geometry": {"type": "MultiPolygon", "coordinates": [[[[-0.291765918145235, 36.10516299962347], [-0.2768399972795209, 36.106651920813604], [-0.2766414744541693, 36.104661798031515], [-0.2915673953198834, 36.10317287684138], [-0.291765918145235, 36.10516299962347]]], [[[-0.27176542891160704, 36.10615316648594], [-0.27703852010487257, 36.1086420435957], [-0.27644295162881766, 36.10267167524942], [-0.27176542891160704, 36.10615316648594]]]]}, "properties": {"speed": 0.5504, "dir_deg": 84.3, "type": "متوسط"}}, {"type": "Feature", "geometry": {"type": "MultiPolygon", "coordinates": [[[[-0.25003476125128216, 36.1051673338775], [-0.2350438265750489, 36.105688752646735], [-0.2349743040724846, 36.10368996135657], [-0.24996523874871784, 36.10316854258734], [-0.25003476125128216, 36.1051673338775]]], [[[-0.2300120870983557, 36.10486316325807], [-0.23511334907761325, 36.1076875439369], [-0.23490478156992026, 36.10169117006641], [-0.2300120870983557, 36.10486316325807]]]]}, "properties": {"speed": 0.5881, "dir_deg": 88.0, "type": "متوسط"}}, {"type": "Feature", "geometry": {"type": "MultiPolygon", "coordinates": [[[[-0.2082808523915369, 36.10516656041928], [-0.1933015195887439, 36.10437942079814], [-0.1934064715382293, 36.10238217642443], [-0.2083858043410223, 36.103169316045566], [-0.2082808523915369, 36.10516656041928]]], [[[-0.18836088462922224, 36.103118418737566], [-0.19319656763925852, 36.106376665171844], [-0.19351142348771466, 36.10038493205072], [-0.18836088462922224, 36.103118418737566]]]]}, "properties": {"speed": 0.618, "dir_deg": 93.0, "type": "قوي"}}, {"type": "Feature", "geometry": {"type": "MultiPolygon", "coordinates": [[[[-0.16656811705061592, 36.10516306987906], [-0.15164114235098075, 36.1036847511325], [-0.15183825151718972, 36.10169448783922], [-0.16676522621682488, 36.10317280658578], [-0.16656811705061592, 36.10516306987906]]], [[[-0.1467640387008735, 36.10219684657033], [-0.15144403318477181, 36.105675014425785], [-0.15203536068339865, 36.09970422454593], [-0.1467640387008735, 36.10219684657033]]]]}, "properties": {"speed": 0.6362, "dir_deg": 95.7, "type": "قوي"}}, {"type": "Feature", "geometry": {"type": "MultiPolygon", "coordinates": [[[[-0.12483349658447383, 36.105153979110185], [-0.11004288341804029, 36.10265642787729], [-0.11037589024909263, 36.10068434612177], [-0.12516650341552615, 36.10318189735466], [-0.12483349658447383, 36.105153979110185]]], [[[-0.10527918244475527, 36.1008378699219], [-0.10970987658698796, 36.10462850963282], [-0.11070889708014496, 36.09871226436624], [-0.10527918244475527, 36.1008378699219]]]]}, "properties": {"speed": 0.6503, "dir_deg": 99.6, "type": "قوي"}}, {"type": "Feature", "geometry": {"type": "MultiPolygon", "coordinates": [[[[-0.08316235026842962, 36.10515321176918], [-0.06838324721711841, 36.10258842854272], [-0.06872521831397957, 36.100617881469205], [-0.08350432136529078, 36.103182664695666], [-0.08316235026842962, 36.10515321176918]]], [[[-0.06362786508177859, 36.10074822726381], [-0.06804127612025725, 36.10455897561622], [-0.06906718941084074, 36.0986473343957], [-0.06362786508177859, 36.10074822726381]]]]}, "properties": {"speed": 0.6503, "dir_deg": 99.8, "type": "قوي"}}, {"type": "Feature", "geometry": {"type": "MultiPolygon", "coordinates": [[[[-0.04143070312147154, 36.10513969983864], [-0.026854279028230756, 36.10160022803426], [-0.027326208602147867, 36.099656704821825], [-0.04190263269538866, 36.103196176626206], [-0.04143070312147154, 36.10513969983864]]], [[[-0.022231435784109046, 36.09944864249325], [-0.02638234945431364, 36.10354375124669], [-0.027798138176064982, 36.09771318160939], [-0.022231435784109046, 36.09944864249325]]]]}, "properties": {"speed": 0.6364, "dir_deg": 103.6, "type": "قوي"}}, {"type": "Feature", "geometry": {"type": "MultiPolygon", "coordinates": [[[[0.0001407248275850432, 36.10515798698016], [0.014991456043682148, 36.10304711456639], [0.01471000638851206, 36.10106701707091], [-0.0001407248275850432, 36.103177889484684], [0.0001407248275850432, 36.10515798698016]]], [[[0.01980097495479614, 36.10135344168072], [0.015272905698852235, 36.10502721206187], [0.014428556733341974, 36.09908691957543], [0.01980097495479614, 36.10135344168072]]]]}, "properties": {"speed": 0.5947, "dir_deg": 98.1, "type": "قوي"}}, {"type": "Feature", "geometry": {"type": "MultiPolygon", "coordinates": [[[[0.04183110851523828, 36.10515432521877], [0.05662691331042686, 36.10268771611665], [0.056298032096810495, 36.10071494214395], [0.04150222730162192, 36.103181551246074], [0.04183110851523828, 36.10515432521877]]], [[[0.0613944076353482, 36.10087912609626], [0.05695579452404322, 36.10466049008934], [0.05596915088319413, 36.09874216817126], [0.0613944076353482, 36.10087912609626]]]]}, "properties": {"speed": 0.499, "dir_deg": 99.5, "type": "متوسط"}}, {"type": "Feature", "geometry": {"type": "MultiPolygon", "coordinates": [[[[0.08287112629099107, 36.10505470897743], [0.09617268746605849, 36.111987851865464], [0.09709710651779675, 36.110214310375454], [0.08379554534272933, 36.10328116748742], [0.08287112629099107, 36.10505470897743]]], [[[0.1010687507169501, 36.11341212874981], [0.09524826841432021, 36.113761393355475], [0.09802152556953503, 36.108440768885444], [0.1010687507169501, 36.11341212874981]]]]}, "properties": {"speed": 0.5341, "dir_deg": 62.5, "type": "متوسط"}}, {"type": "Feature", "geometry": {"type": "MultiPolygon", "coordinates": [[[[0.12439509067350063, 36.10496423259176], [0.136339506063576, 36.114037872489256], [0.13754932471657474, 36.112445283770576], [0.12560490932649937, 36.10337164387308], [0.12439509067350063, 36.10496423259176]]], [[[0.14092588718676718, 36.11626612476241], [0.1351296874105773, 36.11563046120793], [0.13875914336957346, 36.1108526950519], [0.14092588718676718, 36.11626612476241]]]]}, "properties": {"speed": 0.6886, "dir_deg": 52.8, "type": "قوي"}}, {"type": "Feature", "geometry": {"type": "MultiPolygon", "coordinates": [[[[0.16592919971485667, 36.10484331602957], [0.1760598666721541, 36.11590539481253], [0.17753481050988154, 36.11455463921823], [0.16740414355258412, 36.10349256043527], [0.16592919971485667, 36.10484331602957]]], [[[0.18017422757678364, 36.118917376609694], [0.17458492283442664, 36.11725615040684], [0.179009754347609, 36.11320388362392], [0.18017422757678364, 36.118917376609694]]]]}, "properties": {"speed": 0.8239, "dir_deg": 42.5, "type": "قوي"}}, {"type": "Feature", "geometry": {"type": "MultiPolygon", "coordinates": [[[[-0.41681813975874155, 36.14682052162654], [-0.4019912418743156, 36.14909276701927], [-0.40168827582195094, 36.14711584730135], [-0.41651517370637686, 36.14484360190862], [-0.41681813975874155, 36.14682052162654]]], [[[-0.3968974595533246, 36.14886172229122], [-0.40229420792668025, 36.151069686737195], [-0.4013853097695863, 36.145138927583425], [-0.3968974595533246, 36.14886172229122]]]]}, "properties": {"speed": 0.5854, "dir_deg": 81.3, "type": "متوسط"}}, {"type": "Feature", "geometry": {"type": "MultiPolygon", "coordinates": [[[[-0.37508606729934013, 36.14682835109302], [-0.36014172741775063, 36.148119360583124], [-0.35996959281907037, 36.14612678193224], [-0.37491393270065987, 36.144835772442136], [-0.37508606729934013, 36.14682835109302]]], [[[-0.355074213491214, 36.14755340775438], [-0.3603138620164309, 36.150111939234], [-0.3597974582203901, 36.14413420328136], [-0.355074213491214, 36.14755340775438]]]]}, "properties": {"speed": 0.6156, "dir_deg": 85.1, "type": "قوي"}}, {"type": "Feature", "geometry": {"type": "MultiPolygon", "coordinates": [[[[-0.33336348938956406, 36.14683160726995], [-0.31837030685391776, 36.1472837991018], [-0.31831001460967123, 36.14528470809705], [-0.33330319714531753, 36.144832516265204], [-0.33336348938956406, 36.14683160726995]]], [[[-0.3133424332199124, 36.146434984210046], [-0.31843059909816435, 36.149282890106555], [-0.31824972236542465, 36.143285617092296], [-0.3133424332199124, 36.146434984210046]]]]}, "properties": {"speed": 0.6517, "dir_deg": 88.3, "type": "قوي"}}, {"type": "Feature", "geometry": {"type": "MultiPolygon", "coordinates": [[[[-0.2916375704755569, 36.1468316386729], [-0.2766439168957232, 36.14639534481787], [-0.27670208940972785, 36.144396191007225], [-0.2916957429895615, 36.144832484862256], [-0.2916375704755569, 36.1468316386729]]], [[[-0.2716751186261143, 36.145250336627534], [-0.2765857443817186, 36.14839449862851], [-0.27676026192373243, 36.14239703719658], [-0.2716751186261143, 36.145250336627534]]]]}, "properties": {"speed": 0.6896, "dir_deg": 91.7, "type": "قوي"}}, {"type": "Feature", "geometry": {"type": "MultiPolygon", "coordinates": [[[[-0.24992243778233794, 36.14682904928124], [-0.23496762507745755, 36.14566561601631], [-0.23512274951278167, 36.14367164098899], [-0.2500775622176621, 36.14483507425392], [-0.24992243778233794, 36.14682904928124]]], [[[-0.23006024972682615, 36.144280817414334], [-0.2348125006421334, 36.14765959104363], [-0.23527787394810581, 36.14167766596167], [-0.23006024972682615, 36.144280817414334]]]]}, "properties": {"speed": 0.7253, "dir_deg": 94.4, "type": "قوي"}}, {"type": "Feature", "geometry": {"type": "MultiPolygon", "coordinates": [[[[-0.20818383796849307, 36.146820824944975], [-0.19335239030758802, 36.144578468978175], [-0.19365137110316108, 36.14260094262338], [-0.20848281876406613, 36.14484329859018], [-0.20818383796849307, 36.146820824944975]]], [[[-0.1885580648184062, 36.14284225381185], [-0.19305340951201497, 36.14655599533296], [-0.19395035189873414, 36.140623416268596], [-0.1885580648184062, 36.14284225381185]]]]}, "properties": {"speed": 0.7629, "dir_deg": 98.6, "type": "قوي"}}, {"type": "Feature", "geometry": {"type": "MultiPolygon", "coordinates": [[[[-0.16648183466831998, 36.14681483096542], [-0.15174029670073155, 36.14404227648441], [-0.1521099706315324, 36.14207673808873], [-0.16685150859912082, 36.14484929256974], [-0.16648183466831998, 36.14681483096542]]], [[[-0.14701128767693583, 36.142135322459566], [-0.15137062276993068, 36.14600781488009], [-0.15247964456233326, 36.14011119969305], [-0.14701128767693583, 36.142135322459566]]]]}, "properties": {"speed": 0.7818, "dir_deg": 100.7, "type": "قوي"}}, {"type": "Feature", "geometry": {"type": "MultiPolygon", "coordinates": [[[[-0.12475764850545035, 36.14680225028178], [-0.11020482079241982, 36.14316697786354], [-0.11068952378151913, 36.14122660083513], [-0.12524235149454965, 36.144861873253376], [-0.12475764850545035, 36.14680225028178]]], [[[-0.10559622971595929, 36.14098503187658], [-0.10972011780332053, 36.14510735489194], [-0.11117422677061842, 36.13928622380673], [-0.10559622971595929, 36.14098503187658]]]]}, "properties": {"speed": 0.7902, "dir_deg": 104.0, "type": "قوي"}}, {"type": "Feature", "geometry": {"type": "MultiPolygon", "coordinates": [[[[-0.08310016976100772, 36.14680449870147], [-0.06851361575262058, 36.14330700786368], [-0.06897994786432554, 36.1413621339959], [-0.08356650187271268, 36.144859624833686], [-0.08310016976100772, 36.14680449870147]]], [[[-0.06388459713901068, 36.14116874065053], [-0.06804728364091563, 36.14525188173147], [-0.06944627997603049, 36.13941726012811], [-0.06388459713901068, 36.14116874065053]]]]}, "properties": {"speed": 0.7699, "dir_deg": 103.5, "type": "قوي"}}, {"type": "Feature", "geometry": {"type": "MultiPolygon", "coordinates": [[[[-0.041412161449229226, 36.14679913284161], [-0.02690609533878314, 36.142981535953595], [-0.027415108257184892, 36.141047393805536], [-0.04192117436763097, 36.14486499069355], [-0.041412161449229226, 36.14679913284161]]], [[[-0.02232524642783532, 36.14074193258356], [-0.026397082420381388, 36.144915678101654], [-0.027924121175586642, 36.13911325165748], [-0.02232524642783532, 36.14074193258356]]]]}, "properties": {"speed": 0.7438, "dir_deg": 104.7, "type": "قوي"}}, {"type": "Feature", "geometry": {"type": "MultiPolygon", "coordinates": [[[[0.00015142633463170307, 36.146820530312944], [0.01497845451513712, 36.14454913529347], [0.014675601845873711, 36.142572198202735], [-0.00015142633463170307, 36.14484359322221], [0.00015142633463170307, 36.146820530312944]]], [[[0.019769370907340555, 36.14280353507495], [0.015281307184400525, 36.146526072384205], [0.014372749176610305, 36.140595261112], [0.019769370907340555, 36.14280353507495]]]]}, "properties": {"speed": 0.6883, "dir_deg": 98.7, "type": "قوي"}}, {"type": "Feature", "geometry": {"type": "MultiPolygon", "coordinates": [[[[0.04175541558767363, 36.14682811590739], [0.05669622768479539, 36.14549690071874], [0.05651873232630833, 36.14350479243912], [0.04157792022918657, 36.14483600762777], [0.04175541558767363, 36.14682811590739]]], [[[0.061587750704592444, 36.14405710818271], [0.05687372304328244, 36.147489008998356], [0.05634123696782128, 36.1415126841595], [0.061587750704592444, 36.14405710818271]]]]}, "properties": {"speed": 0.647, "dir_deg": 95.1, "type": "قوي"}}, {"type": "Feature", "geometry": {"type": "MultiPolygon", "coordinates": [[[[0.08316688456857627, 36.14681811145291], [0.09795762984856679, 36.149314880177165], [0.09829053234513466, 36.147342780806504], [0.08349978706514413, 36.14484601208225], [0.08316688456857627, 36.14681811145291]]], [[[0.10305432952351423, 36.14916108673326], [0.09762472735199891, 36.151286979547834], [0.09862343484170254, 36.145370681435836], [0.10305432952351423, 36.14916108673326]]]]}, "properties": {"speed": 0.6036, "dir_deg": 80.4, "type": "قوي"}}, {"type": "Feature", "geometry": {"type": "MultiPolygon", "coordinates": [[[[0.12456622192525066, 36.146733081513126], [0.13808151810846547, 36.15323975263436], [0.13894907425796416, 36.15143771314327], [0.12543377807474934, 36.14493104202203], [0.12456622192525066, 36.146733081513126]]], [[[0.14302039491095309, 36.15450762326257], [0.13721396195896682, 36.15504179212546], [0.1398166304074628, 36.14963567365217], [0.14302039491095309, 36.15450762326257]]]]}, "properties": {"speed": 0.6208, "dir_deg": 64.3, "type": "قوي"}}, {"type": "Feature", "geometry": {"type": "MultiPolygon", "coordinates": [[[[0.16599968083322164, 36.146577127719056], [0.17717567010537355, 36.15658198972654], [0.17850965170637106, 36.155091857823585], [0.16733366243421915, 36.1450869958161], [0.16599968083322164, 36.146577127719056]]], [[[0.18156799066325627, 36.15917187777755], [0.175841688504376, 36.158072121629495], [0.1798436333073686, 36.15360172592063], [0.18156799066325627, 36.15917187777755]]]]}, "properties": {"speed": 0.9198, "dir_deg": 48.2, "type": "قوي"}}, {"type": "Feature", "geometry": {"type": "MultiPolygon", "coordinates": [[[[0.20771048461585767, 36.14661440802248], [0.21944567843939874, 36.15595706427881], [0.2206913659402426, 36.154392371769006], [0.20895617211670153, 36.14504971551268], [0.20771048461585767, 36.14661440802248]]], [[[0.22398025346433437, 36.15828893677602], [0.21819999093855488, 36.15752175678862], [0.22193705344108647, 36.1528276792592], [0.22398025346433437, 36.15828893677602]]]]}, "properties": {"speed": 0.8707, "dir_deg": 51.5, "type": "قوي"}}, {"type": "Feature", "geometry": {"type": "MultiPolygon", "coordinates": [[[[0.24945979538506502, 36.14667359547101], [0.26208280093646463, 36.154776664695035], [0.2631632101663346, 36.153093597288176], [0.250540204614935, 36.14499052806415], [0.24945979538506502, 36.14667359547101]]], [[[0.2668306740685328, 36.15663615406628], [0.26100239170659467, 36.15645973210189], [0.26424361939620455, 36.151410529881325], [0.2668306740685328, 36.15663615406628]]]]}, "properties": {"speed": 0.6617, "dir_deg": 57.3, "type": "قوي"}}, {"type": "Feature", "geometry": {"type": "MultiPolygon", "coordinates": [[[[-0.41672761699779876, 36.188498140193595], [-0.4017555140939334, 36.189412544172185], [-0.4016335935634543, 36.187416263784996], [-0.41660569646731965, 36.186501859806405], [-0.41672761699779876, 36.188498140193595]]], [[[-0.3967038528607388, 36.18871920530479], [-0.4018774346244125, 36.19140882455937], [-0.4015116730329752, 36.185419983397814], [-0.3967038528607388, 36.18871920530479]]]]}, "properties": {"speed": 0.6515, "dir_deg": 86.5, "type": "قوي"}}, {"type": "Feature", "geometry": {"type": "MultiPolygon", "coordinates": [[[[-0.37499749118673237, 36.188499996852926], [-0.35999753839288673, 36.18846236465391], [-0.360002556019422, 36.18646237094806], [-0.37500250881326763, 36.186500003147074], [-0.37499749118673237, 36.188499996852926]]], [[[-0.3550000629415392, 36.187449823734646], [-0.3599925207663515, 36.19046235835975], [-0.3600075736459572, 36.18446237724221], [-0.3550000629415392, 36.187449823734646]]]]}, "properties": {"speed": 0.6914, "dir_deg": 90.1, "type": "قوي"}}, {"type": "Feature", "geometry": {"type": "MultiPolygon", "coordinates": [[[[-0.3332732009811061, 36.18849818981431], [-0.3183003537664395, 36.18759605551929], [-0.31842063833910894, 36.18559967589067], [-0.3333934855537755, 36.18650181018569], [-0.3332732009811061, 36.18849818981431]]], [[[-0.3133695469812187, 36.186297154273305], [-0.3181800691937701, 36.189592435147915], [-0.3185409229117783, 36.18360329626205], [-0.3133695469812187, 36.186297154273305]]]]}, "properties": {"speed": 0.7327, "dir_deg": 93.4, "type": "قوي"}}, {"type": "Feature", "geometry": {"type": "MultiPolygon", "coordinates": [[[[-0.2915460512494634, 36.1884927005175], [-0.2766555434869448, 36.18668361827106], [-0.2768967544531364, 36.18469821723606], [-0.291787262215655, 36.1865072994825], [-0.2915460512494634, 36.1884927005175]]], [[[-0.2718126463825344, 36.18508789033808], [-0.2764143325207532, 36.18866901930606], [-0.277137965419328, 36.18271281620106], [-0.2718126463825344, 36.18508789033808]]]]}, "properties": {"speed": 0.7706, "dir_deg": 96.9, "type": "قوي"}}, {"type": "Feature", "geometry": {"type": "MultiPolygon", "coordinates": [[[[-0.2498317387053549, 36.1884857424292], [-0.2350456022673607, 36.18596182300953], [-0.2353821248566509, 36.183990338151126], [-0.2501682612946451, 36.1865142575708], [-0.2498317387053549, 36.1884857424292]]], [[[-0.23028515141600772, 36.1841347741071], [-0.2347090796780705, 36.18793330786793], [-0.2357186474459411, 36.182018853292725], [-0.23028515141600772, 36.1841347741071]]]]}, "properties": {"speed": 0.8043, "dir_deg": 99.7, "type": "قوي"}}, {"type": "Feature", "geometry": {"type": "MultiPolygon", "coordinates": [[[[-0.20810836964318086, 36.18847436829428], [-0.19349284522895266, 36.1850999874478], [-0.19394276267515015, 36.18315125085924], [-0.20855828708937835, 36.18652563170572], [-0.20810836964318086, 36.18847436829428]]], [[[-0.188845962480642, 36.18300082553802], [-0.19304292778275514, 36.187048724036366], [-0.19439268012134767, 36.18120251427067], [-0.188845962480642, 36.18300082553802]]]]}, "properties": {"speed": 0.8329, "dir_deg": 103.0, "type": "قوي"}}, {"type": "Feature", "geometry": {"type": "MultiPolygon", "coordinates": [[[[-0.1664026854978671, 36.18846452647453], [-0.15193478837985513, 36.184504734436736], [-0.15246276065156172, 36.18257568148767], [-0.1669306577695737, 36.18653547352547], [-0.1664026854978671, 36.18846452647453]]], [[[-0.14737614214303776, 36.18222027728294], [-0.15140681610814852, 36.1864337873858], [-0.15299073292326834, 36.180646628538604], [-0.14737614214303776, 36.18222027728294]]]]}, "properties": {"speed": 0.8397, "dir_deg": 105.3, "type": "قوي"}}, {"type": "Feature", "geometry": {"type": "MultiPolygon", "coordinates": [[[[-0.12468764788972755, 36.18844996639899], [-0.11043815190489079, 36.18376468474491], [-0.11106285612543568, 36.181864751946925], [-0.12531235211027245, 36.18655003360101], [-0.12468764788972755, 36.18844996639899]]], [[[-0.10600067202021765, 36.18125295779455], [-0.10981344768434591, 36.18566461754288], [-0.11168756034598055, 36.17996481914895], [-0.10600067202021765, 36.18125295779455]]]]}, "properties": {"speed": 0.8318, "dir_deg": 108.2, "type": "قوي"}}, {"type": "Feature", "geometry": {"type": "MultiPolygon", "coordinates": [[[[-0.08303085422850344, 36.188453155228025], [-0.06873352580817736, 36.18391593140267], [-0.06933848898489088, 36.18200962094662], [-0.08363581740521696, 36.186546844771975], [-0.08303085422850344, 36.188453155228025]]], [[[-0.06427023125642542, 36.181450368232866], [-0.06812856263146384, 36.185822241858716], [-0.0699434521616044, 36.18010331049058], [-0.06427023125642542, 36.181450368232866]]]]}, "properties": {"speed": 0.8033, "dir_deg": 107.6, "type": "قوي"}}, {"type": "Feature", "geometry": {"type": "MultiPolygon", "coordinates": [[[[-0.04137632738242069, 36.188456923392415], [-0.02702247649615221, 36.184101815502274], [-0.02760315754817103, 36.18218796871744], [-0.04195700843443951, 36.186543076607585], [-0.04137632738242069, 36.188456923392415]]], [[[-0.022528200060072126, 36.18169318947981], [-0.026441795444133394, 36.18601566228711], [-0.028183838600189845, 36.180274121932605], [-0.022528200060072126, 36.18169318947981]]]]}, "properties": {"speed": 0.7737, "dir_deg": 106.9, "type": "قوي"}}, {"type": "Feature", "geometry": {"type": "MultiPolygon", "coordinates": [[[[0.00017465363475354178, 36.18848462993448], [0.014944102651902411, 36.18586482541318], [0.014594795382395328, 36.18389556554422], [-0.00017465363475354178, 36.18651537006552], [0.00017465363475354178, 36.18848462993448]]], [[[0.019692598689531826, 36.18400692730493], [0.015293409921409495, 36.18783408528213], [0.014245488112888244, 36.18192630567527], [0.019692598689531826, 36.18400692730493]]]]}, "properties": {"speed": 0.7309, "dir_deg": 100.1, "type": "قوي"}}, {"type": "Feature", "geometry": {"type": "MultiPolygon", "coordinates": [[[[0.04176501014151743, 36.18849515265421], [0.056692299954744216, 36.187020019157906], [0.05649561548856956, 36.18502971384948], [0.04156832567534277, 36.18650484734579], [0.04176501014151743, 36.18849515265421]]], [[[0.06156972099273249, 36.185533155338256], [0.05688898442091888, 36.18901032446634], [0.056298931022394895, 36.18303940854105], [0.06156972099273249, 36.185533155338256]]]]}, "properties": {"speed": 0.6884, "dir_deg": 95.6, "type": "قوي"}}, {"type": "Feature", "geometry": {"type": "MultiPolygon", "coordinates": [[[[0.08317611606009252, 36.188487563642546], [0.09798957069830674, 36.19084585999406], [0.0983040102118421, 36.18887073270897], [0.08349055557362788, 36.186512436357454], [0.08317611606009252, 36.188487563642546]]], [[[0.1030846086678125, 36.19064439513535], [0.09767513118477139, 36.19282098727916], [0.09861844972537745, 36.18689560542387], [0.1030846086678125, 36.19064439513535]]]]}, "properties": {"speed": 0.714, "dir_deg": 81.0, "type": "قوي"}}, {"type": "Feature", "geometry": {"type": "MultiPolygon", "coordinates": [[[[0.12481073168530347, 36.18848192540707], [0.13953961279137148, 36.19132095012752], [0.1399181494207645, 36.18935709931338], [0.1251892683146965, 36.18651807459293], [0.12481073168530347, 36.18848192540707]]], [[[0.14463850814142398, 36.19128536629393], [0.13916107616197843, 36.19328480094166], [0.14029668605015755, 36.18739324849924], [0.14463850814142398, 36.19128536629393]]]]}, "properties": {"speed": 0.6726, "dir_deg": 79.1, "type": "قوي"}}, {"type": "Feature", "geometry": {"type": "MultiPolygon", "coordinates": [[[[0.16609919181095015, 36.188323387303], [0.17845000135601408, 36.19683558464455], [0.17958496100155458, 36.19518881003855], [0.16723415145649065, 36.186676612697], [0.16609919181095015, 36.188323387303]]], [[[0.18313441769380565, 36.1988495964554], [0.17731504171047355, 36.19848235925056], [0.1807199206470951, 36.19354203543254], [0.18313441769380565, 36.1988495964554]]]]}, "properties": {"speed": 0.8362, "dir_deg": 55.4, "type": "قوي"}}, {"type": "Feature", "geometry": {"type": "MultiPolygon", "coordinates": [[[[0.2078124097737657, 36.188353606361254], [0.2206165051925761, 36.19616738524896], [0.22165834237760393, 36.194460172526455], [0.2088542469587935, 36.186646393638746], [0.2078124097737657, 36.188353606361254]]], [[[0.2254054555913602, 36.19791837185028], [0.21957466800754832, 36.19787459797147], [0.22270017956263172, 36.19275295980395], [0.2254054555913602, 36.19791837185028]]]]}, "properties": {"speed": 0.9818, "dir_deg": 58.6, "type": "قوي"}}, {"type": "Feature", "geometry": {"type": "MultiPolygon", "coordinates": [[[[0.24951193704653618, 36.18837280842884], [0.2626040634791535, 36.1956937527308], [0.26358018938608113, 36.19394813587312], [0.2504880629534638, 36.18662719157116], [0.24951193704653618, 36.18837280842884]]], [[[0.26745616857682303, 36.19726125906928], [0.2616279375722258, 36.19743936958848], [0.2645563152930088, 36.19220251901544], [0.26745616857682303, 36.19726125906928]]]]}, "properties": {"speed": 0.8973, "dir_deg": 60.8, "type": "قوي"}}, {"type": "Feature", "geometry": {"type": "MultiPolygon", "coordinates": [[[[0.29097068313789104, 36.18821806737534], [0.30174169376795956, 36.19865767129536], [0.3031336409572959, 36.19722153654468], [0.29236263032722737, 36.18678193262466], [0.29097068313789104, 36.18821806737534]]], [[[0.30602800423931725, 36.20141947189337], [0.30034974657862323, 36.200093806046034], [0.3045255881466322, 36.195785401794005], [0.30602800423931725, 36.20141947189337]]]]}, "properties": {"speed": 0.9734, "dir_deg": 45.9, "type": "قوي"}}, {"type": "Feature", "geometry": {"type": "MultiPolygon", "coordinates": [[[[-0.4166481666959618, 36.23016776727708], [-0.40165073102605503, 36.22989041672812], [-0.4016877110992499, 36.2278907586388], [-0.41668514676915663, 36.22816810918776], [-0.4166481666959618, 36.23016776727708]]], [[[-0.3966700758393502, 36.228798137500476], [-0.40161375095286017, 36.23189007481744], [-0.40172469117244475, 36.225891100549475], [-0.3966700758393502, 36.228798137500476]]]]}, "properties": {"speed": 0.6937, "dir_deg": 91.1, "type": "قوي"}}, {"type": "Feature", "geometry": {"type": "MultiPolygon", "coordinates": [[[[-0.37492813631933514, 36.23016535269562], [-0.35996691937132946, 36.22908739748565], [-0.3601106467326592, 36.22709256855925], [-0.37507186368066486, 36.22817052376922], [-0.37492813631933514, 36.23016535269562]]], [[[-0.35505171073599245, 36.22773066461912], [-0.3598231920099997, 36.23108222641205], [-0.36025437409398897, 36.22509773963285], [-0.35505171073599245, 36.22773066461912]]]]}, "properties": {"speed": 0.7343, "dir_deg": 94.1, "type": "قوي"}}, {"type": "Feature", "geometry": {"type": "MultiPolygon", "coordinates": [[[[-0.3332065535778207, 36.230159867854226], [-0.31832760925080744, 36.22825802250993], [-0.31858118863004764, 36.22627416326632], [-0.3334601329570609, 36.22817600861062], [-0.3332065535778207, 36.230159867854226]]], [[[-0.3134947508314231, 36.22663214444002], [-0.3180740298715673, 36.23024188175353], [-0.3188347680092878, 36.224290304022716], [-0.3134947508314231, 36.22663214444002]]]]}, "properties": {"speed": 0.7768, "dir_deg": 97.3, "type": "قوي"}}, {"type": "Feature", "geometry": {"type": "MultiPolygon", "coordinates": [[[[-0.29148538889192965, 36.23015137199732], [-0.2767338824183679, 36.22743235438788], [-0.277096418099627, 36.22546548685808], [-0.29184792457318876, 36.22818450446752], [-0.29148538889192965, 36.23015137199732]]], [[[-0.27199798143447684, 36.22554258141983], [-0.2763713467371087, 36.22939922191769], [-0.27745895378088614, 36.22349861932827], [-0.27199798143447684, 36.22554258141983]]]]}, "properties": {"speed": 0.8163, "dir_deg": 100.4, "type": "قوي"}}, {"type": "Feature", "geometry": {"type": "MultiPolygon", "coordinates": [[[[-0.24976333793588842, 36.23013953025967], [-0.2351894575271795, 36.226589599297995], [-0.23566278165540266, 36.2246464152435], [-0.2502366620641116, 36.22819634620517], [-0.24976333793588842, 36.23013953025967]]], [[[-0.23056815945505477, 36.22443469695019], [-0.23471613339895633, 36.22853278335249], [-0.23613610578362584, 36.222703231189], [-0.23056815945505477, 36.22443469695019]]]]}, "properties": {"speed": 0.8428, "dir_deg": 103.7, "type": "قوي"}}, {"type": "Feature", "geometry": {"type": "MultiPolygon", "coordinates": [[[[-0.20804856864732252, 36.23012653715922], [-0.19366958474534315, 36.225855141374865], [-0.19423910418325732, 36.223937943521264], [-0.20861808808523669, 36.22820933930562], [-0.20804856864732252, 36.23012653715922]]], [[[-0.1891613498303071, 36.22347274385328], [-0.19310006530742896, 36.22777233922846], [-0.19480862362117152, 36.22202074566767], [-0.1891613498303071, 36.22347274385328]]]]}, "properties": {"speed": 0.8522, "dir_deg": 106.5, "type": "قوي"}}, {"type": "Feature", "geometry": {"type": "MultiPolygon", "coordinates": [[[[-0.1663365368664787, 36.230111872041256], [-0.15217752973398135, 36.22515985053263], [-0.15283779926846475, 36.22327198291496], [-0.1669968064009621, 36.22822400442359], [-0.1663365368664787, 36.230111872041256]]], [[[-0.1477879954570573, 36.22256524288759], [-0.15151726019949796, 36.227047718150295], [-0.15349806880294814, 36.22138411529729], [-0.1477879954570573, 36.22256524288759]]]]}, "properties": {"speed": 0.849, "dir_deg": 109.3, "type": "قوي"}}, {"type": "Feature", "geometry": {"type": "MultiPolygon", "coordinates": [[[[-0.12464669012963361, 36.230103444584884], [-0.11061409484266412, 36.224803796529386], [-0.11132071458339689, 36.22293278382446], [-0.1253533098703664, 36.22823243187996], [-0.12464669012963361, 36.230103444584884]]], [[[-0.10628987295070733, 36.222101740825096], [-0.10990747510193133, 36.22667480923432], [-0.11202733432412967, 36.22106177111953], [-0.10628987295070733, 36.222101740825096]]]]}, "properties": {"speed": 0.8259, "dir_deg": 110.7, "type": "قوي"}}, {"type": "Feature", "geometry": {"type": "MultiPolygon", "coordinates": [[[[-0.08297863758447642, 36.23010291906856], [-0.06895392504241836, 36.2247824455828], [-0.06966332150718592, 36.22291248391053], [-0.08368803404924398, 36.22823295739629], [-0.08297863758447642, 36.23010291906856]]], [[[-0.06463371909411612, 36.22207397358475], [-0.06824452857765081, 36.226652407255074], [-0.07037271797195346, 36.22104252223825], [-0.06463371909411612, 36.22207397358475]]]]}, "properties": {"speed": 0.7969, "dir_deg": 110.8, "type": "قوي"}}, {"type": "Feature", "geometry": {"type": "MultiPolygon", "coordinates": [[[[-0.0413584237409732, 36.23011924550835], [-0.02708881460209064, 36.225495582996494], [-0.027705302937004437, 36.22359296844464], [-0.041974912075887, 36.228216630956496], [-0.0413584237409732, 36.23011924550835]]], [[[-0.022640522389920013, 36.223003054883286], [-0.026472326267176844, 36.22739819754835], [-0.028321791271918233, 36.22169035389279], [-0.022640522389920013, 36.223003054883286]]]]}, "properties": {"speed": 0.7456, "dir_deg": 108.0, "type": "قوي"}}, {"type": "Feature", "geometry": {"type": "MultiPolygon", "coordinates": [[[[0.00022289672011432216, 36.23014278029766], [0.014845527698721162, 36.22679932949595], [0.014399734258492516, 36.22484964536547], [-0.00022289672011432216, 36.22819309616718], [0.00022289672011432216, 36.23014278029766]]], [[[0.01949684130480912, 36.22471000383013], [0.015291321138949805, 36.22874901362643], [0.013953940818263873, 36.22289996123499], [0.01949684130480912, 36.22471000383013]]]]}, "properties": {"speed": 0.699, "dir_deg": 102.9, "type": "قوي"}}, {"type": "Feature", "geometry": {"type": "MultiPolygon", "coordinates": [[[[0.041746487747362594, 36.230164747538815], [0.05669862734326585, 36.22896744995483], [0.05653898766540086, 36.22697383134204], [0.041586848069497605, 36.22817112892603], [0.041746487747362594, 36.230164747538815]]], [[[0.061602854036301107, 36.22757154145377], [0.05685826702113084, 36.230961068567616], [0.05637934798753587, 36.22498021272926], [0.061602854036301107, 36.22757154145377]]]]}, "properties": {"speed": 0.6633, "dir_deg": 94.6, "type": "قوي"}}, {"type": "Feature", "geometry": {"type": "MultiPolygon", "coordinates": [[[[0.08323517676897016, 36.23016310897221], [0.09816273786569314, 36.23163549469056], [0.09835905596147322, 36.22964515321099], [0.08343149486475024, 36.22817276749264], [0.08323517676897016, 36.23016310897221]]], [[[0.10323675061249084, 36.23113111919022], [0.09796641976991308, 36.23362583617012], [0.09855537405725329, 36.227654811731426], [0.10323675061249084, 36.23113111919022]]]]}, "properties": {"speed": 0.6799, "dir_deg": 84.4, "type": "قوي"}}, {"type": "Feature", "geometry": {"type": "MultiPolygon", "coordinates": [[[[0.12475684156358643, 36.23013792481728], [0.13930664033642878, 36.23378530136348], [0.1397929572092559, 36.23184532819377], [0.12524315843641357, 36.228197951647566], [0.12475684156358643, 36.23013792481728]]], [[[0.1443997316971231, 36.23403110696069], [0.13882032346360165, 36.235725274533195], [0.14027927408208304, 36.22990535502406], [0.1443997316971231, 36.23403110696069]]]]}, "properties": {"speed": 0.7306, "dir_deg": 75.9, "type": "قوي"}}, {"type": "Feature", "geometry": {"type": "MultiPolygon", "coordinates": [[[[0.16631894362086005, 36.230105533683066], [0.18038287538055098, 36.23532145387597], [0.18107833140627166, 36.23344626297468], [0.16701439964658074, 36.22823034278178], [0.16631894362086005, 36.230105533683066]]], [[[0.18541858064664163, 36.23612249848963], [0.17968741935483026, 36.23719664477726], [0.18177378743199238, 36.231571072073386], [0.18541858064664163, 36.23612249848963]]]]}, "properties": {"speed": 0.7428, "dir_deg": 69.7, "type": "قوي"}}, {"type": "Feature", "geometry": {"type": "MultiPolygon", "coordinates": [[[[0.20780293416924459, 36.23001568937265], [0.22051920127260893, 36.23797160232817], [0.22157998966667897, 36.23627610004772], [0.20886372256331462, 36.228320187092194], [0.20780293416924459, 36.23001568937265]]], [[[0.2252883511707654, 36.23977582217312], [0.2194584128785389, 36.23966710460862], [0.222640778060749, 36.23458059776727], [0.2252883511707654, 36.23977582217312]]]]}, "properties": {"speed": 0.8952, "dir_deg": 58.0, "type": "قوي"}}, {"type": "Feature", "geometry": {"type": "MultiPolygon", "coordinates": [[[[0.2495407566953934, 36.23005624875649], [0.2628654145564476, 36.23694489832559], [0.2637839011656608, 36.23516827727745], [0.2504592433046066, 36.22827962770835], [0.2495407566953934, 36.23005624875649]]], [[[0.2677662104814056, 36.238352804324556], [0.2619469279472344, 36.23872151937373], [0.264702387774874, 36.23339165622931], [0.2677662104814056, 36.238352804324556]]]]}, "properties": {"speed": 0.9287, "dir_deg": 62.7, "type": "قوي"}}, {"type": "Feature", "geometry": {"type": "MultiPolygon", "coordinates": [[[[0.29102740596815413, 36.22993693658106], [0.30256238119772005, 36.23952569804714], [0.3038408827265302, 36.23798770134986], [0.2923059074969643, 36.22839893988378], [0.29102740596815413, 36.22993693658106]]], [[[0.3070466237053138, 36.241952953520524], [0.30128387966890996, 36.24106369474441], [0.3051193842553403, 36.236449704652586], [0.3070466237053138, 36.241952953520524]]]]}, "properties": {"speed": 1.1203, "dir_deg": 50.3, "type": "قوي"}}, {"type": "Feature", "geometry": {"type": "MultiPolygon", "coordinates": [[[[0.33270270299772536, 36.22994401351885], [0.34434383229423154, 36.239403617564584], [0.3456051128336624, 36.23785146699172], [0.33396398353715623, 36.22839186294599], [0.33270270299772536, 36.22994401351885]]], [[[0.3488548489961157, 36.241780743626734], [0.3430825517548006, 36.240955768137454], [0.34686639337309333, 36.23629931641885], [0.3488548489961157, 36.241780743626734]]]]}, "properties": {"speed": 0.9875, "dir_deg": 50.9, "type": "قوي"}}, {"type": "Feature", "geometry": {"type": "MultiPolygon", "coordinates": [[[[0.37434590089206915, 36.22992434708814], [0.38569203372779376, 36.2397358337071], [0.38700023194365546, 36.23822301599567], [0.37565409910793085, 36.22841152937671], [0.37434590089206915, 36.22992434708814]]], [[[0.3901281771142995, 36.24224992039104], [0.384383835511932, 36.24124865141853], [0.3883084301595172, 36.23671019828424], [0.3901281771142995, 36.24224992039104]]]]}, "properties": {"speed": 0.479, "dir_deg": 49.1, "type": "متوسط"}}, {"type": "Feature", "geometry": {"type": "MultiPolygon", "coordinates": [[[[0.4160503422139208, 36.229955438336624], [0.42786284377692557, 36.2392001561162], [0.4290954728142024, 36.23762515590779], [0.4172829712511976, 36.22838043812822], [0.4160503422139208, 36.229955438336624]]], [[[0.4324166588165656, 36.24149422860519], [0.4266302147396488, 36.240775156324595], [0.4303281018514792, 36.236050155699395], [0.4324166588165656, 36.24149422860519]]]]}, "properties": {"speed": 0.1231, "dir_deg": 52.0, "type": "ضعيف"}}, {"type": "Feature", "geometry": {"type": "MultiPolygon", "coordinates": [[[[-0.41658601871379974, 36.27182880521999], [-0.401634866927587, 36.2706192349386], [-0.4017961429651059, 36.26862574803378], [-0.41674729475131866, 36.26983531831517], [-0.41658601871379974, 36.27182880521999]]], [[[-0.3967317876842755, 36.26921930139239], [-0.401473590890068, 36.27261272184343], [-0.4019574190026249, 36.26663226112895], [-0.3967317876842755, 36.26921930139239]]]]}, "properties": {"speed": 0.7212, "dir_deg": 94.6, "type": "قوي"}}, {"type": "Feature", "geometry": {"type": "MultiPolygon", "coordinates": [[[[-0.37486109464385187, 36.27182236742849], [-0.3600065097301794, 36.26973878708627], [-0.36028432044247566, 36.26775817576444], [-0.37513890535614813, 36.269841756106665], [-0.37486109464385187, 36.27182236742849]]], [[[-0.35519388678177005, 36.268053954644614], [-0.35972869901788307, 36.27171939840809], [-0.360562131154772, 36.26577756444262], [-0.35519388678177005, 36.268053954644614]]]]}, "properties": {"speed": 0.7574, "dir_deg": 98.0, "type": "قوي"}}, {"type": "Feature", "geometry": {"type": "MultiPolygon", "coordinates": [[[[-0.3331359833350445, 36.27181239286322], [-0.3184310169004001, 36.26885199387728], [-0.31882573676519266, 36.266891331686], [-0.3335307031998371, 36.26985173067194], [-0.3331359833350445, 36.27181239286322]]], [[[-0.3137267213545815, 36.26688486311965], [-0.3180362970356075, 36.270812656068564], [-0.31922045662998527, 36.26493066949471], [-0.3137267213545815, 36.26688486311965]]]]}, "properties": {"speed": 0.7892, "dir_deg": 101.4, "type": "قوي"}}, {"type": "Feature", "geometry": {"type": "MultiPolygon", "coordinates": [[[[-0.291417178639199, 36.27180044220983], [-0.2768914720054407, 36.268058270809426], [-0.27739042819216103, 36.26612150992492], [-0.2919161348259194, 36.269863681325326], [-0.291417178639199, 36.27180044220983]]], [[[-0.2722990478875481, 36.26584249990037], [-0.2763925158187204, 36.269995031693924], [-0.27788938437888133, 36.264184749040425], [-0.2722990478875481, 36.26584249990037]]]]}, "properties": {"speed": 0.8152, "dir_deg": 104.4, "type": "قوي"}}, {"type": "Feature", "geometry": {"type": "MultiPolygon", "coordinates": [[[[-0.24969270164688992, 36.27178367498847], [-0.23541850333351477, 36.267174199691816], [-0.23603310003973493, 36.26527097325003], [-0.2503072983531101, 36.26988044854669], [-0.24969270164688992, 36.27178367498847]]], [[[-0.23096773558216646, 36.264686094705375], [-0.2348039066272946, 36.2690774261336], [-0.2366476967459551, 36.26336774680825], [-0.23096773558216646, 36.264686094705375]]]]}, "properties": {"speed": 0.8357, "dir_deg": 107.9, "type": "قوي"}}, {"type": "Feature", "geometry": {"type": "MultiPolygon", "coordinates": [[[[-0.20798217395751867, 36.271768379331874], [-0.1939374104930902, 36.26650106320046], [-0.19463971931061208, 36.264628428071866], [-0.20868448277504054, 36.26989574420328], [-0.20798217395751867, 36.271768379331874]]], [[[-0.189606977080375, 36.26380897359236], [-0.19323510167556832, 36.26837369832905], [-0.19534202812813398, 36.262755792943274], [-0.189606977080375, 36.26380897359236]]]]}, "properties": {"speed": 0.837, "dir_deg": 110.6, "type": "قوي"}}, {"type": "Feature", "geometry": {"type": "MultiPolygon", "coordinates": [[[[-0.1662729874329137, 36.2717513075182], [-0.1524843011735953, 36.2658460445061], [-0.1532716695752087, 36.26400755300485], [-0.1670603558345271, 36.269912816016955], [-0.1662729874329137, 36.2717513075182]]], [[[-0.1482817566212959, 36.262958377751445], [-0.15169693277198187, 36.26768453600734], [-0.15405903797682213, 36.26216906150361], [-0.1482817566212959, 36.262958377751445]]]]}, "properties": {"speed": 0.8192, "dir_deg": 113.2, "type": "قوي"}}, {"type": "Feature", "geometry": {"type": "MultiPolygon", "coordinates": [[[[-0.12459878501068257, 36.27174804568247], [-0.11085902628725228, 36.26572982084271], [-0.11166145626588714, 36.26389785301292], [-0.12540121498931742, 36.269916077852685], [-0.12459878501068257, 36.27174804568247]]], [[[-0.10668032170209293, 36.26280776198123], [-0.11005659630861743, 36.2675617886725], [-0.11246388624452199, 36.26206588518313], [-0.10668032170209293, 36.26280776198123]]]]}, "properties": {"speed": 0.7688, "dir_deg": 113.7, "type": "قوي"}}, {"type": "Feature", "geometry": {"type": "MultiPolygon", "coordinates": [[[[-0.08293140850634609, 36.271747733344654], [-0.06919633485022211, 36.26571882368694], [-0.07000018947125033, 36.26388748053279], [-0.08373526312737431, 36.2699163901905], [-0.08293140850634609, 36.271747733344654]]], [[[-0.06501990427536156, 36.2627935155573], [-0.06839248022919389, 36.26755016684109], [-0.07080404409227856, 36.262056137378636], [-0.06501990427536156, 36.2627935155573]]]]}, "properties": {"speed": 0.7135, "dir_deg": 113.7, "type": "قوي"}}, {"type": "Feature", "geometry": {"type": "MultiPolygon", "coordinates": [[[[-0.041342303483719915, 36.27177799396387], [-0.027153320539334957, 36.26691252759322], [-0.02780204938875532, 36.26502066320063], [-0.041991032333140284, 36.26988612957128], [-0.041342303483719915, 36.27177799396387]]], [[[-0.02274802398258348, 36.26434477327337], [-0.02650459168991459, 36.2688043919858], [-0.028450778238175684, 36.26312879880805], [-0.02274802398258348, 36.26434477327337]]]]}, "properties": {"speed": 0.6459, "dir_deg": 108.9, "type": "قوي"}}, {"type": "Feature", "geometry": {"type": "MultiPolygon", "coordinates": [[[[0.0002742932885041289, 36.271793707852105], [0.014698984556373883, 36.26767930852454], [0.014150397979365625, 36.26575601635549], [-0.0002742932885041289, 36.26987041568305], [0.0002742932885041289, 36.271793707852105]]], [[[0.019232921690493007, 36.265346195997495], [0.01524757113338214, 36.26960260069359], [0.013601811402357368, 36.26383272418644], [0.019232921690493007, 36.265346195997495]]]]}, "properties": {"speed": 0.6042, "dir_deg": 105.9, "type": "قوي"}}, {"type": "Feature", "geometry": {"type": "MultiPolygon", "coordinates": [[[[0.04174979907358715, 36.271828600381674], [0.05669787828499144, 36.27058163290432], [0.056531615954677344, 36.268588555676125], [0.04158353674327305, 36.26983552315348], [0.04174979907358715, 36.271828600381674]]], [[[0.061597440190302485, 36.26916943846444], [0.056864140615305536, 36.2725747101325], [0.05636535362436325, 36.26659547844794], [0.061597440190302485, 36.26916943846444]]]]}, "properties": {"speed": 0.563, "dir_deg": 94.8, "type": "متوسط"}}, {"type": "Feature", "geometry": {"type": "MultiPolygon", "coordinates": [[[[0.08333168999952786, 36.27183206041322], [0.09833166968415392, 36.271856747673205], [0.0983349613188186, 36.269856750381926], [0.08333498163419253, 36.26983206312194], [0.08333168999952786, 36.27183206041322]]], [[[0.10333330872969494, 36.270864978114226], [0.09832837804948924, 36.27385674496449], [0.09833825295348328, 36.26785675309064], [0.10333330872969494, 36.270864978114226]]]]}, "properties": {"speed": 0.5613, "dir_deg": 89.9, "type": "متوسط"}}, {"type": "Feature", "geometry": {"type": "MultiPolygon", "coordinates": [[[[0.12474010738010209, 36.27179769929073], [0.1392246702274091, 36.2756960885892], [0.13974445546720488, 36.2737648135429], [0.1252598926198979, 36.26986642424443], [0.12474010738010209, 36.27179769929073]]], [[[0.14431275046307598, 36.276029914165534], [0.13870488498761327, 36.27762736363551], [0.1402642407070007, 36.27183353849659], [0.14431275046307598, 36.276029914165534]]]]}, "properties": {"speed": 0.6215, "dir_deg": 74.9, "type": "قوي"}}, {"type": "Feature", "geometry": {"type": "MultiPolygon", "coordinates": [[[[0.16642619719364668, 36.27180271723873], [0.18098602926087973, 36.27540983383983], [0.18146697814102716, 36.27346852289753], [0.16690714607379412, 36.26986140629643], [0.16642619719364668, 36.27180271723873]]], [[[0.18607978105669779, 36.275641550569055], [0.1805050803807323, 36.27735114478213], [0.1819479270211746, 36.27152721195523], [0.18607978105669779, 36.275641550569055]]]]}, "properties": {"speed": 0.6197, "dir_deg": 76.1, "type": "قوي"}}, {"type": "Feature", "geometry": {"type": "MultiPolygon", "coordinates": [[[[0.20780942853262765, 36.27168384164777], [0.22058612673550393, 36.27954233915255], [0.22163392640280782, 36.27783877939216], [0.20885722819993155, 36.269980281887385], [0.20780942853262765, 36.27168384164777]]], [[[0.22536892597011465, 36.28131005844062], [0.21953832706820006, 36.28124589891293], [0.2226817260701117, 36.27613521963178], [0.22536892597011465, 36.28131005844062]]]]}, "properties": {"speed": 0.7916, "dir_deg": 58.4, "type": "قوي"}}, {"type": "Feature", "geometry": {"type": "MultiPolygon", "coordinates": [[[[0.24958523929334078, 36.271741992290316], [0.2632341971344214, 36.2779634028902], [0.2640637185477399, 36.276143541844725], [0.25041476070665925, 36.26992213124484], [0.24958523929334078, 36.271741992290316]]], [[[0.2681986104547742, 36.27912727590076], [0.262404675721103, 36.27978326393568], [0.26489323996105835, 36.27432368079925], [0.2681986104547742, 36.27912727590076]]]]}, "properties": {"speed": 0.8123, "dir_deg": 65.5, "type": "قوي"}}, {"type": "Feature", "geometry": {"type": "MultiPolygon", "coordinates": [[[[0.29107573078972376, 36.271638787576066], [0.30317661791707573, 36.2805026767186], [0.3043584698027466, 36.27888922510162], [0.29225758267539464, 36.27002533595909], [0.29107573078972376, 36.271638787576066]]], [[[0.30780117290236186, 36.282650580624285], [0.3019947660314049, 36.28211612833558], [0.30554032168841744, 36.27727577348464], [0.30780117290236186, 36.282650580624285]]]]}, "properties": {"speed": 1.0242, "dir_deg": 53.8, "type": "قوي"}}, {"type": "Feature", "geometry": {"type": "MultiPolygon", "coordinates": [[[[0.33279491691740215, 36.271674734340756], [0.3454350055150512, 36.27975112959133], [0.3465118582151285, 36.278065784444976], [0.33387176961747944, 36.2699893891944], [0.33279491691740215, 36.271674734340756]]], [[[0.35018679473097286, 36.28160058876835], [0.34435815281497395, 36.28143647473768], [0.3475887109152057, 36.27638043929863], [0.35018679473097286, 36.28160058876835]]]]}, "properties": {"speed": 1.1291, "dir_deg": 57.4, "type": "قوي"}}, {"type": "Feature", "geometry": {"type": "MultiPolygon", "coordinates": [[[[0.37452556008471394, 36.27171234965616], [0.3877298784134373, 36.27882894838545], [0.38867875824400944, 36.277068372608284], [0.37547443991528606, 36.269951773878994], [0.37452556008471394, 36.27171234965616]]], [[[0.39260575777163115, 36.280320860073296], [0.38678099858286524, 36.280589524162615], [0.3896276380745815, 36.27530779683112], [0.39260575777163115, 36.280320860073296]]]]}, "properties": {"speed": 0.984, "dir_deg": 61.7, "type": "قوي"}}, {"type": "Feature", "geometry": {"type": "MultiPolygon", "coordinates": [[[[0.41625297190525684, 36.271742481925344], [0.4299092742716903, 36.27794775433488], [0.430736643926295, 36.27612691401935], [0.41708034155986157, 36.26992164160981], [0.41625297190525684, 36.271742481925344]]], [[[0.43487505988780384, 36.27910575831363], [0.4290819046170855, 36.279768594650406], [0.4315640135808998, 36.274306073703826], [0.43487505988780384, 36.27910575831363]]]]}, "properties": {"speed": 0.6607, "dir_deg": 65.6, "type": "قوي"}}, {"type": "Feature", "geometry": {"type": "MultiPolygon", "coordinates": [[[[0.45770324191904826, 36.271608574672015], [0.4693509354855716, 36.2810600948979], [0.47061113818235667, 36.27950706908903], [0.4589634446158333, 36.27005554886314], [0.45770324191904826, 36.271608574672015]]], [[[0.4738636013561386, 36.283434088735426], [0.46809073278878655, 36.28261312070677], [0.47187134087914173, 36.27795404328016], [0.4738636013561386, 36.283434088735426]]]]}, "properties": {"speed": 0.3159, "dir_deg": 50.9, "type": "متوسط"}}, {"type": "Feature", "geometry": {"type": "MultiPolygon", "coordinates": [[[[0.49923369598494327, 36.27147453990457], [0.5088708680397673, 36.282969100130416], [0.5104034760698808, 36.28168414385644], [0.5007663040150567, 36.27018958363059], [0.49923369598494327, 36.27147453990457]]], [[[0.5128495627397653, 36.286158142068714], [0.5073382600096539, 36.28425405640439], [0.5119360840999942, 36.28039918758246], [0.5128495627397653, 36.286158142068714]]]]}, "properties": {"speed": 0.0997, "dir_deg": 40.0, "type": "ضعيف"}}, {"type": "Feature", "geometry": {"type": "MultiPolygon", "coordinates": [[[[-0.41654404436166564, 36.313492454637], [-0.40165722480665766, 36.311653269073595], [-0.4019024495484448, 36.309668359799595], [-0.41678926910345276, 36.311507545363], [-0.41654404436166564, 36.313492454637]]], [[[-0.3968175639925486, 36.31004775258213], [-0.4014120000648705, 36.313638178347595], [-0.40214767429023196, 36.307683450525595], [-0.3968175639925486, 36.31004775258213]]]]}, "properties": {"speed": 0.7068, "dir_deg": 97.0, "type": "قوي"}}, {"type": "Feature", "geometry": {"type": "MultiPolygon", "coordinates": [[[[-0.3748127666625173, 36.31348231546732], [-0.36007803465272514, 36.310673815405075], [-0.3604525013276906, 36.30870918447044], [-0.3751872333374827, 36.31151768453268], [-0.3748127666625173, 36.31348231546732]]], [[[-0.3553536906536105, 36.308755333250346], [-0.35970356797775965, 36.31263844633971], [-0.36082696800265607, 36.3067445535358], [-0.3553536906536105, 36.308755333250346]]]]}, "properties": {"speed": 0.7438, "dir_deg": 100.8, "type": "قوي"}}, {"type": "Feature", "geometry": {"type": "MultiPolygon", "coordinates": [[[[-0.33308409649630866, 36.31346844000696], [-0.3185574963919123, 36.30972973843998], [-0.31905598993417655, 36.30779285842606], [-0.33358259003857293, 36.31153155999304], [-0.33308409649630866, 36.31346844000696]]], [[[-0.3139645431282456, 36.30751506457736], [-0.31805900284964805, 36.3116666184539], [-0.3195544834764408, 36.30585597841214], [-0.3139645431282456, 36.30751506457736]]]]}, "properties": {"speed": 0.7739, "dir_deg": 104.4, "type": "قوي"}}, {"type": "Feature", "geometry": {"type": "MultiPolygon", "coordinates": [[[[-0.2913609205459293, 36.313452116266106], [-0.2770791765543283, 36.30886607346666], [-0.27769064892758805, 36.30696184093445], [-0.2919723929191891, 36.311547883733894], [-0.2913609205459293, 36.313452116266106]]], [[[-0.2726243314104245, 36.306385276267406], [-0.2764677041810686, 36.31077030599887], [-0.27830212130084775, 36.30505760840224], [-0.2726243314104245, 36.306385276267406]]]]}, "properties": {"speed": 0.7918, "dir_deg": 107.8, "type": "قوي"}}, {"type": "Feature", "geometry": {"type": "MultiPolygon", "coordinates": [[[[-0.24964182346595165, 36.31343365388151], [-0.2356370152433143, 36.30806100587078], [-0.236353368311411, 36.30619369810776], [-0.25035817653404835, 36.31156634611849], [-0.24964182346595165, 36.31343365388151]]], [[[-0.23132692236981686, 36.30533646931903], [-0.2349206621752176, 36.3099283136338], [-0.2370697213795077, 36.30432639034475], [-0.23132692236981686, 36.30533646931903]]]]}, "properties": {"speed": 0.8006, "dir_deg": 111.0, "type": "قوي"}}, {"type": "Feature", "geometry": {"type": "MultiPolygon", "coordinates": [[[[-0.20793549774908157, 36.31341745888192], [-0.194173614520233, 36.30744999962395], [-0.19496927575462905, 36.305615081860104], [-0.20873115898347763, 36.31158254111808], [-0.20793549774908157, 36.31341745888192]]], [[[-0.18998415072781483, 36.30454338765604], [-0.19337795328583696, 36.30928491738779], [-0.19576493698902508, 36.30378016409626], [-0.18998415072781483, 36.30454338765604]]]]}, "properties": {"speed": 0.7903, "dir_deg": 113.4, "type": "قوي"}}, {"type": "Feature", "geometry": {"type": "MultiPolygon", "coordinates": [[[[-0.16622369064219902, 36.31339653100401], [-0.1527757255820528, 36.30675181613119], [-0.15366168756509554, 36.30495875412317], [-0.16710965262524177, 36.31160346899599], [-0.16622369064219902, 36.31339653100401]]], [[[-0.1487360515535254, 36.303640380169576], [-0.15188976359901002, 36.30854487813921], [-0.15454764954813832, 36.30316569211515], [-0.1487360515535254, 36.303640380169576]]]]}, "properties": {"speed": 0.7509, "dir_deg": 116.3, "type": "قوي"}}, {"type": "Feature", "geometry": {"type": "MultiPolygon", "coordinates": [[[[-0.12453690038775929, 36.31338630623892], [-0.11124230680401012, 36.30643981205531], [-0.11216850602849154, 36.30466719957747], [-0.1254630996122407, 36.31161369376108], [-0.12453690038775929, 36.31338630623892]]], [[[-0.10727387522166777, 36.30323800775518], [-0.11031610757952871, 36.30821242453314], [-0.11309470525297295, 36.302894587099644], [-0.10727387522166777, 36.30323800775518]]]]}, "properties": {"speed": 0.6768, "dir_deg": 117.6, "type": "قوي"}}, {"type": "Feature", "geometry": {"type": "MultiPolygon", "coordinates": [[[[-0.08287816169349525, 36.313390402446885], [-0.06952212499021897, 36.30656279059641], [-0.07043247323694886, 36.30478198570264], [-0.08378850994022514, 36.311609597553115], [-0.08287816169349525, 36.313390402446885]]], [[[-0.06552528687915848, 36.303396517532704], [-0.06861177674348906, 36.30834359549018], [-0.07134282148367876, 36.30300118080887], [-0.06552528687915848, 36.303396517532704]]]]}, "properties": {"speed": 0.5991, "dir_deg": 117.1, "type": "قوي"}}, {"type": "Feature", "geometry": {"type": "MultiPolygon", "coordinates": [[[[-0.0412895880625596, 36.31342618075441], [-0.027396876746419312, 36.30776998306636], [-0.02815103643816032, 36.30591762155753], [-0.0420437477543006, 36.31157381924559], [-0.0412895880625596, 36.31342618075441]]], [[[-0.023143052820243055, 36.30495840308259], [-0.026642717054678303, 36.309622344575175], [-0.02890519612990133, 36.304065260048716], [-0.023143052820243055, 36.30495840308259]]]]}, "properties": {"speed": 0.5299, "dir_deg": 112.2, "type": "متوسط"}}, {"type": "Feature", "geometry": {"type": "MultiPolygon", "coordinates": [[[[0.00031548638176913635, 36.313448930104336], [0.014549437946833532, 36.3087166343778], [0.01391846518329526, 36.30681877416913], [-0.00031548638176913635, 36.311551069895664], [0.00031548638176913635, 36.313448930104336]]], [[[0.01897860208675253, 36.30619027236462], [0.015180410710371805, 36.31061449458648], [0.013287492419756988, 36.30492091396045], [0.01897860208675253, 36.30619027236462]]]]}, "properties": {"speed": 0.4905, "dir_deg": 108.4, "type": "متوسط"}}, {"type": "Feature", "geometry": {"type": "MultiPolygon", "coordinates": [[[[0.0418065006680237, 36.31349017513569], [0.05665912770341709, 36.311392683741786], [0.05637946218422989, 36.309412333470405], [0.0415268351488365, 36.31150982486431], [0.0418065006680237, 36.31349017513569]]], [[[0.06147017062228795, 36.30970334480813], [0.05693879322260429, 36.313373034013175], [0.05609979666504269, 36.30743198319902], [0.06147017062228795, 36.30970334480813]]]]}, "properties": {"speed": 0.4568, "dir_deg": 98.0, "type": "متوسط"}}, {"type": "Feature", "geometry": {"type": "MultiPolygon", "coordinates": [[[[0.08336330160865114, 36.313499550924824], [0.09835656548105487, 36.31305006404796], [0.09829663389747298, 36.31105096219831], [0.08330337002506925, 36.311500449075176], [0.08336330160865114, 36.313499550924824]]], [[[0.10332435431339851, 36.31190068416418], [0.09841649706463676, 36.31504916589761], [0.09823670231389109, 36.30905186034865], [0.10332435431339851, 36.31190068416418]]]]}, "properties": {"speed": 0.4645, "dir_deg": 91.7, "type": "متوسط"}}, {"type": "Feature", "geometry": {"type": "MultiPolygon", "coordinates": [[[[0.12481035716489577, 36.313481853143344], [0.13953815431504918, 36.316326495669905], [0.13991743998525763, 36.31436278938322], [0.12518964283510423, 36.311518146856656], [0.12481035716489577, 36.313481853143344]]], [[[0.1446370628668712, 36.316292856702084], [0.1391588686448407, 36.31829020195659], [0.1402967256554661, 36.31239908309653], [0.1446370628668712, 36.316292856702084]]]]}, "properties": {"speed": 0.5104, "dir_deg": 79.1, "type": "متوسط"}}, {"type": "Feature", "geometry": {"type": "MultiPolygon", "coordinates": [[[[0.1664482935909584, 36.313475864247955], [0.18108625731030384, 36.316751534889384], [0.18152301339582785, 36.314799806393474], [0.1668850496764824, 36.311524135752045], [0.1664482935909584, 36.313475864247955]]], [[[0.18618395659284767, 36.31686756085524], [0.18064950122477985, 36.318703263385295], [0.18195976948135184, 36.31284807789756], [0.18618395659284767, 36.31686756085524]]]]}, "properties": {"speed": 0.5278, "dir_deg": 77.4, "type": "متوسط"}}, {"type": "Feature", "geometry": {"type": "MultiPolygon", "coordinates": [[[[0.20789453970190513, 36.313398590289296], [0.2213733940413401, 36.319980420254915], [0.22225097137008903, 36.31818323967632], [0.20877211703065407, 36.311601409710704], [0.20789453970190513, 36.313398590289296]]], [[[0.2263051341521929, 36.32127577328749], [0.22049581671259114, 36.32177760083351], [0.223128548698838, 36.31638605909773], [0.2263051341521929, 36.32127577328749]]]]}, "properties": {"speed": 0.6376, "dir_deg": 64.0, "type": "قوي"}}, {"type": "Feature", "geometry": {"type": "MultiPolygon", "coordinates": [[[[0.24956887860456883, 36.313402293933486], [0.2631032876068244, 36.31986911486495], [0.2639655303976867, 36.31806452699798], [0.25043112139543117, 36.311597706066514], [0.24956887860456883, 36.313402293933486]]], [[[0.26804587866967405, 36.32112242790863], [0.2622410448159621, 36.321673702731914], [0.264827773188549, 36.316259939131015], [0.26804587866967405, 36.32112242790863]]]]}, "properties": {"speed": 0.7162, "dir_deg": 64.5, "type": "قوي"}}, {"type": "Feature", "geometry": {"type": "MultiPolygon", "coordinates": [[[[0.2911662966130491, 36.313365817388835], [0.3041535574455287, 36.320871219181484], [0.3051542776845489, 36.319139584403814], [0.2921670168520693, 36.311634182611165], [0.2911662966130491, 36.313365817388835]]], [[[0.30898300450919863, 36.322507202390206], [0.30315283720650843, 36.32260285395915], [0.30615499792356915, 36.31740794962615], [0.30898300450919863, 36.322507202390206]]]]}, "properties": {"speed": 0.7702, "dir_deg": 60.0, "type": "قوي"}}, {"type": "Feature", "geometry": {"type": "MultiPolygon", "coordinates": [[[[0.33278503472864446, 36.31333627611845], [0.3453291765053335, 36.321560904200396], [0.3464257935829262, 36.3198883519635], [0.33388165180623713, 36.31166372388155], [0.33278503472864446, 36.31333627611845]]], [[[0.3500588656363595, 36.32346617077593], [0.3442325594277408, 36.323233456437286], [0.3475224106605189, 36.31821579972661], [0.3500588656363595, 36.32346617077593]]]]}, "properties": {"speed": 0.9072, "dir_deg": 56.7, "type": "قوي"}}, {"type": "Feature", "geometry": {"type": "MultiPolygon", "coordinates": [[[[0.37444101202701263, 36.313329175763066], [0.3868786484729969, 36.321713995357875], [0.38799662441897165, 36.32005564383174], [0.37555898797298737, 36.311670824236934], [0.37444101202701263, 36.313329175763066]]], [[[0.3915835152613124, 36.32367975945975], [0.3857606725270221, 36.32337234688401], [0.38911460036494644, 36.31839729230561], [0.3915835152613124, 36.32367975945975]]]]}, "properties": {"speed": 1.0247, "dir_deg": 56.0, "type": "قوي"}}, {"type": "Feature", "geometry": {"type": "MultiPolygon", "coordinates": [[[[0.41612414330305864, 36.313340047128925], [0.4287248502369015, 36.32147774857143], [0.4298098770959026, 36.31979765431358], [0.4172091701620598, 36.311659952871075], [0.41612414330305864, 36.313340047128925]]], [[[0.4334675993110163, 36.32335026859001], [0.42763982337790035, 36.323157842829275], [0.43089490395490376, 36.31811756005574], [0.4334675993110163, 36.32335026859001]]]]}, "properties": {"speed": 1.0111, "dir_deg": 57.1, "type": "قوي"}}, {"type": "Feature", "geometry": {"type": "MultiPolygon", "coordinates": [[[[0.4578591811604093, 36.313380437559545], [0.47106574455356626, 36.320492869165015], [0.47201406876762925, 36.318731994045926], [0.4588075053744723, 36.311619562440455], [0.4578591811604093, 36.313380437559545]]], [[[0.47594209445831676, 36.32198324214063], [0.4701174203395032, 36.322253744284104], [0.4729623929816923, 36.31697111892684], [0.47594209445831676, 36.32198324214063]]]]}, "properties": {"speed": 0.7602, "dir_deg": 61.7, "type": "قوي"}}, {"type": "Feature", "geometry": {"type": "MultiPolygon", "coordinates": [[[[0.49948227278178786, 36.31335554574835], [0.5123154590070604, 36.32112145402153], [0.5133509134434846, 36.31941036252483], [0.5005177272182121, 36.31164445425165], [0.49948227278178786, 36.31335554574835]]], [[[0.51711091496703, 36.32285454436424], [0.5112800045706362, 36.32283254551823], [0.5143863678799089, 36.317699271028125], [0.51711091496703, 36.32285454436424]]]]}, "properties": {"speed": 0.3924, "dir_deg": 58.8, "type": "متوسط"}}, {"type": "Feature", "geometry": {"type": "MultiPolygon", "coordinates": [[[[0.5408613655758322, 36.31309283906156], [0.5497539514992874, 36.325172653447304], [0.5513645934173862, 36.32398697532418], [0.542472007493931, 36.31190716093844], [0.5408613655758322, 36.31309283906156]]], [[[0.5535234677661552, 36.328606419180986], [0.5481433095811885, 36.32635833157043], [0.5529752353354851, 36.32280129720105], [0.5535234677661552, 36.328606419180986]]]]}, "properties": {"speed": 0.1736, "dir_deg": 36.4, "type": "ضعيف"}}, {"type": "Feature", "geometry": {"type": "MultiPolygon", "coordinates": [[[[0.5825671566915357, 36.313142653715694], [0.5922069624269225, 36.324635005319436], [0.5937392759740879, 36.32334969788805], [0.5840994702387011, 36.311857346284306], [0.5825671566915357, 36.313142653715694]]], [[[0.5961863877789675, 36.327823135471654], [0.5906746488797571, 36.32592031275082], [0.5952715895212534, 36.32206439045667], [0.5961863877789675, 36.327823135471654]]]]}, "properties": {"speed": 0.0582, "dir_deg": 40.0, "type": "ضعيف"}}, {"type": "Feature", "geometry": {"type": "MultiPolygon", "coordinates": [[[[-0.4165032196188316, 36.35515449198659], [-0.40170491330636166, 36.352702935280675], [-0.4020317875338169, 36.35072982777234], [-0.41683009384628683, 36.353181384478255], [-0.4165032196188316, 36.35515449198659]]], [[[-0.396935581649266, 36.35089919595787], [-0.4013780390789064, 36.354676042789], [-0.40235866176127216, 36.348756720264014], [-0.396935581649266, 36.35089919595787]]]]}, "properties": {"speed": 0.6715, "dir_deg": 99.4, "type": "قوي"}}, {"type": "Feature", "geometry": {"type": "MultiPolygon", "coordinates": [[[[-0.3747734212776662, 36.355141931087935], [-0.360163528445008, 36.35174325025293], [-0.36061668588967555, 36.3497952645419], [-0.3752265787223338, 36.35319394537691], [-0.3747734212776662, 36.355141931087935]]], [[[-0.355520142889789, 36.34963636378575], [-0.3597103710003404, 36.35369123596395], [-0.3610698433343431, 36.34784727883088], [-0.355520142889789, 36.34963636378575]]]]}, "properties": {"speed": 0.6989, "dir_deg": 103.1, "type": "قوي"}}, {"type": "Feature", "geometry": {"type": "MultiPolygon", "coordinates": [[[[-0.3330486172392427, 36.35512654716669], [-0.31866948322515937, 36.35085565674372], [-0.3192389352815556, 36.34893843887518], [-0.3336180692956389, 36.35320932929815], [-0.3330486172392427, 36.35512654716669]]], [[[-0.3141611645819964, 36.34847341766846], [-0.3181000311687631, 36.35277287461226], [-0.31980838733795186, 36.347021221006635], [-0.3141611645819964, 36.34847341766846]]]]}, "properties": {"speed": 0.7132, "dir_deg": 106.5, "type": "قوي"}}, {"type": "Feature", "geometry": {"type": "MultiPolygon", "coordinates": [[[[-0.29132975869705774, 36.35510947936996], [-0.2772066416339966, 36.350056008837434], [-0.27788043770499954, 36.34817292656236], [-0.29200355476806067, 36.353226397094886], [-0.29132975869705774, 36.35510947936996]]], [[[-0.272835833981811, 36.347429977522395], [-0.2765328455629936, 36.35193909111251], [-0.2785542337760025, 36.346289844287284], [-0.272835833981811, 36.347429977522395]]]]}, "properties": {"speed": 0.7173, "dir_deg": 109.7, "type": "قوي"}}, {"type": "Feature", "geometry": {"type": "MultiPolygon", "coordinates": [[[[-0.24962183915611752, 36.35509367813982], [-0.2357357405451084, 36.34942126548159], [-0.23649206223287336, 36.347569785666785], [-0.2503781608438825, 36.35324219832502], [-0.24962183915611752, 36.35509367813982]]], [[[-0.23148520185198784, 36.34660472135477], [-0.23497941885734341, 36.35127274529639], [-0.23724838392063835, 36.34571830585198], [-0.23148520185198784, 36.34660472135477]]]]}, "properties": {"speed": 0.7134, "dir_deg": 112.2, "type": "قوي"}}, {"type": "Feature", "geometry": {"type": "MultiPolygon", "coordinates": [[[[-0.20791485448288402, 36.355076167063125], [-0.19429142202237465, 36.34879905881219], [-0.1951283697891658, 36.346982601150785], [-0.20875180224967518, 36.35325970940172], [-0.20791485448288402, 36.355076167063125]]], [[[-0.19016875175226708, 36.34579846056451], [-0.19345447425558351, 36.35061551647359], [-0.19596531755595695, 36.34516614348939], [-0.19016875175226708, 36.34579846056451]]]]}, "properties": {"speed": 0.6947, "dir_deg": 114.7, "type": "قوي"}}, {"type": "Feature", "geometry": {"type": "MultiPolygon", "coordinates": [[[[-0.1662078952198043, 36.355056489976576], [-0.1528796190575351, 36.348174843767836], [-0.1537971718853673, 36.34639774027953], [-0.1671254480476365, 36.35327938648827], [-0.1662078952198043, 36.355056489976576]]], [[[-0.1488956367506948, 36.3449924099541], [-0.1519620662297029, 36.34995194725614], [-0.1547147247131995, 36.34462063679123], [-0.1488956367506948, 36.3449924099541]]]]}, "properties": {"speed": 0.6563, "dir_deg": 117.3, "type": "قوي"}}, {"type": "Feature", "geometry": {"type": "MultiPolygon", "coordinates": [[[[-0.12452443635780805, 36.35504761955098], [-0.11132921657939389, 36.3479141649181], [-0.11228034386377779, 36.346154802280985], [-0.12547556364219195, 36.353288256913864], [-0.12452443635780805, 36.35504761955098]]], [[[-0.10740637362878111, 36.344656665388584], [-0.11037808929500997, 36.349673527555225], [-0.1132314711481617, 36.34439543964386], [-0.10740637362878111, 36.344656665388584]]]]}, "properties": {"speed": 0.6022, "dir_deg": 118.4, "type": "قوي"}}, {"type": "Feature", "geometry": {"type": "MultiPolygon", "coordinates": [[[[-0.0828724509383254, 36.3550553981632], [-0.06956055197664299, 36.34814212498518], [-0.07048232173371258, 36.34636720512362], [-0.083794220695395, 36.35328047830164], [-0.0828724509383254, 36.3550553981632]]], [[[-0.06558413720128364, 36.344950240661724], [-0.06863878221957338, 36.349917044846734], [-0.07140409149078218, 36.34459228526207], [-0.06558413720128364, 36.344950240661724]]]]}, "properties": {"speed": 0.5401, "dir_deg": 117.4, "type": "متوسط"}}, {"type": "Feature", "geometry": {"type": "MultiPolygon", "coordinates": [[[[-0.04125755498584217, 36.355080421994785], [-0.027570298550434764, 36.348943728155966], [-0.028388524395610622, 36.34711876063124], [-0.04207578083101803, 36.35325545447006], [-0.04125755498584217, 36.355080421994785]]], [[[-0.023416992661220225, 36.34598567978066], [-0.0267520727052589, 36.350768695680685], [-0.029206750240786485, 36.34529379310652], [-0.023416992661220225, 36.34598567978066]]]]}, "properties": {"speed": 0.4843, "dir_deg": 114.1, "type": "متوسط"}}, {"type": "Feature", "geometry": {"type": "MultiPolygon", "coordinates": [[[[0.00034094615330193767, 36.355108021058854], [0.01444218854975189, 36.349993828759324], [0.013760296243148016, 36.34811366310646], [-0.00034094615330193767, 36.35322785540599], [0.00034094615330193767, 36.355108021058854]]], [[[0.018801656528599938, 36.34734901516638], [0.015124080856355766, 36.35187399441218], [0.01307840393654414, 36.3462334974536], [0.018801656528599938, 36.34734901516638]]]]}, "properties": {"speed": 0.4475, "dir_deg": 109.9, "type": "متوسط"}}, {"type": "Feature", "geometry": {"type": "MultiPolygon", "coordinates": [[[[0.04188899760187769, 36.355142909774266], [0.05651357072958257, 36.351807964372554], [0.056068911342687384, 36.34985802128887], [0.04144433821498251, 36.35319296669058], [0.04188899760187769, 36.355142909774266]]], [[[0.061166098745369935, 36.34972134436347], [0.05695823011647774, 36.35375790745625], [0.05562425195579221, 36.34790807820517], [0.061166098745369935, 36.34972134436347]]]]}, "properties": {"speed": 0.4174, "dir_deg": 102.8, "type": "متوسط"}}, {"type": "Feature", "geometry": {"type": "MultiPolygon", "coordinates": [[[[0.08338476998913098, 36.35516661461941], [0.09836491579391654, 36.35439510203535], [0.09826204744937497, 36.35239774926138], [0.08328190164458942, 36.35316926184544], [0.08338476998913098, 36.35516661461941]]], [[[0.10330686355657427, 36.353139254787], [0.09846778413845812, 36.35639245480932], [0.09815917910483339, 36.35040039648741], [0.10330686355657427, 36.353139254787]]]]}, "properties": {"speed": 0.4061, "dir_deg": 92.9, "type": "متوسط"}}, {"type": "Feature", "geometry": {"type": "MultiPolygon", "coordinates": [[[[0.1248768947161348, 36.355160331848424], [0.13976279895618707, 36.3570069111064], [0.14000900952391745, 36.3550221238744], [0.1251231052838652, 36.35317554461642], [0.1248768947161348, 36.355160331848424]]], [[[0.14484787232006968, 36.356630043909725], [0.13951658838845668, 36.358991698338414], [0.14025522009164784, 36.35303733664239], [0.14484787232006968, 36.356630043909725]]]]}, "properties": {"speed": 0.429, "dir_deg": 82.9, "type": "متوسط"}}, {"type": "Feature", "geometry": {"type": "MultiPolygon", "coordinates": [[[[0.16640777276129204, 36.35513384266551], [0.18089633925758306, 36.359017325751935], [0.18141413700243977, 36.35708551688576], [0.16692557050614876, 36.353202033799334], [0.16640777276129204, 36.35513384266551]]], [[[0.18598476029544178, 36.35934591568099], [0.1803785415127263, 36.3609491346181], [0.18193193474729652, 36.35515370801959], [0.18598476029544178, 36.35934591568099]]]]}, "properties": {"speed": 0.4701, "dir_deg": 75.0, "type": "متوسط"}}, {"type": "Feature", "geometry": {"type": "MultiPolygon", "coordinates": [[[[0.2079836090531952, 36.35510479275798], [0.22203642693654335, 36.360350582454245], [0.22273586556271213, 36.358476873403134], [0.208683047679364, 36.353231083706866], [0.2079836090531952, 36.35510479275798]]], [[[0.22707041887741045, 36.36116232449411], [0.22133698831037454, 36.362224291505356], [0.22343530418888094, 36.35660316435202], [0.22707041887741045, 36.36116232449411]]]]}, "properties": {"speed": 0.5257, "dir_deg": 69.5, "type": "متوسط"}}, {"type": "Feature", "geometry": {"type": "MultiPolygon", "coordinates": [[[[0.24957550097869474, 36.355073366628766], [0.2631569269238945, 36.361440851948345], [0.264005924966505, 36.35962999515566], [0.25042449902130526, 36.35326250983608], [0.24957550097869474, 36.355073366628766]]], [[[0.268108567926933, 36.36265791865853], [0.2623079288812839, 36.36325170874104], [0.26485492300911556, 36.35781913836296], [0.268108567926933, 36.36265791865853]]]]}, "properties": {"speed": 0.5961, "dir_deg": 64.9, "type": "قوي"}}, {"type": "Feature", "geometry": {"type": "MultiPolygon", "coordinates": [[[[0.2911884072437039, 36.35504616225077], [0.30436176751897775, 36.362219904583604], [0.3053182664966884, 36.3604634565469], [0.29214490622141454, 36.35328971421407], [0.2911884072437039, 36.35504616225077]]], [[[0.30923113709959105, 36.363732928009526], [0.3034052685412671, 36.363976352620305], [0.3062747654743991, 36.3587070085102], [0.30923113709959105, 36.363732928009526]]]]}, "properties": {"speed": 0.6285, "dir_deg": 61.4, "type": "قوي"}}, {"type": "Feature", "geometry": {"type": "MultiPolygon", "coordinates": [[[[0.33278428716986425, 36.355003723732246], [0.3453210696672059, 36.3632395651959], [0.346419181862359, 36.36156799419625], [0.33388239936501735, 36.3533321527326], [0.33278428716986425, 36.355003723732246]]], [[[0.3500490532638963, 36.36514906018395], [0.3442229574720528, 36.364911136195545], [0.3475172940575121, 36.3598964231966], [0.3500490532638963, 36.36514906018395]]]]}, "properties": {"speed": 0.688, "dir_deg": 56.7, "type": "قوي"}}, {"type": "Feature", "geometry": {"type": "MultiPolygon", "coordinates": [[[[0.3744210622491576, 36.35498330997626], [0.3866516384067286, 36.3636673762389], [0.3878095139084134, 36.36203663275122], [0.3755789377508424, 36.35335256648858], [0.3744210622491576, 36.35498330997626]]], [[[0.39130743487676134, 36.36574669324927], [0.3854937629050438, 36.365298119726575], [0.38896738941009823, 36.360405889263546], [0.39130743487676134, 36.36574669324927]]]]}, "properties": {"speed": 0.7967, "dir_deg": 54.6, "type": "قوي"}}, {"type": "Feature", "geometry": {"type": "MultiPolygon", "coordinates": [[[[0.41604573161881925, 36.35495180812158], [0.4278037799561741, 36.36426568482768], [0.429045630183654, 36.36269794504937], [0.41728758184629916, 36.35338406834327], [0.41604573161881925, 36.35495180812158]]], [[[0.432344054515699, 36.36658644050722], [0.4265619297286941, 36.365833424605995], [0.43028748041113396, 36.36113020527105], [0.432344054515699, 36.36658644050722]]]]}, "properties": {"speed": 0.9286, "dir_deg": 51.6, "type": "قوي"}}, {"type": "Feature", "geometry": {"type": "MultiPolygon", "coordinates": [[[[0.45773697156120513, 36.354970646640254], [0.4697775976786608, 36.36391622223379], [0.4709703410911321, 36.362310805418126], [0.45892971497367646, 36.35336522982459], [0.45773697156120513, 36.354970646640254]]], [[[0.4743875114240483, 36.36609537235714], [0.4685848542661895, 36.36552163904945], [0.4721630845036034, 36.36070538860247], [0.4743875114240483, 36.36609537235714]]]]}, "properties": {"speed": 0.9454, "dir_deg": 53.4, "type": "قوي"}}, {"type": "Feature", "geometry": {"type": "MultiPolygon", "coordinates": [[[[0.4994380349554905, 36.35499509921358], [0.5118454496728527, 36.36342457488122], [0.5129693797618718, 36.3617702529189], [0.5005619650445096, 36.35334077725126], [0.4994380349554905, 36.35499509921358]]], [[[0.5165432196231498, 36.36540723912261], [0.5107215195838337, 36.365078896843535], [0.5140933098508909, 36.36011593095659], [0.5165432196231498, 36.36540723912261]]]]}, "properties": {"speed": 0.7809, "dir_deg": 55.8, "type": "قوي"}}, {"type": "Feature", "geometry": {"type": "MultiPolygon", "coordinates": [[[[0.5411082352345442, 36.354997475540294], [0.553551294852624, 36.36337424504536], [0.5546681974532988, 36.36171517042961], [0.542225137835219, 36.35333840092455], [0.5411082352345442, 36.354997475540294]]], [[[0.5582574326923213, 36.36533696423917], [0.5524343922519492, 36.3650333196611], [0.5557851000539735, 36.36005609581387], [0.5582574326923213, 36.36533696423917]]]]}, "properties": {"speed": 0.4627, "dir_deg": 56.1, "type": "متوسط"}}, {"type": "Feature", "geometry": {"type": "MultiPolygon", "coordinates": [[[[0.5827127932717066, 36.354952128700084], [0.5944756502865994, 36.36425993160126], [0.5957166906734231, 36.362691550665936], [0.5839538336585303, 36.35338374776476], [0.5827127932717066, 36.354952128700084]]], [[[0.599017122818309, 36.36657834210066], [0.5932346098997756, 36.36582831253658], [0.596957731060247, 36.36112316973062], [0.599017122818309, 36.36657834210066]]]]}, "properties": {"speed": 0.2022, "dir_deg": 51.6, "type": "ضعيف"}}, {"type": "Feature", "geometry": {"type": "MultiPolygon", "coordinates": [[[[0.6243644904342868, 36.35494003122675], [0.6359458853491743, 36.364472674712445], [0.6372169044806008, 36.362928488723796], [0.6256355095657132, 36.3533958452381], [0.6243644904342868, 36.35494003122675]]], [[[0.6404418598865167, 36.366878129546684], [0.6346748662177479, 36.366016860701095], [0.6384879236120271, 36.361384302735146], [0.6404418598865167, 36.366878129546684]]]]}, "properties": {"speed": 0.0966, "dir_deg": 50.5, "type": "ضعيف"}}, {"type": "Feature", "geometry": {"type": "MultiPolygon", "coordinates": [[[[0.6672540988301742, 36.35497722606462], [0.6793934163131017, 36.34616604163523], [0.6782185917225165, 36.344547465970834], [0.666079274239589, 36.353358650400224], [0.6672540988301742, 36.35497722606462]]], [[[0.6828524431787849, 36.34241969232657], [0.6805682409036867, 36.34778461729962], [0.6770437671319315, 36.342928890306446], [0.6828524431787849, 36.34241969232657]]]]}, "properties": {"speed": 0.1046, "dir_deg": 126.0, "type": "ضعيف"}}, {"type": "Feature", "geometry": {"type": "MultiPolygon", "coordinates": [[[[0.7086178711829431, 36.35512659714216], [0.7229977548290627, 36.35085823137479], [0.7224286393934134, 36.34894091355531], [0.7080487557472938, 36.353209279322684], [0.7086178711829431, 36.35512659714216]]], [[[0.7275064916599446, 36.34847678387593], [0.7235668702647121, 36.35277554919427], [0.721859523957764, 36.34702359573583], [0.7275064916599446, 36.34847678387593]]]]}, "properties": {"speed": 0.1186, "dir_deg": 106.5, "type": "ضعيف"}}, {"type": "Feature", "geometry": {"type": "MultiPolygon", "coordinates": [[[[0.7493584569743655, 36.354935025285016], [0.760864762763299, 36.36455817066953], [0.7621478488145679, 36.363023996564344], [0.7506415430256345, 36.35340085117983], [0.7493584569743655, 36.354935025285016]]], [[[0.7653417410519112, 36.366998798745115], [0.7595816767120299, 36.36609234477473], [0.7634309348658369, 36.36148982245915], [0.7653417410519112, 36.366998798745115]]]]}, "properties": {"speed": 0.1575, "dir_deg": 50.1, "type": "ضعيف"}}, {"type": "Feature", "geometry": {"type": "MultiPolygon", "coordinates": [[[[-0.41646233841762226, 36.39681096627067], [-0.4017787708711845, 36.39374619154662], [-0.4021874075010584, 36.39178838254043], [-0.41687097504749615, 36.394853157264485], [-0.41646233841762226, 36.39681096627067]]], [[[-0.3970885666706422, 36.39174569546884], [-0.4013701342413107, 36.39570400055281], [-0.40259604413093225, 36.38983057353424], [-0.3970885666706422, 36.39174569546884]]]]}, "properties": {"speed": 0.5882, "dir_deg": 101.8, "type": "متوسط"}}, {"type": "Feature", "geometry": {"type": "MultiPolygon", "coordinates": [[[[-0.3747351315530837, 36.39679634632404], [-0.36027086320617674, 36.39282331962029], [-0.36080060010000936, 36.39089475050737], [-0.3752648684469163, 36.39486777721112], [-0.3747351315530837, 36.39679634632404]]], [[[-0.35571430887079075, 36.39053469282925], [-0.3597411263123442, 36.39475188873321], [-0.3613303369938419, 36.38896618139445], [-0.35571430887079075, 36.39053469282925]]]]}, "properties": {"speed": 0.6106, "dir_deg": 105.4, "type": "قوي"}}, {"type": "Feature", "geometry": {"type": "MultiPolygon", "coordinates": [[[[-0.3330192307342284, 36.39678144752504], [-0.31877844437224157, 36.392069759526855], [-0.31940666943866636, 36.390170988011924], [-0.3336474558006532, 36.39488267601011], [-0.3330192307342284, 36.39678144752504]]], [[[-0.314345628118125, 36.38954981110333], [-0.3181502193058168, 36.393968531041786], [-0.32003489450509115, 36.38827221649699], [-0.314345628118125, 36.38954981110333]]]]}, "properties": {"speed": 0.6274, "dir_deg": 108.3, "type": "قوي"}}, {"type": "Feature", "geometry": {"type": "MultiPolygon", "coordinates": [[[[-0.2913137889502565, 36.39676773496278], [-0.2772786910222807, 36.39147471822824], [-0.2779844265868861, 36.389603371837836], [-0.2920195245148619, 36.39489638857238], [-0.2913137889502565, 36.39676773496278]]], [[[-0.2729531928285915, 36.388774706121524], [-0.27657295545767524, 36.39334606461863], [-0.27869016215149156, 36.38773202544744], [-0.2729531928285915, 36.388774706121524]]]]}, "properties": {"speed": 0.6385, "dir_deg": 110.7, "type": "قوي"}}, {"type": "Feature", "geometry": {"type": "MultiPolygon", "coordinates": [[[[-0.24961388176116173, 36.396754511064636], [-0.23577714230534347, 36.39096273748206], [-0.23654937878302001, 36.38911783888795], [-0.2503861182388383, 36.39490961247052], [-0.24961388176116173, 36.396754511064636]]], [[[-0.23155101405890902, 36.38810969699081], [-0.23500490582766692, 36.39280763607617], [-0.23732161526069656, 36.38727294029384], [-0.23155101405890902, 36.38810969699081]]]]}, "properties": {"speed": 0.6384, "dir_deg": 112.7, "type": "قوي"}}, {"type": "Feature", "geometry": {"type": "MultiPolygon", "coordinates": [[[[-0.20791113469583322, 36.39673856742373], [-0.19431354985355775, 36.39040566236704], [-0.19515793719445051, 36.38859265105473], [-0.20875552203672598, 36.394925556111424], [-0.20791113469583322, 36.39673856742373]]], [[[-0.19020321524324565, 36.38738818835865], [-0.19346916251266502, 36.39221867367934], [-0.19600232453534325, 36.38677963974243], [-0.19020321524324565, 36.38738818835865]]]]}, "properties": {"speed": 0.6223, "dir_deg": 115.0, "type": "قوي"}}, {"type": "Feature", "geometry": {"type": "MultiPolygon", "coordinates": [[[[-0.16621588096658246, 36.39672469146371], [-0.1528264355245635, 36.38996283145664], [-0.15372801685883936, 36.38817757206438], [-0.16711746230085833, 36.394939432071446], [-0.16621588096658246, 36.39672469146371]]], [[[-0.14881407771102845, 36.38681624842482], [-0.15192485419028764, 36.391748090848914], [-0.1546295981931152, 36.38639231267211], [-0.14881407771102845, 36.38681624842482]]]]}, "properties": {"speed": 0.5875, "dir_deg": 116.8, "type": "متوسط"}}, {"type": "Feature", "geometry": {"type": "MultiPolygon", "coordinates": [[[[-0.12453416342280572, 36.3967169325397], [-0.11126110184104239, 36.389729383881786], [-0.11219277499543094, 36.38795964233755], [-0.1254658365771943, 36.39494719099546], [-0.12453416342280572, 36.3967169325397]]], [[[-0.10730258455764888, 36.386515330223695], [-0.11032942868665384, 36.39149912542602], [-0.11312444814981949, 36.38618990079331], [-0.10730258455764888, 36.386515330223695]]]]}, "properties": {"speed": 0.541, "dir_deg": 117.8, "type": "متوسط"}}, {"type": "Feature", "geometry": {"type": "MultiPolygon", "coordinates": [[[[-0.08287482224309428, 36.39672074917194], [-0.0695445111776581, 36.38984304556545], [-0.07046153832518993, 36.388065670756724], [-0.08379184939062612, 36.394943374363216], [-0.08287482224309428, 36.39672074917194]]], [[[-0.06555958772961196, 36.38666179029226], [-0.06862748403012625, 36.391620420374174], [-0.07137856547272178, 36.386288295948], [-0.06555958772961196, 36.38666179029226]]]]}, "properties": {"speed": 0.4942, "dir_deg": 117.3, "type": "متوسط"}}, {"type": "Feature", "geometry": {"type": "MultiPolygon", "coordinates": [[[[-0.04123886824918626, 36.3967359353492], [-0.027680764524883883, 36.39031894046054], [-0.028536363843371562, 36.3885111932973], [-0.04209446756767394, 36.39492818818596], [-0.04123886824918626, 36.3967359353492]]], [[[-0.02358919627602693, 36.3872760685827], [-0.026825165206396197, 36.39212668762378], [-0.02939196316185925, 36.38670344613406], [-0.02358919627602693, 36.3872760685827]]]]}, "properties": {"speed": 0.4549, "dir_deg": 115.3, "type": "متوسط"}}, {"type": "Feature", "geometry": {"type": "MultiPolygon", "coordinates": [[[[0.0003699180753843114, 36.39676112614506], [0.014305883737597768, 36.3912123550143], [0.013566047586829144, 36.389354226259336], [-0.0003699180753843114, 36.3949029973901], [0.0003699180753843114, 36.39676112614506]]], [[[0.018581287549617943, 36.388433700259895], [0.01504571988836639, 36.39307048376926], [0.012826211436060522, 36.387496097504375], [0.018581287549617943, 36.388433700259895]]]]}, "properties": {"speed": 0.426, "dir_deg": 111.7, "type": "متوسط"}}, {"type": "Feature", "geometry": {"type": "MultiPolygon", "coordinates": [[[[0.04195160774466161, 36.39679060717064], [0.05632978879056866, 36.392516509627164], [0.05575990911810563, 36.39059941882105], [0.04138172807219859, 36.39487351636452], [0.04195160774466161, 36.39679060717064]]], [[[0.0608375759696395, 36.39013326504295], [0.05689966846303168, 36.39443360043329], [0.05519002944564261, 36.38868232801492], [0.0608375759696395, 36.39013326504295]]]]}, "properties": {"speed": 0.4063, "dir_deg": 106.6, "type": "متوسط"}}, {"type": "Feature", "geometry": {"type": "MultiPolygon", "coordinates": [[[[0.08345434575105988, 36.396824713063765], [0.09834411519388948, 36.39500956405077], [0.09810209532549012, 36.39302426145839], [0.08321232588266052, 36.39483941047139], [0.08345434575105988, 36.396824713063765]]], [[[0.103186361740633, 36.393411863083585], [0.09858613506228886, 36.39699486664315], [0.09786007545709074, 36.39103895886601], [0.103186361740633, 36.393411863083585]]]]}, "properties": {"speed": 0.3891, "dir_deg": 97.0, "type": "متوسط"}}, {"type": "Feature", "geometry": {"type": "MultiPolygon", "coordinates": [[[[0.1249528045451312, 36.39683094744124], [0.1399360896500052, 36.39753887926427], [0.14003048055974276, 36.39554110791695], [0.12504719545486878, 36.39483317609392], [0.1249528045451312, 36.39683094744124]]], [[[0.14497771347316532, 36.39677597086495], [0.1398416987402676, 36.39953665061158], [0.14012487146948036, 36.393543336569635], [0.14497771347316532, 36.39677597086495]]]]}, "properties": {"speed": 0.3877, "dir_deg": 87.3, "type": "متوسط"}}, {"type": "Feature", "geometry": {"type": "MultiPolygon", "coordinates": [[[[0.16639669016574166, 36.3967949272862], [0.180839672945047, 36.40084464930588], [0.18137963588100448, 36.398918918268635], [0.16693665310169914, 36.394869196248955], [0.16639669016574166, 36.3967949272862]]], [[[0.1859239820061275, 36.40123169112715], [0.1802997100090895, 36.40277038034312], [0.18191959881696196, 36.396993187231395], [0.1859239820061275, 36.40123169112715]]]]}, "properties": {"speed": 0.4107, "dir_deg": 74.3, "type": "متوسط"}}, {"type": "Feature", "geometry": {"type": "MultiPolygon", "coordinates": [[[[0.2079544646451199, 36.39675751424112], [0.22183625174828253, 36.40244047005852], [0.22259397919060192, 36.40058956511143], [0.2087121920874393, 36.39490660929403], [0.2079544646451199, 36.39675751424112]]], [[[0.2268423778371631, 36.40340933619077], [0.22107852430596314, 36.404291375005606], [0.2233517066329213, 36.39873866016435], [0.2268423778371631, 36.40340933619077]]]]}, "properties": {"speed": 0.4567, "dir_deg": 67.7, "type": "متوسط"}}, {"type": "Feature", "geometry": {"type": "MultiPolygon", "coordinates": [[[[0.24955720963747705, 36.39672868693723], [0.2630065871822848, 36.40337054237507], [0.26389216790733067, 36.40157729203577], [0.2504427903625229, 36.394935436597926], [0.24955720963747705, 36.39672868693723]]], [[[0.267932503393077, 36.40468786901803], [0.2621210064572389, 36.40516379271438], [0.2647777486323766, 36.399784041696456], [0.267932503393077, 36.40468786901803]]]]}, "properties": {"speed": 0.5104, "dir_deg": 63.7, "type": "متوسط"}}, {"type": "Feature", "geometry": {"type": "MultiPolygon", "coordinates": [[[[0.29116300491818825, 36.396695968504375], [0.3041216059701223, 36.40425074571994], [0.3051289095988642, 36.40252293224635], [0.29217030854693016, 36.39496815503078], [0.29116300491818825, 36.396695968504375]]], [[[0.3089447914684712, 36.405905098054994], [0.3031143023413803, 36.405978559193535], [0.30613621322760615, 36.400795118772756], [0.3089447914684712, 36.405905098054994]]]]}, "properties": {"speed": 0.5535, "dir_deg": 59.8, "type": "متوسط"}}, {"type": "Feature", "geometry": {"type": "MultiPolygon", "coordinates": [[[[0.3327479047430615, 36.396642778570275], [0.3449086567834916, 36.405424356435965], [0.3460795338322502, 36.40380292283057], [0.3339187817918201, 36.39502134496488], [0.3327479047430615, 36.396642778570275]]], [[[0.3495476793213476, 36.407540832255165], [0.3437377797347329, 36.40704579004135], [0.3472504108810089, 36.402181489225185], [0.3495476793213476, 36.407540832255165]]]]}, "properties": {"speed": 0.6082, "dir_deg": 54.2, "type": "قوي"}}, {"type": "Feature", "geometry": {"type": "MultiPolygon", "coordinates": [[[[0.37439994759098716, 36.396632022458135], [0.3863993579493557, 36.405632808593325], [0.3875994627673814, 36.40403288721221], [0.37560005240901284, 36.39503210107702], [0.37439994759098716, 36.396632022458135]]], [[[0.3909992138111581, 36.40783310994784], [0.38519925313133, 36.40723272997444], [0.38879956758540707, 36.402432965831096], [0.3909992138111581, 36.40783310994784]]]]}, "properties": {"speed": 0.6467, "dir_deg": 53.1, "type": "قوي"}}, {"type": "Feature", "geometry": {"type": "MultiPolygon", "coordinates": [[[[0.4160205540129234, 36.39659531223478], [0.4274693110209059, 36.406286853029314], [0.42876151646017746, 36.40476035209491], [0.417312759452195, 36.395068811300376], [0.4160205540129234, 36.39659531223478]]], [[[0.4319316660765358, 36.408754116160296], [0.4261771055816343, 36.40781335396371], [0.43005372189944907, 36.403233851160515], [0.4319316660765358, 36.408754116160296]]]]}, "properties": {"speed": 0.7453, "dir_deg": 49.8, "type": "قوي"}}, {"type": "Feature", "geometry": {"type": "MultiPolygon", "coordinates": [[[[0.4576572896282864, 36.39656891417952], [0.4687100758074304, 36.406709718766834], [0.4700621830857392, 36.405236013942954], [0.4590093969065952, 36.39509520935564], [0.4576572896282864, 36.39656891417952]]], [[[0.4730703915062995, 36.40935313455066], [0.46735796852912165, 36.40818342359072], [0.47141429036404797, 36.40376230911907], [0.4730703915062995, 36.40935313455066]]]]}, "properties": {"speed": 0.8499, "dir_deg": 47.5, "type": "قوي"}}, {"type": "Feature", "geometry": {"type": "MultiPolygon", "coordinates": [[[[0.4993426655010212, 36.39658566070365], [0.5106466495421349, 36.406445678188334], [0.5119613185400926, 36.40493848031619], [0.5006573344989789, 36.395078462831506], [0.4993426655010212, 36.39658566070365]]], [[[0.5150719787214851, 36.408978751747156], [0.5093319805441773, 36.407952876060484], [0.5132759875380503, 36.40343128244404], [0.5150719787214851, 36.408978751747156]]]]}, "properties": {"speed": 0.8862, "dir_deg": 48.9, "type": "قوي"}}, {"type": "Feature", "geometry": {"type": "MultiPolygon", "coordinates": [[[[0.5410617742650251, 36.39662835389097], [0.5530061561159142, 36.405702037938816], [0.5542159806556272, 36.40410945369204], [0.5422715988047381, 36.39503576964419], [0.5410617742650251, 36.39662835389097]]], [[[0.5575925290027337, 36.407930307164705], [0.5517963315762013, 36.4072946221856], [0.55542580519534, 36.40251686944525], [0.5575925290027337, 36.407930307164705]]]]}, "properties": {"speed": 0.752, "dir_deg": 52.8, "type": "قوي"}}, {"type": "Feature", "geometry": {"type": "MultiPolygon", "coordinates": [[[[0.5827261987018233, 36.396626675928154], [0.5946454111104751, 36.40573339737758], [0.5958596406370653, 36.40414416905643], [0.5839404282284135, 36.395037447607], [0.5827261987018233, 36.396626675928154]]], [[[0.5992255966766541, 36.40797435703348], [0.593431181583885, 36.40732262569873], [0.5970738701636554, 36.40255494073528], [0.5992255966766541, 36.40797435703348]]]]}, "properties": {"speed": 0.494, "dir_deg": 52.6, "type": "متوسط"}}, {"type": "Feature", "geometry": {"type": "MultiPolygon", "coordinates": [[[[0.6244792525398298, 36.39668577253987], [0.6372849141242006, 36.40449698444242], [0.638326409044541, 36.40278956289784], [0.6255207474601702, 36.39497835099529], [0.6244792525398298, 36.39668577253987]]], [[[0.6420742154458277, 36.40624701097098], [0.6362434192038604, 36.406204405987005], [0.6393679039648812, 36.40108214135325], [0.6420742154458277, 36.40624701097098]]]]}, "properties": {"speed": 0.2495, "dir_deg": 58.6, "type": "ضعيف"}}, {"type": "Feature", "geometry": {"type": "MultiPolygon", "coordinates": [[[[0.666933441833616, 36.39679582605961], [0.6813899062141051, 36.392794496578595], [0.6808563956166362, 36.39086696799453], [0.6663999312361472, 36.39486829747555], [0.666933441833616, 36.39679582605961]]], [[[0.6859419723755338, 36.39049695579289], [0.6819234168115739, 36.394722025162665], [0.6803228850191675, 36.388939439410464], [0.6859419723755338, 36.39049695579289]]]]}, "properties": {"speed": 0.1388, "dir_deg": 105.5, "type": "ضعيف"}}, {"type": "Feature", "geometry": {"type": "MultiPolygon", "coordinates": [[[[0.7086821808121399, 36.396769233883134], [0.722739762545532, 36.39153622367781], [0.7220420278514891, 36.3896618794467], [0.707984446118097, 36.39489488965202], [0.7086821808121399, 36.396769233883134]]], [[[0.7270767557763079, 36.38885471482715], [0.7234374972395748, 36.39341056790893], [0.7213442931574462, 36.38778753521558], [0.7270767557763079, 36.38885471482715]]]]}, "properties": {"speed": 0.1293, "dir_deg": 110.4, "type": "ضعيف"}}, {"type": "Feature", "geometry": {"type": "MultiPolygon", "coordinates": [[[[0.749488455151858, 36.396691318346456], [0.7623773038349776, 36.404364491068584], [0.7634003935312615, 36.40264597791083], [0.750511544848142, 36.3949728051887], [0.749488455151858, 36.396691318346456]]], [[[0.7671851315774928, 36.406062958730416], [0.7613542141386935, 36.40608300422633], [0.7644234832275456, 36.40092746475308], [0.7671851315774928, 36.406062958730416]]]]}, "properties": {"speed": 0.1669, "dir_deg": 59.2, "type": "ضعيف"}}, {"type": "Feature", "geometry": {"type": "MultiPolygon", "coordinates": [[[[0.7916413178134547, 36.39683173992977], [0.8066364902464066, 36.397212270751176], [0.8066872276892604, 36.395212914426786], [0.7916920552563085, 36.39483238360538], [0.7916413178134547, 36.39683173992977]]], [[[0.8116602497788175, 36.396339436196115], [0.8065857528035527, 36.39921162707557], [0.8067379651321143, 36.39321355810239], [0.8116602497788175, 36.396339436196115]]]]}, "properties": {"speed": 0.154, "dir_deg": 88.5, "type": "ضعيف"}}, {"type": "Feature", "geometry": {"type": "MultiPolygon", "coordinates": [[[[0.833009236264717, 36.396778092405654], [0.8471996958358687, 36.40163925041168], [0.8478478502366715, 36.399747189135525], [0.8336573906655198, 36.3948860311295], [0.833009236264717, 36.396778092405654]]], [[[0.8522539262266541, 36.4023136057756], [0.8465515414350658, 36.40353131168783], [0.8484960046374744, 36.39785512785937], [0.8522539262266541, 36.4023136057756]]]]}, "properties": {"speed": 0.1306, "dir_deg": 71.1, "type": "ضعيف"}}, {"type": "Feature", "geometry": {"type": "MultiPolygon", "coordinates": [[[[0.8743543607994646, 36.39659570436902], [0.885808999821044, 36.406280292377055], [0.8871002782221148, 36.40475300717417], [0.8756456392005354, 36.39506841916614], [0.8743543607994646, 36.39659570436902]]], [[[0.8902728520287725, 36.40874484577829], [0.8845177214199731, 36.40780757757993], [0.8883915566231857, 36.403225721971296], [0.8902728520287725, 36.40874484577829]]]]}, "properties": {"speed": 0.1318, "dir_deg": 49.8, "type": "ضعيف"}}, {"type": "Feature", "geometry": {"type": "MultiPolygon", "coordinates": [[[[-0.41645067036198385, 36.438476396378384], [-0.4018047246861909, 36.435236600819756], [-0.4022366974273416, 36.43328380806299], [-0.41688264310313455, 36.436523603621616], [-0.41645067036198385, 36.438476396378384]]], [[[-0.3971387291648353, 36.433180272588494], [-0.40137275194504013, 36.43718939357653], [-0.40266867016849234, 36.43133101530621], [-0.3971387291648353, 36.433180272588494]]]]}, "properties": {"speed": 0.5421, "dir_deg": 102.5, "type": "متوسط"}}, {"type": "Feature", "geometry": {"type": "MultiPolygon", "coordinates": [[[[-0.37473582761060265, 36.438464475478526], [-0.3602686954326961, 36.434501889637566], [-0.3607970402114908, 36.432572938680515], [-0.37526417238939735, 36.436535524521474], [-0.37473582761060265, 36.438464475478526]]], [[[-0.3557104904294579, 36.432216552212054], [-0.35974035065390136, 36.436430840594625], [-0.3613253849902855, 36.43064398772346], [-0.3557104904294579, 36.432216552212054]]]]}, "properties": {"speed": 0.5671, "dir_deg": 105.3, "type": "متوسط"}}, {"type": "Feature", "geometry": {"type": "MultiPolygon", "coordinates": [[[[-0.3330277822192527, 36.43845217248744], [-0.3187451949077116, 36.43386875676462], [-0.31935631700408773, 36.43196441178974], [-0.33363890431562887, 36.43654782751256], [-0.3330277822192527, 36.43845217248744]]], [[[-0.3142898935187193, 36.43138877903624], [-0.31813407281133543, 36.435773101739485], [-0.3199674391004639, 36.430060066814875], [-0.3142898935187193, 36.43138877903624]]]]}, "properties": {"speed": 0.582, "dir_deg": 107.8, "type": "متوسط"}}, {"type": "Feature", "geometry": {"type": "MultiPolygon", "coordinates": [[[[-0.29132131994153676, 36.43843847882276], [-0.27724413760015815, 36.43325842695742], [-0.27793481118220303, 36.4313814693119], [-0.29201199352358165, 36.43656152117724], [-0.29132131994153676, 36.43843847882276]]], [[[-0.2728970802773877, 36.43059326417955], [-0.27655346401811326, 36.43513538460294], [-0.2786254847642479, 36.42950451166639], [-0.2728970802773877, 36.43059326417955]]]]}, "properties": {"speed": 0.5835, "dir_deg": 110.2, "type": "متوسط"}}, {"type": "Feature", "geometry": {"type": "MultiPolygon", "coordinates": [[[[-0.2496095980845056, 36.43842064452661], [-0.23579993018534448, 36.43256461579419], [-0.23658073401633326, 36.430723326740974], [-0.2503904019154944, 36.43657935547339], [-0.2496095980845056, 36.43842064452661]]], [[[-0.23158710946778516, 36.42969196169011], [-0.23501912635435573, 36.43440590484742], [-0.237361537847322, 36.42888203768775], [-0.23158710946778516, 36.42969196169011]]]]}, "properties": {"speed": 0.5735, "dir_deg": 113.0, "type": "متوسط"}}, {"type": "Feature", "geometry": {"type": "MultiPolygon", "coordinates": [[[[-0.20789981310429956, 36.43840114622434], [-0.19438261973929835, 36.43189841729463], [-0.19524965026325844, 36.43009612484596], [-0.20876684362825965, 36.43659885377566], [-0.20789981310429956, 36.43840114622434]]], [[[-0.19031040387961132, 36.4288296947604], [-0.19351558921533824, 36.4337007097433], [-0.19611668078721856, 36.428293832397294], [-0.19031040387961132, 36.4288296947604]]]]}, "properties": {"speed": 0.5516, "dir_deg": 115.7, "type": "متوسط"}}, {"type": "Feature", "geometry": {"type": "MultiPolygon", "coordinates": [[[[-0.1662023118393147, 36.43838564664587], [-0.15291761215127564, 36.43142024972978], [-0.15384633174008705, 36.429648956438044], [-0.1671310314281261, 36.43661435335413], [-0.1662023118393147, 36.43838564664587]]], [[[-0.148953738716335, 36.42821280411189], [-0.15198889256246423, 36.43319154302152], [-0.15477505132889846, 36.427877663146305], [-0.148953738716335, 36.42821280411189]]]]}, "properties": {"speed": 0.5185, "dir_deg": 117.7, "type": "متوسط"}}, {"type": "Feature", "geometry": {"type": "MultiPolygon", "coordinates": [[[[-0.12451802152410435, 36.438376183056654], [-0.1113752756742451, 36.43114650591822], [-0.1123392326260364, 36.42939413980491], [-0.12548197847589565, 36.436623816943346], [-0.12451802152410435, 36.438376183056654]]], [[[-0.10747633886685434, 36.427860430482085], [-0.11041131872245377, 36.43289887203154], [-0.11330318957782773, 36.4276417736916], [-0.10747633886685434, 36.427860430482085]]]]}, "properties": {"speed": 0.4816, "dir_deg": 118.8, "type": "متوسط"}}, {"type": "Feature", "geometry": {"type": "MultiPolygon", "coordinates": [[[[-0.08285290508976181, 36.43837703267696], [-0.06969741493532682, 36.43117057177049], [-0.07065827638952359, 36.429416506416565], [-0.08381376654395858, 36.43662296732304], [-0.08285290508976181, 36.43837703267696]]], [[[-0.06579268227761353, 36.42789138545803], [-0.06873655348113004, 36.432924637124415], [-0.07161913784372036, 36.42766244106264], [-0.06579268227761353, 36.42789138545803]]]]}, "properties": {"speed": 0.4473, "dir_deg": 118.7, "type": "متوسط"}}, {"type": "Feature", "geometry": {"type": "MultiPolygon", "coordinates": [[[[-0.04120810561133203, 36.438388662264124], [-0.02787817164945389, 36.43151022780766], [-0.028795296243650025, 36.42973290327941], [-0.04212523020552817, 36.436611337735876], [-0.04120810561133203, 36.438388662264124]]], [[[-0.02389342262592591, 36.428328754058036], [-0.026961047055257755, 36.433287552335905], [-0.02971242083784616, 36.42795557875116], [-0.02389342262592591, 36.428328754058036]]]]}, "properties": {"speed": 0.4219, "dir_deg": 117.3, "type": "متوسط"}}, {"type": "Feature", "geometry": {"type": "MultiPolygon", "coordinates": [[[[0.0004066012642390555, 36.438413605720164], [0.014110687066722211, 36.432314586756576], [0.0132974845382441, 36.43048737531625], [-0.0004066012642390555, 36.436586394279836], [0.0004066012642390555, 36.438413605720164]]], [[[0.018272114403310877, 36.42936797471522], [0.014923889595200322, 36.434141798196904], [0.01248428200976599, 36.42866016387592], [0.018272114403310877, 36.42936797471522]]]]}, "properties": {"speed": 0.3991, "dir_deg": 114.0, "type": "متوسط"}}, {"type": "Feature", "geometry": {"type": "MultiPolygon", "coordinates": [[[[0.04198960541424512, 36.438446420291065], [0.05618590978020756, 36.43360235770384], [0.05554003476857752, 36.43170951712171], [0.04134373040261508, 36.436553579708935], [0.04198960541424512, 36.438446420291065]]], [[[0.06059507372971336, 36.4310412498837], [0.0568317847918376, 36.43549519828597], [0.05489415975694748, 36.42981667653958], [0.06059507372971336, 36.4310412498837]]]]}, "properties": {"speed": 0.3771, "dir_deg": 108.8, "type": "متوسط"}}, {"type": "Feature", "geometry": {"type": "MultiPolygon", "coordinates": [[[[0.08351878259279982, 36.43848265431017], [0.09825859724533395, 36.43570095267108], [0.0978877036934547, 36.433735644050735], [0.08314788904092058, 36.43651734568983], [0.08351878259279982, 36.43848265431017]]], [[[0.10298642202023903, 36.433791064481206], [0.0986294907972132, 36.43766626129141], [0.09751681014157546, 36.4317703354304], [0.10298642202023903, 36.433791064481206]]]]}, "properties": {"speed": 0.3586, "dir_deg": 100.7, "type": "متوسط"}}, {"type": "Feature", "geometry": {"type": "MultiPolygon", "coordinates": [[[[0.12499588538020134, 36.43849999153492], [0.13999575840394327, 36.4385617108319], [0.14000398764354058, 36.43656172776206], [0.12500411461979866, 36.43650000846508], [0.12499588538020134, 36.43849999153492]]], [[[0.14499983069832256, 36.43758229239597], [0.13998752916434593, 36.44056169390173], [0.14001221688313792, 36.43456174469223], [0.14499983069832256, 36.43758229239597]]]]}, "properties": {"speed": 0.3471, "dir_deg": 89.8, "type": "متوسط"}}, {"type": "Feature", "geometry": {"type": "MultiPolygon", "coordinates": [[[[0.1664271746044953, 36.43847089709701], [0.18099063105972188, 36.44206335253539], [0.18146962511817208, 36.44012155834137], [0.1669061686629455, 36.43652910290299], [0.1664271746044953, 36.43847089709701]]], [[[0.1860846135740225, 36.4422899405845], [0.1805116370012717, 36.444005146729424], [0.18194861917662225, 36.438179764147336], [0.1860846135740225, 36.4422899405845]]]]}, "properties": {"speed": 0.3552, "dir_deg": 76.1, "type": "متوسط"}}, {"type": "Feature", "geometry": {"type": "MultiPolygon", "coordinates": [[[[0.20791369184481914, 36.43840769223301], [0.22152907533988564, 36.444702240054916], [0.22236834838280656, 36.4428868555889], [0.20875296488774006, 36.43659230776699], [0.20791369184481914, 36.43840769223301]]], [[[0.22648717302636825, 36.44589273042921], [0.22068980229696475, 36.44651762452092], [0.22320762142572745, 36.441071471122896], [0.22648717302636825, 36.44589273042921]]]]}, "properties": {"speed": 0.4032, "dir_deg": 65.2, "type": "متوسط"}}, {"type": "Feature", "geometry": {"type": "MultiPolygon", "coordinates": [[[[0.24950917639857073, 36.438371258969696], [0.26257806094404756, 36.445733612991134], [0.2635597081469061, 36.44399109505174], [0.25049082360142927, 36.436628741030304], [0.24950917639857073, 36.438371258969696]]], [[[0.2674251793939691, 36.44731647202858], [0.2615964137411891, 36.44747613093053], [0.2645413553497646, 36.442248577112345], [0.2674251793939691, 36.44731647202858]]]]}, "properties": {"speed": 0.4479, "dir_deg": 60.6, "type": "متوسط"}}, {"type": "Feature", "geometry": {"type": "MultiPolygon", "coordinates": [[[[0.2911212433953477, 36.43833816722174], [0.30369375172138013, 36.44651936727991], [0.3047845783958032, 36.44484303283644], [0.29221207006977074, 36.43666183277826], [0.2911212433953477, 36.43833816722174]]], [[[0.30843000116726915, 36.44840826674423], [0.3026029250469571, 36.44819570172338], [0.3058754050702262, 36.44316669839297], [0.30843000116726915, 36.44840826674423]]]]}, "properties": {"speed": 0.4863, "dir_deg": 56.9, "type": "متوسط"}}, {"type": "Feature", "geometry": {"type": "MultiPolygon", "coordinates": [[[[0.33270030211399443, 36.438274118142175], [0.344312074246608, 36.44776973544387], [0.3455781565535007, 36.44622149915952], [0.33396638442088716, 36.436725881857825], [0.33270030211399443, 36.438274118142175]]], [[[0.34881570611092555, 36.45016082306893], [0.34304599193971524, 36.44931797172822], [0.34684423886039345, 36.44467326287517], [0.34881570611092555, 36.45016082306893]]]]}, "properties": {"speed": 0.5592, "dir_deg": 50.7, "type": "متوسط"}}, {"type": "Feature", "geometry": {"type": "MultiPolygon", "coordinates": [[[[0.3743455719390145, 36.438256124270865], [0.3856874360020261, 36.448072545185646], [0.38699629212399705, 36.446560296643916], [0.3756544280609855, 36.436743875729135], [0.3743455719390145, 36.438256124270865]]], [[[0.3901224854173488, 36.45058856121971], [0.3843785798800552, 36.44958479372738], [0.38830514824596796, 36.44504804810218], [0.3901224854173488, 36.45058856121971]]]]}, "properties": {"speed": 0.5936, "dir_deg": 49.1, "type": "متوسط"}}, {"type": "Feature", "geometry": {"type": "MultiPolygon", "coordinates": [[[[0.41599046537361695, 36.43823672603191], [0.42704135585224595, 36.448379596416046], [0.42839373857013047, 36.446906144352226], [0.41734284809150146, 36.43676327396809], [0.41599046537361695, 36.43823672603191]]], [[[0.4314011773707312, 36.451023827178844], [0.4256889731343614, 36.44985304847986], [0.42974612128801504, 36.44543269228841], [0.4314011773707312, 36.451023827178844]]]]}, "properties": {"speed": 0.6341, "dir_deg": 47.5, "type": "قوي"}}, {"type": "Feature", "geometry": {"type": "MultiPolygon", "coordinates": [[[[0.45761500258620663, 36.438195691501804], [0.4680503751132854, 36.448970801720314], [0.46948705647575373, 36.44757941871671], [0.45905168394867496, 36.436804308498196], [0.45761500258620663, 36.438195691501804]]], [[[0.47224717330354576, 36.45186681362468], [0.46661369375081707, 36.45036218472393], [0.47092373783822206, 36.44618803571309], [0.47224717330354576, 36.45186681362468]]]]}, "properties": {"speed": 0.7168, "dir_deg": 44.1, "type": "قوي"}}, {"type": "Feature", "geometry": {"type": "MultiPolygon", "coordinates": [[[[0.4992629528371723, 36.438175841312564], [0.5094005725256257, 36.44923154875498], [0.5108746668512811, 36.44787986612985], [0.5007370471628277, 36.436824158687436], [0.4992629528371723, 36.438175841312564]]], [[[0.5135168262512713, 36.452240943256555], [0.5079264781999703, 36.45058323138011], [0.5123487611769365, 36.446528183504725], [0.5135168262512713, 36.452240943256555]]]]}, "properties": {"speed": 0.8283, "dir_deg": 42.5, "type": "قوي"}}, {"type": "Feature", "geometry": {"type": "MultiPolygon", "coordinates": [[[[0.5409899382158051, 36.43823621444744], [0.5520331549274834, 36.44838743923359], [0.5533866515656364, 36.44691501033871], [0.5423434348539581, 36.43676378555256], [0.5409899382158051, 36.43823621444744]]], [[[0.5563909754837859, 36.45103496638153], [0.5506796582893303, 36.449859868128485], [0.5547401482037895, 36.445442581443814], [0.5563909754837859, 36.45103496638153]]]]}, "properties": {"speed": 0.8305, "dir_deg": 47.4, "type": "قوي"}}, {"type": "Feature", "geometry": {"type": "MultiPolygon", "coordinates": [[[[0.5827023324731812, 36.438275798290675], [0.5943393068333023, 36.447740513169734], [0.5956012688171768, 36.44618891658838], [0.5839642944570557, 36.436724201709325], [0.5827023324731812, 36.438275798290675]]], [[[0.5988492792786133, 36.450119619838745], [0.5930773448494278, 36.449292109751084], [0.5968632308010513, 36.44463732000703], [0.5988492792786133, 36.450119619838745]]]]}, "properties": {"speed": 0.7084, "dir_deg": 50.9, "type": "قوي"}}, {"type": "Feature", "geometry": {"type": "MultiPolygon", "coordinates": [[[[0.6244171202313639, 36.43831255841348], [0.6366054964335416, 36.44705575494302], [0.6377712559708139, 36.445430638116065], [0.6255828797686361, 36.43668744158652], [0.6244171202313639, 36.43831255841348]]], [[[0.6412511682695703, 36.449157595372725], [0.6354397368962694, 36.44868087176998], [0.638937015508086, 36.44380552128911], [0.6412511682695703, 36.449157595372725]]]]}, "properties": {"speed": 0.4703, "dir_deg": 54.3, "type": "متوسط"}}, {"type": "Feature", "geometry": {"type": "MultiPolygon", "coordinates": [[[[0.6663766309322168, 36.43845700979481], [0.6807317778543702, 36.442807843834785], [0.6813118890596999, 36.440893824245165], [0.6669567421375464, 36.43654299020519], [0.6663766309322168, 36.43845700979481]]], [[[0.6858068824310862, 36.4433011120533], [0.6801516666490405, 36.444721863424405], [0.6818920002650296, 36.438979804655546], [0.6858068824310862, 36.4433011120533]]]]}, "properties": {"speed": 0.2177, "dir_deg": 73.1, "type": "ضعيف"}}, {"type": "Feature", "geometry": {"type": "MultiPolygon", "coordinates": [[[[0.7084147141158862, 36.43849668146068], [0.7233649360260211, 36.43727567169916], [0.7232021347244856, 36.43528230877781], [0.7082519128143506, 36.43650331853932], [0.7084147141158862, 36.43849668146068]]], [[[0.7282669426786317, 36.435871986984644], [0.7235277373275567, 36.43926903462051], [0.72303933342295, 36.43328894585646], [0.7282669426786317, 36.435871986984644]]]]}, "properties": {"speed": 0.0889, "dir_deg": 94.7, "type": "ضعيف"}}, {"type": "Feature", "geometry": {"type": "MultiPolygon", "coordinates": [[[[0.7490903984467797, 36.43791548166551], [0.7553226234295054, 36.45155950496382], [0.757141826535946, 36.45072854163279], [0.7509096015532203, 36.43708451833449], [0.7490903984467797, 36.43791548166551]]], [[[0.758309633310301, 36.45569203106441], [0.7535034203230647, 36.45239046829485], [0.7589610296423867, 36.44989757830176], [0.758309633310301, 36.45569203106441]]]]}, "properties": {"speed": 0.0817, "dir_deg": 24.5, "type": "ضعيف"}}, {"type": "Feature", "geometry": {"type": "MultiPolygon", "coordinates": [[[[0.790679017929022, 36.43734344098557], [0.7883306327125698, 36.45215847007346], [0.790305969924289, 36.45247158810232], [0.7926543551407412, 36.43765655901443], [0.790679017929022, 36.43734344098557]]], [[[0.7885355062462787, 36.457253372117194], [0.7863552955008506, 36.4518453520446], [0.7922813071360082, 36.45278470613118], [0.7885355062462787, 36.457253372117194]]]]}, "properties": {"speed": 0.0292, "dir_deg": 351.0, "type": "ضعيف"}}, {"type": "Feature", "geometry": {"type": "MultiPolygon", "coordinates": [[[[0.8324876065158217, 36.43696635240475], [0.824482892587142, 36.4496519566442], [0.8261743064857355, 36.4507192518347], [0.8341790204144152, 36.43803364759525], [0.8324876065158217, 36.43696635240475]]], [[[0.8226603615602123, 36.45441413898594], [0.8227914786885484, 36.448584661453715], [0.8278657203843292, 36.451786547025186], [0.8226603615602123, 36.45441413898594]]]]}, "properties": {"speed": 0.0343, "dir_deg": 327.7, "type": "ضعيف"}}, {"type": "Feature", "geometry": {"type": "MultiPolygon", "coordinates": [[[[0.8741962284568867, 36.43809493806945], [0.8831202994986405, 36.45015151121615], [0.8847278425848673, 36.448961635077254], [0.8758037715431133, 36.43690506193055], [0.8741962284568867, 36.43809493806945]]], [[[0.8868987613890051, 36.453575430862266], [0.8815127564124139, 36.45134138735505], [0.8863353856710938, 36.44777175893835], [0.8868987613890051, 36.453575430862266]]]]}, "properties": {"speed": 0.0661, "dir_deg": 36.5, "type": "ضعيف"}}, {"type": "Feature", "geometry": {"type": "MultiPolygon", "coordinates": [[[[0.9160745880399306, 36.43830586560435], [0.9281625721052025, 36.44718734302862], [0.9293467690951045, 36.44557561181992], [0.9172587850298326, 36.43669413439565], [0.9160745880399306, 36.43830586560435]]], [[[0.9327839986219107, 36.449341969899024], [0.9269783751153005, 36.44879907423732], [0.9305309660850065, 36.443963880611214], [0.9327839986219107, 36.449341969899024]]]]}, "properties": {"speed": 0.1029, "dir_deg": 53.7, "type": "ضعيف"}}, {"type": "Feature", "geometry": {"type": "MultiPolygon", "coordinates": [[[[-0.41644428404196593, 36.48014289996833], [-0.4018198580033955, 36.47680730960943], [-0.40226460338458203, 36.474857386137614], [-0.4168890294231525, 36.478192976496516], [-0.41644428404196593, 36.48014289996833]]], [[[-0.39716742201446525, 36.47472048442056], [-0.4013751126222089, 36.47875723308123], [-0.40270934876576864, 36.47290746266581], [-0.39716742201446525, 36.47472048442056]]]]}, "properties": {"speed": 0.501, "dir_deg": 102.8, "type": "متوسط"}}, {"type": "Feature", "geometry": {"type": "MultiPolygon", "coordinates": [[[[-0.37473113290366145, 36.480131115518546], [-0.36028347361179147, 36.47609810907347], [-0.3608212078044686, 36.47417175450122], [-0.37526886709633855, 36.4782047609463], [-0.37473113290366145, 36.480131115518546]]], [[[-0.3557364542775067, 36.47379059630565], [-0.35974573941911436, 36.47802446364572], [-0.3613589419971457, 36.47224539992897], [-0.3557364542775067, 36.47379059630565]]]]}, "properties": {"speed": 0.5026, "dir_deg": 105.6, "type": "متوسط"}}, {"type": "Feature", "geometry": {"type": "MultiPolygon", "coordinates": [[[[-0.3330217416222418, 36.48011815105843], [-0.3187685492321285, 36.475444126380445], [-0.3193917525225265, 36.473543700728435], [-0.3336449449126398, 36.47821772540642], [-0.3330217416222418, 36.48011815105843]]], [[[-0.3143290867472897, 36.47293590532844], [-0.31814534594173044, 36.47734455203246], [-0.32001495581292455, 36.47164327507642], [-0.3143290867472897, 36.47293590532844]]]]}, "properties": {"speed": 0.4977, "dir_deg": 108.2, "type": "متوسط"}}, {"type": "Feature", "geometry": {"type": "MultiPolygon", "coordinates": [[[[-0.2913100444309362, 36.480102190696336], [-0.277296257472212, 36.474753006171994], [-0.27800948207545795, 36.47288450124417], [-0.2920232690341822, 36.47823368576851], [-0.2913100444309362, 36.480102190696336]]], [[[-0.2729816074542602, 36.47203569219996], [-0.276583032868966, 36.47662151109983], [-0.2787227066787039, 36.47101599631633], [-0.2729816074542602, 36.47203569219996]]]]}, "properties": {"speed": 0.4894, "dir_deg": 110.9, "type": "متوسط"}}, {"type": "Feature", "geometry": {"type": "MultiPolygon", "coordinates": [[[[-0.24959267143774672, 36.48008121992083], [-0.23589344611169807, 36.473971291487025], [-0.23670810323620464, 36.472144728110216], [-0.2504073285622533, 36.47825465654402], [-0.24959267143774672, 36.48008121992083]]], [[[-0.23173436623193513, 36.47102136698736], [-0.23507878898719153, 36.47579785486383], [-0.23752276036071118, 36.47031816473341], [-0.23173436623193513, 36.47102136698736]]]]}, "properties": {"speed": 0.4799, "dir_deg": 114.0, "type": "متوسط"}}, {"type": "Feature", "geometry": {"type": "MultiPolygon", "coordinates": [[[[-0.20788554542988064, 36.480062080526395], [-0.19447341102029722, 36.47334533648041], [-0.19536897689309515, 36.47155705189247], [-0.20878111130267857, 36.47827379593845], [-0.20788554542988064, 36.480062080526395]]], [[[-0.19045048248683505, 36.470212279504445], [-0.1935778451474993, 36.47513362106836], [-0.19626454276589309, 36.46976876730452], [-0.19045048248683505, 36.470212279504445]]]]}, "properties": {"speed": 0.4667, "dir_deg": 116.6, "type": "متوسط"}}, {"type": "Feature", "geometry": {"type": "MultiPolygon", "coordinates": [[[[-0.16618692784793387, 36.480045346860145], [-0.15302579843211925, 36.47284919007335], [-0.1539852860036923, 36.4710943728179], [-0.16714641541950692, 36.4782905296047], [-0.16618692784793387, 36.480045346860145]]], [[[-0.1491184990793009, 36.469573062516695], [-0.15206631086054617, 36.474604007328786], [-0.15494477357526537, 36.46933955556246], [-0.1491184990793009, 36.469573062516695]]]]}, "properties": {"speed": 0.4495, "dir_deg": 118.7, "type": "متوسط"}}, {"type": "Feature", "geometry": {"type": "MultiPolygon", "coordinates": [[[[-0.12449560063225469, 36.480031408717046], [-0.11154354336288316, 36.47246541820087], [-0.11255234209837378, 36.47073847723162], [-0.1255043993677453, 36.4783044677478], [-0.12449560063225469, 36.480031408717046]]], [[[-0.10773059030750462, 36.469079950877514], [-0.11053474462739254, 36.47419235917012], [-0.1135611408338644, 36.46901153626237], [-0.10773059030750462, 36.469079950877514]]]]}, "properties": {"speed": 0.4315, "dir_deg": 120.3, "type": "متوسط"}}, {"type": "Feature", "geometry": {"type": "MultiPolygon", "coordinates": [[[[-0.0828248401369703, 36.480029002773286], [-0.06990887202401048, 36.472401567574934], [-0.07092586338379027, 36.47067943849321], [-0.08384183149675009, 36.47830687369156], [-0.0828248401369703, 36.480029002773286]]], [[[-0.06611204499958044, 36.46899802463462], [-0.06889188066423069, 36.47412369665666], [-0.07194285474357007, 36.46895730941148], [-0.06611204499958044, 36.46899802463462]]]]}, "properties": {"speed": 0.413, "dir_deg": 120.6, "type": "متوسط"}}, {"type": "Feature", "geometry": {"type": "MultiPolygon", "coordinates": [[[[-0.04117183297247908, 36.48003692522091], [-0.028137028145151257, 36.472614401181644], [-0.0291266980170533, 36.47087642720467], [-0.04216150284438112, 36.478298951243936], [-0.04117183297247908, 36.48003692522091]]], [[[-0.02428692813865967, 36.469271239513404], [-0.02714735827324922, 36.474352375158624], [-0.030116367888955338, 36.46913845322769], [-0.02428692813865967, 36.469271239513404]]]]}, "properties": {"speed": 0.3987, "dir_deg": 119.7, "type": "متوسط"}}, {"type": "Feature", "geometry": {"type": "MultiPolygon", "coordinates": [[[[0.0004526000252122987, 36.48005965187322], [0.013828304637120073, 36.473270651495035], [0.012923104586695476, 36.47148722421344], [-0.0004526000252122987, 36.478276224591625], [0.0004526000252122987, 36.48005965187322]]], [[[0.017834272815877034, 36.470115937728174], [0.014733504687544672, 36.47505407877662], [0.012017904536270878, 36.46970379693185], [0.017834272815877034, 36.470115937728174]]]]}, "properties": {"speed": 0.3805, "dir_deg": 116.9, "type": "متوسط"}}, {"type": "Feature", "geometry": {"type": "MultiPolygon", "coordinates": [[[[0.04203329775914368, 36.480098305123796], [0.05598880112976028, 36.47459885736309], [0.05525554142833311, 36.47273812358034], [0.041300038057716516, 36.47823757134105], [0.04203329775914368, 36.480098305123796]]], [[[0.060274005735918894, 36.47183534121815], [0.05672206083118743, 36.47645959114584], [0.05452228172690596, 36.47087738979759], [0.060274005735918894, 36.47183534121815]]]]}, "properties": {"speed": 0.3542, "dir_deg": 111.5, "type": "متوسط"}}, {"type": "Feature", "geometry": {"type": "MultiPolygon", "coordinates": [[[[0.0835630607079877, 36.480141193838314], [0.09816189479633881, 36.4766953204714], [0.0977024450140838, 36.474748809259616], [0.0831036109257327, 36.47819468262653], [0.0835630607079877, 36.480141193838314]]], [[[0.10279844793466168, 36.47457344040987], [0.09862134457859383, 36.47864183168318], [0.09724299523182879, 36.47280229804784], [0.10279844793466168, 36.47457344040987]]]]}, "properties": {"speed": 0.3273, "dir_deg": 103.3, "type": "متوسط"}}, {"type": "Feature", "geometry": {"type": "MultiPolygon", "coordinates": [[[[0.1250045722766482, 36.48016792777951], [0.14000441548297562, 36.48009934362979], [0.1399952709296792, 36.47809936453561], [0.12499542772335179, 36.47816794868533], [0.1250045722766482, 36.48016792777951]]], [[[0.1449997909417699, 36.479076492699456], [0.14001356003627205, 36.48209932272396], [0.13998612637638277, 36.47609938544144], [0.1449997909417699, 36.479076492699456]]]]}, "properties": {"speed": 0.3049, "dir_deg": 90.3, "type": "متوسط"}}, {"type": "Feature", "geometry": {"type": "MultiPolygon", "coordinates": [[[[0.16643815684669808, 36.48014147867437], [0.18104126347594765, 36.48356920047971], [0.1814982930499923, 36.48162211959581], [0.16689518642074272, 36.478194397790475], [0.16643815684669808, 36.48014147867437]]], [[[0.18613748047271983, 36.483738233972865], [0.180584233901903, 36.48551628136361], [0.18195532262403694, 36.47967503871191], [0.18613748047271983, 36.483738233972865]]]]}, "properties": {"speed": 0.3016, "dir_deg": 76.8, "type": "متوسط"}}, {"type": "Feature", "geometry": {"type": "MultiPolygon", "coordinates": [[[[0.20788933720187935, 36.48006396939591], [0.22132980465413957, 36.48672383686191], [0.22221778698294006, 36.48493177453494], [0.20877731953067985, 36.47827190706894], [0.20788933720187935, 36.48006396939591]]], [[[0.22625395163595988, 36.48804776152043], [0.22044182232533907, 36.48851589918888], [0.22310576931174056, 36.48313971220797], [0.22625395163595988, 36.48804776152043]]]]}, "properties": {"speed": 0.3392, "dir_deg": 63.6, "type": "متوسط"}}, {"type": "Feature", "geometry": {"type": "MultiPolygon", "coordinates": [[[[0.2494563703318234, 36.480007263427964], [0.2620462482650123, 36.48816170845061], [0.26313350760136556, 36.48648305805953], [0.2505436296681766, 36.47832861303688], [0.2494563703318234, 36.480007263427964]]], [[[0.26678650391091857, 36.49004053159595], [0.26095898892865915, 36.489840358841704], [0.26422076693771873, 36.484804407668435], [0.26678650391091857, 36.49004053159595]]]]}, "properties": {"speed": 0.3812, "dir_deg": 57.1, "type": "متوسط"}}, {"type": "Feature", "geometry": {"type": "MultiPolygon", "coordinates": [[[[0.2910591926235383, 36.47996228535821], [0.3029743995103938, 36.489074246993525], [0.3041893277284356, 36.487485552741944], [0.2922741208415801, 36.47837359110663], [0.2910591926235383, 36.47996228535821]]], [[[0.3075535992483665, 36.49131722041284], [0.3017594712923519, 36.490662941245105], [0.30540425594647747, 36.485896858490364], [0.3075535992483665, 36.49131722041284]]]]}, "properties": {"speed": 0.4156, "dir_deg": 52.6, "type": "متوسط"}}, {"type": "Feature", "geometry": {"type": "MultiPolygon", "coordinates": [[[[0.3326359836584272, 36.479884659639744], [0.3433868047682864, 36.490345053774945], [0.34478152398631357, 36.4889116109603], [0.33403070287645437, 36.4784512168251], [0.3326359836584272, 36.479884659639744]]], [[[0.34766777141391975, 36.4931151304127], [0.34199208555025923, 36.491778496589596], [0.34617624320434076, 36.48747816814565], [0.34766777141391975, 36.4931151304127]]]]}, "properties": {"speed": 0.4884, "dir_deg": 45.8, "type": "متوسط"}}, {"type": "Feature", "geometry": {"type": "MultiPolygon", "coordinates": [[[[0.37426360733000213, 36.47984449261721], [0.384411923101795, 36.49089038266718], [0.38588470844179074, 36.489537273897604], [0.37573639266999787, 36.47849138384763], [0.37426360733000213, 36.47984449261721]]], [[[0.38853108769572386, 36.493895791632376], [0.3829391377617993, 36.49224349143675], [0.38735749378178647, 36.48818416512803], [0.38853108769572386, 36.493895791632376]]]]}, "properties": {"speed": 0.5516, "dir_deg": 42.6, "type": "متوسط"}}, {"type": "Feature", "geometry": {"type": "MultiPolygon", "coordinates": [[[[0.4159314027760601, 36.47984572995519], [0.4260982786175756, 36.49087453930267], [0.4275687865305738, 36.48951895585714], [0.4174019106890583, 36.47849014650966], [0.4159314027760601, 36.47984572995519]]], [[[0.4302224911879132, 36.493873017362404], [0.42462777070457736, 36.49223012274821], [0.42903929444357203, 36.488163372411606], [0.4302224911879132, 36.493873017362404]]]]}, "properties": {"speed": 0.588, "dir_deg": 42.7, "type": "متوسط"}}, {"type": "Feature", "geometry": {"type": "MultiPolygon", "coordinates": [[[[0.4575816377959949, 36.47982743719694], [0.467474122263742, 36.49110301926863], [0.46897753320663377, 36.489784021339595], [0.45908504873888667, 36.478508439267905], [0.4575816377959949, 36.47982743719694]]], [[[0.47152332255777024, 36.49420204766134], [0.4659707113208502, 36.49242201719766], [0.47048094414952557, 36.48846502341056], [0.47152332255777024, 36.49420204766134]]]]}, "properties": {"speed": 0.6294, "dir_deg": 41.3, "type": "قوي"}}, {"type": "Feature", "geometry": {"type": "MultiPolygon", "coordinates": [[[[0.49921806217139547, 36.479791294657105], [0.5085684085416846, 36.49152036208617], [0.5101322841988936, 36.490273649236805], [0.5007819378286045, 36.47854458180774], [0.49921806217139547, 36.479791294657105]]], [[[0.5124671284937188, 36.49480669480451], [0.5070045328844756, 36.49276707493554], [0.5116961598561026, 36.48902693638743], [0.5124671284937188, 36.49480669480451]]]]}, "properties": {"speed": 0.754, "dir_deg": 38.6, "type": "قوي"}}, {"type": "Feature", "geometry": {"type": "MultiPolygon", "coordinates": [[[[0.5409243332302803, 36.47983794686755], [0.5509744627572166, 36.49097324643657], [0.5524591693664191, 36.489633229166316], [0.5424090398394829, 36.478497929597296], [0.5409243332302803, 36.47983794686755]]], [[[0.5550668592374634, 36.494015004324446], [0.549489756148014, 36.492313263706826], [0.5539438759756218, 36.48829321189606], [0.5550668592374634, 36.494015004324446]]]]}, "properties": {"speed": 0.8074, "dir_deg": 42.1, "type": "قوي"}}, {"type": "Feature", "geometry": {"type": "MultiPolygon", "coordinates": [[[[0.5826532219820519, 36.47990106548922], [0.5936501308340256, 36.49010243773522], [0.5950103138001586, 36.488636183221615], [0.5840134049481849, 36.47843481097562], [0.5826532219820519, 36.47990106548922]]], [[[0.5979958586010834, 36.49276976789375], [0.5922899478678928, 36.49156869224881], [0.5963704967662914, 36.48716992870802], [0.5979958586010834, 36.49276976789375]]]]}, "properties": {"speed": 0.7663, "dir_deg": 47.1, "type": "قوي"}}, {"type": "Feature", "geometry": {"type": "MultiPolygon", "coordinates": [[[[0.6243659419558938, 36.47994122368858], [0.6359652237982512, 36.48945209435017], [0.6372333398864636, 36.48790552343786], [0.6256340580441062, 36.47839465277627], [0.6243659419558938, 36.47994122368858]]], [[[0.6404657091231432, 36.491849099114546], [0.6346971077100387, 36.49099866526249], [0.638501455974676, 36.48635895252554], [0.6404657091231432, 36.491849099114546]]]]}, "properties": {"speed": 0.6302, "dir_deg": 50.6, "type": "قوي"}}, {"type": "Feature", "geometry": {"type": "MultiPolygon", "coordinates": [[[[0.6661065721128271, 36.47999635348712], [0.6785328009332087, 36.48839806981793], [0.6796530297773177, 36.48674123930854], [0.6672268009569361, 36.47833952297773], [0.6661065721128271, 36.47999635348712]]], [[[0.6832349916287237, 36.49037022667351], [0.6774125720890998, 36.490054900327316], [0.6807732586214266, 36.48508440879916], [0.6832349916287237, 36.49037022667351]]]]}, "properties": {"speed": 0.3802, "dir_deg": 55.9, "type": "متوسط"}}, {"type": "Feature", "geometry": {"type": "MultiPolygon", "coordinates": [[[[0.7077779461301369, 36.479999543381055], [0.720252023359655, 36.488330053405775], [0.721362758029618, 36.48666684310851], [0.7088886808000999, 36.47833633308379], [0.7077779461301369, 36.479999543381055]]], [[[0.7249654164378092, 36.49027528493205], [0.7191412886896918, 36.48999326370305], [0.7224734926995812, 36.485003632811235], [0.7249654164378092, 36.49027528493205]]]]}, "properties": {"speed": 0.1904, "dir_deg": 56.3, "type": "ضعيف"}}, {"type": "Feature", "geometry": {"type": "MultiPolygon", "coordinates": [[[[0.7491849537337432, 36.47974733411078], [0.7578758919091452, 36.49197302810464], [0.7595059844416588, 36.490814236347916], [0.7508150462662568, 36.47858854235406], [0.7491849537337432, 36.47974733411078]]], [[[0.7615879175672027, 36.49546886355756], [0.7562457993766314, 36.49313181986136], [0.7611360769741726, 36.48965544459119], [0.7615879175672027, 36.49546886355756]]]]}, "properties": {"speed": 0.1396, "dir_deg": 35.4, "type": "ضعيف"}}, {"type": "Feature", "geometry": {"type": "MultiPolygon", "coordinates": [[[[0.7907508933305694, 36.47956958833753], [0.7967756449072311, 36.49330648640222], [0.7986072313158555, 36.492503186191996], [0.7925824797391938, 36.47876628812731], [0.7907508933305694, 36.47956958833753]]], [[[0.7996996886370972, 36.49748380231867], [0.7949440584986066, 36.49410978661244], [0.80043881772448, 36.491699885981774], [0.7996996886370972, 36.49748380231867]]]]}, "properties": {"speed": 0.0834, "dir_deg": 23.7, "type": "ضعيف"}}, {"type": "Feature", "geometry": {"type": "MultiPolygon", "coordinates": [[[[0.8326625629161138, 36.47842625521319], [0.8215373176277052, 36.48848751344826], [0.8228788187257143, 36.48997087948672], [0.834004064014123, 36.47990962125165], [0.8326625629161138, 36.47842625521319]]], [[[0.8184996530805736, 36.49258294921251], [0.820195816529696, 36.487004147409806], [0.8242203198237236, 36.491454245525176], [0.8184996530805736, 36.49258294921251]]]]}, "properties": {"speed": 0.0611, "dir_deg": 312.1, "type": "ضعيف"}}, {"type": "Feature", "geometry": {"type": "MultiPolygon", "coordinates": [[[[0.8747167064848635, 36.47820890497738], [0.8603312076591932, 36.48245830770443], [0.8608977946894661, 36.48437637421451], [0.8752832935151365, 36.480126971487465], [0.8747167064848635, 36.47820890497738]]], [[[0.8558193348991063, 36.48483380853515], [0.8597646206289202, 36.48054024119433], [0.8614643817197392, 36.486294440724606], [0.8558193348991063, 36.48483380853515]]]]}, "properties": {"speed": 0.139, "dir_deg": 286.5, "type": "ضعيف"}}, {"type": "Feature", "geometry": {"type": "MultiPolygon", "coordinates": [[[[0.91654351183242, 36.47817555323018], [0.9016577367988002, 36.4800231737671], [0.9019040862037234, 36.482007943771585], [0.9167898612373432, 36.480160323234664], [0.91654351183242, 36.47817555323018]]], [[[0.8968189864900552, 36.48163143228165], [0.9014113873938772, 36.47803840376262], [0.9021504356086465, 36.48399271377607], [0.8968189864900552, 36.48163143228165]]]]}, "properties": {"speed": 0.1865, "dir_deg": 277.1, "type": "ضعيف"}}, {"type": "Feature", "geometry": {"type": "MultiPolygon", "coordinates": [[[[0.959041156440793, 36.478461568413], [0.9484456091494865, 36.467843923777885], [0.9470299231981373, 36.46925666341672], [0.9576254704894438, 36.47987430805184], [0.959041156440793, 36.478461568413]]], [[[0.9442059170767096, 36.46501107871893], [0.9498612951008358, 36.46643118413904], [0.945614237246788, 36.47066940305557], [0.9442059170767096, 36.46501107871893]]]]}, "properties": {"speed": 0.2121, "dir_deg": 224.9, "type": "ضعيف"}}, {"type": "Feature", "geometry": {"type": "MultiPolygon", "coordinates": [[[[1.0008647205880628, 36.47866568500488], [0.9933309221748714, 36.46569487618394], [0.9916014809987459, 36.46669938263903], [0.9991352794119372, 36.47967019145997], [1.0008647205880628, 36.47866568500488]]], [[[0.9899549354490781, 36.461873526471166], [0.9950603633509968, 36.46469036972884], [0.9898720398226205, 36.467703889094125], [0.9899549354490781, 36.461873526471166]]]]}, "properties": {"speed": 0.2049, "dir_deg": 210.1, "type": "ضعيف"}}, {"type": "Feature", "geometry": {"type": "MultiPolygon", "coordinates": [[[[-0.4164048911897304, 36.52179719326151], [-0.40192791878068723, 36.517870710119084], [-0.40245144986634485, 36.515940447131214], [-0.416928422275388, 36.51986693027364], [-0.4164048911897304, 36.52179719326151]]], [[[-0.397364026853835, 36.515596750911], [-0.4014043876950296, 36.51980097310696], [-0.40297498095200246, 36.51401018414334], [-0.397364026853835, 36.515596750911]]]]}, "properties": {"speed": 0.3872, "dir_deg": 105.2, "type": "متوسط"}}, {"type": "Feature", "geometry": {"type": "MultiPolygon", "coordinates": [[[[-0.3746912773117949, 36.52178321385941], [-0.36042399593438557, 36.517152373536334], [-0.36104144131079574, 36.515250069352675], [-0.3753087226882051, 36.51988090967575], [-0.3746912773117949, 36.52178321385941]]], [[[-0.35597695816345426, 36.514657608003475], [-0.3598065505579754, 36.519054677719986], [-0.3616588866872059, 36.51334776516902], [-0.35597695816345426, 36.514657608003475]]]]}, "properties": {"speed": 0.3924, "dir_deg": 108.0, "type": "متوسط"}}, {"type": "Feature", "geometry": {"type": "MultiPolygon", "coordinates": [[[[-0.33298100500215494, 36.521767934486924], [-0.3189429142119707, 36.51648286050764], [-0.3196475907425424, 36.514611115068945], [-0.33368568153272665, 36.51989618904823], [-0.33298100500215494, 36.521767934486924]]], [[[-0.31461588888052844, 36.51378529646186], [-0.318238237681399, 36.51835460594633], [-0.32035226727311406, 36.51273936963025], [-0.31461588888052844, 36.51378529646186]]]]}, "properties": {"speed": 0.3953, "dir_deg": 110.6, "type": "متوسط"}}, {"type": "Feature", "geometry": {"type": "MultiPolygon", "coordinates": [[[[-0.29126923603094496, 36.52174969828926], [-0.2775046882056841, 36.51578838776505], [-0.2782995296089126, 36.51395311472168], [-0.29206407743417345, 36.519914425245894], [-0.29126923603094496, 36.52174969828926]]], [[[-0.273313926298878, 36.51288364773529], [-0.27670984680245553, 36.51762366080842], [-0.27909437101214113, 36.51211784167831], [-0.273313926298878, 36.51288364773529]]]]}, "properties": {"speed": 0.3973, "dir_deg": 113.4, "type": "متوسط"}}, {"type": "Feature", "geometry": {"type": "MultiPolygon", "coordinates": [[[[-0.24956559135857956, 36.52173277766744], [-0.236054852860691, 36.515216648046135], [-0.23692367014353188, 36.513415216246415], [-0.25043440864142047, 36.51993134586772], [-0.24956559135857956, 36.52173277766744]]], [[[-0.23198568200281525, 36.51214388893917], [-0.2351860355778501, 36.517018079845855], [-0.2377924874263728, 36.511613784446695], [-0.23198568200281525, 36.51214388893917]]]]}, "properties": {"speed": 0.3993, "dir_deg": 115.7, "type": "متوسط"}}, {"type": "Feature", "geometry": {"type": "MultiPolygon", "coordinates": [[[[-0.20787848158125752, 36.52172263147409], [-0.1945199359835927, 36.51489992969876], [-0.19542962955363688, 36.51311879028573], [-0.20878817515130169, 36.519941492061065], [-0.20787848158125752, 36.52172263147409]]], [[[-0.19052193423605984, 36.51173512606714], [-0.19361024241354852, 36.516681069111776], [-0.19633932312368108, 36.51133765087271], [-0.19052193423605984, 36.51173512606714]]]]}, "properties": {"speed": 0.401, "dir_deg": 117.1, "type": "متوسط"}}, {"type": "Feature", "geometry": {"type": "MultiPolygon", "coordinates": [[[[-0.16619321952063953, 36.521712881327204], [-0.15298092612625347, 36.51461109963099], [-0.1539278303524152, 36.51284946051174], [-0.16714012374680126, 36.51995124220795], [-0.16619321952063953, 36.521712881327204]]], [[[-0.14905028044120566, 36.511363019505964], [-0.15203402190009177, 36.51637273875024], [-0.1548747345785769, 36.511087821392486], [-0.14905028044120566, 36.511363019505964]]]]}, "properties": {"speed": 0.4039, "dir_deg": 118.3, "type": "متوسط"}}, {"type": "Feature", "geometry": {"type": "MultiPolygon", "coordinates": [[[[-0.12450673937424782, 36.5217019433429], [-0.11145851574443606, 36.514303033956615], [-0.11244503699594043, 36.51256327080598], [-0.12549326062575217, 36.51996218019226], [-0.12450673937424782, 36.5217019433429]]], [[[-0.10760236849358433, 36.51096684925253], [-0.1104719944929317, 36.51604279710726], [-0.11343155824744479, 36.51082350765533], [-0.10760236849358433, 36.51096684925253]]]]}, "properties": {"speed": 0.4053, "dir_deg": 119.6, "type": "متوسط"}}, {"type": "Feature", "geometry": {"type": "MultiPolygon", "coordinates": [[[[-0.0828302858094822, 36.52169631907306], [-0.06986642622726971, 36.514150568962386], [-0.07087252624202572, 36.512422054351426], [-0.0838363858242382, 36.5199678044621], [-0.0828302858094822, 36.52169631907306]]], [[[-0.06604818970724355, 36.51077106162002], [-0.0688603262125137, 36.515879083573346], [-0.07187862625678174, 36.510693539740465], [-0.06604818970724355, 36.51077106162002]]]]}, "properties": {"speed": 0.397, "dir_deg": 120.2, "type": "متوسط"}}, {"type": "Feature", "geometry": {"type": "MultiPolygon", "coordinates": [[[[-0.041166852048351445, 36.5216981934585], [-0.028174876684569666, 36.51420095555732], [-0.029174508404726976, 36.51246869217548], [-0.042166483768508754, 36.51996593007666], [-0.041166852048351445, 36.5216981934585]]], [[[-0.02434403409005439, 36.510835744566], [-0.027175244964412357, 36.51593321893916], [-0.030174140124884286, 36.51073642879364], [-0.02434403409005439, 36.510835744566]]]]}, "properties": {"speed": 0.3798, "dir_deg": 120.0, "type": "متوسط"}}, {"type": "Feature", "geometry": {"type": "MultiPolygon", "coordinates": [[[[0.0004705184282608924, 36.52171445193562], [0.013706370948973425, 36.51465667551171], [0.012765334092451642, 36.51289189517562], [-0.0004705184282608924, 36.519949671599534], [0.0004705184282608924, 36.52171445193562]]], [[[0.017647803360950044, 36.51142169320236], [0.01464740780549521, 36.516421455847805], [0.011824297235929856, 36.511127114839525], [0.017647803360950044, 36.51142169320236]]]]}, "properties": {"speed": 0.3544, "dir_deg": 118.1, "type": "متوسط"}}, {"type": "Feature", "geometry": {"type": "MultiPolygon", "coordinates": [[[[0.04206958772502914, 36.521747297049565], [0.05579811695481753, 36.51570349980058], [0.05499227732161945, 36.513873029236606], [0.04126374809183106, 36.51991682648559], [0.04206958772502914, 36.521747297049565]]], [[[0.05997137354814796, 36.512773665435596], [0.056603956588015605, 36.51753397036455], [0.05418643768842138, 36.51204255867263], [0.05997137354814796, 36.512773665435596]]]]}, "properties": {"speed": 0.3198, "dir_deg": 113.8, "type": "متوسط"}}, {"type": "Feature", "geometry": {"type": "MultiPolygon", "coordinates": [[[[0.08359413572027591, 36.52179745464635], [0.09807502890181449, 36.51788545609511], [0.09755342909498307, 36.51595467033757], [0.08307253591344449, 36.51986666888881], [0.08359413572027591, 36.52179745464635]]], [[[0.10264119339224498, 36.51561606369926], [0.0985966287086459, 36.519816241852645], [0.09703182928815167, 36.514023884580034], [0.10264119339224498, 36.51561606369926]]]]}, "properties": {"speed": 0.2782, "dir_deg": 105.1, "type": "ضعيف"}}, {"type": "Feature", "geometry": {"type": "MultiPolygon", "coordinates": [[[[0.12498730568923105, 36.52183198119157], [0.13998609704909312, 36.5220223958531], [0.14001148567063101, 36.52002255700512], [0.12501269431076895, 36.51983214234359], [0.12498730568923105, 36.52183198119157]]], [[[0.14499838847981608, 36.521085947982954], [0.13996070842755523, 36.524022234701086], [0.1400368742921689, 36.518022718157134], [0.14499838847981608, 36.521085947982954]]]]}, "properties": {"speed": 0.2457, "dir_deg": 89.3, "type": "ضعيف"}}, {"type": "Feature", "geometry": {"type": "MultiPolygon", "coordinates": [[[[0.1663869137693876, 36.52179213235735], [0.18078797261595822, 36.52598850032234], [0.1813474883446238, 36.5240683591428], [0.1669464294980532, 36.51987199117781], [0.1663869137693876, 36.52179213235735]]], [[[0.1858680834291479, 36.526427219054234], [0.18022845688729264, 36.52790864150189], [0.18190700407328939, 36.522148217963256], [0.1858680834291479, 36.526427219054234]]]]}, "properties": {"speed": 0.2421, "dir_deg": 73.8, "type": "ضعيف"}}, {"type": "Feature", "geometry": {"type": "MultiPolygon", "coordinates": [[[[0.20782926184288125, 36.521695726598395], [0.220784234305127, 36.52925672444937], [0.2217923673519237, 36.527529394787734], [0.20883739488967795, 36.51996839693676], [0.20782926184288125, 36.521695726598395]]], [[[0.22560662498260725, 36.53091339223555], [0.21977610125833028, 36.530984054111], [0.22280050039872043, 36.5258020651261], [0.22560662498260725, 36.53091339223555]]]]}, "properties": {"speed": 0.2702, "dir_deg": 59.7, "type": "ضعيف"}}, {"type": "Feature", "geometry": {"type": "MultiPolygon", "coordinates": [[[[0.2493692830936451, 36.52160807477265], [0.26100947816969805, 36.53106882836798], [0.2622709119824079, 36.52951680235783], [0.2506307169063549, 36.520056048762505], [0.2493692830936451, 36.52160807477265]]], [[[0.26552026010140395, 36.53344639989468], [0.2597480443569882, 36.532620854378116], [0.26353234579511775, 36.527964776347694], [0.26552026010140395, 36.53344639989468]]]]}, "properties": {"speed": 0.3068, "dir_deg": 50.9, "type": "متوسط"}}, {"type": "Feature", "geometry": {"type": "MultiPolygon", "coordinates": [[[[0.29096417379660555, 36.521543762353986], [0.3016396825927304, 36.53208100639329], [0.3030446484646377, 36.530657605220476], [0.29236913966851286, 36.52012036118117], [0.29096417379660555, 36.521543762353986]]], [[[0.3059006684607256, 36.53488172048665], [0.3002347167208231, 36.533504407566106], [0.304449614336545, 36.52923420404766], [0.3059006684607256, 36.53488172048665]]]]}, "properties": {"speed": 0.3442, "dir_deg": 45.4, "type": "متوسط"}}, {"type": "Feature", "geometry": {"type": "MultiPolygon", "coordinates": [[[[0.3325603375208618, 36.52146646078693], [0.34207632281115435, 36.533061546985614], [0.3436223343043124, 36.531792748946906], [0.3341063490140198, 36.520197662748224], [0.3325603375208618, 36.52146646078693]]], [[[0.34602132365449756, 36.536292176699156], [0.3405303113179964, 36.534330345024316], [0.34516834579747036, 36.530523950908204], [0.34602132365449756, 36.536292176699156]]]]}, "properties": {"speed": 0.4173, "dir_deg": 39.4, "type": "متوسط"}}, {"type": "Feature", "geometry": {"type": "MultiPolygon", "coordinates": [[[[0.37419543782520004, 36.52142593019314], [0.38310346420865143, 36.53349436281514], [0.38471258855825136, 36.53230662596402], [0.37580456217479996, 36.52023819334202], [0.37419543782520004, 36.52142593019314]]], [[[0.3868773685112685, 36.53692330526358], [0.38149433985905157, 36.53468209966627], [0.3863217129078512, 36.53111888911289], [0.3868773685112685, 36.53692330526358]]]]}, "properties": {"speed": 0.5071, "dir_deg": 36.4, "type": "متوسط"}}, {"type": "Feature", "geometry": {"type": "MultiPolygon", "coordinates": [[[[0.4158742924802168, 36.521442110037476], [0.42502501652873925, 36.53332757382261], [0.4266097450334241, 36.532107477282814], [0.4174590209849016, 36.52022201349768], [0.4158742924802168, 36.521442110037476]]], [[[0.4288676221305892, 36.536679346814424], [0.42344028802405437, 36.534547670362414], [0.42819447353810897, 36.53088738074301], [0.4288676221305892, 36.536679346814424]]]]}, "properties": {"speed": 0.56, "dir_deg": 37.6, "type": "متوسط"}}, {"type": "Feature", "geometry": {"type": "MultiPolygon", "coordinates": [[[[0.4575471896225727, 36.521450092872506], [0.4668176561965178, 36.53324239754553], [0.46838996348625406, 36.53200633533567], [0.4591194969123089, 36.52021403066265], [0.4575471896225727, 36.521450092872506]]], [[[0.47069396536603436, 36.53655513466494], [0.46524534890678165, 36.53447845975539], [0.46996227077599023, 36.53077027312581], [0.47069396536603436, 36.53655513466494]]]]}, "properties": {"speed": 0.5751, "dir_deg": 38.2, "type": "متوسط"}}, {"type": "Feature", "geometry": {"type": "MultiPolygon", "coordinates": [[[[0.4991884852734311, 36.52141639373535], [0.5079534647900305, 36.533589114633884], [0.5095764942431683, 36.53242045069834], [0.5008115147265689, 36.520247729799806], [0.4991884852734311, 36.52141639373535]]], [[[0.5116866393554658, 36.537062356298954], [0.5063304353368927, 36.53475777856943], [0.5111995236963061, 36.531251786762795], [0.5116866393554658, 36.537062356298954]]]]}, "properties": {"speed": 0.6915, "dir_deg": 35.8, "type": "قوي"}}, {"type": "Feature", "geometry": {"type": "MultiPolygon", "coordinates": [[[[0.5408812114163084, 36.52145095500401], [0.5501646099628017, 36.53323308178261], [0.5517355601999481, 36.53199529530974], [0.5424521616534548, 36.52021316853114], [0.5408812114163084, 36.52145095500401]]], [[[0.5540445512635394, 36.53654156413904], [0.5485936597256552, 36.534470868255475], [0.5533065104370946, 36.53075750883688], [0.5540445512635394, 36.53654156413904]]]]}, "properties": {"speed": 0.7688, "dir_deg": 38.2, "type": "قوي"}}, {"type": "Feature", "geometry": {"type": "MultiPolygon", "coordinates": [[[[0.5825991080694739, 36.52151098918417], [0.592783019318422, 36.53252407011884], [0.594251430109711, 36.53116621528565], [0.5840675188607629, 36.520153134350984], [0.5825991080694739, 36.52151098918417]]], [[[0.5969118617970492, 36.53551616968047], [0.5913146085271329, 36.533881924952034], [0.5957198409010002, 36.529808360452456], [0.5969118617970492, 36.53551616968047]]]]}, "properties": {"speed": 0.7484, "dir_deg": 42.8, "type": "قوي"}}, {"type": "Feature", "geometry": {"type": "MultiPolygon", "coordinates": [[[[0.6243233409985818, 36.521568358308244], [0.6353677891086015, 36.531718243329514], [0.6367211071114379, 36.53024565024818], [0.6256766590014182, 36.52009576522691], [0.6243233409985818, 36.521568358308244]]], [[[0.6397259308133596, 36.534365241795946], [0.6340144711057649, 36.53319083641085], [0.6380744251142745, 36.528773057166845], [0.6397259308133596, 36.534365241795946]]]]}, "properties": {"speed": 0.6909, "dir_deg": 47.4, "type": "قوي"}}, {"type": "Feature", "geometry": {"type": "MultiPolygon", "coordinates": [[[[0.6660311316408842, 36.521604117449975], [0.6776119668767858, 36.531137440859936], [0.6788830766647805, 36.52959332949514], [0.667302241428879, 36.52006000608518], [0.6660311316408842, 36.521604117449975]]], [[[0.6821078001827504, 36.53354315964753], [0.6763408570887911, 36.53268155222472], [0.6801541864527753, 36.528049218130356], [0.6821078001827504, 36.53354315964753]]]]}, "properties": {"speed": 0.5288, "dir_deg": 50.5, "type": "متوسط"}}, {"type": "Feature", "geometry": {"type": "MultiPolygon", "coordinates": [[[[0.7076847109833588, 36.52159318910295], [0.7191016210139869, 36.531322226329344], [0.720398825977506, 36.5297999716586], [0.708981915946878, 36.520070934432205], [0.7076847109833588, 36.52159318910295]]], [[[0.7235558601726225, 36.533804111402766], [0.7178044160504679, 36.5328444810001], [0.7216960309410251, 36.528277716987844], [0.7235558601726225, 36.533804111402766]]]]}, "properties": {"speed": 0.3409, "dir_deg": 49.6, "type": "متوسط"}}, {"type": "Feature", "geometry": {"type": "MultiPolygon", "coordinates": [[[[0.7492717078556582, 36.52151732854227], [0.7595507094759639, 36.532441710707396], [0.7610072937646475, 36.53107117715802], [0.7507282921443418, 36.52014679499289], [0.7492717078556582, 36.52151732854227]]], [[[0.763705335493741, 36.53539790465442], [0.7580941251872803, 36.533812244256765], [0.7624638780533312, 36.52970064360865], [0.763705335493741, 36.53539790465442]]]]}, "properties": {"speed": 0.2595, "dir_deg": 43.3, "type": "ضعيف"}}, {"type": "Feature", "geometry": {"type": "MultiPolygon", "coordinates": [[[[0.7910253670017677, 36.521599335679845], [0.8025344756857838, 36.531219128676554], [0.8038171147520116, 36.52968458085202], [0.7923080060679955, 36.52006478785531], [0.7910253670017677, 36.521599335679845]]], [[[0.8070121647802363, 36.533658452429854], [0.8012518366195561, 36.53275367650109], [0.8050997538182393, 36.52815003302749], [0.8070121647802363, 36.533658452429854]]]]}, "properties": {"speed": 0.2141, "dir_deg": 50.1, "type": "ضعيف"}}, {"type": "Feature", "geometry": {"type": "MultiPolygon", "coordinates": [[[[0.8329068831719404, 36.52173658219579], [0.846474689595181, 36.52813303659346], [0.847327550181537, 36.52632399573703], [0.8337597437582964, 36.519927541339364], [0.8329068831719404, 36.52173658219579]]], [[[0.8514237220294393, 36.52936066763114], [0.8456218290088251, 36.529942077449896], [0.848180410767893, 36.524514954880594], [0.8514237220294393, 36.52936066763114]]]]}, "properties": {"speed": 0.1735, "dir_deg": 64.8, "type": "ضعيف"}}, {"type": "Feature", "geometry": {"type": "MultiPolygon", "coordinates": [[[[0.8748021984000398, 36.52181230384332], [0.889505829536156, 36.52477932784272], [0.8899014327360764, 36.52281884369124], [0.8751978015999602, 36.51985181969184], [0.8748021984000398, 36.52181230384332]]], [[[0.8946048415148216, 36.52478809376678], [0.8891102263362356, 36.526739811994204], [0.8902970359359967, 36.52085835953976], [0.8946048415148216, 36.52478809376678]]]]}, "properties": {"speed": 0.1434, "dir_deg": 78.6, "type": "ضعيف"}}, {"type": "Feature", "geometry": {"type": "MultiPolygon", "coordinates": [[[[0.9169948804147012, 36.52177667215141], [0.9311640361722267, 36.51685376395412], [0.9305076484125874, 36.51496454318645], [0.916338492655062, 36.519887451383745], [0.9169948804147012, 36.52177667215141]]], [[[0.9355588942115821, 36.514268184171186], [0.9318204239318658, 36.51874298472179], [0.9298512606529482, 36.51307532241878], [0.9355588942115821, 36.514268184171186]]]]}, "properties": {"speed": 0.1581, "dir_deg": 109.2, "type": "ضعيف"}}, {"type": "Feature", "geometry": {"type": "MultiPolygon", "coordinates": [[[[0.959084360417339, 36.521492310565804], [0.9689880923907426, 36.510226606282494], [0.9674859984863013, 36.50890610868604], [0.9575822665128978, 36.52017181296935], [0.959084360417339, 36.521492310565804]]], [[[0.9715382894296565, 36.505811122723166], [0.9704901862951839, 36.51154710387895], [0.96598390458186, 36.50758561108959], [0.9715382894296565, 36.505811122723166]]]]}, "properties": {"speed": 0.1924, "dir_deg": 138.7, "type": "ضعيف"}}, {"type": "Feature", "geometry": {"type": "MultiPolygon", "coordinates": [[[[1.0009744551432234, 36.52105664398826], [1.0043431884534166, 36.50643981683991], [1.00239427816697, 36.505990652398545], [0.9990255448567765, 36.5206074795469], [1.0009744551432234, 36.52105664398826]]], [[[1.004491644413591, 36.50134295890311], [1.0062920987398636, 36.506888981281264], [1.000445367880523, 36.50554148795719], [1.004491644413591, 36.50134295890311]]]]}, "properties": {"speed": 0.1815, "dir_deg": 167.0, "type": "ضعيف"}}, {"type": "Feature", "geometry": {"type": "MultiPolygon", "coordinates": [[[[-0.4163218216043235, 36.56343866326994], [-0.4022418725552217, 36.558266136346404], [-0.4029315428116931, 36.55638880980652], [-0.4170114918607949, 36.56156133673006], [-0.4163218216043235, 36.56343866326994]]], [[[-0.39789339133375673, 36.55560329743528], [-0.4015522022987504, 36.56014346288628], [-0.4036212130681644, 36.554511483266644], [-0.39789339133375673, 36.55560329743528]]]]}, "properties": {"speed": 0.2992, "dir_deg": 110.2, "type": "متوسط"}}, {"type": "Feature", "geometry": {"type": "MultiPolygon", "coordinates": [[[[-0.3746264318790805, 36.563427602748504], [-0.3607123906515163, 36.557824080934715], [-0.36145952689335525, 36.555968875437706], [-0.3753735681209195, 36.561572397251496], [-0.3746264318790805, 36.563427602748504]]], [[[-0.3564479450299144, 36.55502863758161], [-0.35996525440967736, 36.559679286431724], [-0.3622066631351942, 36.5541136699407], [-0.3564479450299144, 36.55502863758161]]]]}, "properties": {"speed": 0.3168, "dir_deg": 111.9, "type": "متوسط"}}, {"type": "Feature", "geometry": {"type": "MultiPolygon", "coordinates": [[[[-0.3329339785206986, 36.56341679212424], [-0.31918209665717184, 36.557426320923106], [-0.3199808261506562, 36.55559273667463], [-0.333732708014183, 36.56158320787576], [-0.3329339785206986, 36.56341679212424]]], [[[-0.31499750078273847, 36.55451270506516], [-0.3183833671636874, 36.55925990517157], [-0.3207795556441406, 36.55375915242617], [-0.31499750078273847, 36.55451270506516]]]]}, "properties": {"speed": 0.3313, "dir_deg": 113.5, "type": "متوسط"}}, {"type": "Feature", "geometry": {"type": "MultiPolygon", "coordinates": [[[[-0.29124063477401907, 36.563404712822305], [-0.2776699424394562, 36.557014383444205], [-0.27852198635653647, 36.555204957799596], [-0.29209267869109934, 36.561595287177695], [-0.29124063477401907, 36.563404712822305]]], [[[-0.2735724002864754, 36.5539795608292], [-0.27681789852237587, 36.558823809088814], [-0.2793740302736168, 36.55339553215499], [-0.2735724002864754, 36.5539795608292]]]]}, "properties": {"speed": 0.3425, "dir_deg": 115.2, "type": "متوسط"}}, {"type": "Feature", "geometry": {"type": "MultiPolygon", "coordinates": [[[[-0.2495574105263832, 36.56339672434886], [-0.23610654529343963, 36.55675788224461], [-0.23699172424067325, 36.554964433546886], [-0.2504425894736168, 36.56160327565114], [-0.2495574105263832, 36.56339672434886]]], [[[-0.2320655130227419, 36.55364821052766], [-0.23522136634620602, 36.558551330942336], [-0.23787690318790686, 36.55317098484916], [-0.2320655130227419, 36.55364821052766]]]]}, "properties": {"speed": 0.3486, "dir_deg": 116.3, "type": "متوسط"}}, {"type": "Feature", "geometry": {"type": "MultiPolygon", "coordinates": [[[[-0.20787574945806075, 36.5633891690181], [-0.19453821418652417, 36.55652548539482], [-0.19545337200296187, 36.55474714735862], [-0.20879090727449845, 36.5616108309819], [-0.20787574945806075, 36.5633891690181]]], [[[-0.1905499480042308, 36.55334842183562], [-0.1936230563700865, 36.558303823431025], [-0.19636852981939953, 36.552968809322415], [-0.1905499480042308, 36.55334842183562]]]]}, "properties": {"speed": 0.3521, "dir_deg": 117.2, "type": "متوسط"}}, {"type": "Feature", "geometry": {"type": "MultiPolygon", "coordinates": [[[[-0.16618704533830234, 36.56337747285812], [-0.1530249524664488, 36.55618307842685], [-0.1539842050572849, 36.554428132710605], [-0.16714629792913846, 36.56162252714188], [-0.16618704533830234, 36.56337747285812]]], [[[-0.14911721447124898, 36.55290747409164], [-0.15206569987561266, 36.5579380241431], [-0.15494345764812104, 36.552673186994355], [-0.14911721447124898, 36.55290747409164]]]]}, "properties": {"speed": 0.3532, "dir_deg": 118.7, "type": "متوسط"}}, {"type": "Feature", "geometry": {"type": "MultiPolygon", "coordinates": [[[[-0.12449014458925305, 36.56336026011191], [-0.11158624291070204, 36.5557124289507], [-0.11260595373219595, 36.553991908726886], [-0.12550985541074697, 36.56163973988809], [-0.12449014458925305, 36.56336026011191]]], [[[-0.10779479776193199, 36.55230289178506], [-0.11056653208920812, 36.557432949174505], [-0.11362566455368987, 36.55227138850308], [-0.10779479776193199, 36.55230289178506]]]]}, "properties": {"speed": 0.3444, "dir_deg": 120.7, "type": "متوسط"}}, {"type": "Feature", "geometry": {"type": "MultiPolygon", "coordinates": [[[[-0.08279842158496654, 36.56334490636435], [-0.07012482611972996, 36.55532119288595], [-0.07119465458351727, 36.55363138015725], [-0.08386825004875385, 36.56165509363565], [-0.08279842158496654, 36.56334490636435]]], [[[-0.06643520852987808, 36.551801715362124], [-0.06905499765594265, 36.55701100561465], [-0.07226448304730458, 36.55194156742855], [-0.06643520852987808, 36.551801715362124]]]]}, "properties": {"speed": 0.3237, "dir_deg": 122.3, "type": "متوسط"}}, {"type": "Feature", "geometry": {"type": "MultiPolygon", "coordinates": [[[[-0.041128711439541936, 36.56334297261971], [-0.028484122143886233, 36.55527362558639], [-0.029560035081662554, 36.55358768034697], [-0.04220462437731826, 36.56165702738029], [-0.041128711439541936, 36.56334297261971]]], [[[-0.024807215514222488, 36.55174087062224], [-0.027408209206109913, 36.55695957082581], [-0.030635948019438874, 36.55190173510755], [-0.024807215514222488, 36.55174087062224]]]]}, "properties": {"speed": 0.3005, "dir_deg": 122.5, "type": "متوسط"}}, {"type": "Feature", "geometry": {"type": "MultiPolygon", "coordinates": [[[[0.0005103626144040716, 36.56335995930242], [0.013409752150703618, 36.55570452008636], [0.012389026921895476, 36.553984601481524], [-0.0005103626144040716, 36.56164004069758], [0.0005103626144040716, 36.56335995930242]]], [[[0.017199186048399397, 36.55229274771192], [0.014430477379511761, 36.5574244386912], [0.011368301693087333, 36.55226468287668], [0.017199186048399397, 36.55229274771192]]]]}, "properties": {"speed": 0.2767, "dir_deg": 120.7, "type": "ضعيف"}}, {"type": "Feature", "geometry": {"type": "MultiPolygon", "coordinates": [[[[0.04211103364548869, 36.56339584546197], [0.05554871557500632, 36.55673035940609], [0.05465998410088914, 36.55493866848215], [0.04122230217137151, 36.56160415453803], [0.04211103364548869, 36.56339584546197]]], [[[0.05958357714778694, 36.55361268525883], [0.0564374470491235, 36.558522050330026], [0.05377125262677196, 36.553146977558214], [0.05958357714778694, 36.55361268525883]]]]}, "properties": {"speed": 0.2465, "dir_deg": 116.4, "type": "ضعيف"}}, {"type": "Feature", "geometry": {"type": "MultiPolygon", "coordinates": [[[[0.08361266912072875, 36.563460194201895], [0.09801558214913113, 36.559270194643865], [0.09745691554139403, 36.557349806240076], [0.08305400251299165, 36.561539805798105], [0.08361266912072875, 36.563460194201895]]], [[[0.10253721985473005, 36.55691333392263], [0.09857424875686822, 36.561190583047654], [0.09689824893365694, 36.55542941783629], [0.10253721985473005, 36.55691333392263]]]]}, "properties": {"speed": 0.2093, "dir_deg": 106.2, "type": "ضعيف"}}, {"type": "Feature", "geometry": {"type": "MultiPolygon", "coordinates": [[[[0.12495011617276845, 36.56349875502691], [0.139931441576439, 36.56424701243539], [0.14003120923090212, 36.56224950238156], [0.12504988382723156, 36.56150124497309], [0.12495011617276845, 36.56349875502691]]], [[[0.14497510053822743, 36.56349767654463], [0.1398316739219759, 36.56624452248921], [0.14013097688536522, 36.56025199232774], [0.14497510053822743, 36.56349767654463]]]]}, "properties": {"speed": 0.1834, "dir_deg": 87.1, "type": "ضعيف"}}, {"type": "Feature", "geometry": {"type": "MultiPolygon", "coordinates": [[[[0.16628641640562336, 36.563424881593235], [0.18015964030414808, 36.56912871001469], [0.18092015076034215, 36.56727894682822], [0.16704692686181744, 36.561575118406765], [0.16628641640562336, 36.563424881593235]]], [[[0.18516430349842003, 36.57010510456194], [0.17939912984795403, 36.57097847320116], [0.1816806612165362, 36.56542918364175], [0.18516430349842003, 36.57010510456194]]]]}, "properties": {"speed": 0.1874, "dir_deg": 67.7, "type": "ضعيف"}}, {"type": "Feature", "geometry": {"type": "MultiPolygon", "coordinates": [[[[0.20773014064509046, 36.5632975992559], [0.21969412948353795, 36.572345415073734], [0.22090050492591623, 36.57075021656194], [0.20893651608746874, 36.5617024007441], [0.20773014064509046, 36.5632975992559]]], [[[0.22428531348420958, 36.574563754423785], [0.21848775404115967, 36.57394061358553], [0.2221068803682945, 36.56915501805015], [0.22428531348420958, 36.574563754423785]]]]}, "properties": {"speed": 0.2138, "dir_deg": 52.9, "type": "ضعيف"}}, {"type": "Feature", "geometry": {"type": "MultiPolygon", "coordinates": [[[[0.24926736384461964, 36.563180620499125], [0.25947667133149804, 36.57417016282983], [0.2609419436422588, 36.57280892183158], [0.2507326361553804, 36.561819379500875], [0.24926736384461964, 36.563180620499125]]], [[[0.26361240998250457, 36.57715272310761], [0.25801139902073733, 36.57553140382808], [0.2624072159530195, 36.57144768083333], [0.26361240998250457, 36.57715272310761]]]]}, "properties": {"speed": 0.2506, "dir_deg": 42.9, "type": "ضعيف"}}, {"type": "Feature", "geometry": {"type": "MultiPolygon", "coordinates": [[[[0.2908776946886651, 36.56311444193647], [0.3000943237357326, 36.57494887259488], [0.3016722478235208, 36.57371998872194], [0.2924556187764533, 36.56188555806353], [0.2908776946886651, 36.56311444193647]]], [[[0.3039554954619826, 36.57827924087788], [0.2985163996479444, 36.57617775646782], [0.303250171911309, 36.572491104849], [0.3039554954619826, 36.57827924087788]]]]}, "properties": {"speed": 0.2945, "dir_deg": 37.9, "type": "ضعيف"}}, {"type": "Feature", "geometry": {"type": "MultiPolygon", "coordinates": [[[[0.3325138963666758, 36.563073155107126], [0.3411112229735923, 36.5753648586186], [0.34275011677512235, 36.574218548404346], [0.3341527901682058, 36.561926844892874], [0.3325138963666758, 36.563073155107126]]], [[[0.3447964454099962, 36.5788889380153], [0.3394723291720623, 36.57651116883286], [0.34438901057665233, 36.573072238190086], [0.3447964454099962, 36.5788889380153]]]]}, "properties": {"speed": 0.3659, "dir_deg": 35.0, "type": "متوسط"}}, {"type": "Feature", "geometry": {"type": "MultiPolygon", "coordinates": [[[[0.37416655034188684, 36.56305259539212], [0.38245548122367024, 36.57555434026382], [0.38412238053989656, 36.57444914947958], [0.37583344965811316, 36.56194740460788], [0.37416655034188684, 36.56305259539212]]], [[[0.3860519078423779, 36.57916899316226], [0.38078858190744386, 36.57665953104806], [0.38578927985612294, 36.57334395869534], [0.3860519078423779, 36.57916899316226]]]]}, "properties": {"speed": 0.4571, "dir_deg": 33.5, "type": "متوسط"}}, {"type": "Feature", "geometry": {"type": "MultiPolygon", "coordinates": [[[[0.41583530939481167, 36.56305575318624], [0.4241716071884674, 36.57552596325245], [0.4258343018639625, 36.57441445687997], [0.41749800407030674, 36.56194424681376], [0.41583530939481167, 36.56305575318624]]], [[[0.42778172045743357, 36.579126946754954], [0.4225089125129723, 36.57663746962494], [0.4274969965394576, 36.57330295050748], [0.42778172045743357, 36.579126946754954]]]]}, "properties": {"speed": 0.5144, "dir_deg": 33.8, "type": "متوسط"}}, {"type": "Feature", "geometry": {"type": "MultiPolygon", "coordinates": [[[[0.457506955383091, 36.5630631012916], [0.4659534747570685, 36.575458919556844], [0.4676062505257681, 36.57433271697365], [0.4591597311517906, 36.5619368987084], [0.457506955383091, 36.5630631012916]]], [[[0.4695953690994108, 36.579027757686994], [0.46430069898836895, 36.576585122140045], [0.46925902629446764, 36.57320651439045], [0.4695953690994108, 36.579027757686994]]]]}, "properties": {"speed": 0.5266, "dir_deg": 34.3, "type": "متوسط"}}, {"type": "Feature", "geometry": {"type": "MultiPolygon", "coordinates": [[[[0.49916521449451456, 36.563050575298966], [0.507423843979004, 36.57557235788125], [0.5090934149899748, 36.57447120728332], [0.5008347855054854, 36.561949424701034], [0.49916521449451456, 36.563050575298966]]], [[[0.5110115059793192, 36.57919571010971], [0.5057542729680332, 36.57667350847918], [0.5107629860009456, 36.573370056685384], [0.5110115059793192, 36.57919571010971]]]]}, "properties": {"speed": 0.6363, "dir_deg": 33.4, "type": "قوي"}}, {"type": "Feature", "geometry": {"type": "MultiPolygon", "coordinates": [[[[0.5408553508678163, 36.563084580563604], [0.5496240593219307, 36.575254615569584], [0.5512467306560612, 36.574085454442375], [0.5424780222019469, 36.561915419436396], [0.5408553508678163, 36.563084580563604]]], [[[0.553358297807034, 36.578726713341304], [0.5480013879878003, 36.5764237766968], [0.5528694019901916, 36.57291629331516], [0.553358297807034, 36.578726713341304]]]]}, "properties": {"speed": 0.7238, "dir_deg": 35.8, "type": "قوي"}}, {"type": "Feature", "geometry": {"type": "MultiPolygon", "coordinates": [[[[0.5825590316965924, 36.5631328410092], [0.5920516468346282, 36.57474706753709], [0.5936002103716802, 36.57348138551869], [0.5841075952336444, 36.5618671589908], [0.5825590316965924, 36.5631328410092]]], [[[0.5959901336491661, 36.57798563537052], [0.5905030832975763, 36.576012749555495], [0.5951487739087321, 36.572215703500284], [0.5959901336491661, 36.57798563537052]]]]}, "properties": {"speed": 0.7224, "dir_deg": 39.3, "type": "قوي"}}, {"type": "Feature", "geometry": {"type": "MultiPolygon", "coordinates": [[[[0.6242824178979286, 36.56319647392398], [0.6347295267576568, 36.57396020545505], [0.6361646909617996, 36.57256725760709], [0.6257175821020714, 36.56180352607602], [0.6242824178979286, 36.56319647392398]]], [[[0.6389294784796375, 36.576851642041426], [0.6332943625535139, 36.57535315330302], [0.6375998551659425, 36.57117430975912], [0.6389294784796375, 36.576851642041426]]]]}, "properties": {"speed": 0.6864, "dir_deg": 44.1, "type": "قوي"}}, {"type": "Feature", "geometry": {"type": "MultiPolygon", "coordinates": [[[[0.6659982142072464, 36.5632437370148], [0.67715426942927, 36.57327082192933], [0.6784912140845405, 36.571783347899725], [0.6673351588625168, 36.5617562629852], [0.6659982142072464, 36.5632437370148]]], [[[0.6815414268309132, 36.5758694465527], [0.6758173247739997, 36.57475829595893], [0.6798281587398108, 36.57029587387012], [0.6815414268309132, 36.5758694465527]]]]}, "properties": {"speed": 0.602, "dir_deg": 48.1, "type": "قوي"}}, {"type": "Feature", "geometry": {"type": "MultiPolygon", "coordinates": [[[[0.7076878041706315, 36.56326375241455], [0.7191440903888814, 36.572946391831856], [0.7204351089778552, 36.57141888700276], [0.7089788227596053, 36.56173624758545], [0.7076878041706315, 36.56326375241455]]], [[[0.7236083617561183, 36.57541018588974], [0.7178530717999074, 36.574473896660955], [0.7217261275668292, 36.56989138217366], [0.7236083617561183, 36.57541018588974]]]]}, "properties": {"speed": 0.4691, "dir_deg": 49.8, "type": "متوسط"}}, {"type": "Feature", "geometry": {"type": "MultiPolygon", "coordinates": [[[[0.7493542274611875, 36.56326352984756], [0.7608071751745943, 36.57295011792975], [0.7620987202522193, 36.57142305823463], [0.7506457725388125, 36.56173647015244], [0.7493542274611875, 36.56326352984756]]], [[[0.765270596951209, 36.57541545077625], [0.7595156300969693, 36.57447717762487], [0.7633902653298442, 36.56989599853951], [0.765270596951209, 36.57541545077625]]]]}, "properties": {"speed": 0.3896, "dir_deg": 49.8, "type": "متوسط"}}, {"type": "Feature", "geometry": {"type": "MultiPolygon", "coordinates": [[[[0.791125031886871, 36.563340601119606], [0.8037340486810115, 36.571465420839765], [0.8048173579770327, 36.56978421860055], [0.7922083411828922, 36.561659398880394], [0.791125031886871, 36.563340601119606]]], [[[0.8084787089270689, 36.57333309296021], [0.8026507393849903, 36.57314662307898], [0.8059006672730539, 36.568103016361334], [0.8084787089270689, 36.57333309296021]]]]}, "properties": {"speed": 0.36, "dir_deg": 57.2, "type": "متوسط"}}, {"type": "Feature", "geometry": {"type": "MultiPolygon", "coordinates": [[[[0.8330273506764965, 36.563452043471685], [0.8473080027517764, 36.568041485301016], [0.8479199283290203, 36.56613739835765], [0.8336392762537403, 36.561547956528315], [0.8330273506764965, 36.563452043471685]]], [[[0.852374182898825, 36.56861925577244], [0.8466960771745324, 36.569945572244386], [0.8485318539062643, 36.56423331141428], [0.852374182898825, 36.56861925577244]]]]}, "properties": {"speed": 0.3402, "dir_deg": 72.2, "type": "متوسط"}}, {"type": "Feature", "geometry": {"type": "MultiPolygon", "coordinates": [[[[0.8749566068483144, 36.56349905807358], [0.8899424779520251, 36.56414995534887], [0.8900292642553962, 36.562151839201704], [0.8750433931516856, 36.56150094192642], [0.8749566068483144, 36.56349905807358]]], [[[0.8949811614716141, 36.56336786303371], [0.889855691648654, 36.56614807149603], [0.8901160505587673, 36.56015372305454], [0.8949811614716141, 36.56336786303371]]]]}, "properties": {"speed": 0.3269, "dir_deg": 87.5, "type": "متوسط"}}, {"type": "Feature", "geometry": {"type": "MultiPolygon", "coordinates": [[[[0.9169233724581047, 36.5634664948716], [0.9314207955320272, 36.55961620602325], [0.9309074236855809, 36.557683216280054], [0.9164100006116584, 36.5615335051284], [0.9169233724581047, 36.5634664948716]]], [[[0.9359965839667782, 36.557366281535536], [0.9319341673784733, 36.56154919576644], [0.9303940518391347, 36.555750226536865], [0.9359965839667782, 36.557366281535536]]]]}, "properties": {"speed": 0.3175, "dir_deg": 104.9, "type": "متوسط"}}, {"type": "Feature", "geometry": {"type": "MultiPolygon", "coordinates": [[[[0.9588195320825946, 36.56337383720224], [0.9719270901162027, 36.5560805579401], [0.9709546528812503, 36.554332883535615], [0.9578470948476422, 36.56162616279776], [0.9588195320825946, 36.56337383720224]]], [[[0.9758100575099291, 36.552775627650476], [0.972899527351155, 36.557828232344576], [0.9699822156462979, 36.55258520913114], [0.9758100575099291, 36.552775627650476]]]]}, "properties": {"speed": 0.3289, "dir_deg": 119.1, "type": "متوسط"}}, {"type": "Feature", "geometry": {"type": "MultiPolygon", "coordinates": [[[[1.0005941431903844, 36.56330435929119], [1.012659532558199, 36.55439221143542], [1.0114712461774302, 36.552783492853045], [0.9994058568096156, 36.56169564070881], [1.0005941431903844, 36.56330435929119]]], [[[1.0160871858237528, 36.550617136192315], [1.0138478189389677, 36.556000930017795], [1.0102829597966616, 36.55117477427067], [1.0160871858237528, 36.550617136192315]]]]}, "properties": {"speed": 0.3688, "dir_deg": 126.5, "type": "متوسط"}}, {"type": "Feature", "geometry": {"type": "MultiPolygon", "coordinates": [[[[-0.41622521120444117, 36.605065226282996], [-0.4027658904458172, 36.59844354336123], [-0.40364878150205324, 36.59664896726008], [-0.41710810226067724, 36.60327065018185], [-0.41622521120444117, 36.605065226282996]]], [[[-0.3987208957210605, 36.59533902767006], [-0.40188299938958105, 36.600238119462375], [-0.40453167255828937, 36.59485439115893], [-0.3987208957210605, 36.59533902767006]]]]}, "properties": {"speed": 0.2604, "dir_deg": 116.2, "type": "ضعيف"}}, {"type": "Feature", "geometry": {"type": "MultiPolygon", "coordinates": [[[[-0.37455403132601467, 36.605062986801954], [-0.361128302783014, 36.59837345669217], [-0.36202024013098466, 36.59658335955311], [-0.37544596867398533, 36.60327288966289], [-0.37455403132601467, 36.605062986801954]]], [[[-0.3570990286093324, 36.595248564752715], [-0.3602363654350433, 36.60016355383124], [-0.3629121774789554, 36.59479326241404], [-0.3570990286093324, 36.595248564752715]]]]}, "properties": {"speed": 0.2762, "dir_deg": 116.5, "type": "ضعيف"}}, {"type": "Feature", "geometry": {"type": "MultiPolygon", "coordinates": [[[[-0.3328791059285338, 36.6050588189427], [-0.31951589527438684, 36.598245258859095], [-0.3204243699522008, 36.596463497438535], [-0.3337875806063478, 36.60327705752214], [-0.3328791059285338, 36.6050588189427]]], [[[-0.31551572906191144, 36.59508319145428], [-0.3186074205965729, 36.60002702027965], [-0.32133284463001477, 36.59468173601798], [-0.31551572906191144, 36.59508319145428]]]]}, "properties": {"speed": 0.2876, "dir_deg": 117.0, "type": "ضعيف"}}, {"type": "Feature", "geometry": {"type": "MultiPolygon", "coordinates": [[[[-0.2911983059512895, 36.60505148084355], [-0.2779451667843258, 36.598026219124506], [-0.27888186834686524, 36.59625913390225], [-0.2921350075138289, 36.603284395621294], [-0.2911983059512895, 36.60505148084355]]], [[[-0.27399580450994093, 36.59480092260703], [-0.27700846522178635, 36.59979330434677], [-0.2798185699094047, 36.59449204867999], [-0.27399580450994093, 36.59480092260703]]]]}, "properties": {"speed": 0.2927, "dir_deg": 117.9, "type": "ضعيف"}}, {"type": "Feature", "geometry": {"type": "MultiPolygon", "coordinates": [[[[-0.2495213294699327, 36.60504593283585], [-0.23635141041854343, 36.59786587488484], [-0.23730875147867805, 36.59610988567798], [-0.2504786705300673, 36.603289943628994], [-0.2495213294699327, 36.60504593283585]]], [[[-0.23244010793148098, 36.594594527631074], [-0.23539406935840884, 36.59962186409169], [-0.23826609253881265, 36.594353896471134], [-0.23244010793148098, 36.594594527631074]]]]}, "properties": {"speed": 0.2916, "dir_deg": 118.6, "type": "ضعيف"}}, {"type": "Feature", "geometry": {"type": "MultiPolygon", "coordinates": [[[[-0.20783715421854798, 36.605036161253956], [-0.19481380889552782, 36.59759354903798], [-0.19580615719099106, 36.59585710299491], [-0.20882950251401122, 36.60329971521089], [-0.20783715421854798, 36.605036161253956]]], [[[-0.19096886793558607, 36.59424445527779], [-0.1938214606000646, 36.59932999508105], [-0.19679850548645428, 36.594120656951844], [-0.19096886793558607, 36.59424445527779]]]]}, "properties": {"speed": 0.2909, "dir_deg": 119.7, "type": "ضعيف"}}, {"type": "Feature", "geometry": {"type": "MultiPolygon", "coordinates": [[[[-0.16614713260984929, 36.605022384955554], [-0.1533304317628337, 36.59722929959749], [-0.15436950981057593, 36.59552040615122], [-0.1671862106575915, 36.60331349150929], [-0.16614713260984929, 36.605022384955554]]], [[[-0.14957773717103298, 36.593777157755], [-0.1522913537150915, 36.59893819304376], [-0.15540858785831813, 36.59381151270495], [-0.14957773717103298, 36.593777157755]]]]}, "properties": {"speed": 0.2862, "dir_deg": 121.3, "type": "ضعيف"}}, {"type": "Feature", "geometry": {"type": "MultiPolygon", "coordinates": [[[[-0.12445359641296229, 36.605005460244115], [-0.11189076623754905, 36.59680940643855], [-0.11298357341162447, 36.595134362415166], [-0.1255464035870377, 36.60333041622073], [-0.12445359641296229, 36.605005460244115]]], [[[-0.1082495597661157, 36.593239866491665], [-0.11079795906347364, 36.59848445046194], [-0.11407638058569988, 36.59345931839178], [-0.1082495597661157, 36.593239866491665]]]]}, "properties": {"speed": 0.2714, "dir_deg": 123.1, "type": "ضعيف"}}, {"type": "Feature", "geometry": {"type": "MultiPolygon", "coordinates": [[[[-0.08276446523328598, 36.60499036528642], [-0.07042805942335155, 36.596457306532805], [-0.07156580059049998, 36.59481245242481], [-0.08390220640043441, 36.603345511178425], [-0.08276446523328598, 36.60499036528642]]], [[[-0.06688479473694763, 36.59279052656094], [-0.06929031825620312, 36.59810216064079], [-0.07270354175764841, 36.593167598316825], [-0.06688479473694763, 36.59279052656094]]]]}, "properties": {"speed": 0.2503, "dir_deg": 124.7, "type": "ضعيف"}}, {"type": "Feature", "geometry": {"type": "MultiPolygon", "coordinates": [[[[-0.04108969739229652, 36.60498470320689], [-0.0288382227753239, 36.59633014546488], [-0.029992163807591052, 36.59469661551595], [-0.042243638424563676, 36.603351173257956], [-0.04108969739229652, 36.60498470320689]]], [[[-0.02533136841913327, 36.59262852790975], [-0.027684281743056743, 36.59796367541381], [-0.031146104839858208, 36.593063085567024], [-0.02533136841913327, 36.59262852790975]]]]}, "properties": {"speed": 0.2283, "dir_deg": 125.2, "type": "ضعيف"}}, {"type": "Feature", "geometry": {"type": "MultiPolygon", "coordinates": [[[[0.0005641165757056757, 36.60499363338744], [0.012949543900920301, 36.596531884751855], [0.01182131074950895, 36.594880494441824], [-0.0005641165757056757, 36.60334224307741], [0.0005641165757056757, 36.60499363338744]]], [[[0.016513903100286168, 36.592885606718305], [0.014077777052331653, 36.598183275061885], [0.010693077598097598, 36.593229104131794], [0.016513903100286168, 36.592885606718305]]]]}, "properties": {"speed": 0.2048, "dir_deg": 124.3, "type": "ضعيف"}}, {"type": "Feature", "geometry": {"type": "MultiPolygon", "coordinates": [[[[0.042174632068928596, 36.60502931643719], [0.05509530514044614, 36.59740985402971], [0.054079376819449146, 36.59568709762018], [0.0411587037479316, 36.603306560027654], [0.042174632068928596, 36.60502931643719]]], [[[0.05889423200378682, 36.59400865502245], [0.05611123346144312, 36.59913261043925], [0.05306344849845216, 36.59396434121064], [0.05889423200378682, 36.59400865502245]]]]}, "properties": {"speed": 0.1772, "dir_deg": 120.5, "type": "ضعيف"}}, {"type": "Feature", "geometry": {"type": "MultiPolygon", "coordinates": [[[[0.08365185283845047, 36.60511585537382], [0.09787060995942921, 36.60033810004996], [0.09723357591624866, 36.59844226576717], [0.08301481879526992, 36.603220021091026], [0.08365185283845047, 36.60511585537382]]], [[[0.10229167864483185, 36.597797597800614], [0.09850764400260976, 36.60223393433276], [0.09659654187306811, 36.59654643148437], [0.10229167864483185, 36.597797597800614]]]]}, "properties": {"speed": 0.1462, "dir_deg": 108.6, "type": "ضعيف"}}, {"type": "Feature", "geometry": {"type": "MultiPolygon", "coordinates": [[[[0.12491029528361017, 36.60516390663747], [0.139849821359357, 36.60650947738332], [0.14002923079213667, 36.60451754057322], [0.12508970471638983, 36.60317196982737], [0.12491029528361017, 36.60516390663747]]], [[[0.14491936810099576, 36.60596203256022], [0.13967041192657734, 36.60850141419342], [0.14020864022491633, 36.60252560376312], [0.14491936810099576, 36.60596203256022]]]]}, "properties": {"speed": 0.1298, "dir_deg": 84.9, "type": "ضعيف"}}, {"type": "Feature", "geometry": {"type": "MultiPolygon", "coordinates": [[[[0.16617706128699825, 36.605039879577], [0.17925618145565214, 36.61238403477783], [0.18023540214909645, 36.61064015208868], [0.16715628198044255, 36.603295996887844], [0.16617706128699825, 36.605039879577]]], [[[0.18410549852525893, 36.613960145166864], [0.17827696076220786, 36.61412791746699], [0.18121462284254072, 36.60889626939952], [0.18410549852525893, 36.613960145166864]]]]}, "properties": {"speed": 0.1433, "dir_deg": 60.7, "type": "ضعيف"}}, {"type": "Feature", "geometry": {"type": "MultiPolygon", "coordinates": [[[[0.20763149410587298, 36.6048802785099], [0.21831659826806438, 36.615407792416], [0.21972026678887763, 36.61398311186104], [0.20903516262668623, 36.60345559795494], [0.20763149410587298, 36.6048802785099]]], [[[0.22258013391586814, 36.618204623440555], [0.2169129297472511, 36.616832472970955], [0.2211239353096909, 36.612558431306084], [0.22258013391586814, 36.618204623440555]]]]}, "properties": {"speed": 0.1721, "dir_deg": 45.4, "type": "ضعيف"}}, {"type": "Feature", "geometry": {"type": "MultiPolygon", "coordinates": [[[[0.24919187877393403, 36.604756954432524], [0.25802712177545206, 36.61687877282351], [0.25964336422758394, 36.61570074042331], [0.25080812122606594, 36.60357892203232], [0.24919187877393403, 36.604756954432524]]], [[[0.26178032400202395, 36.62033036275374], [0.25641087932332013, 36.618056805223716], [0.2612596066797159, 36.6145227080231], [0.26178032400202395, 36.62033036275374]]]]}, "properties": {"speed": 0.2132, "dir_deg": 36.1, "type": "ضعيف"}}, {"type": "Feature", "geometry": {"type": "MultiPolygon", "coordinates": [[[[0.290832118298397, 36.60471888795963], [0.2990963642064561, 36.61723696447206], [0.3007654410747805, 36.61613506501765], [0.2925011951667214, 36.603616988505216], [0.290832118298397, 36.60471888795963]]], [[[0.302685651276638, 36.62085870691567], [0.2974272873381317, 36.61833886392647], [0.3024345179431049, 36.61503316556325], [0.302685651276638, 36.62085870691567]]]]}, "properties": {"speed": 0.2601, "dir_deg": 33.4, "type": "ضعيف"}}, {"type": "Feature", "geometry": {"type": "MultiPolygon", "coordinates": [[[[0.33249361971994273, 36.604710952379364], [0.3406388319240463, 36.61730680559184], [0.34231827901904244, 36.616220777297954], [0.33417306681493886, 36.60362492408548], [0.33249361971994273, 36.604710952379364]]], [[[0.34419362620624555, 36.62096240918238], [0.33895938482905014, 36.618392833885714], [0.3439977261140386, 36.61513474900408], [0.34419362620624555, 36.62096240918238]]]]}, "properties": {"speed": 0.3159, "dir_deg": 32.9, "type": "متوسط"}}, {"type": "Feature", "geometry": {"type": "MultiPolygon", "coordinates": [[[[0.3741441459521761, 36.60468515564205], [0.38190240709661294, 36.61752296635941], [0.38361411519226074, 36.61648853154015], [0.3758558540478239, 36.60365072082279], [0.3741441459521761, 36.60468515564205]]], [[[0.38534434819258245, 36.6212850191889], [0.38019069900096514, 36.61855740117867], [0.38532582328790854, 36.61545409672089], [0.38534434819258245, 36.6212850191889]]]]}, "properties": {"speed": 0.3937, "dir_deg": 31.1, "type": "متوسط"}}, {"type": "Feature", "geometry": {"type": "MultiPolygon", "coordinates": [[[[0.41579781240935026, 36.60466302362104], [0.42322409323869, 36.617695688469176], [0.42496178188510786, 36.61670551769193], [0.41753550105576814, 36.6036728528438], [0.41579781240935026, 36.60466302362104]]], [[[0.4265683645050121, 36.6215448246966], [0.42148640459227216, 36.618685859246426], [0.4266994705315257, 36.61571534691468], [0.4265683645050121, 36.6215448246966]]]]}, "properties": {"speed": 0.4531, "dir_deg": 29.7, "type": "متوسط"}}, {"type": "Feature", "geometry": {"type": "MultiPolygon", "coordinates": [[[[0.4574651905656111, 36.60466423540782], [0.4649096481965468, 36.61768652593526], [0.4666459536002062, 36.61669393158447], [0.4592014959692705, 36.603671641057026], [0.4574651905656111, 36.60466423540782]]], [[[0.46825928677535505, 36.621530992269015], [0.46317334279288735, 36.61867912028605], [0.46838225900386565, 36.61570133723368], [0.46825928677535505, 36.621530992269015]]]]}, "properties": {"speed": 0.4812, "dir_deg": 29.8, "type": "متوسط"}}, {"type": "Feature", "geometry": {"type": "MultiPolygon", "coordinates": [[[[0.4991432512724739, 36.604683672289745], [0.506879262132312, 36.61753490320264], [0.5085927595873644, 36.61650343508799], [0.5008567487275262, 36.6036522041751], [0.4991432512724739, 36.604683672289745]]], [[[0.510314681146451, 36.621302912782944], [0.5051657646772598, 36.618566371317286], [0.5103062570424166, 36.615471966973345], [0.510314681146451, 36.621302912782944]]]]}, "properties": {"speed": 0.5809, "dir_deg": 31.0, "type": "متوسط"}}, {"type": "Feature", "geometry": {"type": "MultiPolygon", "coordinates": [[[[0.5408365570015858, 36.60472550881804], [0.549200115785907, 36.617177451817476], [0.5508603748524985, 36.616062310646235], [0.5424968160681773, 36.6036103676468], [0.5408365570015858, 36.60472550881804]]], [[[0.5528180982473098, 36.62077052889833], [0.5475398567193155, 36.618292592988716], [0.55252063391909, 36.614947169474995], [0.5528180982473098, 36.62077052889833]]]]}, "properties": {"speed": 0.6712, "dir_deg": 33.9, "type": "قوي"}}, {"type": "Feature", "geometry": {"type": "MultiPolygon", "coordinates": [[[[0.5825346016141436, 36.60476965193437], [0.5915603071433698, 36.61675032969899], [0.5931577308453194, 36.615546902295094], [0.5841320253160932, 36.603566224530475], [0.5825346016141436, 36.60476965193437]]], [[[0.5953675875040867, 36.620142175251914], [0.5899628834414203, 36.61795375710289], [0.5947551545472689, 36.61434347489119], [0.5953675875040867, 36.620142175251914]]]]}, "properties": {"speed": 0.701, "dir_deg": 37.0, "type": "قوي"}}, {"type": "Feature", "geometry": {"type": "MultiPolygon", "coordinates": [[[[0.6242601525142181, 36.60484071285872], [0.6343517719085965, 36.615938425145444], [0.6358314668801603, 36.61459287589285], [0.6257398474857819, 36.60349516360613], [0.6242601525142181, 36.60484071285872]]], [[[0.6384554925258379, 36.61896488794806], [0.6328720769370327, 36.61728397439803], [0.6373111618517241, 36.61324732664027], [0.6384554925258379, 36.61896488794806]]]]}, "properties": {"speed": 0.6773, "dir_deg": 42.3, "type": "قوي"}}, {"type": "Feature", "geometry": {"type": "MultiPolygon", "coordinates": [[[[0.6659855598980967, 36.604900103858945], [0.6769680442959454, 36.61511700341072], [0.6783302975695151, 36.61365267215767], [0.6673478131716665, 36.6034357726059], [0.6659855598980967, 36.604900103858945]]], [[[0.6813099990653464, 36.61779047096812], [0.6756057910223757, 36.61658133466376], [0.6796925508430848, 36.61218834090462], [0.6813099990653464, 36.61779047096812]]]]}, "properties": {"speed": 0.6232, "dir_deg": 47.1, "type": "قوي"}}, {"type": "Feature", "geometry": {"type": "MultiPolygon", "coordinates": [[[[0.7077046557778583, 36.60494562037331], [0.7193698878911083, 36.61437548568221], [0.7206272032656285, 36.61282012140044], [0.7089619711523785, 36.60339025609154], [0.7077046557778583, 36.60494562037331]]], [[[0.7238869562827851, 36.61674109197762], [0.7181125725165883, 36.61593084996397], [0.7218845186401485, 36.611264757118676], [0.7238869562827851, 36.61674109197762]]]]}, "properties": {"speed": 0.5505, "dir_deg": 51.0, "type": "متوسط"}}, {"type": "Feature", "geometry": {"type": "MultiPolygon", "coordinates": [[[[0.7494313395836429, 36.60499051061882], [0.7617699253796506, 36.613520416864176], [0.7629072462123647, 36.61187527209138], [0.7505686604163571, 36.603345365846025], [0.7494313395836429, 36.60499051061882]]], [[[0.7664514477280102, 36.615541146559565], [0.7606326045469365, 36.61516556163698], [0.7640445670450788, 36.61023012731858], [0.7664514477280102, 36.615541146559565]]]]}, "properties": {"speed": 0.4954, "dir_deg": 55.3, "type": "متوسط"}}, {"type": "Feature", "geometry": {"type": "MultiPolygon", "coordinates": [[[[0.7912072865805182, 36.605056167753396], [0.8045307293951387, 36.61194716706885], [0.8054495293038655, 36.6101707080269], [0.792126086489245, 36.60327970871145], [0.7912072865805182, 36.605056167753396]]], [[[0.8094312769543756, 36.61335593731969], [0.803611929486412, 36.6137236261108], [0.8063683292125922, 36.60839424898495], [0.8094312769543756, 36.61335593731969]]]]}, "properties": {"speed": 0.4659, "dir_deg": 62.7, "type": "متوسط"}}, {"type": "Feature", "geometry": {"type": "MultiPolygon", "coordinates": [[[[0.8330541611592533, 36.60512818507055], [0.8474578637311374, 36.609315469658526], [0.8480161683428675, 36.607394975982274], [0.8336124657709835, 36.603207691394296], [0.8330541611592533, 36.60512818507055]]], [[[0.8525382502276305, 36.60975098434972], [0.8468995591194073, 36.61123596333478], [0.8485744729545976, 36.60547448230602], [0.8525382502276305, 36.60975098434972]]]]}, "properties": {"speed": 0.4567, "dir_deg": 73.8, "type": "متوسط"}}, {"type": "Feature", "geometry": {"type": "MultiPolygon", "coordinates": [[[[0.8749287992260248, 36.6051654002366], [0.889890729288744, 36.606233411846226], [0.8900331308366943, 36.60423848783787], [0.8750712007739752, 36.60317047622824], [0.8749287992260248, 36.6051654002366]]], [[[0.8949492400836256, 36.60559195371192], [0.8897483277407937, 36.60822833585459], [0.8901755323846446, 36.602243563829504], [0.8949492400836256, 36.60559195371192]]]]}, "properties": {"speed": 0.4685, "dir_deg": 85.9, "type": "متوسط"}}, {"type": "Feature", "geometry": {"type": "MultiPolygon", "coordinates": [[[[0.9168134885590141, 36.60515710412635], [0.9316509769679358, 36.60295507376436], [0.9313573729196707, 36.60097674197651], [0.9165198845107491, 36.603178772338495], [0.9168134885590141, 36.60515710412635]]], [[[0.9364500044134437, 36.60123189774977], [0.9319445810162008, 36.604933405552224], [0.9310637688714056, 36.59899841018865], [0.9364500044134437, 36.60123189774977]]]]}, "properties": {"speed": 0.5019, "dir_deg": 98.4, "type": "متوسط"}}, {"type": "Feature", "geometry": {"type": "MultiPolygon", "coordinates": [[[[0.9586591893729944, 36.605113350783995], [0.9728403776465435, 36.60022521216585], [0.9721886258307915, 36.59833438706271], [0.9580074375572424, 36.60322252568085], [0.9586591893729944, 36.605113350783995]]], [[[0.9772415644965172, 36.5976504200749], [0.9734921294622955, 36.60211603726899], [0.9715368740150395, 36.59644356195957], [0.9772415644965172, 36.5976504200749]]]]}, "properties": {"speed": 0.5463, "dir_deg": 109.0, "type": "متوسط"}}, {"type": "Feature", "geometry": {"type": "MultiPolygon", "coordinates": [[[[1.0004393233048805, 36.605066267255545], [1.0139142586517567, 36.598476417682335], [1.0130356120419957, 36.59667975963609], [0.9995606766951195, 36.6032696092093], [1.0004393233048805, 36.605066267255545]]], [[[1.0179665804625018, 36.59538147213481], [1.0147929052615177, 36.60027307572859], [1.0121569654322347, 36.594883101589836], [1.0179665804625018, 36.59538147213481]]]]}, "properties": {"speed": 0.5763, "dir_deg": 116.1, "type": "متوسط"}}, {"type": "Feature", "geometry": {"type": "MultiPolygon", "coordinates": [[[[-0.41611930259461066, 36.64666896286548], [-0.40356578612607147, 36.63845865079625], [-0.40466049440196855, 36.63678484860044], [-0.41721401087050775, 36.64499516066967], [-0.41611930259461066, 36.64666896286548]]], [[[-0.39992863477450696, 36.63488497900861], [-0.4024710778501744, 36.640132452992056], [-0.40575520267786563, 36.63511104640464], [-0.39992863477450696, 36.63488497900861]]]]}, "properties": {"speed": 0.2211, "dir_deg": 123.2, "type": "ضعيف"}}, {"type": "Feature", "geometry": {"type": "MultiPolygon", "coordinates": [[[[-0.37445261670680763, 36.6466689437965], [-0.36189938627296603, 36.638458194398616], [-0.36299415285935077, 36.636784430340775], [-0.37554738329319237, 36.64499517973866], [-0.37445261670680763, 36.6466689437965]]], [[[-0.3582623594215445, 36.63488439590373], [-0.36080461968658134, 36.640131958456465], [-0.36408891944573546, 36.63511066628293], [-0.3582623594215445, 36.63488439590373]]]]}, "properties": {"speed": 0.2271, "dir_deg": 123.2, "type": "ضعيف"}}, {"type": "Feature", "geometry": {"type": "MultiPolygon", "coordinates": [[[[-0.3327840747288344, 36.64666770766896], [-0.32024938620809834, 36.638428679589865], [-0.3213479232853111, 36.6367573877871], [-0.33388261180604717, 36.644996415866196], [-0.3327840747288344, 36.64666770766896]]], [[[-0.31662042523979267, 36.63484669099545], [-0.3191508491308856, 36.64009997139263], [-0.32244646036252383, 36.635086095984335], [-0.31662042523979267, 36.63484669099545]]]]}, "properties": {"speed": 0.2324, "dir_deg": 123.3, "type": "ضعيف"}}, {"type": "Feature", "geometry": {"type": "MultiPolygon", "coordinates": [[[[-0.2911110264960643, 36.64666349128371], [-0.27863958375411, 36.638329037736284], [-0.27975084422709984, 36.63666617870402], [-0.2922222869690541, 36.645000632251445], [-0.2911110264960643, 36.64666349128371]]], [[[-0.2750380664099535, 36.63471945703768], [-0.27752832328112026, 36.63999189676854], [-0.2808621047000896, 36.63500331967176], [-0.2750380664099535, 36.63471945703768]]]]}, "properties": {"speed": 0.2344, "dir_deg": 123.8, "type": "ضعيف"}}, {"type": "Feature", "geometry": {"type": "MultiPolygon", "coordinates": [[[[-0.24943595608289446, 36.6466578065584], [-0.23704978422050482, 36.63819714780182], [-0.2381778720547159, 36.63654565822017], [-0.25056404391710557, 36.645006316976755], [-0.24943595608289446, 36.6466578065584]]], [[[-0.2334851041834805, 36.634551183425465], [-0.23592169638629373, 36.63984863738347], [-0.239305959888927, 36.63489416863852], [-0.2334851041834805, 36.634551183425465]]]]}, "properties": {"speed": 0.2321, "dir_deg": 124.3, "type": "ضعيف"}}, {"type": "Feature", "geometry": {"type": "MultiPolygon", "coordinates": [[[[-0.20775128817293942, 36.64664522178463], [-0.1955538879171178, 36.63791461888453], [-0.19671796830379817, 36.636288298850424], [-0.20891536855961979, 36.645018901750525], [-0.20775128817293942, 36.64664522178463]]], [[[-0.1920701280251841, 36.634191257900774], [-0.19438980753043744, 36.63954093891864], [-0.19788204869047854, 36.63466197881631], [-0.1920701280251841, 36.634191257900774]]]]}, "properties": {"speed": 0.2291, "dir_deg": 125.6, "type": "ضعيف"}}, {"type": "Feature", "geometry": {"type": "MultiPolygon", "coordinates": [[[[-0.16606882596643943, 36.646633672993865], [-0.1540446575720966, 36.63766598798465], [-0.15524034890665853, 36.636062765532074], [-0.16726451730100136, 36.64503045054129], [-0.16606882596643943, 36.646633672993865]]], [[[-0.15063444710792995, 36.63387514842196], [-0.1528489662375347, 36.63926921043723], [-0.15643604024122043, 36.634459543079494], [-0.15063444710792995, 36.63387514842196]]]]}, "properties": {"speed": 0.2197, "dir_deg": 126.7, "type": "ضعيف"}}, {"type": "Feature", "geometry": {"type": "MultiPolygon", "coordinates": [[[[-0.12438504709936174, 36.64662062560773], [-0.11255658949706909, 36.637396332098156], [-0.11378649529834561, 36.63581920441785], [-0.12561495290063826, 36.645043497927425], [-0.12438504709936174, 36.64662062560773]]], [[[-0.10922872319694314, 36.63353300375481], [-0.11132668369579259, 36.63897345977846], [-0.11501640109962212, 36.63424207673754], [-0.10922872319694314, 36.63353300375481]]]]}, "properties": {"speed": 0.2009, "dir_deg": 127.9, "type": "ضعيف"}}, {"type": "Feature", "geometry": {"type": "MultiPolygon", "coordinates": [[[[-0.08269650584558637, 36.64660306603974], [-0.071131441763202, 36.63705061647063], [-0.07240510170574967, 36.63550860792631], [-0.08397016578813403, 36.64506105749542], [-0.08269650584558637, 36.64660306603974]]], [[[-0.06791325037368105, 36.6330954623421], [-0.06985778182065433, 36.63859262501495], [-0.07367876164829734, 36.63396659938199], [-0.06791325037368105, 36.6330954623421]]]]}, "properties": {"speed": 0.1788, "dir_deg": 129.6, "type": "ضعيف"}}, {"type": "Feature", "geometry": {"type": "MultiPolygon", "coordinates": [[[[-0.041006238884741725, 36.64658295024443], [-0.029742911731952742, 36.6366765148891], [-0.031063769779329498, 36.6351747379354], [-0.042327096932118474, 36.64508117329073], [-0.041006238884741725, 36.64658295024443]]], [[[-0.026648898371378127, 36.63262348129381], [-0.028422053684575985, 36.63817829184281], [-0.03238462782670626, 36.63367296098169], [-0.026648898371378127, 36.63262348129381]]]]}, "properties": {"speed": 0.1569, "dir_deg": 131.3, "type": "ضعيف"}}, {"type": "Feature", "geometry": {"type": "MultiPolygon", "coordinates": [[[[0.0006741802883986829, 36.64657062858157], [0.011752682498323116, 36.63645792425559], [0.01040432192152575, 36.6349807906276], [-0.0006741802883986829, 36.645093494953585], [0.0006741802883986829, 36.64657062858157]]], [[[0.014771336279899244, 36.632348455999605], [0.01310104307512048, 36.63793505788358], [0.009055961344728384, 36.63350365699961], [0.014771336279899244, 36.632348455999605]]]]}, "properties": {"speed": 0.1358, "dir_deg": 132.4, "type": "ضعيف"}}, {"type": "Feature", "geometry": {"type": "MultiPolygon", "coordinates": [[[[0.04231022653292472, 36.6465974585907], [0.05379117887968947, 36.63694407922328], [0.05250406163070023, 36.63541328557704], [0.04102310928393548, 36.64506666494446], [0.04231022653292472, 36.6465974585907]]], [[[0.056974604370783104, 36.63296088927768], [0.05507829612867871, 36.63847487286951], [0.05121694438171099, 36.633882491930805], [0.056974604370783104, 36.63296088927768]]]]}, "properties": {"speed": 0.1139, "dir_deg": 130.1, "type": "ضعيف"}}, {"type": "Feature", "geometry": {"type": "MultiPolygon", "coordinates": [[[[0.08377321648555286, 36.6467301180004], [0.09724405997788335, 36.64013190797001], [0.09636429864049803, 36.63833579550437], [0.08289345514816754, 36.64493400553476], [0.08377321648555286, 36.6467301180004]]], [[[0.10129446047330085, 36.63703444839373], [0.09812382131526866, 36.64192802043566], [0.09548453730311272, 36.63653968303872], [0.10129446047330085, 36.63703444839373]]]]}, "properties": {"speed": 0.087, "dir_deg": 116.1, "type": "ضعيف"}}, {"type": "Feature", "geometry": {"type": "MultiPolygon", "coordinates": [[[[0.12485553658179083, 36.64682157190941], [0.13969818870935372, 36.64898852318255], [0.13998711554577206, 36.64700950289888], [0.12514446341820917, 36.64484255162574], [0.12485553658179083, 36.64682157190941]]], [[[0.1447902028367505, 36.648721330131764], [0.13940926187293537, 36.65096754346623], [0.1402760423821904, 36.645030482615205], [0.1447902028367505, 36.648721330131764]]]]}, "properties": {"speed": 0.0756, "dir_deg": 81.7, "type": "ضعيف"}}, {"type": "Feature", "geometry": {"type": "MultiPolygon", "coordinates": [[[[0.16602050913277566, 36.646595261625], [0.1774685069941439, 36.65628769913917], [0.17876083199603338, 36.65476129942432], [0.16731283413466513, 36.645068861910154], [0.16602050913277566, 36.646595261625]]], [[[0.1819306687822114, 36.65875531178647], [0.17617618199225446, 36.65781409885402], [0.18005315699792282, 36.653234899709474], [0.1819306687822114, 36.65875531178647]]]]}, "properties": {"speed": 0.0981, "dir_deg": 49.7, "type": "ضعيف"}}, {"type": "Feature", "geometry": {"type": "MultiPolygon", "coordinates": [[[[0.20751762097884371, 36.646410526509875], [0.2161945921133216, 36.65864613732141], [0.21782600688819337, 36.65748920783682], [0.2091490357537155, 36.64525359702528], [0.20751762097884371, 36.646410526509875]]], [[[0.2199026232122501, 36.662146209516294], [0.2145631773384498, 36.65980306680601], [0.21945742166306517, 36.65633227835222], [0.2199026232122501, 36.662146209516294]]]]}, "properties": {"speed": 0.1347, "dir_deg": 35.3, "type": "ضعيف"}}, {"type": "Feature", "geometry": {"type": "MultiPolygon", "coordinates": [[[[0.2491289429246575, 36.646323243578614], [0.25649667009024635, 36.659389099708754], [0.2582387842409313, 36.65840673608668], [0.25087105707534246, 36.64534087995654], [0.2491289429246575, 36.646323243578614]]], [[[0.2598236362207851, 36.66325320327443], [0.25475455593956137, 36.66037146333083], [0.25998089839161626, 36.657424372464604], [0.2598236362207851, 36.66325320327443]]]]}, "properties": {"speed": 0.1814, "dir_deg": 29.4, "type": "ضعيف"}}, {"type": "Feature", "geometry": {"type": "MultiPolygon", "coordinates": [[[[0.2907913339211916, 36.646315600779346], [0.29804441909767965, 36.65944544294986], [0.29979506472041484, 36.658478364926324], [0.2925419795439268, 36.64534852275581], [0.2907913339211916, 36.646315600779346]]], [[[0.30133743696787657, 36.66333851799493], [0.29629377347494446, 36.66041252097339], [0.30154571034315003, 36.657511286902796], [0.30133743696787657, 36.66333851799493]]]]}, "properties": {"speed": 0.2238, "dir_deg": 28.9, "type": "ضعيف"}}, {"type": "Feature", "geometry": {"type": "MultiPolygon", "coordinates": [[[[0.33246094721040814, 36.64632086143991], [0.33979294229541834, 36.6594068022954], [0.34153773440948365, 36.658429202950735], [0.33420573932447345, 36.645343262095246], [0.33246094721040814, 36.64632086143991]]], [[[0.3431093367141211, 36.66327998290823], [0.338048150181353, 36.66038440164007], [0.343282526523549, 36.65745160360606], [0.3431093367141211, 36.66327998290823]]]]}, "properties": {"speed": 0.2646, "dir_deg": 29.3, "type": "ضعيف"}}, {"type": "Feature", "geometry": {"type": "MultiPolygon", "coordinates": [[[[0.3741087200514595, 36.64628551524185], [0.38091052216554444, 36.65965471446996], [0.3826930820626254, 36.658747807521415], [0.3758912799485405, 36.645378608293306], [0.3741087200514595, 36.64628551524185]]], [[[0.38406906948544656, 36.66365766073839], [0.37912796226846346, 36.6605616214185], [0.3844756419597064, 36.65784090057287], [0.38406906948544656, 36.66365766073839]]]]}, "properties": {"speed": 0.335, "dir_deg": 27.0, "type": "متوسط"}}, {"type": "Feature", "geometry": {"type": "MultiPolygon", "coordinates": [[[[0.4157579980527066, 36.646249601470515], [0.4220210935967574, 36.659879481668305], [0.42383841095646263, 36.65904440226243], [0.41757531541241183, 36.64541452206464], [0.4157579980527066, 36.646249601470515]]], [[[0.4250174507912936, 36.664005235364634], [0.42020377623705213, 36.66071456107418], [0.4256557283161679, 36.65820932285656], [0.4250174507912936, 36.664005235364634]]]]}, "properties": {"speed": 0.3982, "dir_deg": 24.7, "type": "متوسط"}}, {"type": "Feature", "geometry": {"type": "MultiPolygon", "coordinates": [[[[0.4574317571699876, 36.64626466147733], [0.46392075281629525, 36.65978845293913], [0.4657239250112017, 36.658923253519625], [0.459234929364894, 36.645399462057824], [0.4574317571699876, 36.64626466147733]]], [[[0.4669853374625177, 36.66386378371664], [0.46211758062138886, 36.66065365235864], [0.4675270972061081, 36.65805805410012], [0.4669853374625177, 36.66386378371664]]]]}, "properties": {"speed": 0.4468, "dir_deg": 25.6, "type": "متوسط"}}, {"type": "Feature", "geometry": {"type": "MultiPolygon", "coordinates": [[[[0.49912582840917613, 36.646317678931396], [0.5064100858664745, 36.659430252793754], [0.5081584290481221, 36.65845901846612], [0.5008741715908238, 36.64534644460376], [0.49912582840917613, 36.646317678931396]]], [[[0.5097123432763977, 36.66331549358406], [0.5046617426848268, 36.6604014871214], [0.5099067722297699, 36.657487784138475], [0.5097123432763977, 36.66331549358406]]]]}, "properties": {"speed": 0.5212, "dir_deg": 29.1, "type": "متوسط"}}, {"type": "Feature", "geometry": {"type": "MultiPolygon", "coordinates": [[[[0.5408178922949729, 36.64636078507735], [0.548748741941575, 36.65909269867598], [0.5504463304213923, 36.658035252056436], [0.5425154807747903, 36.64530333845781], [0.5408178922949729, 36.64636078507735]]], [[[0.552241152730351, 36.66280794656575], [0.5470511534617576, 36.660150145295525], [0.5521439189012097, 36.65697780543689], [0.552241152730351, 36.66280794656575]]]]}, "properties": {"speed": 0.611, "dir_deg": 31.9, "type": "قوي"}}, {"type": "Feature", "geometry": {"type": "MultiPolygon", "coordinates": [[[[0.5825242932621826, 36.64641984260364], [0.5913410058031114, 36.65855514564768], [0.5929590462089831, 36.657379583975555], [0.5841423336680542, 36.645244280931514], [0.5825242932621826, 36.64641984260364]]], [[[0.5950889301863569, 36.662012465826294], [0.5897229653972398, 36.6597307073198], [0.5945770866148548, 36.656204022303434], [0.5950889301863569, 36.662012465826294]]]]}, "properties": {"speed": 0.6771, "dir_deg": 36.0, "type": "قوي"}}, {"type": "Feature", "geometry": {"type": "MultiPolygon", "coordinates": [[[[0.6242611424975294, 36.646505923467814], [0.634369068001047, 36.65758878600487], [0.6358467830059882, 36.6562410626044], [0.6257388575024706, 36.64515820006734], [0.6242611424975294, 36.646505923467814]]], [[[0.63847723400469, 36.66060921181699], [0.6328913529961059, 36.65893650940534], [0.6373244980109293, 36.65489333920393], [0.63847723400469, 36.66060921181699]]]]}, "properties": {"speed": 0.6705, "dir_deg": 42.4, "type": "قوي"}}, {"type": "Feature", "geometry": {"type": "MultiPolygon", "coordinates": [[[[0.6659943802438144, 36.64657233485975], [0.6770984766263699, 36.656656929225754], [0.6784430892085043, 36.655176383041415], [0.6673389928259488, 36.64509178867541], [0.6659943802438144, 36.64657233485975]]], [[[0.681472148378289, 36.659278187588924], [0.6757538640442355, 36.65813747541009], [0.6797877017906386, 36.653695836857075], [0.681472148378289, 36.659278187588924]]]]}, "properties": {"speed": 0.6298, "dir_deg": 47.8, "type": "قوي"}}, {"type": "Feature", "geometry": {"type": "MultiPolygon", "coordinates": [[[[0.7077320081573617, 36.64663108112082], [0.7197172984560707, 36.65565066073717], [0.7209199090715841, 36.65405262203068], [0.7089346187728751, 36.64503304241433], [0.7077320081573617, 36.64663108112082]]], [[[0.7243137005300637, 36.65785816792271], [0.7185146878405574, 36.65724869944367], [0.7221225196870974, 36.652454583324186], [0.7243137005300637, 36.65785816792271]]]]}, "properties": {"speed": 0.5928, "dir_deg": 53.0, "type": "متوسط"}}, {"type": "Feature", "geometry": {"type": "MultiPolygon", "coordinates": [[[[0.7494993385769336, 36.64669770496165], [0.7624839864881001, 36.654207626307645], [0.7634853093342329, 36.652476339919495], [0.7505006614230664, 36.6449664185735], [0.7494993385769336, 36.64669770496165]]], [[[0.7673128638815553, 36.6558452902289], [0.7614826636419674, 36.6559389126958], [0.7644866321803656, 36.65074505353134], [0.7673128638815553, 36.6558452902289]]]]}, "properties": {"speed": 0.5666, "dir_deg": 60.0, "type": "متوسط"}}, {"type": "Feature", "geometry": {"type": "MultiPolygon", "coordinates": [[[[0.7912955766338984, 36.64676065071937], [0.8052244109107948, 36.65232729923412], [0.8059666307127612, 36.650470121330535], [0.7920377964358648, 36.644903472815784], [0.7912955766338984, 36.64676065071937]]], [[[0.8102384655707434, 36.653254259787246], [0.8044821911088282, 36.65418447713771], [0.8067088505147277, 36.64861294342695], [0.8102384655707434, 36.653254259787246]]]]}, "properties": {"speed": 0.5502, "dir_deg": 68.2, "type": "متوسط"}}, {"type": "Feature", "geometry": {"type": "MultiPolygon", "coordinates": [[[[0.8331212766173249, 36.646809323439385], [0.8477802016943898, 36.64998987615629], [0.8482042753899768, 36.64803535281268], [0.8335453503129119, 36.64485480009577], [0.8331212766173249, 36.646809323439385]]], [[[0.8528785469012049, 36.65007279872345], [0.8473561279988028, 36.6519443994999], [0.8486283490855638, 36.64608082946907], [0.8528785469012049, 36.65007279872345]]]]}, "properties": {"speed": 0.5486, "dir_deg": 77.8, "type": "متوسط"}}, {"type": "Feature", "geometry": {"type": "MultiPolygon", "coordinates": [[[[0.8749595505954845, 36.646831243355514], [0.8899472744145548, 36.64743798442325], [0.8900281732235859, 36.64543962124738], [0.8750404494045155, 36.64483288017964], [0.8749595505954845, 36.646831243355514]]], [[[0.8949836317587604, 36.64664104985789], [0.8898663756055238, 36.64943634759913], [0.8901090720326168, 36.6434412580715], [0.8949836317587604, 36.64664104985789]]]]}, "properties": {"speed": 0.5698, "dir_deg": 87.7, "type": "متوسط"}}, {"type": "Feature", "geometry": {"type": "MultiPolygon", "coordinates": [[[[0.9168040192526249, 36.64682258674184], [0.9316618938665586, 36.64476259597569], [0.931387228431072, 36.642781546027166], [0.9165293538171383, 36.644841536793315], [0.9168040192526249, 36.64682258674184]]], [[[0.9364771860201265, 36.64308540741271], [0.9319365593020453, 36.64674364592422], [0.9311125629955853, 36.64080049607864], [0.9364771860201265, 36.64308540741271]]]]}, "properties": {"speed": 0.6057, "dir_deg": 97.9, "type": "قوي"}}, {"type": "Feature", "geometry": {"type": "MultiPolygon", "coordinates": [[[[0.9586203817904736, 36.646789971876395], [0.9729890334227598, 36.642483946996066], [0.9724148967720494, 36.64056812677843], [0.9580462451397632, 36.64487415165876], [0.9586203817904736, 36.646789971876395]]], [[[0.9774915156414999, 36.640090695260476], [0.9735631700734702, 36.644399767213706], [0.971840760121339, 36.63865230656079], [0.9774915156414999, 36.640090695260476]]]]}, "properties": {"speed": 0.6383, "dir_deg": 106.7, "type": "قوي"}}, {"type": "Feature", "geometry": {"type": "MultiPolygon", "coordinates": [[[[1.0004028929731947, 36.64674730886654], [1.0141315994575588, 36.64070391426861], [1.0133258135111693, 36.638873420070695], [0.9995971070268053, 36.64491681466862], [1.0004028929731947, 36.64674730886654]]], [[[1.0183049419791521, 36.63777420230368], [1.0149373854039483, 36.642534408466524], [1.0125200275647799, 36.637042925872784], [1.0183049419791521, 36.63777420230368]]]]}, "properties": {"speed": 0.6593, "dir_deg": 113.8, "type": "قوي"}}, {"type": "Feature", "geometry": {"type": "MultiPolygon", "coordinates": [[[[-0.4159520672075709, 36.68819954400203], [-0.40545890717711236, 36.67748070112721], [-0.406888086227089, 36.676081613123145], [-0.4173812462575475, 36.68680045599797], [-0.4159520672075709, 36.68819954400203]]], [[[-0.4026757766919478, 36.67320820950023], [-0.40402972812713567, 36.678879789131265], [-0.4083172652770657, 36.67468252511909], [-0.4026757766919478, 36.67320820950023]]]]}, "properties": {"speed": 0.1705, "dir_deg": 135.6, "type": "ضعيف"}}, {"type": "Feature", "geometry": {"type": "MultiPolygon", "coordinates": [[[[-0.3742774130952494, 36.68819128009163], [-0.36390821172080995, 36.67735247652037], [-0.3653533855303111, 36.67596991633711], [-0.3757225869047506, 36.68680871990837], [-0.3742774130952494, 36.68819128009163]]], [[[-0.36117439816741403, 36.67304826190499], [-0.36246303791130885, 36.67873503670363], [-0.3667985593398122, 36.67458735615385], [-0.36117439816741403, 36.67304826190499]]]]}, "properties": {"speed": 0.1733, "dir_deg": 136.3, "type": "ضعيف"}}, {"type": "Feature", "geometry": {"type": "MultiPolygon", "coordinates": [[[[-0.33260392791579696, 36.68818407108168], [-0.32234286169064663, 36.67724284080702], [-0.3238016923939343, 36.67587469864366], [-0.33406275861908463, 36.68681592891832], [-0.33260392791579696, 36.68818407108168]]], [[[-0.31965192163390704, 36.672911692967126], [-0.32088403098735896, 36.67861098297037], [-0.325260523097222, 36.67450655648031], [-0.31965192163390704, 36.672911692967126]]]]}, "properties": {"speed": 0.1779, "dir_deg": 136.8, "type": "ضعيف"}}, {"type": "Feature", "geometry": {"type": "MultiPolygon", "coordinates": [[[[-0.2909368274977216, 36.68818362949613], [-0.2806823850558, 36.67723619097357], [-0.28214204352547523, 36.675868931981306], [-0.2923964859673968, 36.68681637050387], [-0.2909368274977216, 36.68818362949613]]], [[[-0.27799406680999705, 36.672903415303246], [-0.27922272658612485, 36.67860344996582], [-0.2836017019951504, 36.67450167298905], [-0.27799406680999705, 36.672903415303246]]]]}, "properties": {"speed": 0.18, "dir_deg": 136.9, "type": "ضعيف"}}, {"type": "Feature", "geometry": {"type": "MultiPolygon", "coordinates": [[[[-0.2492733443906703, 36.68818700191079], [-0.23896831572881394, 36.67728716777084], [-0.24042162694747332, 36.67591316394926], [-0.2507266556093297, 36.68681299808921], [-0.2492733443906703, 36.68818700191079]]], [[[-0.2362599617841915, 36.67296688781341], [-0.23751500451015456, 36.678661171592424], [-0.2418749381661327, 36.67453916012768], [-0.2362599617841915, 36.67296688781341]]]]}, "properties": {"speed": 0.18, "dir_deg": 136.6, "type": "ضعيف"}}, {"type": "Feature", "geometry": {"type": "MultiPolygon", "coordinates": [[[[-0.20760661560393537, 36.68818694145387], [-0.19730249379587483, 36.67728625001871], [-0.1987559193205633, 36.67591236711097], [-0.20906004112862384, 36.68681305854613], [-0.20760661560393537, 36.68818694145387]]], [[[-0.19459449928886555, 36.672965744753114], [-0.19584906827118634, 36.67866013292645], [-0.2002093448452518, 36.674538484203225], [-0.19459449928886555, 36.672965744753114]]]]}, "properties": {"speed": 0.1772, "dir_deg": 136.6, "type": "ضعيف"}}, {"type": "Feature", "geometry": {"type": "MultiPolygon", "coordinates": [[[[-0.16594972762085605, 36.68819713074987], [-0.1554927663727667, 36.6774429705569], [-0.1569266543984954, 36.67604870905716], [-0.16738361564658474, 36.68680286925013], [-0.16594972762085605, 36.68819713074987]]], [[[-0.15272405663626795, 36.673161119742716], [-0.15405887834703802, 36.67883723205665], [-0.1583605424242241, 36.674654447557415], [-0.15272405663626795, 36.673161119742716]]]]}, "properties": {"speed": 0.1644, "dir_deg": 135.8, "type": "ضعيف"}}, {"type": "Feature", "geometry": {"type": "MultiPolygon", "coordinates": [[[[-0.12428526704407851, 36.68819939745619], [-0.11379430520128553, 36.67747840311736], [-0.11522377111312851, 36.67607960820499], [-0.1257147329559215, 36.68680060254381], [-0.12428526704407851, 36.68819939745619]]], [[[-0.11101205087627602, 36.67320534088157], [-0.11236483928944255, 36.67887719802973], [-0.11665323702497149, 36.67468081329262], [-0.11101205087627602, 36.67320534088157]]]]}, "properties": {"speed": 0.1429, "dir_deg": 135.6, "type": "ضعيف"}}, {"type": "Feature", "geometry": {"type": "MultiPolygon", "coordinates": [[[[-0.08259690449356745, 36.68817651231036], [-0.07244921983811566, 36.67713004246097], [-0.07392208248470115, 36.67577701784025], [-0.08406976714015295, 36.68682348768964], [-0.08259690449356745, 36.68817651231036]]], [[[-0.06980308960959114, 36.67277137353415], [-0.07097635719153017, 36.6784830670817], [-0.07539494513128664, 36.67442399321952], [-0.06980308960959114, 36.67277137353415]]]]}, "properties": {"speed": 0.1198, "dir_deg": 137.4, "type": "ضعيف"}}, {"type": "Feature", "geometry": {"type": "MultiPolygon", "coordinates": [[[[-0.04089008956183658, 36.68813002069141], [-0.03143977919071819, 36.676481345492505], [-0.03299293588390523, 36.675221304109684], [-0.04244324625502362, 36.68686997930859], [-0.04089008956183658, 36.68813002069141]]], [[[-0.029066254080272247, 36.67196843306813], [-0.029886622497531157, 36.67774138687532], [-0.03454609257709226, 36.67396126272687], [-0.029066254080272247, 36.67196843306813]]]]}, "properties": {"speed": 0.0992, "dir_deg": 140.9, "type": "ضعيف"}}, {"type": "Feature", "geometry": {"type": "MultiPolygon", "coordinates": [[[[0.0008198538703298741, 36.68807257281747], [0.009408446132374529, 36.67577476476252], [0.00776873839171478, 36.674629619127586], [-0.0008198538703298741, 36.68692742718253], [0.0008198538703298741, 36.68807257281747]]], [[[0.011451456349392873, 36.671102922593406], [0.011048153873034277, 36.676919910397466], [0.006129030651055032, 36.67348447349264], [0.011451456349392873, 36.671102922593406]]]]}, "properties": {"speed": 0.084, "dir_deg": 145.1, "type": "ضعيف"}}, {"type": "Feature", "geometry": {"type": "MultiPolygon", "coordinates": [[[[0.04249208921205771, 36.68806451720214], [0.05095984724423377, 36.67568319764773], [0.04930900463697855, 36.67455416324344], [0.04084124660480249, 36.68693548279786], [0.04249208921205771, 36.68806451720214]]], [[[0.05295701195133151, 36.670991573927445], [0.052610689851488986, 36.67681223205202], [0.04765816202972333, 36.67342512883915], [0.05295701195133151, 36.670991573927445]]]]}, "properties": {"speed": 0.0675, "dir_deg": 145.6, "type": "ضعيف"}}, {"type": "Feature", "geometry": {"type": "MultiPolygon", "coordinates": [[[[0.08399617897736825, 36.68824875826845], [0.09522755300407278, 36.67830611086083], [0.09390186668305668, 36.67680859432393], [0.08267049265635215, 36.68675124173155], [0.08399617897736825, 36.68824875826845]]], [[[0.09830850118579956, 36.67424313678984], [0.09655323932508887, 36.679803627397725], [0.09257618036204059, 36.675311077787036], [0.09830850118579956, 36.67424313678984]]]]}, "properties": {"speed": 0.0418, "dir_deg": 131.5, "type": "ضعيف"}}, {"type": "Feature", "geometry": {"type": "MultiPolygon", "coordinates": [[[[0.12465083099765337, 36.688437059767466], [0.13870672750961793, 36.693674594802665], [0.1394050655143112, 36.69180047526773], [0.12534916900234663, 36.686562940232534], [0.12465083099765337, 36.688437059767466]]], [[[0.14374119534928612, 36.69448338004693], [0.13800838950492467, 36.69554871433759], [0.14010340351900447, 36.68992635573281], [0.14374119534928612, 36.69448338004693]]]]}, "properties": {"speed": 0.031, "dir_deg": 69.6, "type": "ضعيف"}}, {"type": "Feature", "geometry": {"type": "MultiPolygon", "coordinates": [[[[0.1658097372483554, 36.68801542551274], [0.17354111993939464, 36.700869441293214], [0.17525498871012463, 36.69983859026774], [0.1675236060190854, 36.68698457448726], [0.1658097372483554, 36.68801542551274]]], [[[0.17697518188843936, 36.7046386877073], [0.17182725116866465, 36.70190029231868], [0.1769688574808546, 36.69880773924227], [0.17697518188843936, 36.7046386877073]]]]}, "properties": {"speed": 0.0636, "dir_deg": 31.0, "type": "ضعيف"}}, {"type": "Feature", "geometry": {"type": "MultiPolygon", "coordinates": [[[[0.20742052256834556, 36.68790839389718], [0.21354643102612178, 36.70160048086619], [0.21537204262198986, 36.70078369307183], [0.20924613416421364, 36.68709160610282], [0.20742052256834556, 36.68790839389718]]], [[[0.2165012063099812, 36.70575611595868], [0.21172081943025373, 36.70241726866056], [0.21719765421785792, 36.699966905277456], [0.2165012063099812, 36.70575611595868]]]]}, "properties": {"speed": 0.1059, "dir_deg": 24.1, "type": "ضعيف"}}, {"type": "Feature", "geometry": {"type": "MultiPolygon", "coordinates": [[[[0.24908037767433455, 36.68789280373998], [0.25497243377394624, 36.70168713862496], [0.25681167842527713, 36.70090153114501], [0.25091962232566545, 36.68710719626002], [0.24908037767433455, 36.68789280373998]]], [[[0.25785607479948225, 36.70589244651331], [0.2531331891226153, 36.70247274610491], [0.2586509230766081, 36.70011592366506], [0.25785607479948225, 36.70589244651331]]]]}, "properties": {"speed": 0.1518, "dir_deg": 23.1, "type": "ضعيف"}}, {"type": "Feature", "geometry": {"type": "MultiPolygon", "coordinates": [[[[0.2907540976256406, 36.68790894483293], [0.2968882701195867, 36.70159733143671], [0.2987133883334239, 36.700779441770855], [0.2925792158394778, 36.68709105516707], [0.2907540976256406, 36.68790894483293]]], [[[0.29984555339115404, 36.70575118213837], [0.2950631519057495, 36.70241522110257], [0.3005385065472611, 36.699961552104995], [0.29984555339115404, 36.70575118213837]]]]}, "properties": {"speed": 0.1914, "dir_deg": 24.1, "type": "ضعيف"}}, {"type": "Feature", "geometry": {"type": "MultiPolygon", "coordinates": [[[[0.3324247296491637, 36.68791763775294], [0.3386892959432758, 36.70154684202709], [0.34050652317983, 36.700711566521214], [0.3342419568857179, 36.68708236224706], [0.3324247296491637, 36.68791763775294]]], [[[0.3416860983262569, 36.70567227236554], [0.33687206870672165, 36.70238211753298], [0.34232375041638413, 36.69987629101533], [0.3416860983262569, 36.70567227236554]]]]}, "properties": {"speed": 0.2321, "dir_deg": 24.7, "type": "ضعيف"}}, {"type": "Feature", "geometry": {"type": "MultiPolygon", "coordinates": [[[[0.3740774802358317, 36.68788594984741], [0.3798667279470407, 36.70172374630994], [0.3817117674753773, 36.70095184661511], [0.3759225197641683, 36.68711405015259], [0.3740774802358317, 36.68788594984741]]], [[[0.38271899694827866, 36.70595039528337], [0.37802168841870404, 36.70249564600476], [0.3835568070037139, 36.70017994692029], [0.38271899694827866, 36.70595039528337]]]]}, "properties": {"speed": 0.2982, "dir_deg": 22.7, "type": "متوسط"}}, {"type": "Feature", "geometry": {"type": "MultiPolygon", "coordinates": [[[[0.41573535255069166, 36.68786424239297], [0.42119898844523207, 36.701833805120984], [0.42306159680896716, 36.701105320335046], [0.41759796091442675, 36.68713575760703], [0.41573535255069166, 36.68786424239297]]], [[[0.42395150459194636, 36.70612608363735], [0.41933638008149704, 36.70256228990692], [0.4249242051727022, 36.70037683554911], [0.42395150459194636, 36.70612608363735]]]]}, "properties": {"speed": 0.362, "dir_deg": 21.4, "type": "متوسط"}}, {"type": "Feature", "geometry": {"type": "MultiPolygon", "coordinates": [[[[0.45741984254837764, 36.6879068371127], [0.46352239923889627, 36.701609347898646], [0.4653494006770226, 36.70079567367325], [0.45924684398650395, 36.6870931628873], [0.45741984254837764, 36.6879068371127]]], [[[0.4664700855214656, 36.705770014381265], [0.4616953978007699, 36.70242302212405], [0.46717640211514894, 36.69998199944784], [0.4664700855214656, 36.705770014381265]]]]}, "properties": {"speed": 0.4237, "dir_deg": 24.0, "type": "متوسط"}}, {"type": "Feature", "geometry": {"type": "MultiPolygon", "coordinates": [[[[0.4991223027283754, 36.687979215504114], [0.5063105352900772, 36.70114467457849], [0.5080659298333263, 36.70018624357026], [0.5008776972716246, 36.687020784495886], [0.4991223027283754, 36.687979215504114]]], [[[0.509584310082269, 36.70505394543249], [0.504555140746828, 36.702103105586716], [0.5098213243765756, 36.69922781256203], [0.509584310082269, 36.70505394543249]]]]}, "properties": {"speed": 0.4679, "dir_deg": 28.6, "type": "متوسط"}}, {"type": "Feature", "geometry": {"type": "MultiPolygon", "coordinates": [[[[0.5408081759674392, 36.688012795871266], [0.5485001140364641, 36.7008904543829], [0.5502171351713488, 36.69986486264037], [0.5425251971023239, 36.686987204128734], [0.5408081759674392, 36.688012795871266]]], [[[0.5519226039602481, 36.70467021134885], [0.5467830929015794, 36.70191604612544], [0.5519341563062335, 36.69883927089783], [0.5519226039602481, 36.70467021134885]]]]}, "properties": {"speed": 0.5526, "dir_deg": 30.9, "type": "متوسط"}}, {"type": "Feature", "geometry": {"type": "MultiPolygon", "coordinates": [[[[0.5825255261017368, 36.68808947398209], [0.5913676358330858, 36.70020628443282], [0.592983210559849, 36.69902733646864], [0.5841411008285, 36.68691052601791], [0.5825255261017368, 36.68808947398209]]], [[[0.5951227931069171, 36.70365574726763], [0.5897520611063226, 36.701385232396994], [0.5945987852866123, 36.69784838850446], [0.5951227931069171, 36.70365574726763]]]]}, "properties": {"speed": 0.6414, "dir_deg": 36.1, "type": "قوي"}}, {"type": "Feature", "geometry": {"type": "MultiPolygon", "coordinates": [[[[0.6242762912714452, 36.6881901055544], [0.634627874587445, 36.69904573648272], [0.6360752920445545, 36.69766552537392], [0.6257237087285548, 36.6868098944456], [0.6242762912714452, 36.6881901055544]]], [[[0.6388021110879997, 36.70197417457109], [0.6331804571303355, 36.70042594759152], [0.6375227095016639, 36.69628531426512], [0.6388021110879997, 36.70197417457109]]]]}, "properties": {"speed": 0.6572, "dir_deg": 43.6, "type": "قوي"}}, {"type": "Feature", "geometry": {"type": "MultiPolygon", "coordinates": [[[[0.6660212489130897, 36.68826381298521], [0.677478443691242, 36.69794537731209], [0.6787693189348258, 36.69641775134166], [0.6673121241566735, 36.68673618701479], [0.6660212489130897, 36.68826381298521]]], [[[0.6819429462390847, 36.700408752435834], [0.6761875684476583, 36.699473003282506], [0.6800601941784096, 36.694890125371245], [0.6819429462390847, 36.700408752435834]]]]}, "properties": {"speed": 0.6314, "dir_deg": 49.8, "type": "قوي"}}, {"type": "Feature", "geometry": {"type": "MultiPolygon", "coordinates": [[[[0.7077741860895751, 36.68832908176793], [0.7202104126085623, 36.69671599240108], [0.721328667359649, 36.69505782886522], [0.7088924408406617, 36.68667091823207], [0.7077741860895751, 36.68832908176793]]], [[[0.7249149488237681, 36.69868254751086], [0.7190921578574757, 36.698374155936946], [0.7224469221107356, 36.69339966532935], [0.7249149488237681, 36.69868254751086]]]]}, "properties": {"speed": 0.6108, "dir_deg": 56.0, "type": "قوي"}}, {"type": "Feature", "geometry": {"type": "MultiPolygon", "coordinates": [[[[0.7495591410274213, 36.68839757638466], [0.7630227867973002, 36.69501046097334], [0.7639045047424576, 36.693215308204024], [0.7504408589725787, 36.68660242361534], [0.7495591410274213, 36.68839757638466]]], [[[0.7679515276931718, 36.696317179451576], [0.7621410688521426, 36.69680561374266], [0.7647862226876152, 36.691420155434706], [0.7679515276931718, 36.696317179451576]]]]}, "properties": {"speed": 0.6007, "dir_deg": 63.8, "type": "قوي"}}, {"type": "Feature", "geometry": {"type": "MultiPolygon", "coordinates": [[[[0.7913657293509443, 36.68845363765311], [0.8056702941476525, 36.69296799541217], [0.8062722085155271, 36.691060720105945], [0.7919676437188189, 36.68654636234689], [0.7913657293509443, 36.68845363765311]]], [[[0.8107394395971592, 36.69351914367874], [0.805068379779778, 36.6948752707184], [0.8068741228834015, 36.689153444799715], [0.8107394395971592, 36.69351914367874]]]]}, "properties": {"speed": 0.5977, "dir_deg": 72.5, "type": "قوي"}}, {"type": "Feature", "geometry": {"type": "MultiPolygon", "coordinates": [[[[0.8331873437288249, 36.68848928905588], [0.8480266795670435, 36.690678835100286], [0.8483186190396306, 36.688700256988525], [0.833479283201412, 36.68651071094412], [0.8331873437288249, 36.68848928905588]]], [[[0.8531190945827432, 36.69041939472587], [0.8477347400944564, 36.692657413212046], [0.8486105585122177, 36.686721678876765], [0.8531190945827432, 36.69041939472587]]]]}, "properties": {"speed": 0.6066, "dir_deg": 81.6, "type": "قوي"}}, {"type": "Feature", "geometry": {"type": "MultiPolygon", "coordinates": [[[[0.8750110642161554, 36.68849993878969], [0.8900101460614616, 36.68833397554736], [0.8899880176291508, 36.68633409796798], [0.8749889357838446, 36.68650006121031], [0.8750110642161554, 36.68849993878969]]], [[[0.8949987757937417, 36.68727871567689], [0.8900322744937723, 36.69033385312673], [0.88996588919684, 36.68433422038861], [0.8949987757937417, 36.68727871567689]]]]}, "properties": {"speed": 0.635, "dir_deg": 90.6, "type": "قوي"}}, {"type": "Feature", "geometry": {"type": "MultiPolygon", "coordinates": [[[[0.9168314603614227, 36.68848633137742], [0.9316264310227512, 36.686014723979305], [0.931296883369669, 36.68404206122447], [0.9165019127083405, 36.68651366862258], [0.9168314603614227, 36.68848633137742]]], [[[0.9363933140833196, 36.68420452346918], [0.9319559786758336, 36.68798738673415], [0.9309673357165866, 36.68206939846962], [0.9363933140833196, 36.68420452346918]]]]}, "properties": {"speed": 0.67, "dir_deg": 99.5, "type": "قوي"}}, {"type": "Feature", "geometry": {"type": "MultiPolygon", "coordinates": [[[[0.9586436483696421, 36.68845062729134], [0.9729030577396935, 36.68379560372348], [0.9722823879306461, 36.681894349140805], [0.9580229785605947, 36.68654937270866], [0.9586436483696421, 36.68845062729134]]], [[[0.9773458592918537, 36.68129330190953], [0.973523727548741, 36.68569685830615], [0.9716617181215987, 36.679993094558135], [0.9773458592918537, 36.68129330190953]]]]}, "properties": {"speed": 0.7006, "dir_deg": 108.1, "type": "قوي"}}, {"type": "Feature", "geometry": {"type": "MultiPolygon", "coordinates": [[[[1.0004326557674308, 36.68840155919767], [1.0139560437325266, 36.68191172268621], [1.013090732197665, 36.680108604290865], [0.9995673442325692, 36.68659844080233], [1.0004326557674308, 36.68840155919767]]], [[[1.018031183953461, 36.678846884651385], [1.0148213552673881, 36.68371484108155], [1.0122254206628034, 36.67830548589552], [1.018031183953461, 36.678846884651385]]]]}, "properties": {"speed": 0.7258, "dir_deg": 115.6, "type": "قوي"}}], "metadata": {"variable": "surface_current", "date": "2026-07-26", "speed_max_p99": 0.9903, "colors": {"قوي": "220,30,30,255", "متوسط": "0,100,220,220", "ضعيف": "100,180,255,180"}}}