{"type": "FeatureCollection", "features": [{"type": "Feature", "geometry": {"type": "MultiPolygon", "coordinates": [[[[-0.2505366260926145, 35.85332411808765], [-0.26319392826421434, 35.86137350947687], [-0.2621206760789853, 35.863061149766416], [-0.2494633739073855, 35.855011758377195], [-0.2505366260926145, 35.85332411808765]]], [[[-0.26687640289546644, 35.86490046008471], [-0.2642671804494434, 35.859685869187324], [-0.26104742389375624, 35.86474879005596], [-0.26687640289546644, 35.86490046008471]]]]}, "properties": {"speed": 0.0382, "dir_deg": 302.5, "type": "ضعيف"}}, {"type": "Feature", "geometry": {"type": "MultiPolygon", "coordinates": [[[[-0.20801100918962237, 35.853221307180554], [-0.22221047496762883, 35.8483865195307], [-0.2228551133209433, 35.850279781634434], [-0.20865564754293683, 35.85511456928429], [-0.20801100918962237, 35.853221307180554]]], [[[-0.22726594940362155, 35.84772155469928], [-0.2215658366143144, 35.846493257426964], [-0.22349975167425773, 35.85217304373817], [-0.22726594940362155, 35.84772155469928]]]]}, "properties": {"speed": 0.0339, "dir_deg": 251.2, "type": "ضعيف"}}, {"type": "Feature", "geometry": {"type": "MultiPolygon", "coordinates": [[[[-0.1657650341234627, 35.853735445689026], [-0.17225242227445753, 35.84021088303516], [-0.17405569729497294, 35.841075868121955], [-0.1675683091439781, 35.85460043077582], [-0.1657650341234627, 35.853735445689026]]], [[[-0.17531652250171353, 35.83613518802727], [-0.17044914725394214, 35.83934589794836], [-0.17585897231548833, 35.841940853208754], [-0.17531652250171353, 35.83613518802727]]]]}, "properties": {"speed": 0.0538, "dir_deg": 205.6, "type": "ضعيف"}}, {"type": "Feature", "geometry": {"type": "MultiPolygon", "coordinates": [[[[-0.12400356227793721, 35.85408360635203], [-0.12526854048380692, 35.83913704052109], [-0.1272614159279325, 35.83930570428188], [-0.1259964377220628, 35.854252270112816], [-0.12400356227793721, 35.85408360635203]]], [[[-0.12668663760782628, 35.83423918379117], [-0.12327566503968136, 35.838968376760306], [-0.12925429137205804, 35.83947436804266], [-0.12668663760782628, 35.83423918379117]]]]}, "properties": {"speed": 0.0633, "dir_deg": 184.8, "type": "ضعيف"}}, {"type": "Feature", "geometry": {"type": "MultiPolygon", "coordinates": [[[[-0.08234782476245246, 35.85433754943972], [-0.07980365665302414, 35.839554883623606], [-0.08177467876183961, 35.83921566120901], [-0.08431884687126794, 35.853998327025124], [-0.08234782476245246, 35.85433754943972]]], [[[-0.07994111167095577, 35.83445771714427], [-0.07783263454420865, 35.839894106038194], [-0.0837457008706551, 35.83887643879442], [-0.07994111167095577, 35.83445771714427]]]]}, "properties": {"speed": 0.0439, "dir_deg": 170.2, "type": "ضعيف"}}, {"type": "Feature", "geometry": {"type": "MultiPolygon", "coordinates": [[[[-0.041460572556131295, 35.85514647014593], [-0.026782593853456084, 35.85205503986145], [-0.027194784558053693, 35.85009797603443], [-0.041872763260728904, 35.85318940631891], [-0.041460572556131295, 35.85514647014593]]], [[[-0.022096029638196485, 35.850046031186444], [-0.02637040314885847, 35.854012103688476], [-0.027606975262651306, 35.8481409122074], [-0.022096029638196485, 35.850046031186444]]]]}, "properties": {"speed": 0.0113, "dir_deg": 101.9, "type": "ضعيف"}}, {"type": "Feature", "geometry": {"type": "MultiPolygon", "coordinates": [[[[-0.2921170440853636, 35.8949392285063], [-0.3055095430044457, 35.901695038798366], [-0.30460876829883693, 35.903480705320916], [-0.2912162693797548, 35.89672489502885], [-0.2921170440853636, 35.8949392285063]]], [[[-0.30952332195800203, 35.90483980882367], [-0.3064103177100545, 35.89990937227582], [-0.30370799359322814, 35.90526637184346], [-0.30952332195800203, 35.90483980882367]]]]}, "properties": {"speed": 0.0488, "dir_deg": 296.8, "type": "ضعيف"}}, {"type": "Feature", "geometry": {"type": "MultiPolygon", "coordinates": [[[[-0.2506219473129266, 35.895049002676615], [-0.2623678336774059, 35.90437821237052], [-0.26112393905155273, 35.905944330552444], [-0.2493780526870734, 35.89661512085854], [-0.2506219473129266, 35.895049002676615]]], [[[-0.26566118181930576, 35.90827100802611], [-0.26361172830325913, 35.90281209418858], [-0.2598800444256995, 35.90751044873438], [-0.26566118181930576, 35.90827100802611]]]]}, "properties": {"speed": 0.0572, "dir_deg": 308.5, "type": "ضعيف"}}, {"type": "Feature", "geometry": {"type": "MultiPolygon", "coordinates": [[[[-0.20813914171858314, 35.89485109716788], [-0.22285361071402066, 35.891938297452434], [-0.22324198400941359, 35.89390022665183], [-0.20852751501397607, 35.896813026367276], [-0.20813914171858314, 35.89485109716788]]], [[[-0.22795262036019628, 35.89194832881365], [-0.22246523741862773, 35.889976368253045], [-0.22363035730480652, 35.89586215585122], [-0.22795262036019628, 35.89194832881365]]]]}, "properties": {"speed": 0.0418, "dir_deg": 258.8, "type": "ضعيف"}}, {"type": "Feature", "geometry": {"type": "MultiPolygon", "coordinates": [[[[-0.16596576846556413, 35.89511880532781], [-0.1766646150620628, 35.88460525780547], [-0.17806642139837534, 35.886031770685], [-0.16736757480187667, 35.896545318207345], [-0.16596576846556413, 35.89511880532781]]], [[[-0.18093180042905196, 35.88181399840445], [-0.17526280872575023, 35.883178744925935], [-0.1794682277346879, 35.887458283564534], [-0.18093180042905196, 35.88181399840445]]]]}, "properties": {"speed": 0.0572, "dir_deg": 225.5, "type": "ضعيف"}}, {"type": "Feature", "geometry": {"type": "MultiPolygon", "coordinates": [[[[-0.12424648012920997, 35.895174636635474], [-0.13410785711079976, 35.883871838573626], [-0.13561489685237982, 35.885186688837834], [-0.12575351987079003, 35.89648948689968], [-0.12424648012920997, 35.895174636635474]]], [[[-0.13814850264211972, 35.88076166435178], [-0.1326008173692197, 35.88255698830941], [-0.13712193659395988, 35.88650153910205], [-0.13814850264211972, 35.88076166435178]]]]}, "properties": {"speed": 0.0752, "dir_deg": 221.1, "type": "ضعيف"}}, {"type": "Feature", "geometry": {"type": "MultiPolygon", "coordinates": [[[[-0.08265366146149056, 35.89509854777954], [-0.09365637128211635, 35.88490343244899], [-0.09501571999285563, 35.88637046042507], [-0.08401301017222984, 35.896565575755616], [-0.08265366146149056, 35.89509854777954]]], [[[-0.09800361557769459, 35.882238574660185], [-0.09229702257137708, 35.88343640447291], [-0.0963750687035949, 35.88783748840115], [-0.09800361557769459, 35.882238574660185]]]]}, "properties": {"speed": 0.0646, "dir_deg": 227.2, "type": "ضعيف"}}, {"type": "Feature", "geometry": {"type": "MultiPolygon", "coordinates": [[[[-0.04139659557068439, 35.8948692217329], [-0.055839196090899844, 35.89081813666671], [-0.05637934076639126, 35.89274381673607], [-0.04193674024617581, 35.89679490180226], [-0.04139659557068439, 35.8948692217329]]], [[[-0.06092346860205071, 35.89043061501266], [-0.055299051415408425, 35.88889245659735], [-0.05691948544188268, 35.894669496805435], [-0.06092346860205071, 35.89043061501266]]]]}, "properties": {"speed": 0.0246, "dir_deg": 254.3, "type": "ضعيف"}}, {"type": "Feature", "geometry": {"type": "MultiPolygon", "coordinates": [[[[0.0009452740833676325, 35.89550578442035], [-0.003948886125037224, 35.88132667316984], [-0.005839434291772489, 35.88197922786429], [-0.0009452740833676325, 35.896158339114805], [0.0009452740833676325, 35.89550578442035]]], [[[-0.006525546944539809, 35.876926580100225], [-0.002058337958301959, 35.88067411847538], [-0.007729982458507754, 35.88263178255875], [-0.006525546944539809, 35.876926580100225]]]]}, "properties": {"speed": 0.0179, "dir_deg": 199.0, "type": "ضعيف"}}, {"type": "Feature", "geometry": {"type": "MultiPolygon", "coordinates": [[[[-0.4169937406994946, 35.93655500472034], [-0.43116866989434793, 35.94146126422437], [-0.4305145019604772, 35.94335125478369], [-0.41633957276562383, 35.93844499527966], [-0.4169937406994946, 35.93655500472034]]], [[[-0.435566562325697, 35.94404167933871], [-0.43182283782821873, 35.93957127366506], [-0.4298603340266064, 35.945241245343006], [-0.435566562325697, 35.94404167933871]]]]}, "properties": {"speed": 0.0689, "dir_deg": 289.1, "type": "ضعيف"}}, {"type": "Feature", "geometry": {"type": "MultiPolygon", "coordinates": [[[[-0.3751317892059237, 35.9365087222361], [-0.39000095566441934, 35.938485560324956], [-0.3897373772525719, 35.94046811585276], [-0.3748682107940763, 35.9384912777639], [-0.3751317892059237, 35.9365087222361]]], [[[-0.3948255552779941, 35.940135784118475], [-0.3902645340762667, 35.93650300479716], [-0.3894737988407245, 35.942450671380556], [-0.3948255552779941, 35.940135784118475]]]]}, "properties": {"speed": 0.0527, "dir_deg": 277.6, "type": "ضعيف"}}, {"type": "Feature", "geometry": {"type": "MultiPolygon", "coordinates": [[[[-0.33340989105710833, 35.936502934086484], [-0.3483658797598598, 35.937651150931494], [-0.3482127841805247, 35.939645282758526], [-0.33325679547777326, 35.938497065913516], [-0.33340989105710833, 35.936502934086484]]], [[[-0.3532746615377761, 35.93903095579335], [-0.3485189753391948, 35.93565701910446], [-0.3480596886011897, 35.94163941458556], [-0.3532746615377761, 35.93903095579335]]]]}, "properties": {"speed": 0.0325, "dir_deg": 274.4, "type": "ضعيف"}}, {"type": "Feature", "geometry": {"type": "MultiPolygon", "coordinates": [[[[-0.2924853111484667, 35.93692571353201], [-0.30109960816829956, 35.94920552977062], [-0.29946229933648455, 35.9503541027066], [-0.2908480023166517, 35.93807428646799], [-0.2924853111484667, 35.93692571353201]]], [[[-0.30315238609233636, 35.95387308831815], [-0.3027369170001146, 35.94805695683464], [-0.2978249905046695, 35.95150267564258], [-0.30315238609233636, 35.95387308831815]]]]}, "properties": {"speed": 0.0288, "dir_deg": 325.0, "type": "ضعيف"}}, {"type": "Feature", "geometry": {"type": "MultiPolygon", "coordinates": [[[[-0.2509915376436989, 35.937370180505596], [-0.25293883005979917, 35.95224324516108], [-0.25095575477240134, 35.95250288414989], [-0.24900846235630109, 35.937629819494404], [-0.2509915376436989, 35.937370180505596]]], [[[-0.25259638988813365, 35.95733075287398], [-0.254921905347197, 35.95198360617226], [-0.2489726794850035, 35.9527625231387], [-0.25259638988813365, 35.95733075287398]]]]}, "properties": {"speed": 0.0438, "dir_deg": 352.5, "type": "ضعيف"}}, {"type": "Feature", "geometry": {"type": "MultiPolygon", "coordinates": [[[[-0.20877020270944924, 35.93660047745538], [-0.22226304087875318, 35.943153592602926], [-0.2213892921924139, 35.94495263769217], [-0.20789645402310997, 35.93839952254462], [-0.20877020270944924, 35.93660047745538]]], [[[-0.22632377925868485, 35.946237486863396], [-0.22313678956509242, 35.94135454751368], [-0.22051554350607466, 35.94675168278141], [-0.22632377925868485, 35.946237486863396]]]]}, "properties": {"speed": 0.0068, "dir_deg": 295.9, "type": "ضعيف"}}, {"type": "Feature", "geometry": {"type": "MultiPolygon", "coordinates": [[[[-0.16592489294581747, 35.93682935525189], [-0.17598456416752886, 35.92570267493334], [-0.17746812154333472, 35.927043964429565], [-0.16740845032162333, 35.93817064474811], [-0.16592489294581747, 35.93682935525189]]], [[[-0.18007956659600224, 35.922664426241944], [-0.174501006791723, 35.92436138543711], [-0.17895167891914057, 35.928385253925796], [-0.18007956659600224, 35.922664426241944]]]]}, "properties": {"speed": 0.0312, "dir_deg": 222.1, "type": "ضعيف"}}, {"type": "Feature", "geometry": {"type": "MultiPolygon", "coordinates": [[[[-0.12430009484728272, 35.936785764200565], [-0.13501363183886278, 35.9262871869098], [-0.13641344214429735, 35.927715658508674], [-0.12569990515271728, 35.938214235799435], [-0.12430009484728272, 35.936785764200565]]], [[[-0.13928471598877343, 35.92350189694565], [-0.1336138215334282, 35.924858715310926], [-0.13781325244973192, 35.92914413010755], [-0.13928471598877343, 35.92350189694565]]]]}, "properties": {"speed": 0.0623, "dir_deg": 225.6, "type": "ضعيف"}}, {"type": "Feature", "geometry": {"type": "MultiPolygon", "coordinates": [[[[-0.08277475173887558, 35.93667055209457], [-0.09521647032032429, 35.9282917909248], [-0.09633363847629353, 35.929950686735665], [-0.08389191989484482, 35.93832944790543], [-0.08277475173887558, 35.93667055209457]]], [[[-0.0999222939254585, 35.926328318440305], [-0.09409930216435505, 35.92663289511395], [-0.09745080663226277, 35.93160958254652], [-0.0999222939254585, 35.926328318440305]]]]}, "properties": {"speed": 0.0772, "dir_deg": 236.0, "type": "ضعيف"}}, {"type": "Feature", "geometry": {"type": "MultiPolygon", "coordinates": [[[[-0.04136964770817276, 35.93654512880416], [-0.05569271564572703, 35.932089825800304], [-0.05628675604624171, 35.93399956819198], [-0.04196368810868744, 35.93845487119584], [-0.04136964770817276, 35.93654512880416]]], [[[-0.060764091825169134, 35.931559595994855], [-0.05509867524521235, 35.93018008340863], [-0.05688079644675639, 35.935909310583654], [-0.060764091825169134, 35.931559595994855]]]]}, "properties": {"speed": 0.0672, "dir_deg": 252.7, "type": "ضعيف"}}, {"type": "Feature", "geometry": {"type": "MultiPolygon", "coordinates": [[[[0.00040297367403845146, 35.936584788429904], [-0.013325199877355382, 35.93054018331933], [-0.014131147225432284, 35.93237060645952], [-0.00040297367403845146, 35.938415211570096], [0.00040297367403845146, 35.936584788429904]]], [[[-0.018304231401858443, 35.92944052651923], [-0.012519252529278478, 35.928709760179146], [-0.014937094573509188, 35.934201029599706], [-0.018304231401858443, 35.92944052651923]]]]}, "properties": {"speed": 0.0515, "dir_deg": 246.2, "type": "ضعيف"}}, {"type": "Feature", "geometry": {"type": "MultiPolygon", "coordinates": [[[[0.042314695109917505, 35.93673838280867], [0.030890437239937934, 35.92701797478636], [0.029594382836963123, 35.92854120916902], [0.041018640706942694, 35.93826161719133], [0.042314695109917505, 35.93673838280867]]], [[[0.02643432408179067, 35.924539455970255], [0.03218649164291275, 35.92549474040369], [0.02829832843398831, 35.930064443551686], [0.02643432408179067, 35.924539455970255]]]]}, "properties": {"speed": 0.0471, "dir_deg": 229.6, "type": "ضعيف"}}, {"type": "Feature", "geometry": {"type": "MultiPolygon", "coordinates": [[[[-0.41762206428789794, 35.97887264786143], [-0.4220514198528058, 35.99320376119151], [-0.42014060474212833, 35.993794341933494], [-0.41571124917722047, 35.979463228603414], [-0.41762206428789794, 35.97887264786143]]], [[[-0.4225724641524364, 35.9982760893392], [-0.42396223496348323, 35.99261318044952], [-0.4182297896314509, 35.994384922675486], [-0.4225724641524364, 35.9982760893392]]]]}, "properties": {"speed": 0.0332, "dir_deg": 342.8, "type": "ضعيف"}}, {"type": "Feature", "geometry": {"type": "MultiPolygon", "coordinates": [[[[-0.37562423100517883, 35.9783866984151], [-0.3873428282650481, 35.987750163492784], [-0.38609436625469046, 35.98931264312743], [-0.37437576899482117, 35.97994917804974], [-0.37562423100517883, 35.9783866984151]]], [[[-0.3906247963464924, 35.991652558336], [-0.38859129027540584, 35.986187683858134], [-0.38484590424433274, 35.99087512276208], [-0.3906247963464924, 35.991652558336]]]]}, "properties": {"speed": 0.0202, "dir_deg": 308.6, "type": "ضعيف"}}, {"type": "Feature", "geometry": {"type": "MultiPolygon", "coordinates": [[[[-0.33375664559396245, 35.978261949744436], [-0.3473464729137374, 35.98461148464226], [-0.34649986826069407, 35.98642346161823], [-0.33291004094091914, 35.98007392672041], [-0.33375664559396245, 35.978261949744436]]], [[[-0.3514531130271407, 35.98763398476286], [-0.34819307756678075, 35.982799507666286], [-0.3456532636076507, 35.9882354385942], [-0.3514531130271407, 35.98763398476286]]]]}, "properties": {"speed": 0.0151, "dir_deg": 295.0, "type": "ضعيف"}}, {"type": "Feature", "geometry": {"type": "MultiPolygon", "coordinates": [[[[-0.29264360936480005, 35.979381394444225], [-0.2894417661877426, 35.99403568392784], [-0.2874878609232609, 35.993608771504235], [-0.29068970410031836, 35.97895448202062], [-0.29264360936480005, 35.979381394444225]]], [[[-0.28739753249648264, 35.99870699087724], [-0.29139567145222434, 35.99446259635145], [-0.28553395565877915, 35.99318185908063], [-0.28739753249648264, 35.99870699087724]]]]}, "properties": {"speed": 0.0247, "dir_deg": 12.3, "type": "ضعيف"}}, {"type": "Feature", "geometry": {"type": "MultiPolygon", "coordinates": [[[[-0.25080791703765404, 35.979757234473944], [-0.24196847341487032, 35.99187599003876], [-0.24035263933956225, 35.990697397555714], [-0.24919208296234596, 35.9785786419909], [-0.25080791703765404, 35.979757234473944]]], [[[-0.23821407516962173, 35.9953262789855], [-0.2435843074901784, 35.99305458252179], [-0.23873680526425417, 35.98951880507268], [-0.23821407516962173, 35.9953262789855]]]]}, "properties": {"speed": 0.0473, "dir_deg": 36.1, "type": "ضعيف"}}, {"type": "Feature", "geometry": {"type": "MultiPolygon", "coordinates": [[[[-0.20896521967893508, 35.979942995242574], [-0.19733936452660888, 35.989421364932404], [-0.19607558190129792, 35.9878712509121], [-0.20770143705362412, 35.97839288122227], [-0.20896521967893508, 35.979942995242574]]], [[[-0.192832188163178, 35.991805764485534], [-0.19860314715191985, 35.990971478952716], [-0.19481179927598696, 35.98632113689179], [-0.192832188163178, 35.991805764485534]]]]}, "properties": {"speed": 0.0417, "dir_deg": 50.8, "type": "ضعيف"}}, {"type": "Feature", "geometry": {"type": "MultiPolygon", "coordinates": [[[[-0.16693505909956483, 35.98013124927678], [-0.15248539343422987, 35.98415706126445], [-0.15194861850254102, 35.98223043917573], [-0.16639828416787597, 35.97820462718806], [-0.16693505909956483, 35.98013124927678]]], [[[-0.14740045074660713, 35.98453568754931], [-0.15302216836591875, 35.98608368335316], [-0.15141184357085213, 35.98030381708702], [-0.14740045074660713, 35.98453568754931]]]]}, "properties": {"speed": 0.0193, "dir_deg": 74.4, "type": "ضعيف"}}, {"type": "Feature", "geometry": {"type": "MultiPolygon", "coordinates": [[[[-0.12410404383430204, 35.97872379574498], [-0.13076618114587552, 35.965284453259514], [-0.13255809347727143, 35.96617273823439], [-0.12589595616569796, 35.97961208071986], [-0.12410404383430204, 35.97872379574498]]], [[[-0.13388284974876463, 35.96124881491846], [-0.1289742688144796, 35.96439616828464], [-0.13435000580866735, 35.96706102320927], [-0.13388284974876463, 35.96124881491846]]]]}, "properties": {"speed": 0.0206, "dir_deg": 206.4, "type": "ضعيف"}}, {"type": "Feature", "geometry": {"type": "MultiPolygon", "coordinates": [[[[-0.08280782848811732, 35.97831714915901], [-0.09556966458929983, 35.97043453922787], [-0.09662067924678558, 35.97213611737469], [-0.08385884314560307, 35.98001872730583], [-0.08280782848811732, 35.97831714915901]]], [[[-0.10034911728510354, 35.96865779165756], [-0.0945186499318141, 35.96873296108104], [-0.09767169390427131, 35.97383769552152], [-0.10034911728510354, 35.96865779165756]]]]}, "properties": {"speed": 0.0501, "dir_deg": 238.3, "type": "ضعيف"}}, {"type": "Feature", "geometry": {"type": "MultiPolygon", "coordinates": [[[[-0.04138476062047518, 35.97820849658177], [-0.05577638538019316, 35.973979887262445], [-0.056340199956103, 35.975898770563745], [-0.04194857519638502, 35.98012737988307], [-0.04138476062047518, 35.97820849658177]]], [[[-0.06085550092138741, 35.97352979247332], [-0.055212570804283316, 35.97206100396115], [-0.056904014532012846, 35.97781765386504], [-0.06085550092138741, 35.97352979247332]]]]}, "properties": {"speed": 0.0722, "dir_deg": 253.6, "type": "ضعيف"}}, {"type": "Feature", "geometry": {"type": "MultiPolygon", "coordinates": [[[[0.00023714236984540674, 35.97819646332465], [-0.014334981246684322, 35.97463932777697], [-0.014809265986375136, 35.97658227759251], [-0.00023714236984540674, 35.98013941314019], [0.00023714236984540674, 35.97819646332465]]], [[[-0.019429498155372975, 35.97442509083552], [-0.013860696506993508, 35.972696377961434], [-0.01528355072606595, 35.97852522740805], [-0.019429498155372975, 35.97442509083552]]]]}, "properties": {"speed": 0.0786, "dir_deg": 256.3, "type": "ضعيف"}}, {"type": "Feature", "geometry": {"type": "MultiPolygon", "coordinates": [[[[0.04209320352505812, 35.97826346746576], [0.02852614202511476, 35.97186543321634], [0.027673070791858722, 35.97367437474966], [0.04124013229180208, 35.980072408999085], [0.04209320352505812, 35.97826346746576]]], [[[0.023577252575172288, 35.970637225899864], [0.02937921325837079, 35.97005649168301], [0.02681999955860269, 35.97548331628299], [0.023577252575172288, 35.970637225899864]]]]}, "properties": {"speed": 0.0613, "dir_deg": 244.8, "type": "ضعيف"}}, {"type": "Feature", "geometry": {"type": "MultiPolygon", "coordinates": [[[[0.08389504101143708, 35.97834060077142], [0.07148497909633351, 35.96991502285277], [0.07036156870717976, 35.971569697774775], [0.08277163062228332, 35.979995275693426], [0.08389504101143708, 35.97834060077142]]], [[[0.06678658659672211, 35.96793383434088], [0.07260838948548727, 35.96826034793075], [0.069238158318026, 35.97322437269679], [0.06678658659672211, 35.96793383434088]]]]}, "properties": {"speed": 0.0459, "dir_deg": 235.8, "type": "ضعيف"}}, {"type": "Feature", "geometry": {"type": "MultiPolygon", "coordinates": [[[[-0.417257105057944, 36.02163913721328], [-0.40515097337245864, 36.03049586209405], [-0.40397007672168905, 36.02888171120265], [-0.4160762084071744, 36.02002498632188], [-0.417257105057944, 36.02163913721328]]], [[[-0.40052514781857873, 36.03264102827527], [-0.40633187002322824, 36.03211001298545], [-0.40278918007091946, 36.02726756031125], [-0.40052514781857873, 36.03264102827527]]]]}, "properties": {"speed": 0.0871, "dir_deg": 53.8, "type": "ضعيف"}}, {"type": "Feature", "geometry": {"type": "MultiPolygon", "coordinates": [[[[-0.3754663767828295, 36.021716647939996], [-0.3621975841965215, 36.02871229968244], [-0.36126483063086245, 36.0269431273376], [-0.3745336232171705, 36.01994747559516], [-0.3754663767828295, 36.021716647939996]]], [[[-0.3573082765515893, 36.030159597424166], [-0.36313033776218046, 36.03048147202728], [-0.3603320770652035, 36.02517395499276], [-0.3573082765515893, 36.030159597424166]]]]}, "properties": {"speed": 0.06, "dir_deg": 62.2, "type": "ضعيف"}}, {"type": "Feature", "geometry": {"type": "MultiPolygon", "coordinates": [[[[-0.33368737957918887, 36.02176729344474], [-0.3196589044217862, 36.02707783812096], [-0.31895083179829004, 36.02520737476664], [-0.3329793069556927, 36.01989683009042], [-0.33368737957918887, 36.02176729344474]]], [[[-0.31462870972423723, 36.02791278800254], [-0.3203669770452823, 36.02894830147528], [-0.31824275917479394, 36.023336911412315], [-0.31462870972423723, 36.02791278800254]]]]}, "properties": {"speed": 0.0423, "dir_deg": 69.3, "type": "ضعيف"}}, {"type": "Feature", "geometry": {"type": "MultiPolygon", "coordinates": [[[[-0.29198082694596184, 36.021781428439105], [-0.27774032687302286, 36.026493981640144], [-0.2771119864462176, 36.02459524829709], [-0.2913524865191566, 36.01988269509605], [-0.29198082694596184, 36.021781428439105]]], [[[-0.2726793233019739, 36.02711546603563], [-0.27836866729982807, 36.028392714983205], [-0.2764836460194124, 36.02269651495403], [-0.2726793233019739, 36.02711546603563]]]]}, "properties": {"speed": 0.049, "dir_deg": 71.7, "type": "ضعيف"}}, {"type": "Feature", "geometry": {"type": "MultiPolygon", "coordinates": [[[[-0.2503177195263229, 36.02178024650833], [-0.2360949484150573, 36.02654603940317], [-0.2354595093624114, 36.02464966992167], [-0.24968228047367705, 36.01988387702683], [-0.2503177195263229, 36.02178024650833]]], [[[-0.2310363051849791, 36.02718645229404], [-0.23673038746770317, 36.02844240888467], [-0.23482407030976551, 36.02275330044017], [-0.2310363051849791, 36.02718645229404]]]]}, "properties": {"speed": 0.0786, "dir_deg": 71.5, "type": "ضعيف"}}, {"type": "Feature", "geometry": {"type": "MultiPolygon", "coordinates": [[[[-0.2086586818732057, 36.021777654225], [-0.1944747950118954, 36.02665795682889], [-0.19382408799804324, 36.02476677191405], [-0.20800797485935352, 36.01988646931016], [-0.2086586818732057, 36.021777654225]]], [[[-0.1894214792178659, 36.0273391319061], [-0.1951255020257476, 36.02854914174373], [-0.19317338098419104, 36.02287558699921], [-0.1894214792178659, 36.0273391319061]]]]}, "properties": {"speed": 0.1032, "dir_deg": 71.0, "type": "ضعيف"}}, {"type": "Feature", "geometry": {"type": "MultiPolygon", "coordinates": [[[[-0.16699815396391154, 36.02177552319486], [-0.15284623255466515, 36.02674775814773], [-0.15218326789428285, 36.02486083529316], [-0.16633518930352925, 36.019888600340295], [-0.16699815396391154, 36.02177552319486]]], [[[-0.14779744308805853, 36.0274617083714], [-0.1535091972150474, 36.028634681002295], [-0.1515203032339006, 36.022973912438594], [-0.14779744308805853, 36.0274617083714]]]]}, "properties": {"speed": 0.103, "dir_deg": 70.6, "type": "ضعيف"}}, {"type": "Feature", "geometry": {"type": "MultiPolygon", "coordinates": [[[[-0.12527777851848412, 36.021792706912606], [-0.11086810134304144, 36.02595938468987], [-0.11031254430607322, 36.02403809439981], [-0.12472222148151589, 36.01987141662255], [-0.12527777851848412, 36.021792706912606]]], [[[-0.10578709709940978, 36.02638763213726], [-0.11142365838000967, 36.02788067497993], [-0.10975698726910499, 36.02211680410975], [-0.10578709709940978, 36.02638763213726]]]]}, "properties": {"speed": 0.0792, "dir_deg": 73.9, "type": "ضعيف"}}, {"type": "Feature", "geometry": {"type": "MultiPolygon", "coordinates": [[[[-0.08367349663088824, 36.02177242904721], [-0.06956798743642985, 36.02687484125763], [-0.06888766580837376, 36.024994106698365], [-0.08299317500283215, 36.019891694487946], [-0.08367349663088824, 36.02177242904721]]], [[[-0.064525990224249, 36.02763527804814], [-0.07024830906448593, 36.02875557581689], [-0.06820734418031768, 36.02311337213911], [-0.064525990224249, 36.02763527804814]]]]}, "properties": {"speed": 0.0434, "dir_deg": 70.1, "type": "ضعيف"}}, {"type": "Feature", "geometry": {"type": "MultiPolygon", "coordinates": [[[[-0.042638122196979863, 36.02106928858996], [-0.03907971986122441, 36.03564110291821], [-0.03713681128412488, 36.03516664927344], [-0.040695213619880335, 36.02059483494519], [-0.042638122196979863, 36.02106928858996]]], [[[-0.03692213146075616, 36.04026114753857], [-0.041022628438323945, 36.036115556562976], [-0.03519390270702535, 36.03469219562868], [-0.03692213146075616, 36.04026114753857]]]]}, "properties": {"speed": 0.0116, "dir_deg": 13.7, "type": "ضعيف"}}, {"type": "Feature", "geometry": {"type": "MultiPolygon", "coordinates": [[[[-4.1089751441640194e-05, 36.01983290630804], [-0.015028421644525693, 36.02044925257967], [-0.014946242141642412, 36.022447563498744], [4.1089751441640194e-05, 36.02183121722712], [-4.1089751441640194e-05, 36.01983290630804]]], [[[-0.01998310919077874, 36.02165385679641], [-0.015110601147408973, 36.01845094166059], [-0.014864062638759131, 36.02444587441782], [-0.01998310919077874, 36.02165385679641]]]]}, "properties": {"speed": 0.0252, "dir_deg": 272.4, "type": "ضعيف"}}, {"type": "Feature", "geometry": {"type": "MultiPolygon", "coordinates": [[[[0.04193816662453909, 36.01986962296581], [0.027501584597999264, 36.01579714222417], [0.026958587165781277, 36.017722019827715], [0.041395169192321106, 36.02179450056935], [0.04193816662453909, 36.01986962296581]]], [[[0.022417891873043664, 36.015402087445395], [0.02804458203021725, 36.01387226462064], [0.02641558973356329, 36.01964689743125], [0.022417891873043664, 36.015402087445395]]]]}, "properties": {"speed": 0.0375, "dir_deg": 254.2, "type": "ضعيف"}}, {"type": "Feature", "geometry": {"type": "MultiPolygon", "coordinates": [[[[0.08353518334556206, 36.01985264481083], [0.06884392899440765, 36.01682493188031], [0.06844023393700392, 36.0187837657938], [0.08313148828815833, 36.021811478724324], [0.08353518334556206, 36.01985264481083]]], [[[0.06374499668198766, 36.01679511119354], [0.0692476240518114, 36.014866097966824], [0.06803653887960018, 36.02074259970728], [0.06374499668198766, 36.01679511119354]]]]}, "properties": {"speed": 0.0379, "dir_deg": 258.4, "type": "ضعيف"}}, {"type": "Feature", "geometry": {"type": "MultiPolygon", "coordinates": [[[[-0.41707675563550584, 36.063412041057084], [-0.40339613977928646, 36.069563524601286], [-0.4025759419733932, 36.06773944248712], [-0.4162565578296126, 36.061587958942916], [-0.41707675563550584, 36.063412041057084]]], [[[-0.3984258355909333, 36.070701978058935], [-0.4042163375851797, 36.07138760671545], [-0.40175574416749993, 36.065915360372955], [-0.3984258355909333, 36.070701978058935]]]]}, "properties": {"speed": 0.1603, "dir_deg": 65.8, "type": "ضعيف"}}, {"type": "Feature", "geometry": {"type": "MultiPolygon", "coordinates": [[[[-0.3753214980550694, 36.06344691023893], [-0.3611178444711503, 36.06826938106497], [-0.36047484836101146, 36.06637556058711], [-0.3746785019449306, 36.06155308976107], [-0.3753214980550694, 36.06344691023893]]], [[[-0.3560617952214412, 36.06892996110139], [-0.3617608405812892, 36.070163201542826], [-0.35983185225087255, 36.06448174010926], [-0.3560617952214412, 36.06892996110139]]]]}, "properties": {"speed": 0.1403, "dir_deg": 71.2, "type": "ضعيف"}}, {"type": "Feature", "geometry": {"type": "MultiPolygon", "coordinates": [[[[-0.3335908558972685, 36.06346627493266], [-0.31909673190742965, 36.067328964380074], [-0.31858170664777424, 36.06539641451476], [-0.3330758306376131, 36.06153372506734], [-0.3335908558972685, 36.06346627493266]]], [[[-0.31400784461432235, 36.06765025259656], [-0.3196117571670851, 36.06926151424538], [-0.3180666813881188, 36.06346386464945], [-0.31400784461432235, 36.06765025259656]]]]}, "properties": {"speed": 0.1237, "dir_deg": 75.1, "type": "ضعيف"}}, {"type": "Feature", "geometry": {"type": "MultiPolygon", "coordinates": [[[[-0.29184356168871756, 36.06348422793929], [-0.27708014259930996, 36.066137802281666], [-0.27672633268699326, 36.064169346403084], [-0.29148975177640085, 36.06151577206071], [-0.29184356168871756, 36.06348422793929]]], [[[-0.2719820979466824, 36.06603809912317], [-0.2774339525116267, 36.068106258160256], [-0.2763725227746765, 36.062200890524494], [-0.2719820979466824, 36.06603809912317]]]]}, "properties": {"speed": 0.1148, "dir_deg": 79.8, "type": "ضعيف"}}, {"type": "Feature", "geometry": {"type": "MultiPolygon", "coordinates": [[[[-0.25010844977659974, 36.06349410192936], [-0.23519692083621332, 36.06512084857835], [-0.2349800212830139, 36.06313264471964], [-0.2498915502234003, 36.06150589807064], [-0.25010844977659974, 36.06349410192936]]], [[[-0.23011796141281815, 36.064668995531996], [-0.23541382038941278, 36.067109052437075], [-0.23476312172981445, 36.061144440860915], [-0.23011796141281815, 36.064668995531996]]]]}, "properties": {"speed": 0.1183, "dir_deg": 83.8, "type": "ضعيف"}}, {"type": "Feature", "geometry": {"type": "MultiPolygon", "coordinates": [[[[-0.20849903761292607, 36.063486174652674], [-0.1937064178228223, 36.06597181335237], [-0.19337499932952937, 36.06399946404702], [-0.20816761911963313, 36.061513825347326], [-0.20849903761292607, 36.063486174652674]]], [[[-0.18860983531280792, 36.06581418493293], [-0.1940378363161152, 36.06794416265772], [-0.19304358083623646, 36.062027114741674], [-0.18860983531280792, 36.06581418493293]]]]}, "properties": {"speed": 0.1312, "dir_deg": 80.5, "type": "ضعيف"}}, {"type": "Feature", "geometry": {"type": "MultiPolygon", "coordinates": [[[[-0.16690928377061523, 36.06347012336897], [-0.15235743323599088, 36.06710930542239], [-0.15187220896220122, 36.06516905868445], [-0.16642405949682557, 36.06152987663103], [-0.16690928377061523, 36.06347012336897]]], [[[-0.14726420425422126, 36.0673522427379], [-0.15284265750978057, 36.069049552160344], [-0.15138698468841152, 36.063228811946495], [-0.14726420425422126, 36.0673522427379]]]]}, "properties": {"speed": 0.147, "dir_deg": 76.0, "type": "ضعيف"}}, {"type": "Feature", "geometry": {"type": "MultiPolygon", "coordinates": [[[[-0.12528790344986854, 36.06345765944028], [-0.11092301184569675, 36.06777621118831], [-0.1103472049459597, 36.06586089230775], [-0.12471209655013148, 36.06154234055972], [-0.12528790344986854, 36.06345765944028]]], [[[-0.10584681119443763, 36.06825806899737], [-0.11149881874543381, 36.069691530068866], [-0.10977139804622264, 36.06394557342719], [-0.10584681119443763, 36.06825806899737]]]]}, "properties": {"speed": 0.1535, "dir_deg": 73.3, "type": "ضعيف"}}, {"type": "Feature", "geometry": {"type": "MultiPolygon", "coordinates": [[[[-0.08370914633712288, 36.06342669652684], [-0.06980869843450212, 36.06906385433078], [-0.06905707739397675, 36.0672104612771], [-0.08295752529659751, 36.06157330347316], [-0.08370914633712288, 36.06342669652684]]], [[[-0.0647994052800325, 36.07001621040526], [-0.0705603194750275, 36.070917247384465], [-0.06830545635345137, 36.06535706822341], [-0.0647994052800325, 36.07001621040526]]]]}, "properties": {"speed": 0.1468, "dir_deg": 67.9, "type": "ضعيف"}}, {"type": "Feature", "geometry": {"type": "MultiPolygon", "coordinates": [[[[-0.042154317701083924, 36.06337303933458], [-0.02905872768237714, 36.07068778622438], [-0.028083428097069485, 36.068941707555226], [-0.041179018115776275, 36.06162696066542], [-0.042154317701083924, 36.06337303933458]]], [[[-0.02420588121682105, 36.07225299585308], [-0.030034027267684796, 36.07243386489355], [-0.02710812851176183, 36.06719562888606], [-0.02420588121682105, 36.07225299585308]]]]}, "properties": {"speed": 0.1272, "dir_deg": 60.8, "type": "ضعيف"}}, {"type": "Feature", "geometry": {"type": "MultiPolygon", "coordinates": [[[[-0.0005800939143928344, 36.06331454959977], [0.011638150082147329, 36.07201595831566], [0.012798337910932997, 36.07038685911613], [0.0005800939143928344, 36.06168545040023], [-0.0005800939143928344, 36.06331454959977]]], [[[0.016290991995386885, 36.074101878287856], [0.01047796225336166, 36.0736450575152], [0.013958525739718666, 36.068757759916586], [0.016290991995386885, 36.074101878287856]]]]}, "properties": {"speed": 0.0903, "dir_deg": 54.5, "type": "ضعيف"}}, {"type": "Feature", "geometry": {"type": "MultiPolygon", "coordinates": [[[[0.0409375857911837, 36.06318442623146], [0.05120397926309428, 36.07412065799016], [0.05266214349758708, 36.07275180552724], [0.0423957500256765, 36.06181557376854], [0.0409375857911837, 36.06318442623146]]], [[[0.055355192537644204, 36.07708164234493], [0.04974581502860147, 36.07548951045308], [0.05412030773207989, 36.071382953064315], [0.055355192537644204, 36.07708164234493]]]]}, "properties": {"speed": 0.0455, "dir_deg": 43.2, "type": "ضعيف"}}, {"type": "Feature", "geometry": {"type": "MultiPolygon", "coordinates": [[[[0.082348939772472, 36.06232403287866], [0.0797094329523639, 36.07708997354448], [0.0816782250411403, 36.07744190778717], [0.0843177318612484, 36.06267596712134], [0.082348939772472, 36.06232403287866]]], [[[0.07981399339004941, 36.08218792088776], [0.07774064086358752, 36.0767380393018], [0.08364701712991669, 36.07779384202985], [0.07981399339004941, 36.08218792088776]]]]}, "properties": {"speed": 0.0347, "dir_deg": 349.9, "type": "ضعيف"}}, {"type": "Feature", "geometry": {"type": "MultiPolygon", "coordinates": [[[[0.12412893753585211, 36.06200882774554], [0.11676135371893245, 36.07507476470776], [0.11850347864722824, 36.076057109216684], [0.1258710624641479, 36.06299117225446], [0.12412893753585211, 36.06200882774554]]], [[[0.11517655491077379, 36.07992124928296], [0.11501922879063668, 36.07409242019884], [0.12024560357552401, 36.077039453725604], [0.11517655491077379, 36.07992124928296]]]]}, "properties": {"speed": 0.0447, "dir_deg": 330.6, "type": "ضعيف"}}, {"type": "Feature", "geometry": {"type": "MultiPolygon", "coordinates": [[[[-0.41700038588031096, 36.10511060723899], [-0.4028603507818148, 36.110116544455266], [-0.4021928924863113, 36.10823120644213], [-0.41633292758480744, 36.10322526922585], [-0.41700038588031096, 36.10511060723899]]], [[[-0.397813276601231, 36.11084252118746], [-0.4035278090773183, 36.1120018824684], [-0.40152543419080783, 36.106345868428996], [-0.397813276601231, 36.11084252118746]]]]}, "properties": {"speed": 0.1912, "dir_deg": 70.5, "type": "ضعيف"}}, {"type": "Feature", "geometry": {"type": "MultiPolygon", "coordinates": [[[[-0.37524793551997765, 36.10513671476906], [-0.3607162874704611, 36.108855747568725], [-0.3602204164305058, 36.10691819449545], [-0.37475206448002235, 36.103199161695784], [-0.37524793551997765, 36.10513671476906]]], [[[-0.3556244692673112, 36.10912664863198], [-0.3612121585104164, 36.110793300641994], [-0.3597245453905505, 36.10498064142218], [-0.3556244692673112, 36.10912664863198]]]]}, "properties": {"speed": 0.1865, "dir_deg": 75.6, "type": "ضعيف"}}, {"type": "Feature", "geometry": {"type": "MultiPolygon", "coordinates": [[[[-0.3335388885350253, 36.10514658584161], [-0.3188591743971728, 36.10822976485537], [-0.31844808386200385, 36.106272469637], [-0.3331277979998563, 36.103189290623234], [-0.3335388885350253, 36.10514658584161]]], [[[-0.3137603910836375, 36.10827884358411], [-0.3192702649323418, 36.110187060073756], [-0.3180369933268349, 36.104315174418616], [-0.3137603910836375, 36.10827884358411]]]]}, "properties": {"speed": 0.1876, "dir_deg": 78.1, "type": "ضعيف"}}, {"type": "Feature", "geometry": {"type": "MultiPolygon", "coordinates": [[[[-0.2918276401549571, 36.10515489534279], [-0.2770232834993831, 36.10756964667876], [-0.2767013166545873, 36.10559573245802], [-0.2915056733101613, 36.10318098112205], [-0.2918276401549571, 36.10515489534279]]], [[[-0.2719275145251272, 36.107387606680376], [-0.2773452503441789, 36.1095435608995], [-0.2763793498097915, 36.10362181823728], [-0.2719275145251272, 36.107387606680376]]]]}, "properties": {"speed": 0.1911, "dir_deg": 80.7, "type": "ضعيف"}}, {"type": "Feature", "geometry": {"type": "MultiPolygon", "coordinates": [[[[-0.2501068752090323, 36.10516221067481], [-0.23519278857319637, 36.1067653388103], [-0.23497903815513183, 36.10477679392552], [-0.24989312479096773, 36.10317366579003], [-0.2501068752090323, 36.10516221067481]]], [[[-0.2301145511522188, 36.10630544241307], [-0.23540653899126093, 36.10875388369507], [-0.23476528773706726, 36.10278824904074], [-0.2301145511522188, 36.10630544241307]]]]}, "properties": {"speed": 0.197, "dir_deg": 83.9, "type": "ضعيف"}}, {"type": "Feature", "geometry": {"type": "MultiPolygon", "coordinates": [[[[-0.20845055806133111, 36.10516104306002], [-0.19355398564736354, 36.106919488485794], [-0.1933195262572605, 36.10493327883059], [-0.2082160986712281, 36.10317483340482], [-0.20845055806133111, 36.10516104306002]]], [[[-0.18847123181432282, 36.10651253213345], [-0.19378844503746653, 36.10890569814099], [-0.1930850668671575, 36.1029470691754], [-0.18847123181432282, 36.10651253213345]]]]}, "properties": {"speed": 0.2059, "dir_deg": 83.3, "type": "ضعيف"}}, {"type": "Feature", "geometry": {"type": "MultiPolygon", "coordinates": [[[[-0.1668250121508165, 36.105155322798154], [-0.15201424366483673, 36.1075304305546], [-0.15169756263064454, 36.10555566142313], [-0.1665083311166243, 36.10318055366669], [-0.1668250121508165, 36.105155322798154]]], [[[-0.1469189803190807, 36.107334748574345], [-0.15233092469902895, 36.10950519968606], [-0.15138088159645233, 36.10358089229167], [-0.1469189803190807, 36.107334748574345]]]]}, "properties": {"speed": 0.2136, "dir_deg": 80.9, "type": "ضعيف"}}, {"type": "Feature", "geometry": {"type": "MultiPolygon", "coordinates": [[[[-0.12521435134776246, 36.10514469485498], [-0.11056300200938092, 36.108359965071415], [-0.110134299313856, 36.1064064518263], [-0.12478564865223754, 36.103191181609866], [-0.12521435134776246, 36.10514469485498]]], [[[-0.10546486754882461, 36.10845496518767], [-0.11099170470490585, 36.110313478316534], [-0.10970559661833107, 36.10445293858118], [-0.10546486754882461, 36.10845496518767]]]]}, "properties": {"speed": 0.2167, "dir_deg": 77.6, "type": "ضعيف"}}, {"type": "Feature", "geometry": {"type": "MultiPolygon", "coordinates": [[[[-0.08363693877533275, 36.105120736869914], [-0.06934495921295193, 36.109674781247], [-0.06873775329600683, 36.10776918397202], [-0.08302973285838765, 36.10321513959493], [-0.08363693877533275, 36.105120736869914]]], [[[-0.06427736306701912, 36.11023999740187], [-0.06995216512989703, 36.111580378521985], [-0.06813054737906173, 36.10586358669703], [-0.06427736306701912, 36.11023999740187]]]]}, "properties": {"speed": 0.2145, "dir_deg": 72.3, "type": "ضعيف"}}, {"type": "Feature", "geometry": {"type": "MultiPolygon", "coordinates": [[[[-0.04208209266054524, 36.10507756578001], [-0.028437679446732502, 36.111308937061736], [-0.027606829942502232, 36.109489681966565], [-0.04125124315631496, 36.103258310684836], [-0.04208209266054524, 36.10507756578001]]], [[[-0.023474116956679787, 36.11247643327472], [-0.029268528950962776, 36.113128192156914], [-0.026775980438271958, 36.10767042687139], [-0.023474116956679787, 36.11247643327472]]]]}, "properties": {"speed": 0.2072, "dir_deg": 65.5, "type": "ضعيف"}}, {"type": "Feature", "geometry": {"type": "MultiPolygon", "coordinates": [[[[-0.0005417068203777433, 36.10500850573165], [0.012066805668022821, 36.113134108037315], [0.013150219308778306, 36.111452973038865], [0.0005417068203777433, 36.1033273707332], [-0.0005417068203777433, 36.10500850573165]]], [[[0.016811349984534086, 36.115002074639975], [0.010983392027267334, 36.11481524303577], [0.014233632949533793, 36.10977183804041], [0.016811349984534086, 36.115002074639975]]]]}, "properties": {"speed": 0.1954, "dir_deg": 57.2, "type": "ضعيف"}}, {"type": "Feature", "geometry": {"type": "MultiPolygon", "coordinates": [[[[0.04101884731873802, 36.10492973117251], [0.05244574142008837, 36.11464704001789], [0.05374138259947253, 36.113123454137714], [0.04231448849812218, 36.10340614529233], [0.04101884731873802, 36.10492973117251]]], [[[0.05690252671023058, 36.117124350026266], [0.051150100240704204, 36.11617062589807], [0.0550370237788567, 36.111599868257535], [0.05690252671023058, 36.117124350026266]]]]}, "properties": {"speed": 0.1664, "dir_deg": 49.6, "type": "ضعيف"}}, {"type": "Feature", "geometry": {"type": "MultiPolygon", "coordinates": [[[[0.08256214919094867, 36.10480454736526], [0.09211128618354747, 36.116372346753934], [0.09365365943537052, 36.115099128488254], [0.08410452244277172, 36.10353132909958], [0.08256214919094867, 36.10480454736526]]], [[[0.0960655184736586, 36.11959167075065], [0.09056891293172441, 36.117645565019615], [0.09519603268719358, 36.11382591022257], [0.0960655184736586, 36.11959167075065]]]]}, "properties": {"speed": 0.1316, "dir_deg": 39.5, "type": "ضعيف"}}, {"type": "Feature", "geometry": {"type": "MultiPolygon", "coordinates": [[[[0.12411644102268249, 36.10463625813762], [0.13114123960060384, 36.11788964279738], [0.13290835755523886, 36.11695300298699], [0.1258835589773175, 36.10369961832723], [0.12411644102268249, 36.10463625813762]]], [[[0.13436639810389514, 36.12183911777877], [0.12937412164596881, 36.11882628260777], [0.13467547550987388, 36.1160163631766], [0.13436639810389514, 36.12183911777877]]]]}, "properties": {"speed": 0.0967, "dir_deg": 27.9, "type": "ضعيف"}}, {"type": "Feature", "geometry": {"type": "MultiPolygon", "coordinates": [[[[0.16569924589437768, 36.10442109320246], [0.16949657044501468, 36.1189324792926], [0.17143142192370012, 36.118426169352524], [0.16763409737306312, 36.10391478326238], [0.16569924589437768, 36.10442109320246]]], [[[0.17172977103456974, 36.12351645301928], [0.16756171896632926, 36.11943878923269], [0.17336627340238553, 36.11791985941244], [0.17172977103456974, 36.12351645301928]]]]}, "properties": {"speed": 0.1053, "dir_deg": 14.7, "type": "ضعيف"}}, {"type": "Feature", "geometry": {"type": "MultiPolygon", "coordinates": [[[[-0.41699242965981076, 36.146777509809446], [-0.40281070903180727, 36.15166410371822], [-0.40215916317730416, 36.14977320763448], [-0.41634088380530765, 36.14488661372571], [-0.41699242965981076, 36.146777509809446]]], [[[-0.3977576958952212, 36.15234752031261], [-0.4034622548863104, 36.15355499980195], [-0.40150761732280105, 36.14788231155075], [-0.3977576958952212, 36.15234752031261]]]]}, "properties": {"speed": 0.1734, "dir_deg": 71.0, "type": "ضعيف"}}, {"type": "Feature", "geometry": {"type": "MultiPolygon", "coordinates": [[[[-0.3751862684066398, 36.1468145606636], [-0.3604487849662838, 36.1496085867632], [-0.36007624815300415, 36.14764358897116], [-0.3748137315933602, 36.144849562871556], [-0.3751862684066398, 36.1468145606636]]], [[[-0.35535002207952526, 36.149557429900376], [-0.36082132177956344, 36.15157358455525], [-0.3597037113397245, 36.145678591179106], [-0.35535002207952526, 36.149557429900376]]]]}, "properties": {"speed": 0.1777, "dir_deg": 79.3, "type": "ضعيف"}}, {"type": "Feature", "geometry": {"type": "MultiPolygon", "coordinates": [[[[-0.3334244958613818, 36.14682789870434], [-0.31848694180996456, 36.14819518761345], [-0.3183046366220826, 36.146203513739934], [-0.3332421906734998, 36.14483622483082], [-0.3334244958613818, 36.14682789870434]]], [[[-0.3134166045322178, 36.1476551136464], [-0.31866924699784654, 36.15018686148698], [-0.3181223314342006, 36.14421183986641], [-0.3134166045322178, 36.1476551136464]]]]}, "properties": {"speed": 0.1979, "dir_deg": 84.8, "type": "ضعيف"}}, {"type": "Feature", "geometry": {"type": "MultiPolygon", "coordinates": [[[[-0.2916953119376707, 36.14683165112287], [-0.2767014716082386, 36.14726147919954], [-0.27664416119801566, 36.14526230048895], [-0.29163800152744773, 36.14483247241228], [-0.2916953119376707, 36.14683165112287]]], [[[-0.2716748696266498, 36.14640516586981], [-0.27675878201846155, 36.14926065791013], [-0.2765868507877927, 36.14326312177836], [-0.2716748696266498, 36.14640516586981]]]]}, "properties": {"speed": 0.2258, "dir_deg": 88.4, "type": "متوسط"}}, {"type": "Feature", "geometry": {"type": "MultiPolygon", "coordinates": [[[[-0.250004513382648, 36.146832051582216], [-0.23500466616309804, 36.146899752321936], [-0.23499563939780202, 36.14489977269266], [-0.249995486617352, 36.14483207195294], [-0.250004513382648, 36.146832051582216]]], [[[-0.2300002037072667, 36.145922329420536], [-0.23501369292839405, 36.14889973195121], [-0.234986612632506, 36.142899793063386], [-0.2300002037072667, 36.145922329420536]]]]}, "properties": {"speed": 0.2528, "dir_deg": 89.7, "type": "متوسط"}}, {"type": "Feature", "geometry": {"type": "MultiPolygon", "coordinates": [[[[-0.20835627851325741, 36.146831798378265], [-0.19336022935290917, 36.147176050582935], [-0.19331432905895354, 36.14517657736156], [-0.2083103782193018, 36.14483232515689], [-0.20835627851325741, 36.146831798378265]]], [[[-0.1883385961524819, 36.146291064707135], [-0.1934061296468648, 36.14917552380432], [-0.19326842876499792, 36.14317710414018], [-0.1883385961524819, 36.146291064707135]]]]}, "properties": {"speed": 0.2728, "dir_deg": 88.7, "type": "متوسط"}}, {"type": "Feature", "geometry": {"type": "MultiPolygon", "coordinates": [[[[-0.166748605375396, 36.1468286995463], [-0.15179903869457262, 36.148057705671434], [-0.15163517121122144, 36.146064430113995], [-0.1665847378920448, 36.14483542398886], [-0.166748605375396, 36.1468286995463]]], [[[-0.14673391605928926, 36.14747073660109], [-0.15196290617792377, 36.15005098122888], [-0.1514713037278703, 36.14407115455655], [-0.14673391605928926, 36.14747073660109]]]]}, "properties": {"speed": 0.2859, "dir_deg": 85.3, "type": "متوسط"}}, {"type": "Feature", "geometry": {"type": "MultiPolygon", "coordinates": [[[[-0.1251621064965154, 36.146818835036264], [-0.11036050746626913, 36.149250432483996], [-0.11003629447323832, 36.147276885946624], [-0.12483789350348459, 36.14484528849889], [-0.1251621064965154, 36.146818835036264]]], [[[-0.1052645346263383, 36.149074191697885], [-0.11068472045929995, 36.15122397902136], [-0.1097120814802075, 36.14530333940926], [-0.1052645346263383, 36.149074191697885]]]]}, "properties": {"speed": 0.2935, "dir_deg": 80.7, "type": "متوسط"}}, {"type": "Feature", "geometry": {"type": "MultiPolygon", "coordinates": [[[[-0.08358086687596411, 36.14680094172649], [-0.06904766749230289, 36.150513907613046], [-0.06855260537409506, 36.14857614769522], [-0.08308580475775629, 36.14486318180867], [-0.08358086687596411, 36.14680094172649]]], [[[-0.06395573663864523, 36.150782682949654], [-0.06954272961051072, 36.15245166753087], [-0.06805754325588723, 36.1466383877774], [-0.06395573663864523, 36.150782682949654]]]]}, "properties": {"speed": 0.2953, "dir_deg": 75.7, "type": "متوسط"}}, {"type": "Feature", "geometry": {"type": "MultiPolygon", "coordinates": [[[[-0.041990209779344485, 36.14677827562172], [-0.02779700196725441, 36.151631403685435], [-0.027149918225425645, 36.14973897597715], [-0.041343126037515714, 36.144885847913436], [-0.041990209779344485, 36.14677827562172]]], [[[-0.022742390825643336, 36.15230289918586], [-0.02844408570908318, 36.15352383139371], [-0.026502834483596877, 36.14784654826887], [-0.022742390825643336, 36.15230289918586]]]]}, "properties": {"speed": 0.2835, "dir_deg": 71.1, "type": "متوسط"}}, {"type": "Feature", "geometry": {"type": "MultiPolygon", "coordinates": [[[[-0.0004514241079408235, 36.14672437128494], [0.012933218652447374, 36.153495732904055], [0.01383606686832902, 36.15171111386933], [0.0004514241079408235, 36.14493975225022], [-0.0004514241079408235, 36.14672437128494]]], [[[0.017846190347184262, 36.1548605439264], [0.012030370436565727, 36.15528035193877], [0.014738915084210668, 36.14992649483462], [0.017846190347184262, 36.1548605439264]]]]}, "properties": {"speed": 0.2637, "dir_deg": 63.2, "type": "متوسط"}}, {"type": "Feature", "geometry": {"type": "MultiPolygon", "coordinates": [[[[0.041067839552782245, 36.146632939161734], [0.05308100046514078, 36.15561536449645], [0.05427865717643649, 36.15401360970814], [0.042265496264077954, 36.14503118437342], [0.041067839552782245, 36.146632939161734]]], [[[0.05768421579157482, 36.15780862888054], [0.05188334375384507, 36.157217119284766], [0.055476313887732207, 36.15241185491982], [0.05768421579157482, 36.15780862888054]]]]}, "properties": {"speed": 0.2506, "dir_deg": 53.2, "type": "متوسط"}}, {"type": "Feature", "geometry": {"type": "MultiPolygon", "coordinates": [[[[0.08262553205639947, 36.146538470881815], [0.0932216687699603, 36.15715552728872], [0.09463727629088176, 36.15574270906025], [0.08404113957732093, 36.14512565265334], [0.08262553205639947, 36.146538470881815]]], [[[0.09746151810160798, 36.15998813697679], [0.09180606124903884, 36.158568345517196], [0.09605288381180321, 36.154329890831775], [0.09746151810160798, 36.15998813697679]]]]}, "properties": {"speed": 0.2307, "dir_deg": 44.9, "type": "متوسط"}}, {"type": "Feature", "geometry": {"type": "MultiPolygon", "coordinates": [[[[0.12421262295378964, 36.14644853349207], [0.1334596988212049, 36.15825918918522], [0.13503445291362565, 36.15702624573624], [0.12578737704621037, 36.14521559004309], [0.12421262295378964, 36.14644853349207]]], [[[0.13732943448988705, 36.16157960269179], [0.13188494472878418, 36.15949213263421], [0.13660920700604637, 36.15579330228725], [0.13732943448988705, 36.16157960269179]]]]}, "properties": {"speed": 0.2028, "dir_deg": 38.1, "type": "ضعيف"}}, {"type": "Feature", "geometry": {"type": "MultiPolygon", "coordinates": [[[[0.1657917044312646, 36.14631624395914], [0.17305443730470813, 36.15944075199598], [0.17480437170961974, 36.15847238761285], [0.1675416388361762, 36.145347879576015], [0.1657917044312646, 36.14631624395914]]], [[[0.17635031546497842, 36.16333140581669], [0.1713045028997965, 36.16040911637911], [0.17655430611453135, 36.15750402322973], [0.17635031546497842, 36.16333140581669]]]]}, "properties": {"speed": 0.1671, "dir_deg": 29.0, "type": "ضعيف"}}, {"type": "Feature", "geometry": {"type": "MultiPolygon", "coordinates": [[[[0.2073399939509148, 36.14594732988655], [0.2090690157355286, 36.16084734611702], [0.21105568456625823, 36.16061680987907], [0.2093266627816444, 36.1457167936486], [0.2073399939509148, 36.14594732988655]]], [[[0.2106386907457647, 36.165698750074874], [0.20708234690479901, 36.161077882354974], [0.21304235339698782, 36.16038627364112], [0.2106386907457647, 36.165698750074874]]]]}, "properties": {"speed": 0.1261, "dir_deg": 6.6, "type": "ضعيف"}}, {"type": "Feature", "geometry": {"type": "MultiPolygon", "coordinates": [[[[0.24905457165546602, 36.14550623168095], [0.24416712035605243, 36.15968765684896], [0.2460579770451204, 36.16033931702222], [0.250945428344534, 36.14615789185421], [0.24905457165546602, 36.14550623168095]]], [[[0.24348339826744853, 36.16474062865826], [0.24227626366698446, 36.159035996675705], [0.24794883373418836, 36.160990977195475], [0.24348339826744853, 36.16474062865826]]]]}, "properties": {"speed": 0.0714, "dir_deg": 341.0, "type": "ضعيف"}}, {"type": "Feature", "geometry": {"type": "MultiPolygon", "coordinates": [[[[-0.41704405148763596, 36.18842605248169], [-0.40315326426231546, 36.19408697380784], [-0.40239847475216195, 36.192234868844466], [-0.41628926197748245, 36.18657394751831], [-0.41704405148763596, 36.18842605248169]]], [[[-0.3981456070987985, 36.19504789510153], [-0.4039080537724689, 36.19593907877122], [-0.4016436852420085, 36.19038276388109], [-0.3981456070987985, 36.19504789510153]]]]}, "properties": {"speed": 0.155, "dir_deg": 67.8, "type": "ضعيف"}}, {"type": "Feature", "geometry": {"type": "MultiPolygon", "coordinates": [[[[-0.37515098291232096, 36.18848853637272], [-0.3603229373215463, 36.19075328005753], [-0.3600209714969044, 36.188776207312095], [-0.37484901708767904, 36.18651146362728], [-0.37515098291232096, 36.18848853637272]]], [[[-0.3552292725456338, 36.19051965824642], [-0.3606249031461883, 36.19273035280297], [-0.3597190056722624, 36.186799134566655], [-0.3552292725456338, 36.19051965824642]]]]}, "properties": {"speed": 0.1518, "dir_deg": 81.3, "type": "ضعيف"}}, {"type": "Feature", "geometry": {"type": "MultiPolygon", "coordinates": [[[[-0.3332837415045015, 36.18849876907497], [-0.3183022053799749, 36.18775474263088], [-0.31840140890585344, 36.18575720448094], [-0.3333829450303801, 36.18650123092503], [-0.3332837415045015, 36.18849876907497]]], [[[-0.313357961768072, 36.18650796474122], [-0.3182030018540963, 36.189752280780816], [-0.31850061243173206, 36.18375966633101], [-0.313357961768072, 36.18650796474122]]]]}, "properties": {"speed": 0.1694, "dir_deg": 92.8, "type": "ضعيف"}}, {"type": "Feature", "geometry": {"type": "MultiPolygon", "coordinates": [[[[-0.2914926252138878, 36.188484740082714], [-0.27672152397313704, 36.185874267302644], [-0.27706958701047985, 36.183904787137216], [-0.2918406882512306, 36.186515259917286], [-0.2914926252138878, 36.188484740082714]]], [[[-0.27197185507822486, 36.18401936962657], [-0.27637346093579424, 36.18784374746808], [-0.27741765004782265, 36.18193530697178], [-0.27197185507822486, 36.18401936962657]]]]}, "properties": {"speed": 0.2, "dir_deg": 100.0, "type": "ضعيف"}}, {"type": "Feature", "geometry": {"type": "MultiPolygon", "coordinates": [[[[-0.24978551330358448, 36.188476726910174], [-0.2351346096509537, 36.185259426463944], [-0.23556358304378475, 36.183305972643595], [-0.25021448669641555, 36.186523273089826], [-0.24978551330358448, 36.188476726910174]]], [[[-0.2304654617964923, 36.18321026607169], [-0.23470563625812263, 36.18721288028429], [-0.23599255643661582, 36.181352518823246], [-0.2304654617964923, 36.18321026607169]]]]}, "properties": {"speed": 0.2338, "dir_deg": 102.4, "type": "متوسط"}}, {"type": "Feature", "geometry": {"type": "MultiPolygon", "coordinates": [[[[-0.20814062196932331, 36.18848125646218], [-0.19342177503660715, 36.18559066050784], [-0.19380718783051973, 36.18362814758348], [-0.2085260347632359, 36.18651874353782], [-0.20814062196932331, 36.18848125646218]]], [[[-0.18870819912265804, 36.18364587206087], [-0.19303636224269458, 36.1875531734322], [-0.1941926006244323, 36.18166563465912], [-0.18870819912265804, 36.18364587206087]]]]}, "properties": {"speed": 0.2646, "dir_deg": 101.1, "type": "متوسط"}}, {"type": "Feature", "geometry": {"type": "MultiPolygon", "coordinates": [[[[-0.16655880990069336, 36.18849416590494], [-0.15164632132656894, 36.18687623990954], [-0.15186204479262302, 36.184887908099654], [-0.16677453336674744, 36.18650583409506], [-0.16655880990069336, 36.18849416590494]]], [[[-0.14678335353488783, 36.185342765339456], [-0.15143059786051488, 36.18886457171942], [-0.15207776825867708, 36.18289957628977], [-0.14678335353488783, 36.185342765339456]]]]}, "properties": {"speed": 0.2915, "dir_deg": 96.2, "type": "متوسط"}}, {"type": "Feature", "geometry": {"type": "MultiPolygon", "coordinates": [[[[-0.12502571401566684, 36.18849966934003], [-0.11003067391519979, 36.188885379575034], [-0.10997924588386614, 36.18688604089497], [-0.12497428598433317, 36.18650033065997], [-0.12502571401566684, 36.18849966934003]]], [[[-0.10500661319937729, 36.18801428031334], [-0.11008210194653345, 36.19088471825509], [-0.10992781785253247, 36.18488670221491], [-0.10500661319937729, 36.18801428031334]]]]}, "properties": {"speed": 0.3169, "dir_deg": 88.5, "type": "متوسط"}}, {"type": "Feature", "geometry": {"type": "MultiPolygon", "coordinates": [[[[-0.08351790283064665, 36.18848281993133], [-0.06877560386067798, 36.191251325138126], [-0.06840646983310507, 36.189285685275465], [-0.08314876880307374, 36.18651718006867], [-0.08351790283064665, 36.18848281993133]]], [[[-0.0636769371902353, 36.19119134027573], [-0.06914473788825087, 36.193216965000786], [-0.06803733580553217, 36.187320045412804], [-0.0636769371902353, 36.19119134027573]]]]}, "properties": {"speed": 0.3406, "dir_deg": 79.4, "type": "متوسط"}}, {"type": "Feature", "geometry": {"type": "MultiPolygon", "coordinates": [[[[-0.04198195551180951, 36.18844899616815], [-0.027747012989623687, 36.19317831021884], [-0.027116437782864853, 36.191280317882544], [-0.041351380305050686, 36.18655100383185], [-0.04198195551180951, 36.18844899616815]]], [[[-0.02268674454551566, 36.19380575206759], [-0.02837758819638252, 36.19507630255513], [-0.02648586257610602, 36.189382325546255], [-0.02268674454551566, 36.19380575206759]]]]}, "properties": {"speed": 0.3538, "dir_deg": 71.6, "type": "متوسط"}}, {"type": "Feature", "geometry": {"type": "MultiPolygon", "coordinates": [[[[-0.0004266601910874341, 36.18840441200862], [0.013139519938255448, 36.194804314874936], [0.013992840320430317, 36.19299549085769], [0.0004266601910874341, 36.18659558799138], [-0.0004266601910874341, 36.18840441200862]]], [[[0.01808824017245718, 36.19603320382175], [0.01228619955608058, 36.19661313889218], [0.014846160702605185, 36.191186666840444], [0.01808824017245718, 36.19603320382175]]]]}, "properties": {"speed": 0.3479, "dir_deg": 64.7, "type": "متوسط"}}, {"type": "Feature", "geometry": {"type": "MultiPolygon", "coordinates": [[[[0.04114023501193799, 36.18835021668149], [0.053893485234350266, 36.196246710128875], [0.054946351027334486, 36.19454627676589], [0.04219310080492221, 36.18664978331851], [0.04114023501193799, 36.18835021668149]]], [[[0.058671001538313144, 36.19802865792984], [0.052840619441366046, 36.19794714349187], [0.055999216820318706, 36.1928458434029], [0.058671001538313144, 36.19802865792984]]]]}, "properties": {"speed": 0.3306, "dir_deg": 58.2, "type": "متوسط"}}, {"type": "Feature", "geometry": {"type": "MultiPolygon", "coordinates": [[[[0.08270282058453265, 36.188276176875334], [0.09434547371453975, 36.197733905360245], [0.09560650417919483, 36.19618155160958], [0.08396385104918774, 36.186723823124666], [0.08270282058453265, 36.188276176875334]]], [[[0.09885687332353633, 36.20011030464655], [0.09308444324988467, 36.19928625911091], [0.09686753464384991, 36.19462919785891], [0.09885687332353633, 36.20011030464655]]]]}, "properties": {"speed": 0.3135, "dir_deg": 50.9, "type": "متوسط"}}, {"type": "Feature", "geometry": {"type": "MultiPolygon", "coordinates": [[[[0.1242935412202307, 36.188207754189314], [0.13490985405989156, 36.19880463588586], [0.13632277161943016, 36.19738912750723], [0.1257064587797693, 36.186792245810686], [0.1242935412202307, 36.188207754189314]]], [[[0.1391550837862145, 36.201629175595386], [0.13349693650035296, 36.20022014426448], [0.13773568917896875, 36.19597361912861], [0.1391550837862145, 36.201629175595386]]]]}, "properties": {"speed": 0.2874, "dir_deg": 45.1, "type": "متوسط"}}, {"type": "Feature", "geometry": {"type": "MultiPolygon", "coordinates": [[[[0.16587664143786615, 36.18811306793232], [0.17507266042265854, 36.199963520870135], [0.17665272081436703, 36.198737385005494], [0.16745670182957464, 36.18688693206768], [0.16587664143786615, 36.18811306793232]]], [[[0.17892803028011026, 36.203300603917086], [0.17349260003095004, 36.201189656734776], [0.17823278120607552, 36.19751124914085], [0.17892803028011026, 36.203300603917086]]]]}, "properties": {"speed": 0.2694, "dir_deg": 37.8, "type": "متوسط"}}, {"type": "Feature", "geometry": {"type": "MultiPolygon", "coordinates": [[[[0.20753631936145855, 36.1881039674215], [0.21659583068396843, 36.20005910249381], [0.21818984869361052, 36.198851167650815], [0.20913033737110065, 36.1868960325785], [0.20753631936145855, 36.1881039674215]]], [[[0.22041267679629278, 36.20344018009642], [0.2150018126743263, 36.20126703733681], [0.21978386670325264, 36.19764323280781], [0.22041267679629278, 36.20344018009642]]]]}, "properties": {"speed": 0.2105, "dir_deg": 37.2, "type": "ضعيف"}}, {"type": "Feature", "geometry": {"type": "MultiPolygon", "coordinates": [[[[0.2491256608815594, 36.18798531547056], [0.25640539293995385, 36.20110040224717], [0.25815407117683503, 36.200129771306045], [0.2508743391184406, 36.18701468452944], [0.2491256608815594, 36.18798531547056]]], [[[0.25970630941119255, 36.20498678236881], [0.25465671470307266, 36.20207103318829], [0.2599027494137162, 36.19915914036493], [0.25970630941119255, 36.20498678236881]]]]}, "properties": {"speed": 0.1407, "dir_deg": 29.0, "type": "ضعيف"}}, {"type": "Feature", "geometry": {"type": "MultiPolygon", "coordinates": [[[[0.2906974707583439, 36.18774633015931], [0.29439242314795117, 36.202284119772536], [0.29633079509638177, 36.20179145945392], [0.2926358427067745, 36.18725366984069], [0.2906974707583439, 36.18774633015931]]], [[[0.2965932599187022, 36.20688371948431], [0.2924540511995205, 36.20277678009115], [0.29826916704481243, 36.20129879913531], [0.2965932599187022, 36.20688371948431]]]]}, "properties": {"speed": 0.117, "dir_deg": 14.3, "type": "ضعيف"}}, {"type": "Feature", "geometry": {"type": "MultiPolygon", "coordinates": [[[[-0.41710050024000633, 36.23006892647377], [-0.4035856766197977, 36.23657657908548], [-0.40271798960490346, 36.23477460260278], [-0.4162328132251121, 36.228266949991074], [-0.41710050024000633, 36.23006892647377]]], [[[-0.3986468919056144, 36.23784480838136], [-0.4044533636346919, 36.238378555568175], [-0.40185030259000926, 36.23297262612009], [-0.3986468919056144, 36.23784480838136]]]]}, "properties": {"speed": 0.1543, "dir_deg": 64.3, "type": "ضعيف"}}, {"type": "Feature", "geometry": {"type": "MultiPolygon", "coordinates": [[[[-0.37513637025255736, 36.23015859617249], [-0.3602765011515551, 36.23220414996085], [-0.36000376064644035, 36.23022283408072], [-0.37486362974744264, 36.22817728029236], [-0.37513637025255736, 36.23015859617249]]], [[[-0.3551868411986636, 36.23189534328357], [-0.36054924165666985, 36.23418546584099], [-0.3597310201413256, 36.22824151820058], [-0.3551868411986636, 36.23189534328357]]]]}, "properties": {"speed": 0.1478, "dir_deg": 82.2, "type": "ضعيف"}}, {"type": "Feature", "geometry": {"type": "MultiPolygon", "coordinates": [[[[-0.33317128962647374, 36.230154720182725], [-0.3183695603718867, 36.22772391556822], [-0.3186936676538208, 36.225750351667614], [-0.33349539690840785, 36.22818115628212], [-0.33317128962647374, 36.230154720182725]]], [[[-0.3135977042613247, 36.22592686541308], [-0.31804545308995263, 36.22969747946883], [-0.31901777493575484, 36.223776787767], [-0.3135977042613247, 36.22592686541308]]]]}, "properties": {"speed": 0.1642, "dir_deg": 99.3, "type": "ضعيف"}}, {"type": "Feature", "geometry": {"type": "MultiPolygon", "coordinates": [[[[-0.29131338612054847, 36.23010345941053], [-0.27728056844892046, 36.22480440023037], [-0.27798710967294193, 36.222933357874155], [-0.29201992734456994, 36.228232417054315], [-0.29131338612054847, 36.23010345941053]]], [[[-0.27295623317038853, 36.222102525992206], [-0.27657402722489904, 36.22667544258659], [-0.27869365089696335, 36.22106231551793], [-0.27295623317038853, 36.222102525992206]]]]}, "properties": {"speed": 0.1933, "dir_deg": 110.7, "type": "ضعيف"}}, {"type": "Feature", "geometry": {"type": "MultiPolygon", "coordinates": [[[[-0.24956041323066247, 36.23006613836169], [-0.2360874112915895, 36.22347233682163], [-0.23696658483026456, 36.22167593656309], [-0.25043958676933753, 36.22826973810315], [-0.24956041323066247, 36.23006613836169]]], [[[-0.23203599741456937, 36.22037620284567], [-0.23520823775291444, 36.22526873708017], [-0.23784575836893962, 36.219879536304546], [-0.23203599741456937, 36.22037620284567]]]]}, "properties": {"speed": 0.2197, "dir_deg": 116.1, "type": "متوسط"}}, {"type": "Feature", "geometry": {"type": "MultiPolygon", "coordinates": [[[[-0.20787981166718417, 36.23005918601146], [-0.19451109498160232, 36.22325643552503], [-0.1954181283797932, 36.221473939966955], [-0.20878684506537504, 36.228276690453384], [-0.20787981166718417, 36.23005918601146]]], [[[-0.1905083727855038, 36.22009760425051], [-0.19360406158341142, 36.22503893108311], [-0.1963251617779841, 36.21969144440887], [-0.1905083727855038, 36.22009760425051]]]]}, "properties": {"speed": 0.2374, "dir_deg": 117.0, "type": "متوسط"}}, {"type": "Feature", "geometry": {"type": "MultiPolygon", "coordinates": [[[[-0.16627733988859425, 36.230089035834325], [-0.1524608758600039, 36.22424905965743], [-0.1532395393502562, 36.222406864453625], [-0.16705600337884655, 36.22824684063052], [-0.16627733988859425, 36.230089035834325]]], [[[-0.14824471959559993, 36.2213813033299], [-0.1516822123697516, 36.226091254861245], [-0.1540182028405085, 36.22056466924981], [-0.14824471959559993, 36.2213813033299]]]]}, "properties": {"speed": 0.2496, "dir_deg": 112.9, "type": "متوسط"}}, {"type": "Feature", "geometry": {"type": "MultiPolygon", "coordinates": [[[[-0.12475810405707968, 36.230138240429056], [-0.11020357110752389, 36.22650980128525], [-0.11068736299336453, 36.224569196891984], [-0.12524189594292032, 36.22819763603579], [-0.12475810405707968, 36.230138240429056]]], [[[-0.10559395606725894, 36.224330019374015], [-0.10971977922168326, 36.22845040567853], [-0.11117115487920516, 36.22262859249871], [-0.10559395606725894, 36.224330019374015]]]]}, "properties": {"speed": 0.2656, "dir_deg": 104.0, "type": "متوسط"}}, {"type": "Feature", "geometry": {"type": "MultiPolygon", "coordinates": [[[[-0.08332317635846935, 36.23016788662379], [-0.0683239504879062, 36.230015494747924], [-0.0683442694046879, 36.22801559796519], [-0.08334349527525105, 36.228167989841054], [-0.08332317635846935, 36.23016788662379]]], [[[-0.06333436798944267, 36.2289647490646], [-0.06830363157112448, 36.232015391530666], [-0.0683645883214696, 36.22601570118245], [-0.06333436798944267, 36.2289647490646]]]]}, "properties": {"speed": 0.2965, "dir_deg": 90.6, "type": "متوسط"}}, {"type": "Feature", "geometry": {"type": "MultiPolygon", "coordinates": [[[[-0.0418937565299176, 36.23014181233003], [-0.02728564506580444, 36.23354814165234], [-0.026831467822829445, 36.23160039345712], [-0.0414395792869426, 36.22819406413481], [-0.0418937565299176, 36.23014181233003]]], [[[-0.022189185956279223, 36.23370971066217], [-0.027739822308779437, 36.235495889847556], [-0.026377290579854447, 36.22965264526191], [-0.022189185956279223, 36.23370971066217]]]]}, "properties": {"speed": 0.3462, "dir_deg": 76.9, "type": "متوسط"}}, {"type": "Feature", "geometry": {"type": "MultiPolygon", "coordinates": [[[[-0.00040456524644005365, 36.23008244736927], [0.013313071806234223, 36.23615092606587], [0.01412220229911433, 36.23432190779217], [0.00040456524644005365, 36.228253429095574], [-0.00040456524644005365, 36.23008244736927]]], [[[0.018290182736899033, 36.237259243161226], [0.012503941313354115, 36.23797994433956], [0.014931332791994437, 36.23249288951848], [0.018290182736899033, 36.237259243161226]]]]}, "properties": {"speed": 0.3935, "dir_deg": 66.1, "type": "متوسط"}}, {"type": "Feature", "geometry": {"type": "MultiPolygon", "coordinates": [[[[0.04115500265153612, 36.230027123116415], [0.054042775911479574, 36.23770210196982], [0.05506610642526753, 36.23598373220184], [0.04217833316532408, 36.22830875334843], [0.04115500265153612, 36.230027123116415]]], [[[0.0588503655883547, 36.2394012433703], [0.05301944539769161, 36.239420471737816], [0.0560894369390555, 36.234265362433845], [0.0588503655883547, 36.2394012433703]]]]}, "properties": {"speed": 0.4111, "dir_deg": 59.2, "type": "متوسط"}}, {"type": "Feature", "geometry": {"type": "MultiPolygon", "coordinates": [[[[0.08274122942413616, 36.22997379803394], [0.09482912644683811, 36.2388553939248], [0.0960133392322862, 36.23724367432177], [0.08392544220958424, 36.228362078430905], [0.08274122942413616, 36.22997379803394]]], [[[0.09945053184712947, 36.2410100660869], [0.09364491366139002, 36.24046711352783], [0.09719755201773428, 36.23563195471874], [0.09945053184712947, 36.2410100660869]]]]}, "properties": {"speed": 0.4017, "dir_deg": 53.7, "type": "متوسط"}}, {"type": "Feature", "geometry": {"type": "MultiPolygon", "coordinates": [[[[0.1243409502330271, 36.229920037564064], [0.1356224402076235, 36.23980578406866], [0.1369405397415693, 36.238301585405374], [0.1256590497669729, 36.22841583890078], [0.1243409502330271, 36.229920037564064]]], [[[0.1400419866327952, 36.24234893357188], [0.13430434067367772, 36.241309982731934], [0.1382586392755151, 36.2367973867421], [0.1400419866327952, 36.24234893357188]]]]}, "properties": {"speed": 0.3697, "dir_deg": 48.8, "type": "متوسط"}}, {"type": "Feature", "geometry": {"type": "MultiPolygon", "coordinates": [[[[0.1659289941747726, 36.22984309152358], [0.17605629354212998, 36.240908253407795], [0.17753164846002556, 36.239557946825485], [0.1674043490926682, 36.22849278494127], [0.1659289941747726, 36.22984309152358]]], [[[0.18016973745686354, 36.24392148741138], [0.17458093862423443, 36.24225855999011], [0.1790070033779211, 36.23820764024317], [0.18016973745686354, 36.24392148741138]]]]}, "properties": {"speed": 0.3453, "dir_deg": 42.5, "type": "متوسط"}}, {"type": "Feature", "geometry": {"type": "MultiPolygon", "coordinates": [[[[0.20757158184209384, 36.229815813400094], [0.21728970935723055, 36.241242011262884], [0.21881320240560206, 36.23994626092754], [0.20909507489046536, 36.22852006306475], [0.20757158184209384, 36.229815813400094]]], [[[0.22129083171979522, 36.244402868716136], [0.21576621630885903, 36.242537761598236], [0.22033669545397358, 36.23865051059219], [0.22129083171979522, 36.244402868716136]]]]}, "properties": {"speed": 0.3103, "dir_deg": 40.4, "type": "متوسط"}}, {"type": "Feature", "geometry": {"type": "MultiPolygon", "coordinates": [[[[0.24925853878740611, 36.229838933962824], [0.25932347474344847, 36.24096085215173], [0.26080639716863624, 36.239618860690925], [0.2507414612125939, 36.22849694250202], [0.24925853878740611, 36.229838933962824]]], [[[0.26341991460805647, 36.2439971624843], [0.2578405523182607, 36.242302843612535], [0.262289319593824, 36.23827686923012], [0.26341991460805647, 36.2439971624843]]]]}, "properties": {"speed": 0.263, "dir_deg": 42.1, "type": "متوسط"}}, {"type": "Feature", "geometry": {"type": "MultiPolygon", "coordinates": [[[[0.29084635952469595, 36.22973987572094], [0.29942542185245874, 36.242044333838884], [0.30106601626818524, 36.24090045886185], [0.29248695394042246, 36.228596000743906], [0.29084635952469595, 36.22973987572094]]], [[[0.3031054065029096, 36.245573882389685], [0.2977848274367322, 36.24318820881592], [0.3027066106839118, 36.23975658388481], [0.3031054065029096, 36.245573882389685]]]]}, "properties": {"speed": 0.1985, "dir_deg": 34.9, "type": "ضعيف"}}, {"type": "Feature", "geometry": {"type": "MultiPolygon", "coordinates": [[[[0.3323507271994021, 36.229353587533076], [0.3351354667091688, 36.244092828553654], [0.3371006988452462, 36.243721529952346], [0.3343159593354795, 36.22898228893177], [0.3323507271994021, 36.229353587533076]]], [[[0.3370463292804631, 36.248820259593195], [0.33317023457309153, 36.244464127154956], [0.3390659309813235, 36.243350231351044], [0.3370463292804631, 36.248820259593195]]]]}, "properties": {"speed": 0.1352, "dir_deg": 10.7, "type": "ضعيف"}}, {"type": "Feature", "geometry": {"type": "MultiPolygon", "coordinates": [[[[0.3740791539963678, 36.2287780117809], [0.36823025722357444, 36.24259070183539], [0.3700719492308388, 36.243370554738426], [0.3759208460036322, 36.22955786468394], [0.3740791539963678, 36.2287780117809]]], [[[0.36720147096960887, 36.24758485830507], [0.3663885652163101, 36.241810848932346], [0.37191364123810317, 36.24415040764147], [0.36720147096960887, 36.24758485830507]]]]}, "properties": {"speed": 0.0807, "dir_deg": 337.1, "type": "ضعيف"}}, {"type": "Feature", "geometry": {"type": "MultiPolygon", "coordinates": [[[[0.4166238882077202, 36.22816885322438], [0.4016376130871742, 36.22881038109697], [0.40172315013685217, 36.23080855111305], [0.4167094252573982, 36.23016702324046], [0.4166238882077202, 36.22816885322438]]], [[[0.39668495657183117, 36.2300233087292], [0.40155207603749626, 36.2268122110809], [0.4018086871865301, 36.23280672112912], [0.39668495657183117, 36.2300233087292]]]]}, "properties": {"speed": 0.052, "dir_deg": 272.5, "type": "ضعيف"}}, {"type": "Feature", "geometry": {"type": "MultiPolygon", "coordinates": [[[[-0.41711214037581323, 36.271727351845485], [-0.4036827892072551, 36.27840960649429], [-0.40279182192074703, 36.27661902633848], [-0.4162211730893052, 36.26993677168967], [-0.41711214037581323, 36.271727351845485]]], [[[-0.3987608551744817, 36.27974173463266], [-0.4045737564937631, 36.2802001866501], [-0.401900854634239, 36.274828446182674], [-0.3987608551744817, 36.27974173463266]]]]}, "properties": {"speed": 0.1709, "dir_deg": 63.5, "type": "ضعيف"}}, {"type": "Feature", "geometry": {"type": "MultiPolygon", "coordinates": [[[[-0.37512734066577047, 36.271823920807385], [-0.3602494550687088, 36.27373403079394], [-0.3599947737371679, 36.271750312714325], [-0.37487265933422953, 36.26984020272777], [-0.37512734066577047, 36.271823920807385]]], [[[-0.3551628192039178, 36.27337887508299], [-0.3605041364002498, 36.27571774887355], [-0.3597400924056269, 36.26976659463472], [-0.3551628192039178, 36.27337887508299]]]]}, "properties": {"speed": 0.1672, "dir_deg": 82.7, "type": "ضعيف"}}, {"type": "Feature", "geometry": {"type": "MultiPolygon", "coordinates": [[[[-0.33313611302954615, 36.27181241896435], [-0.31843075507798624, 36.268853965395934], [-0.3188252155537755, 36.26689325100239], [-0.33353057350533544, 36.269851704570804], [-0.33313611302954615, 36.27181241896435]]], [[[-0.31372619933202756, 36.26688745700969], [-0.318036294602197, 36.270814679789474], [-0.31921967602956475, 36.264932536608846], [-0.31372619933202756, 36.26688745700969]]]]}, "properties": {"speed": 0.1869, "dir_deg": 101.4, "type": "ضعيف"}}, {"type": "Feature", "geometry": {"type": "MultiPolygon", "coordinates": [[[[-0.29126004243780235, 36.271745661688385], [-0.27755604362569053, 36.26564644726703], [-0.27836927221520424, 36.26381924742542], [-0.29207327102731606, 36.26991846184677], [-0.29126004243780235, 36.271745661688385]]], [[[-0.27339465831641013, 36.26269977587244], [-0.2767428150361768, 36.267473647108645], [-0.27918250080471796, 36.2619920475838], [-0.27339465831641013, 36.26269977587244]]]]}, "properties": {"speed": 0.212, "dir_deg": 114.0, "type": "ضعيف"}}, {"type": "Feature", "geometry": {"type": "MultiPolygon", "coordinates": [[[[-0.24945557016907288, 36.27167086815716], [-0.23687347432540484, 36.26350442069325], [-0.23796233398725908, 36.26182680791409], [-0.2505444298309271, 36.269993255378], [-0.24945557016907288, 36.27167086815716]]], [[[-0.23322387220844262, 36.259943465149036], [-0.23578461466355058, 36.265182033472406], [-0.23905119364911334, 36.260149195134936], [-0.23322387220844262, 36.259943465149036]]]]}, "properties": {"speed": 0.2306, "dir_deg": 123.0, "type": "متوسط"}}, {"type": "Feature", "geometry": {"type": "MultiPolygon", "coordinates": [[[[-0.20773107463200846, 36.27163036649608], [-0.19575650370440517, 36.26259656048202], [-0.19696101117294745, 36.260999951025006], [-0.20893558210055074, 36.27003375703907], [-0.20773107463200846, 36.27163036649608]]], [[[-0.1923672337961419, 36.25878698708215], [-0.19455199623586286, 36.264193169939034], [-0.19816551864148976, 36.25940334156799], [-0.1923672337961419, 36.25878698708215]]]]}, "properties": {"speed": 0.2399, "dir_deg": 127.0, "type": "متوسط"}}, {"type": "Feature", "geometry": {"type": "MultiPolygon", "coordinates": [[[[-0.166080715075226, 36.27164240423318], [-0.1539255780912007, 36.262853055855764], [-0.15509749120818947, 36.26123237092457], [-0.1672526281922148, 36.27002171930198], [-0.166080715075226, 36.27164240423318]]], [[[-0.15045982232168661, 36.25911293059769], [-0.15275366497421194, 36.26447374078697], [-0.15626940432517822, 36.25961168599336], [-0.15045982232168661, 36.25911293059769]]]]}, "properties": {"speed": 0.2362, "dir_deg": 125.9, "type": "متوسط"}}, {"type": "Feature", "geometry": {"type": "MultiPolygon", "coordinates": [[[[-0.12450621979816033, 36.27170164851556], [-0.11146241857838492, 36.26429494548796], [-0.11244997898206426, 36.262555771992], [-0.12549378020183966, 36.2699624750196], [-0.12450621979816033, 36.27170164851556]]], [[[-0.10760826504029944, 36.260956457730785], [-0.11047485817470558, 36.26603411898393], [-0.1134375393857436, 36.26081659849603], [-0.10760826504029944, 36.260956457730785]]]]}, "properties": {"speed": 0.2215, "dir_deg": 119.6, "type": "متوسط"}}, {"type": "Feature", "geometry": {"type": "MultiPolygon", "coordinates": [[[[-0.08306232838020279, 36.271794639021245], [-0.06862366957520342, 36.26772952747138], [-0.06916568444851824, 36.26580437296405], [-0.08360434325351761, 36.26986948451391], [-0.08306232838020279, 36.271794639021245]]], [[[-0.06408179074352771, 36.26541191303443], [-0.06808165470188861, 36.269654681978714], [-0.06970769932183306, 36.263879218456715], [-0.06408179074352771, 36.26541191303443]]]]}, "properties": {"speed": 0.2137, "dir_deg": 105.7, "type": "ضعيف"}}, {"type": "Feature", "geometry": {"type": "MultiPolygon", "coordinates": [[[[-0.04171012976506594, 36.271831116854656], [-0.026724303458885913, 36.272483044704195], [-0.026637379745614233, 36.27048493453004], [-0.04162320605179426, 36.2698330066805], [-0.04171012976506594, 36.271831116854656]]], [[[-0.02168556616685673, 36.2717012989003], [-0.026811227172157594, 36.27448115487835], [-0.026550456032342552, 36.26848682435588], [-0.02168556616685673, 36.2717012989003]]]]}, "properties": {"speed": 0.2405, "dir_deg": 87.5, "type": "متوسط"}}, {"type": "Feature", "geometry": {"type": "MultiPolygon", "coordinates": [[[[-0.00032662764095856223, 36.271777214868486], [0.013850668872707752, 36.276676629482864], [0.014503924154624875, 36.27478632328105], [0.00032662764095856223, 36.26988690866667], [-0.00032662764095856223, 36.271777214868486]]], [[[0.018903062018221752, 36.27736461458675], [0.013197413590790626, 36.27856693568469], [0.015157179436542, 36.272896017079226], [0.018903062018221752, 36.27736461458675]]]]}, "properties": {"speed": 0.3063, "dir_deg": 70.9, "type": "متوسط"}}, {"type": "Feature", "geometry": {"type": "MultiPolygon", "coordinates": [[[[0.0411661639493566, 36.27169779601488], [0.05415217765888824, 36.27920535540098], [0.05515318557703524, 36.277473886906385], [0.0421671718675036, 36.26996632752028], [0.0411661639493566, 36.27169779601488]]], [[[0.058981352854472285, 36.28084214094905], [0.05315116974074123, 36.28093682389559], [0.05615419349518225, 36.27574241841178], [0.058981352854472285, 36.28084214094905]]]]}, "properties": {"speed": 0.3829, "dir_deg": 60.0, "type": "متوسط"}}, {"type": "Feature", "geometry": {"type": "MultiPolygon", "coordinates": [[[[0.0827391426167296, 36.27163638411646], [0.0948039778500295, 36.28054928211842], [0.0959923642502907, 36.278940637420654], [0.0839275290169908, 36.270027739418694], [0.0827391426167296, 36.27163638411646]]], [[[0.0994197827945934, 36.28271592577019], [0.0936155914497683, 36.2821579268162], [0.0971807506505519, 36.27733199272288], [0.0994197827945934, 36.28271592577019]]]]}, "properties": {"speed": 0.4288, "dir_deg": 53.5, "type": "متوسط"}}, {"type": "Feature", "geometry": {"type": "MultiPolygon", "coordinates": [[[[0.12434037510910449, 36.271583656740496], [0.13561429970282948, 36.281478030103926], [0.13693354948462047, 36.27997484015809], [0.1256596248908955, 36.27008046679466], [0.12434037510910449, 36.271583656740496]]], [[[0.14003189945829997, 36.28402455958549], [0.13429504992103847, 36.282981220049756], [0.13825279926641149, 36.27847165021226], [0.14003189945829997, 36.28402455958549]]]]}, "properties": {"speed": 0.4306, "dir_deg": 48.7, "type": "متوسط"}}, {"type": "Feature", "geometry": {"type": "MultiPolygon", "coordinates": [[[[0.16595016269238952, 36.27152963967505], [0.17641383130446842, 36.28227727379502], [0.17784684918713017, 36.28088211798007], [0.16738318057505128, 36.270134483860105], [0.16595016269238952, 36.27152963967505]]], [[[0.18061822978315895, 36.2851622405942], [0.17498081342180669, 36.28367242960996], [0.1792798670697919, 36.27948696216513], [0.18061822978315895, 36.2851622405942]]]]}, "properties": {"speed": 0.4109, "dir_deg": 44.2, "type": "متوسط"}}, {"type": "Feature", "geometry": {"type": "MultiPolygon", "coordinates": [[[[0.20757934926798358, 36.271488960176264], [0.21743282539825676, 36.282798646650704], [0.2189407835948488, 36.28148484983333], [0.20908730746457563, 36.27017516335889], [0.20757934926798358, 36.271488960176264]]], [[[0.22147129653997716, 36.2859116437335], [0.21592486720166473, 36.284112443468075], [0.22044874179144083, 36.28017105301596], [0.22147129653997716, 36.2859116437335]]]]}, "properties": {"speed": 0.3795, "dir_deg": 41.1, "type": "متوسط"}}, {"type": "Feature", "geometry": {"type": "MultiPolygon", "coordinates": [[[[0.2492505430857102, 36.27149411488752], [0.25918133988482095, 36.28273596860186], [0.26068025371340053, 36.281411862361985], [0.2507494569142898, 36.27017000864764], [0.2492505430857102, 36.27149411488752]]], [[[0.26324106239881434, 36.28582120005338], [0.25768242605624136, 36.28406007484175], [0.2621791675419801, 36.2800877561221], [0.26324106239881434, 36.28582120005338]]]]}, "properties": {"speed": 0.3145, "dir_deg": 41.5, "type": "متوسط"}}, {"type": "Feature", "geometry": {"type": "MultiPolygon", "coordinates": [[[[0.2908564219006425, 36.27141816714816], [0.2996480026093938, 36.28357168962691], [0.30126847227322723, 36.28239947886574], [0.2924768915644759, 36.270245956386994], [0.2908564219006425, 36.27141816714816]]], [[[0.3033887643442276, 36.28703675840591], [0.2980275329455603, 36.28474390038808], [0.30288894193706073, 36.28122726810457], [0.3033887643442276, 36.28703675840591]]]]}, "properties": {"speed": 0.2825, "dir_deg": 35.9, "type": "متوسط"}}, {"type": "Feature", "geometry": {"type": "MultiPolygon", "coordinates": [[[[0.332496096200528, 36.27137888655574], [0.3406984680229236, 36.28393759255943], [0.34237296215674917, 36.28284394298311], [0.3341705903343536, 36.27028523697942], [0.332496096200528, 36.27137888655574]]], [[[0.34426983903063485, 36.28757700310583], [0.33902397388909794, 36.28503124213575], [0.3440474562905748, 36.281750293406795], [0.34426983903063485, 36.28757700310583]]]]}, "properties": {"speed": 0.2069, "dir_deg": 33.1, "type": "ضعيف"}}, {"type": "Feature", "geometry": {"type": "MultiPolygon", "coordinates": [[[[0.37408183183536314, 36.27122825265774], [0.38002469518779325, 36.285000775127294], [0.38186103151706696, 36.284208393346965], [0.37591816816463686, 36.270435870877414], [0.37408183183536314, 36.27122825265774]]], [[[0.3829238178032401, 36.28919542506031], [0.3781883588585195, 36.285793156907616], [0.38369736784634073, 36.28341601156664], [0.3829238178032401, 36.28919542506031]]]]}, "properties": {"speed": 0.1344, "dir_deg": 23.3, "type": "ضعيف"}}, {"type": "Feature", "geometry": {"type": "MultiPolygon", "coordinates": [[[[0.4156686176684939, 36.27076946762568], [0.41472970554005584, 36.285740053586665], [0.41672578366818647, 36.285865241870454], [0.4176646957966245, 36.27089465590947], [0.4156686176684939, 36.27076946762568]]], [[[0.4154147738946418, 36.290792843048884], [0.41273362741192526, 36.28561486530287], [0.41872186179631704, 36.28599043015425], [0.4154147738946418, 36.290792843048884]]]]}, "properties": {"speed": 0.062, "dir_deg": 356.4, "type": "ضعيف"}}, {"type": "Feature", "geometry": {"type": "MultiPolygon", "coordinates": [[[[0.4574799532216219, 36.270310788873886], [0.4496608598162536, 36.28311163956117], [0.4513676399078914, 36.284154185348555], [0.4591867333132597, 36.27135333466127], [0.4574799532216219, 36.270310788873886]]], [[[0.4479078853936164, 36.28789986268396], [0.4479540797246158, 36.28206909377379], [0.4530744199995292, 36.28519673113593], [0.4479078853936164, 36.28789986268396]]]]}, "properties": {"speed": 0.0833, "dir_deg": 328.6, "type": "ضعيف"}}, {"type": "Feature", "geometry": {"type": "MultiPolygon", "coordinates": [[[[0.4997175858126127, 36.2698727692018], [0.4853281973259001, 36.274108982012606], [0.48589302570067466, 36.27602756714417], [0.5002824141873873, 36.27179135433336], [0.4997175858126127, 36.2698727692018]]], [[[0.4808141486843832, 36.276480345515324], [0.4847633689511256, 36.272190396881044], [0.48645785407544917, 36.27794615227573], [0.4808141486843832, 36.276480345515324]]]]}, "properties": {"speed": 0.0564, "dir_deg": 286.4, "type": "ضعيف"}}, {"type": "Feature", "geometry": {"type": "MultiPolygon", "coordinates": [[[[-0.41709127990307837, 36.31340537018012], [-0.4035107272012144, 36.31977471773791], [-0.40266148086017606, 36.317963977377666], [-0.41624203356204004, 36.31159462981988], [-0.41709127990307837, 36.31340537018012]]], [[[-0.3985592531300739, 36.320992463410384], [-0.4043599735422527, 36.321585458098156], [-0.4018122345191377, 36.31615323701742], [-0.3985592531300739, 36.320992463410384]]]]}, "properties": {"speed": 0.1874, "dir_deg": 64.9, "type": "ضعيف"}}, {"type": "Feature", "geometry": {"type": "MultiPolygon", "coordinates": [[[[-0.3751160927956599, 36.31349323837159], [-0.36021751722183165, 36.31523463030649], [-0.3599853316305119, 36.31324815356331], [-0.3748839072043401, 36.31150676162841], [-0.3751160927956599, 36.31349323837159]]], [[[-0.35513523256822904, 36.314821855913195], [-0.3604497028131514, 36.31722110704967], [-0.3597531460391921, 36.31126167682013], [-0.35513523256822904, 36.314821855913195]]]]}, "properties": {"speed": 0.1899, "dir_deg": 83.3, "type": "ضعيف"}}, {"type": "Feature", "geometry": {"type": "MultiPolygon", "coordinates": [[[[-0.33315031221905894, 36.31348310713319], [-0.31840370522121525, 36.31073764140746], [-0.31876976731797896, 36.30877142714108], [-0.33351637431582265, 36.31151689286681], [-0.33315031221905894, 36.31348310713319]]], [[[-0.31367120060364917, 36.308839379032364], [-0.31803764312445154, 36.31270385567384], [-0.31913582941474267, 36.3068052128747], [-0.31367120060364917, 36.308839379032364]]]]}, "properties": {"speed": 0.2052, "dir_deg": 100.5, "type": "ضعيف"}}, {"type": "Feature", "geometry": {"type": "MultiPolygon", "coordinates": [[[[-0.29124785380659135, 36.31340807714937], [-0.2776266965661006, 36.30712603325985], [-0.2784643024180363, 36.30530987896111], [-0.29208545965852706, 36.31159192285063], [-0.29124785380659135, 36.31340807714937]]], [[[-0.2735051137452382, 36.30412394148064], [-0.2767890907141649, 36.30894218755858], [-0.27930190826997203, 36.30349372466238], [-0.2735051137452382, 36.30412394148064]]]]}, "properties": {"speed": 0.2181, "dir_deg": 114.8, "type": "متوسط"}}, {"type": "Feature", "geometry": {"type": "MultiPolygon", "coordinates": [[[[-0.24940503303556402, 36.31330375015473], [-0.2373487807146016, 36.30437924568819], [-0.23853871464347357, 36.30277174537873], [-0.250594966964436, 36.31169624984527], [-0.24940503303556402, 36.31330375015473]]], [[[-0.23392499690538346, 36.30060066071128], [-0.23615884678572963, 36.30598674599765], [-0.23972864857234555, 36.301164245069266], [-0.23392499690538346, 36.30060066071128]]]]}, "properties": {"speed": 0.2353, "dir_deg": 126.5, "type": "متوسط"}}, {"type": "Feature", "geometry": {"type": "MultiPolygon", "coordinates": [[[[-0.20768754594723168, 36.31326352149102], [-0.19623472358193944, 36.3035767852053], [-0.19752628842003528, 36.30204974222327], [-0.20897911078532752, 36.31173647850898], [-0.20768754594723168, 36.31326352149102]]], [[[-0.19306289854588993, 36.29958435161904], [-0.1949431587438436, 36.30510382818734], [-0.19881785325813112, 36.30052269924123], [-0.19306289854588993, 36.29958435161904]]]]}, "properties": {"speed": 0.24, "dir_deg": 130.2, "type": "متوسط"}}, {"type": "Feature", "geometry": {"type": "MultiPolygon", "coordinates": [[[[-0.1660112189281875, 36.31325523622186], [-0.15468267560028534, 36.30342344563887], [-0.15599358101135116, 36.301912973195144], [-0.1673221243392533, 36.31174476377814], [-0.1660112189281875, 36.31325523622186]]], [[[-0.15156194719651753, 36.29939094588934], [-0.15337177018921952, 36.30493391808259], [-0.15730448642241698, 36.300402500751424], [-0.15156194719651753, 36.29939094588934]]]]}, "properties": {"speed": 0.2202, "dir_deg": 131.0, "type": "متوسط"}}, {"type": "Feature", "geometry": {"type": "MultiPolygon", "coordinates": [[[[-0.12434197762424325, 36.31325299837517], [-0.11304700199674526, 36.30338266273882], [-0.11436304674825877, 36.30187666598848], [-0.12565802237575677, 36.31174700162483], [-0.12434197762424325, 36.31325299837517]]], [[[-0.10994003249666937, 36.29933955248487], [-0.11173095724523176, 36.30488865948915], [-0.11567909149977228, 36.30037066923815], [-0.10994003249666937, 36.29933955248487]]]]}, "properties": {"speed": 0.1758, "dir_deg": 131.1, "type": "ضعيف"}}, {"type": "Feature", "geometry": {"type": "MultiPolygon", "coordinates": [[[[-0.08279133897237836, 36.313340380521296], [-0.07018563115295626, 36.30521042785407], [-0.07126962484191993, 36.30352966681148], [-0.08387533266134203, 36.311659619478704], [-0.08279133897237836, 36.313340380521296]]], [[[-0.06652572539096405, 36.30166006311036], [-0.06910163746399259, 36.30689118889666], [-0.0723536185308836, 36.30184890576889], [-0.06652572539096405, 36.30166006311036]]]]}, "properties": {"speed": 0.1296, "dir_deg": 122.8, "type": "ضعيف"}}, {"type": "Feature", "geometry": {"type": "MultiPolygon", "coordinates": [[[[-0.04147046314887676, 36.313480562946644], [-0.026762018949236247, 36.31053749155335], [-0.027154428468342925, 36.30857636566006], [-0.04186287266798344, 36.311519437053356], [-0.04147046314887676, 36.313480562946644]]], [[[-0.02205540897557608, 36.30857590480893], [-0.02636960943012957, 36.31249861744663], [-0.027546837987449602, 36.30661523976678], [-0.02205540897557608, 36.30857590480893]]]]}, "properties": {"speed": 0.1236, "dir_deg": 101.3, "type": "ضعيف"}}, {"type": "Feature", "geometry": {"type": "MultiPolygon", "coordinates": [[[[-0.00019302132506072978, 36.31348119456178], [0.014524897101678662, 36.31637651443769], [0.014910939751800122, 36.31441412531413], [0.00019302132506072978, 36.31151880543822], [-0.00019302132506072978, 36.31348119456178]]], [[[0.019623891235652526, 36.31636042650121], [0.014138854451557202, 36.31833890356126], [0.015296982401921582, 36.31245173619056], [0.019623891235652526, 36.31636042650121]]]]}, "properties": {"speed": 0.1722, "dir_deg": 78.9, "type": "ضعيف"}}, {"type": "Feature", "geometry": {"type": "MultiPolygon", "coordinates": [[[[0.04120537839090241, 36.31338724967231], [0.05451412347559358, 36.32030659243522], [0.055436702510648965, 36.3185320930906], [0.04212795742595779, 36.31161275032769], [0.04120537839090241, 36.31338724967231]]], [[[0.059411661354684994, 36.321725790350555], [0.05359154444053821, 36.32208109177985], [0.05635928154570434, 36.316757593745976], [0.059411661354684994, 36.321725790350555]]]]}, "properties": {"speed": 0.2628, "dir_deg": 62.5, "type": "متوسط"}}, {"type": "Feature", "geometry": {"type": "MultiPolygon", "coordinates": [[[[0.08273933946730744, 36.31330446773504], [0.09480635549288505, 36.322214412978326], [0.09599434819199057, 36.32060547750825], [0.08392733216641296, 36.31169553226496], [0.08273933946730744, 36.31330446773504]]], [[[0.09942269051763036, 36.32437992699106], [0.09361836279377951, 36.32382334844841], [0.0971823408910961, 36.31899654203817], [0.09942269051763036, 36.32437992699106]]]]}, "properties": {"speed": 0.3589, "dir_deg": 53.6, "type": "متوسط"}}, {"type": "Feature", "geometry": {"type": "MultiPolygon", "coordinates": [[[[0.12433496056121776, 36.31324680823835], [0.1355370841364354, 36.32322239982008], [0.13686716301399987, 36.32172878334339], [0.12566503943878224, 36.31175319176165], [0.12433496056121776, 36.31324680823835]]], [[[0.13993616476695683, 36.325800788775645], [0.13420700525887092, 36.324716016296776], [0.13819724189156435, 36.320235166866695], [0.13993616476695683, 36.325800788775645]]]]}, "properties": {"speed": 0.4239, "dir_deg": 48.3, "type": "متوسط"}}, {"type": "Feature", "geometry": {"type": "MultiPolygon", "coordinates": [[[[0.16595360470571863, 36.31320109596789], [0.17647004422405255, 36.323897099887915], [0.1778961780800561, 36.322494907952134], [0.16737973856172217, 36.31179890403211], [0.16595360470571863, 36.31320109596789]]], [[[0.18068859099149898, 36.32676133856003], [0.175043910368049, 36.32529929182369], [0.17932231193605963, 36.32109271601636], [0.18068859099149898, 36.32676133856003]]]]}, "properties": {"speed": 0.4439, "dir_deg": 44.5, "type": "قوي"}}, {"type": "Feature", "geometry": {"type": "MultiPolygon", "coordinates": [[[[0.20758153104674112, 36.31315939426016], [0.21747244494917284, 36.32443635405324], [0.2189760395882498, 36.32311756553292], [0.20908512568581808, 36.31184060573984], [0.20758153104674112, 36.31315939426016]]], [[[0.2215212135695219, 36.32753594639077], [0.21596885031009586, 36.32575514257356], [0.22047963422732678, 36.321798777012596], [0.2215212135695219, 36.32753594639077]]]]}, "properties": {"speed": 0.432, "dir_deg": 41.3, "type": "متوسط"}}, {"type": "Feature", "geometry": {"type": "MultiPolygon", "coordinates": [[[[0.24923185496510813, 36.31314027588223], [0.25883599319862344, 36.32466245140561], [0.26037228326840717, 36.32338189964114], [0.25076814503489187, 36.31185972411777], [0.24923185496510813, 36.31314027588223]]], [[[0.2628055176446871, 36.32786290069784], [0.2572997031288397, 36.325943003170075], [0.2619085733381909, 36.322101347876675], [0.2628055176446871, 36.32786290069784]]]]}, "properties": {"speed": 0.3745, "dir_deg": 39.8, "type": "متوسط"}}, {"type": "Feature", "geometry": {"type": "MultiPolygon", "coordinates": [[[[0.29086226418400457, 36.31309409816346], [0.29977373663594525, 36.32515998639178], [0.3013825217330545, 36.32397179006486], [0.29247104928111384, 36.31190590183654], [0.29086226418400457, 36.31309409816346]]], [[[0.30354862000181343, 36.32858785097109], [0.298164951538836, 36.32634818271871], [0.3029913068301638, 36.32278359373793], [0.30354862000181343, 36.32858785097109]]]]}, "properties": {"speed": 0.328, "dir_deg": 36.4, "type": "متوسط"}}, {"type": "Feature", "geometry": {"type": "MultiPolygon", "coordinates": [[[[0.3325118678447223, 36.31307024392138], [0.3410655266654043, 36.325392375262155], [0.34270847751084127, 36.32425188741939], [0.3341548186901593, 36.31192975607862], [0.3325118678447223, 36.31307024392138]]], [[[0.3447382216950168, 36.32892950845437], [0.3394225758199673, 36.32653286310491], [0.34435142835627824, 36.32311139957664], [0.3447382216950168, 36.32892950845437]]]]}, "properties": {"speed": 0.2859, "dir_deg": 34.8, "type": "متوسط"}}, {"type": "Feature", "geometry": {"type": "MultiPolygon", "coordinates": [[[[0.3741704919589914, 36.313058494771596], [0.38254791353295736, 36.32550111538673], [0.3842069296149746, 36.32438412584354], [0.3758295080410086, 36.311941505228404], [0.3741704919589914, 36.313058494771596]]], [[[0.3861698954319546, 36.32909016082017], [0.38088889745094007, 36.32661810492993], [0.3858659456969919, 36.32326713630034], [0.3861698954319546, 36.32909016082017]]]]}, "properties": {"speed": 0.237, "dir_deg": 34.0, "type": "متوسط"}}, {"type": "Feature", "geometry": {"type": "MultiPolygon", "coordinates": [[[[0.4158063953418256, 36.31300985325302], [0.4234541941370974, 36.32591377411403], [0.42517471691856457, 36.324894067607985], [0.4175269181232928, 36.31199014674698], [0.4158063953418256, 36.31300985325302]]], [[[0.4268637217929216, 36.32970522781467], [0.4217336713556303, 36.32693348062006], [0.4268952397000317, 36.32387436110195], [0.4268637217929216, 36.32970522781467]]]]}, "properties": {"speed": 0.1825, "dir_deg": 30.7, "type": "ضعيف"}}, {"type": "Feature", "geometry": {"type": "MultiPolygon", "coordinates": [[[[0.45741215524223866, 36.31288911774853], [0.46324892147024965, 36.32670693812656], [0.4650912975206539, 36.3259287026295], [0.45925453129264293, 36.31211088225147], [0.45741215524223866, 36.31288911774853]]], [[[0.4661156982381221, 36.33092376050404], [0.46140654541984544, 36.32748517362363], [0.46693367357105814, 36.32515046713243], [0.4661156982381221, 36.33092376050404]]]]}, "properties": {"speed": 0.119, "dir_deg": 22.9, "type": "ضعيف"}}, {"type": "Feature", "geometry": {"type": "MultiPolygon", "coordinates": [[[[0.49900764273026327, 36.312623397930295], [0.5008586116846644, 36.32750875697634], [0.5028433262241377, 36.32726196111575], [0.5009923572697367, 36.312376602069705], [0.49900764273026327, 36.312623397930295]]], [[[0.5024679586058681, 36.332347145394735], [0.4988738971451909, 36.327755552836926], [0.5048280407636112, 36.32701516525517], [0.5024679586058681, 36.332347145394735]]]]}, "properties": {"speed": 0.0585, "dir_deg": 7.1, "type": "ضعيف"}}, {"type": "Feature", "geometry": {"type": "MultiPolygon", "coordinates": [[[[0.5406685735800317, 36.31243859536369], [0.539747504035332, 36.32741028968643], [0.5417437299450317, 36.32753309895906], [0.5426647994897315, 36.31256140463631], [0.5406685735800317, 36.31243859536369]]], [[[0.5404385938086153, 36.332462259097], [0.5377512781256322, 36.32728748041381], [0.5437399558547316, 36.327655908231684], [0.5404385938086153, 36.332462259097]]]]}, "properties": {"speed": 0.0778, "dir_deg": 356.5, "type": "ضعيف"}}, {"type": "Feature", "geometry": {"type": "MultiPolygon", "coordinates": [[[[0.582333313790543, 36.31249919324779], [0.5823212125073297, 36.32749918836642], [0.5843212118564806, 36.32750080187084], [0.5843333131396938, 36.31250080675221], [0.582333313790543, 36.31249919324779]]], [[[0.5833171784208341, 36.33249999349151], [0.580321213158179, 36.32749757486199], [0.5863212112056313, 36.32750241537527], [0.5833171784208341, 36.33249999349151]]]]}, "properties": {"speed": 0.0629, "dir_deg": 360.0, "type": "ضعيف"}}, {"type": "Feature", "geometry": {"type": "MultiPolygon", "coordinates": [[[[-0.4170452010669199, 36.35509352139288], [-0.4031614536600498, 36.36077168640829], [-0.4024043649913284, 36.35892052008737], [-0.4162881123981985, 36.35324235507196], [-0.4170452010669199, 36.35509352139288]]], [[[-0.39815499352339906, 36.361738824919634], [-0.4039185423287711, 36.36262285272921], [-0.4016472763226071, 36.357069353766455], [-0.39815499352339906, 36.361738824919634]]]]}, "properties": {"speed": 0.2056, "dir_deg": 67.8, "type": "ضعيف"}}, {"type": "Feature", "geometry": {"type": "MultiPolygon", "coordinates": [[[[-0.37510387855751276, 36.35516252822095], [-0.36018502872952535, 36.356720706583644], [-0.3599772716144998, 36.354731526606585], [-0.37489612144248724, 36.35317334824389], [-0.37510387855751276, 36.35516252822095]]], [[[-0.3551082002293501, 36.356245509382674], [-0.36039278584455087, 36.35870988656071], [-0.3597695144994743, 36.35274234662952], [-0.3551082002293501, 36.356245509382674]]]]}, "properties": {"speed": 0.2058, "dir_deg": 84.0, "type": "ضعيف"}}, {"type": "Feature", "geometry": {"type": "MultiPolygon", "coordinates": [[[[-0.33316814930204885, 36.355154199330606], [-0.3183742328292358, 36.352676289849725], [-0.3187046207600197, 36.35070376765336], [-0.33349853723283274, 36.35318167713424], [-0.33316814930204885, 36.355154199330606]]], [[[-0.3136081213036901, 36.350864058924586], [-0.3180438448984519, 36.3546488120461], [-0.31903500869080365, 36.34873124545698], [-0.3136081213036901, 36.350864058924586]]]]}, "properties": {"speed": 0.2124, "dir_deg": 99.5, "type": "ضعيف"}}, {"type": "Feature", "geometry": {"type": "MultiPolygon", "coordinates": [[[[-0.2912532187981541, 36.3550784705352], [-0.27759523425654475, 36.34887690151912], [-0.278422110125355, 36.34705583691357], [-0.29208009466696433, 36.35325740592965], [-0.2912532187981541, 36.3550784705352]]], [[[-0.27345601067708014, 36.34589917954432], [-0.27676835838773456, 36.35069796612466], [-0.2792489859941652, 36.345234772308025], [-0.27345601067708014, 36.34589917954432]]]]}, "properties": {"speed": 0.2269, "dir_deg": 114.4, "type": "متوسط"}}, {"type": "Feature", "geometry": {"type": "MultiPolygon", "coordinates": [[[[-0.24942780185367813, 36.35498805363976], [-0.2371260707436755, 36.34640508144493], [-0.23827046703631924, 36.344764850630256], [-0.25057219814632187, 36.353347822825086], [-0.24942780185367813, 36.35498805363976]]], [[[-0.23359769185332985, 36.34272397530599], [-0.23598167445103174, 36.34804531225959], [-0.239414863328963, 36.34312461981559], [-0.23359769185332985, 36.34272397530599]]]]}, "properties": {"speed": 0.2375, "dir_deg": 124.9, "type": "متوسط"}}, {"type": "Feature", "geometry": {"type": "MultiPolygon", "coordinates": [[[[-0.2077290449180899, 36.35496470765593], [-0.19577750356540682, 36.345900455933084], [-0.1969860704617862, 36.344306917086065], [-0.2089376118144693, 36.35337116880891], [-0.2077290449180899, 36.35496470765593]]], [[[-0.19239793989603549, 36.34208226926863], [-0.19456893666902744, 36.34749399478011], [-0.1981946373581656, 36.34271337823904], [-0.19239793989603549, 36.34208226926863]]]]}, "properties": {"speed": 0.2165, "dir_deg": 127.2, "type": "ضعيف"}}, {"type": "Feature", "geometry": {"type": "MultiPolygon", "coordinates": [[[[-0.1660256747290797, 36.35493548169584], [-0.15451252277775743, 36.34532052812623], [-0.15579451658703883, 36.343785441199394], [-0.1673076685383611, 36.353400394769004], [-0.1660256747290797, 36.35493548169584]]], [[[-0.1513158023652907, 36.34134800013961], [-0.15323052896847605, 36.34685561505307], [-0.1570765103963202, 36.34225035427255], [-0.1513158023652907, 36.34134800013961]]]]}, "properties": {"speed": 0.1758, "dir_deg": 129.9, "type": "ضعيف"}}, {"type": "Feature", "geometry": {"type": "MultiPolygon", "coordinates": [[[[-0.12425058734250853, 36.35483004144854], [-0.11431903910076376, 36.34358885158616], [-0.1158178644157467, 36.34226464515393], [-0.12574941265749148, 36.35350583501631], [-0.12425058734250853, 36.35483004144854]]], [[[-0.11175793567767364, 36.33917968508259], [-0.11282021378578082, 36.3449130580184], [-0.11731668973072963, 36.340940438721695], [-0.11175793567767364, 36.33917968508259]]]]}, "properties": {"speed": 0.1215, "dir_deg": 138.5, "type": "ضعيف"}}, {"type": "Feature", "geometry": {"type": "MultiPolygon", "coordinates": [[[[-0.08249218903381961, 36.35470874511975], [-0.07438008572391254, 36.342091543374146], [-0.07606237928999372, 36.34100992959949], [-0.08417448259990079, 36.35362713134509], [-0.08249218903381961, 36.35470874511975]]], [[[-0.07251719807031744, 36.33734500257161], [-0.07269779215783136, 36.3431731571488], [-0.0777446728560749, 36.339928315824835], [-0.07251719807031744, 36.33734500257161]]]]}, "properties": {"speed": 0.067, "dir_deg": 147.3, "type": "ضعيف"}}, {"type": "Feature", "geometry": {"type": "MultiPolygon", "coordinates": [[[[-0.040929607531175076, 36.354843765133545], [-0.030792204014339325, 36.343787859474716], [-0.03226632476884937, 36.34243620567247], [-0.04240372828568512, 36.3534921113313], [-0.040929607531175076, 36.354843765133545]]], [[[-0.028150129885982433, 36.33942673068732], [-0.02931808325982928, 36.34513951327696], [-0.03374044552335942, 36.341084551870225], [-0.028150129885982433, 36.33942673068732]]]]}, "properties": {"speed": 0.0403, "dir_deg": 137.5, "type": "ضعيف"}}, {"type": "Feature", "geometry": {"type": "MultiPolygon", "coordinates": [[[[0.00010017168523674349, 36.35516290839955], [0.01502472419217265, 36.353660333121], [0.014824380821699163, 36.351670392786744], [-0.00010017168523674349, 36.353172968065294], [0.00010017168523674349, 36.35516290839955]]], [[[0.01989940334258121, 36.352164504527686], [0.015225067562646138, 36.35565027345526], [0.014624037451225676, 36.34968045245248], [0.01989940334258121, 36.352164504527686]]]]}, "properties": {"speed": 0.0533, "dir_deg": 95.7, "type": "ضعيف"}}, {"type": "Feature", "geometry": {"type": "MultiPolygon", "coordinates": [[[[0.04125309030272442, 36.35507840710287], [0.05491012335947658, 36.361282071188455], [0.055737278570887935, 36.35946113344755], [0.04208024551413578, 36.35325746936197], [0.04125309030272442, 36.35507840710287]]], [[[0.059876045317432985, 36.36243949034654], [0.05408296814806523, 36.36310300892936], [0.056564433782299285, 36.35764019570665], [0.059876045317432985, 36.36243949034654]]]]}, "properties": {"speed": 0.1181, "dir_deg": 65.6, "type": "ضعيف"}}, {"type": "Feature", "geometry": {"type": "MultiPolygon", "coordinates": [[[[0.08273096335645597, 36.3549661533782], [0.0947041905430992, 36.364001740284266], [0.09590893546390766, 36.36240530999271], [0.08393570827726443, 36.353369723086644], [0.08273096335645597, 36.3549661533782]]], [[[0.09929763873238451, 36.366215387440505], [0.09349944562229072, 36.365598170575815], [0.09711368038471614, 36.36080887970116], [0.09929763873238451, 36.366215387440505]]]]}, "properties": {"speed": 0.2215, "dir_deg": 53.0, "type": "متوسط"}}, {"type": "Feature", "geometry": {"type": "MultiPolygon", "coordinates": [[[[0.12431611447565931, 36.35489752756184], [0.13525995441689498, 36.36515581042695], [0.13662772546557633, 36.363696631768114], [0.12568388552434068, 36.353438348903005], [0.12431611447565931, 36.35489752756184]]], [[[0.13959178658831423, 36.36784564871923], [0.1338921833682136, 36.366614989085775], [0.13799549651425772, 36.36223745310929], [0.13959178658831423, 36.36784564871923]]]]}, "properties": {"speed": 0.3256, "dir_deg": 46.9, "type": "متوسط"}}, {"type": "Feature", "geometry": {"type": "MultiPolygon", "coordinates": [[[[0.16593388939968334, 36.35484840145514], [0.17614083774054023, 36.3658401349657], [0.17760640220861434, 36.36447920852026], [0.16739945386775745, 36.3534874750097], [0.16593388939968334, 36.35484840145514]]], [[[0.18027593608819625, 36.368823582913166], [0.1746752732724661, 36.36720106141115], [0.17907196667668848, 36.36311828207481], [0.18027593608819625, 36.368823582913166]]]]}, "properties": {"speed": 0.3984, "dir_deg": 42.9, "type": "متوسط"}}, {"type": "Feature", "geometry": {"type": "MultiPolygon", "coordinates": [[[[0.20756387478276336, 36.35480664096673], [0.21714441579740076, 36.36634844471947], [0.21868332296443324, 36.36507103925086], [0.20910278194979584, 36.353529235498115], [0.20756387478276336, 36.35480664096673]]], [[[0.2211073830524628, 36.36955700990275], [0.21560550863036826, 36.36762585018809], [0.22022223013146575, 36.36379363378224], [0.2211073830524628, 36.36955700990275]]]]}, "properties": {"speed": 0.4332, "dir_deg": 39.7, "type": "متوسط"}}, {"type": "Feature", "geometry": {"type": "MultiPolygon", "coordinates": [[[[0.2492103054392667, 36.35478143843678], [0.25841280850464793, 36.36662685684778], [0.25999219762611453, 36.36539985643906], [0.2507896945607333, 36.35355443802806], [0.2492103054392667, 36.35478143843678]]], [[[0.262270004087175, 36.369961829447085], [0.2568334193831813, 36.3678538572565], [0.26157158674758113, 36.36417285603034], [0.262270004087175, 36.369961829447085]]]]}, "properties": {"speed": 0.4173, "dir_deg": 37.8, "type": "متوسط"}}, {"type": "Feature", "geometry": {"type": "MultiPolygon", "coordinates": [[[[0.29085559278563117, 36.354752895730016], [0.2996299552495677, 36.366918854933935], [0.3012520831434238, 36.36574893993875], [0.29247772067948724, 36.35358298073483], [0.29085559278563117, 36.354752895730016]]], [[[0.30336580668447455, 36.37038921717098], [0.29800782735571163, 36.36808876992913], [0.30287421103727985, 36.36457902494355], [0.30336580668447455, 36.37038921717098]]]]}, "properties": {"speed": 0.3713, "dir_deg": 35.8, "type": "متوسط"}}, {"type": "Feature", "geometry": {"type": "MultiPolygon", "coordinates": [[[[0.3325015887185476, 36.35472308179079], [0.3408287420940417, 36.367199400024184], [0.342492251191828, 36.36608911290745], [0.33416509781633397, 36.353612794674056], [0.3325015887185476, 36.35472308179079]]], [[[0.3444362144347662, 36.370803029210286], [0.3391652329962554, 36.368309687140915], [0.3441557602896143, 36.36497882579072], [0.3444362144347662, 36.370803029210286]]]]}, "properties": {"speed": 0.328, "dir_deg": 33.7, "type": "متوسط"}}, {"type": "Feature", "geometry": {"type": "MultiPolygon", "coordinates": [[[[0.3741692569413843, 36.35472459429371], [0.38251909786061244, 36.36718574017294], [0.3841805839778438, 36.36607242805037], [0.3758307430586157, 36.35361128217114], [0.3741692569413843, 36.35472459429371]]], [[[0.3861331212256375, 36.370782799404736], [0.38085761174338106, 36.368299052295505], [0.3858420700950752, 36.36495911592781], [0.3861331212256375, 36.370782799404736]]]]}, "properties": {"speed": 0.2808, "dir_deg": 33.8, "type": "متوسط"}}, {"type": "Feature", "geometry": {"type": "MultiPolygon", "coordinates": [[[[0.4158278843974337, 36.35471242052766], [0.4239951188260097, 36.36729400555454], [0.42567266349626076, 36.36620504096406], [0.41750542906768473, 36.35362345593718], [0.4158278843974337, 36.35471242052766]]], [[[0.42755630263732725, 36.37094338493493], [0.42231757415575866, 36.368382970145014], [0.4273502081665118, 36.36511607637359], [0.42755630263732725, 36.37094338493493]]]]}, "properties": {"speed": 0.2439, "dir_deg": 33.0, "type": "متوسط"}}, {"type": "Feature", "geometry": {"type": "MultiPolygon", "coordinates": [[[[0.45747596285962877, 36.35468262147122], [0.4651962114416058, 36.3675433275884], [0.46691097225722983, 36.366513961110805], [0.4591907236752528, 36.353653254993624], [0.45747596285962877, 36.35468262147122]]], [[[0.4686270080434102, 36.371315546388665], [0.46348145062598173, 36.368572694065996], [0.4686257330728539, 36.36548459463321], [0.4686270080434102, 36.371315546388665]]]]}, "properties": {"speed": 0.1982, "dir_deg": 31.0, "type": "ضعيف"}}, {"type": "Feature", "geometry": {"type": "MultiPolygon", "coordinates": [[[[0.499111470039436, 36.35462675683403], [0.505993749063534, 36.367954706242486], [0.507770808984662, 36.36703706903927], [0.500888529960564, 36.353709119630814], [0.499111470039436, 36.35462675683403]]], [[[0.5091763720321306, 36.371938537443704], [0.504216689142406, 36.368872343445695], [0.50954786890579, 36.36611943183606], [0.5091763720321306, 36.371938537443704]]]]}, "properties": {"speed": 0.1432, "dir_deg": 27.3, "type": "ضعيف"}}, {"type": "Feature", "geometry": {"type": "MultiPolygon", "coordinates": [[[[0.5407559287657471, 36.354580879252374], [0.5469500440650668, 36.36824224578939], [0.5487715596033358, 36.367416363749484], [0.5425774443040161, 36.35375499721247], [0.5407559287657471, 36.354580879252374]]], [[[0.5499255069339745, 36.37238309361511], [0.5451285285267978, 36.3690681278293], [0.5505930751416047, 36.36659048170957], [0.5499255069339745, 36.37238309361511]]]]}, "properties": {"speed": 0.106, "dir_deg": 24.4, "type": "ضعيف"}}, {"type": "Feature", "geometry": {"type": "MultiPolygon", "coordinates": [[[[0.5824093897366924, 36.354550514948976], [0.5881480404850471, 36.36840937087536], [0.589995887941899, 36.367644217442255], [0.5842572371935444, 36.35378536151587], [0.5824093897366924, 36.354550514948976]]], [[[0.5909848477962579, 36.37264641280094], [0.5863001930281952, 36.36917452430848], [0.5918437353987509, 36.36687906400914], [0.5909848477962579, 36.37264641280094]]]]}, "properties": {"speed": 0.0899, "dir_deg": 22.5, "type": "ضعيف"}}, {"type": "Feature", "geometry": {"type": "MultiPolygon", "coordinates": [[[[0.6240438842118582, 36.35446092731015], [0.6284387203777312, 36.368802664132275], [0.6303509519540148, 36.36821668597682], [0.6259561157881418, 36.353874949154694], [0.6240438842118582, 36.35446092731015]]], [[[0.6308597815544973, 36.37329025399526], [0.6265264888014477, 36.369388642287724], [0.6322631835302983, 36.36763070782137], [0.6308597815544973, 36.37329025399526]]]]}, "properties": {"speed": 0.0674, "dir_deg": 17.0, "type": "ضعيف"}}, {"type": "Feature", "geometry": {"type": "MultiPolygon", "coordinates": [[[[0.6656682993619987, 36.35422471017112], [0.6665198784423785, 36.36920051776436], [0.6685166527881443, 36.36908697388697], [0.6676650737077645, 36.35411116629373], [0.6656682993619987, 36.35422471017112]]], [[[0.6678021253087214, 36.37413568169008], [0.6645231040966126, 36.369314061641745], [0.6705134271339102, 36.36897343000959], [0.6678021253087214, 36.37413568169008]]]]}, "properties": {"speed": 0.0742, "dir_deg": 3.3, "type": "ضعيف"}}, {"type": "Feature", "geometry": {"type": "MultiPolygon", "coordinates": [[[[0.7073371414978721, 36.354080523063985], [0.7060259139713491, 36.36902310257268], [0.7080182579058417, 36.36919793290956], [0.7093294854323647, 36.35425535340086], [0.7073371414978721, 36.354080523063985]]], [[[0.706585010096421, 36.37409137757735], [0.7040335700368563, 36.368848272235816], [0.7100106018403345, 36.369372763246425], [0.706585010096421, 36.37409137757735]]]]}, "properties": {"speed": 0.0785, "dir_deg": 355.0, "type": "ضعيف"}}, {"type": "Feature", "geometry": {"type": "MultiPolygon", "coordinates": [[[[0.7490125376495362, 36.35401008353209], [0.746644717144573, 36.36882201878905], [0.7486196418455006, 36.36913772818971], [0.7509874623504638, 36.354325792932755], [0.7490125376495362, 36.35401008353209]]], [[[0.7468429059933823, 36.373917185241694], [0.7446697924436455, 36.36850630938839], [0.7505945665464281, 36.36945343759037], [0.7468429059933823, 36.373917185241694]]]]}, "properties": {"speed": 0.0756, "dir_deg": 350.9, "type": "ضعيف"}}, {"type": "Feature", "geometry": {"type": "MultiPolygon", "coordinates": [[[[-0.4169943967741834, 36.39677682971005], [-0.40282287763715574, 36.40169293033441], [-0.4021673975539074, 36.39980339444947], [-0.41633891669093503, 36.39488729382511], [-0.4169943967741834, 36.39677682971005]]], [[[-0.39777129788318905, 36.40238686260006], [-0.40347835772040413, 36.40358246621935], [-0.401511917470659, 36.397913858564536], [-0.39777129788318905, 36.40238686260006]]]]}, "properties": {"speed": 0.2082, "dir_deg": 70.9, "type": "ضعيف"}}, {"type": "Feature", "geometry": {"type": "MultiPolygon", "coordinates": [[[[-0.3750711230946513, 36.39682952931362], [-0.36010910990402, 36.39789637573339], [-0.3599668637147174, 36.3959014406413], [-0.3749288769053487, 36.394834594221535], [-0.3750711230946513, 36.39682952931362]]], [[[-0.3550506490791583, 36.39725452366061], [-0.3602513560933226, 36.399891310825474], [-0.35982461752541484, 36.39390650554922], [-0.3550506490791583, 36.39725452366061]]]]}, "properties": {"speed": 0.2117, "dir_deg": 85.9, "type": "ضعيف"}}, {"type": "Feature", "geometry": {"type": "MultiPolygon", "coordinates": [[[[-0.33316643971614895, 36.39681803499468], [-0.3183768413095867, 36.3943144817253], [-0.3187106484121704, 36.3923425352711], [-0.33350024681873264, 36.394846088540476], [-0.33316643971614895, 36.39681803499468]]], [[[-0.3136138787253578, 36.39249399074174], [-0.31804303420700303, 36.396286428179515], [-0.3190444555147541, 36.390370588816886], [-0.3136138787253578, 36.39249399074174]]]]}, "properties": {"speed": 0.2213, "dir_deg": 99.6, "type": "متوسط"}}, {"type": "Feature", "geometry": {"type": "MultiPolygon", "coordinates": [[[[-0.2912820812237718, 36.396755155304575], [-0.277435678168855, 36.39098652267276], [-0.2782048291864298, 36.38914033559877], [-0.2920512322413466, 36.39490896823058], [-0.2912820812237718, 36.396755155304575]]], [[[-0.2732047859926701, 36.38814055159183], [-0.27666652715128026, 36.39283270974675], [-0.27897398020400455, 36.38729414852478], [-0.2732047859926701, 36.38814055159183]]]]}, "properties": {"speed": 0.2231, "dir_deg": 112.6, "type": "متوسط"}}, {"type": "Feature", "geometry": {"type": "MultiPolygon", "coordinates": [[[[-0.24949896315739342, 36.396697487721866], [-0.23651757384311206, 36.38918193508277], [-0.23751964752832522, 36.38745108317419], [-0.25050103684260655, 36.39496663581329], [-0.24949896315739342, 36.396697487721866]]], [[[-0.23269148091429154, 36.385811324915444], [-0.2355155001578989, 36.390912786991336], [-0.23852172121353837, 36.38572023126562], [-0.23269148091429154, 36.385811324915444]]]]}, "properties": {"speed": 0.2013, "dir_deg": 120.1, "type": "ضعيف"}}, {"type": "Feature", "geometry": {"type": "MultiPolygon", "coordinates": [[[[-0.2078039033348989, 36.39668041849452], [-0.1950785524307707, 36.38873904302381], [-0.19613740249353212, 36.38704232956993], [-0.2088627533976603, 36.39498370504064], [-0.2078039033348989, 36.39668041849452]]], [[[-0.19136619382744202, 36.385243561139966], [-0.1940197023680093, 36.39043575647769], [-0.19719625255629353, 36.38534561611605], [-0.19136619382744202, 36.385243561139966]]]]}, "properties": {"speed": 0.1639, "dir_deg": 122.0, "type": "ضعيف"}}, {"type": "Feature", "geometry": {"type": "MultiPolygon", "coordinates": [[[[-0.1660938517182778, 36.39665174301323], [-0.15379863303350935, 36.38805944428159], [-0.15494427286439452, 36.386420081790284], [-0.16723949154916298, 36.395012380521926], [-0.1660938517182778, 36.39665174301323]]], [[[-0.15027304672069577, 36.38437566345873], [-0.15265299320262418, 36.38969880677289], [-0.1560899126952797, 36.38478071929898], [-0.15027304672069577, 36.38437566345873]]]]}, "properties": {"speed": 0.1287, "dir_deg": 124.9, "type": "ضعيف"}}, {"type": "Feature", "geometry": {"type": "MultiPolygon", "coordinates": [[[[-0.1243118608704577, 36.39655764052856], [-0.11342817945568015, 36.38623555358543], [-0.11480445771476475, 36.38478439606346], [-0.1256881391295423, 36.39510648300659], [-0.1243118608704577, 36.39655764052856]]], [[[-0.1104884247802966, 36.38206927917673], [-0.11205190119659557, 36.3876867111074], [-0.11618073597384933, 36.38333323854149], [-0.1104884247802966, 36.38206927917673]]]]}, "properties": {"speed": 0.0864, "dir_deg": 133.5, "type": "ضعيف"}}, {"type": "Feature", "geometry": {"type": "MultiPolygon", "coordinates": [[[[-0.08250287306872027, 36.39638913593136], [-0.074146760612011, 36.38393219470926], [-0.07580768610829086, 36.3828180463817], [-0.08416379856500013, 36.3952749876038], [-0.08250287306872027, 36.39638913593136]]], [[[-0.07219185254124785, 36.379222806804776], [-0.07248583511573115, 36.38504634303682], [-0.07746861160457072, 36.38170389805414], [-0.07219185254124785, 36.379222806804776]]]]}, "properties": {"speed": 0.0451, "dir_deg": 146.1, "type": "ضعيف"}}, {"type": "Feature", "geometry": {"type": "MultiPolygon", "coordinates": [[[[-0.04081220545524127, 36.39635157492053], [-0.03301950816095551, 36.3835346381227], [-0.03472843306733316, 36.38249561181679], [-0.042521130361618927, 36.395312548614626], [-0.04081220545524127, 36.39635157492053]]], [[[-0.03127640484938241, 36.3787428127038], [-0.03131058325457785, 36.3845736644286], [-0.036437357973710824, 36.38145658551089], [-0.03127640484938241, 36.3787428127038]]]]}, "properties": {"speed": 0.0253, "dir_deg": 148.7, "type": "ضعيف"}}, {"type": "Feature", "geometry": {"type": "MultiPolygon", "coordinates": [[[[0.0006017754453136399, 36.39663072710013], [0.012581755433567099, 36.38760409542043], [0.011378204542939818, 36.38600676475532], [-0.0006017754453136399, 36.395033396435025], [0.0006017754453136399, 36.39663072710013]]], [[[0.01597330665100461, 36.383796552861305], [0.013785306324194379, 36.38920142608553], [0.010174653652312538, 36.38440943409022], [0.01597330665100461, 36.383796552861305]]]]}, "properties": {"speed": 0.0234, "dir_deg": 127.0, "type": "ضعيف"}}, {"type": "Feature", "geometry": {"type": "MultiPolygon", "coordinates": [[[[0.041353946480976476, 36.39678190665429], [0.05560161978164413, 36.401472728066096], [0.056227062636551375, 36.39957303829267], [0.04197938933588372, 36.394882216880866], [0.041353946480976476, 36.39678190665429]]], [[[0.06066356564265364, 36.40208649031665], [0.05497617692673688, 36.40337241783952], [0.05685250549145862, 36.39767334851925], [0.06066356564265364, 36.40208649031665]]]]}, "properties": {"speed": 0.0425, "dir_deg": 71.8, "type": "ضعيف"}}, {"type": "Feature", "geometry": {"type": "MultiPolygon", "coordinates": [[[[0.08274318325685497, 36.396639353509094], [0.09485255937958884, 36.40549164190917], [0.0960328644995993, 36.40387705842614], [0.08392348837686543, 36.39502477002606], [0.08274318325685497, 36.396639353509094]]], [[[0.09947917064717203, 36.40763511296768], [0.09367225425957838, 36.407106225392205], [0.09721316961960975, 36.40226247494311], [0.09947917064717203, 36.40763511296768]]]]}, "properties": {"speed": 0.107, "dir_deg": 53.8, "type": "ضعيف"}}, {"type": "Feature", "geometry": {"type": "MultiPolygon", "coordinates": [[[[0.12429422099845541, 36.396540493839815], [0.13492070208206042, 36.407127178862986], [0.1363322600851496, 36.40571031471851], [0.1257057790015446, 36.39512362969534], [0.12429422099845541, 36.396540493839815]]], [[[0.13916864144480667, 36.40994764179847], [0.13350914407897127, 36.40854404300747], [0.13774381808823874, 36.40429345057403], [0.13916864144480667, 36.40994764179847]]]]}, "properties": {"speed": 0.2001, "dir_deg": 45.1, "type": "ضعيف"}}, {"type": "Feature", "geometry": {"type": "MultiPolygon", "coordinates": [[[[0.16589802690525385, 36.39647173768662], [0.17549316569086473, 36.408001408613615], [0.17703045514779783, 36.406722056775536], [0.16743531636218695, 36.39519238584854], [0.16589802690525385, 36.39647173768662]]], [[[0.17946019001453492, 36.41120495633691], [0.17395587623393166, 36.4092807604517], [0.1785677446047309, 36.40544270493745], [0.17946019001453492, 36.41120495633691]]]]}, "properties": {"speed": 0.2945, "dir_deg": 39.8, "type": "متوسط"}}, {"type": "Feature", "geometry": {"type": "MultiPolygon", "coordinates": [[[[0.20752929074120877, 36.39642664018753], [0.2164479670404614, 36.40848720456359], [0.21805604229060307, 36.40729804772369], [0.20913736599135044, 36.39523748334763], [0.20752929074120877, 36.39642664018753]]], [[[0.22022489676528312, 36.411912814268995], [0.21483989179031973, 36.40967636140349], [0.21966411754074475, 36.40610889088379], [0.22022489676528312, 36.411912814268995]]]]}, "properties": {"speed": 0.3738, "dir_deg": 36.5, "type": "متوسط"}}, {"type": "Feature", "geometry": {"type": "MultiPolygon", "coordinates": [[[[0.24918155993667673, 36.396406653677325], [0.25780043858289103, 36.40868325462717], [0.25943731870953757, 36.40753407080768], [0.25081844006332327, 36.39525746985783], [0.24918155993667673, 36.396406653677325]]], [[[0.2614918381949524, 36.412200863034045], [0.2561635584562445, 36.40983243844667], [0.2610741988361841, 36.40638488698818], [0.2614918381949524, 36.412200863034045]]]]}, "properties": {"speed": 0.4093, "dir_deg": 35.1, "type": "متوسط"}}, {"type": "Feature", "geometry": {"type": "MultiPolygon", "coordinates": [[[[0.2908394905898648, 36.3963940192147], [0.29926885229675054, 36.40880151135512], [0.30092318458213935, 36.40767759646087], [0.2924938228752536, 36.39527010432045], [0.2908394905898648, 36.3963940192147]]], [[[0.3029058056750736, 36.41237538462147], [0.29761452001136174, 36.40992542624937], [0.30257751686752815, 36.40655368156662], [0.3029058056750736, 36.41237538462147]]]]}, "properties": {"speed": 0.3942, "dir_deg": 34.2, "type": "متوسط"}}, {"type": "Feature", "geometry": {"type": "MultiPolygon", "coordinates": [[[[0.33248866024109436, 36.396367328602906], [0.3405176627710163, 36.409037573998106], [0.3422070288237092, 36.40796704032745], [0.33417802629378723, 36.39529679493225], [0.33248866024109436, 36.396367328602906]]], [[[0.3440386799740034, 36.41272572229451], [0.3388282967183234, 36.41010810766876], [0.3438963948764021, 36.40689650665679], [0.3440386799740034, 36.41272572229451]]]]}, "properties": {"speed": 0.358, "dir_deg": 32.4, "type": "متوسط"}}, {"type": "Feature", "geometry": {"type": "MultiPolygon", "coordinates": [[[[0.3741495087754291, 36.39635805100409], [0.3820393473231281, 36.409115419372654], [0.38374032977226996, 36.408063440899625], [0.3758504912245709, 36.39530607253106], [0.3741495087754291, 36.39635805100409]]], [[[0.3855197847302654, 36.412841886258995], [0.3803383648739862, 36.410167397845676], [0.38544131222141187, 36.4070114624266], [0.3855197847302654, 36.412841886258995]]]]}, "properties": {"speed": 0.3063, "dir_deg": 31.7, "type": "متوسط"}}, {"type": "Feature", "geometry": {"type": "MultiPolygon", "coordinates": [[[[0.41580788062573776, 36.3963444128175], [0.42349314637451535, 36.40922605441982], [0.42521069858815824, 36.40820135231998], [0.41752543283938065, 36.39531971071766], [0.41580788062573776, 36.3963444128175]]], [[[0.4269136777309293, 36.413007583904005], [0.42177559416087246, 36.41025075651965], [0.42692825080180113, 36.407176650220144], [0.4269136777309293, 36.413007583904005]]]]}, "properties": {"speed": 0.2683, "dir_deg": 30.8, "type": "متوسط"}}, {"type": "Feature", "geometry": {"type": "MultiPolygon", "coordinates": [[[[0.45746453557576805, 36.39632721143676], [0.46489178061348685, 36.40935932681185], [0.46662939599683234, 36.40836902747348], [0.45920215095911354, 36.395336912098394], [0.45746453557576805, 36.39632721143676]]], [[[0.46823633665106584, 36.41320821560103], [0.4631541652301414, 36.410349626150214], [0.4683670113801778, 36.40737872813512], [0.46823633665106584, 36.41320821560103]]]]}, "properties": {"speed": 0.239, "dir_deg": 29.7, "type": "متوسط"}}, {"type": "Feature", "geometry": {"type": "MultiPolygon", "coordinates": [[[[0.49912623634768394, 36.39631841254623], [0.5064214980273999, 36.40942486733097], [0.508169025332032, 36.40845216577367], [0.5008737636523161, 36.39534571098893], [0.49912623634768394, 36.39631841254623]]], [[[0.5097270155729546, 36.4133073348139], [0.5046739707227677, 36.410397568888264], [0.5099165526366642, 36.40747946421637], [0.5097270155729546, 36.4133073348139]]]]}, "properties": {"speed": 0.2009, "dir_deg": 29.1, "type": "ضعيف"}}, {"type": "Feature", "geometry": {"type": "MultiPolygon", "coordinates": [[[[0.5407787738472292, 36.39629207378819], [0.5476789541563802, 36.40961076410298], [0.5494547795316851, 36.40869074006176], [0.542554599222534, 36.39537204974697], [0.5407787738472292, 36.39629207378819]]], [[[0.550866926947083, 36.41359031552063], [0.5459031287810753, 36.4105307881442], [0.55123060490699, 36.407770716020536], [0.550866926947083, 36.41359031552063]]]]}, "properties": {"speed": 0.1536, "dir_deg": 27.4, "type": "ضعيف"}}, {"type": "Feature", "geometry": {"type": "MultiPolygon", "coordinates": [[[[0.5824297919310859, 36.39626060445803], [0.5888579322878621, 36.409813427468514], [0.5906649753559271, 36.40895634208761], [0.5842368349991509, 36.39540351907713], [0.5824297919310859, 36.39626060445803]]], [[[0.5919041672741533, 36.41390249244823], [0.5870508892197972, 36.41067051284942], [0.592472018423992, 36.408099256706706], [0.5919041672741533, 36.41390249244823]]]]}, "properties": {"speed": 0.1252, "dir_deg": 25.4, "type": "ضعيف"}}, {"type": "Feature", "geometry": {"type": "MultiPolygon", "coordinates": [[[[0.6241637838420308, 36.396380461746745], [0.6323897835295458, 36.40892370411628], [0.6340622158454843, 36.40782690415795], [0.6258362161579692, 36.39528366178841], [0.6241637838420308, 36.396380461746745]]], [[[0.6359679995833534, 36.412556384926965], [0.6307173512136072, 36.41002050407462], [0.6357346481614229, 36.40673010419961], [0.6359679995833534, 36.412556384926965]]]]}, "properties": {"speed": 0.0895, "dir_deg": 33.3, "type": "ضعيف"}}, {"type": "Feature", "geometry": {"type": "MultiPolygon", "coordinates": [[[[0.665812167452763, 36.3963514817694], [0.6736034674801281, 36.40916926800118], [0.6753125056443654, 36.408130427997534], [0.6675212056170002, 36.395312641765756], [0.665812167452763, 36.3963514817694]]], [[[0.6770550865713685, 36.41292244340995], [0.6718944293158909, 36.41020810800483], [0.6770215438086026, 36.40709158799388], [0.6770550865713685, 36.41292244340995]]]]}, "properties": {"speed": 0.0885, "dir_deg": 31.3, "type": "ضعيف"}}, {"type": "Feature", "geometry": {"type": "MultiPolygon", "coordinates": [[[[0.7076568480914843, 36.39656853620588], [0.7187039646660327, 36.406715516810394], [0.7200568954133009, 36.40524256793378], [0.7090097788387525, 36.39509558732927], [0.7076568480914843, 36.39656853620588]]], [[[0.7230628022311829, 36.40936136924026], [0.7173510339187644, 36.408188465687], [0.7214098261605691, 36.40376961905718], [0.7230628022311829, 36.40936136924026]]]]}, "properties": {"speed": 0.0971, "dir_deg": 47.4, "type": "ضعيف"}}, {"type": "Feature", "geometry": {"type": "MultiPolygon", "coordinates": [[[[0.7493631217356534, 36.39660302614834], [0.7609275874470754, 36.40615620011354], [0.7622013439757686, 36.40461427135202], [0.7506368782643466, 36.395061097386815], [0.7493631217356534, 36.39660302614834]]], [[[0.7654192876152294, 36.40856962705451], [0.7596538309183823, 36.40769812887506], [0.7634751005044617, 36.4030723425905], [0.7654192876152294, 36.40856962705451]]]]}, "properties": {"speed": 0.1315, "dir_deg": 50.4, "type": "ضعيف"}}, {"type": "Feature", "geometry": {"type": "MultiPolygon", "coordinates": [[[[0.7908166949680486, 36.39635885806247], [0.7987186393914426, 36.40910873156496], [0.8004186225251085, 36.40805513897518], [0.7925166781017146, 36.395305265472686], [0.7908166949680486, 36.39635885806247]]], [[[0.8022026124327402, 36.41283189310424], [0.7970186562577768, 36.41016232415475], [0.8021186056587744, 36.407001546385395], [0.8022026124327402, 36.41283189310424]]]]}, "properties": {"speed": 0.1376, "dir_deg": 31.8, "type": "ضعيف"}}, {"type": "Feature", "geometry": {"type": "MultiPolygon", "coordinates": [[[[0.8323334233678735, 36.39581723633566], [0.8321110418890945, 36.41081558779433], [0.8341108220835842, 36.41084523865817], [0.8343332035623633, 36.3958468871995], [0.8323334233678735, 36.39581723633566]]], [[[0.8330368048267464, 36.415829863712474], [0.8301112616946046, 36.410785936930495], [0.8361106022780741, 36.410874889522006], [0.8330368048267464, 36.415829863712474]]]]}, "properties": {"speed": 0.1322, "dir_deg": 359.2, "type": "ضعيف"}}, {"type": "Feature", "geometry": {"type": "MultiPolygon", "coordinates": [[[[0.8741642691453093, 36.395282922496975], [0.8659271800862699, 36.40781888531733], [0.8675986417956513, 36.40891716385854], [0.8758357308546907, 36.39638120103818], [0.8741642691453093, 36.395282922496975]]], [[[0.8640172145879474, 36.41254667886139], [0.8642557183768885, 36.406720606776126], [0.8692701035050326, 36.41001544239975], [0.8640172145879474, 36.41254667886139]]]]}, "properties": {"speed": 0.0783, "dir_deg": 326.7, "type": "ضعيف"}}, {"type": "Feature", "geometry": {"type": "MultiPolygon", "coordinates": [[[[-0.4169482211395033, 36.438459542330875], [-0.40255508617636904, 36.44268300843504], [-0.40199195736248083, 36.44076392377329], [-0.4163850923256151, 36.436540457669125], [-0.4169482211395033, 36.438459542330875]]], [[[-0.39747581011504685, 36.44313128813888], [-0.40311821499025724, 36.44460209309679], [-0.40142882854859263, 36.43884483911154], [-0.39747581011504685, 36.44313128813888]]]]}, "properties": {"speed": 0.1988, "dir_deg": 73.6, "type": "ضعيف"}}, {"type": "Feature", "geometry": {"type": "MultiPolygon", "coordinates": [[[[-0.375036016058757, 36.43849935121129], [-0.3600457478893708, 36.43903959209265], [-0.3599737157718568, 36.437040889670065], [-0.374963983941243, 36.43650064878871], [-0.375036016058757, 36.43849935121129]]], [[[-0.35501297577415175, 36.43822032117514], [-0.3601177800068849, 36.44103829451523], [-0.3599016836543427, 36.43504218724748], [-0.35501297577415175, 36.43822032117514]]]]}, "properties": {"speed": 0.2079, "dir_deg": 87.9, "type": "ضعيف"}}, {"type": "Feature", "geometry": {"type": "MultiPolygon", "coordinates": [[[[-0.33316869168830116, 36.43848635179195], [-0.3183734148090218, 36.436016578104855], [-0.3187027179673011, 36.43404387452095], [-0.33349799484658044, 36.43651364820805], [-0.33316869168830116, 36.43848635179195]]], [[[-0.31360630742840173, 36.43420696841721], [-0.3180441116507426, 36.43798928168876], [-0.3190320211255803, 36.43207117093705], [-0.31360630742840173, 36.43420696841721]]]]}, "properties": {"speed": 0.2044, "dir_deg": 99.5, "type": "ضعيف"}}, {"type": "Feature", "geometry": {"type": "MultiPolygon", "coordinates": [[[[-0.2913544549373898, 36.43845001580992], [-0.2771042177886287, 36.43376698888238], [-0.2777286213789675, 36.43186695726254], [-0.2919788585277286, 36.43654998419008], [-0.2913544549373898, 36.43845001580992]]], [[[-0.27266634053421107, 36.431255964096614], [-0.27647981419829, 36.435667020502216], [-0.2783530249693062, 36.42996692564271], [-0.27266634053421107, 36.431255964096614]]]]}, "properties": {"speed": 0.1824, "dir_deg": 108.2, "type": "ضعيف"}}, {"type": "Feature", "geometry": {"type": "MultiPolygon", "coordinates": [[[[-0.24965262128290314, 36.4384377249207], [-0.23558674747235256, 36.43322704416425], [-0.23628150490654629, 36.43135159432284], [-0.25034737871709684, 36.4365622750793], [-0.24965262128290314, 36.4384377249207]]], [[[-0.23124550158593257, 36.430552425658064], [-0.23489199003815886, 36.435102494005655], [-0.23697626234073998, 36.429476144481434], [-0.23124550158593257, 36.430552425658064]]]]}, "properties": {"speed": 0.1528, "dir_deg": 110.3, "type": "ضعيف"}}, {"type": "Feature", "geometry": {"type": "MultiPolygon", "coordinates": [[[[-0.2079386263180382, 36.43841880917122], [-0.19415648874977046, 36.432498278447596], [-0.19494589284625327, 36.43066066010516], [-0.208728030414521, 36.43658119082878], [-0.2079386263180382, 36.43841880917122]]], [[[-0.18995714494192262, 36.42960595903517], [-0.1933670846532876, 36.43433589679003], [-0.19573529694273611, 36.428823041762726], [-0.18995714494192262, 36.42960595903517]]]]}, "properties": {"speed": 0.1317, "dir_deg": 113.2, "type": "ضعيف"}}, {"type": "Feature", "geometry": {"type": "MultiPolygon", "coordinates": [[[[-0.1661974608847689, 36.43838308622063], [-0.15295116757530372, 36.43134492498636], [-0.15388958907320674, 36.4295787525451], [-0.1671358823826719, 36.43661691377937], [-0.1661974608847689, 36.43838308622063]]], [[[-0.14900494722110016, 36.42811578502097], [-0.1520127460774007, 36.43311109742762], [-0.15482801057110976, 36.42781258010384], [-0.14900494722110016, 36.42811578502097]]]]}, "properties": {"speed": 0.1131, "dir_deg": 118.0, "type": "ضعيف"}}, {"type": "Feature", "geometry": {"type": "MultiPolygon", "coordinates": [[[[-0.12443265553335228, 36.43832348057425], [-0.11208044691962857, 36.429813313574535], [-0.113215135852924, 36.42816635242604], [-0.12556734446664772, 36.43667651942575], [-0.12443265553335228, 36.43832348057425]]], [[[-0.10853038851503505, 36.426153110667045], [-0.11094575798633315, 36.43146027472303], [-0.11434982478621943, 36.426519391277544], [-0.10853038851503505, 36.426153110667045]]]]}, "properties": {"speed": 0.0842, "dir_deg": 124.6, "type": "ضعيف"}}, {"type": "Feature", "geometry": {"type": "MultiPolygon", "coordinates": [[[[-0.08274260437937048, 36.43830686824746], [-0.07063958066745052, 36.42944589668511], [-0.07182104354242996, 36.42783216019019], [-0.08392406725434992, 36.43669313175254], [-0.08274260437937048, 36.43830686824746]]], [[[-0.06719597086763358, 36.425685371250204], [-0.06945811779247106, 36.431059633180034], [-0.07300250641740942, 36.42621842369527], [-0.06719597086763358, 36.425685371250204]]]]}, "properties": {"speed": 0.0545, "dir_deg": 126.2, "type": "ضعيف"}}, {"type": "Feature", "geometry": {"type": "MultiPolygon", "coordinates": [[[[-0.04119759544890072, 36.43838315968415], [-0.027950200186624117, 36.43134707279121], [-0.02888834510568287, 36.42958075342291], [-0.04213574036795948, 36.43661684031585], [-0.04119759544890072, 36.43838315968415]]], [[[-0.024003474225394623, 36.428118550809415], [-0.027012055267565362, 36.43311339215952], [-0.029826490024741626, 36.4278144340546], [-0.024003474225394623, 36.428118550809415]]]]}, "properties": {"speed": 0.0405, "dir_deg": 118.0, "type": "ضعيف"}}, {"type": "Feature", "geometry": {"type": "MultiPolygon", "coordinates": [[[[0.00036588565877090093, 36.43843065981148], [0.014325782830985364, 36.432942374929915], [0.013594011513443563, 36.431081055306954], [-0.00036588565877090093, 36.43656934018852], [0.00036588565877090093, 36.43843065981148]]], [[[0.018613196229619287, 36.43018228682458], [0.015057554148527167, 36.434803694552876], [0.01286224019590176, 36.42921973568399], [0.018613196229619287, 36.43018228682458]]]]}, "properties": {"speed": 0.0315, "dir_deg": 111.5, "type": "ضعيف"}}, {"type": "Feature", "geometry": {"type": "MultiPolygon", "coordinates": [[[[0.04128843301796264, 36.43842570965623], [0.05517407786137701, 36.44409923301324], [0.05593054764231194, 36.44224781370078], [0.04204490279889756, 36.43657429034377], [0.04128843301796264, 36.43842570965623]]], [[[0.060180861032982605, 36.44506469780935], [0.05441760808044209, 36.44595065232569], [0.05668701742324686, 36.44039639438833], [0.060180861032982605, 36.44506469780935]]]]}, "properties": {"speed": 0.0279, "dir_deg": 67.8, "type": "ضعيف"}}, {"type": "Feature", "geometry": {"type": "MultiPolygon", "coordinates": [[[[0.08265194455506433, 36.43823191935918], [0.09363073494282342, 36.44845278828612], [0.09499351746641516, 36.44698894956775], [0.08401472707865607, 36.43676808064082], [0.08265194455506433, 36.43823191935918]]], [[[0.09797172300053898, 36.451127825235915], [0.09226795241923166, 36.44991662700449], [0.09635629999000692, 36.44552511084938], [0.09797172300053898, 36.451127825235915]]]]}, "properties": {"speed": 0.0523, "dir_deg": 47.0, "type": "ضعيف"}}, {"type": "Feature", "geometry": {"type": "MultiPolygon", "coordinates": [[[[0.12421026614259482, 36.43811344961853], [0.13341201042046355, 36.44995945747961], [0.13499147813527387, 36.448732558242554], [0.12578973385740516, 36.43688655038147], [0.12421026614259482, 36.43811344961853]]], [[[0.13726899237049162, 36.4532946771481], [0.1318325427056532, 36.451186356716654], [0.13657094585008422, 36.44750565900551], [0.13726899237049162, 36.4532946771481]]]]}, "properties": {"speed": 0.1076, "dir_deg": 37.8, "type": "ضعيف"}}, {"type": "Feature", "geometry": {"type": "MultiPolygon", "coordinates": [[[[0.16582963720663169, 36.43804715022422], [0.17403689056999003, 36.45060266663055], [0.17571095942416745, 36.44950836618211], [0.1675037060608091, 36.43695284977578], [0.16582963720663169, 36.43804715022422]]], [[[0.17760967611819817, 36.45424068854177], [0.17236282171581258, 36.451696967079], [0.1773850282783449, 36.44841406573366], [0.17760967611819817, 36.45424068854177]]]]}, "properties": {"speed": 0.1885, "dir_deg": 33.2, "type": "ضعيف"}}, {"type": "Feature", "geometry": {"type": "MultiPolygon", "coordinates": [[[[0.20747588113850776, 36.438014571911], [0.21519445980345236, 36.45087628032758], [0.21690935425899605, 36.44984713650558], [0.20919077559405144, 36.436985428089], [0.20747588113850776, 36.438014571911]]], [[[0.21862476658620575, 36.45464894455544], [0.21347956534790868, 36.451905424149565], [0.21862424871453973, 36.448817992683594], [0.21862476658620575, 36.45464894455544]]]]}, "properties": {"speed": 0.281, "dir_deg": 31.0, "type": "متوسط"}}, {"type": "Feature", "geometry": {"type": "MultiPolygon", "coordinates": [[[[0.249137557353197, 36.43800615479942], [0.2567298793444903, 36.450942794501465], [0.25845476463809636, 36.44993048490263], [0.250862442646803, 36.43699384520058], [0.249137557353197, 36.43800615479942]]], [[[0.2601230959883911, 36.454748852936056], [0.25500499405088434, 36.45195510410031], [0.26017964993170234, 36.44891817530379], [0.2601230959883911, 36.454748852936056]]]]}, "properties": {"speed": 0.351, "dir_deg": 30.4, "type": "متوسط"}}, {"type": "Feature", "geometry": {"type": "MultiPolygon", "coordinates": [[[[0.29080064223973573, 36.43800001889786], [0.2983009257076744, 36.45099023629021], [0.30003295469332136, 36.44999019849449], [0.2925326712253827, 36.43699998110214], [0.29080064223973573, 36.43800001889786]]], [[[0.3016670346898108, 36.45482028985647], [0.29656889672202746, 36.45199027408594], [0.3017649836789683, 36.44899016069876], [0.3016670346898108, 36.45482028985647]]]]}, "properties": {"speed": 0.3745, "dir_deg": 30.0, "type": "متوسط"}}, {"type": "Feature", "geometry": {"type": "MultiPolygon", "coordinates": [[[[0.33245328436027966, 36.43797486452797], [0.3395762522798633, 36.45117574813539], [0.3413363700941856, 36.450226019079444], [0.33421340217460194, 36.43702513547203], [0.33245328436027966, 36.43797486452797]]], [[[0.3428306338268857, 36.455101178143224], [0.337816134465541, 36.45212547719134], [0.34309648790850794, 36.4492762900235], [0.3428306338268857, 36.455101178143224]]]]}, "properties": {"speed": 0.3664, "dir_deg": 28.4, "type": "متوسط"}}, {"type": "Feature", "geometry": {"type": "MultiPolygon", "coordinates": [[[[0.37411250415989233, 36.437960815726505], [0.3810247400574222, 36.45127325332812], [0.38279973173763754, 36.45035162187511], [0.37588749584010767, 36.437039184273495], [0.37411250415989233, 36.437960815726505]]], [[[0.3842163145300398, 36.45524991680215], [0.3792497483772068, 36.45219488478112], [0.3845747234178529, 36.449429990422104], [0.3842163145300398, 36.45524991680215]]]]}, "properties": {"speed": 0.3268, "dir_deg": 27.4, "type": "متوسط"}}, {"type": "Feature", "geometry": {"type": "MultiPolygon", "coordinates": [[[[0.41576877470449275, 36.43794023614535], [0.42237231688478727, 36.45140846656635], [0.4241680809409202, 36.450527994275646], [0.41756453876062566, 36.43705976385465], [0.41576877470449275, 36.43794023614535]]], [[[0.42547137963961856, 36.45545764056133], [0.4205765528286543, 36.45228893885706], [0.42596384499705314, 36.449647521984936], [0.42547137963961856, 36.45545764056133]]]]}, "properties": {"speed": 0.2889, "dir_deg": 26.1, "type": "متوسط"}}, {"type": "Feature", "geometry": {"type": "MultiPolygon", "coordinates": [[[[0.4574244392429571, 36.43791700536481], [0.4636795197150536, 36.45155056573206], [0.465497327764021, 36.450716555002444], [0.4592422472919245, 36.43708299463519], [0.4574244392429571, 36.43791700536481]]], [[[0.46667345056356946, 36.455678080489676], [0.4618617116660862, 36.452384576461675], [0.4673151358129884, 36.44988254427283], [0.46667345056356946, 36.455678080489676]]]]}, "properties": {"speed": 0.2629, "dir_deg": 24.6, "type": "متوسط"}}, {"type": "Feature", "geometry": {"type": "MultiPolygon", "coordinates": [[[[0.49908687279472663, 36.43790767475638], [0.50520199414043, 36.45160458283548], [0.5070282485509767, 36.450789233322716], [0.5009131272052734, 36.43709232524362], [0.49908687279472663, 36.43790767475638]]], [[[0.5081534951276044, 36.45576254410547], [0.5033757397298833, 36.452419932348235], [0.5088545029615235, 36.44997388380996], [0.5081534951276044, 36.45576254410547]]]]}, "properties": {"speed": 0.2353, "dir_deg": 24.1, "type": "متوسط"}}, {"type": "Feature", "geometry": {"type": "MultiPolygon", "coordinates": [[[[0.5407391022721605, 36.43787361401948], [0.5463433125643626, 36.451787377960294], [0.5481984810898048, 36.45104014992133], [0.5425942707976027, 36.43712638598052], [0.5407391022721605, 36.43787361401948]]], [[[0.5491389669244845, 36.45605168525442], [0.5444881440389203, 36.452534605999254], [0.5500536496152472, 36.45029292188237], [0.5491389669244845, 36.45605168525442]]]]}, "properties": {"speed": 0.1906, "dir_deg": 21.9, "type": "ضعيف"}}, {"type": "Feature", "geometry": {"type": "MultiPolygon", "coordinates": [[[[0.5823683391109172, 36.43776234423137], [0.5863035025814933, 36.45223695954439], [0.5882334512898957, 36.45171227108165], [0.5842982878193196, 36.43723765576863], [0.5823683391109172, 36.43776234423137]]], [[[0.5885801980925531, 36.45679948708403], [0.584373553873091, 36.45276164800713], [0.590163399998298, 36.45118758261891], [0.5885801980925531, 36.45679948708403]]]]}, "properties": {"speed": 0.1451, "dir_deg": 15.2, "type": "ضعيف"}}, {"type": "Feature", "geometry": {"type": "MultiPolygon", "coordinates": [[[[0.6240021070659931, 36.437564882141295], [0.6249753391854337, 36.4525332761514], [0.6269711250534474, 36.45240351186881], [0.6259978929340069, 36.437435117858705], [0.6240021070659931, 36.437564882141295]]], [[[0.6262976428259207, 36.45745785868014], [0.6229795533174199, 36.45266304043399], [0.6289669109214612, 36.45227374758622], [0.6262976428259207, 36.45745785868014]]]]}, "properties": {"speed": 0.1056, "dir_deg": 3.7, "type": "ضعيف"}}, {"type": "Feature", "geometry": {"type": "MultiPolygon", "coordinates": [[[[0.6656667540574049, 36.43751162069221], [0.6658410644406042, 36.452510607854364], [0.6678409293955575, 36.45248736646994], [0.6676666190123582, 36.43748837930779], [0.6656667540574049, 36.43751162069221]]], [[[0.6668991003791473, 36.457498649549535], [0.663841199485651, 36.45253384923879], [0.6698407943505107, 36.45246412508551], [0.6668991003791473, 36.457498649549535]]]]}, "properties": {"speed": 0.0714, "dir_deg": 0.7, "type": "ضعيف"}}, {"type": "Feature", "geometry": {"type": "MultiPolygon", "coordinates": [[[[0.7075001970801102, 36.43805309772105], [0.7157966628958633, 36.45054984349618], [0.7174628956658796, 36.44944364805407], [0.7091664298501266, 36.43694690227895], [0.7075001970801102, 36.43805309772105]]], [[[0.7193952678861224, 36.45416232770016], [0.714130430125847, 36.451656038938275], [0.7191291284358959, 36.44833745261197], [0.7193952678861224, 36.45416232770016]]]]}, "properties": {"speed": 0.0542, "dir_deg": 33.6, "type": "ضعيف"}}, {"type": "Feature", "geometry": {"type": "MultiPolygon", "coordinates": [[[[0.7492432808647204, 36.43815374012444], [0.7590493827313064, 36.449504527153636], [0.7605628210018657, 36.44819704690475], [0.7507567191352796, 36.43684625987556], [0.7492432808647204, 36.43815374012444]]], [[[0.7630748024887813, 36.45263438270559], [0.7575359444607471, 36.45081200740251], [0.762076259272425, 36.44688956665588], [0.7630748024887813, 36.45263438270559]]]]}, "properties": {"speed": 0.1031, "dir_deg": 40.8, "type": "ضعيف"}}, {"type": "Feature", "geometry": {"type": "MultiPolygon", "coordinates": [[[[0.7907847486752397, 36.4379713656879], [0.7978552339937555, 36.45120043358253], [0.7996191097130392, 36.45025770220673], [0.7925486243945234, 36.4370286343121], [0.7907847486752397, 36.4379713656879]]], [[[0.8010940002929026, 36.455138757192834], [0.7960913582744719, 36.45214316495833], [0.8013829854323228, 36.449314970830926], [0.8010940002929026, 36.455138757192834]]]]}, "properties": {"speed": 0.1516, "dir_deg": 28.1, "type": "ضعيف"}}, {"type": "Feature", "geometry": {"type": "MultiPolygon", "coordinates": [[[[0.8323672634918013, 36.437758355276806], [0.8362425926439112, 36.452249104876564], [0.8381746925905453, 36.45173239432295], [0.8342993634384355, 36.437241644723194], [0.8323672634918013, 36.437758355276806]]], [[[0.8385004190012648, 36.45682099946634], [0.8343104926972772, 36.45276581543018], [0.8401067925371793, 36.451215683769334], [0.8385004190012648, 36.45682099946634]]]]}, "properties": {"speed": 0.1556, "dir_deg": 15.0, "type": "ضعيف"}}, {"type": "Feature", "geometry": {"type": "MultiPolygon", "coordinates": [[[[0.8740014249835629, 36.43744663393824], [0.8732009340571606, 36.45242525918479], [0.8751980840900347, 36.45253199130832], [0.8759985750164371, 36.43755336606176], [0.8740014249835629, 36.43744663393824]]], [[[0.873932678764797, 36.457471500328744], [0.8712037840242866, 36.45231852706127], [0.8771952341229088, 36.45263872343184], [0.873932678764797, 36.457471500328744]]]]}, "properties": {"speed": 0.1028, "dir_deg": 356.9, "type": "ضعيف"}}, {"type": "Feature", "geometry": {"type": "MultiPolygon", "coordinates": [[[[0.9157218852314486, 36.437172356142995], [0.9108072273764131, 36.45134437569449], [0.9126968299832791, 36.4519996634085], [0.9176114878383146, 36.437827643857005], [0.9157218852314486, 36.437172356142995]]], [[[0.9101138093948342, 36.45639602606866], [0.9089176247695472, 36.450689087980486], [0.9145864325901449, 36.452654951122504], [0.9101138093948342, 36.45639602606866]]]]}, "properties": {"speed": 0.1039, "dir_deg": 340.9, "type": "ضعيف"}}, {"type": "Feature", "geometry": {"type": "MultiPolygon", "coordinates": [[[[-0.4169530412771736, 36.48012605299204], [-0.4025813198828398, 36.484421821161256], [-0.40200855079361103, 36.48250559164202], [-0.4163802721879448, 36.4782098234728], [-0.4169530412771736, 36.48012605299204]]], [[[-0.39750436154011415, 36.48489562912471], [-0.40315408897206856, 36.4863380506805], [-0.40143578170438227, 36.48058936212277], [-0.39750436154011415, 36.48489562912471]]]]}, "properties": {"speed": 0.1854, "dir_deg": 73.4, "type": "ضعيف"}}, {"type": "Feature", "geometry": {"type": "MultiPolygon", "coordinates": [[[[-0.37505422411284595, 36.48016646702299], [-0.3600762922543794, 36.480979828715675], [-0.35996784402868753, 36.47898277113454], [-0.37494577588715405, 36.478169409441854], [-0.37505422411284595, 36.48016646702299]]], [[[-0.3550294241887113, 36.48025242048934], [-0.36018474048007126, 36.482976886296804], [-0.3598593958029957, 36.47698571355341], [-0.3550294241887113, 36.48025242048934]]]]}, "properties": {"speed": 0.1821, "dir_deg": 86.9, "type": "ضعيف"}}, {"type": "Feature", "geometry": {"type": "MultiPolygon", "coordinates": [[[[-0.3332245677902036, 36.48016200457606], [-0.31831357263564874, 36.4785303724175], [-0.31853112359012314, 36.47654223973023], [-0.333442118744678, 36.478173871888785], [-0.3332245677902036, 36.48016200457606]]], [[[-0.313452016394701, 36.47699242868768], [-0.3180960216811743, 36.480518505104776], [-0.3187486745445976, 36.474554107042955], [-0.313452016394701, 36.47699242868768]]]]}, "properties": {"speed": 0.1654, "dir_deg": 96.2, "type": "ضعيف"}}, {"type": "Feature", "geometry": {"type": "MultiPolygon", "coordinates": [[[[-0.2914782582267351, 36.480150030897605], [-0.27674686824901307, 36.47732405331024], [-0.27712366526066123, 36.475359867979876], [-0.2918550552383833, 36.47818584556724], [-0.2914782582267351, 36.480150030897605]]], [[[-0.27202480342892976, 36.47539996811594], [-0.27637007123736484, 36.4792882386406], [-0.27750046227230946, 36.47339568264952], [-0.27202480342892976, 36.47539996811594]]]]}, "properties": {"speed": 0.1467, "dir_deg": 100.9, "type": "ضعيف"}}, {"type": "Feature", "geometry": {"type": "MultiPolygon", "coordinates": [[[[-0.24981345339410663, 36.48015038434485], [-0.23507676170765024, 36.47735218525645], [-0.23544985491943698, 36.47538729303159], [-0.2501865466058934, 36.47818549211999], [-0.24981345339410663, 36.48015038434485]]], [[[-0.23035107775139146, 36.475437006114554], [-0.23470366849586347, 36.47931707748131], [-0.23582294813122376, 36.473422400806726], [-0.23035107775139146, 36.475437006114554]]]]}, "properties": {"speed": 0.1311, "dir_deg": 100.8, "type": "ضعيف"}}, {"type": "Feature", "geometry": {"type": "MultiPolygon", "coordinates": [[[[-0.20806259372295982, 36.48013059224758], [-0.19362278349553774, 36.47606957259779], [-0.1941642527821773, 36.474144264567464], [-0.20860406300959938, 36.47820528421726], [-0.20806259372295982, 36.48013059224758]]], [[[-0.18908024806305015, 36.47375324536603], [-0.19308131420889815, 36.47799488062811], [-0.1947057220688169, 36.47221895653714], [-0.18908024806305015, 36.47375324536603]]]]}, "properties": {"speed": 0.1216, "dir_deg": 105.7, "type": "ضعيف"}}, {"type": "Feature", "geometry": {"type": "MultiPolygon", "coordinates": [[[[-0.16629827977271788, 36.480097608839], [-0.15235322067395113, 36.47457173092396], [-0.15309000439595616, 36.4727123897108], [-0.1670350634947229, 36.47823826762584], [-0.16629827977271788, 36.480097608839]]], [[[-0.1480732595020314, 36.47180010101237], [-0.15161643695194607, 36.47643107213713], [-0.15382678811796122, 36.47085304849763], [-0.1480732595020314, 36.47180010101237]]]]}, "properties": {"speed": 0.1072, "dir_deg": 111.6, "type": "ضعيف"}}, {"type": "Feature", "geometry": {"type": "MultiPolygon", "coordinates": [[[[-0.12445544323713555, 36.48000666222279], [-0.11187458338161765, 36.47183831077982], [-0.11296369690734656, 36.470160862799084], [-0.12554455676286447, 36.47832921424205], [-0.12445544323713555, 36.48000666222279]]], [[[-0.10822552019264281, 36.46827680297513], [-0.11078546985588875, 36.473515758760556], [-0.11405281043307547, 36.46848341481835], [-0.10822552019264281, 36.46827680297513]]]]}, "properties": {"speed": 0.0847, "dir_deg": 123.0, "type": "ضعيف"}}, {"type": "Feature", "geometry": {"type": "MultiPolygon", "coordinates": [[[[-0.08283050977948708, 36.48003232586314], [-0.06986469531870515, 36.47248993530255], [-0.07087034739345138, 36.47076116004111], [-0.08383616185423332, 36.4783035506017], [-0.08283050977948708, 36.48003232586314]]], [[[-0.0660455832024843, 36.46911141748496], [-0.06885904324395893, 36.47421871056398], [-0.0718759994681976, 36.46903238477967], [-0.0660455832024843, 36.46911141748496]]]]}, "properties": {"speed": 0.0549, "dir_deg": 120.2, "type": "ضعيف"}}, {"type": "Feature", "geometry": {"type": "MultiPolygon", "coordinates": [[[[-0.04133114236992624, 36.48010996934285], [-0.027200675713526273, 36.47507708626529], [-0.027871726790534, 36.473193024044434], [-0.04200219344693396, 36.478225907121995], [-0.04133114236992624, 36.48010996934285]]], [[[-0.022826045699896817, 36.472457427462345], [-0.02652962463651855, 36.47696114848614], [-0.02854277786754172, 36.47130896182358], [-0.022826045699896817, 36.472457427462345]]]]}, "properties": {"speed": 0.0428, "dir_deg": 109.6, "type": "ضعيف"}}, {"type": "Feature", "geometry": {"type": "MultiPolygon", "coordinates": [[[[0.00014501305633757544, 36.48015736797399], [0.014986459179799327, 36.477982172128925], [0.014696433067124178, 36.476003312645794], [-0.00014501305633757544, 36.478178508490856], [0.00014501305633757544, 36.48015736797399]]], [[[0.019788594831282338, 36.47626767710567], [0.015276485292474478, 36.47996103161205], [0.014406406954449027, 36.47402445316267], [0.019788594831282338, 36.47626767710567]]]]}, "properties": {"speed": 0.0356, "dir_deg": 98.3, "type": "ضعيف"}}, {"type": "Feature", "geometry": {"type": "MultiPolygon", "coordinates": [[[[0.041162261884827134, 36.48003140482897], [0.05411426083303719, 36.48759749518302], [0.055123072880243124, 36.48587056198992], [0.042171073932033065, 36.47830447163587], [0.041162261884827134, 36.48003140482897]]], [[[0.05893599983937685, 36.489256058704484], [0.053105448785831254, 36.48932442837611], [0.05613188492744906, 36.48414362879683], [0.05893599983937685, 36.489256058704484]]]]}, "properties": {"speed": 0.0263, "dir_deg": 59.7, "type": "ضعيف"}}, {"type": "Feature", "geometry": {"type": "MultiPolygon", "coordinates": [[[[0.08241004484527728, 36.47955203949745], [0.08817156382064592, 36.49340140407119], [0.09001814576381176, 36.49263320154114], [0.08425662678844312, 36.478783836967395], [0.08241004484527728, 36.47955203949745]]], [[[0.09101536111735173, 36.49763375766408], [0.0863249818774801, 36.49416960660124], [0.09186472770697758, 36.49186499901109], [0.09101536111735173, 36.49763375766408]]]]}, "properties": {"speed": 0.0385, "dir_deg": 22.6, "type": "ضعيف"}}, {"type": "Feature", "geometry": {"type": "MultiPolygon", "coordinates": [[[[0.12404377083382702, 36.47946055706599], [0.12843305333738336, 36.49380399455858], [0.13034551166972935, 36.493218756891444], [0.125956229166173, 36.47887531939885], [0.12404377083382702, 36.47946055706599]]], [[[0.13085237667140848, 36.49829252155588], [0.1265205950050374, 36.49438923222573], [0.13225797000207531, 36.4926335192243], [0.13085237667140848, 36.49829252155588]]]]}, "properties": {"speed": 0.07, "dir_deg": 17.0, "type": "ضعيف"}}, {"type": "Feature", "geometry": {"type": "MultiPolygon", "coordinates": [[[[0.1657221938349235, 36.47949651347126], [0.17065082241754703, 36.49366368045322], [0.1725397780151408, 36.49300652997554], [0.1676111494325173, 36.47883936299358], [0.1657221938349235, 36.47949651347126]]], [[[0.17323817641055178, 36.49805749420836], [0.16876186681995328, 36.4943208309309], [0.17442873361273456, 36.49234937949785], [0.17323817641055178, 36.49805749420836]]]]}, "properties": {"speed": 0.1221, "dir_deg": 19.2, "type": "ضعيف"}}, {"type": "Feature", "geometry": {"type": "MultiPolygon", "coordinates": [[[[0.20740121819288698, 36.47953011308613], [0.2128338409984977, 36.49351176568702], [0.21469806134528294, 36.492787415979606], [0.20926543853967222, 36.478805763378716], [0.20740121819288698, 36.47953011308613]]], [[[0.21557682544042722, 36.49781014170028], [0.21096962065171243, 36.494236115394436], [0.2165622816920682, 36.49206306627219], [0.21557682544042722, 36.49781014170028]]]]}, "properties": {"speed": 0.1967, "dir_deg": 21.2, "type": "ضعيف"}}, {"type": "Feature", "geometry": {"type": "MultiPolygon", "coordinates": [[[[0.24908045734663664, 36.47956092844686], [0.25497531056323436, 36.49335406824731], [0.2568143958699611, 36.492568087818434], [0.25091954265336336, 36.478774948017985], [0.24908045734663664, 36.47956092844686]]], [[[0.25785980428879696, 36.49755879129969], [0.25313622525650764, 36.494140048676186], [0.2586534811766878, 36.491782107389554], [0.25785980428879696, 36.49755879129969]]]]}, "properties": {"speed": 0.2743, "dir_deg": 23.1, "type": "متوسط"}}, {"type": "Feature", "geometry": {"type": "MultiPolygon", "coordinates": [[[[0.2907553157961453, 36.47957959063144], [0.29693010178139545, 36.493249704677645], [0.2987527836542233, 36.49242639987961], [0.29257799766897313, 36.478756285833406], [0.2907553157961453, 36.47957959063144]]], [[[0.2998997047128928, 36.4973947569607], [0.2951074199085676, 36.49407300947568], [0.30057546552705117, 36.49160309508158], [0.2998997047128928, 36.4973947569607]]]]}, "properties": {"speed": 0.3268, "dir_deg": 24.3, "type": "متوسط"}}, {"type": "Feature", "geometry": {"type": "MultiPolygon", "coordinates": [[[[0.3324183294573281, 36.479571360749524], [0.3384696672138228, 36.49329656790122], [0.34029969483404826, 36.49248972286701], [0.3342483570775535, 36.47876451571532], [0.3324183294573281, 36.479571360749524]]], [[[0.3414017936094338, 36.497468214434676], [0.3366396395935974, 36.49410341293542], [0.3421297224542737, 36.491682877832815], [0.3414017936094338, 36.497468214434676]]]]}, "properties": {"speed": 0.3531, "dir_deg": 23.8, "type": "متوسط"}}, {"type": "Feature", "geometry": {"type": "MultiPolygon", "coordinates": [[[[0.37408033310264105, 36.479560637605864], [0.37997082370427815, 36.49335564106625], [0.38181015749899605, 36.49257024231937], [0.37591966689735895, 36.47877523885898], [0.37408033310264105, 36.479560637605864]]], [[[0.38285398746884947, 36.4975612761796], [0.3781314899095602, 36.49414103981314], [0.383649491293714, 36.49178484357248], [0.38285398746884947, 36.4975612761796]]]]}, "properties": {"speed": 0.3391, "dir_deg": 23.1, "type": "متوسط"}}, {"type": "Feature", "geometry": {"type": "MultiPolygon", "coordinates": [[[[0.41573598775705034, 36.47953380058089], [0.42122392298404443, 36.49349383521352], [0.42308526093506216, 36.49276211051659], [0.41759732570806807, 36.478802075883955], [0.41573598775705034, 36.47953380058089]]], [[[0.4239839037018846, 36.4977813177426], [0.41936258503302665, 36.494225559910454], [0.42494659888607994, 36.49203038581965], [0.4239839037018846, 36.4977813177426]]]]}, "properties": {"speed": 0.3087, "dir_deg": 21.5, "type": "متوسط"}}, {"type": "Feature", "geometry": {"type": "MultiPolygon", "coordinates": [[[[0.457394001235339, 36.47951092007848], [0.46253872892624226, 36.49360105056001], [0.4644174129904458, 36.49291508686789], [0.45927268529954257, 36.47882495638636], [0.457394001235339, 36.47951092007848]]], [[[0.46519298018864513, 36.49795477887446], [0.46066004486203865, 36.49428701425213], [0.4662960970546494, 36.49222912317577], [0.46519298018864513, 36.49795477887446]]]]}, "properties": {"speed": 0.2864, "dir_deg": 20.1, "type": "متوسط"}}, {"type": "Feature", "geometry": {"type": "MultiPolygon", "coordinates": [[[[0.4990617295855072, 36.4795138408622], [0.5042502690321803, 36.493587897079586], [0.5061268098611659, 36.492896091820036], [0.5009382704144928, 36.47882203560265], [0.4990617295855072, 36.4795138408622]]], [[[0.5069180525955641, 36.49793334652228], [0.5023737282031946, 36.49427970233914], [0.5080033506901516, 36.49220428656048], [0.5069180525955641, 36.49793334652228]]]]}, "properties": {"speed": 0.2644, "dir_deg": 20.2, "type": "متوسط"}}, {"type": "Feature", "geometry": {"type": "MultiPolygon", "coordinates": [[[[0.5407097333873214, 36.47945818067139], [0.5450633699717551, 36.49381247788479], [0.5469772762668754, 36.49323199300686], [0.5426236396824418, 36.47887769579346], [0.5407097333873214, 36.47945818067139]]], [[[0.5474715353141265, 36.498307001183626], [0.5431494636766349, 36.49439296276271], [0.5488911825619956, 36.49265150812894], [0.5474715353141265, 36.498307001183626]]]]}, "properties": {"speed": 0.2285, "dir_deg": 16.9, "type": "متوسط"}}, {"type": "Feature", "geometry": {"type": "MultiPolygon", "coordinates": [[[[0.5823334031050159, 36.47918132747287], [0.582534241711728, 36.49417998287441], [0.584534062431933, 36.494153204393506], [0.5843332238252209, 36.47915454899197], [0.5823334031050159, 36.47918132747287]]], [[[0.5836010982740678, 36.49916614543447], [0.5805344209915231, 36.4942067613553], [0.5865338831521378, 36.49412642591261], [0.5836010982740678, 36.49916614543447]]]]}, "properties": {"speed": 0.1817, "dir_deg": 0.8, "type": "ضعيف"}}, {"type": "Feature", "geometry": {"type": "MultiPolygon", "coordinates": [[[[0.6240878374319545, 36.47875810967137], [0.6179404090161249, 36.49244054819205], [0.6197647341522159, 36.49326020531416], [0.6259121625680455, 36.479577766793476], [0.6240878374319545, 36.47875810967137]]], [[[0.6168034287788939, 36.49741118959333], [0.6161160838800339, 36.491620891069935], [0.6215890592883069, 36.49407986243627], [0.6168034287788939, 36.49741118959333]]]]}, "properties": {"speed": 0.1558, "dir_deg": 335.8, "type": "ضعيف"}}, {"type": "Feature", "geometry": {"type": "MultiPolygon", "coordinates": [[[[0.6660193718525483, 36.478405715363415], [0.6545860288174584, 36.48811543559842], [0.6558806581821249, 36.48963988133643], [0.6673140012172148, 36.47993016110143], [0.6660193718525483, 36.478405715363415]]], [[[0.6514222291547617, 36.492114231879086], [0.6532913994527918, 36.4865909898604], [0.6571752875467916, 36.49116432707444], [0.6514222291547617, 36.492114231879086]]]]}, "properties": {"speed": 0.0969, "dir_deg": 310.3, "type": "ضعيف"}}, {"type": "Feature", "geometry": {"type": "MultiPolygon", "coordinates": [[[[0.7077062208389967, 36.478388993537166], [0.696022050410192, 36.487795382928994], [0.6972762356624355, 36.489353272319505], [0.7089604060912401, 36.47994688292768], [0.7077062208389967, 36.478388993537166]]], [[[0.6927544195600456, 36.491709790754854], [0.6947678651579486, 36.48623749353849], [0.6985304209146789, 36.49091116171001], [0.6927544195600456, 36.491709790754854]]]]}, "properties": {"speed": 0.0721, "dir_deg": 308.8, "type": "ضعيف"}}, {"type": "Feature", "geometry": {"type": "MultiPolygon", "coordinates": [[[[0.749201139613489, 36.47856642174648], [0.740178392324316, 36.490549327544144], [0.741776113097338, 36.49175236051603], [0.750798860386511, 36.479769454718365], [0.749201139613489, 36.47856642174648]]], [[[0.7379696702811027, 36.495145145962645], [0.7385806715512939, 36.48934629457225], [0.7433738338703602, 36.492955393487925], [0.7379696702811027, 36.495145145962645]]]]}, "properties": {"speed": 0.093, "dir_deg": 323.0, "type": "ضعيف"}}, {"type": "Feature", "geometry": {"type": "MultiPolygon", "coordinates": [[[[0.7907178429951454, 36.47885219159807], [0.7859816434799547, 36.49308484469412], [0.7878793305594272, 36.493716337962816], [0.7926155300746178, 36.47948368486677], [0.7907178429951454, 36.47885219159807]]], [[[0.7853517538479606, 36.498144809027146], [0.7840839564004823, 36.492453351425425], [0.7897770176388995, 36.49434783123151], [0.7853517538479606, 36.498144809027146]]]]}, "properties": {"speed": 0.159, "dir_deg": 341.6, "type": "ضعيف"}}, {"type": "Feature", "geometry": {"type": "MultiPolygon", "coordinates": [[[[0.8323721942976104, 36.47889180430504], [0.8282301853869516, 36.493308591817666], [0.8301524237219675, 36.493860859672424], [0.8342944326326264, 36.4794440721598], [0.8323721942976104, 36.47889180430504]]], [[[0.8278106349175732, 36.49839032158258], [0.8263079470519357, 36.492756323962915], [0.8320746620569834, 36.494413127527174], [0.8278106349175732, 36.49839032158258]]]]}, "properties": {"speed": 0.1648, "dir_deg": 344.0, "type": "ضعيف"}}, {"type": "Feature", "geometry": {"type": "MultiPolygon", "coordinates": [[[[0.8741577216125049, 36.478628895453085], [0.8660720799224026, 36.49126307126551], [0.8677566366973928, 36.49234115682418], [0.8758422783874951, 36.47970698101176], [0.8741577216125049, 36.478628895453085]]], [[[0.8642191444131969, 36.496013505982326], [0.8643875231474126, 36.490184985706826], [0.8694411934723828, 36.49341924238286], [0.8642191444131969, 36.496013505982326]]]]}, "properties": {"speed": 0.1596, "dir_deg": 327.4, "type": "ضعيف"}}, {"type": "Feature", "geometry": {"type": "MultiPolygon", "coordinates": [[[[0.9162339393120401, 36.47826642292966], [0.9027112097705355, 36.48475763127228], [0.9035767042162185, 36.48656066187781], [0.9170994337577231, 36.48006945353519], [0.9162339393120401, 36.47826642292966]]], [[[0.8986363804795422, 36.48782288268925], [0.9018457153248527, 36.482954600666744], [0.9044421986619013, 36.48836369248335], [0.8986363804795422, 36.48782288268925]]]]}, "properties": {"speed": 0.1859, "dir_deg": 295.6, "type": "ضعيف"}}, {"type": "Feature", "geometry": {"type": "MultiPolygon", "coordinates": [[[[0.9585180788380603, 36.47818515557234], [0.9437763389368011, 36.47541367497821], [0.9434068081909174, 36.477379240298376], [0.9581485480921765, 36.4801507208925], [0.9585180788380603, 36.47818515557234]]], [[[0.9386776602634396, 36.47547263077359], [0.9441458696826848, 36.473448109658044], [0.9430372774450337, 36.479344805618545], [0.9386776602634396, 36.47547263077359]]]]}, "properties": {"speed": 0.2274, "dir_deg": 259.4, "type": "متوسط"}}, {"type": "Feature", "geometry": {"type": "MultiPolygon", "coordinates": [[[[1.000523448520729, 36.478315880930275], [0.9877425889884833, 36.47046415311934], [0.9866956919470254, 36.47216826772363], [0.9994765514792711, 36.48001999553457], [1.000523448520729, 36.478315880930275]]], [[[0.9829588539570059, 36.46869896781784], [0.9887894860299413, 36.468760038515036], [0.9856487949055674, 36.47387238232793], [0.9829588539570059, 36.46869896781784]]]]}, "properties": {"speed": 0.2749, "dir_deg": 238.4, "type": "متوسط"}}, {"type": "Feature", "geometry": {"type": "MultiPolygon", "coordinates": [[[[-0.41694292445397074, 36.521793142485365], [-0.40252671368713366, 36.52593715830654], [-0.4019741782443106, 36.52401499687097], [-0.41639038901114767, 36.51987098104979], [-0.41694292445397074, 36.521793142485365]]], [[[-0.3974450423767764, 36.52635741619581], [-0.4030792491299567, 36.52785931974212], [-0.40142164280148757, 36.52209283543539], [-0.3974450423767764, 36.52635741619581]]]]}, "properties": {"speed": 0.1708, "dir_deg": 74.0, "type": "ضعيف"}}, {"type": "Feature", "geometry": {"type": "MultiPolygon", "coordinates": [[[[-0.3750745146672399, 36.521829281685335], [-0.36011621590092363, 36.522947001693936], [-0.35996718656644383, 36.52095256185842], [-0.3749254853327601, 36.51983484184982], [-0.3750745146672399, 36.521829281685335]]], [[[-0.3550556016449116, 36.52232235511238], [-0.3602652452354034, 36.52494144152944], [-0.3598181572319641, 36.518958122022916], [-0.3550556016449116, 36.52232235511238]]]]}, "properties": {"speed": 0.1609, "dir_deg": 85.7, "type": "ضعيف"}}, {"type": "Feature", "geometry": {"type": "MultiPolygon", "coordinates": [[[[-0.33327114168586275, 36.52183012537439], [-0.3183001875836331, 36.520897101650725], [-0.3184245907467892, 36.518900974437095], [-0.33339554484901884, 36.51983399816076], [-0.33327114168586275, 36.52183012537439]]], [[[-0.3133720711311346, 36.51958803013602], [-0.318175784420477, 36.522893228864355], [-0.3185489939099453, 36.516904847223465], [-0.3133720711311346, 36.51958803013602]]]]}, "properties": {"speed": 0.1492, "dir_deg": 93.6, "type": "ضعيف"}}, {"type": "Feature", "geometry": {"type": "MultiPolygon", "coordinates": [[[[-0.29151891188071016, 36.52182108727723], [-0.2766835292358566, 36.519604914499496], [-0.2769790189395547, 36.51762686348019], [-0.29181440158440825, 36.519843036257924], [-0.29151891188071016, 36.52182108727723]]], [[[-0.2718861465394211, 36.5178771647306], [-0.27638803953215846, 36.52158296551881], [-0.2772745086432528, 36.515648812460874], [-0.2718861465394211, 36.5178771647306]]]]}, "properties": {"speed": 0.1373, "dir_deg": 98.5, "type": "ضعيف"}}, {"type": "Feature", "geometry": {"type": "MultiPolygon", "coordinates": [[[[-0.24983743946222947, 36.521818760339364], [-0.2350369608854758, 36.519380352272805], [-0.23536208196101685, 36.51740695512923], [-0.25016256053777053, 36.51984536319579], [-0.24983743946222947, 36.521818760339364]]], [[[-0.23026602856432843, 36.51758085101217], [-0.2347118398099347, 36.52135374941637], [-0.23568720303655794, 36.515433557985666], [-0.23026602856432843, 36.51758085101217]]]]}, "properties": {"speed": 0.1223, "dir_deg": 99.4, "type": "ضعيف"}}, {"type": "Feature", "geometry": {"type": "MultiPolygon", "coordinates": [[[[-0.2081045363602966, 36.521805537097514], [-0.19350240641122365, 36.51837365700777], [-0.19395999042318965, 36.5164267063479], [-0.2085621203722626, 36.51985858643764], [-0.2081045363602966, 36.521805537097514]]], [[[-0.18886382176751568, 36.51625622164792], [-0.1930448223992577, 36.52032060766765], [-0.19441757443515562, 36.51447975568802], [-0.18886382176751568, 36.51625622164792]]]]}, "properties": {"speed": 0.1081, "dir_deg": 103.2, "type": "ضعيف"}}, {"type": "Feature", "geometry": {"type": "MultiPolygon", "coordinates": [[[[-0.16636605891195408, 36.52178580806063], [-0.15205986451615985, 36.51727661723413], [-0.1526610899596925, 36.51536912464803], [-0.16696728435548672, 36.51987831547453], [-0.16636605891195408, 36.52178580806063]]], [[[-0.1475917457726614, 36.51481980733225], [-0.1514586390726272, 36.51918410982024], [-0.15326231540322516, 36.513461632061926], [-0.1475917457726614, 36.51481980733225]]]]}, "properties": {"speed": 0.0923, "dir_deg": 107.5, "type": "ضعيف"}}, {"type": "Feature", "geometry": {"type": "MultiPolygon", "coordinates": [[[[-0.12455974669410147, 36.521729935381536], [-0.1110916424847029, 36.51512613579306], [-0.11197214909649995, 36.513330388565144], [-0.12544025330589853, 36.51993418815362], [-0.12455974669410147, 36.521729935381536]]], [[[-0.10704252772080189, 36.512026995649606], [-0.11021113587290585, 36.516921883020984], [-0.112852655708297, 36.51153464133722], [-0.10704252772080189, 36.512026995649606]]]]}, "properties": {"speed": 0.0712, "dir_deg": 116.1, "type": "ضعيف"}}, {"type": "Feature", "geometry": {"type": "MultiPolygon", "coordinates": [[[[-0.08293416288606925, 36.52174893742508], [-0.06918102802350619, 36.51576134346322], [-0.06997937388508808, 36.513927592148214], [-0.08373250874765115, 36.519915186110076], [-0.08293416288606925, 36.52174893742508]]], [[[-0.06499582266677612, 36.51284860315176], [-0.0683826821619243, 36.51759509477823], [-0.07077771974666998, 36.5120938408332], [-0.06499582266677612, 36.51284860315176]]]]}, "properties": {"speed": 0.0448, "dir_deg": 113.5, "type": "ضعيف"}}, {"type": "Feature", "geometry": {"type": "MultiPolygon", "coordinates": [[[[-0.0416178795960534, 36.52183087090879], [-0.026635742477822483, 36.52109904622314], [-0.026733319102575894, 36.51910142794071], [-0.0417154562208068, 36.51983325262636], [-0.0416178795960534, 36.52183087090879]]], [[[-0.021690485084122215, 36.51985629552004], [-0.026538165853069073, 36.52309666450557], [-0.026830895727329305, 36.51710380965828], [-0.021690485084122215, 36.51985629552004]]]]}, "properties": {"speed": 0.0335, "dir_deg": 92.8, "type": "ضعيف"}}, {"type": "Feature", "geometry": {"type": "MultiPolygon", "coordinates": [[[[-0.00017827210111180655, 36.52181604299604], [0.014581446325815109, 36.524490124512724], [0.014937990528038722, 36.52252216205579], [0.00017827210111180655, 36.51984808053911], [-0.00017827210111180655, 36.52181604299604]]], [[[0.019679624569235887, 36.524397503789814], [0.014224902123591496, 36.52645808696965], [0.015294534730262335, 36.52055419959887], [0.019679624569235887, 36.524397503789814]]]]}, "properties": {"speed": 0.031, "dir_deg": 79.7, "type": "ضعيف"}}, {"type": "Feature", "geometry": {"type": "MultiPolygon", "coordinates": [[[[0.04094773001173205, 36.52152713608065], [0.051373844707799876, 36.53231120453112], [0.05281172050119598, 36.530921055904976], [0.04238560580512815, 36.52013698745451], [0.04094773001173205, 36.52152713608065]]], [[[0.055568154169853876, 36.53521081970154], [0.04993596891440378, 36.53370135315726], [0.05424959629459208, 36.52953090727883], [0.055568154169853876, 36.53521081970154]]]]}, "properties": {"speed": 0.0268, "dir_deg": 44.0, "type": "ضعيف"}}, {"type": "Feature", "geometry": {"type": "MultiPolygon", "coordinates": [[[[0.08234063003240182, 36.52095262389058], [0.08414906187743983, 36.535843210657454], [0.0861344734463566, 36.53560208641145], [0.08432604160131858, 36.52071149964458], [0.08234063003240182, 36.52095262389058]]], [[[0.08574457827691088, 36.54068617745675], [0.08216365030852307, 36.53608433490346], [0.08811988501527335, 36.53536096216545], [0.08574457827691088, 36.54068617745675]]]]}, "properties": {"speed": 0.0379, "dir_deg": 6.9, "type": "ضعيف"}}, {"type": "Feature", "geometry": {"type": "MultiPolygon", "coordinates": [[[[0.1240003337593155, 36.52080622754153], [0.12361282036852737, 36.53580122115179], [0.12561215284989635, 36.535852889603895], [0.12599966624068448, 36.52085789599363], [0.1240003337593155, 36.52080622754153]]], [[[0.12448331547894917, 36.54082538658127], [0.1216134878871584, 36.535749552699684], [0.12761148533126535, 36.535904558056004], [0.12448331547894917, 36.54082538658127]]]]}, "properties": {"speed": 0.0651, "dir_deg": 358.5, "type": "ضعيف"}}, {"type": "Feature", "geometry": {"type": "MultiPolygon", "coordinates": [[[[0.16566771485224363, 36.52087772738639], [0.16635269913444062, 36.53586207910854], [0.16835061269739415, 36.53577074787091], [0.16766562841519717, 36.520786396148765], [0.16566771485224363, 36.52087772738639]]], [[[0.16757998400998306, 36.54081119739711], [0.16435478557148708, 36.53595341034617], [0.1703485262603477, 36.535679416633286], [0.16757998400998306, 36.54081119739711]]]]}, "properties": {"speed": 0.0986, "dir_deg": 2.6, "type": "ضعيف"}}, {"type": "Feature", "geometry": {"type": "MultiPolygon", "coordinates": [[[[0.2073448810897129, 36.52098362687388], [0.20961835768422227, 36.53581033602238], [0.21159525223735565, 36.53550720580978], [0.2093217756428463, 36.52068049666128], [0.2073448810897129, 36.52098362687388]]], [[[0.21136463049229207, 36.54060100729891], [0.20764146313108892, 36.53611346623498], [0.213572146790489, 36.53520407559718], [0.21136463049229207, 36.54060100729891]]]]}, "properties": {"speed": 0.1499, "dir_deg": 8.7, "type": "ضعيف"}}, {"type": "Feature", "geometry": {"type": "MultiPolygon", "coordinates": [[[[0.24902925073611312, 36.52107215730411], [0.2526306837841089, 36.53563339626241], [0.2545721823118826, 36.535153205189346], [0.25097074926388685, 36.520591966231045], [0.24902925073611312, 36.52107215730411]]], [[[0.25480191073066105, 36.54024704704531], [0.25068918525633516, 36.53611358733548], [0.25651368083965637, 36.53467301411628], [0.25480191073066105, 36.54024704704531]]]]}, "properties": {"speed": 0.2128, "dir_deg": 13.9, "type": "ضعيف"}}, {"type": "Feature", "geometry": {"type": "MultiPolygon", "coordinates": [[[[0.2907113172080534, 36.521127572161504], [0.2951439731169087, 36.53545766502909], [0.29705465216592036, 36.53486664424124], [0.29262199625706503, 36.52053655137365], [0.2907113172080534, 36.521127572161504]]], [[[0.29757686461103294, 36.5399388522577], [0.293233294067897, 36.53604868581694], [0.2989653312149321, 36.5342756234534], [0.29757686461103294, 36.5399388522577]]]]}, "properties": {"speed": 0.2732, "dir_deg": 17.2, "type": "متوسط"}}, {"type": "Feature", "geometry": {"type": "MultiPolygon", "coordinates": [[[[0.3323840651019954, 36.52114649930447], [0.33710062815542224, 36.53538567178615], [0.338999184486313, 36.534756796712365], [0.3342826214328862, 36.520517624230685], [0.3323840651019954, 36.52114649930447]]], [[[0.3396220940053432, 36.53981762507649], [0.3352020718245315, 36.536014546859946], [0.34089774081720375, 36.53412792163857], [0.3396220940053432, 36.53981762507649]]]]}, "properties": {"speed": 0.3203, "dir_deg": 18.3, "type": "متوسط"}}, {"type": "Feature", "geometry": {"type": "MultiPolygon", "coordinates": [[[[0.3740493872633892, 36.52114244125303], [0.3787050795452636, 36.5354016323022], [0.3806063050184852, 36.534780873331286], [0.3759506127366108, 36.52052168228212], [0.3740493872633892, 36.52114244125303]]], [[[0.3812075897091659, 36.539844316499796], [0.37680385407204203, 36.536022391273114], [0.38250753049170677, 36.53416011436037], [0.3812075897091659, 36.539844316499796]]]]}, "properties": {"speed": 0.3331, "dir_deg": 18.1, "type": "متوسط"}}, {"type": "Feature", "geometry": {"type": "MultiPolygon", "coordinates": [[[[0.4157067775873709, 36.521112475794745], [0.419912987994892, 36.53551066297257], [0.4218327462852686, 36.53494983491824], [0.4176265358777475, 36.52055164774041], [0.4157067775873709, 36.521112475794745]]], [[[0.4222749372759207, 36.54002964467134], [0.41799322970451547, 36.53607149102691], [0.4237525045756452, 36.5343890068639], [0.4222749372759207, 36.54002964467134]]]]}, "properties": {"speed": 0.3201, "dir_deg": 16.3, "type": "متوسط"}}, {"type": "Feature", "geometry": {"type": "MultiPolygon", "coordinates": [[[[0.4573720771826209, 36.521107683817085], [0.4615064079252432, 36.535526675089386], [0.463428940094883, 36.53497543099037], [0.4592946093522607, 36.52055643971807], [0.4573720771826209, 36.521107683817085]]], [[[0.46384578425760387, 36.540057383463974], [0.4595838757556035, 36.5360779191884], [0.4653514722645227, 36.53442418689136], [0.46384578425760387, 36.540057383463974]]]]}, "properties": {"speed": 0.3062, "dir_deg": 16.0, "type": "متوسط"}}, {"type": "Feature", "geometry": {"type": "MultiPolygon", "coordinates": [[[[0.49904428584755534, 36.521126358316685], [0.5034587340841779, 36.53546207060336], [0.5053701623890672, 36.534873477505144], [0.5009557141524447, 36.52053776521847], [0.49904428584755534, 36.521126358316685]]], [[[0.5058859309821633, 36.53994634481647], [0.5015473057792885, 36.53605066370157], [0.5072815906939565, 36.53428488440693], [0.5058859309821633, 36.53994634481647]]]]}, "properties": {"speed": 0.2895, "dir_deg": 17.1, "type": "متوسط"}}, {"type": "Feature", "geometry": {"type": "MultiPolygon", "coordinates": [[[[0.5406862417826948, 36.52102885629979], [0.5436381597659028, 36.535735527582595], [0.5455990492702765, 36.535341938518165], [0.5426471312870684, 36.52063526723536], [0.5406862417826948, 36.52102885629979]]], [[[0.5456025771791589, 36.54044095681132], [0.5416772702615291, 36.536129116647025], [0.5475599387746501, 36.534948349453735], [0.5456025771791589, 36.54044095681132]]]]}, "properties": {"speed": 0.2703, "dir_deg": 11.3, "type": "متوسط"}}, {"type": "Feature", "geometry": {"type": "MultiPolygon", "coordinates": [[[[0.5823423871788538, 36.52069765531241], [0.5803262903513878, 36.53556154960638], [0.5823081429239171, 36.53583036251671], [0.584324239751383, 36.520966468222746], [0.5823423871788538, 36.52069765531241]]], [[[0.5806451843618305, 36.54065058749287], [0.5783444377788587, 36.53529273669605], [0.5842899954964462, 36.53609917542704], [0.5806451843618305, 36.54065058749287]]]]}, "properties": {"speed": 0.2368, "dir_deg": 352.3, "type": "متوسط"}}, {"type": "Feature", "geometry": {"type": "MultiPolygon", "coordinates": [[[[0.6241576840310562, 36.520293077715436], [0.616072923248942, 36.53292781724959], [0.6177575551868296, 36.53400578535388], [0.6258423159689438, 36.52137104581972], [0.6241576840310562, 36.520293077715436]]], [[[0.614220318957181, 36.537678381146456], [0.6143882913110544, 36.53184984914531], [0.6194421871247172, 36.53508375345816], [0.614220318957181, 36.537678381146456]]]]}, "properties": {"speed": 0.2096, "dir_deg": 327.4, "type": "ضعيف"}}, {"type": "Feature", "geometry": {"type": "MultiPolygon", "coordinates": [[[[0.666114456612132, 36.51999836991058], [0.6536090787572055, 36.52828181875183], [0.6547135386027048, 36.52994920246582], [0.6672189164576312, 36.521665753624575], [0.666114456612132, 36.51999836991058]]], [[[0.6499928493949797, 36.53187666022257], [0.6525046189117062, 36.52661443503784], [0.6558179984482041, 36.53161658617981], [0.6499928493949797, 36.53187666022257]]]]}, "properties": {"speed": 0.1814, "dir_deg": 303.5, "type": "ضعيف"}}, {"type": "Feature", "geometry": {"type": "MultiPolygon", "coordinates": [[[[0.7078107044961586, 36.51997948926886], [0.6950221170154545, 36.52781862380326], [0.6960673349533741, 36.52952376880069], [0.7088559224340782, 36.52168463426629], [0.7078107044961586, 36.51997948926886]]], [[[0.6912818634908463, 36.53128424114677], [0.6939768990775349, 36.52611347880584], [0.6971125528912937, 36.53122891379812], [0.6912818634908463, 36.53128424114677]]]]}, "properties": {"speed": 0.2403, "dir_deg": 301.5, "type": "متوسط"}}, {"type": "Feature", "geometry": {"type": "MultiPolygon", "coordinates": [[[[0.7495020724421363, 36.51996484314052], [0.7364937930362362, 36.52743375650848], [0.7374896481519636, 36.529168193762594], [0.7504979275578637, 36.521699280394635], [0.7495020724421363, 36.51996484314052]]], [[[0.7326556274587999, 36.530790612924854], [0.7354979379205087, 36.52569931925436], [0.7384855032676911, 36.530902631016716], [0.7326556274587999, 36.530790612924854]]]]}, "properties": {"speed": 0.3382, "dir_deg": 299.9, "type": "متوسط"}}, {"type": "Feature", "geometry": {"type": "MultiPolygon", "coordinates": [[[[0.7911658045352515, 36.519966546185714], [0.7781830708073156, 36.527479776180165], [0.7791848348065757, 36.529210807343894], [0.7921675685345116, 36.52169757734944], [0.7911658045352515, 36.519966546185714]]], [[[0.7743563748976338, 36.53084970176018], [0.7771813068080555, 36.52574874501644], [0.7801865988058359, 36.530941838507616], [0.7743563748976338, 36.53084970176018]]]]}, "properties": {"speed": 0.4336, "dir_deg": 300.1, "type": "متوسط"}}, {"type": "Feature", "geometry": {"type": "MultiPolygon", "coordinates": [[[[0.8328868566359341, 36.51993725659344], [0.8194647790237757, 36.5266341090312], [0.8203576926821443, 36.52842371937948], [0.8337797702943027, 36.52172686694172], [0.8328868566359341, 36.51993725659344]]], [[[0.8154372099822405, 36.52976119835127], [0.818571865365407, 36.52484449868291], [0.821250606340513, 36.53021332972777], [0.8154372099822405, 36.52976119835127]]]]}, "properties": {"speed": 0.5105, "dir_deg": 296.5, "type": "قوي"}}, {"type": "Feature", "geometry": {"type": "MultiPolygon", "coordinates": [[[[0.8746363169222651, 36.51990053902552], [0.860663475791411, 36.52535578519154], [0.8613908419468809, 36.52721883067566], [0.8753636830777349, 36.521763584509635], [0.8746363169222651, 36.51990053902552]]], [[[0.8563695451588612, 36.52810572332228], [0.8599361096359412, 36.52349273970743], [0.8621182081023506, 36.52908187615977], [0.8563695451588612, 36.52810572332228]]]]}, "properties": {"speed": 0.5888, "dir_deg": 291.3, "type": "قوي"}}, {"type": "Feature", "geometry": {"type": "MultiPolygon", "coordinates": [[[[0.9164326774290948, 36.5198598273625], [0.9018491613529902, 36.52336996394931], [0.9023171795645637, 36.52531443275946], [0.9169006956406683, 36.521804296172654], [0.9164326774290948, 36.5198598273625]]], [[[0.8972219984334088, 36.52551224388331], [0.9013811431414167, 36.52142549513916], [0.9027851977761372, 36.5272589015696], [0.8972219984334088, 36.52551224388331]]]]}, "properties": {"speed": 0.6483, "dir_deg": 283.5, "type": "قوي"}}, {"type": "Feature", "geometry": {"type": "MultiPolygon", "coordinates": [[[[0.9582264097289118, 36.51983779239201], [0.9433123690954469, 36.52144134843511], [0.9435261765678601, 36.523429887186246], [0.958440217201325, 36.521826331143146], [0.9582264097289118, 36.51983779239201]]], [[[0.9384479259538319, 36.52297013649171], [0.9430985616230337, 36.51945280968398], [0.9437399840402733, 36.525418425937374], [0.9384479259538319, 36.52297013649171]]]]}, "properties": {"speed": 0.682, "dir_deg": 276.1, "type": "قوي"}}, {"type": "Feature", "geometry": {"type": "MultiPolygon", "coordinates": [[[[0.9999804222208346, 36.519832253430664], [0.984983297167123, 36.52012592011815], [0.9850224527254537, 36.522125536791975], [1.0000195777791654, 36.52183187010449], [0.9999804222208346, 36.519832253430664]]], [[[0.9800038332617178, 36.521223617350884], [0.9849441416087923, 36.51812630344432], [0.9850616082837844, 36.5241251534658], [0.9800038332617178, 36.521223617350884]]]]}, "properties": {"speed": 0.6102, "dir_deg": 271.1, "type": "قوي"}}, {"type": "Feature", "geometry": {"type": "MultiPolygon", "coordinates": [[[[-0.41689089228801507, 36.56347453497406], [-0.4022728676770898, 36.5668380683059], [-0.4018243965661781, 36.56488899835777], [-0.41644242117710334, 36.56152546502594], [-0.41689089228801507, 36.56347453497406]]], [[[-0.3971759572513255, 36.566984711109114], [-0.4027213387880015, 36.568787138254024], [-0.4013759254552664, 36.56293992840965], [-0.3971759572513255, 36.566984711109114]]]]}, "properties": {"speed": 0.1635, "dir_deg": 77.0, "type": "ضعيف"}}, {"type": "Feature", "geometry": {"type": "MultiPolygon", "coordinates": [[[[-0.37506528051211724, 36.563497866952424], [-0.36009727622577414, 36.56447707463418], [-0.35996671520153967, 36.562481340729335], [-0.37493471948788276, 36.561502133047576], [-0.37506528051211724, 36.563497866952424]]], [[[-0.3550426609515426, 36.56380561024235], [-0.3602278372500086, 36.566472808539025], [-0.3598361541773052, 36.56048560682449], [-0.3550426609515426, 36.56380561024235]]]]}, "properties": {"speed": 0.1502, "dir_deg": 86.3, "type": "ضعيف"}}, {"type": "Feature", "geometry": {"type": "MultiPolygon", "coordinates": [[[[-0.33327696149913855, 36.563498409282914], [-0.3183008222554716, 36.56265268275838], [-0.3184135857920761, 36.560655864192555], [-0.33338972503574305, 36.561501590717086], [-0.33327696149913855, 36.563498409282914]]], [[[-0.31336515760921824, 36.561372364633954], [-0.31818805871886713, 36.564649501324205], [-0.3185263493286806, 36.55865904562673], [-0.31336515760921824, 36.561372364633954]]]]}, "properties": {"speed": 0.1328, "dir_deg": 93.2, "type": "ضعيف"}}, {"type": "Feature", "geometry": {"type": "MultiPolygon", "coordinates": [[[[-0.29150890646794353, 36.563487479039786], [-0.27669672087117625, 36.56112122507055], [-0.2770122214004076, 36.55914626699098], [-0.2918244069971749, 36.561512520960214], [-0.29150890646794353, 36.563487479039786]]], [[[-0.2719170759368695, 36.559344994707686], [-0.27638122034194496, 36.563096183150115], [-0.2773277219296389, 36.557171308911414], [-0.2719170759368695, 36.559344994707686]]]]}, "properties": {"speed": 0.112, "dir_deg": 99.1, "type": "ضعيف"}}, {"type": "Feature", "geometry": {"type": "MultiPolygon", "coordinates": [[[[-0.24979509953663281, 36.5634787828156], [-0.2351133573026478, 36.560405275865094], [-0.23552315822938216, 36.55844771023389], [-0.2502049004633672, 36.5615212171844], [-0.24979509953663281, 36.5634787828156]]], [[[-0.23042434368801995, 36.558401990732655], [-0.2347035563759134, 36.56236284149629], [-0.23593295915611656, 36.5564901446027], [-0.23042434368801995, 36.558401990732655]]]]}, "properties": {"speed": 0.0929, "dir_deg": 101.8, "type": "ضعيف"}}, {"type": "Feature", "geometry": {"type": "MultiPolygon", "coordinates": [[[[-0.20807226346725557, 36.56346532125145], [-0.19359244469553216, 36.55954934776609], [-0.19411457449358022, 36.55761870526319], [-0.20859439326530363, 36.56153467874855], [-0.20807226346725557, 36.56346532125145]]], [[[-0.18902690333731506, 36.55727870201952], [-0.19307031489748408, 36.561479990268985], [-0.1946367042916283, 36.55568806276029], [-0.18902690333731506, 36.55727870201952]]]]}, "properties": {"speed": 0.0792, "dir_deg": 105.1, "type": "ضعيف"}}, {"type": "Feature", "geometry": {"type": "MultiPolygon", "coordinates": [[[[-0.16636189123197648, 36.5634524226513], [-0.15207555146244892, 36.55888071662515], [-0.15268511226593676, 36.55697587132254], [-0.16697145203546432, 36.5615475773487], [-0.16636189123197648, 36.5634524226513]]], [[[-0.14761821860768365, 36.556404391965124], [-0.1514659906589611, 36.56078556192775], [-0.15329467306942457, 36.55507102601994], [-0.14761821860768365, 36.556404391965124]]]]}, "properties": {"speed": 0.0689, "dir_deg": 107.7, "type": "ضعيف"}}, {"type": "Feature", "geometry": {"type": "MultiPolygon", "coordinates": [[[[-0.12471244751360779, 36.56345776488115], [-0.11034597429631565, 36.559144477585264], [-0.11092107926910008, 36.55722894782296], [-0.12528755248639223, 36.56154223511885], [-0.12471244751360779, 36.56345776488115]]], [[[-0.10584470237694382, 36.55674895027216], [-0.10977086932353121, 36.56106000734757], [-0.11149618424188452, 36.555313418060656], [-0.10584470237694382, 36.55674895027216]]]]}, "properties": {"speed": 0.0516, "dir_deg": 106.7, "type": "ضعيف"}}, {"type": "Feature", "geometry": {"type": "MultiPolygon", "coordinates": [[[[-0.08315950660339674, 36.56348477581436], [-0.06838786938800988, 36.56087733761241], [-0.06873552781493679, 36.55890778598369], [-0.08350716503032365, 36.56151522418564], [-0.08315950660339674, 36.56348477581436]]], [[[-0.0636378195296777, 36.55902341573073], [-0.06804021096108298, 36.56284688924113], [-0.06908318624186369, 36.55693823435497], [-0.0636378195296777, 36.55902341573073]]]]}, "properties": {"speed": 0.0337, "dir_deg": 100.0, "type": "ضعيف"}}, {"type": "Feature", "geometry": {"type": "MultiPolygon", "coordinates": [[[[-0.04204370913645173, 36.563426196476115], [-0.028150761994693546, 36.56908181489644], [-0.027396679538650284, 36.56722942194421], [-0.04128962668040847, 36.561573803523885], [-0.04204370913645173, 36.563426196476115]]], [[[-0.023142738386085854, 36.57004082456043], [-0.028904844450736805, 36.57093420784868], [-0.026642597082607026, 36.565377028991975], [-0.023142738386085854, 36.57004082456043]]]]}, "properties": {"speed": 0.0256, "dir_deg": 67.8, "type": "ضعيف"}}, {"type": "Feature", "geometry": {"type": "MultiPolygon", "coordinates": [[[[-0.0007645367050466549, 36.563144580194106], [0.00890416620657448, 36.574612630769806], [0.010433239616667788, 36.573323470381595], [0.0007645367050466549, 36.561855419805894], [-0.0007645367050466549, 36.563144580194106]]], [[[0.012891603882161514, 36.57779073410093], [0.007375092796481169, 36.575901791158024], [0.011962313026761099, 36.57203430999338], [0.012891603882161514, 36.57779073410093]]]]}, "properties": {"speed": 0.0202, "dir_deg": 40.1, "type": "ضعيف"}}, {"type": "Feature", "geometry": {"type": "MultiPolygon", "coordinates": [[[[0.04066690905733898, 36.562478040044056], [0.040337509718211574, 36.577474422810425], [0.04233702742039381, 36.577518342722314], [0.04266642675952122, 36.562521959955944], [0.04066690905733898, 36.562478040044056]]], [[[0.04122746878959356, 36.58249517702182], [0.03833799201602934, 36.577430502898544], [0.044336545122576045, 36.577562262634196], [0.04122746878959356, 36.58249517702182]]]]}, "properties": {"speed": 0.026, "dir_deg": 358.7, "type": "ضعيف"}}, {"type": "Feature", "geometry": {"type": "MultiPolygon", "coordinates": [[[[0.08239575681178608, 36.56215222764738], [0.0771791715225426, 36.57621591272349], [0.07905432953269083, 36.57691145742873], [0.08427091482193431, 36.56284777235262], [0.08239575681178608, 36.56215222764738]]], [[[0.07637788876453556, 36.58125158010148], [0.07530401351239437, 36.57552036801826], [0.08092948754283906, 36.57760700213396], [0.07637788876453556, 36.58125158010148]]]]}, "properties": {"speed": 0.0416, "dir_deg": 339.6, "type": "ضعيف"}}, {"type": "Feature", "geometry": {"type": "MultiPolygon", "coordinates": [[[[0.12405253299030404, 36.56218014649363], [0.11925473039473995, 36.57639215163907], [0.12114966441413187, 36.57703185865181], [0.12594746700969597, 36.56281985350637], [0.12405253299030404, 36.56218014649363]]], [[[0.11860292987258123, 36.58144934019392], [0.11735979637534802, 36.575752444626325], [0.1230445984335238, 36.57767156566455], [0.11860292987258123, 36.58144934019392]]]]}, "properties": {"speed": 0.0666, "dir_deg": 341.3, "type": "ضعيف"}}, {"type": "Feature", "geometry": {"type": "MultiPolygon", "coordinates": [[[[0.16568271180154107, 36.562321609841476], [0.16300685942370507, 36.57708100732417], [0.16497477908806374, 36.577437787641216], [0.16765063146589973, 36.562678390158524], [0.16568271180154107, 36.562321609841476]]], [[[0.16309886846327243, 36.58217919664359], [0.16103893975934644, 36.576724227007126], [0.16694269875242237, 36.57779456795826], [0.16309886846327243, 36.58217919664359]]]]}, "properties": {"speed": 0.0911, "dir_deg": 349.7, "type": "ضعيف"}}, {"type": "Feature", "geometry": {"type": "MultiPolygon", "coordinates": [[[[0.20733338597960618, 36.56248926578676], [0.2071723727810109, 36.57748840158686], [0.20917225755435773, 36.577509870013344], [0.20933327075295302, 36.56251073421324], [0.20733338597960618, 36.56248926578676]]], [[[0.20811864410148587, 36.58249884773347], [0.20517248800766405, 36.57746693316039], [0.21117214232770457, 36.57753133843982], [0.20811864410148587, 36.58249884773347]]]]}, "properties": {"speed": 0.128, "dir_deg": 359.4, "type": "ضعيف"}}, {"type": "Feature", "geometry": {"type": "MultiPolygon", "coordinates": [[[[0.2490062259900574, 36.56261141461826], [0.2506774452639963, 36.5775180247674], [0.25266499328388153, 36.57729519553088], [0.2509937740099426, 36.56238858538174], [0.2490062259900574, 36.56261141461826]]], [[[0.2522282923652519, 36.58237548019885], [0.2486898972441111, 36.57774085400393], [0.25465254130376674, 36.57707236629435], [0.2522282923652519, 36.58237548019885]]]]}, "properties": {"speed": 0.1749, "dir_deg": 6.4, "type": "ضعيف"}}, {"type": "Feature", "geometry": {"type": "MultiPolygon", "coordinates": [[[[0.2906850574175326, 36.56269095231012], [0.29354934206929684, 36.57741494203552], [0.29551254069935007, 36.577033037415276], [0.2926482560475858, 36.56230904768988], [0.2906850574175326, 36.56269095231012]]], [[[0.2954857029349115, 36.58213198630053], [0.29158614343924355, 36.57779684665575], [0.29747573932940335, 36.57665113279504], [0.2954857029349115, 36.58213198630053]]]]}, "properties": {"speed": 0.2299, "dir_deg": 11.0, "type": "متوسط"}}, {"type": "Feature", "geometry": {"type": "MultiPolygon", "coordinates": [[[[0.3323613180833857, 36.5627348766518], [0.33588446786044723, 36.57731525441263], [0.3378285182285574, 36.57684550110903], [0.3343053684514959, 36.5622651233482], [0.3323613180833857, 36.5627348766518]]], [[[0.3380308763035228, 36.5819405036811], [0.3339404174923371, 36.577785007716244], [0.33977256859666755, 36.576375747805415], [0.3380308763035228, 36.5819405036811]]]]}, "properties": {"speed": 0.2869, "dir_deg": 13.6, "type": "متوسط"}}, {"type": "Feature", "geometry": {"type": "MultiPolygon", "coordinates": [[[[0.3740299250359975, 36.562742805609936], [0.3776720091850134, 36.57729393006997], [0.3796121591130184, 36.5768083188501], [0.3759700749640025, 36.562257194390064], [0.3740299250359975, 36.562742805609936]]], [[[0.37985611219868787, 36.58190149928005], [0.3757318592570085, 36.577779541289836], [0.3815523090410233, 36.57632270763023], [0.37985611219868787, 36.58190149928005]]]]}, "properties": {"speed": 0.3206, "dir_deg": 14.1, "type": "متوسط"}}, {"type": "Feature", "geometry": {"type": "MultiPolygon", "coordinates": [[[[0.415690689840964, 36.56271791885304], [0.41895947263655686, 36.57735742222697], [0.4209114064197472, 36.57692158452089], [0.4176426236241544, 36.56228208114696], [0.415690689840964, 36.56271791885304]]], [[[0.42102503379334966, 36.5820193378319], [0.41700753885336656, 36.577793259933046], [0.42286334020293753, 36.57648574681481], [0.42102503379334966, 36.5820193378319]]]]}, "properties": {"speed": 0.3288, "dir_deg": 12.6, "type": "متوسط"}}, {"type": "Feature", "geometry": {"type": "MultiPolygon", "coordinates": [[[[0.45736057266214725, 36.56273177003576], [0.4608371231985671, 36.57732332911517], [0.4627826644091542, 36.576859789043645], [0.45930611387273435, 36.56226822996424], [0.45736057266214725, 36.56273177003576]]], [[[0.4629687439826673, 36.58195541210587], [0.45889158198798, 36.57778686918669], [0.4647282056197413, 36.576396248972124], [0.4629687439826673, 36.58195541210587]]]]}, "properties": {"speed": 0.3187, "dir_deg": 13.4, "type": "متوسط"}}, {"type": "Feature", "geometry": {"type": "MultiPolygon", "coordinates": [[[[0.49903150430367066, 36.56274903029171], [0.502766958679392, 36.57727646573665], [0.5047039500720508, 36.57677840515323], [0.5009684956963294, 36.56225096970829], [0.49903150430367066, 36.56274903029171]]], [[[0.5049806058342953, 36.58186991392659], [0.5008299672867333, 36.577774526320084], [0.5066409414647095, 36.576280344569795], [0.5049806058342953, 36.58186991392659]]]]}, "properties": {"speed": 0.3132, "dir_deg": 14.4, "type": "متوسط"}}, {"type": "Feature", "geometry": {"type": "MultiPolygon", "coordinates": [[[[0.5406762441855859, 36.56263792734581], [0.5427451543727027, 36.577494562585244], [0.544726039071294, 36.57721870789362], [0.5426571288841773, 36.56236207265419], [0.5406762441855859, 36.56263792734581]]], [[[0.5444252334510372, 36.58230884698592], [0.5407642696741112, 36.57777041727686], [0.5467069237698855, 36.576942853202006], [0.5444252334510372, 36.58230884698592]]]]}, "properties": {"speed": 0.3149, "dir_deg": 7.9, "type": "متوسط"}}, {"type": "Feature", "geometry": {"type": "MultiPolygon", "coordinates": [[[[0.5823466142740313, 36.56233744322128], [0.5799082625932143, 36.577137931087584], [0.5818816609753884, 36.57746304464502], [0.5843200126562055, 36.56266255677872], [0.5823466142740313, 36.56233744322128]]], [[[0.5800821778906956, 36.58223398382174], [0.5779348642110402, 36.57681281753014], [0.5838550593575624, 36.577788158202466], [0.5800821778906956, 36.58223398382174]]]]}, "properties": {"speed": 0.2907, "dir_deg": 350.6, "type": "متوسط"}}, {"type": "Feature", "geometry": {"type": "MultiPolygon", "coordinates": [[[[0.6241501890388854, 36.561972912407306], [0.6162438751485112, 36.57472007682402], [0.6179434970707404, 36.57577425200941], [0.6258498109611146, 36.563027087592694], [0.6241501890388854, 36.561972912407306]]], [[[0.6144582481461677, 36.57949621922229], [0.6145442532262819, 36.57366590163864], [0.6196431189929696, 36.57682842719479], [0.6144582481461677, 36.57949621922229]]]]}, "properties": {"speed": 0.2617, "dir_deg": 328.2, "type": "متوسط"}}, {"type": "Feature", "geometry": {"type": "MultiPolygon", "coordinates": [[[[0.6659698322733165, 36.561782787243466], [0.6552116409252705, 36.572235601166945], [0.6566053494484007, 36.57367002668001], [0.6673635407964467, 36.563217212756534], [0.6659698322733165, 36.561782787243466]]], [[[0.6523224314041536, 36.576437085231305], [0.6538179324021403, 36.57080117565387], [0.6579990579715309, 36.57510445219309], [0.6523224314041536, 36.576437085231305]]]]}, "properties": {"speed": 0.2999, "dir_deg": 314.2, "type": "متوسط"}}, {"type": "Feature", "geometry": {"type": "MultiPolygon", "coordinates": [[[[0.7076697206422023, 36.56175190604509], [0.6964483113185388, 36.571705798388834], [0.6977754969643709, 36.573201986298656], [0.7089969062880345, 36.56324809395491], [0.7076697206422023, 36.56175190604509]]], [[[0.6933714343669004, 36.575771856458324], [0.6951211256727066, 36.57020961047901], [0.6991026826102031, 36.57469817420848], [0.6933714343669004, 36.575771856458324]]]]}, "properties": {"speed": 0.4438, "dir_deg": 311.6, "type": "قوي"}}, {"type": "Feature", "geometry": {"type": "MultiPolygon", "coordinates": [[[[0.7494024351290721, 36.5616981794309], [0.7373751265925622, 36.57066165249482], [0.738570256334418, 36.57226529363302], [0.7505975648709279, 36.5633018205691], [0.7494024351290721, 36.5616981794309]]], [[[0.7339635886179867, 36.574451297418555], [0.7361799968507063, 36.56905801135662], [0.7397653860762738, 36.57386893477123], [0.7339635886179867, 36.574451297418555]]]]}, "properties": {"speed": 0.5777, "dir_deg": 306.7, "type": "قوي"}}, {"type": "Feature", "geometry": {"type": "MultiPolygon", "coordinates": [[[[0.7911266597854086, 36.561658352146175], [0.7785019419779851, 36.56975875338827], [0.779581995476931, 36.57144204909592], [0.7922067132843545, 36.563341647853825], [0.7911266597854086, 36.561658352146175]]], [[[0.7748337294583167, 36.57330053498946], [0.7774218884790391, 36.568075457680614], [0.7806620489758769, 36.57312534480358], [0.7748337294583167, 36.57330053498946]]]]}, "properties": {"speed": 0.6654, "dir_deg": 302.7, "type": "قوي"}}, {"type": "Feature", "geometry": {"type": "MultiPolygon", "coordinates": [[[[0.8328380250138336, 36.56163127141752], [0.8198070962765801, 36.56906059818679], [0.8207976731791496, 36.57079805535175], [0.8338286019164032, 36.56336872858248], [0.8328380250138336, 36.56163127141752]]], [[[0.815958741815447, 36.57240576902569], [0.8188165193740105, 36.56732314102182], [0.8217882500817193, 36.57253551251672], [0.815958741815447, 36.57240576902569]]]]}, "properties": {"speed": 0.7172, "dir_deg": 299.7, "type": "قوي"}}, {"type": "Feature", "geometry": {"type": "MultiPolygon", "coordinates": [[[[0.8745743485775, 36.561595112787955], [0.8610010403968155, 36.56797988412546], [0.8618523432418154, 36.569789658549546], [0.8754256514225, 36.563404887212045], [0.8745743485775, 36.561595112787955]]], [[[0.8569022557590872, 36.57101302845], [0.8601497375518155, 36.56617010970137], [0.8627036460868154, 36.571599432973635], [0.8569022557590872, 36.57101302845]]]]}, "properties": {"speed": 0.7196, "dir_deg": 295.2, "type": "قوي"}}, {"type": "Feature", "geometry": {"type": "MultiPolygon", "coordinates": [[[[0.9163176781260317, 36.56156288040755], [0.9022608842392945, 36.566798006540296], [0.9029589010569943, 36.568672245725196], [0.9170156949437315, 36.56343711959245], [0.9163176781260317, 36.56156288040755]]], [[[0.8979242946858987, 36.569480168177], [0.9015628674215946, 36.564923767355396], [0.9036569178746942, 36.570546484910096], [0.8979242946858987, 36.569480168177]]]]}, "properties": {"speed": 0.6754, "dir_deg": 290.4, "type": "قوي"}}, {"type": "Feature", "geometry": {"type": "MultiPolygon", "coordinates": [[[[0.9580488713908796, 36.56154130677148], [0.9436684729631374, 36.56580793788506], [0.944237357111615, 36.5677253243421], [0.9586177555393572, 36.56345869322852], [0.9580488713908796, 36.56154130677148]]], [[[0.9391594488947955, 36.568188841484776], [0.9430995888146597, 36.56389055142803], [0.9448062412600927, 36.56964271079913], [0.9391594488947955, 36.568188841484776]]]]}, "properties": {"speed": 0.5879, "dir_deg": 286.5, "type": "قوي"}}, {"type": "Feature", "geometry": {"type": "MultiPolygon", "coordinates": [[[[0.9997412360362259, 36.561534059416395], [0.9852521272821763, 36.56541551887301], [0.9857696552097245, 36.56734740004022], [1.0002587639637741, 36.563465940583605], [0.9997412360362259, 36.561534059416395]]], [[[0.9806811883279338, 36.567675279275484], [0.9847345993546279, 36.56348363770581], [0.9862871831372728, 36.56927928120742], [0.9806811883279338, 36.567675279275484]]]]}, "properties": {"speed": 0.4759, "dir_deg": 285.0, "type": "قوي"}}, {"type": "Feature", "geometry": {"type": "MultiPolygon", "coordinates": [[[[-0.4169338685962784, 36.60513157603776], [-0.40247930151612216, 36.60913975399355], [-0.40194487778868376, 36.60721247838287], [-0.41639944486884, 36.60320430042708], [-0.4169338685962784, 36.60513157603776]]], [[[-0.3973939006256842, 36.60951217550681], [-0.4030137252435605, 36.61106702960424], [-0.4014104540612454, 36.60528520277218], [-0.3973939006256842, 36.60951217550681]]]]}, "properties": {"speed": 0.1174, "dir_deg": 74.5, "type": "ضعيف"}}, {"type": "Feature", "geometry": {"type": "MultiPolygon", "coordinates": [[[[-0.37508852869144316, 36.605164011859614], [-0.3601474242835336, 36.60649194223126], [-0.35997036690064727, 36.604499794976874], [-0.37491147130855684, 36.60317186460523], [-0.37508852869144316, 36.605164011859614]]], [[[-0.35507852745612056, 36.605938512061286], [-0.36032448166641995, 36.60848408948565], [-0.3597933095177609, 36.60250764772248], [-0.35507852745612056, 36.605938512061286]]]]}, "properties": {"speed": 0.0945, "dir_deg": 84.9, "type": "ضعيف"}}, {"type": "Feature", "geometry": {"type": "MultiPolygon", "coordinates": [[[[-0.33332786635625605, 36.605167923234035], [-0.31832809133211415, 36.605085769566266], [-0.31833904515448364, 36.60308579956304], [-0.33333882017862554, 36.60316795323081], [-0.33332786635625605, 36.605167923234035]]], [[[-0.3133336432352516, 36.604058400008725], [-0.3183171375097447, 36.607085739569484], [-0.31834999897685307, 36.60108582955982], [-0.3133336432352516, 36.604058400008725]]]]}, "properties": {"speed": 0.0752, "dir_deg": 90.3, "type": "ضعيف"}}, {"type": "Feature", "geometry": {"type": "MultiPolygon", "coordinates": [[[[-0.2915020964440274, 36.60515430525916], [-0.27670659104293943, 36.602685900931185], [-0.277035711620003, 36.6007131668777], [-0.291831217021091, 36.60318157120568], [-0.2915020964440274, 36.60515430525916]]], [[[-0.2719393161977752, 36.600876732461785], [-0.2763774704658758, 36.60465863498466], [-0.27736483219706665, 36.59874043282423], [-0.2719393161977752, 36.600876732461785]]]]}, "properties": {"speed": 0.059, "dir_deg": 99.5, "type": "ضعيف"}}, {"type": "Feature", "geometry": {"type": "MultiPolygon", "coordinates": [[[[-0.249744854164599, 36.605134840814216], [-0.2352413154377075, 36.6013076532832], [-0.2357516071085095, 36.59937384811961], [-0.25025514583540104, 36.60320103565063], [-0.249744854164599, 36.605134840814216]]], [[[-0.23066194836414464, 36.5990650215244], [-0.23473102376690547, 36.60324145844678], [-0.23626189877931153, 36.59744004295603], [-0.23066194836414464, 36.5990650215244]]]]}, "properties": {"speed": 0.0478, "dir_deg": 104.8, "type": "ضعيف"}}, {"type": "Feature", "geometry": {"type": "MultiPolygon", "coordinates": [[[[-0.20800391326817977, 36.60511212343308], [-0.19384113525829155, 36.600170896961586], [-0.19449996545449122, 36.59828252656027], [-0.20866274346437944, 36.60322375303176], [-0.20800391326817977, 36.60511212343308]]], [[[-0.18944962435309531, 36.597579636270424], [-0.19318230506209189, 36.602059267362904], [-0.19515879565069089, 36.59639415615895], [-0.18944962435309531, 36.597579636270424]]]]}, "properties": {"speed": 0.0434, "dir_deg": 109.2, "type": "ضعيف"}}, {"type": "Feature", "geometry": {"type": "MultiPolygon", "coordinates": [[[[-0.16635725412226512, 36.605118864519575], [-0.15209335981492092, 36.60047760184774], [-0.15271219483783147, 36.59857574927344], [-0.16697608914517567, 36.60321701194527], [-0.16635725412226512, 36.605118864519575]]], [[[-0.1476481458905948, 36.59797958800332], [-0.15147452479201037, 36.602379454422056], [-0.153331029860742, 36.59667389669912], [-0.1476481458905948, 36.59797958800332]]]]}, "properties": {"speed": 0.0381, "dir_deg": 108.0, "type": "ضعيف"}}, {"type": "Feature", "geometry": {"type": "MultiPolygon", "coordinates": [[[[-0.124822414549201, 36.605152043616854], [-0.11006083378274797, 36.602488261854866], [-0.11041600468434598, 36.600520051086], [-0.12517758545079902, 36.60318383284799], [-0.124822414549201, 36.605152043616854]]], [[[-0.10531789231139597, 36.60061622921644], [-0.10970566288114997, 36.604456472623724], [-0.11077117558594399, 36.59855184031714], [-0.10531789231139597, 36.60061622921644]]]]}, "properties": {"speed": 0.0271, "dir_deg": 100.2, "type": "ضعيف"}}, {"type": "Feature", "geometry": {"type": "MultiPolygon", "coordinates": [[[[-0.08368703997472943, 36.605103295580555], [-0.06965667975273748, 36.61040885794859], [-0.06894927143699903, 36.608538143252325], [-0.08297963165899097, 36.60323258088429], [-0.08368703997472943, 36.605103295580555]]], [[[-0.06462618885420426, 36.611242021389806], [-0.07036408806847595, 36.61227957264486], [-0.06824186312126056, 36.60666742855606], [-0.06462618885420426, 36.611242021389806]]]]}, "properties": {"speed": 0.0155, "dir_deg": 69.3, "type": "ضعيف"}}, {"type": "Feature", "geometry": {"type": "MultiPolygon", "coordinates": [[[[-0.04265858004468167, 36.604294864644004], [-0.040754683870965314, 36.619173546687776], [-0.03877085959846217, 36.61891969386461], [-0.04067475577217853, 36.60404101182084], [-0.04265858004468167, 36.604294864644004]]], [[[-0.03912813967680829, 36.62400618095745], [-0.04273850814346845, 36.61942739951094], [-0.03678703532595904, 36.61866584104145], [-0.03912813967680829, 36.62400618095745]]]]}, "properties": {"speed": 0.0185, "dir_deg": 7.3, "type": "ضعيف"}}, {"type": "Feature", "geometry": {"type": "MultiPolygon", "coordinates": [[[[-0.0009070680779682006, 36.60374695426369], [-0.0072218276089790045, 36.617352975433214], [-0.005407691453042603, 36.618194943370675], [0.0009070680779682006, 36.60458892220115], [-0.0009070680779682006, 36.60374695426369]]], [[[-0.008419679374681072, 36.62230929979179], [-0.009035963764915405, 36.616511007495745], [-0.003593555297106202, 36.61903691130814], [-0.008419679374681072, 36.62230929979179]]]]}, "properties": {"speed": 0.0258, "dir_deg": 335.1, "type": "ضعيف"}}, {"type": "Feature", "geometry": {"type": "MultiPolygon", "coordinates": [[[[0.04085669527217123, 36.60358147056195], [0.032059680215052865, 36.61573106010583], [0.03367962548757061, 36.616903995446776], [0.04247664054468897, 36.604754405902895], [0.04085669527217123, 36.60358147056195]]], [[[0.029937314498938945, 36.6203673909576], [0.030439734942535122, 36.614558124764876], [0.03529957076008835, 36.61807693078773], [0.029937314498938945, 36.6203673909576]]]]}, "properties": {"speed": 0.038, "dir_deg": 324.1, "type": "ضعيف"}}, {"type": "Feature", "geometry": {"type": "MultiPolygon", "coordinates": [[[[0.08253171181393354, 36.60357010969686], [0.0735642837805082, 36.61559446974076], [0.07516753178636151, 36.616790126811885], [0.08413495981978686, 36.60476576676798], [0.08253171181393354, 36.60357010969686]]], [[[0.0713767651056264, 36.620200418290956], [0.07196103577465486, 36.61439881266964], [0.07677077979221485, 36.61798578388301], [0.0713767651056264, 36.620200418290956]]]]}, "properties": {"speed": 0.0488, "dir_deg": 323.3, "type": "ضعيف"}}, {"type": "Feature", "geometry": {"type": "MultiPolygon", "coordinates": [[[[0.12411339864882816, 36.603705403861696], [0.11717538308798081, 36.61700442412927], [0.1189485857903245, 36.61792949287072], [0.12588660135117183, 36.60463047260315], [0.12411339864882816, 36.603705403861696]]], [[[0.11574931258553686, 36.62189996525586], [0.11540218038563713, 36.616079355387825], [0.12072178849266818, 36.61885456161217], [0.11574931258553686, 36.62189996525586]]]]}, "properties": {"speed": 0.0636, "dir_deg": 332.4, "type": "ضعيف"}}, {"type": "Feature", "geometry": {"type": "MultiPolygon", "coordinates": [[[[0.16570372518966212, 36.60389824554458], [0.16165833487203027, 36.61834244220545], [0.16358422776014683, 36.61888182758114], [0.16762961807777868, 36.604437630920266], [0.16570372518966212, 36.60389824554458]]], [[[0.16127281787687794, 36.62342686711359], [0.1597324419839137, 36.61780305682977], [0.1655101206482634, 36.61942121295682], [0.16127281787687794, 36.62342686711359]]]]}, "properties": {"speed": 0.0792, "dir_deg": 344.4, "type": "ضعيف"}}, {"type": "Feature", "geometry": {"type": "MultiPolygon", "coordinates": [[[[0.20733508553944602, 36.60410868235782], [0.20644624742035644, 36.61908232476032], [0.2084427330740236, 36.61920083650953], [0.2093315711931132, 36.604227194107025], [0.20733508553944602, 36.60410868235782]]], [[[0.20714821087416016, 36.624132794769096], [0.2044497617666893, 36.618963813011106], [0.21043921872769075, 36.61931934825874], [0.20714821087416016, 36.624132794769096]]]]}, "properties": {"speed": 0.1081, "dir_deg": 356.6, "type": "ضعيف"}}, {"type": "Feature", "geometry": {"type": "MultiPolygon", "coordinates": [[[[0.24900379099295647, 36.60425493026818], [0.25030867152932884, 36.61919806537384], [0.25230108954341585, 36.619024081302314], [0.2509962090070435, 36.60408094619666], [0.24900379099295647, 36.60425493026818]]], [[[0.25173984071516314, 36.62409211837329], [0.24831625351524175, 36.61937204944535], [0.2542935075575029, 36.6188500972308], [0.25173984071516314, 36.62409211837329]]]]}, "properties": {"speed": 0.1485, "dir_deg": 5.0, "type": "ضعيف"}}, {"type": "Feature", "geometry": {"type": "MultiPolygon", "coordinates": [[[[0.29068108843381374, 36.60433721649006], [0.29322026229834175, 36.61912074097124], [0.2951913988958327, 36.618782184455966], [0.29265222503130467, 36.603998659974785], [0.29068108843381374, 36.60433721649006]]], [[[0.29505222188526325, 36.62387930420733], [0.2912491257008509, 36.61945929748651], [0.29716253549332355, 36.6184436279407], [0.29505222188526325, 36.62387930420733]]]]}, "properties": {"speed": 0.1994, "dir_deg": 9.7, "type": "ضعيف"}}, {"type": "Feature", "geometry": {"type": "MultiPolygon", "coordinates": [[[[0.3323546159923157, 36.60437310382633], [0.3354320999010292, 36.61905401295321], [0.3373895544512794, 36.618643681765384], [0.3343120705425659, 36.60396277263851], [0.3323546159923157, 36.60437310382633]]], [[[0.33743665514572546, 36.62374248373492], [0.333474645350779, 36.619464344141036], [0.3393470090015296, 36.618233350577555], [0.33743665514572546, 36.62374248373492]]]]}, "properties": {"speed": 0.2592, "dir_deg": 11.8, "type": "متوسط"}}, {"type": "Feature", "geometry": {"type": "MultiPolygon", "coordinates": [[[[0.3740203562763455, 36.60436868228515], [0.3770315170672144, 36.619063338139966], [0.3789908045145234, 36.61866185003451], [0.3759796437236545, 36.603967194179695], [0.3740203562763455, 36.60436868228515]]], [[[0.3790148810544919, 36.62376081270551], [0.37507222961990533, 36.61946482624541], [0.38095009196183244, 36.61826036192907], [0.3790148810544919, 36.62376081270551]]]]}, "properties": {"speed": 0.3116, "dir_deg": 11.6, "type": "متوسط"}}, {"type": "Feature", "geometry": {"type": "MultiPolygon", "coordinates": [[[[0.41568271435408916, 36.60434642463485], [0.4183600103904673, 36.6191055603119], [0.42032789514740737, 36.61874858750705], [0.41765059911102925, 36.603989451829996], [0.41568271435408916, 36.60434642463485]]], [[[0.4202363847810634, 36.623846785801824], [0.4163921256335272, 36.61946253311675], [0.42229577990434747, 36.6183916147022], [0.4202363847810634, 36.623846785801824]]]]}, "properties": {"speed": 0.3389, "dir_deg": 10.3, "type": "متوسط"}}, {"type": "Feature", "geometry": {"type": "MultiPolygon", "coordinates": [[[[0.45735407664859673, 36.604370513870684], [0.4603927112225429, 36.619059513153346], [0.462351244460231, 36.61865436187682], [0.45931260988628486, 36.60396536259416], [0.45735407664859673, 36.604370513870684]]], [[[0.46238485603270235, 36.623753270609306], [0.4584341779848547, 36.61946466442987], [0.4643097776979192, 36.6182492106003], [0.46238485603270235, 36.623753270609306]]]]}, "properties": {"speed": 0.3258, "dir_deg": 11.7, "type": "متوسط"}}, {"type": "Feature", "geometry": {"type": "MultiPolygon", "coordinates": [[[[0.4990212219763797, 36.60437286158511], [0.5020950722667374, 36.61905453193942], [0.5040526283139781, 36.61864468523404], [0.5009787780236203, 36.60396301487973], [0.4990212219763797, 36.60437286158511]]], [[[0.5040984670538103, 36.623743498704826], [0.5001375162194969, 36.6194643786448], [0.5060101843612187, 36.61823483852866], [0.5040984670538103, 36.623743498704826]]]]}, "properties": {"speed": 0.336, "dir_deg": 11.8, "type": "متوسط"}}, {"type": "Feature", "geometry": {"type": "MultiPolygon", "coordinates": [[[[0.5406722104907136, 36.60427290202416], [0.5422466673667823, 36.619190042686675], [0.5442356194551183, 36.618980115103206], [0.5426611625790496, 36.60406297444069], [0.5406722104907136, 36.60427290202416]]], [[[0.5437659623696399, 36.62405745911578], [0.5402577152784463, 36.61939997027015], [0.5462245715434543, 36.61877018751973], [0.5437659623696399, 36.62405745911578]]]]}, "properties": {"speed": 0.3563, "dir_deg": 6.0, "type": "متوسط"}}, {"type": "Feature", "geometry": {"type": "MultiPolygon", "coordinates": [[[[0.5823436235356335, 36.604024711686435], [0.5801952253457799, 36.61887006062871], [0.5821746052047497, 36.61915651372068], [0.5843230033946033, 36.60431116477841], [0.5823436235356335, 36.604024711686435]]], [[[0.5804687825453136, 36.62396173682212], [0.5782158454868103, 36.61858360753673], [0.5841539850637194, 36.61944296681266], [0.5804687825453136, 36.62396173682212]]]]}, "properties": {"speed": 0.33, "dir_deg": 351.8, "type": "متوسط"}}, {"type": "Feature", "geometry": {"type": "MultiPolygon", "coordinates": [[[[0.6241053248209684, 36.603721220957155], [0.6174045656919187, 36.61714134864263], [0.619193916049982, 36.61803478319317], [0.6258946751790316, 36.60461465550769], [0.6241053248209684, 36.603721220957155]]], [[[0.6160656544946005, 36.62206144181305], [0.6156152153338553, 36.61624791409209], [0.6209832664080454, 36.61892821774371], [0.6160656544946005, 36.62206144181305]]]]}, "properties": {"speed": 0.3173, "dir_deg": 333.5, "type": "متوسط"}}, {"type": "Feature", "geometry": {"type": "MultiPolygon", "coordinates": [[[[0.6658448204470144, 36.60359825750288], [0.6572996095038531, 36.61592624882089], [0.6589433416795875, 36.61706561027997], [0.6674885526227488, 36.60473761896196], [0.6658448204470144, 36.60359825750288]]], [[[0.6552730719439999, 36.620605259989766], [0.6556558773281187, 36.6147868873618], [0.6605870738553219, 36.61820497173906], [0.6552730719439999, 36.620605259989766]]]]}, "properties": {"speed": 0.4251, "dir_deg": 325.3, "type": "متوسط"}}, {"type": "Feature", "geometry": {"type": "MultiPolygon", "coordinates": [[[[0.7075602449472888, 36.60353361570662], [0.6980454070602485, 36.61512964347406], [0.6995915440959078, 36.61639828852567], [0.7091063819829481, 36.60480226075823], [0.7075602449472888, 36.60353361570662]]], [[[0.6956468629490647, 36.61962930858901], [0.6964992700245893, 36.61386099842246], [0.701137681131567, 36.617666933577276], [0.6956468629490647, 36.61962930858901]]]]}, "properties": {"speed": 0.6067, "dir_deg": 320.6, "type": "قوي"}}, {"type": "Feature", "geometry": {"type": "MultiPolygon", "coordinates": [[[[0.7493060729249025, 36.603447892946036], [0.7385053936291135, 36.6138567990725], [0.7398932477793085, 36.61529688964527], [0.7506939270750975, 36.60488798351881], [0.7493060729249025, 36.603447892946036]]], [[[0.7355990942722814, 36.618046479734375], [0.7371175394789184, 36.61241670849973], [0.7412811019295036, 36.61673698021804], [0.7355990942722814, 36.618046479734375]]]]}, "properties": {"speed": 0.723, "dir_deg": 313.9, "type": "قوي"}}, {"type": "Feature", "geometry": {"type": "MultiPolygon", "coordinates": [[[[0.7910469712351265, 36.60338311153356], [0.7792745707521702, 36.61267884102989], [0.7805140013516805, 36.61424849442761], [0.7922864018346367, 36.604952764931284], [0.7910469712351265, 36.60338311153356]]], [[[0.7759701525576066, 36.616562244227524], [0.7780351401526598, 36.61110918763216], [0.7817534319511908, 36.615818147825344], [0.7759701525576066, 36.616562244227524]]]]}, "properties": {"speed": 0.7554, "dir_deg": 308.3, "type": "قوي"}}, {"type": "Feature", "geometry": {"type": "MultiPolygon", "coordinates": [[[[0.8327713345992502, 36.60334078664153], [0.8203640607358489, 36.611770469629555], [0.8214880184675852, 36.613424772811335], [0.8338952923309866, 36.60499508982331], [0.8327713345992502, 36.60334078664153]]], [[[0.81679028164725, 36.615407515549784], [0.8192401030041125, 36.61011616644777], [0.8226119761993216, 36.61507907599312], [0.81679028164725, 36.615407515549784]]]]}, "properties": {"speed": 0.7308, "dir_deg": 304.2, "type": "قوي"}}, {"type": "Feature", "geometry": {"type": "MultiPolygon", "coordinates": [[[[0.874520143155168, 36.60329059143185], [0.8613599411466398, 36.610488444104334], [0.8623196548363038, 36.61224313770548], [0.875479856844832, 36.60504528503299], [0.874520143155168, 36.60329059143185]]], [[[0.8574530639886291, 36.61376507512906], [0.8604002274569758, 36.6087337505032], [0.8632793685259679, 36.61399783130661], [0.8574530639886291, 36.61376507512906]]]]}, "properties": {"speed": 0.6466, "dir_deg": 298.7, "type": "قوي"}}, {"type": "Feature", "geometry": {"type": "MultiPolygon", "coordinates": [[[[0.9162583655783749, 36.60325509980396], [0.9025657891514406, 36.60937991415156], [0.9033824310644539, 36.611205591008485], [0.9170750074913883, 36.605080776660884], [0.9162583655783749, 36.60325509980396]]], [[[0.8984099179656359, 36.612334357362556], [0.9017491472384274, 36.607554237294636], [0.9041990729774672, 36.61303126786541], [0.8984099179656359, 36.612334357362556]]]]}, "properties": {"speed": 0.5447, "dir_deg": 294.1, "type": "قوي"}}, {"type": "Feature", "geometry": {"type": "MultiPolygon", "coordinates": [[[[0.9580455986288331, 36.60321022210904], [0.9436798567781384, 36.60752594465332], [0.944255286450709, 36.60944137690008], [0.9586210283014037, 36.6051256543558], [0.9580455986288331, 36.60321022210904]]], [[[0.9391789909975254, 36.60992223495813], [0.9431044271055679, 36.60561051240656], [0.9448307161232795, 36.61135680914684], [0.9391789909975254, 36.60992223495813]]]]}, "properties": {"speed": 0.4397, "dir_deg": 286.7, "type": "قوي"}}, {"type": "Feature", "geometry": {"type": "MultiPolygon", "coordinates": [[[[0.9998510105127321, 36.6031790994525], [0.9850184288138566, 36.60541394176152], [0.9853164077883925, 36.60739161932137], [1.000148989487268, 36.60515677701235], [0.9998510105127321, 36.6031790994525]]], [[[0.9802232244014993, 36.60714772797778], [0.9847204498393206, 36.60343626420167], [0.9856143867629285, 36.60936929688122], [0.9802232244014993, 36.60714772797778]]]]}, "properties": {"speed": 0.3435, "dir_deg": 278.6, "type": "متوسط"}}, {"type": "Feature", "geometry": {"type": "MultiPolygon", "coordinates": [[[[-0.4174990546569132, 36.646386240164425], [-0.40918637870421853, 36.65887220902974], [-0.4075215828555105, 36.657763852236044], [-0.4158342588082052, 36.64527788337073], [-0.4174990546569132, 36.646386240164425]]], [[[-0.40558308879563293, 36.662480020254655], [-0.4108511745529265, 36.65998056582343], [-0.4058567870068025, 36.65665549544235], [-0.40558308879563293, 36.662480020254655]]]]}, "properties": {"speed": 0.0392, "dir_deg": 33.7, "type": "ضعيف"}}, {"type": "Feature", "geometry": {"type": "MultiPolygon", "coordinates": [[[[-0.37575202934188157, 36.64649119139743], [-0.36586508489409725, 36.657771631525655], [-0.3643610262103341, 36.65645337226595], [-0.37424797065811843, 36.645172932137726], [-0.37575202934188157, 36.64649119139743]]], [[[-0.36181740740295426, 36.660872648605206], [-0.3673691435778603, 36.65908989078536], [-0.36285696752657104, 36.655135113006246], [-0.36181740740295426, 36.660872648605206]]]]}, "properties": {"speed": 0.0186, "dir_deg": 41.2, "type": "ضعيف"}}, {"type": "Feature", "geometry": {"type": "MultiPolygon", "coordinates": [[[[-0.3341397252940935, 36.64642345675157], [-0.32526880053420676, 36.65851918715136], [-0.3236560364809013, 36.65733639718338], [-0.33252696124078807, 36.645240666783586], [-0.3341397252940935, 36.64642345675157]]], [[[-0.3215054435875918, 36.661959702300635], [-0.3268815645875122, 36.65970197711935], [-0.32204327242759584, 36.656153607215394], [-0.3215054435875918, 36.661959702300635]]]]}, "properties": {"speed": 0.0125, "dir_deg": 36.3, "type": "ضعيف"}}, {"type": "Feature", "geometry": {"type": "MultiPolygon", "coordinates": [[[[-0.2915314926440351, 36.64682288499559], [-0.2766691442238148, 36.64479542366773], [-0.276939472400863, 36.6428137772117], [-0.2918018208210833, 36.64484123853956], [-0.2915314926440351, 36.64682288499559]]], [[[-0.2718501921722654, 36.6431287799971], [-0.2763988160467666, 36.64677707012376], [-0.27720980057791117, 36.64083213075567], [-0.2718501921722654, 36.6431287799971]]]]}, "properties": {"speed": 0.0054, "dir_deg": 97.8, "type": "ضعيف"}}, {"type": "Feature", "geometry": {"type": "MultiPolygon", "coordinates": [[[[-0.24955147683284146, 36.646725832973495], [-0.23614490874412228, 36.63999798546612], [-0.23704195507843936, 36.638210443054284], [-0.25044852316715854, 36.64493829056166], [-0.24955147683284146, 36.646725832973495]]], [[[-0.23212457588170776, 36.63686159842441], [-0.23524786240980516, 36.64178552787794], [-0.23793900141275648, 36.63642290064246], [-0.23212457588170776, 36.63686159842441]]]]}, "properties": {"speed": 0.0054, "dir_deg": 116.6, "type": "ضعيف"}}, {"type": "Feature", "geometry": {"type": "MultiPolygon", "coordinates": [[[[-0.20754080616804157, 36.6464419048337], [-0.19839316017617592, 36.63455407186013], [-0.19997820457265197, 36.633334385727885], [-0.20912585056451763, 36.645222218701456], [-0.20754080616804157, 36.6464419048337]]], [[[-0.19613646704379203, 36.62998161780282], [-0.1968081157796999, 36.63577375799238], [-0.201563248969128, 36.63211469959563], [-0.19613646704379203, 36.62998161780282]]]]}, "properties": {"speed": 0.0066, "dir_deg": 142.4, "type": "ضعيف"}}, {"type": "Feature", "geometry": {"type": "MultiPolygon", "coordinates": [[[[-0.16632560767330917, 36.64677210185976], [-0.1522250062905866, 36.64165614245359], [-0.15290713421140906, 36.63977606226923], [-0.16700773559413162, 36.644892021675396], [-0.16632560767330917, 36.64677210185976]]], [[[-0.1478658697900903, 36.63901078255935], [-0.15154287836976416, 36.643536222637955], [-0.1535892621322315, 36.63789598208486], [-0.1478658697900903, 36.63901078255935]]]]}, "properties": {"speed": 0.0021, "dir_deg": 109.9, "type": "ضعيف"}}, {"type": "Feature", "geometry": {"type": "MultiPolygon", "coordinates": [[[[-0.12597385077224743, 36.64560487313803], [-0.12938168021537497, 36.660212634721745], [-0.1274339786708801, 36.660667011980834], [-0.12402614922775258, 36.64605925039712], [-0.12597385077224743, 36.64560487313803]]], [[[-0.12954377259083671, 36.66530907721253], [-0.1313293817598698, 36.65975825746266], [-0.12548627712638527, 36.661121389239916], [-0.12954377259083671, 36.66530907721253]]]]}, "properties": {"speed": 0.0058, "dir_deg": 346.9, "type": "ضعيف"}}, {"type": "Feature", "geometry": {"type": "MultiPolygon", "coordinates": [[[[-0.08425871945480906, 36.64545302994488], [-0.08994419679525467, 36.65933378451412], [-0.08809342951935695, 36.66009184815951], [-0.08240795217891134, 36.646211093590274], [-0.08425871945480906, 36.64545302994488]]], [[[-0.09091397227078767, 36.66433973452656], [-0.09179496407115238, 36.658575720868726], [-0.08624266224345924, 36.6608499118049], [-0.09091397227078767, 36.66433973452656]]]]}, "properties": {"speed": 0.0144, "dir_deg": 337.7, "type": "ضعيف"}}, {"type": "Feature", "geometry": {"type": "MultiPolygon", "coordinates": [[[[-0.04258589953890825, 36.64543834459812], [-0.048491657080825284, 36.65922681905529], [-0.04665319381986899, 36.66001425339421], [-0.04074743627795195, 36.64622577893704], [-0.04258589953890825, 36.64543834459812]]], [[[-0.049541011297652815, 36.66421669437714], [-0.050330120341781574, 36.65843938471637], [-0.0448147305589127, 36.660801687733134], [-0.049541011297652815, 36.66421669437714]]]]}, "properties": {"speed": 0.0259, "dir_deg": 336.8, "type": "ضعيف"}}, {"type": "Feature", "geometry": {"type": "MultiPolygon", "coordinates": [[[[-0.0008811987266378745, 36.64535931574256], [-0.007972389101931179, 36.65857729664213], [-0.0062099916486554295, 36.659522788692165], [0.0008811987266378745, 36.646304807792596], [-0.0008811987266378745, 36.64535931574256]]], [[[-0.009454920500391073, 36.66345603630034], [-0.009734786555206928, 36.657631804592086], [-0.00444759419537968, 36.66046828074221], [-0.009454920500391073, 36.66345603630034]]]]}, "properties": {"speed": 0.0331, "dir_deg": 331.8, "type": "ضعيف"}}, {"type": "Feature", "geometry": {"type": "MultiPolygon", "coordinates": [[[[0.04080354029999254, 36.645327075894954], [0.033228752210587596, 36.65827399002152], [0.03495500742746272, 36.65928396176677], [0.04252979551686766, 36.6463370476402], [0.04080354029999254, 36.645327075894954]]], [[[0.03156695045589018, 36.66309461393633], [0.031502496993712464, 36.657264018276265], [0.03668126264433785, 36.66029393351202], [0.03156695045589018, 36.66309461393633]]]]}, "properties": {"speed": 0.0385, "dir_deg": 329.7, "type": "ضعيف"}}, {"type": "Feature", "geometry": {"type": "MultiPolygon", "coordinates": [[[[0.08245822784308221, 36.645348134051666], [0.07519931210436542, 36.65847475365834], [0.0769495280519214, 36.65944260909016], [0.08420844379063819, 36.64631598948349], [0.08245822784308221, 36.645348134051666]]], [[[0.07365478149857115, 36.66333422124314], [0.07344909615680945, 36.65750689822651], [0.07869974399947738, 36.660410464521995], [0.07365478149857115, 36.66333422124314]]]]}, "properties": {"speed": 0.0426, "dir_deg": 331.1, "type": "ضعيف"}}, {"type": "Feature", "geometry": {"type": "MultiPolygon", "coordinates": [[[[0.12407245227709852, 36.64545835704224], [0.11846688139702174, 36.65937157288576], [0.1203219768428247, 36.66011898233644], [0.12592754772290146, 36.64620576649292], [0.12407245227709852, 36.64545835704224]]], [[[0.11752590549323096, 36.66438301622561], [0.1166117859512188, 36.658624163435086], [0.12217707228862765, 36.66086639178712], [0.11752590549323096, 36.66438301622561]]]]}, "properties": {"speed": 0.0505, "dir_deg": 338.1, "type": "ضعيف"}}, {"type": "Feature", "geometry": {"type": "MultiPolygon", "coordinates": [[[[0.16569125871410956, 36.64561167656786], [0.16238548071828882, 36.660242870362026], [0.1643363065575105, 36.66068364076146], [0.16764208455333124, 36.646052446967296], [0.16569125871410956, 36.64561167656786]]], [[[0.16225896763929273, 36.66534032015979], [0.1604346548790671, 36.65980209996258], [0.1662871323967322, 36.661124411160905], [0.16225896763929273, 36.66534032015979]]]]}, "properties": {"speed": 0.0617, "dir_deg": 347.3, "type": "ضعيف"}}, {"type": "Feature", "geometry": {"type": "MultiPolygon", "coordinates": [[[[0.2073343668693164, 36.64578649941925], [0.20665093164442308, 36.6607709218737], [0.2086488546383495, 36.66086204657035], [0.20933228986324282, 36.645877624115904], [0.2073343668693164, 36.64578649941925]]], [[[0.20742208139975518, 36.665811291706845], [0.20465300865049663, 36.660679797177046], [0.21064677763227596, 36.660953171267], [0.20742208139975518, 36.665811291706845]]]]}, "properties": {"speed": 0.0855, "dir_deg": 357.4, "type": "ضعيف"}}, {"type": "Feature", "geometry": {"type": "MultiPolygon", "coordinates": [[[[0.24900353763918992, 36.6459161020168], [0.2502641413774746, 36.660863037428946], [0.25225706609909476, 36.660694956930506], [0.2509964623608101, 36.64574802151836], [0.24900353763918992, 36.6459161020168]]], [[[0.25168080498437956, 36.66576130898378], [0.24827121665585442, 36.661031117927386], [0.2542499908207149, 36.660526876432066], [0.25168080498437956, 36.66576130898378]]]]}, "properties": {"speed": 0.1226, "dir_deg": 4.8, "type": "ضعيف"}}, {"type": "Feature", "geometry": {"type": "MultiPolygon", "coordinates": [[[[0.29067974936735097, 36.645993349871596], [0.2930990709276207, 36.66079696034972], [0.2950728856580372, 36.660474384141686], [0.29265356409776744, 36.64567077366356], [0.29067974936735097, 36.645993349871596]]], [[[0.29489241881291883, 36.665570209071745], [0.2911252561972042, 36.661119536557756], [0.2970467003884537, 36.66015180793365], [0.29489241881291883, 36.665570209071745]]]]}, "properties": {"speed": 0.1729, "dir_deg": 9.3, "type": "ضعيف"}}, {"type": "Feature", "geometry": {"type": "MultiPolygon", "coordinates": [[[[0.33235165754637286, 36.64602256936599], [0.33520927152249946, 36.66074785518201], [0.33717264296463534, 36.66036683998519], [0.33431502898850873, 36.64564155416917], [0.33235165754637286, 36.64602256936599]]], [[[0.3371434952356096, 36.66546577618894], [0.33324590008036364, 36.661128870378825], [0.33913601440677116, 36.65998582478837], [0.3371434952356096, 36.66546577618894]]]]}, "properties": {"speed": 0.2342, "dir_deg": 11.0, "type": "متوسط"}}, {"type": "Feature", "geometry": {"type": "MultiPolygon", "coordinates": [[[[0.3740154422890687, 36.64600712208246], [0.37664134701226265, 36.66077548774643], [0.37861046243412527, 36.660425367116666], [0.3759845577109313, 36.6456570014527], [0.3740154422890687, 36.64600712208246]]], [[[0.37850120629759193, 36.665523215986205], [0.3746722315904001, 36.66112560837619], [0.38057957785598784, 36.660075246486905], [0.37850120629759193, 36.665523215986205]]]]}, "properties": {"speed": 0.3047, "dir_deg": 10.1, "type": "متوسط"}}, {"type": "Feature", "geometry": {"type": "MultiPolygon", "coordinates": [[[[0.41567904779237136, 36.645988996726274], [0.41803307217281516, 36.660803130829095], [0.42000829005319085, 36.6604892609117], [0.41765426567274705, 36.64567512680888], [0.41567904779237136, 36.645988996726274]]], [[[0.41980535590648427, 36.665584240571334], [0.4160578542924394, 36.661117000746486], [0.4219835079335666, 36.66017539099431], [0.41980535590648427, 36.665584240571334]]]]}, "properties": {"speed": 0.3489, "dir_deg": 9.0, "type": "متوسط"}}, {"type": "Feature", "geometry": {"type": "MultiPolygon", "coordinates": [[[[0.45734930026010895, 36.64600999253985], [0.46001826184419026, 36.66077063764983], [0.46198634785885395, 36.660414776105284], [0.45931738627477264, 36.645654130995304], [0.45734930026010895, 36.64600999253985]]], [[[0.4618919587128825, 36.665512921914214], [0.4580501758295266, 36.661126499194374], [0.4639544338735176, 36.66005891456074], [0.4618919587128825, 36.665512921914214]]]]}, "properties": {"speed": 0.3359, "dir_deg": 10.2, "type": "متوسط"}}, {"type": "Feature", "geometry": {"type": "MultiPolygon", "coordinates": [[[[0.49901311875592513, 36.645993509623224], [0.5014348365906388, 36.660796728284346], [0.5034085990787885, 36.660473832573054], [0.5009868812440749, 36.64567061391193], [0.49901311875592513, 36.645993509623224]]], [[[0.5032289571129516, 36.66556968664908], [0.499461074102489, 36.661119623995646], [0.5053823615669384, 36.660150936861754], [0.5032289571129516, 36.66556968664908]]]]}, "properties": {"speed": 0.3614, "dir_deg": 9.3, "type": "متوسط"}}, {"type": "Feature", "geometry": {"type": "MultiPolygon", "coordinates": [[[[0.5406688719888633, 36.645898138478714], [0.5416600226558609, 36.66086535666899], [0.5436556517478975, 36.66073320324672], [0.5426645010808999, 36.64576598505644], [0.5406688719888633, 36.645898138478714]]], [[[0.542988220757545, 36.66578835268795], [0.5396643935638241, 36.660997510091256], [0.5456512808399343, 36.66060104982446], [0.542988220757545, 36.66578835268795]]]]}, "properties": {"speed": 0.3925, "dir_deg": 3.8, "type": "متوسط"}}, {"type": "Feature", "geometry": {"type": "MultiPolygon", "coordinates": [[[[0.5823445628424878, 36.64568248835334], [0.5801009616288769, 36.6605137476928], [0.5820784628741381, 36.66081289452128], [0.584322064087749, 36.64598163518182], [0.5823445628424878, 36.64568248835334]]], [[[0.580341845180304, 36.66560707422019], [0.5781234603836157, 36.660214600864315], [0.5840559641193993, 36.66111204134976], [0.580341845180304, 36.66560707422019]]]]}, "properties": {"speed": 0.3656, "dir_deg": 351.4, "type": "متوسط"}}, {"type": "Feature", "geometry": {"type": "MultiPolygon", "coordinates": [[[[0.6240729261823013, 36.645457182938436], [0.6184497437451993, 36.65936329020392], [0.6203038913805968, 36.660113047862204], [0.6259270738176987, 36.64620694059672], [0.6240729261823013, 36.645457182938436]]], [[[0.6175024234171974, 36.66437353812155], [0.6165955961098019, 36.658613532545644], [0.6221580390159943, 36.66086280552048], [0.6175024234171974, 36.66437353812155]]]]}, "properties": {"speed": 0.3775, "dir_deg": 338.0, "type": "متوسط"}}, {"type": "Feature", "geometry": {"type": "MultiPolygon", "coordinates": [[[[0.6657714700686119, 36.64538643021739], [0.6590869968158487, 36.65881467721144], [0.660877429748388, 36.65970594031181], [0.6675619030011513, 36.646277693317764], [0.6657714700686119, 36.64538643021739]]], [[[0.6577540555311973, 36.663736391092975], [0.6572965638833093, 36.657923414111075], [0.6626678626809275, 36.66059720341217], [0.6577540555311973, 36.663736391092975]]]]}, "properties": {"speed": 0.5385, "dir_deg": 333.5, "type": "قوي"}}, {"type": "Feature", "geometry": {"type": "MultiPolygon", "coordinates": [[[[0.7074877436195887, 36.64529819695667], [0.699479771455898, 36.65798174463961], [0.7011709111469575, 36.65904947426144], [0.7091788833106482, 36.64636592657849], [0.7074877436195887, 36.64529819695667]]], [[[0.6976560172468642, 36.66274345867817], [0.6977886317648386, 36.65691401501779], [0.7028620508380169, 36.66011720388326], [0.6976560172468642, 36.66274345867817]]]]}, "properties": {"speed": 0.7074, "dir_deg": 327.7, "type": "قوي"}}, {"type": "Feature", "geometry": {"type": "MultiPolygon", "coordinates": [[[[0.7492264898948312, 36.64519827780028], [0.7397197303853872, 36.656800929377816], [0.7412667505957248, 36.65806849731241], [0.7507735101051688, 36.64646584573487], [0.7492264898948312, 36.64519827780028]]], [[[0.7373243206540747, 36.66130226387095], [0.7381727101750497, 36.655533361443226], [0.7428137708060623, 36.659336065247], [0.7373243206540747, 36.66130226387095]]]]}, "properties": {"speed": 0.7663, "dir_deg": 320.7, "type": "قوي"}}, {"type": "Feature", "geometry": {"type": "MultiPolygon", "coordinates": [[[[0.7909609296214839, 36.6451236076906], [0.7803341184667647, 36.655709961391565], [0.7817456322935601, 36.65712686954552], [0.7923724434482793, 36.646540515844556], [0.7909609296214839, 36.6451236076906]]], [[[0.777497604995256, 36.65994720003553], [0.7789226046399694, 36.6542930532376], [0.7831571461203554, 36.658543777699485], [0.777497604995256, 36.65994720003553]]]]}, "properties": {"speed": 0.7136, "dir_deg": 314.9, "type": "قوي"}}, {"type": "Feature", "geometry": {"type": "MultiPolygon", "coordinates": [[[[0.8326673550016492, 36.64508607294398], [0.8214775226476723, 36.65507544989602], [0.8228094395746106, 36.65656742754321], [0.8339992719285876, 36.646578050591174], [0.8326673550016492, 36.64508607294398]]], [[[0.8184135369931491, 36.65915123103696], [0.820145605720734, 36.65358347224882], [0.8241413565015488, 36.65805940519041], [0.8184135369931491, 36.65915123103696]]]]}, "properties": {"speed": 0.6209, "dir_deg": 311.8, "type": "قوي"}}, {"type": "Feature", "geometry": {"type": "MultiPolygon", "coordinates": [[[[0.8744122296383188, 36.64502303395475], [0.8622768124459005, 36.65383958937997], [0.8634523531692629, 36.655457645005626], [0.8755877703616812, 36.646641089580406], [0.8744122296383188, 36.64502303395475]]], [[[0.8588194437434423, 36.6575874690012], [0.8611012717225379, 36.652221533754314], [0.8646278938926255, 36.65707570063128], [0.8588194437434423, 36.6575874690012]]]]}, "properties": {"speed": 0.4958, "dir_deg": 306.0, "type": "قوي"}}, {"type": "Feature", "geometry": {"type": "MultiPolygon", "coordinates": [[[[0.9161683421633745, 36.64496508259402], [0.9031636545599707, 36.65244024816663], [0.9041603433029849, 36.654174206513744], [0.9171650309063887, 36.64669904094114], [0.9161683421633745, 36.64496508259402]]], [[[0.8993271030636766, 36.65579894919772], [0.9021669658169565, 36.6507062898195], [0.9051570320459991, 36.65590816486087], [0.8993271030636766, 36.65579894919772]]]]}, "properties": {"speed": 0.3797, "dir_deg": 299.9, "type": "متوسط"}}, {"type": "Feature", "geometry": {"type": "MultiPolygon", "coordinates": [[[[0.9580573227216539, 36.64487090147422], [0.9436399183213316, 36.64901076262619], [0.9441918998082607, 36.650933083212905], [0.9586093042085829, 36.646793222060936], [0.9580573227216539, 36.64487090147422]]], [[[0.939110107598022, 36.651351876636866], [0.9430879368344027, 36.64708844203948], [0.9447438812951896, 36.65285540379961], [0.939110107598022, 36.651351876636866]]]]}, "properties": {"speed": 0.2683, "dir_deg": 286.0, "type": "متوسط"}}, {"type": "Feature", "geometry": {"type": "MultiPolygon", "coordinates": [[[[1.0000859410409344, 36.64483576154301], [0.9851414376723474, 36.64354664592899], [0.9849695555904788, 36.645539246378135], [0.9999140589590657, 36.64682836199215], [1.0000859410409344, 36.64483576154301]]], [[[0.9800739955085509, 36.64411324094889], [0.9853133197542161, 36.64155404547984], [0.9847976735086101, 36.647531846827285], [0.9800739955085509, 36.64411324094889]]]]}, "properties": {"speed": 0.1872, "dir_deg": 265.1, "type": "ضعيف"}}, {"type": "Feature", "geometry": {"type": "MultiPolygon", "coordinates": [[[[-0.4173086188502912, 36.68673326364414], [-0.4288096641881871, 36.69636269541012], [-0.42752573995272314, 36.69789616812184], [-0.4160246946148272, 36.68826673635586], [-0.4173086188502912, 36.68673326364414]]], [[[-0.43200138384975373, 36.70033924235464], [-0.4300935884236511, 36.6948292226984], [-0.42624181571725916, 36.69942964083356], [-0.43200138384975373, 36.70033924235464]]]]}, "properties": {"speed": 0.0605, "dir_deg": 309.9, "type": "ضعيف"}}, {"type": "Feature", "geometry": {"type": "MultiPolygon", "coordinates": [[[[-0.375487016738037, 36.686626607363856], [-0.38858790628020734, 36.69393185843441], [-0.3876138728041333, 36.6956786437067], [-0.374512983261963, 36.688373392636144], [-0.375487016738037, 36.686626607363856]]], [[[-0.39246785272289375, 36.69724033476074], [-0.3895619397562814, 36.69218507316212], [-0.38663983932805923, 36.69742542897899], [-0.39246785272289375, 36.69724033476074]]]]}, "properties": {"speed": 0.0515, "dir_deg": 299.1, "type": "ضعيف"}}, {"type": "Feature", "geometry": {"type": "MultiPolygon", "coordinates": [[[[-0.3337291927053727, 36.68658168457353], [-0.3475039241023918, 36.69251942614251], [-0.34671222522652795, 36.694356056995446], [-0.3329374938295089, 36.68841831542647], [-0.3337291927053727, 36.68658168457353]]], [[[-0.3516996517967996, 36.69541698875864], [-0.3482956229782556, 36.690682795289575], [-0.3459205263506641, 36.69619268784838], [-0.3516996517967996, 36.69541698875864]]]]}, "properties": {"speed": 0.0475, "dir_deg": 293.3, "type": "ضعيف"}}, {"type": "Feature", "geometry": {"type": "MultiPolygon", "coordinates": [[[[-0.29182136140020837, 36.68651203923873], [-0.30664077281924595, 36.68883260925347], [-0.3063313634839476, 36.69080853077601], [-0.29151195206491004, 36.68848796076127], [-0.29182136140020837, 36.68651203923873]]], [[[-0.3114258719579427, 36.690594093352985], [-0.3069501821545443, 36.68685668773093], [-0.3060219541486493, 36.69278445229855], [-0.3114258719579427, 36.690594093352985]]]]}, "properties": {"speed": 0.0427, "dir_deg": 278.9, "type": "ضعيف"}}, {"type": "Feature", "geometry": {"type": "MultiPolygon", "coordinates": [[[[-0.25005949336569006, 36.68650177129903], [-0.26503292388022964, 36.687394171784376], [-0.26491393714884953, 36.68939062918632], [-0.24994050663430992, 36.68849822870097], [-0.25005949336569006, 36.68650177129903]]], [[[-0.2699645740193861, 36.688689867313805], [-0.2651519106116098, 36.68539771438244], [-0.26479495041746937, 36.69138708658826], [-0.2699645740193861, 36.688689867313805]]]]}, "properties": {"speed": 0.04, "dir_deg": 273.4, "type": "ضعيف"}}, {"type": "Feature", "geometry": {"type": "MultiPolygon", "coordinates": [[[[-0.20831436079100865, 36.68650017990064], [-0.22331166228143942, 36.68621566627158], [-0.22334959743198132, 36.6882153064703], [-0.20835229594155055, 36.68849982009936], [-0.20831436079100865, 36.68650017990064]]], [[[-0.2283297303535206, 36.687120648494584], [-0.22327372713089752, 36.68421602607285], [-0.22338753258252322, 36.69021494666902], [-0.2283297303535206, 36.687120648494584]]]]}, "properties": {"speed": 0.0364, "dir_deg": 268.9, "type": "ضعيف"}}, {"type": "Feature", "geometry": {"type": "MultiPolygon", "coordinates": [[[[-0.16671830202866553, 36.68650133373827], [-0.18169829595461578, 36.68727578966245], [-0.18159503516472553, 36.68927312218591], [-0.16661504123877527, 36.68849866626173], [-0.16671830202866553, 36.68650133373827]]], [[[-0.18663999686832075, 36.6885326078989], [-0.18180155674450607, 36.68527845713899], [-0.18149177437483524, 36.69127045470937], [-0.18663999686832075, 36.6885326078989]]]]}, "properties": {"speed": 0.0312, "dir_deg": 273.0, "type": "ضعيف"}}, {"type": "Feature", "geometry": {"type": "MultiPolygon", "coordinates": [[[[-0.1252216093179928, 36.68652486446574], [-0.13984864233190994, 36.68984900423563], [-0.13940542369592432, 36.691799275304156], [-0.12477839068200719, 36.68847513553426], [-0.1252216093179928, 36.68652486446574]]], [[[-0.14450271068522283, 36.69193218635986], [-0.14029186096789556, 36.68789873316711], [-0.1389622050599387, 36.69374954637268], [-0.14450271068522283, 36.69193218635986]]]]}, "properties": {"speed": 0.025, "dir_deg": 282.8, "type": "ضعيف"}}, {"type": "Feature", "geometry": {"type": "MultiPolygon", "coordinates": [[[[-0.08388242419486856, 36.68666423570719], [-0.09641888858701811, 36.69490056137732], [-0.09532071183100138, 36.696572089962935], [-0.08278424743885184, 36.68833576429281], [-0.08388242419486856, 36.68666423570719]]], [[[-0.10004862167305958, 36.69848176756017], [-0.09751706534303482, 36.6932290327917], [-0.09422253507498467, 36.69824361854855], [-0.10004862167305958, 36.69848176756017]]]]}, "properties": {"speed": 0.0203, "dir_deg": 303.3, "type": "ضعيف"}}, {"type": "Feature", "geometry": {"type": "MultiPolygon", "coordinates": [[[[-0.04254036204384457, 36.687013524350306], [-0.049837496789210824, 36.70011893638152], [-0.04809010851838188, 36.70109188768091], [-0.04079297377301563, 36.687986475649694], [-0.04254036204384457, 36.687013524350306]]], [[[-0.05139618090225177, 36.70497388270829], [-0.05158488506003976, 36.69914598508214], [-0.04634272024755294, 36.70206483898029], [-0.05139618090225177, 36.70497388270829]]]]}, "properties": {"speed": 0.0213, "dir_deg": 330.9, "type": "ضعيف"}}, {"type": "Feature", "geometry": {"type": "MultiPolygon", "coordinates": [[[[-0.000976145058076783, 36.68728288061903], [-0.004232935772608746, 36.70192505649018], [-0.00228064565645518, 36.70235929525212], [0.000976145058076783, 36.68771711938097], [-0.000976145058076783, 36.68728288061903]]], [[[-0.004342387619375951, 36.70702290116154], [-0.006185225888762312, 36.70149081772825], [-0.000328355540301614, 36.702793534014056], [-0.004342387619375951, 36.70702290116154]]]]}, "properties": {"speed": 0.0255, "dir_deg": 347.5, "type": "ضعيف"}}, {"type": "Feature", "geometry": {"type": "MultiPolygon", "coordinates": [[[[0.04067027269479838, 36.687415167351496], [0.03939778296727477, 36.70236109555597], [0.041390573394538215, 36.70253076085298], [0.04266306312206182, 36.687584832648504], [0.04067027269479838, 36.687415167351496]]], [[[0.03997001493839863, 36.707427904272635], [0.037404992540011325, 36.70219143025897], [0.04338336382180166, 36.70270042614998], [0.03997001493839863, 36.707427904272635]]]]}, "properties": {"speed": 0.0294, "dir_deg": 355.1, "type": "ضعيف"}}, {"type": "Feature", "geometry": {"type": "MultiPolygon", "coordinates": [[[[0.0823336714640916, 36.687474092823315], [0.08194506381383543, 36.70246905811484], [0.08394439251937263, 36.70252087246821], [0.0843330001696288, 36.687525907176685], [0.0823336714640916, 36.687474092823315]]], [[[0.08281519228318532, 36.70749328705537], [0.07994573510829821, 36.702417243761474], [0.08594372122490986, 36.70257268682158], [0.08281519228318532, 36.70749328705537]]]]}, "properties": {"speed": 0.034, "dir_deg": 358.5, "type": "ضعيف"}}, {"type": "Feature", "geometry": {"type": "MultiPolygon", "coordinates": [[[[0.12400029838256373, 36.687524426954276], [0.12436670269673557, 36.70251995121582], [0.1263661059316081, 36.70247109730727], [0.12599970161743626, 36.687475573045724], [0.12400029838256373, 36.687524426954276]]], [[[0.12548853908556246, 36.70749403234873], [0.12236729946186303, 36.70256880512438], [0.12836550916648065, 36.70242224339871], [0.12548853908556246, 36.70749403234873]]]]}, "properties": {"speed": 0.0395, "dir_deg": 1.4, "type": "ضعيف"}}, {"type": "Feature", "geometry": {"type": "MultiPolygon", "coordinates": [[[[0.16566948316998403, 36.687574934423274], [0.16679349951906433, 36.70253276137932], [0.16878787644653706, 36.70238289253277], [0.16766386009745676, 36.687425065576726], [0.16566948316998403, 36.687574934423274]]], [[[0.1681653600991608, 36.707443769274725], [0.1647991225915916, 36.70268263022586], [0.1707822533740098, 36.702233023686226], [0.1681653600991608, 36.707443769274725]]]]}, "properties": {"speed": 0.0477, "dir_deg": 4.3, "type": "ضعيف"}}, {"type": "Feature", "geometry": {"type": "MultiPolygon", "coordinates": [[[[0.20734053760880816, 36.68761986038495], [0.2091384433829908, 36.70251172174702], [0.2111240248979337, 36.702272000977125], [0.20932611912375104, 36.68738013961505], [0.20734053760880816, 36.68761986038495]]], [[[0.2107305360651898, 36.70735581514943], [0.20715286186804793, 36.70275144251691], [0.21310960641287657, 36.702032280207234], [0.2107305360651898, 36.70735581514943]]]]}, "properties": {"speed": 0.0643, "dir_deg": 6.9, "type": "ضعيف"}}, {"type": "Feature", "geometry": {"type": "MultiPolygon", "coordinates": [[[[0.24901166485092835, 36.687652294560344], [0.2512960832560466, 36.702477321796415], [0.2532727535541899, 36.70217273267573], [0.25098833514907165, 36.687347705439656], [0.24901166485092835, 36.687652294560344]]], [[[0.25304589120682425, 36.707266702981435], [0.24931941295790327, 36.702781910917096], [0.2552494238523332, 36.701868143555046], [0.25304589120682425, 36.707266702981435]]]]}, "properties": {"speed": 0.0973, "dir_deg": 8.8, "type": "ضعيف"}}, {"type": "Feature", "geometry": {"type": "MultiPolygon", "coordinates": [[[[0.29068141830278027, 36.68767118772294], [0.2932492341469415, 36.70244976416962], [0.29521971100649935, 36.70210738872374], [0.29265189516233814, 36.68732881227706], [0.29068141830278027, 36.68767118772294]]], [[[0.2950904111914408, 36.70720476859558], [0.29127875728738367, 36.70279213961551], [0.29719018786605716, 36.70176501327785], [0.2950904111914408, 36.70720476859558]]]]}, "properties": {"speed": 0.1447, "dir_deg": 9.9, "type": "ضعيف"}}, {"type": "Feature", "geometry": {"type": "MultiPolygon", "coordinates": [[[[0.33234854861090934, 36.68767372243513], [0.33495438513784315, 36.7024456422831], [0.33692397445090605, 36.702098197412845], [0.33431813792397225, 36.68732627756487], [0.33234854861090934, 36.68767372243513]]], [[[0.3368077919700192, 36.70719589313063], [0.3329847958247803, 36.70279308715336], [0.3388935637639689, 36.70175075254259], [0.3368077919700192, 36.70719589313063]]]]}, "properties": {"speed": 0.211, "dir_deg": 10.0, "type": "ضعيف"}}, {"type": "Feature", "geometry": {"type": "MultiPolygon", "coordinates": [[[[0.3740117242729265, 36.68765267968849], [0.3763019196002743, 36.70247681559459], [0.3782784710544213, 36.70217145621761], [0.3759882757270735, 36.68734732031151], [0.3740117242729265, 36.68765267968849]]], [[[0.3780535937697971, 36.70726551454147], [0.3743253681461273, 36.702782174971574], [0.3802550225085683, 36.70186609684063], [0.3780535937697971, 36.70726551454147]]]]}, "properties": {"speed": 0.2954, "dir_deg": 8.8, "type": "متوسط"}}, {"type": "Feature", "geometry": {"type": "MultiPolygon", "coordinates": [[[[0.4156765992571355, 36.68764066341158], [0.41778655043085394, 36.70249152554293], [0.4197666653817013, 36.702210198719776], [0.4176567142079829, 36.68735933658842], [0.4156765992571355, 36.68764066341158]]], [[[0.41947992496418374, 36.707301149508474], [0.41580643548000656, 36.702772852366095], [0.4217467803325487, 36.70192887189661], [0.41947992496418374, 36.707301149508474]]]]}, "properties": {"speed": 0.3552, "dir_deg": 8.1, "type": "متوسط"}}, {"type": "Feature", "geometry": {"type": "MultiPolygon", "coordinates": [[[[0.4573456759681845, 36.68765656725705], [0.4596941848239131, 36.70247157674589], [0.46166951942242573, 36.70215844223179], [0.4593210105666971, 36.68734343274295], [0.4573456759681845, 36.68765656725705]]], [[[0.4614646884084123, 36.70725334598513], [0.45771885022540043, 36.70278471125999], [0.4636448540209384, 36.7018453077177], [0.4614646884084123, 36.70725334598513]]]]}, "properties": {"speed": 0.3529, "dir_deg": 9.0, "type": "متوسط"}}, {"type": "Feature", "geometry": {"type": "MultiPolygon", "coordinates": [[[[0.49900746544509517, 36.687621963754125], [0.5008369217569424, 36.7025099820777], [0.5028219908667522, 36.70226605456945], [0.5009925345549049, 36.687378036245875], [0.49900746544509517, 36.687621963754125]]], [[[0.502439275082463, 36.7073506910981], [0.4988518526471327, 36.702753909585944], [0.5048070599765618, 36.702022127061205], [0.502439275082463, 36.7073506910981]]]]}, "properties": {"speed": 0.3927, "dir_deg": 7.0, "type": "متوسط"}}, {"type": "Feature", "geometry": {"type": "MultiPolygon", "coordinates": [[[[0.5406674784019445, 36.68753978827808], [0.541264302573109, 36.70252791027214], [0.5432627188389831, 36.70244833371598], [0.5426658946678187, 36.68746021172192], [0.5406674784019445, 36.68753978827808]]], [[[0.5424624520964342, 36.707484162658744], [0.5392658863072348, 36.70260748682829], [0.5452611351048573, 36.702368757159824], [0.5424624520964342, 36.707484162658744]]]]}, "properties": {"speed": 0.4276, "dir_deg": 2.3, "type": "متوسط"}}, {"type": "Feature", "geometry": {"type": "MultiPolygon", "coordinates": [[[[0.5823430963686015, 36.687360464693484], [0.5802500667708056, 36.70221372114124], [0.5822305009638394, 36.702492791754274], [0.5843235305616353, 36.687639535306516], [0.5823430963686015, 36.687360464693484]]], [[[0.580542607334724, 36.70730434193034], [0.5782696325777716, 36.7019346505282], [0.5842109351568734, 36.702771862367314], [0.580542607334724, 36.70730434193034]]]]}, "properties": {"speed": 0.3972, "dir_deg": 352.0, "type": "متوسط"}}, {"type": "Feature", "geometry": {"type": "MultiPolygon", "coordinates": [[[[0.624050214341034, 36.687187098734384], [0.6193566953568296, 36.701433883618876], [0.6212562666747615, 36.70205968615011], [0.625949785658966, 36.687812901265616], [0.624050214341034, 36.687187098734384]]], [[[0.6187419746877274, 36.70649571317932], [0.6174571240388977, 36.70080808108765], [0.6231558379926934, 36.70268548868133], [0.6187419746877274, 36.70649571317932]]]]}, "properties": {"speed": 0.4347, "dir_deg": 341.8, "type": "قوي"}}, {"type": "Feature", "geometry": {"type": "MultiPolygon", "coordinates": [[[[0.6657299474031347, 36.68714997171678], [0.6604795231548317, 36.70120105869298], [0.6623530014183254, 36.701901115259425], [0.6676034256666284, 36.68785002828322], [0.6657299474031347, 36.68714997171678]]], [[[0.6596661208704776, 36.70623478263494], [0.6586060448913379, 36.70050100212654], [0.6642264796818192, 36.70260117182586], [0.6596661208704776, 36.70623478263494]]]]}, "properties": {"speed": 0.6214, "dir_deg": 339.5, "type": "قوي"}}, {"type": "Feature", "geometry": {"type": "MultiPolygon", "coordinates": [[[[0.7074295270358947, 36.6870720162499], [0.7010097707843718, 36.70062881268826], [0.7028173436428192, 36.70148478018846], [0.7092370998943421, 36.6879279837501], [0.7074295270358947, 36.6870720162499]]], [[[0.6997736384630879, 36.70557572858448], [0.6992021979259242, 36.69977284518805], [0.7046249165012668, 36.702340747688666], [0.6997736384630879, 36.70557572858448]]]]}, "properties": {"speed": 0.7452, "dir_deg": 334.7, "type": "قوي"}}, {"type": "Feature", "geometry": {"type": "MultiPolygon", "coordinates": [[[[0.749148125687263, 36.68697625373004], [0.7412919316378381, 36.6997543684211], [0.7429956802633122, 36.70080186096102], [0.750851874312737, 36.68802374626996], [0.749148125687263, 36.68697625373004]]], [[[0.7395250746007669, 36.70453748625474], [0.739588183012364, 36.69870687588117], [0.7446994288887864, 36.70184935350095], [0.7395250746007669, 36.70453748625474]]]]}, "properties": {"speed": 0.732, "dir_deg": 328.4, "type": "قوي"}}, {"type": "Feature", "geometry": {"type": "MultiPolygon", "coordinates": [[[[0.7908611662005274, 36.6869074318681], [0.7819726442220463, 36.69899023688341], [0.7835836848907547, 36.70017537314721], [0.7924722068692358, 36.6880925681319], [0.7908611662005274, 36.6869074318681]]], [[[0.7798153238969068, 36.70361040668708], [0.780361603553338, 36.69780510061961], [0.785194725559463, 36.70136050941101], [0.7798153238969068, 36.70361040668708]]]]}, "properties": {"speed": 0.6158, "dir_deg": 323.7, "type": "قوي"}}, {"type": "Feature", "geometry": {"type": "MultiPolygon", "coordinates": [[[[0.8325442360492795, 36.6868857062333], [0.8233298295487004, 36.69872186747088], [0.8249079843803782, 36.699950455004284], [0.8341223908809573, 36.6881142937667], [0.8325442360492795, 36.6868857062333]]], [[[0.8210474381310129, 36.70328154831678], [0.8217516747170225, 36.69749327993747], [0.826486139212056, 36.701179042537696], [0.8210474381310129, 36.70328154831678]]]]}, "properties": {"speed": 0.4962, "dir_deg": 322.1, "type": "قوي"}}, {"type": "Feature", "geometry": {"type": "MultiPolygon", "coordinates": [[[[0.874292354417036, 36.68679343243146], [0.863693840888946, 36.697408116175914], [0.8651091320548739, 36.698821251313], [0.875707645582964, 36.68820656756854], [0.874292354417036, 36.68679343243146]]], [[[0.8608686486292133, 36.70165291165928], [0.8622785497230181, 36.69599498103884], [0.8665244232208018, 36.70023438645008], [0.8608686486292133, 36.70165291165928]]]]}, "properties": {"speed": 0.3565, "dir_deg": 315.0, "type": "متوسط"}}, {"type": "Feature", "geometry": {"type": "MultiPolygon", "coordinates": [[[[0.9161002643015832, 36.68667588480561], [0.9037385363857257, 36.69517221830508], [0.9048713808523224, 36.69682044869386], [0.91723310876818, 36.68832411519439], [0.9161002643015832, 36.68667588480561]]], [[[0.9001843826470715, 36.69882844466597], [0.902605691919129, 36.6935239879163], [0.9060042253189191, 36.698468679082644], [0.9001843826470715, 36.69882844466597]]]]}, "properties": {"speed": 0.2376, "dir_deg": 304.5, "type": "متوسط"}}, {"type": "Feature", "geometry": {"type": "MultiPolygon", "coordinates": [[[[0.9582362011129437, 36.686504726574725], [0.9433070997338453, 36.687961411857344], [0.9435013244381947, 36.689951958707894], [0.9584304258172931, 36.688495273425275], [0.9582362011129437, 36.686504726574725]]], [[[0.9384278449596538, 36.689442247043495], [0.9431128750294959, 36.6859708650068], [0.943695549142544, 36.69194250555844], [0.9384278449596538, 36.689442247043495]]]]}, "properties": {"speed": 0.1409, "dir_deg": 275.6, "type": "ضعيف"}}, {"type": "Feature", "geometry": {"type": "MultiPolygon", "coordinates": [[[[1.0006981026273905, 36.686784002289365], [0.9899581369679059, 36.676312462878506], [0.9885619317131252, 36.67774445829978], [0.9993018973726097, 36.688215997710635], [1.0006981026273905, 36.686784002289365]]], [[[0.9856800457873541, 36.673537947452196], [0.9913543422226866, 36.67488046745724], [0.9871657264583446, 36.67917645372104], [0.9856800457873541, 36.673537947452196]]]]}, "properties": {"speed": 0.1232, "dir_deg": 225.7, "type": "ضعيف"}}], "metadata": {"variable": "surface_current", "date": "2026-07-30", "speed_max_p99": 0.7239, "colors": {"قوي": "220,30,30,255", "متوسط": "0,100,220,220", "ضعيف": "100,180,255,180"}}}