{"type":"FeatureCollection","date":"2026-09-04","features":[{"type":"Feature","geometry":{"type":"MultiPolygon","coordinates":[[[[-0.25058303524557507,35.85335549137113],[-0.26276973816489974,35.86210102005476],[-0.2616036676737496,35.86372591377734],[-0.24941696475442493,35.85498038509371],[-0.25058303524557507,35.85335549137113]]],[[[-0.26624893722576626,35.86582864314392],[-0.2639358086560499,35.86047612633218],[-0.26043759718259946,35.865350807499915],[-0.26624893722576626,35.86582864314392]]]]},"properties":{"speed":0.0764,"dir_deg":305.7,"type":"ضعيف"}},{"type":"Feature","geometry":{"type":"MultiPolygon","coordinates":[[[[-0.20879093177337918,35.85327878182222],[-0.2221282779264728,35.860142832928716],[-0.22121307111227365,35.86192114574912],[-0.20787572495918002,35.855057094642625],[-0.20879093177337918,35.85327878182222]]],[[[-0.2261164565704044,35.863320006374416],[-0.22304348474067198,35.8583645201083],[-0.22029786429807446,35.863699458569535],[-0.2261164565704044,35.863320006374416]]]]},"properties":{"speed":0.0852,"dir_deg":297.2,"type":"ضعيف"}},{"type":"Feature","geometry":{"type":"MultiPolygon","coordinates":[[[[-0.1667432404334255,35.85317087393213],[-0.18169920493776748,35.854319405927704],[-0.18154606733835726,35.85631353452829],[-0.1665901028340153,35.855165002532715],[-0.1667432404334255,35.85317087393213]]],[[[-0.1866079576395097,35.85569931422653],[-0.1818523425371777,35.852325277327125],[-0.18139292973894705,35.85830766312887],[-0.1866079576395097,35.85569931422653]]]]},"properties":{"speed":0.0817,"dir_deg":274.4,"type":"ضعيف"}},{"type":"Feature","geometry":{"type":"MultiPolygon","coordinates":[[[[-0.12454850016207211,35.8532756670313],[-0.13793256817889707,35.84650316946238],[-0.13883556785475284,35.84828771186463],[-0.1254514998379279,35.855060209433546],[-0.12454850016207211,35.8532756670313]]],[[[-0.14284542402243328,35.845137941473865],[-0.13702956850304132,35.84471862706014],[-0.1397385675306086,35.85007225426687],[-0.14284542402243328,35.845137941473865]]]]},"properties":{"speed":0.0582,"dir_deg":243.2,"type":"ضعيف"}},{"type":"Feature","geometry":{"type":"MultiPolygon","coordinates":[[[[-0.08367196280721716,35.853227017533634],[-0.09778577328899005,35.858306422388985],[-0.09710851930827613,35.86018826378656],[-0.08299470882650324,35.85510885893121],[-0.08367196280721716,35.853227017533634]]],[[[-0.1021517497925574,35.86094047803956],[-0.09846302726970396,35.856424580991415],[-0.09643126532756222,35.86207010518413],[-0.1021517497925574,35.86094047803956]]]]},"properties":{"speed":0.0272,"dir_deg":289.8,"type":"ضعيف"}},{"type":"Feature","geometry":{"type":"MultiPolygon","coordinates":[[[[-0.042646025249847716,35.853965801650354],[-0.045678073980915224,35.86865616177162],[-0.04371935929807999,35.869060434935754],[-0.04068731056701248,35.85437007481449],[-0.042646025249847716,35.853965801650354]]],[[[-0.04570939954985344,35.87375508506077],[-0.047636788663750464,35.868251888607475],[-0.04176064461524475,35.8694647080999],[-0.04570939954985344,35.87375508506077]]]]},"properties":{"speed":0.1025,"dir_deg":348.3,"type":"ضعيف"}},{"type":"Feature","geometry":{"type":"MultiPolygon","coordinates":[[[[-0.291154663338852,35.894973072381845],[-0.30403950412483133,35.88729317147624],[-0.30506349091224577,35.889011150247704],[-0.2921786501262664,35.89669105115331],[-0.291154663338852,35.894973072381845]]],[[[-0.30884644444719833,35.88559219389344],[-0.3030155173374169,35.88557519270478],[-0.3060874776996602,35.890729129019164],[-0.30884644444719833,35.88559219389344]]]]},"properties":{"speed":0.0509,"dir_deg":239.2,"type":"ضعيف"}},{"type":"Feature","geometry":{"type":"MultiPolygon","coordinates":[[[[-0.25070506231282313,35.89512291641221],[-0.26134224264330574,35.90569885110456],[-0.2599321180176595,35.90711714181529],[-0.24929493768717687,35.896541207122944],[-0.25070506231282313,35.89512291641221]]],[[[-0.2641829071073102,35.909933308024044],[-0.26275236726895207,35.90428056039383],[-0.25852199339201315,35.90853543252602],[-0.2641829071073102,35.909933308024044]]]]},"properties":{"speed":0.0545,"dir_deg":314.8,"type":"ضعيف"}},{"type":"Feature","geometry":{"type":"MultiPolygon","coordinates":[[[[-0.20905750846770552,35.89514245087678],[-0.21940167182958342,35.90600515239817],[-0.2179533116267316,35.90738437417976],[-0.2076091482648537,35.89652167265837],[-0.20905750846770552,35.89514245087678]]],[[[-0.22212554618211683,35.9103156637961],[-0.22085003203243528,35.90462593061659],[-0.21650495142387974,35.90876359596135],[-0.22212554618211683,35.9103156637961]]]]},"properties":{"speed":0.0621,"dir_deg":316.4,"type":"ضعيف"}},{"type":"Feature","geometry":{"type":"MultiPolygon","coordinates":[[[[-0.1667131116167554,35.89483314068562],[-0.18169692784609212,35.895529740431144],[-0.18160404788002213,35.89752758259506],[-0.1666202316506854,35.896830982849536],[-0.1667131116167554,35.89483314068562]]],[[[-0.18664509327283604,35.89676086142828],[-0.18178980781216209,35.893531898267234],[-0.18151116791395216,35.89952542475897],[-0.18664509327283604,35.89676086142828]]]]},"properties":{"speed":0.0683,"dir_deg":272.7,"type":"ضعيف"}},{"type":"Feature","geometry":{"type":"MultiPolygon","coordinates":[[[[-0.1245313485709379,35.89494867859022],[-0.13778209623129886,35.88791890715429],[-0.13871939908942307,35.88968567350901],[-0.1254686514290621,35.89671544494494],[-0.1245313485709379,35.89494867859022]]],[[[-0.14266766354714794,35.886459033186334],[-0.13684479337317468,35.886152140799574],[-0.13965670194754726,35.89145243986372],[-0.14266766354714794,35.886459033186334]]]]},"properties":{"speed":0.0951,"dir_deg":242.1,"type":"ضعيف"}},{"type":"Feature","geometry":{"type":"MultiPolygon","coordinates":[[[[-0.08293281562407476,35.894915773835116],[-0.09667713461096898,35.888907970943336],[-0.09747817499653987,35.89074054680826],[-0.08373385600964564,35.89674834970004],[-0.08293281562407476,35.894915773835116]]],[[[-0.10165909446605251,35.88782165791187],[-0.09587609422539811,35.88707539507842],[-0.09827921538211074,35.89257312267318],[-0.10165909446605251,35.88782165791187]]]]},"properties":{"speed":0.0754,"dir_deg":246.4,"type":"ضعيف"}},{"type":"Feature","geometry":{"type":"MultiPolygon","coordinates":[[[[-0.04258515685755944,35.89543661512095],[-0.04851685655694051,35.90921394935789],[-0.04667987865868183,35.91000484265115],[-0.04074817895930076,35.896227508414206],[-0.04258515685755944,35.89543661512095]]],[[[-0.04957560084093819,35.91420184075017],[-0.0503538344551992,35.90842305606464],[-0.044842900760423146,35.9107957359444],[-0.04957560084093819,35.91420184075017]]]]},"properties":{"speed":0.0603,"dir_deg":336.7,"type":"ضعيف"}},{"type":"Feature","geometry":{"type":"MultiPolygon","coordinates":[[[[-0.0009878059923243104,35.89598775159232],[0.0013475413788052002,35.91080484147719],[0.003323153363453821,35.9104934618277],[0.0009878059923243104,35.895676371942834],[-0.0009878059923243104,35.89598775159232]]],[[[0.0031137964948393477,35.91558818161406],[-0.0006280706058434207,35.91111622112667],[0.005298765348102441,35.91018208217822],[0.0031137964948393477,35.91558818161406]]]]},"properties":{"speed":0.0456,"dir_deg":9.0,"type":"ضعيف"}},{"type":"Feature","geometry":{"type":"MultiPolygon","coordinates":[[[[-0.4167692203640304,35.93849472644556],[-0.40184832368060774,35.94003318091763],[-0.4016431964176653,35.93804372802651],[-0.416564093101088,35.93650527355444],[-0.4167692203640304,35.93849472644556]]],[[[-0.396772127821329,35.93955127262942],[-0.40205345094355016,35.942022633808755],[-0.4014380691547229,35.93605427513538],[-0.396772127821329,35.93955127262942]]]]},"properties":{"speed":0.3117,"dir_deg":84.1,"type":"متوسط"}},{"type":"Feature","geometry":{"type":"MultiPolygon","coordinates":[[[[-0.37535198247147983,35.938436006591736],[-0.36131188359545824,35.94371574366394],[-0.3606079186524986,35.941843730480464],[-0.37464801752852017,35.936563993408264],[-0.37535198247147983,35.938436006591736]]],[[[-0.35627986816530455,35.94453964942959],[-0.3620158485384179,35.9455877568474],[-0.3599039537095389,35.939971717297],[-0.35627986816530455,35.94453964942959]]]]},"properties":{"speed":0.2542,"dir_deg":69.4,"type":"متوسط"}},{"type":"Feature","geometry":{"type":"MultiPolygon","coordinates":[[[[-0.3337931966811504,35.93838799484114],[-0.3204732740639795,35.94528579604679],[-0.31955356723656037,35.9435098063645],[-0.3328734898537312,35.93661200515886],[-0.3337931966811504,35.93838799484114]]],[[[-0.31557344644454627,35.94669706827419],[-0.32139298089139867,35.94706178572908],[-0.3186338604091412,35.94173381668221],[-0.31557344644454627,35.94669706827419]]]]},"properties":{"speed":0.234,"dir_deg":62.6,"type":"متوسط"}},{"type":"Feature","geometry":{"type":"MultiPolygon","coordinates":[[[[-0.2918584036918058,35.9384814443966],[-0.2771367377427894,35.9413576487853],[-0.27675324382429617,35.9393947599921],[-0.2914749097733126,35.9365185556034],[-0.2918584036918058,35.9384814443966]]],[[[-0.27203776880053737,35.941334939184934],[-0.2775202316612826,35.9433205375785],[-0.276369749905803,35.937431871198896],[-0.27203776880053737,35.941334939184934]]]]},"properties":{"speed":0.1566,"dir_deg":78.9,"type":"ضعيف"}},{"type":"Feature","geometry":{"type":"MultiPolygon","coordinates":[[[[-0.2505206095660296,35.93835379486983],[-0.23771368651848812,35.94616293836028],[-0.2366724673864289,35.944455348620615],[-0.24947939043397038,35.93664620513017],[-0.2505206095660296,35.93835379486983]]],[[[-0.232924102603278,35.94791219132059],[-0.23875490565054738,35.947870528099955],[-0.23563124825436962,35.94274775888094],[-0.232924102603278,35.94791219132059]]]]},"properties":{"speed":0.1227,"dir_deg":58.6,"type":"ضعيف"}},{"type":"Feature","geometry":{"type":"MultiPolygon","coordinates":[[[[-0.20912177003558616,35.938115109530166],[-0.19989512708309545,35.94994173456976],[-0.19831824374448234,35.94871151550943],[-0.20754488669697305,35.936884890469834],[-0.20912177003558616,35.938115109530166]]],[[[-0.1960311377629587,35.95326883338613],[-0.20147201042170856,35.951171953630094],[-0.19674136040586923,35.9474812964491],[-0.1960311377629587,35.95326883338613]]]]},"properties":{"speed":0.1125,"dir_deg":38.0,"type":"ضعيف"}},{"type":"Feature","geometry":{"type":"MultiPolygon","coordinates":[[[[-0.16765904842394694,35.93762324084639],[-0.16581043572805265,35.95250889269979],[-0.16382568214759957,35.952262411007005],[-0.16567429484349386,35.93737675915361],[-0.16765904842394694,35.93762324084639]]],[[[-0.16420185470586135,35.95734753580453],[-0.16779518930850576,35.952755374392574],[-0.16184092856714646,35.95201592931422],[-0.16420185470586135,35.95734753580453]]]]},"properties":{"speed":0.0404,"dir_deg":7.1,"type":"ضعيف"}},{"type":"Feature","geometry":{"type":"MultiPolygon","coordinates":[[[[-0.12468151009369553,35.93655207374781],[-0.13890040387647581,35.93177472515325],[-0.13953738368908478,35.93367057765762],[-0.12531848990630448,35.93844792625219],[-0.12468151009369553,35.93655207374781]]],[[[-0.14395852504370704,35.93113020187391],[-0.13826342406386688,35.92987887264888],[-0.1401743635016937,35.93556643016199],[-0.14395852504370704,35.93113020187391]]]]},"properties":{"speed":0.0475,"dir_deg":251.4,"type":"ضعيف"}},{"type":"Feature","geometry":{"type":"MultiPolygon","coordinates":[[[[-0.08278098075931904,35.93666639104467],[-0.09528511508929008,35.92838106518155],[-0.09638982520437239,35.93004828309221],[-0.08388569087440136,35.93833360895533],[-0.08278098075931904,35.93666639104467]]],[[[-0.10000551492348825,35.92645289884918],[-0.09418040497420778,35.92671384727088],[-0.09749453531945469,35.93171550100288],[-0.10000551492348825,35.92645289884918]]]]},"properties":{"speed":0.0663,"dir_deg":236.5,"type":"ضعيف"}},{"type":"Feature","geometry":{"type":"MultiPolygon","coordinates":[[[[-0.041592557585754905,35.93650274995108],[-0.05655130831957022,35.93539109511095],[-0.05669952896492061,35.93738559520879],[-0.041740778231105294,35.93849725004892],[-0.041592557585754905,35.93650274995108]]],[[[-0.06161166888685052,35.9360177935465],[-0.05640308767421982,35.93339659501311],[-0.056847749610271,35.93938009530663],[-0.06161166888685052,35.9360177935465]]]]},"properties":{"speed":0.0343,"dir_deg":265.7,"type":"ضعيف"}},{"type":"Feature","geometry":{"type":"MultiPolygon","coordinates":[[[[-5.178919061717586e-05,35.938498658039435],[0.014928081400960844,35.93927549589869],[0.015031659782195197,35.93727817981982],[5.178919061717586e-05,35.936501341960565],[-5.178919061717586e-05,35.938498658039435]]],[[[0.019973160788770695,35.93853578381234],[0.014824503019726492,35.94127281197757],[0.015135238163429548,35.93528086374094],[0.019973160788770695,35.93853578381234]]]]},"properties":{"speed":0.0142,"dir_deg":87.0,"type":"ضعيف"}},{"type":"Feature","geometry":{"type":"MultiPolygon","coordinates":[[[[0.04248872164453003,35.93806940991822],[0.05102987041778843,35.925738603876724],[0.04938576294558857,35.92459978404028],[0.04084461417233017,35.93693059008178],[0.04248872164453003,35.93806940991822]]],[[[0.05305486627277463,35.921058925278004],[0.05267397788998829,35.92687742371316],[0.04774165547338871,35.92346096420385],[0.05305486627277463,35.921058925278004]]]]},"properties":{"speed":0.0735,"dir_deg":145.3,"type":"ضعيف"}},{"type":"Feature","geometry":{"type":"MultiPolygon","coordinates":[[[[-0.41673245621685817,35.98016577109812],[-0.40176496323139643,35.98115276336261],[-0.4016333642627985,35.97915709763121],[-0.41660085724826024,35.97817010536672],[-0.41673245621685817,35.98016577109812]]],[[[-0.3967099994186102,35.9804839279184],[-0.4018965621999944,35.983148429094],[-0.4015017652942005,35.977161431899816],[-0.3967099994186102,35.9804839279184]]]]},"properties":{"speed":0.6104,"dir_deg":86.2,"type":"قوي"}},{"type":"Feature","geometry":{"type":"MultiPolygon","coordinates":[[[[-0.37516814926240355,35.98015369977841],[-0.3603817260725494,35.982675938714465],[-0.3600454275477423,35.98070441562248],[-0.37483185073759645,35.97818217668643],[-0.37516814926240355,35.98015369977841]]],[[[-0.3552847690801945,35.982530923480496],[-0.3607180245973566,35.984647461806446],[-0.35970912902293517,35.9787328925305],[-0.3552847690801945,35.982530923480496]]]]},"properties":{"speed":0.5742,"dir_deg":80.3,"type":"قوي"}},{"type":"Feature","geometry":{"type":"MultiPolygon","coordinates":[[[[-0.3335637143281437,35.98014104109152],[-0.31896717144162795,35.98359660700206],[-0.31850642932022216,35.981650401283865],[-0.3331029722067379,35.97819483537332],[-0.3335637143281437,35.98014104109152]]],[[[-0.3138712860854198,35.983775359446476],[-0.3194279135630337,35.98554281272027],[-0.31804568719881643,35.97970419556566],[-0.3138712860854198,35.983775359446476]]]]},"properties":{"speed":0.5452,"dir_deg":76.7,"type":"قوي"}},{"type":"Feature","geometry":{"type":"MultiPolygon","coordinates":[[[[-0.2919090734445728,35.98013811045308],[-0.2773564901347023,35.983774361133285],[-0.27687165671067515,35.98183401669196],[-0.2914242400205456,35.97819776601176],[-0.2919090734445728,35.98013811045308]]],[[[-0.2722632123193986,35.984016272472694],[-0.2778413235587294,35.9857147055746],[-0.27638682328664804,35.97989367225065],[-0.2722632123193986,35.984016272472694]]]]},"properties":{"speed":0.4842,"dir_deg":76.0,"type":"قوي"}},{"type":"Feature","geometry":{"type":"MultiPolygon","coordinates":[[[[-0.2503046959259295,35.980120387912315],[-0.23601795072758436,35.984690826801256],[-0.23540855887572532,35.98278592744147],[-0.24969530407407048,35.97821548855253],[-0.2503046959259295,35.980120387912315]]],[[[-0.23095100640220645,35.98526185675101],[-0.23662734257944343,35.986595726161035],[-0.23479916702386625,35.98088102808169],[-0.23095100640220645,35.98526185675101]]]]},"properties":{"speed":0.3958,"dir_deg":72.3,"type":"قوي"}},{"type":"Feature","geometry":{"type":"MultiPolygon","coordinates":[[[[-0.20882709470391397,35.98003753285282],[-0.19578317539799586,35.987444027917334],[-0.19479564272272712,35.98570483867654],[-0.20783956202864523,35.978298343612025],[-0.20882709470391397,35.98003753285282]]],[[[-0.19094143595838878,35.989043264985106],[-0.19677070807326463,35.98918321715812],[-0.19380811004745835,35.98396564943575],[-0.19094143595838878,35.989043264985106]]]]},"properties":{"speed":0.2996,"dir_deg":60.4,"type":"متوسط"}},{"type":"Feature","geometry":{"type":"MultiPolygon","coordinates":[[[[-0.16736019256635512,35.97988837470845],[-0.1565536454258745,35.990291188697974],[-0.15516660356060505,35.988850315745914],[-0.16597315070108568,35.97844750175639],[-0.16736019256635512,35.97988837470845]]],[[[-0.15225794211307955,35.993038356885116],[-0.15794068729114394,35.99173206165004],[-0.1537795616953356,35.98740944279385],[-0.15225794211307955,35.993038356885116]]]]},"properties":{"speed":0.2043,"dir_deg":46.1,"type":"متوسط"}},{"type":"Feature","geometry":{"type":"MultiPolygon","coordinates":[[[[-0.12581770320925437,35.97974357827757],[-0.11718310253207195,35.992009126416384],[-0.11554769611356322,35.99085784632609],[-0.12418229679074563,35.97859229818727],[-0.12581770320925437,35.97974357827757]]],[[[-0.11348719909709011,35.99552200241751],[-0.11881850895058069,35.993160406506675],[-0.11391228969505449,35.989706566235796],[-0.11348719909709011,35.99552200241751]]]]},"properties":{"speed":0.129,"dir_deg":35.1,"type":"ضعيف"}},{"type":"Feature","geometry":{"type":"MultiPolygon","coordinates":[[[[-0.0843109470530482,35.97937835750644],[-0.08115465794275349,35.99404252604926],[-0.07919943547037749,35.993621687501225],[-0.0823557245806722,35.9789575189584],[-0.0843109470530482,35.97937835750644]]],[[[-0.07912495033646726,35.99872016295618],[-0.08310988041512951,35.9944633645973],[-0.07724421299800147,35.99320084895319],[-0.07912495033646726,35.99872016295618]]]]},"properties":{"speed":0.0526,"dir_deg":12.1,"type":"ضعيف"}},{"type":"Feature","geometry":{"type":"MultiPolygon","coordinates":[[[[-0.042393658698191936,35.978481291021986],[-0.05269336685475297,35.98938615286841],[-0.051239385275229296,35.990759447289285],[-0.04093967711866826,35.97985458544286],[-0.042393658698191936,35.978481291021986]]],[[[-0.05539961211717814,35.99370775402766],[-0.05414734843427663,35.98801285844754],[-0.04978540369570563,35.99213274171016],[-0.05539961211717814,35.99370775402766]]]]},"properties":{"speed":0.043,"dir_deg":316.6,"type":"ضعيف"}},{"type":"Feature","geometry":{"type":"MultiPolygon","coordinates":[[[[-0.0009357428178147595,35.97952062134643],[0.0043545038923416875,35.993556763613654],[0.006225989527971206,35.992851397385635],[0.0009357428178147595,35.97881525511841],[-0.0009357428178147595,35.97952062134643]]],[[[0.0070536622802085955,35.99788279458872],[0.002483018256712168,35.99426212984167],[0.008097475163600727,35.99214603115762],[0.0070536622802085955,35.99788279458872]]]]},"properties":{"speed":0.0124,"dir_deg":20.7,"type":"ضعيف"}},{"type":"Feature","geometry":{"type":"MultiPolygon","coordinates":[[[[0.041987902133986565,35.98011493800662],[0.05619289874695717,35.975296424623274],[0.055550430295844236,35.97340242507487],[0.041345433682873634,35.97822093845822],[0.041987902133986565,35.98011493800662]]],[[[0.0606066633923909,35.97274325372129],[0.05683536719807009,35.97719042417167],[0.05490796184473131,35.97150842552648],[0.0606066633923909,35.97274325372129]]]]},"properties":{"speed":0.052,"dir_deg":108.7,"type":"ضعيف"}},{"type":"Feature","geometry":{"type":"MultiPolygon","coordinates":[[[[0.08340243290776897,35.980165548172245],[0.09836658200507109,35.979129091808616],[0.09822838782325355,35.97713387192897],[0.08326423872595143,35.9781703282926],[0.08340243290776897,35.980165548172245]]],[[[0.10328553461326302,35.97778599641425],[0.09850477618688863,35.981124311688255],[0.09809019364143601,35.97513865204933],[0.10328553461326302,35.97778599641425]]]]},"properties":{"speed":0.0577,"dir_deg":94.0,"type":"ضعيف"}},{"type":"Feature","geometry":{"type":"MultiPolygon","coordinates":[[[[-0.416759230445317,36.0218277676015],[-0.4018236429364875,36.02321637329287],[-0.4016384955109719,36.02122496162502],[-0.4165740830198014,36.019836355933656],[-0.416759230445317,36.0218277676015]]],[[[-0.39675254005411986,36.02268353602273],[-0.402008790362003,36.02520778496071],[-0.4014533480854564,36.01923354995718],[-0.39675254005411986,36.02268353602273]]]]},"properties":{"speed":0.5142,"dir_deg":84.7,"type":"قوي"}},{"type":"Feature","geometry":{"type":"MultiPolygon","coordinates":[[[[-0.3751821141395289,36.02181533916495],[-0.3604329531789413,36.02454705125788],[-0.3600687248998835,36.022580496463135],[-0.3748178858604711,36.019848784370204],[-0.3751821141395289,36.02181533916495]]],[[[-0.3553344520525499,36.02447434455816],[-0.3607971814579991,36.026513606052625],[-0.3597044966208257,36.020613941668394],[-0.3553344520525499,36.02447434455816]]]]},"properties":{"speed":0.5413,"dir_deg":79.5,"type":"قوي"}},{"type":"Feature","geometry":{"type":"MultiPolygon","coordinates":[[[[-0.33356647555371255,36.02180450679795],[-0.3189798000981133,36.02530149109202],[-0.31851353552556977,36.02335660103128],[-0.33310021098116904,36.01985961673721],[-0.33356647555371255,36.02180450679795]]],[[[-0.31388444265997506,36.02549470749301],[-0.3194460646706568,36.02724638115277],[-0.31804727095302626,36.02141171097053],[-0.31388444265997506,36.02549470749301]]]]},"properties":{"speed":0.5936,"dir_deg":76.5,"type":"قوي"}},{"type":"Feature","geometry":{"type":"MultiPolygon","coordinates":[[[[-0.291922622947276,36.02179874749569],[-0.2774223370256883,36.02563824071644],[-0.2769104045962546,36.02370486926022],[-0.2914106905178424,36.01986537603947],[-0.291922622947276,36.02179874749569]]],[[[-0.2723329421704422,36.02595138606191],[-0.2779342694551219,36.02757161217265],[-0.276398472166821,36.02177149780401],[-0.2723329421704422,36.02595138606191]]]]},"properties":{"speed":0.627,"dir_deg":75.2,"type":"قوي"}},{"type":"Feature","geometry":{"type":"MultiPolygon","coordinates":[[[[-0.2502802347211304,36.02179199327611],[-0.23588126209314692,36.02599551409307],[-0.23532079265088612,36.024075651076004],[-0.2497197652788696,36.019872130259046],[-0.2502802347211304,36.02179199327611]]],[[[-0.23080136982935537,36.026436756190186],[-0.23644173153540773,36.02791537711013],[-0.2347603232086253,36.02215578805894],[-0.23080136982935537,36.026436756190186]]]]},"properties":{"speed":0.6163,"dir_deg":73.7,"type":"قوي"}},{"type":"Feature","geometry":{"type":"MultiPolygon","coordinates":[[[[-0.20868978002226948,36.021766375535506],[-0.19467507350333146,36.02711315037536],[-0.1939621701913517,36.0252445228395],[-0.20797687671028972,36.01989774799965],[-0.20868978002226948,36.021766375535506]]],[[[-0.18964705300769558,36.027961094887374],[-0.19538797681531125,36.02898177791121],[-0.1932492668793719,36.023375895303644],[-0.18964705300769558,36.027961094887374]]]]},"properties":{"speed":0.5521,"dir_deg":69.1,"type":"قوي"}},{"type":"Feature","geometry":{"type":"MultiPolygon","coordinates":[[[[-0.16718474816497142,36.02168739603427],[-0.15435473416468456,36.029458544003035],[-0.15331858110218252,36.02774787546966],[-0.16614859510246938,36.01997672750089],[-0.16718474816497142,36.02168739603427]]],[[[-0.1495599863000046,36.0311935923926],[-0.15539088722718658,36.031169212536405],[-0.1522824280396805,36.02603720693629],[-0.1495599863000046,36.0311935923926]]]]},"properties":{"speed":0.4499,"dir_deg":58.8,"type":"قوي"}},{"type":"Feature","geometry":{"type":"MultiPolygon","coordinates":[[[[-0.12566950025651027,36.02157487359202],[-0.11452732288986198,36.03161737743968],[-0.1131883223768414,36.03013175379079],[-0.12433049974348971,36.02008924994313],[-0.12566950025651027,36.02157487359202]]],[[[-0.11014376351113558,36.03422206689778],[-0.11586632340288254,36.03310300108856],[-0.11184932186382084,36.02864613014191],[-0.11014376351113558,36.03422206689778]]]]},"properties":{"speed":0.3529,"dir_deg":48.0,"type":"متوسط"}},{"type":"Feature","geometry":{"type":"MultiPolygon","coordinates":[[[[-0.08405403187773437,36.021525312939836],[-0.07365526429382793,36.03233575385295],[-0.07221387217207959,36.03094925150843],[-0.08261263975598603,36.02013881059532],[-0.08405403187773437,36.021525312939836]]],[[[-0.06946831237165162,36.03524598298506],[-0.07509665641557625,36.03372225619747],[-0.07077248005033127,36.02956274916391],[-0.06946831237165162,36.03524598298506]]]]},"properties":{"speed":0.2531,"dir_deg":43.9,"type":"متوسط"}},{"type":"Feature","geometry":{"type":"MultiPolygon","coordinates":[[[[-0.0424263881432364,36.02148231184626],[-0.032672636963007304,36.032878115368355],[-0.03115319649339471,36.031577615210985],[-0.0409069476736238,36.02018181168889],[-0.0424263881432364,36.02148231184626]]],[[[-0.028661666334791308,36.0360264664637],[-0.03419207743261989,36.03417861552572],[-0.029633756023782123,36.03027711505362],[-0.028661666334791308,36.0360264664637]]]]},"properties":{"speed":0.174,"dir_deg":40.6,"type":"ضعيف"}},{"type":"Feature","geometry":{"type":"MultiPolygon","coordinates":[[[[-0.0008172891212370428,36.021408289580435],[0.007826128071586986,36.033667626398994],[0.009460706314061073,36.03251517077328],[0.0008172891212370428,36.02025583395472],[-0.0008172891212370428,36.021408289580435]]],[[[0.011524556257098707,36.03717784419232],[0.006191549829112901,36.0348200820247],[0.011095284556535159,36.03136271514757],[0.011524556257098707,36.03717784419232]]]]},"properties":{"speed":0.1141,"dir_deg":35.2,"type":"ضعيف"}},{"type":"Feature","geometry":{"type":"MultiPolygon","coordinates":[[[[0.040834699086355494,36.021386884152754],[0.04915703486404162,36.033866416483875],[0.05082097250819083,36.03275677171352],[0.042498636730504705,36.0202772393824],[0.040834699086355494,36.021386884152754]]],[[[0.0527631156120116,36.03747143820907],[0.047493097219892415,36.034976061254234],[0.05248491015234003,36.03164712694316],[0.0527631156120116,36.03747143820907]]]]},"properties":{"speed":0.076,"dir_deg":33.7,"type":"ضعيف"}},{"type":"Feature","geometry":{"type":"MultiPolygon","coordinates":[[[[0.08264940956884473,36.02156161292225],[0.09359267688884494,36.03182050664248],[0.09496052938487588,36.03036140433314],[0.08401726206487567,36.02010251061291],[0.08264940956884473,36.02156161292225]]],[[[0.09792435891019383,36.03451058672789],[0.09222482439281401,36.033279608951815],[0.09632838188090681,36.02890230202381],[0.09792435891019383,36.03451058672789]]]]},"properties":{"speed":0.0532,"dir_deg":46.8,"type":"ضعيف"}},{"type":"Feature","geometry":{"type":"MultiPolygon","coordinates":[[[[-0.4167269811394578,36.063498178824624],[-0.4017542987700633,36.0644030449281],[-0.40163364995626616,36.06240668727885],[-0.41660633232566063,36.061501821175376],[-0.4167269811394578,36.063498178824624]]],[[[-0.39670308024003326,36.063706488137974],[-0.4018749475838604,36.06639940257735],[-0.4015130011424691,36.0604103296296],[-0.39670308024003326,36.063706488137974]]]]},"properties":{"speed":0.4228,"dir_deg":86.5,"type":"قوي"}},{"type":"Feature","geometry":{"type":"MultiPolygon","coordinates":[[[[-0.3751477012123578,36.063489032027725],[-0.3603122207964661,36.06570455021309],[-0.3600168183717505,36.06372648615764],[-0.3748522987876422,36.061510967972275],[-0.3751477012123578,36.063489032027725]]],[[[-0.35521935944547767,36.06545402424716],[-0.36060762322118173,36.06768261426854],[-0.35972141594703483,36.06174842210219],[-0.35521935944547767,36.06545402424716]]]]},"properties":{"speed":0.4664,"dir_deg":81.5,"type":"قوي"}},{"type":"Feature","geometry":{"type":"MultiPolygon","coordinates":[[[[-0.33354107299513314,36.063478186260504],[-0.3188682790876186,36.06659413217589],[-0.31845281963223393,36.06463775965488],[-0.33312561353974846,36.061521813739496],[-0.33354107299513314,36.063478186260504]]],[[[-0.31376961805742143,36.066654594553846],[-0.3192837385430033,36.06855050469689],[-0.31803736017684925,36.06268138713388],[-0.31376961805742143,36.066654594553846]]]]},"properties":{"speed":0.5208,"dir_deg":78.0,"type":"قوي"}},{"type":"Feature","geometry":{"type":"MultiPolygon","coordinates":[[[[-0.2919277443639421,36.06346531510334],[-0.2774480178138222,36.067381629574086],[-0.27692584255105646,36.0654509993674],[-0.2914055691011763,36.06153468489666],[-0.2919277443639421,36.06346531510334]]],[[[-0.2723603546657327,36.067721752627655],[-0.27797019307658805,36.069312259780766],[-0.27640366728829063,36.06352036916072],[-0.2723603546657327,36.067721752627655]]]]},"properties":{"speed":0.5724,"dir_deg":74.9,"type":"قوي"}},{"type":"Feature","geometry":{"type":"MultiPolygon","coordinates":[[[[-0.2503029760122074,36.06345299818259],[-0.23600800327330196,36.0679976383657],[-0.23540205124888713,36.06609164200052],[-0.2496970239877926,36.06154700181741],[-0.2503029760122074,36.06345299818259]]],[[[-0.23094003634812604,36.06855952024415],[-0.2366139552977168,36.06990363473089],[-0.23479609922447228,36.064185645635334],[-0.23094003634812604,36.06855952024415]]]]},"properties":{"speed":0.6112,"dir_deg":72.4,"type":"قوي"}},{"type":"Feature","geometry":{"type":"MultiPolygon","coordinates":[[[[-0.20867438702399638,36.06344004201608],[-0.19457375678279087,36.06855592188183],[-0.19389163946735732,36.066675837849665],[-0.20799226970856283,36.06155995798392],[-0.20867438702399638,36.06344004201608]]],[[[-0.18953248804467226,36.069321173154336],[-0.1952558740982244,36.07043600591399],[-0.1932095221519238,36.064795753817506],[-0.18953248804467226,36.069321173154336]]]]},"properties":{"speed":0.6187,"dir_deg":70.1,"type":"قوي"}},{"type":"Feature","geometry":{"type":"MultiPolygon","coordinates":[[[[-0.16709667063035294,36.06340282936532],[-0.1535542301504625,36.069852814314814],[-0.1526942321571974,36.06804715558417],[-0.16623667263708786,36.06159717063468],[-0.16709667063035294,36.06340282936532]]],[[[-0.1486100843271998,36.071099979932654],[-0.1544142281437276,36.07165847304547],[-0.1518342341639323,36.066241496853515],[-0.1486100843271998,36.071099979932654]]]]},"properties":{"speed":0.5911,"dir_deg":64.5,"type":"قوي"}},{"type":"Feature","geometry":{"type":"MultiPolygon","coordinates":[[[[-0.12555686337312605,36.06333060410766],[-0.11309780175814464,36.071683554704556],[-0.11198407501189254,36.07002234648923],[-0.12444313662687395,36.06166939589234],[-0.12555686337312605,36.06333060410766]]],[[[-0.10838791784669145,36.07363726746252],[-0.11421152850439674,36.07334476291989],[-0.11087034826564045,36.0683611382739],[-0.10838791784669145,36.07363726746252]]]]},"properties":{"speed":0.5383,"dir_deg":56.2,"type":"قوي"}},{"type":"Feature","geometry":{"type":"MultiPolygon","coordinates":[[[[-0.08399687047991958,36.063248145541266],[-0.07277468736090464,36.073201165487156],[-0.07144761803478589,36.071704874404624],[-0.08266980115380082,36.061751854458734],[-0.08399687047991958,36.063248145541266]]],[[[-0.06837042499150695,36.07577069326119],[-0.07410175668702339,36.074697456569695],[-0.07012054870866714,36.070208583322085],[-0.06837042499150695,36.07577069326119]]]]},"properties":{"speed":0.4682,"dir_deg":48.4,"type":"قوي"}},{"type":"Feature","geometry":{"type":"MultiPolygon","coordinates":[[[[-0.04237486129182961,36.063206018506634],[-0.03178458369232548,36.07382891925763],[-0.030368196925526454,36.07241688224436],[-0.04095847452503059,36.061793981493366],[-0.04237486129182961,36.063206018506634]]],[[[-0.02754629777575792,36.07666386766799],[-0.033200970459124506,36.075240956270896],[-0.02895181015872743,36.071004845231094],[-0.02754629777575792,36.07666386766799]]]]},"properties":{"speed":0.3667,"dir_deg":44.9,"type":"متوسط"}},{"type":"Feature","geometry":{"type":"MultiPolygon","coordinates":[[[[-0.0007435719407818428,36.063168655942086],[0.009286267190452158,36.07432223505381],[0.010773411072015845,36.07298492316964],[0.0007435719407818428,36.061831344057914],[-0.0007435719407818428,36.063168655942086]]],[[[0.013373118841645335,36.07737143881564],[0.007799123308888474,36.07565954693798],[0.01226055495357953,36.07164761128548],[0.013373118841645335,36.07737143881564]]]]},"properties":{"speed":0.248,"dir_deg":42.0,"type":"متوسط"}},{"type":"Feature","geometry":{"type":"MultiPolygon","coordinates":[[[[0.04084352673761771,36.063067836783695],[0.049361078492996785,36.07541495434588],[0.05100736083462157,36.07427928077849],[0.04248980907924249,36.061932163216305],[0.04084352673761771,36.063067836783695]]],[[[0.05302340358226887,36.07896282341625],[0.047714796151372,36.076550627913264],[0.05265364317624635,36.07314360721111],[0.05302340358226887,36.07896282341625]]]]},"properties":{"speed":0.1693,"dir_deg":34.6,"type":"ضعيف"}},{"type":"Feature","geometry":{"type":"MultiPolygon","coordinates":[[[[0.08241723512829974,36.06290094828646],[0.08843145942527132,36.07664245861487],[0.09026366080239225,36.07584056204195],[0.08424943650542066,36.06209905171354],[0.08241723512829974,36.06290094828646]]],[[[0.09135230154615566,36.08082201377121],[0.08659925804815038,36.0774443551878],[0.09209586217951318,36.075038665469016],[0.09135230154615566,36.08082201377121]]]]},"properties":{"speed":0.1134,"dir_deg":23.6,"type":"ضعيف"}},{"type":"Feature","geometry":{"type":"MultiPolygon","coordinates":[[[[0.12403205756384517,36.06275117213279],[0.12779963955570586,36.07727030867512],[0.12973552442801553,36.076767964409534],[0.12596794243615483,36.06224882786721],[0.12403205756384517,36.06275117213279]]],[[[0.13002344265581428,36.081858848723094],[0.12586375468339617,36.077772652940695],[0.13167140930032523,36.07626562014396],[0.13002344265581428,36.081858848723094]]]]},"properties":{"speed":0.0729,"dir_deg":14.5,"type":"ضعيف"}},{"type":"Feature","geometry":{"type":"MultiPolygon","coordinates":[[[[-0.41667827056370976,36.10516787078961],[-0.40167928220587873,36.10534207825687],[-0.4016560545435776,36.1033422131425],[-0.41665504290140865,36.103168005675236],[-0.41667827056370976,36.10516787078961]]],[[[-0.39666800558878446,36.10440021485543],[-0.4017025098681799,36.107341943371246],[-0.40163282688127644,36.10134234802812],[-0.39666800558878446,36.10440021485543]]]]},"properties":{"speed":0.3104,"dir_deg":89.3,"type":"متوسط"}},{"type":"Feature","geometry":{"type":"MultiPolygon","coordinates":[[[[-0.3751297411022168,36.10515948613666],[-0.360256522538671,36.10710560266991],[-0.3599970403342374,36.10512250686144],[-0.3748702588977832,36.10317639032819],[-0.3751297411022168,36.10515948613666]]],[[[-0.35516904191527227,36.10676276027676],[-0.3605160047431046,36.10908869847839],[-0.35973755812980385,36.103139411052965],[-0.35516904191527227,36.10676276027676]]]]},"properties":{"speed":0.3423,"dir_deg":82.5,"type":"متوسط"}},{"type":"Feature","geometry":{"type":"MultiPolygon","coordinates":[[[[-0.3335456794751858,36.10514513490397],[-0.31888772940199667,36.10833017802015],[-0.3184630569865066,36.10637578467705],[-0.3331210070596958,36.10319074156087],[-0.3335456794751858,36.10514513490397]]],[[[-0.31378940983652187,36.108414662387325],[-0.31931240181748666,36.11028457136324],[-0.31803838457101663,36.10442139133396],[-0.31378940983652187,36.108414662387325]]]]},"properties":{"speed":0.3803,"dir_deg":77.7,"type":"قوي"}},{"type":"Feature","geometry":{"type":"MultiPolygon","coordinates":[[[[-0.29194376639582353,36.10512877653022],[-0.27753119192877407,36.109285421479186],[-0.2769769726022454,36.107363744883585],[-0.2913895470692949,36.10320709993462],[-0.29194376639582353,36.10512877653022]]],[[[-0.2724498907764933,36.10971013149771],[-0.2780854112553027,36.11120709807479],[-0.2764227532757168,36.10544206828798],[-0.2724498907764933,36.10971013149771]]]]},"properties":{"speed":0.4254,"dir_deg":73.9,"type":"قوي"}},{"type":"Feature","geometry":{"type":"MultiPolygon","coordinates":[[[[-0.25032427078060776,36.10511390253452],[-0.23613480624913558,36.10997796424363],[-0.23548626468792005,36.10808603563944],[-0.24967572921939224,36.103221973930324],[-0.25032427078060776,36.10511390253452]]],[[[-0.2310807139580371,36.110653353844576],[-0.2367833478103511,36.11186989284783],[-0.23483772312670453,36.10619410703524],[-0.2310807139580371,36.110653353844576]]]]},"properties":{"speed":0.4774,"dir_deg":71.1,"type":"قوي"}},{"type":"Feature","geometry":{"type":"MultiPolygon","coordinates":[[[[-0.20869185227219184,36.10510145877793],[-0.19468904408954066,36.11047931736661],[-0.1939719962777162,36.10861227627559],[-0.20797480446036737,36.10323441768691],[-0.20869185227219184,36.10510145877793]]],[[[-0.18966291745607802,36.11133841635067],[-0.19540609190136513,36.112346358457636],[-0.19325494846589172,36.10674523518457],[-0.18966291745607802,36.11133841635067]]]]},"properties":{"speed":0.5206,"dir_deg":69.0,"type":"قوي"}},{"type":"Feature","geometry":{"type":"MultiPolygon","coordinates":[[[[-0.1670789887422796,36.10507897862779],[-0.15341338281178366,36.11126373525617],[-0.15258874859466523,36.10944165446544],[-0.16625435452516119,36.103256897837056],[-0.1670789887422796,36.10507897862779]]],[[[-0.14844586372639246,36.112414280403605],[-0.1542380170289021,36.113085816046905],[-0.15176411437754678,36.10761957367471],[-0.14844586372639246,36.112414280403605]]]]},"properties":{"speed":0.5547,"dir_deg":65.6,"type":"قوي"}},{"type":"Feature","geometry":{"type":"MultiPolygon","coordinates":[[[[-0.12550006724686016,36.105033924807735],[-0.11251026861720527,36.11253493351064],[-0.11151013412348497,36.11080296036001],[-0.12449993275313985,36.10330195165711],[-0.12550006724686016,36.105033924807735]]],[[[-0.10768026849379349,36.11416928316962],[-0.11351040311092558,36.11426690666126],[-0.11050999962976465,36.10907098720939],[-0.10768026849379349,36.11416928316962]]]]},"properties":{"speed":0.5763,"dir_deg":60.0,"type":"قوي"}},{"type":"Feature","geometry":{"type":"MultiPolygon","coordinates":[[[[-0.08394567338612922,36.104958534653655],[-0.07208672706767905,36.11414359819269],[-0.070862051929141,36.112562405350225],[-0.08272099824759117,36.10337734181119],[-0.08394567338612922,36.104958534653655]]],[[[-0.06752140739225995,36.116414689617805],[-0.0733114022062171,36.11572479103515],[-0.06963737679060295,36.11098121250777],[-0.06752140739225995,36.116414689617805]]]]},"properties":{"speed":0.5808,"dir_deg":52.2,"type":"قوي"}},{"type":"Feature","geometry":{"type":"MultiPolygon","coordinates":[[[[-0.042360942994962666,36.10488764796851],[-0.031565296953639146,36.1153017742665],[-0.030176746780574012,36.11386235479432],[-0.04097239282189753,36.10344822849633],[-0.042360942994962666,36.10488764796851]]],[[[-0.027272473186665404,36.11805343996307],[-0.03295384712670428,36.116741193738676],[-0.02878819660750888,36.112422935322144],[-0.027272473186665404,36.11805343996307]]]]},"properties":{"speed":0.5384,"dir_deg":46.0,"type":"قوي"}},{"type":"Feature","geometry":{"type":"MultiPolygon","coordinates":[[[[-0.0007416015053957485,36.10483877890441],[0.009321008574440442,36.115962801485345],[0.01080421158523194,36.11462112014137],[0.0007416015053957485,36.103497097560435],[-0.0007416015053957485,36.10483877890441]]],[[[0.01341681343978159,36.11899996834034],[0.007837805563648945,36.117304482829326],[0.012287414596023437,36.11327943879739],[0.01341681343978159,36.11899996834034]]]]},"properties":{"speed":0.4265,"dir_deg":42.1,"type":"قوي"}},{"type":"Feature","geometry":{"type":"MultiPolygon","coordinates":[[[[0.04086543879725774,36.10476629591091],[0.049840803974632995,36.1167847325785],[0.05144326219697771,36.11558801722152],[0.042467897019602456,36.10356958055393],[0.04086543879725774,36.10476629591091]]],[[[0.05363382147826377,36.120192520455866],[0.04823834575228828,36.117981447935485],[0.05304572041932242,36.114391301864536],[0.05363382147826377,36.120192520455866]]]]},"properties":{"speed":0.2937,"dir_deg":36.8,"type":"متوسط"}},{"type":"Feature","geometry":{"type":"MultiPolygon","coordinates":[[[[0.08246132951866307,36.10465743288602],[0.08980374932268706,36.117737527358976],[0.09154776191908132,36.116758538051776],[0.08420534211505733,36.10367844357882],[0.08246132951866307,36.10465743288602]]],[[[0.09312322888889218,36.121608064196366],[0.08805973672629282,36.11871651666618],[0.09329177451547556,36.11577954874457],[0.09312322888889218,36.121608064196366]]]]},"properties":{"speed":0.2017,"dir_deg":29.3,"type":"متوسط"}},{"type":"Feature","geometry":{"type":"MultiPolygon","coordinates":[[[[0.12401654152993481,36.10434907198868],[0.1267335478738419,36.119100949039655],[0.1287004648139723,36.11873868152714],[0.1259834584700652,36.103986804476165],[0.12401654152993481,36.10434907198868]]],[[[0.12862267512520945,36.123837107633726],[0.12476663093371151,36.11946321655218],[0.13066738175410267,36.11837641401462],[0.12862267512520945,36.123837107633726]]]]},"properties":{"speed":0.118,"dir_deg":10.4,"type":"ضعيف"}},{"type":"Feature","geometry":{"type":"MultiPolygon","coordinates":[[[[0.1657249592256551,36.10383151923698],[0.16067867429398833,36.11795720535795],[0.1625620991101189,36.118630043348844],[0.16760838404178569,36.10450435722787],[0.1657249592256551,36.10383151923698]]],[[[0.15993829172483134,36.12300218639373],[0.15879524947785773,36.11728436736706],[0.1644455239262495,36.119302881339735],[0.15993829172483134,36.12300218639373]]]]},"properties":{"speed":0.0984,"dir_deg":340.3,"type":"ضعيف"}},{"type":"Feature","geometry":{"type":"MultiPolygon","coordinates":[[[[-0.4167164519007483,36.14683082121871],[-0.40173506013377186,36.14757774874154],[-0.4016354697973937,36.14558022983928],[-0.4166168615643701,36.14483330231645],[-0.4167164519007483,36.14683082121871]]],[[[-0.396691467709924,36.14682796513136],[-0.40183465047015005,36.149575267643804],[-0.4015358794610155,36.14358271093702],[-0.396691467709924,36.14682796513136]]]]},"properties":{"speed":0.1488,"dir_deg":87.1,"type":"ضعيف"}},{"type":"Feature","geometry":{"type":"MultiPolygon","coordinates":[[[[-0.37523529077978096,36.14680398678987],[-0.36065641544545674,36.15033334848658],[-0.3601858338858948,36.148389498442],[-0.37476470922021904,36.14486013674529],[-0.37523529077978096,36.14680398678987]]],[[[-0.3555614995542344,36.1505378773632],[-0.3611269970050186,36.15227719853116],[-0.35971525232633295,36.146445648397425],[-0.3555614995542344,36.1505378773632]]]]},"properties":{"speed":0.1709,"dir_deg":76.4,"type":"ضعيف"}},{"type":"Feature","geometry":{"type":"MultiPolygon","coordinates":[[[[-0.3336666454604814,36.14677488181834],[-0.3195243446990874,36.15177441471395],[-0.3188577403130062,36.14988877461243],[-0.3330000410744002,36.14488924171682],[-0.3336666454604814,36.14677488181834]]],[[[-0.3144769422522488,36.15249810562839],[-0.3201909490851686,36.15366005481547],[-0.318191135926925,36.14800313451091],[-0.3144769422522488,36.15249810562839]]]]},"properties":{"speed":0.2022,"dir_deg":70.5,"type":"متوسط"}},{"type":"Feature","geometry":{"type":"MultiPolygon","coordinates":[[[[-0.2920487467091348,36.14675618689428],[-0.278186869808617,36.152487536542914],[-0.27742268985546586,36.15063928628951],[-0.29128456675598363,36.14490793664088],[-0.2920487467091348,36.14675618689428]]],[[[-0.27318415419853553,36.15347386129909],[-0.27895104976176816,36.15433578679632],[-0.2766585099023147,36.14879103603611],[-0.27318415419853553,36.15347386129909]]]]},"properties":{"speed":0.239,"dir_deg":67.5,"type":"متوسط"}},{"type":"Feature","geometry":{"type":"MultiPolygon","coordinates":[[[[-0.2504058072044187,36.1467460204717],[-0.23669642664257598,36.152833128537985],[-0.23588481223373867,36.151005211129736],[-0.24959419279558134,36.14491810306345],[-0.2504058072044187,36.1467460204717]]],[[[-0.2317208259175431,36.153948205855954],[-0.23750804105141332,36.15466104594623],[-0.23507319782490133,36.14917729372149],[-0.2317208259175431,36.153948205855954]]]]},"properties":{"speed":0.2803,"dir_deg":66.1,"type":"متوسط"}},{"type":"Feature","geometry":{"type":"MultiPolygon","coordinates":[[[[-0.20876318775599803,36.14673495761156],[-0.1952197500963434,36.153182848457334],[-0.19436003131690655,36.15137705676938],[-0.20790346897656117,36.1449291659236],[-0.20876318775599803,36.14673495761156]]],[[[-0.1902754114867401,36.15442924956195],[-0.1960794688757803,36.154988640145284],[-0.19350031253746966,36.14957126508143],[-0.1902754114867401,36.15442924956195]]]]},"properties":{"speed":0.3322,"dir_deg":64.5,"type":"متوسط"}},{"type":"Feature","geometry":{"type":"MultiPolygon","coordinates":[[[[-0.16710851215824687,36.146729155380804],[-0.1536521079598962,36.1533567632487],[-0.15276842691084325,36.15156257602225],[-0.16622483110919392,36.14493496815435],[-0.16710851215824687,36.146729155380804]]],[[[-0.14872479936925284,36.15466887225811],[-0.15453578900894913,36.15515095047515],[-0.15188474586179032,36.149768388795806],[-0.14872479936925284,36.15466887225811]]]]},"properties":{"speed":0.3935,"dir_deg":63.8,"type":"قوي"}},{"type":"Feature","geometry":{"type":"MultiPolygon","coordinates":[[[[-0.1254886042684126,36.14670456727982],[-0.11240102158481426,36.15403363130601],[-0.11142381304798905,36.152288620281524],[-0.1245113957315874,36.14495955625534],[-0.1254886042684126,36.14670456727982]]],[[[-0.10754988975520222,36.15560414713583],[-0.11337823012163945,36.15577864233048],[-0.11044660451116387,36.15054360925705],[-0.10754988975520222,36.15560414713583]]]]},"properties":{"speed":0.4586,"dir_deg":60.8,"type":"قوي"}},{"type":"Feature","geometry":{"type":"MultiPolygon","coordinates":[[[[-0.08391924306328093,36.14664243988833],[-0.07176357125201814,36.155431048584646],[-0.07059175675917669,36.15381029234314],[-0.08274742857043947,36.145021683646824],[-0.08391924306328093,36.14664243988833]]],[[[-0.06712577340184314,36.157550206695994],[-0.07293538574485958,36.157051804826146],[-0.06941994226633524,36.15218953610164],[-0.06712577340184314,36.157550206695994]]]]},"properties":{"speed":0.5294,"dir_deg":54.1,"type":"قوي"}},{"type":"Feature","geometry":{"type":"MultiPolygon","coordinates":[[[[-0.042348068414158536,36.14656397252087],[-0.03136940711469076,36.1567849801068],[-0.03000660610323388,36.15532115860021],[-0.04098526740270166,36.14510015101428],[-0.042348068414158536,36.14656397252087]]],[[[-0.027028452842473058,36.159460071882144],[-0.03273220812614763,36.1582488016134],[-0.028643805091777004,36.15385733709361],[-0.027028452842473058,36.159460071882144]]]]},"properties":{"speed":0.591,"dir_deg":47.0,"type":"قوي"}},{"type":"Feature","geometry":{"type":"MultiPolygon","coordinates":[[[[-0.0007204249469126231,36.146525594676575],[0.009682568688086748,36.157331968880264],[0.011123418581911996,36.15594490306227],[0.0007204249469126231,36.14513852885858],[-0.0007204249469126231,36.146525594676575]]],[[[0.013870658179999162,36.16024056070583],[0.008241718794261502,36.158719034698265],[0.012564268475737241,36.15455783724427],[0.013870658179999162,36.16024056070583]]]]},"properties":{"speed":0.5705,"dir_deg":43.9,"type":"قوي"}},{"type":"Feature","geometry":{"type":"MultiPolygon","coordinates":[[[[0.04088687104700927,36.146458094398454],[0.05027736051010972,36.15815504731977],[0.05183695423295138,36.156902982058014],[0.04244646476985093,36.1452060291367],[0.04088687104700927,36.146458094398454]]],[[[0.054187320525897364,36.161427998996],[0.04871776678726806,36.15940711258151],[0.05339654795579304,36.15565091679627],[0.054187320525897364,36.161427998996]]]]},"properties":{"speed":0.4611,"dir_deg":38.8,"type":"قوي"}},{"type":"Feature","geometry":{"type":"MultiPolygon","coordinates":[[[[0.08248815043703742,36.146366535035135],[0.09050524945040322,36.15904431573248],[0.09219562021004879,36.157975369197366],[0.08417852119668298,36.14529758850002],[0.08248815043703742,36.146366535035135]]],[[[0.09402280116801462,36.16273576936403],[0.08881487869075767,36.16011326226759],[0.09388599096969434,36.15690642266225],[0.09402280116801462,36.16273576936403]]]]},"properties":{"speed":0.3335,"dir_deg":32.3,"type":"متوسط"}},{"type":"Feature","geometry":{"type":"MultiPolygon","coordinates":[[[[0.12408738973129874,36.146240892414006],[0.1302198494277605,36.15993004644452],[0.13204506996516302,36.159112385151666],[0.12591261026870126,36.14542323112115],[0.12408738973129874,36.146240892414006]]],[[[0.13317661292861568,36.164084267141604],[0.12839462889035796,36.160747707737386],[0.13387029050256555,36.1582947238588],[0.13317661292861568,36.164084267141604]]]]},"properties":{"speed":0.2282,"dir_deg":24.1,"type":"متوسط"}},{"type":"Feature","geometry":{"type":"MultiPolygon","coordinates":[[[[0.1656674203109831,36.14587075018972],[0.16624774664309894,36.16085952003078],[0.1682462492885735,36.160782143186495],[0.16766592295645769,36.145793373345434],[0.1656674203109831,36.14587075018972]]],[[[0.16744044007654152,36.165817088222326],[0.16424924399762433,36.160936896875064],[0.17024475193404812,36.160704766342214],[0.16744044007654152,36.165817088222326]]]]},"properties":{"speed":0.142,"dir_deg":2.2,"type":"ضعيف"}},{"type":"Feature","geometry":{"type":"MultiPolygon","coordinates":[[[[0.20743265985718715,36.145397554878414],[0.20091505651975858,36.1589075825148],[0.2027163935379435,36.15977659629313],[0.20923399687537206,36.14626656865674],[0.20743265985718715,36.145397554878414]]],[[[0.19964319058304153,36.163845431949426],[0.19911371950157364,36.15803856873648],[0.20451773055612843,36.16064561007145],[0.19964319058304153,36.163845431949426]]]]},"properties":{"speed":0.1344,"dir_deg":334.2,"type":"ضعيف"}},{"type":"Feature","geometry":{"type":"MultiPolygon","coordinates":[[[[0.24924786677817787,36.14517305067766],[0.23936270042944727,36.156455049005],[0.24086696687309153,36.15777307118483],[0.25075213322182216,36.14649107285749],[0.24924786677817787,36.14517305067766]]],[[[0.23681977820169253,36.16087472620402],[0.23785843398580298,36.155137026825166],[0.24237123331673582,36.15909109336466],[0.23681977820169253,36.16087472620402]]]]},"properties":{"speed":0.1298,"dir_deg":318.8,"type":"ضعيف"}},{"type":"Feature","geometry":{"type":"MultiPolygon","coordinates":[[[[-0.41669504622607273,36.1884995969371],[-0.40170109216958516,36.188925439339805],[-0.4016443131825581,36.18692624546561],[-0.4166382672390457,36.1865004030629],[-0.41669504622607273,36.1884995969371]]],[[[-0.39667471799057574,36.18806778987027],[-0.40175787115661216,36.190924633214],[-0.4015875341955311,36.18492705159141],[-0.39667471799057574,36.18806778987027]]]]},"properties":{"speed":0.0777,"dir_deg":88.4,"type":"ضعيف"}},{"type":"Feature","geometry":{"type":"MultiPolygon","coordinates":[[[[-0.37524305717369544,36.18847001196401],[-0.3606928777136023,36.19211586956944],[-0.36020676336621144,36.19017584564143],[-0.37475694282630456,36.18652998803599],[-0.37524305717369544,36.18847001196401]]],[[[-0.3555997607198758,36.19236114347391],[-0.3611789920609932,36.194055893497456],[-0.35972064901882056,36.18823582171341],[-0.3555997607198758,36.19236114347391]]]]},"properties":{"speed":0.0941,"dir_deg":75.9,"type":"ضعيف"}},{"type":"Feature","geometry":{"type":"MultiPolygon","coordinates":[[[[-0.33367372448074406,36.188440287524976],[-0.3195694116060665,36.19354600572453],[-0.31888864917945997,36.191665430674576],[-0.33299296205413753,36.186559712475024],[-0.33367372448074406,36.188440287524976]]],[[[-0.31452759276787073,36.19430762426607],[-0.32025017403267303,36.19542658077449],[-0.31820788675285344,36.189784855624616],[-0.31452759276787073,36.19430762426607]]]]},"properties":{"speed":0.1155,"dir_deg":70.1,"type":"ضعيف"}},{"type":"Feature","geometry":{"type":"MultiPolygon","coordinates":[[[[-0.29206137245232555,36.188418803298084],[-0.27827932298107133,36.19433953909458],[-0.27748989154153864,36.19250193249841],[-0.29127194101279286,36.186581196701916],[-0.29206137245232555,36.188418803298084]]],[[[-0.2732905907708869,36.19539431439533],[-0.279068754420604,36.19617714569075],[-0.27670046010200594,36.19066432590224],[-0.2732905907708869,36.19539431439533]]]]},"properties":{"speed":0.1399,"dir_deg":66.8,"type":"ضعيف"}},{"type":"Feature","geometry":{"type":"MultiPolygon","coordinates":[[[[-0.25041357989926516,36.188410467828604],[-0.2367565624701974,36.19461416631758],[-0.2359294026716671,36.19279323066037],[-0.24958642010073484,36.186589532171396],[-0.25041357989926516,36.188410467828604]]],[[[-0.23179064342790967,36.195771597985306],[-0.23758372226872773,36.196435101974785],[-0.23510224287313677,36.190972295003164],[-0.23179064342790967,36.195771597985306]]]]},"properties":{"speed":0.1658,"dir_deg":65.6,"type":"ضعيف"}},{"type":"Feature","geometry":{"type":"MultiPolygon","coordinates":[[[[-0.2087734359393212,36.18839794505631],[-0.19530426009467233,36.194999558651936],[-0.19442404494858911,36.19320366853932],[-0.207893220793238,36.18660205494369],[-0.2087734359393212,36.18839794505631]]],[[[-0.1903744272400811,36.196302151460834],[-0.19618447524075552,36.196795448764554],[-0.19354382980250592,36.1914077784267],[-0.1903744272400811,36.196302151460834]]]]},"properties":{"speed":0.198,"dir_deg":63.9,"type":"متوسط"}},{"type":"Feature","geometry":{"type":"MultiPolygon","coordinates":[[[[-0.16713034350032296,36.18838600699778],[-0.15384023853357076,36.19534108499682],[-0.15291289480036563,36.19356907100126],[-0.16620299976711783,36.18661399300222],[-0.16713034350032296,36.18838600699778]]],[[[-0.1489465316780508,36.19677343733205],[-0.1547675822667759,36.19711309899239],[-0.1519855510671605,36.19179705700569],[-0.1489465316780508,36.19677343733205]]]]},"properties":{"speed":0.2421,"dir_deg":62.4,"type":"متوسط"}},{"type":"Feature","geometry":{"type":"MultiPolygon","coordinates":[[[[-0.12549914788685113,36.188366516812906],[-0.11250139569323281,36.19585373511567],[-0.11150309991953053,36.19412070148986],[-0.12450085211314886,36.186633483187094],[-0.12549914788685113,36.188366516812906]]],[[[-0.10766966374184223,36.19748295773702],[-0.11349969146693507,36.19758676874149],[-0.11050480414582826,36.19238766786404],[-0.10766966374184223,36.19748295773702]]]]},"properties":{"speed":0.3039,"dir_deg":60.1,"type":"متوسط"}},{"type":"Feature","geometry":{"type":"MultiPolygon","coordinates":[[[[-0.08392507339892288,36.18830613065565],[-0.07183311356421103,36.197182194386585],[-0.07064963840008566,36.19556993307529],[-0.08274159823479751,36.18669386934435],[-0.08392507339892288,36.18830613065565]]],[[[-0.06721072270391105,36.19933475164125],[-0.07301658872833641,36.19879445569788],[-0.06946616323596028,36.193957671764],[-0.06721072270391105,36.19933475164125]]]]},"properties":{"speed":0.3968,"dir_deg":53.7,"type":"قوي"}},{"type":"Feature","geometry":{"type":"MultiPolygon","coordinates":[[[[-0.04235872453231233,36.188221843216596],[-0.031531076283423554,36.19860269257483],[-0.030146963035659096,36.19715900614164],[-0.04097461128454787,36.186778156783404],[-0.04235872453231233,36.188221843216596]]],[[[-0.0272298035765784,36.201341132477644],[-0.032915189531188015,36.200046379008015],[-0.02876284978789464,36.195715319708455],[-0.0272298035765784,36.201341132477644]]]]},"properties":{"speed":0.5227,"dir_deg":46.2,"type":"قوي"}},{"type":"Feature","geometry":{"type":"MultiPolygon","coordinates":[[[[-0.0007278581584490969,36.1881857277165],[0.009558057589081362,36.19910360009324],[0.011013773905979556,36.197732144660236],[0.0007278581584490969,36.1868142722835],[-0.0007278581584490969,36.1881857277165]]],[[[0.013714554330040613,36.20205716316898],[0.008102341272183167,36.20047505552624],[0.01246949022287775,36.196360689227234],[0.013714554330040613,36.20205716316898]]]]},"properties":{"speed":0.5927,"dir_deg":43.3,"type":"قوي"}},{"type":"Feature","geometry":{"type":"MultiPolygon","coordinates":[[[[0.04088597183964727,36.1881249109122],[0.05025963552265202,36.199835351943946],[0.051821027660217685,36.198585530119544],[0.04244736397721293,36.1868750890878],[0.04088597183964727,36.1881249109122]]],[[[0.054164886152436434,36.20311392137565],[0.04869824338508636,36.20108517376835],[0.05338241979778335,36.19733570829514],[0.054164886152436434,36.20311392137565]]]]},"properties":{"speed":0.5808,"dir_deg":38.7,"type":"قوي"}},{"type":"Feature","geometry":{"type":"MultiPolygon","coordinates":[[[[0.08249145852371287,36.188039668994186],[0.09058649343646388,36.200667828391396],[0.09227024802275854,36.19958849040302],[0.08417521311000753,36.186960331005814],[0.08249145852371287,36.188039668994186]]],[[[0.09412671570052822,36.20433754586295],[0.08890273885016922,36.20174716637976],[0.0939540026090532,36.19850915241466],[0.09412671570052822,36.20433754586295]]]]},"properties":{"speed":0.4806,"dir_deg":32.7,"type":"قوي"}},{"type":"Feature","geometry":{"type":"MultiPolygon","coordinates":[[[[0.12410578877507532,36.187947645267165],[0.13082046778260864,36.20136081364104],[0.13260889023245798,36.20046552310671],[0.12589421122492467,36.187052354732835],[0.12410578877507532,36.187947645267165]]],[[[0.13395290534337775,36.205384224498495],[0.12903204533275928,36.202256104175376],[0.13439731268230734,36.19957023257237],[0.13395290534337775,36.205384224498495]]]]},"properties":{"speed":0.3354,"dir_deg":26.6,"type":"متوسط"}},{"type":"Feature","geometry":{"type":"MultiPolygon","coordinates":[[[[0.16570777840414078,36.18778376711273],[0.16996428509507105,36.20216716555642],[0.1718820715542303,36.201599631330964],[0.16762556486330002,36.18721623288727],[0.16570777840414078,36.18778376711273]]],[[[0.1723420138882941,36.20667786459159],[0.16804649863591184,36.20273469978188],[0.1737998580133895,36.201032097105504],[0.1723420138882941,36.20667786459159]]]]},"properties":{"speed":0.2299,"dir_deg":16.5,"type":"متوسط"}},{"type":"Feature","geometry":{"type":"MultiPolygon","coordinates":[[[[0.20733487425583683,36.187555582275415],[0.2081686083870119,36.20253239393206],[0.21016551660789745,36.20242122938123],[0.20933178247672238,36.187444417724585],[0.20733487425583683,36.187555582275415]]],[[[0.20944497387451305,36.20746908220885],[0.20617170016612638,36.20264355848288],[0.21216242482878298,36.20231006483041],[0.20944497387451305,36.20746908220885]]]]},"properties":{"speed":0.1421,"dir_deg":3.2,"type":"ضعيف"}},{"type":"Feature","geometry":{"type":"MultiPolygon","coordinates":[[[[0.2490135435321125,36.18766402328177],[0.25147389275867554,36.20246087030008],[0.2534468056944506,36.20213282373654],[0.25098645646788753,36.18733597671823],[0.2490135435321125,36.18766402328177]]],[[[0.2532804656354174,36.20722912935775],[0.24950097982290054,36.202788916863625],[0.2554197186302256,36.201804777172995],[0.2532804656354174,36.20722912935775]]]]},"properties":{"speed":0.1205,"dir_deg":9.4,"type":"ضعيف"}},{"type":"Feature","geometry":{"type":"MultiPolygon","coordinates":[[[[0.29098648953139716,36.188233057009015],[0.30198234466659574,36.19843556502644],[0.3033426790689198,36.196969451008414],[0.29234682393372124,36.186766942990985],[0.29098648953139716,36.188233057009015]]],[[[0.30632779691282397,36.20110334402324],[0.3006220102642717,36.199901679044466],[0.30470301347124384,36.19550333699039],[0.30632779691282397,36.20110334402324]]]]},"properties":{"speed":0.0739,"dir_deg":47.1,"type":"ضعيف"}},{"type":"Feature","geometry":{"type":"MultiPolygon","coordinates":[[[[-0.41652829118095835,36.230158319459086],[-0.40167257278098545,36.228082836185074],[-0.40194930388418715,36.226102073731745],[-0.41680502228416005,36.22817755700576],[-0.41652829118095835,36.230158319459086]]],[[[-0.396859032199262,36.226400627200405],[-0.40139584167778375,36.2300635986384],[-0.40222603498738885,36.22412131127842],[-0.396859032199262,36.226400627200405]]]]},"properties":{"speed":0.0873,"dir_deg":98.0,"type":"ضعيف"}},{"type":"Feature","geometry":{"type":"MultiPolygon","coordinates":[[[[-0.37502608565435197,36.23016759794384],[-0.3600311899830466,36.23055888275912],[-0.3599790186743427,36.22855956333628],[-0.37497391434564803,36.228168278521004],[-0.37502608565435197,36.23016759794384]]],[[[-0.3550068057715929,36.22968965131946],[-0.3600833612917506,36.23255820218196],[-0.3599268473656387,36.22656024391344],[-0.3550068057715929,36.22968965131946]]]]},"properties":{"speed":0.0989,"dir_deg":88.5,"type":"ضعيف"}},{"type":"Feature","geometry":{"type":"MultiPolygon","coordinates":[[[[-0.3334527168492456,36.230160787640926],[-0.318559975721683,36.231951391368],[-0.3183212285580734,36.22996569255099],[-0.333213969685636,36.22817508882392],[-0.3334527168492456,36.230160787640926]]],[[[-0.31347635509735733,36.23155540986852],[-0.31879872288529265,36.23393709018501],[-0.3180824813944637,36.22797999373398],[-0.31347635509735733,36.23155540986852]]]]},"properties":{"speed":0.1094,"dir_deg":83.1,"type":"ضعيف"}},{"type":"Feature","geometry":{"type":"MultiPolygon","coordinates":[[[[-0.29187633283445596,36.23014570913212],[-0.2772097693390079,36.233290850660566],[-0.2767904171352144,36.231335308861176],[-0.29145698063066244,36.22819016733273],[-0.29187633283445596,36.23014570913212]]],[[[-0.2721112387386285,36.23336146027036],[-0.2776291215428015,36.23524639245996],[-0.27637106493142083,36.22937976706178],[-0.2721112387386285,36.23336146027036]]]]},"properties":{"speed":0.1201,"dir_deg":77.9,"type":"ضعيف"}},{"type":"Feature","geometry":{"type":"MultiPolygon","coordinates":[[[[-0.25028518425162777,36.23012641094597],[-0.2359080935483495,36.23440417472039],[-0.23533772504509395,36.23248722929329],[-0.24971481574837223,36.22820946551887],[-0.25028518425162777,36.23012641094597]]],[[[-0.2308305457289623,36.23487162326498],[-0.236478462051605,36.236321120147494],[-0.23476735654183845,36.230570283866186],[-0.2308305457289623,36.23487162326498]]]]},"properties":{"speed":0.1319,"dir_deg":73.4,"type":"ضعيف"}},{"type":"Feature","geometry":{"type":"MultiPolygon","coordinates":[[[[-0.20869658105057054,36.230099628893186],[-0.19472122113910598,36.23554841915755],[-0.1939947157705241,36.233685037836025],[-0.20797007568198866,36.22823624757166],[-0.20869658105057054,36.230099628893186]]],[[[-0.1896995151509935,36.23643299191824],[-0.19544772650768785,36.23741180047908],[-0.19326821040194223,36.2318216565145],[-0.1896995151509935,36.23643299191824]]]]},"properties":{"speed":0.1505,"dir_deg":68.7,"type":"ضعيف"}},{"type":"Feature","geometry":{"type":"MultiPolygon","coordinates":[[[[-0.16712198625197028,36.230058268844274],[-0.15376702707412948,36.23688798811802],[-0.15285639783762972,36.235107326894315],[-0.16621135701547052,36.22827760762057],[-0.16712198625197028,36.230058268844274]]],[[[-0.14886005939659935,36.23827423059742],[-0.1546776563106292,36.23866864934173],[-0.15194576860113,36.2333266656706],[-0.14886005939659935,36.23827423059742]]]]},"properties":{"speed":0.1796,"dir_deg":62.9,"type":"ضعيف"}},{"type":"Feature","geometry":{"type":"MultiPolygon","coordinates":[[[[-0.1255425463963836,36.23000796406998],[-0.11294215883295868,36.23814616001574],[-0.11185706604019148,36.236466108340615],[-0.1244574536036164,36.22832791239486],[-0.1255425463963836,36.23000796406998]]],[[[-0.10819948324876677,36.24001886616009],[-0.11402725162572587,36.23982621169086],[-0.11077197324742429,36.23478605666549],[-0.10819948324876677,36.24001886616009]]]]},"properties":{"speed":0.2327,"dir_deg":57.1,"type":"متوسط"}},{"type":"Feature","geometry":{"type":"MultiPolygon","coordinates":[[[[-0.08395532151245579,36.22995096683629],[-0.07220989245444527,36.239280752270226],[-0.0709659210632541,36.237714695062486],[-0.08271135012126461,36.22838490962855],[-0.08395532151245579,36.22995096683629]]],[[[-0.06767276373951284,36.24160765214433],[-0.07345386384563643,36.24084680947796],[-0.06972194967206294,36.236148637854754],[-0.06767276373951284,36.24160765214433]]]]},"properties":{"speed":0.3171,"dir_deg":51.5,"type":"متوسط"}},{"type":"Feature","geometry":{"type":"MultiPolygon","coordinates":[[[[-0.042375933429857175,36.22987287966269],[-0.03180181197576823,36.2405118624841],[-0.030383280932914074,36.239101979623555],[-0.040957402387003024,36.22846299680215],[-0.042375933429857175,36.22987287966269]]],[[[-0.027567839302978167,36.243353248660966],[-0.03322034301862239,36.24192174534465],[-0.028964749890059916,36.237692096763006],[-0.027567839302978167,36.243353248660966]]]]},"properties":{"speed":0.4373,"dir_deg":44.8,"type":"قوي"}},{"type":"Feature","geometry":{"type":"MultiPolygon","coordinates":[[[[-0.0007498386502669846,36.22982955896862],[0.009174472392687183,36.24107713872262],[0.010674149693221153,36.23975389725023],[0.0007498386502669846,36.228506317496226],[-0.0007498386502669846,36.22982955896862]]],[[[0.013232414723938891,36.24416471123776],[0.007674795092153214,36.242400380195015],[0.012173826993755122,36.23843065577784],[0.013232414723938891,36.24416471123776]]]]},"properties":{"speed":0.5449,"dir_deg":41.4,"type":"قوي"}},{"type":"Feature","geometry":{"type":"MultiPolygon","coordinates":[[[[0.04086803673925858,36.229769759016065],[0.04989534849394171,36.24174922655364],[0.05149261083228475,36.24054558498635],[0.04246529907760162,36.22856611744878],[0.04086803673925858,36.229769759016065]]],[[[0.053703083581340946,36.245140561615855],[0.04829808615559868,36.24295286812093],[0.053089873170627785,36.239341943419056],[0.053703083581340946,36.245140561615855]]]]},"properties":{"speed":0.6076,"dir_deg":37.0,"type":"قوي"}},{"type":"Feature","geometry":{"type":"MultiPolygon","coordinates":[[[[0.08247990264635868,36.22968914051896],[0.09029793694436085,36.24249063807648],[0.09200480328536388,36.24144823350341],[0.08418676898736172,36.22864673594589],[0.08247990264635868,36.22968914051896]]],[[[0.09375738154752976,36.24623660164245],[0.0885910706033578,36.243533042649545],[0.09371166962636693,36.24040582893035],[0.09375738154752976,36.24623660164245]]]]},"properties":{"speed":0.5864,"dir_deg":31.4,"type":"قوي"}},{"type":"Feature","geometry":{"type":"MultiPolygon","coordinates":[[[[0.12410095568924537,36.22960579588886],[0.1306688205357869,36.243091460550175],[0.13246690915729617,36.2422157452373],[0.12589904431075463,36.228730080575986],[0.12410095568924537,36.22960579588886]]],[[[0.13375715312872208,36.247148824447514],[0.12887073191427761,36.24396717586305],[0.13426499777880546,36.24134002992443],[0.13375715312872208,36.247148824447514]]]]},"properties":{"speed":0.4484,"dir_deg":26.0,"type":"قوي"}},{"type":"Feature","geometry":{"type":"MultiPolygon","coordinates":[[[[0.16572353767710205,36.22950035113812],[0.17070973126254504,36.243647360487394],[0.17259599917578175,36.242982534675996],[0.16760980559033875,36.22883552532672],[0.16572353767710205,36.22950035113812]]],[[[0.1733149297476444,36.24803061736479],[0.1688234633493083,36.244312186298785],[0.17448226708901848,36.242317708864604],[0.1733149297476444,36.24803061736479]]]]},"properties":{"speed":0.2963,"dir_deg":19.4,"type":"متوسط"}},{"type":"Feature","geometry":{"type":"MultiPolygon","coordinates":[[[[0.20736071939935036,36.22940038564034],[0.21084743051815327,36.243989520144275],[0.21279264845201176,36.24352462532844],[0.20930593733320885,36.228935490824504],[0.20736071939935036,36.22940038564034]]],[[[0.2129822765246835,36.24862011757101],[0.20890221258429476,36.24445441496012],[0.21473786638587028,36.2430597305126],[0.2129822765246835,36.24862011757101]]]]},"properties":{"speed":0.1808,"dir_deg":13.4,"type":"ضعيف"}},{"type":"Feature","geometry":{"type":"MultiPolygon","coordinates":[[[[0.24904055679219575,36.2294498402207],[0.25326908661645064,36.243841488337765],[0.2551879730320592,36.2432776843612],[0.2509594432078043,36.22888603624414],[0.24904055679219575,36.2294498402207]]],[[[0.25563803976567323,36.24835680238851],[0.25135020020084214,36.24440529231433],[0.2571068594476677,36.242713880384635],[0.25563803976567323,36.24835680238851]]]]},"properties":{"speed":0.1472,"dir_deg":16.4,"type":"ضعيف"}},{"type":"Feature","geometry":{"type":"MultiPolygon","coordinates":[[[[0.2908049474728306,36.22967534058923],[0.2984159828250039,36.24260097948516],[0.30013940134446115,36.24158617477154],[0.2925283659922878,36.22866053587561],[0.2908049474728306,36.22967534058923]]],[[[0.3018147038687903,36.246402123426996],[0.29669256430554664,36.24361578419879],[0.30186281986391844,36.240571370057914],[0.3018147038687903,36.246402123426996]]]]},"properties":{"speed":0.0886,"dir_deg":30.5,"type":"ضعيف"}},{"type":"Feature","geometry":{"type":"MultiPolygon","coordinates":[[[[0.3323518794708733,36.22935958586749],[0.3352265939968993,36.244081542816005],[0.3371895215900343,36.243698247545865],[0.3343148070640083,36.22897629059735],[0.3323518794708733,36.22935958586749]]],[[[0.33716629596880876,36.24879721416377],[0.3332636664037643,36.24446483808614],[0.3391524491831693,36.24331495227573],[0.33716629596880876,36.24879721416377]]]]},"properties":{"speed":0.0597,"dir_deg":11.0,"type":"ضعيف"}},{"type":"Feature","geometry":{"type":"MultiPolygon","coordinates":[[[[0.3749824059617297,36.22816809301949],[0.35998472776779245,36.22843200359355],[0.360019915844333,36.23043169401941],[0.3750175940382703,36.23016778344535],[0.3749824059617297,36.22816809301949]]],[[[0.3550030957414169,36.22951981899783],[0.3599495396912518,36.22643231316769],[0.36005510392087364,36.23243138444526],[0.3550030957414169,36.22951981899783]]]]},"properties":{"speed":0.0236,"dir_deg":271.0,"type":"ضعيف"}},{"type":"Feature","geometry":{"type":"MultiPolygon","coordinates":[[[[0.41718673774226656,36.22831382129468],[0.4043749836761013,36.220512606149065],[0.4033348216566866,36.222220840024555],[0.41614657572285185,36.23002205517017],[0.41718673774226656,36.22831382129468]]],[[[0.39958431797767224,36.21876631803828],[0.405415145695516,36.218804372273574],[0.4022946596372719,36.223929073900045],[0.39958431797767224,36.21876631803828]]]]},"properties":{"speed":0.0523,"dir_deg":238.7,"type":"ضعيف"}},{"type":"Feature","geometry":{"type":"MultiPolygon","coordinates":[[[[-0.4164694622398664,36.27181242615496],[-0.4017639964291001,36.26885450876457],[-0.4021583854144857,36.26689377998981],[-0.416863851225252,36.2698516973802],[-0.4164694622398664,36.27181242615496]]],[[[-0.39705936898487076,36.26688817191372],[-0.4013696074437145,36.27081523753934],[-0.40255277439987125,36.26493305121504],[-0.39705936898487076,36.26688817191372]]]]},"properties":{"speed":0.118,"dir_deg":101.4,"type":"ضعيف"}},{"type":"Feature","geometry":{"type":"MultiPolygon","coordinates":[[[[-0.37488750763257933,36.2718257143564],[-0.3599827188002536,36.27013832884509],[-0.36020770353509496,36.26815102366744],[-0.37511249236742067,36.26983840917875],[-0.37488750763257933,36.2718257143564]]],[[[-0.35512694822356566,36.26858221441916],[-0.35975773406541234,36.272125634022736],[-0.36043268826993624,36.2661637184898],[-0.35512694822356566,36.26858221441916]]]]},"properties":{"speed":0.1347,"dir_deg":96.5,"type":"ضعيف"}},{"type":"Feature","geometry":{"type":"MultiPolygon","coordinates":[[[[-0.3332876188849904,36.27183101586104],[-0.31830330748302255,36.27114515012428],[-0.3183947562479233,36.26914724193736],[-0.33337906764989117,36.26983310767412],[-0.3332876188849904,36.27183101586104]]],[[[-0.31335426139815026,36.26991757411857],[-0.31821185871812185,36.27314305831121],[-0.318486205012824,36.26714933375043],[-0.31335426139815026,36.26991757411857]]]]},"properties":{"speed":0.1441,"dir_deg":92.6,"type":"ضعيف"}},{"type":"Feature","geometry":{"type":"MultiPolygon","coordinates":[[[[-0.2916722151485213,36.27183204631947],[-0.2766724468702212,36.2719154225589],[-0.27666133003829696,36.26991545345512],[-0.2916610983165971,36.26983207721569],[-0.2916722151485213,36.27183204631947]]],[[[-0.27166696569482573,36.27094323008682],[-0.27668356370214536,36.27391539166267],[-0.2766502132063728,36.26791548435135],[-0.27166696569482573,36.27094323008682]]]]},"properties":{"speed":0.1463,"dir_deg":89.7,"type":"ضعيف"}},{"type":"Feature","geometry":{"type":"MultiPolygon","coordinates":[[[[-0.25009771127515656,36.271827276571884],[-0.23516948921058572,36.27329294569923],[-0.23497406666027265,36.27130251609062],[-0.24990228872484346,36.26983684696327],[-0.25009771127515656,36.271827276571884]]],[[[-0.23009570391390557,36.27278628727071],[-0.2353649117608988,36.27528337530784],[-0.23477864410995958,36.26931208648201],[-0.23009570391390557,36.27278628727071]]]]},"properties":{"speed":0.1482,"dir_deg":84.4,"type":"ضعيف"}},{"type":"Feature","geometry":{"type":"MultiPolygon","coordinates":[[[[-0.2085703522443761,36.27180356559218],[-0.19399779487537858,36.275358923763626],[-0.1935237471191856,36.27341591611442],[-0.20809630448818311,36.26986055794298],[-0.2085703522443761,36.27180356559218]]],[[[-0.18890325187428292,36.27557253932951],[-0.19447184263157152,36.27730193141282],[-0.19304969936299265,36.27147290846523],[-0.18890325187428292,36.27557253932951]]]]},"properties":{"speed":0.1558,"dir_deg":76.3,"type":"ضعيف"}},{"type":"Feature","geometry":{"type":"MultiPolygon","coordinates":[[[[-0.16708198906970326,36.27174173831854],[-0.15343684080528566,36.27797149985828],[-0.15260620593331994,36.27615214675636],[-0.16625135419773754,36.26992238521662],[-0.16708198906970326,36.27174173831854]]],[[[-0.14847314061449693,36.279138410487235],[-0.1542674756772514,36.279790852960204],[-0.1517755710613542,36.27433279365444],[-0.14847314061449693,36.279138410487235]]]]},"properties":{"speed":0.1745,"dir_deg":65.5,"type":"ضعيف"}},{"type":"Feature","geometry":{"type":"MultiPolygon","coordinates":[[[[-0.12558069766058338,36.271646181062884],[-0.1133689082309615,36.28035664597164],[-0.11220751290979476,36.278728407381024],[-0.12441930233941663,36.27001794247227],[-0.12558069766058338,36.271646181062884]]],[[[-0.10871761409383751,36.28244601497924],[-0.11453030355212826,36.281984884562256],[-0.11104611758862801,36.277100168790405],[-0.10871761409383751,36.28244601497924]]]]},"properties":{"speed":0.223,"dir_deg":54.5,"type":"متوسط"}},{"type":"Feature","geometry":{"type":"MultiPolygon","coordinates":[[[[-0.08400698898588715,36.2715711094033],[-0.07292127445012153,36.2816759069387],[-0.07157396811206762,36.280197811667264],[-0.08265968264783324,36.27009301413186],[-0.08400698898588715,36.2715711094033]]],[[[-0.06855238310250604,36.284305125148116],[-0.07426858078817546,36.28315400221014],[-0.0702266617740137,36.27871971639583],[-0.06855238310250604,36.284305125148116]]]]},"properties":{"speed":0.2985,"dir_deg":47.7,"type":"متوسط"}},{"type":"Feature","geometry":{"type":"MultiPolygon","coordinates":[[[[-0.042400396824307754,36.27151150409626],[-0.032208761894075705,36.28251743783442],[-0.030741304062320396,36.28115855317706],[-0.040932938992552445,36.270152619438896],[-0.042400396824307754,36.27151150409626]]],[[[-0.028077821334787367,36.28550664008513],[-0.03367621972583101,36.283876322491786],[-0.029273846230565094,36.27979966851969],[-0.028077821334787367,36.28550664008513]]]]},"properties":{"speed":0.3875,"dir_deg":42.8,"type":"قوي"}},{"type":"Feature","geometry":{"type":"MultiPolygon","coordinates":[[[[-0.0007831455719553883,36.27145390018158],[0.00854443063805224,36.28320108376091],[0.010110721781963017,36.28195740693291],[0.0007831455719553883,36.27021022335358],[-0.0007831455719553883,36.27145390018158]]],[[[0.01243676828001017,36.286494973206686],[0.006978139494141463,36.28444476058891],[0.011677012925873793,36.28071373010491],[0.01243676828001017,36.286494973206686]]]]},"properties":{"speed":0.4778,"dir_deg":38.5,"type":"قوي"}},{"type":"Feature","geometry":{"type":"MultiPolygon","coordinates":[[[[0.04082414608457111,36.27137072397743],[0.048904079232332746,36.28400855133531],[0.05058912288005072,36.282931226915615],[0.042509189732289086,36.27029339955773],[0.04082414608457111,36.27137072397743]]],[[[0.052439912105445616,36.287682498244756],[0.047219035584614766,36.285085875755016],[0.0522741665277687,36.28185390249591],[0.052439912105445616,36.287682498244756]]]]},"properties":{"speed":0.5698,"dir_deg":32.6,"type":"قوي"}},{"type":"Feature","geometry":{"type":"MultiPolygon","coordinates":[[[[0.08244080112933336,36.27128304051604],[0.08920548235621348,36.28467106082894],[0.09099055173126716,36.28376910333202],[0.08422587050438704,36.27038108301912],[0.08244080112933336,36.27128304051604]]],[[[0.09235291078603369,36.28868275551812],[0.08742041298115978,36.285573018325856],[0.09277562110632086,36.282867145835105],[0.09235291078603369,36.28868275551812]]]]},"properties":{"speed":0.6171,"dir_deg":26.8,"type":"قوي"}},{"type":"Feature","geometry":{"type":"MultiPolygon","coordinates":[[[[0.12407569256400869,36.271213710511546],[0.12980042372350534,36.28507832205142],[0.13164903859548796,36.28431502456348],[0.1259243074359913,36.27045041302361],[0.12407569256400869,36.271213710511546]]],[[[0.13263297487932887,36.2893182104874],[0.1279518088515227,36.28584161953935],[0.13349765346747058,36.283551727075555],[0.13263297487932887,36.2893182104874]]]]},"properties":{"speed":0.5328,"dir_deg":22.4,"type":"قوي"}},{"type":"Feature","geometry":{"type":"MultiPolygon","coordinates":[[[[0.16571731087167127,36.27114624983782],[0.1704301319252805,36.285386661268554],[0.17232885344937876,36.28475828512807],[0.16761603239576953,36.27051787369734],[0.16571731087167127,36.27114624983782]]],[[[0.17295043303853272,36.28981927700856],[0.16853141040118227,36.28601503740904],[0.174227574973477,36.28412990898759],[0.17295043303853272,36.28981927700856]]]]},"properties":{"speed":0.3569,"dir_deg":18.3,"type":"متوسط"}},{"type":"Feature","geometry":{"type":"MultiPolygon","coordinates":[[[[0.20735866453324353,36.27105573655957],[0.21071378641308197,36.28567569405511],[0.21266311407915411,36.28522834447113],[0.20930799219931567,36.27060838697559],[0.20735866453324353,36.27105573655957]]],[[[0.2128068242060642,36.290325338428296],[0.20876445874700983,36.28612304363909],[0.21461244174522626,36.28478099488715],[0.2128068242060642,36.290325338428296]]]]},"properties":{"speed":0.2147,"dir_deg":12.9,"type":"متوسط"}},{"type":"Feature","geometry":{"type":"MultiPolygon","coordinates":[[[[0.24902622193700863,36.271059561842385],[0.25243872305910076,36.28566623278726],[0.2543862791850835,36.28521123263764],[0.25097377806299137,36.27060456169277],[0.24902622193700863,36.271059561842385]]],[[[0.25455000149612284,36.2903076230274],[0.25049116693311807,36.28612123293687],[0.2563338353110662,36.28475623248803],[0.25455000149612284,36.2903076230274]]]]},"properties":{"speed":0.134,"dir_deg":13.1,"type":"ضعيف"}},{"type":"Feature","geometry":{"type":"MultiPolygon","coordinates":[[[[0.2907872741373302,36.27130817756358],[0.29792901107744946,36.28449891649202],[0.2996877762679075,36.28354668490001],[0.2925460393277882,36.27035594597157],[0.2907872741373302,36.27130817756358]]],[[[0.3011889726527182,36.288419713672155],[0.2961702458869914,36.285451148084036],[0.3014465414583655,36.28259445330799],[0.3011889726527182,36.288419713672155]]]]},"properties":{"speed":0.0971,"dir_deg":28.4,"type":"ضعيف"}},{"type":"Feature","geometry":{"type":"MultiPolygon","coordinates":[[[[0.33262137863442603,36.27153427709163],[0.3431546084952349,36.282213746586855],[0.3445785377612644,36.28080931593875],[0.33404530790045556,36.270129846443524],[0.33262137863442603,36.27153427709163]]],[[[0.3473776497485193,36.28507135442787],[0.34173067922920536,36.28361817723496],[0.3460024670272939,36.27940488529064],[0.3473776497485193,36.28507135442787]]]]},"properties":{"speed":0.0725,"dir_deg":44.6,"type":"ضعيف"}},{"type":"Feature","geometry":{"type":"MultiPolygon","coordinates":[[[[0.37475331416901475,36.27180115727412],[0.3892897467670768,36.2755014447389],[0.3897831184290473,36.27356325372582],[0.37524668583098525,36.26986296626104],[0.37475331416901475,36.27180115727412]]],[[[0.39438191013074936,36.27576577838728],[0.38879637510510623,36.277439635751975],[0.39027649009101784,36.271625062712744],[0.39438191013074936,36.27576577838728]]]]},"properties":{"speed":0.0524,"dir_deg":75.7,"type":"ضعيف"}},{"type":"Feature","geometry":{"type":"MultiPolygon","coordinates":[[[[0.4167508427470325,36.27182851182401],[0.4316975935935409,36.270565721606914],[0.4315292215645943,36.26857282149405],[0.4165824707180859,36.269835611711144],[0.4167508427470325,36.27182851182401]]],[[[0.436595657861237,36.269148341478115],[0.4318659656224874,36.27255862171978],[0.43136084953564774,36.26657992138118],[0.436595657861237,36.269148341478115]]]]},"properties":{"speed":0.0307,"dir_deg":94.8,"type":"ضعيف"}},{"type":"Feature","geometry":{"type":"MultiPolygon","coordinates":[[[[0.4574253275076329,36.27041312575822],[0.45114128736719816,36.284033362155334],[0.452957318886814,36.284871234174055],[0.4592413590272487,36.27125099777694],[0.4574253275076329,36.27041312575822]]],[[[0.4499546230801945,36.28899237696373],[0.44932525584758226,36.283195490136606],[0.4547733504064299,36.28570910619278],[0.4499546230801945,36.28899237696373]]]]},"properties":{"speed":0.0678,"dir_deg":335.2,"type":"ضعيف"}},{"type":"Feature","geometry":{"type":"MultiPolygon","coordinates":[[[[0.4991696189241553,36.27027486586946],[0.4908116804523931,36.28273058200713],[0.4924724426040825,36.28384497380337],[0.5008303810758448,36.271389257665696],[0.4991696189241553,36.27027486586946]]],[[[0.4888560820376504,36.287439683284475],[0.4891509183007036,36.2816161902109],[0.494133204755772,36.284959365599605],[0.4888560820376504,36.287439683284475]]]]},"properties":{"speed":0.1074,"dir_deg":326.1,"type":"ضعيف"}},{"type":"Feature","geometry":{"type":"MultiPolygon","coordinates":[[[[-0.416494467106426,36.31348506382162],[-0.40171850978222107,36.31090221942962],[-0.40206288903448745,36.30893209178639],[-0.4168388463586924,36.31151493617838],[-0.416494467106426,36.31348506382162]]],[[[-0.39696538030028594,36.30905620747733],[-0.40137413052995474,36.31287234707285],[-0.40240726828675377,36.30696196414316],[-0.39696538030028594,36.30905620747733]]]]},"properties":{"speed":0.1603,"dir_deg":99.9,"type":"ضعيف"}},{"type":"Feature","geometry":{"type":"MultiPolygon","coordinates":[[[[-0.37486949924349444,36.31349144820972],[-0.35999777609773614,36.31153393686213],[-0.36025877761074726,36.3095510404427],[-0.37513050075650556,36.31150855179028],[-0.37486949924349444,36.31349144820972]]],[[[-0.3551710358056556,36.30988998486989],[-0.359736774584725,36.31351683328157],[-0.3605197791237584,36.307568144023264],[-0.3551710358056556,36.30988998486989]]]]},"properties":{"speed":0.1813,"dir_deg":97.5,"type":"ضعيف"}},{"type":"Feature","geometry":{"type":"MultiPolygon","coordinates":[[[[-0.33324321978451893,36.3134959305989],[-0.3183042608010135,36.31214407835507],[-0.3184845077668572,36.310152217157274],[-0.33342346675036266,36.3115040694011],[-0.33324321978451893,36.3134959305989]]],[[[-0.31341473128943353,36.310697530341564],[-0.3181240138351698,36.31413593955287],[-0.3186647547327009,36.30816035595947],[-0.31341473128943353,36.310697530341564]]]]},"properties":{"speed":0.1919,"dir_deg":95.2,"type":"متوسط"}},{"type":"Feature","geometry":{"type":"MultiPolygon","coordinates":[[[[-0.29158541083734013,36.313496694087725],[-0.2766349995214344,36.31227800565944],[-0.27679749131187253,36.31028461748399],[-0.2917479026277783,36.311503305912275],[-0.29158541083734013,36.313496694087725]]],[[[-0.27173277497801823,36.31087508209562],[-0.2764725077309963,36.31427139383489],[-0.2769599831023106,36.30829122930853],[-0.27173277497801823,36.31087508209562]]]]},"properties":{"speed":0.1911,"dir_deg":94.7,"type":"متوسط"}},{"type":"Feature","geometry":{"type":"MultiPolygon","coordinates":[[[[-0.24998385976538032,36.31349986973793],[-0.2349858136964437,36.31325776621863],[-0.23501809416568306,36.31125802674277],[-0.25001614023461965,36.31150013026207],[-0.24998385976538032,36.31349986973793]]],[[[-0.23000260524141786,36.312177195307605],[-0.23495353322720436,36.31525750569449],[-0.2350503746349224,36.309258287266914],[-0.23000260524141786,36.312177195307605]]]]},"properties":{"speed":0.1853,"dir_deg":90.9,"type":"ضعيف"}},{"type":"Feature","geometry":{"type":"MultiPolygon","coordinates":[[[[-0.20847998773971818,36.313489187054195],[-0.1936421819268264,36.315689077655776],[-0.19334886317994923,36.313710703547386],[-0.20818666899284102,36.311510812945805],[-0.20847998773971818,36.313489187054195]]],[[[-0.18854958728242385,36.31543318746877],[-0.19393550067370355,36.31766745176416],[-0.19305554443307207,36.311732329439],[-0.18854958728242385,36.31543318746877]]]]},"properties":{"speed":0.1837,"dir_deg":81.6,"type":"ضعيف"}},{"type":"Feature","geometry":{"type":"MultiPolygon","coordinates":[[[[-0.16702931454290473,36.31343192817342],[-0.15305039194156952,36.31887157181119],[-0.15232510612320085,36.31700771546434],[-0.16630402872453606,36.31156807182658],[-0.16702931454290473,36.31343192817342]]],[[[-0.14802810816527343,36.31975285818368],[-0.15377567775993822,36.32073542815803],[-0.15159982030483216,36.3151438591175],[-0.14802810816527343,36.31975285818368]]]]},"properties":{"speed":0.1969,"dir_deg":68.7,"type":"متوسط"}},{"type":"Feature","geometry":{"type":"MultiPolygon","coordinates":[[[[-0.12555950114477551,36.31332882957778],[-0.11312705747814882,36.32172134674941],[-0.11200805518859776,36.32006368759386],[-0.12444049885522447,36.31167117042222],[-0.12555950114477551,36.31332882957778]]],[[[-0.10842340844449772,36.32369002289551],[-0.11424605976769987,36.32337900590496],[-0.1108890528990467,36.31840602843831],[-0.10842340844449772,36.32369002289551]]]]},"properties":{"speed":0.2343,"dir_deg":56.0,"type":"متوسط"}},{"type":"Feature","geometry":{"type":"MultiPolygon","coordinates":[[[[-0.08402750857280483,36.31321980843626],[-0.07323038202897603,36.32363239977543],[-0.07184203651708676,36.32219278290291],[-0.08263916306091557,36.31178019156374],[-0.08402750857280483,36.31321980843626]]],[[[-0.06893716709175512,36.32638345511889],[-0.07461872754086529,36.32507201664794],[-0.0704536910051975,36.3207531660304],[-0.06893716709175512,36.32638345511889]]]]},"properties":{"speed":0.294,"dir_deg":46.0,"type":"متوسط"}},{"type":"Feature","geometry":{"type":"MultiPolygon","coordinates":[[[[-0.042433994608107754,36.31314125637304],[-0.03281514901253837,36.3246511568682],[-0.03128049561318306,36.32336864412213],[-0.040899341208752445,36.31185874362696],[-0.042433994608107754,36.31314125637304]]],[[[-0.028841540447670913,36.32784653399355],[-0.03434980241189368,36.32593366961428],[-0.02974584221382775,36.32208613137605],[-0.028841540447670913,36.32784653399355]]]]},"properties":{"speed":0.3645,"dir_deg":39.9,"type":"متوسط"}},{"type":"Feature","geometry":{"type":"MultiPolygon","coordinates":[[[[-0.0008167029254406524,36.3130770583433],[0.007839172224118349,36.32532760222491],[0.009472578074999653,36.3241734855383],[0.0008167029254406524,36.3119229416567],[-0.0008167029254406524,36.3130770583433]]],[[[0.011541166866078669,36.32883405850881],[0.006205766373237043,36.326481718911516],[0.011105983925880959,36.323019368851696],[0.011541166866078669,36.32883405850881]]]]},"properties":{"speed":0.43,"dir_deg":35.2,"type":"قوي"}},{"type":"Feature","geometry":{"type":"MultiPolygon","coordinates":[[[[0.04078358760176319,36.312969221879264],[0.04782191579067595,36.326215426479266],[0.049588076404009765,36.32527698272074],[0.04254974821509701,36.312030778120736],[0.04078358760176319,36.312969221879264]]],[[[0.05105110549364711,36.33016160613334],[0.04605575517734214,36.32715387023779],[0.051354237017343575,36.324338538962216],[0.05105110549364711,36.33016160613334]]]]},"properties":{"speed":0.5145,"dir_deg":28.0,"type":"قوي"}},{"type":"Feature","geometry":{"type":"MultiPolygon","coordinates":[[[[0.08239907069161675,36.31285657912972],[0.08774775763745862,36.32687055600837],[0.08961628788794551,36.32615739774893],[0.08426760094210364,36.31214342087028],[0.08239907069161675,36.31285657912972]]],[[[0.09046491841131603,36.33118530250487],[0.08587922738697175,36.32758371426782],[0.09148481813843239,36.325444239489485],[0.09046491841131603,36.33118530250487]]]]},"properties":{"speed":0.6084,"dir_deg":20.9,"type":"قوي"}},{"type":"Feature","geometry":{"type":"MultiPolygon","coordinates":[[[[0.12404255827873571,36.31278862666263],[0.12837195821822583,36.327150252481594],[0.13028684166075444,36.32657299915633],[0.1259574417212643,36.31221137333737],[0.12404255827873571,36.31278862666263]]],[[[0.1307725332526535,36.33164883442529],[0.12645707477569726,36.32772750580686],[0.132201725103283,36.325995745831065],[0.1307725332526535,36.33164883442529]]]]},"properties":{"speed":0.5712,"dir_deg":16.8,"type":"قوي"}},{"type":"Feature","geometry":{"type":"MultiPolygon","coordinates":[[[[0.1656890362011027,36.31271030682559],[0.16884363858497559,36.32737483831486],[0.17079890945021098,36.32695422466367],[0.1676443070663381,36.31228969317441],[0.1656890362011027,36.31271030682559]]],[[[0.1708728081455509,36.332052708652355],[0.16688836771974017,36.32779545196604],[0.1727541803154464,36.32653361101249],[0.1708728081455509,36.332052708652355]]]]},"properties":{"speed":0.4183,"dir_deg":12.1,"type":"قوي"}},{"type":"Feature","geometry":{"type":"MultiPolygon","coordinates":[[[[0.20734023382983294,36.312617316843124],[0.20909998647664071,36.32751373488983],[0.21108617554953404,36.32727910120358],[0.20932642290272627,36.312382683156876],[0.20734023382983294,36.312617316843124]]],[[[0.21067966522868997,36.33236189072893],[0.20711379740374736,36.32774836857607],[0.2130723646224274,36.32704446751734],[0.21067966522868997,36.33236189072893]]]]},"properties":{"speed":0.2465,"dir_deg":6.7,"type":"متوسط"}},{"type":"Feature","geometry":{"type":"MultiPolygon","coordinates":[[[[0.24900072750497398,36.312538137654414],[0.24957279232123725,36.327527225079805],[0.2515713373112893,36.32745094977098],[0.250999272495026,36.312461862345586],[0.24900072750497398,36.312538137654414]]],[[[0.25076275308835105,36.33248544990052],[0.24757424733118522,36.32760350038864],[0.2535698823013413,36.32737467446214],[0.25076275308835105,36.33248544990052]]]]},"properties":{"speed":0.1194,"dir_deg":2.2,"type":"ضعيف"}},{"type":"Feature","geometry":{"type":"MultiPolygon","coordinates":[[[[0.29067279098274984,36.31261059326994],[0.2923316900318395,36.327518579517076],[0.29431942153145824,36.3272973929772],[0.29266052248236857,36.31238940673006],[0.29067279098274984,36.31261059326994]]],[[[0.29387852213134547,36.33237731499619],[0.2903439585322208,36.32773976605696],[0.29630715303107696,36.32707620643732],[0.29387852213134547,36.33237731499619]]]]},"properties":{"speed":0.0642,"dir_deg":6.3,"type":"ضعيف"}},{"type":"Feature","geometry":{"type":"MultiPolygon","coordinates":[[[[0.33249532354400296,36.31304563993909],[0.34067992263033947,36.32561593579066],[0.34235596207721514,36.32452465591248],[0.33417136299087863,36.31195436006091],[0.33249532354400296,36.31304563993909]]],[[[0.3442461420492228,36.329260394468754],[0.33900388318346375,36.32670721566883],[0.34403200152409086,36.3234333760343],[0.3442461420492228,36.329260394468754]]]]},"properties":{"speed":0.0545,"dir_deg":33.1,"type":"ضعيف"}},{"type":"Feature","geometry":{"type":"MultiPolygon","coordinates":[[[[0.3743654252924316,36.31327286152739],[0.3859583482032319,36.322791482140914],[0.38722749761836867,36.32124575908614],[0.3756345747075684,36.31172713847261],[0.3743654252924316,36.31327286152739]]],[[[0.3904572305477337,36.32519149415137],[0.38468919878809504,36.32433720519569],[0.3884966470335055,36.319700036031364],[0.3904572305477337,36.32519149415137]]]]},"properties":{"speed":0.058,"dir_deg":50.6,"type":"ضعيف"}},{"type":"Feature","geometry":{"type":"MultiPolygon","coordinates":[[[[0.41567643377091007,36.31263949367808],[0.4177688389420302,36.32749283810281],[0.4197492848653285,36.32721385074666],[0.41765687969420834,36.31236050632192],[0.41567643377091007,36.31263949367808]]],[[[0.41945653029405267,36.33230445923298],[0.41578839301873194,36.32777182545896],[0.42172973078862674,36.32693486339051],[0.41945653029405267,36.33230445923298]]]]},"properties":{"speed":0.0356,"dir_deg":8.0,"type":"ضعيف"}},{"type":"Feature","geometry":{"type":"MultiPolygon","coordinates":[[[[0.45752579024749346,36.31191020501869],[0.44867886552790076,36.3240235003179],[0.45029397156779544,36.32520309028052],[0.45914089628738813,36.31308979498131],[0.45752579024749346,36.31191020501869]]],[[[0.4465374436413172,36.32865106039895],[0.44706375948800614,36.32284391035529],[0.45190907760769006,36.32638268024313],[0.4465374436413172,36.32865106039895]]]]},"properties":{"speed":0.0964,"dir_deg":323.9,"type":"ضعيف"}},{"type":"Feature","geometry":{"type":"MultiPolygon","coordinates":[[[[0.4992455800708652,36.31184360791403],[0.4893996987813124,36.323159906851046],[0.49090853863958195,36.32447269102299],[0.5007544199291347,36.31315639208597],[0.4992455800708652,36.31184360791403]]],[[[0.4868721582805962,36.3275883985827],[0.4878908589230429,36.32184712267911],[0.49241737849785144,36.32578547519493],[0.4868721582805962,36.3275883985827]]]]},"properties":{"speed":0.125,"dir_deg":319.0,"type":"ضعيف"}},{"type":"Feature","geometry":{"type":"MultiPolygon","coordinates":[[[[0.5410996878708783,36.3116762812889],[0.5287439072043578,36.32018126124895],[0.5298779045323645,36.321828698671155],[0.5422336851988849,36.3133237187111],[0.5410996878708783,36.3116762812889]]],[[[0.5251923123128543,36.323839973280066],[0.5276099098763513,36.31853382382675],[0.5310119018603711,36.323476136093355],[0.5251923123128543,36.323839973280066]]]]},"properties":{"speed":0.1086,"dir_deg":304.5,"type":"ضعيف"}},{"type":"Feature","geometry":{"type":"MultiPolygon","coordinates":[[[[0.5827169748644535,36.311712518743505],[0.5709047560170334,36.32095759775348],[0.5721374332183632,36.32253256026647],[0.5839496520657833,36.313287481256495],[0.5827169748644535,36.311712518743505]]],[[[0.567583688335225,36.324826772013296],[0.5696720788157036,36.31938263524049],[0.573370110419693,36.32410752277946],[0.567583688335225,36.324826772013296]]]]},"properties":{"speed":0.1171,"dir_deg":308.0,"type":"ضعيف"}},{"type":"Feature","geometry":{"type":"MultiPolygon","coordinates":[[[[-0.41653403332044997,36.35515910473234],[-0.40166653582167394,36.353169753550695],[-0.4019317826458924,36.351187420550865],[-0.41679928014466844,36.35317677173251],[-0.41653403332044997,36.35515910473234]]],[[[-0.39684332673419115,36.35151546999024],[-0.4014012889974554,36.35515208655053],[-0.40219702947011093,36.34920508755103],[-0.39684332673419115,36.35151546999024]]]]},"properties":{"speed":0.2047,"dir_deg":97.6,"type":"متوسط"}},{"type":"Feature","geometry":{"type":"MultiPolygon","coordinates":[[[[-0.37487696941174903,36.35516034111148],[-0.35999092622593937,36.35331488228771],[-0.3602369874024413,36.3513300765296],[-0.37512303058825097,36.353175535353365],[-0.37487696941174903,36.35516034111148]]],[[[-0.35515194241892045,36.351707326467405],[-0.3597448650494374,36.35529968804582],[-0.36048304857894325,36.349345270771494],[-0.35515194241892045,36.351707326467405]]]]},"properties":{"speed":0.2136,"dir_deg":97.1,"type":"متوسط"}},{"type":"Feature","geometry":{"type":"MultiPolygon","coordinates":[[[[-0.333220619946658,36.35516156464761],[-0.3183162237188958,36.353470714835865],[-0.3185416703604613,36.35148346200549],[-0.33344606658822357,36.353174311817234],[-0.333220619946658,36.35516156464761]]],[[[-0.31346081496375783,36.351913471816765],[-0.3180907770773302,36.35545796766623],[-0.3187671170020269,36.34949620917512],[-0.31346081496375783,36.351913471816765]]]]},"properties":{"speed":0.2094,"dir_deg":96.5,"type":"متوسط"}},{"type":"Feature","geometry":{"type":"MultiPolygon","coordinates":[[[[-0.2915469118482507,36.35516074292756],[-0.27665484142122687,36.35336456966293],[-0.27689433118984386,36.351378960272655],[-0.2917864016168677,36.353175133537285],[-0.2915469118482507,36.35516074292756]]],[[[-0.2718105628298607,36.35177304054625],[-0.27641535165260994,36.3553501790532],[-0.2771338209584608,36.34939335088239],[-0.2718105628298607,36.35177304054625]]]]},"properties":{"speed":0.2026,"dir_deg":96.9,"type":"متوسط"}},{"type":"Feature","geometry":{"type":"MultiPolygon","coordinates":[[[[-0.24995337461870104,36.355166850677946],[-0.23496968793587117,36.354467469958465],[-0.2350629386984691,36.352469645067416],[-0.25004662538129896,36.3531690257869],[-0.24995337461870104,36.355166850677946]]],[[[-0.23002175108956016,36.35323543060644],[-0.23487643717327322,36.35646529484951],[-0.23515618946106703,36.350471820176374],[-0.23002175108956016,36.35323543060644]]]]},"properties":{"speed":0.1943,"dir_deg":92.7,"type":"متوسط"}},{"type":"Feature","geometry":{"type":"MultiPolygon","coordinates":[[[[-0.2084898219406678,36.355155617209206],[-0.19367463728895254,36.35750302082503],[-0.19336165014017612,36.35552766287146],[-0.2081768347918914,36.35318025925564],[-0.2084898219406678,36.355155617209206]]],[[[-0.18857974883065923,36.35729780972019],[-0.193987624437729,36.35947837877859],[-0.19304866299139967,36.3535523049179],[-0.18857974883065923,36.35729780972019]]]]},"properties":{"speed":0.1913,"dir_deg":81.0,"type":"متوسط"}},{"type":"Feature","geometry":{"type":"MultiPolygon","coordinates":[[[[-0.16704561173874347,36.3550933594321],[-0.15316429374364116,36.360777461007444],[-0.15240641353359502,36.358926618608095],[-0.16628773152869733,36.35324251703275],[-0.16704561173874347,36.3550933594321]]],[[[-0.14815824764025065,36.36174674033288],[-0.15392217395368726,36.36262830340679],[-0.1516485333235489,36.35707577620875],[-0.14815824764025065,36.36174674033288]]]]},"properties":{"speed":0.2075,"dir_deg":67.7,"type":"متوسط"}},{"type":"Feature","geometry":{"type":"MultiPolygon","coordinates":[[[[-0.12554060353313115,36.35500921572527],[-0.11292144114046897,36.36311826872223],[-0.11184023407420669,36.36143571373654],[-0.12445939646686886,36.353326660739576],[-0.12554060353313115,36.35500921572527]]],[[[-0.1081744501431171,36.364980008895046],[-0.11400264820673124,36.36480082370792],[-0.11075902700794442,36.359753158750856],[-0.1081744501431171,36.364980008895046]]]]},"properties":{"speed":0.2406,"dir_deg":57.3,"type":"متوسط"}},{"type":"Feature","geometry":{"type":"MultiPolygon","coordinates":[[[[-0.08402832484123404,36.354886958577055],[-0.0732430196717,36.36531179394266],[-0.07185304162295231,36.363873753253394],[-0.08263834679248636,36.35344891788779],[-0.08402832484123404,36.354886958577055]]],[[[-0.06895292892414814,36.3680677187199],[-0.07463299772044767,36.36674983463193],[-0.07046306357420463,36.36243571256412],[-0.06895292892414814,36.3680677187199]]]]},"properties":{"speed":0.2835,"dir_deg":46.0,"type":"متوسط"}},{"type":"Feature","geometry":{"type":"MultiPolygon","coordinates":[[[[-0.04247003341066055,36.35476342447897],[-0.033537739712463335,36.36681390701242],[-0.03193100870800243,36.36562293451933],[-0.04086330240619965,36.353572451985876],[-0.04247003341066055,36.35476342447897]]],[[[-0.029756942977500478,36.370235248277034],[-0.03514447071692423,36.36800487950551],[-0.030324277703541534,36.36443196202624],[-0.029756942977500478,36.370235248277034]]]]},"properties":{"speed":0.3394,"dir_deg":36.5,"type":"متوسط"}},{"type":"Feature","geometry":{"type":"MultiPolygon","coordinates":[[[[-0.0008627100831320085,36.35467363706815],[0.006722772452872652,36.36761428831513],[0.00844819261913667,36.36660289064367],[0.0008627100831320085,36.35366223939669],[-0.0008627100831320085,36.35467363706815]]],[[[0.010113976714672882,36.37142213989506],[0.0049973522866086344,36.3686256859866],[0.010173612785400686,36.3655914929722],[0.010113976714672882,36.37142213989506]]]]},"properties":{"speed":0.4067,"dir_deg":30.4,"type":"قوي"}},{"type":"Feature","geometry":{"type":"MultiPolygon","coordinates":[[[[0.0407487125911412,36.35456462203025],[0.04669896955859491,36.36833395178959],[0.048534880193172716,36.367540584193925],[0.042584623225719,36.35377125443459],[0.0407487125911412,36.35456462203025]]],[[[0.04960034386503505,36.3725270445782],[0.0448630589240171,36.36912731938525],[0.050370790827750526,36.36674721659826],[0.04960034386503505,36.3725270445782]]]]},"properties":{"speed":0.4856,"dir_deg":23.4,"type":"قوي"}},{"type":"Feature","geometry":{"type":"MultiPolygon","coordinates":[[[[0.08236981718495395,36.354435579496],[0.08638443613862087,36.368888358974594],[0.08831147340243337,36.36835307644744],[0.08429685444876645,36.353900296968845],[0.08236981718495395,36.354435579496]]],[[[0.0886861610884161,36.37343831087055],[0.08445739887480838,36.369423641501754],[0.09023851066624586,36.36781779392028],[0.0886861610884161,36.37343831087055]]]]},"properties":{"speed":0.5941,"dir_deg":15.5,"type":"قوي"}},{"type":"Feature","geometry":{"type":"MultiPolygon","coordinates":[[[[0.12402104202169362,36.354372000175736],[0.1270819711714479,36.369056369850334],[0.12903988712806067,36.368648245963705],[0.12597895797830638,36.35396387628911],[0.12402104202169362,36.354372000175736]]],[[[0.12908123886633904,36.37374709779855],[0.12512405521483516,36.36946449373697],[0.1309978030846734,36.36824012207707],[0.12908123886633904,36.37374709779855]]]]},"properties":{"speed":0.6003,"dir_deg":11.8,"type":"قوي"}},{"type":"Feature","geometry":{"type":"MultiPolygon","coordinates":[[[[0.1656769118654848,36.35431068136249],[0.16781805881653702,36.36915707788602],[0.1697975783530082,36.36887159162588],[0.167656431401956,36.35402519510235],[0.1656769118654848,36.35431068136249]]],[[[0.16952153423512337,36.37396313359714],[0.16583853928006584,36.36944256414616],[0.1717770978894794,36.36858610536574],[0.16952153423512337,36.37396313359714]]]]},"properties":{"speed":0.4721,"dir_deg":8.2,"type":"قوي"}},{"type":"Feature","geometry":{"type":"MultiPolygon","coordinates":[[[[0.20733373912605582,36.354196597451335],[0.20776362740978274,36.369190436054694],[0.2097628058902303,36.36913311761687],[0.20933291760650338,36.35413927901351],[0.20733373912605582,36.354196597451335]]],[[[0.20890651274458216,36.3741597230369],[0.20576444892933515,36.36924775449253],[0.2117619843706779,36.369075799179036],[0.20890651274458216,36.3741597230369]]]]},"properties":{"speed":0.2703,"dir_deg":1.6,"type":"متوسط"}},{"type":"Feature","geometry":{"type":"MultiPolygon","coordinates":[[[[0.24900810563035075,36.35404087305443],[0.24710212796047096,36.368919288599166],[0.24908591669976946,36.36917341895515],[0.25099189436964925,36.354295003410414],[0.24900810563035075,36.35404087305443]]],[[[0.24745869644016025,36.37400582562541],[0.2451183392211725,36.36866515824318],[0.2510697054390679,36.36942754931113],[0.24745869644016025,36.37400582562541]]]]},"properties":{"speed":0.1255,"dir_deg":352.7,"type":"ضعيف"}},{"type":"Feature","geometry":{"type":"MultiPolygon","coordinates":[[[[0.29072238295522684,36.35383877712682],[0.2857849663711671,36.3680028837868],[0.28767351392583185,36.36866120599801],[0.29261093050989156,36.354497099338026],[0.29072238295522684,36.35383877712682]]],[[[0.2850834346204796,36.37305341377907],[0.28389641881650235,36.36734456157559],[0.2895620614804966,36.36931952820922],[0.2850834346204796,36.37305341377907]]]]},"properties":{"speed":0.0753,"dir_deg":340.8,"type":"ضعيف"}},{"type":"Feature","geometry":{"type":"MultiPolygon","coordinates":[[[[0.33257183903853904,36.35351977829123],[0.3228494399206742,36.364942341724756],[0.32437244837847773,36.36623866160714],[0.33409484749634255,36.354816098173615],[0.33257183903853904,36.35351977829123]]],[[[0.32037014444362105,36.36939802281046],[0.32132643146287065,36.36364602184238],[0.3258954568362813,36.36753498148952],[0.32037014444362105,36.36939802281046]]]]},"properties":{"speed":0.0844,"dir_deg":319.6,"type":"ضعيف"}},{"type":"Feature","geometry":{"type":"MultiPolygon","coordinates":[[[[0.3744157450237047,36.35335636807361],[0.36224219264152424,36.362120192718045],[0.3634107025941148,36.363743333035664],[0.3755842549762953,36.35497950839123],[0.3744157450237047,36.35335636807361]]],[[[0.3587685968237594,36.36585303775833],[0.36107368268893364,36.36049705240042],[0.3645792125467054,36.36536647335329],[0.3587685968237594,36.36585303775833]]]]},"properties":{"speed":0.144,"dir_deg":305.8,"type":"ضعيف"}},{"type":"Feature","geometry":{"type":"MultiPolygon","coordinates":[[[[0.41624849900027544,36.3532595637992],[0.4026228825019464,36.35953192978346],[0.4034591979665139,36.361348678649904],[0.41708481446484297,36.355076312665645],[0.41624849900027544,36.3532595637992]]],[[[0.3984991680681204,36.3625310928781],[0.4017865670373788,36.35771518091701],[0.4042955134310815,36.36316542751635],[0.3984991680681204,36.3625310928781]]]]},"properties":{"speed":0.2136,"dir_deg":294.7,"type":"متوسط"}},{"type":"Feature","geometry":{"type":"MultiPolygon","coordinates":[[[[0.45793355265076907,36.35325133173952],[0.4441844552573115,36.3592481909896],[0.44498403649065493,36.3610814039754],[0.4587331338841125,36.35508454472532],[0.45793355265076907,36.35325133173952]]],[[[0.4400012134094973,36.362163750565855],[0.4433848740239681,36.3574149780038],[0.4457836177239983,36.36291461696119],[0.4400012134094973,36.362163750565855]]]]},"properties":{"speed":0.2508,"dir_deg":293.6,"type":"متوسط"}},{"type":"Feature","geometry":{"type":"MultiPolygon","coordinates":[[[[0.4996565182636336,36.35322877887599],[0.4855691279170819,36.35838100492148],[0.4862560913898147,36.36025932363435],[0.5003434817363663,36.355107097588856],[0.4996565182636336,36.35322877887599]]],[[[0.4812168128712644,36.36103757295975],[0.4848821644443492,36.35650268620861],[0.4869430548625474,36.36213764234723],[0.4812168128712644,36.36103757295975]]]]},"properties":{"speed":0.2279,"dir_deg":290.1,"type":"متوسط"}},{"type":"Feature","geometry":{"type":"MultiPolygon","coordinates":[[[[0.541419434906146,36.3531989869271],[0.5268851653262977,36.35690776135813],[0.527379668583769,36.35884566396878],[0.5419139381636172,36.35513688953775],[0.541419434906146,36.3531989869271]]],[[[0.5222876604284172,36.35911297080713],[0.5263906620688263,36.35496985874749],[0.5278741718412403,36.36078356657942],[0.5222876604284172,36.35911297080713]]]]},"properties":{"speed":0.1778,"dir_deg":284.3,"type":"ضعيف"}},{"type":"Feature","geometry":{"type":"MultiPolygon","coordinates":[[[[0.5828206793113487,36.353309331090365],[0.569941572180515,36.360998843396914],[0.5709668404880544,36.36271605768103],[0.5838459476188881,36.35502654537448],[0.5828206793113487,36.353309331090365]]],[[[0.5661611706240068,36.364420621307815],[0.5689163038729756,36.3592816291128],[0.5719921087955937,36.36443327196514],[0.5661611706240068,36.364420621307815]]]]},"properties":{"speed":0.1086,"dir_deg":300.8,"type":"ضعيف"}},{"type":"Feature","geometry":{"type":"MultiPolygon","coordinates":[[[[0.6240997940430844,36.35373247384222],[0.6175678281900632,36.367235563195955],[0.6193682401038945,36.368106491976356],[0.6259002059569156,36.35460340262262],[0.6240997940430844,36.35373247384222]]],[[[0.6162907121959718,36.37217205737073],[0.6157674162762318,36.366364634415554],[0.6211686520177259,36.36897742075676],[0.6162907121959718,36.37217205737073]]]]},"properties":{"speed":0.0627,"dir_deg":334.2,"type":"ضعيف"}},{"type":"Feature","geometry":{"type":"MultiPolygon","coordinates":[[[[0.6656666937397617,36.354164142220256],[0.6656097535573069,36.369164034147055],[0.6676097391475466,36.369171626171386],[0.6676666793300015,36.35417173424459],[0.6656666937397617,36.354164142220256]]],[[[0.6665907662916085,36.37416779413482],[0.6636097679670672,36.36915644212273],[0.6696097247377863,36.36917921819571],[0.6665907662916085,36.37416779413482]]]]},"properties":{"speed":0.0899,"dir_deg":359.8,"type":"ضعيف"}},{"type":"Feature","geometry":{"type":"MultiPolygon","coordinates":[[[[0.7073338783747969,36.35420154627066],[0.707837998948323,36.36919307262548],[0.709836869128966,36.369125856549005],[0.7093327485554399,36.354134330194185],[0.7073338783747969,36.35420154627066]]],[[[0.70900547422982,36.374156640038855],[0.70583912876768,36.369260288701945],[0.7118357393096091,36.36905864047254],[0.70900547422982,36.374156640038855]]]]},"properties":{"speed":0.1326,"dir_deg":1.9,"type":"ضعيف"}},{"type":"Feature","geometry":{"type":"MultiPolygon","coordinates":[[[[0.7490000840074066,36.35415497645184],[0.7488056572986388,36.36915371634074],[0.7508054892838256,36.36917963990191],[0.7509999159925934,36.354180900013006],[0.7490000840074066,36.35415497645184]]],[[[0.7497407643883097,36.37416625808429],[0.746805825313452,36.36912779277957],[0.7528053212690125,36.369205563463076],[0.7497407643883097,36.37416625808429]]]]},"properties":{"speed":0.1716,"dir_deg":359.3,"type":"ضعيف"}},{"type":"Feature","geometry":{"type":"MultiPolygon","coordinates":[[[[-0.4165331080078014,36.39682310401598],[-0.4016674742817875,36.39481987314461],[-0.4019345717313031,36.39283778864781],[-0.416800205457317,36.39484101951918],[-0.4165331080078014,36.39682310401598]]],[[[-0.39684581176454065,36.393161087272425],[-0.4014003768322719,36.396801957641415],[-0.4022016691808187,36.39085570415101],[-0.39684581176454065,36.393161087272425]]]]},"properties":{"speed":0.2267,"dir_deg":97.7,"type":"متوسط"}},{"type":"Feature","geometry":{"type":"MultiPolygon","coordinates":[[[[-0.3748265050187519,36.39681689652097],[-0.36005398371792496,36.39421447180224],[-0.3604009736804211,36.392244802295465],[-0.3751734949812481,36.39484722701419],[-0.3748265050187519,36.39681689652097]]],[[[-0.35530330493223067,36.39236216214262],[-0.35970699375542875,36.39618414130902],[-0.36074796364291734,36.39027513278869],[-0.35530330493223067,36.39236216214262]]]]},"properties":{"speed":0.2186,"dir_deg":100.0,"type":"متوسط"}},{"type":"Feature","geometry":{"type":"MultiPolygon","coordinates":[[[[-0.3331420868978189,36.396813601884475],[-0.3184189851443572,36.39394475634015],[-0.318801497883601,36.391981676106354],[-0.3335245996370627,36.39485052165068],[-0.3331420868978189,36.396813601884475]]],[[[-0.3137025409294919,36.39200693437514],[-0.3180364724051134,36.39590783657394],[-0.3191840106228448,36.39001859587256],[-0.3137025409294919,36.39200693437514]]]]},"properties":{"speed":0.1984,"dir_deg":101.0,"type":"متوسط"}},{"type":"Feature","geometry":{"type":"MultiPolygon","coordinates":[[[[-0.2914885481669077,36.39681607261043],[-0.2767283855241942,36.39414444412566],[-0.27708460265549717,36.39217642243996],[-0.2918447652982107,36.39484805092473],[-0.2914885481669077,36.39681607261043]]],[[[-0.2719864398756079,36.39226989045455],[-0.2763721683928913,36.39611246581135],[-0.2774408197868001,36.39020840075427],[-0.2719864398756079,36.39226989045455]]]]},"properties":{"speed":0.1849,"dir_deg":100.3,"type":"ضعيف"}},{"type":"Feature","geometry":{"type":"MultiPolygon","coordinates":[[[[-0.2499659004758657,36.3968314802097],[-0.23497462384403384,36.39631998734768],[-0.23504282289230244,36.39432115046344],[-0.2500340995241343,36.39483264332546],[-0.2499659004758657,36.3968314802097]]],[[[-0.23001163115755752,36.39515007128489],[-0.2349064247957652,36.39831882423193],[-0.23511102194057107,36.39232231357919],[-0.23001163115755752,36.39515007128489]]]]},"properties":{"speed":0.1775,"dir_deg":92.0,"type":"ضعيف"}},{"type":"Feature","geometry":{"type":"MultiPolygon","coordinates":[[[[-0.20857103267897084,36.39680339932977],[-0.1940009692460685,36.40036896402014],[-0.19352556062068602,36.398426288895756],[-0.20809562405358836,36.39486072420539],[-0.20857103267897084,36.39680339932977]]],[[[-0.18890657712240982,36.400586148021404],[-0.19447637787145095,36.40231163914453],[-0.19305015199530356,36.396483613771366],[-0.18890657712240982,36.400586148021404]]]]},"properties":{"speed":0.1812,"dir_deg":76.2,"type":"ضعيف"}},{"type":"Feature","geometry":{"type":"MultiPolygon","coordinates":[[[[-0.16712659437427904,36.39672002070397],[-0.1538072103284108,36.40361886181235],[-0.1528873648472935,36.40184294393957],[-0.16620674889316175,36.39494410283119],[-0.16712659437427904,36.39672002070397]]],[[[-0.14890749290589608,36.40503051657875],[-0.1547270558095281,36.40539477968513],[-0.1519675193661762,36.400067026066786],[-0.14890749290589608,36.40503051657875]]]]},"properties":{"speed":0.2045,"dir_deg":62.6,"type":"متوسط"}},{"type":"Feature","geometry":{"type":"MultiPolygon","coordinates":[[[[-0.12560762657931426,36.3966262846205],[-0.1136942837854156,36.40574068331021],[-0.11247903062678705,36.404152237604364],[-0.12439237342068572,36.395037838914654],[-0.12560762657931426,36.3966262846205]]],[[[-0.10911554294146844,36.407984593353866],[-0.11490953694404415,36.40732912901607],[-0.11126377746815849,36.40256379189851],[-0.10911554294146844,36.407984593353866]]]]},"properties":{"speed":0.2296,"dir_deg":52.6,"type":"متوسط"}},{"type":"Feature","geometry":{"type":"MultiPolygon","coordinates":[[[[-0.08408323249086752,36.396493616737565],[-0.07415990794108242,36.407742066847675],[-0.07266011459306777,36.4064189569077],[-0.08258343914285288,36.39517050679759],[-0.08408323249086752,36.396493616737565]]],[[[-0.07010223641714672,36.410829995247724],[-0.07565970128909708,36.40906517678764],[-0.07116032124505312,36.40509584696773],[-0.07010223641714672,36.410829995247724]]]]},"properties":{"speed":0.2557,"dir_deg":41.4,"type":"متوسط"}},{"type":"Feature","geometry":{"type":"MultiPolygon","coordinates":[[[[-0.04252772657155464,36.39634056740044],[-0.034900142078539156,36.40925644734731],[-0.03317802475229008,36.40823943608158],[-0.04080560924530556,36.39532355613471],[-0.04252772657155464,36.39634056740044]]],[[[-0.03149655525107612,36.41305323503007],[-0.03662225940478824,36.41027345861305],[-0.03145590742604099,36.40722242481584],[-0.03149655525107612,36.41305323503007]]]]},"properties":{"speed":0.3083,"dir_deg":30.6,"type":"متوسط"}},{"type":"Feature","geometry":{"type":"MultiPolygon","coordinates":[[[[-0.0009162375832231758,36.39623269712684],[0.005093292805676166,36.40997626087519],[0.006925767972122517,36.409174990156664],[0.0009162375832231758,36.395431426408315],[-0.0009162375832231758,36.39623269712684]]],[[[0.008012707185199123,36.414156813432044],[0.003260817639229814,36.41077753159371],[0.008758243138568869,36.408373719438146],[0.008012707185199123,36.414156813432044]]]]},"properties":{"speed":0.3919,"dir_deg":23.6,"type":"قوي"}},{"type":"Feature","geometry":{"type":"MultiPolygon","coordinates":[[[[0.04071524251394719,36.39613994115749],[0.04533343336263809,36.41041132207474],[0.04723628415160391,36.40979556329491],[0.04261809330291301,36.39552418237766],[0.04071524251394719,36.39613994115749]]],[[[0.04782425570668464,36.414860569657236],[0.043430582573672265,36.41102708085456],[0.04913913494056974,36.409179804515084],[0.04782425570668464,36.414860569657236]]]]},"properties":{"speed":0.4846,"dir_deg":17.9,"type":"قوي"}},{"type":"Feature","geometry":{"type":"MultiPolygon","coordinates":[[[[0.08235155041130397,36.39602205497124],[0.08520144846619644,36.41074883605459],[0.0871650192773089,36.41036884964726],[0.08431512122241643,36.395642068563916],[0.08235155041130397,36.39602205497124]]],[[[0.08713319989005017,36.4154677698787],[0.08323787765508399,36.411128822461905],[0.08912859008842135,36.409988863239946],[0.08713319989005017,36.4154677698787]]]]},"properties":{"speed":0.5941,"dir_deg":11.0,"type":"قوي"}},{"type":"Feature","geometry":{"type":"MultiPolygon","coordinates":[[[[0.12400721854316749,36.39595199916362],[0.12580627948380788,36.41084372101611],[0.1277918423974729,36.41060384622402],[0.12599278145683251,36.395712124371535],[0.12400721854316749,36.39595199916362]]],[[[0.12739874792085387,36.41568769090423],[0.12382071657014283,36.41108359580819],[0.12977740531113793,36.410363971431934],[0.12739874792085387,36.41568769090423]]]]},"properties":{"speed":0.6185,"dir_deg":6.9,"type":"قوي"}},{"type":"Feature","geometry":{"type":"MultiPolygon","coordinates":[[[[0.16566871185605708,36.395895907536165],[0.16662639838483187,36.41086530420112],[0.1686223179401585,36.410737612663944],[0.1676646314113837,36.39576821599899],[0.16566871185605708,36.395895907536165]]],[[[0.16794358700542011,36.41579125732085],[0.16463047882950527,36.41099299573828],[0.1706182374954851,36.41060992112678],[0.16794358700542011,36.41579125732085]]]]},"properties":{"speed":0.4861,"dir_deg":3.7,"type":"قوي"}},{"type":"Feature","geometry":{"type":"MultiPolygon","coordinates":[[[[0.20733416888118383,36.39579107002032],[0.20671929267233685,36.41077846229676],[0.2087176116425284,36.41086044579127],[0.20933248785137537,36.39587305351483],[0.20733416888118383,36.39579107002032]]],[[[0.20751349342115027,36.415815251469496],[0.2047209737021453,36.410696478802244],[0.21071593061271995,36.41094242928579],[0.20751349342115027,36.415815251469496]]]]},"properties":{"speed":0.2731,"dir_deg":357.7,"type":"متوسط"}},{"type":"Feature","geometry":{"type":"MultiPolygon","coordinates":[[[[0.24905872106259716,36.395494431848874],[0.24399427228208842,36.40961361590992],[0.2458768301568941,36.41028887574733],[0.25094127893740287,36.39616969168628],[0.24905872106259716,36.395494431848874]]],[[[0.24324740162598835,36.414657640515635],[0.2421117144072827,36.40893835607252],[0.2477593880316998,36.41096413558473],[0.24324740162598835,36.414657640515635]]]]},"properties":{"speed":0.1553,"dir_deg":340.3,"type":"ضعيف"}},{"type":"Feature","geometry":{"type":"MultiPolygon","coordinates":[[[[0.2909481572082487,36.39513653431768],[0.280515245459736,36.405914027182334],[0.28195224450835704,36.40730508208213],[0.2923851562568697,36.39652758921748],[0.2909481572082487,36.39513653431768]]],[[[0.2777561077345423,36.41020205225379],[0.279078246411115,36.40452297228253],[0.28338924355697803,36.40869613698194],[0.2777561077345423,36.41020205225379]]]]},"properties":{"speed":0.1839,"dir_deg":315.9,"type":"ضعيف"}},{"type":"Feature","geometry":{"type":"MultiPolygon","coordinates":[[[[0.332781641409328,36.394998020365875],[0.3202710203837815,36.403273548237564],[0.32137442410000716,36.40494163104097],[0.3338850451255536,36.39666610316928],[0.332781641409328,36.394998020365875]]],[[[0.31665251523337884,36.40686609892983],[0.3191676166675559,36.40160546543416],[0.3224778278162328,36.406609713844375],[0.31665251523337884,36.40686609892983]]]]},"properties":{"speed":0.2529,"dir_deg":303.5,"type":"متوسط"}},{"type":"Feature","geometry":{"type":"MultiPolygon","coordinates":[[[[0.37448553980859156,36.394974547504454],[0.3616228258617763,36.40269145037558],[0.3626517462445932,36.40440647890183],[0.37551446019140844,36.3966895760307],[0.37448553980859156,36.394974547504454]]],[[[0.35784971473757965,36.40612126559575],[0.36059390547895936,36.400976421849336],[0.3636806666274101,36.40612150742807],[0.35784971473757965,36.40612126559575]]]]},"properties":{"speed":0.309,"dir_deg":301.0,"type":"متوسط"}},{"type":"Feature","geometry":{"type":"MultiPolygon","coordinates":[[[[0.4162363479214214,36.39492938002574],[0.4026961217937727,36.40138401219281],[0.4035567394160483,36.40318937567649],[0.417096965543697,36.39673474350942],[0.4162363479214214,36.39492938002574]]],[[[0.39861302189569425,36.404438237990334],[0.40183550417149705,36.39957864870912],[0.40441735703832393,36.40499473916018],[0.39861302189569425,36.404438237990334]]]]},"properties":{"speed":0.2998,"dir_deg":295.5,"type":"متوسط"}},{"type":"Feature","geometry":{"type":"MultiPolygon","coordinates":[[[[0.45801180441311284,36.39488516538193],[0.4438083586283593,36.399708248196845],[0.4444514363370152,36.40160204096814],[0.45865488212176875,36.39677895815323],[0.45801180441311284,36.39488516538193]]],[[[0.4393954155544361,36.402262838854135],[0.4431652809197035,36.39781445542555],[0.4450945140456711,36.40349583373944],[0.4393954155544361,36.402262838854135]]]]},"properties":{"speed":0.2325,"dir_deg":288.8,"type":"متوسط"}},{"type":"Feature","geometry":{"type":"MultiPolygon","coordinates":[[[[0.4999013640110361,36.394836938186465],[0.4849745102943867,36.39631647802092],[0.48517178227231456,36.39830672518315],[0.500098635988964,36.39682718534869],[0.4999013640110361,36.394836938186465]]],[[[0.48009752837780084,36.39780478154686],[0.48477723831645886,36.3943262308587],[0.4853690542502424,36.400296972345366],[0.48009752837780084,36.39780478154686]]]]},"properties":{"speed":0.1305,"dir_deg":275.7,"type":"ضعيف"}},{"type":"Feature","geometry":{"type":"MultiPolygon","coordinates":[[[[0.5424223066017091,36.39517705160383],[0.5325971541455524,36.38384275060142],[0.5310859140118974,36.38515277092891],[0.5409110664680541,36.396487071931325],[0.5424223066017091,36.39517705160383]]],[[[0.528566483260006,36.380719660431026],[0.5341083942792073,36.38253273027393],[0.5295746738782425,36.3864627912564],[0.528566483260006,36.380719660431026]]]]},"properties":{"speed":0.029,"dir_deg":220.9,"type":"ضعيف"}},{"type":"Feature","geometry":{"type":"MultiPolygon","coordinates":[[[[0.5834904249068518,36.39681964264775],[0.598304138109395,36.394462971021746],[0.5979899152259283,36.392487809261404],[0.583176202023385,36.39484448088741],[0.5834904249068518,36.39681964264775]]],[[[0.6030849310685094,36.39268983293291],[0.5986183609928618,36.39643813278208],[0.5976756923424614,36.39051264750107],[0.6030849310685094,36.39268983293291]]]]},"properties":{"speed":0.0977,"dir_deg":99.0,"type":"ضعيف"}},{"type":"Feature","geometry":{"type":"MultiPolygon","coordinates":[[[[0.6250289803484698,36.396831641749074],[0.6400226800708725,36.39639693652203],[0.639964719373933,36.39439777655904],[0.6249710196515302,36.39483248178608],[0.6250289803484698,36.396831641749074]]],[[[0.6449915996298703,36.39525245479818],[0.6400806407678119,36.398396096485016],[0.6399067586769935,36.392398616596054],[0.6449915996298703,36.39525245479818]]]]},"properties":{"speed":0.1876,"dir_deg":91.7,"type":"متوسط"}},{"type":"Feature","geometry":{"type":"MultiPolygon","coordinates":[[[[0.6664966172237518,36.39681749387047],[0.6812780987671445,36.39936853353742],[0.6816182373894042,36.39739766933163],[0.6668367558460114,36.394846629664684],[0.6664966172237518,36.39681749387047]]],[[[0.6863753285927386,36.39923344799018],[0.6809379601448848,36.40133939774321],[0.6819583760116639,36.395426805125844],[0.6863753285927386,36.39923344799018]]]]},"properties":{"speed":0.244,"dir_deg":80.2,"type":"متوسط"}},{"type":"Feature","geometry":{"type":"MultiPolygon","coordinates":[[[[0.7080517655595571,36.396791608940404],[0.7224449731519134,36.401014827523824],[0.723008068963036,36.39909573317817],[0.7086148613706797,36.39487251459475],[0.7080517655595571,36.396791608940404]]],[[[0.7275242569215934,36.401463019878804],[0.7218818773407908,36.40293392186947],[0.7235711647741586,36.397176638832526],[0.7275242569215934,36.401463019878804]]]]},"properties":{"speed":0.2808,"dir_deg":73.6,"type":"متوسط"}},{"type":"Feature","geometry":{"type":"MultiPolygon","coordinates":[[[[0.74951435556885,36.39670621821038],[0.7626267022108866,36.40399088467763],[0.7635979910731865,36.40224257179202],[0.75048564443115,36.39495790532477],[0.74951435556885,36.39670621821038]]],[[[0.7674831288560486,36.40554495039058],[0.7616554133485866,36.405739197563236],[0.7645692799354865,36.40049425890642],[0.7674831288560486,36.40554495039058]]]]},"properties":{"speed":0.2986,"dir_deg":60.9,"type":"متوسط"}},{"type":"Feature","geometry":{"type":"MultiPolygon","coordinates":[[[[0.79102841827231,36.39660187578732],[0.8025756285684644,36.406175899725895],[0.8038521650936077,36.404636271686414],[0.7923049547974532,36.39506224774784],[0.79102841827231,36.39660187578732]]],[[[0.8070629669297543,36.40859742701901],[0.8012990920433213,36.40771552776538],[0.8051287016187508,36.403096643646926],[0.8070629669297543,36.40859742701901]]]]},"properties":{"speed":0.2549,"dir_deg":50.3,"type":"متوسط"}},{"type":"Feature","geometry":{"type":"MultiPolygon","coordinates":[[[[0.8324097691779262,36.39621555355314],[0.8381621459613757,36.41006871786102],[0.8400092345357602,36.4093017342899],[0.8342568577523106,36.395448569982015],[0.8324097691779262,36.39621555355314]]],[[[0.8410031491763845,36.41430294751142],[0.8363150573869912,36.41083570143215],[0.8418563231101447,36.40853475071877],[0.8410031491763845,36.41430294751142]]]]},"properties":{"speed":0.2382,"dir_deg":22.6,"type":"متوسط"}},{"type":"Feature","geometry":{"type":"MultiPolygon","coordinates":[[[[0.8740092201293238,36.39596754330825],[0.8760414432394078,36.4108292413684],[0.8780230029807602,36.41055827828705],[0.8759907798706762,36.395696580226904],[0.8740092201293238,36.39596754330825]]],[[[0.8777096308134453,36.415647659181104],[0.8740598834980555,36.41110020444974],[0.8800045627221125,36.41028731520571],[0.8777096308134453,36.415647659181104]]]]},"properties":{"speed":0.2412,"dir_deg":7.8,"type":"متوسط"}},{"type":"Feature","geometry":{"type":"MultiPolygon","coordinates":[[[[-0.41651754602357816,36.43848882050771],[-0.40168523840793335,36.43625215987299],[-0.40198345982589545,36.43427451885758],[-0.41681576744154025,36.43651117949229],[-0.41651754602357816,36.43848882050771]]],[[[-0.39689024657836613,36.43451778582038],[-0.4013870169899713,36.438229800888415],[-0.4022816812438575,36.432296877842155],[-0.39689024657836613,36.43451778582038]]]]},"properties":{"speed":0.2247,"dir_deg":98.6,"type":"متوسط"}},{"type":"Feature","geometry":{"type":"MultiPolygon","coordinates":[[[[-0.37478177186775863,36.43847589778271],[-0.36014330512710746,36.43520247579909],[-0.3605797613915902,36.43325068023367],[-0.37521822813224137,36.43652410221729],[-0.37478177186775863,36.43847589778271]]],[[[-0.35548204434579844,36.433135437355176],[-0.3597068488626247,36.437154271364506],[-0.36101621765607295,36.43129888466825],[-0.35548204434579844,36.433135437355176]]]]},"properties":{"speed":0.2065,"dir_deg":102.6,"type":"متوسط"}},{"type":"Feature","geometry":{"type":"MultiPolygon","coordinates":[[[[-0.33309487239863966,36.43847114965105],[-0.31852762763289966,36.43489408661903],[-0.3190045693705019,36.43295178731693],[-0.33357181413624193,36.43652885034895],[-0.33309487239863966,36.43847114965105]]],[[[-0.3139103502464541,36.432730582623975],[-0.31805068589529745,36.43683638592113],[-0.31948151110810413,36.43100948801483],[-0.3139103502464541,36.432730582623975]]]]},"properties":{"speed":0.1791,"dir_deg":103.8,"type":"ضعيف"}},{"type":"Feature","geometry":{"type":"MultiPolygon","coordinates":[[[[-0.2915046261337908,36.43848678573412],[-0.2767028401219907,36.43605632675259],[-0.2770269013195275,36.43408275528435],[-0.2918286873313276,36.43651321426588],[-0.2915046261337908,36.43848678573412]]],[[[-0.2719309420501591,36.434259388024635],[-0.27637877892445395,36.43802989822083],[-0.27735096251706426,36.43210918381611],[-0.2719309420501591,36.434259388024635]]]]},"properties":{"speed":0.163,"dir_deg":99.3,"type":"ضعيف"}},{"type":"Feature","geometry":{"type":"MultiPolygon","coordinates":[[[[-0.25006935896958293,36.438497591766875],[-0.23510548246644583,36.43953797631062],[-0.23496676452727996,36.43754279277687],[-0.24993064103041707,36.436502408233125],[-0.25006935896958293,36.438497591766875]]],[[[-0.23004816466248387,36.438887179391656],[-0.23524420040561173,36.44153315984437],[-0.23482804658811407,36.435547609243116],[-0.23004816466248387,36.438887179391656]]]]},"properties":{"speed":0.1604,"dir_deg":86.0,"type":"ضعيف"}},{"type":"Feature","geometry":{"type":"MultiPolygon","coordinates":[[[[-0.20869055263313863,36.438434018641765],[-0.1946802730066436,36.44379238264465],[-0.19396582447292554,36.44192434536112],[-0.20797610409942058,36.436565981358235],[-0.20869055263313863,36.438434018641765]]],[[[-0.18965295553095288,36.44464448533718],[-0.19539472154036164,36.44566041992819],[-0.1932513759392075,36.44005630807759],[-0.18965295553095288,36.44464448533718]]]]},"properties":{"speed":0.1744,"dir_deg":69.1,"type":"ضعيف"}},{"type":"Feature","geometry":{"type":"MultiPolygon","coordinates":[[[[-0.1672314050032041,36.4383252734222],[-0.15485230367018687,36.44679627396446],[-0.15372283693121946,36.44514572712006],[-0.1661019382642367,36.4366747265778],[-0.1672314050032041,36.4383252734222]]],[[[-0.15016120318969745,36.44879466738968],[-0.15598177040915426,36.44844682080886],[-0.15259337019225208,36.443495180275654],[-0.15016120318969745,36.44879466738968]]]]},"properties":{"speed":0.1974,"dir_deg":55.6,"type":"متوسط"}},{"type":"Feature","geometry":{"type":"MultiPolygon","coordinates":[[[[-0.12573193466434476,36.43818137482132],[-0.11551131234452636,36.44916039478649],[-0.11404744301583686,36.44779764514385],[-0.12426806533565525,36.43681862517868],[-0.12573193466434476,36.43818137482132]]],[[[-0.11137250357357548,36.4521386932869],[-0.11697518167321587,36.450523144429134],[-0.11258357368714735,36.446434895501206],[-0.11137250357357548,36.4521386932869]]]]},"properties":{"speed":0.2145,"dir_deg":43.0,"type":"متوسط"}},{"type":"Feature","geometry":{"type":"MultiPolygon","coordinates":[[[[-0.08419502459306033,36.43800743714189],[-0.07658346746469225,36.450932768784895],[-0.07486008991229198,36.44991789450111],[-0.08247164704066007,36.43699256285811],[-0.08419502459306033,36.43800743714189]]],[[[-0.07318459297903608,36.454733775524005],[-0.07830684501709252,36.45194764306868],[-0.0731367123598917,36.44890302021733],[-0.07318459297903608,36.454733775524005]]]]},"properties":{"speed":0.2364,"dir_deg":30.5,"type":"متوسط"}},{"type":"Feature","geometry":{"type":"MultiPolygon","coordinates":[[[[-0.042603746922615725,36.43784911734585],[-0.037366986734875506,36.451905302558636],[-0.035492828706504255,36.45120706786694],[-0.040729588894244474,36.43715088265415],[-0.042603746922615725,36.43784911734585]]],[[[-0.03468432099144314,36.45624158028371],[-0.03924114476324676,36.45260353725033],[-0.033618670678133,36.45050883317524],[-0.03468432099144314,36.45624158028371]]]]},"properties":{"speed":0.2919,"dir_deg":20.4,"type":"متوسط"}},{"type":"Feature","geometry":{"type":"MultiPolygon","coordinates":[[[[-0.0009666198820184771,36.43775621476087],[0.0028766015309997397,36.452255512991144],[0.0048098412950366935,36.45174308346941],[0.0009666198820184771,36.43724378523913],[-0.0009666198820184771,36.43775621476087]]],[[[0.005124295217357623,36.45683239764037],[0.0009433617669627856,36.45276794251288],[0.0067430810590736485,36.451230653947675],[0.005124295217357623,36.45683239764037]]]]},"properties":{"speed":0.3905,"dir_deg":14.8,"type":"قوي"}},{"type":"Feature","geometry":{"type":"MultiPolygon","coordinates":[[[[0.040685524538705164,36.437693281370144],[0.04358474509086765,36.45241043191602],[0.04554703183031752,36.45202386917573],[0.042647811278155034,36.437306718629856],[0.040685524538705164,36.437693281370144]]],[[[0.045532295311313406,36.457122867394496],[0.041622458351417785,36.45279699465631],[0.04750931856976738,36.451637306435444],[0.045532295311313406,36.457122867394496]]]]},"properties":{"speed":0.4969,"dir_deg":11.1,"type":"قوي"}},{"type":"Feature","geometry":{"type":"MultiPolygon","coordinates":[[[[0.08233815448604592,36.43759805161293],[0.08380892868003853,36.45252577157515],[0.08579929134166708,36.452329668349286],[0.08432851714767448,36.43740194838707],[0.08233815448604592,36.43759805161293]]],[[[0.085294368075517,36.45740362661628],[0.08181856601840999,36.452721874801014],[0.08778965400329562,36.45213356512342],[0.085294368075517,36.45740362661628]]]]},"properties":{"speed":0.6047,"dir_deg":5.6,"type":"قوي"}},{"type":"Feature","geometry":{"type":"MultiPolygon","coordinates":[[[[0.12400064161337247,36.43753581640793],[0.12453788773236939,36.452526192207344],[0.12653660450562443,36.452454559391484],[0.1259993583866275,36.43746418359207],[0.12400064161337247,36.43753581640793]]],[[[0.12571632815866254,36.45748716773255],[0.12253917095911435,36.45259782502321],[0.12853532127887948,36.452382926575616],[0.12571632815866254,36.45748716773255]]]]},"properties":{"speed":0.6196,"dir_deg":2.1,"type":"قوي"}},{"type":"Feature","geometry":{"type":"MultiPolygon","coordinates":[[[[0.1656668060254859,36.437516394068126],[0.16591271704742455,36.452514378191644],[0.16791244826389357,36.45248159005539],[0.1676665372419549,36.437483605931874],[0.1656668060254859,36.437516394068126]]],[[[0.16699455299630528,36.45749731216469],[0.1639129858309555,36.4525471663279],[0.1699121794803626,36.45244880191913],[0.16699455299630528,36.45749731216469]]]]},"properties":{"speed":0.4649,"dir_deg":0.9,"type":"قوي"}},{"type":"Feature","geometry":{"type":"MultiPolygon","coordinates":[[[[0.20734391570543717,36.43735487044903],[0.20516697244088947,36.452196060361665],[0.20714579776257433,36.45248631946361],[0.20932274102712203,36.43764512955097],[0.20734391570543717,36.43735487044903]]],[[[0.20543073734688264,36.45728825321685],[0.20318814711920463,36.45190580125973],[0.20912462308425916,36.45277657856555],[0.20543073734688264,36.45728825321685]]]]},"properties":{"speed":0.2649,"dir_deg":351.7,"type":"متوسط"}},{"type":"Feature","geometry":{"type":"MultiPolygon","coordinates":[[[[0.2491515165387286,36.4369707781033],[0.24121318808819817,36.449698030022375],[0.24291015501074095,36.45075647381577],[0.2508484834612714,36.4380292218967],[0.2491515165387286,36.4369707781033]]],[[[0.2394155620659594,36.454469669225425],[0.23951622116565535,36.44863958622897],[0.24460712193328377,36.45181491760918],[0.2394155620659594,36.454469669225425]]]]},"properties":{"speed":0.2445,"dir_deg":328.0,"type":"متوسط"}},{"type":"Feature","geometry":{"type":"MultiPolygon","coordinates":[[[[0.29094886230429035,36.43680374490397],[0.28050503586385733,36.447570661328],[0.28194062472039505,36.44896317152006],[0.29238445116082806,36.43819625509603],[0.29094886230429035,36.43680374490397]]],[[[0.2777415548119818,36.451855888565376],[0.2790694470073196,36.446178151135946],[0.28337621357693277,36.45035568171212],[0.2777415548119818,36.451855888565376]]]]},"properties":{"speed":0.3159,"dir_deg":315.9,"type":"متوسط"}},{"type":"Feature","geometry":{"type":"MultiPolygon","coordinates":[[[[0.33268436159970244,36.436739195954964],[0.3212723009241977,36.44647392097104],[0.3225702642596744,36.44799552906111],[0.33398232493517915,36.438260804045036],[0.33268436159970244,36.436739195954964]]],[[[0.31811726236676774,36.45047963335477],[0.319974337588721,36.44495231288097],[0.32386822759515105,36.449517137151176],[0.31811726236676774,36.45047963335477]]]]},"properties":{"speed":0.352,"dir_deg":310.5,"type":"متوسط"}},{"type":"Feature","geometry":{"type":"MultiPolygon","coordinates":[[[[0.3744251239244541,36.436681759511046],[0.36215151659013245,36.44530490064423],[0.36330126874122426,36.44694138162214],[0.3755748760755459,36.438318240488954],[0.3744251239244541,36.436681759511046]]],[[[0.35863519022090445,36.44899752151092],[0.3610017644390407,36.443668419666324],[0.364451020892316,36.44857786260005],[0.35863519022090445,36.44899752151092]]]]},"properties":{"speed":0.3241,"dir_deg":305.1,"type":"متوسط"}},{"type":"Feature","geometry":{"type":"MultiPolygon","coordinates":[[[[0.4162579080290329,36.43658735302698],[0.4025682034337084,36.442718583579875],[0.40338570084076103,36.444543877525916],[0.4170754054360855,36.43841264697302],[0.4162579080290329,36.43658735302698]]],[[[0.39841371727212654,36.44567497407053],[0.40175070602665575,36.440893289633834],[0.4042031982478137,36.44636917147196],[0.39841371727212654,36.44567497407053]]]]},"properties":{"speed":0.2522,"dir_deg":294.1,"type":"متوسط"}},{"type":"Feature","geometry":{"type":"MultiPolygon","coordinates":[[[[0.45823803299408455,36.43650455238621],[0.44330631878729065,36.43793420648655],[0.44349693933400314,36.43992510171413],[0.45842865354079704,36.43849544761379],[0.45823803299408455,36.43650455238621]]],[[[0.4384243909917156,36.43940620546712],[0.44311569824057817,36.43594331125898],[0.4436875598807156,36.4419159969417],[0.4384243909917156,36.43940620546712]]]]},"properties":{"speed":0.1697,"dir_deg":275.5,"type":"ضعيف"}},{"type":"Feature","geometry":{"type":"MultiPolygon","coordinates":[[[[0.5005721619720089,36.436679859354875],[0.4882700522951269,36.42809742977474],[0.487125728351109,36.42973771106499],[0.49942783802799107,36.438320140645125],[0.5005721619720089,36.436679859354875]]],[[[0.4835971870974906,36.426056760559824],[0.4894143762391448,36.42645714848449],[0.4859814044070911,36.43137799235524],[0.4835971870974906,36.426056760559824]]]]},"properties":{"speed":0.0993,"dir_deg":235.1,"type":"ضعيف"}},{"type":"Feature","geometry":{"type":"MultiPolygon","coordinates":[[[[0.5426300757507759,36.437768106730054],[0.546651676701537,36.42331726849164],[0.5447248982697483,36.42278105503153],[0.5407032973189873,36.437231893269946],[0.5426300757507759,36.437768106730054]]],[[[0.5470288211358963,36.41823221568211],[0.5485784551333257,36.42385348195174],[0.5427981198379597,36.42224484157143],[0.5470288211358963,36.41823221568211]]]]},"properties":{"speed":0.0899,"dir_deg":164.4,"type":"ضعيف"}},{"type":"Feature","geometry":{"type":"MultiPolygon","coordinates":[[[[0.5838761048138725,36.43833986757987],[0.5964741185119312,36.43019799734856],[0.595388535814423,36.42851826218882],[0.5827905221163643,36.43666013242013],[0.5838761048138725,36.43833986757987]]],[[[0.60013066506253,36.42664417302492],[0.5975597012094395,36.4318777325083],[0.5943029531169147,36.426838527029076],[0.60013066506253,36.42664417302492]]]]},"properties":{"speed":0.15,"dir_deg":122.9,"type":"ضعيف"}},{"type":"Feature","geometry":{"type":"MultiPolygon","coordinates":[[[[0.6253432350447755,36.43843924954301],[0.6394319781898734,36.43329072387138],[0.6387455081003224,36.43141222478536],[0.6246567649552245,36.43656075045699],[0.6253432350447755,36.43843924954301]]],[[[0.6437849908601305,36.43063529910449],[0.6401184482794243,36.43516922295739],[0.6380590380107715,36.42953372569935],[0.6437849908601305,36.43063529910449]]]]},"properties":{"speed":0.2202,"dir_deg":110.1,"type":"متوسط"}},{"type":"Feature","geometry":{"type":"MultiPolygon","coordinates":[[[[0.6667205396712707,36.43849854886696],[0.6816987726756253,36.43769075182112],[0.6815910664028472,36.4356936540872],[0.6666128333984925,36.43650145113304],[0.6667205396712707,36.43849854886696]]],[[[0.6866376638740211,36.43642293727222],[0.6818064789484034,36.439687849555035],[0.681483360130069,36.43369655635329],[0.6866376638740211,36.43642293727222]]]]},"properties":{"speed":0.2653,"dir_deg":93.1,"type":"متوسط"}},{"type":"Feature","geometry":{"type":"MultiPolygon","coordinates":[[[[0.7082842227586813,36.438498794324445],[0.723266137625341,36.439235154921],[0.7233643190382152,36.43723756627211],[0.7083824041715555,36.436501205675555],[0.7082842227586813,36.438498794324445]]],[[[0.728309199953998,36.43848181412874],[0.7231679562124669,36.441232743569884],[0.7234625004510893,36.435239977623226],[0.728309199953998,36.43848181412874]]]]},"properties":{"speed":0.3025,"dir_deg":87.2,"type":"متوسط"}},{"type":"Feature","geometry":{"type":"MultiPolygon","coordinates":[[[[0.7497262879176688,36.43846181167387],[0.7641534630256668,36.442567492908836],[0.7647008871903291,36.4406438695611],[0.7502737120823312,36.43653818832613],[0.7497262879176688,36.43846181167387]]],[[[0.7692362334773306,36.442974241646624],[0.7636060388610045,36.444491116256565],[0.7652483113549914,36.43872024621337],[0.7692362334773306,36.442974241646624]]]]},"properties":{"speed":0.3471,"dir_deg":74.1,"type":"متوسط"}},{"type":"Feature","geometry":{"type":"MultiPolygon","coordinates":[[[[0.7912577985846267,36.4384125845956],[0.8049465675187085,36.44454590384942],[0.8057643434192182,36.44272073465822],[0.7920755744851364,36.4365874154044],[0.7912577985846267,36.4384125845956]]],[[[0.8099183784469907,36.4456777590051],[0.8041287916181987,36.44637107304064],[0.806582119319728,36.440895565467],[0.8099183784469907,36.4456777590051]]]]},"properties":{"speed":0.3918,"dir_deg":65.9,"type":"قوي"}},{"type":"Feature","geometry":{"type":"MultiPolygon","coordinates":[[[[0.8327644905987578,36.43832246005782],[0.8451013914660213,36.44685480305323],[0.8462390371987425,36.44520988293759],[0.833902136331479,36.43667753994218],[0.8327644905987578,36.43832246005782]]],[[[0.8497825146214697,36.44887645732721],[0.8439637457332999,36.44849972316886],[0.8473766829314638,36.44356496282196],[0.8497825146214697,36.44887645732721]]]]},"properties":{"speed":0.419,"dir_deg":55.3,"type":"قوي"}},{"type":"Feature","geometry":{"type":"MultiPolygon","coordinates":[[[[0.8742289681805725,36.43813679661858],[0.8837809174592192,36.44970227390999],[0.8853229810980742,36.44842868067283],[0.8757710318194275,36.43686320338142],[0.8742289681805725,36.43813679661858]]],[[[0.8877359323715289,36.45292063638855],[0.8822388538203643,36.45097586714714],[0.8868650447369291,36.44715508743568],[0.8877359323715289,36.45292063638855]]]]},"properties":{"speed":0.3702,"dir_deg":39.6,"type":"متوسط"}},{"type":"Feature","geometry":{"type":"MultiPolygon","coordinates":[[[[0.915731993933595,36.437855457087565],[0.9210638502470644,36.451875846106866],[0.9229332354496377,36.451164931931736],[0.9176013791361682,36.437144542912435],[0.915731993933595,36.437855457087565]]],[[[0.9237758282861741,36.456193852025734],[0.919194465044491,36.452586760281996],[0.9248026206522111,36.450454017756606],[0.9237758282861741,36.456193852025734]]]]},"properties":{"speed":0.4052,"dir_deg":20.8,"type":"قوي"}},{"type":"Feature","geometry":{"type":"MultiPolygon","coordinates":[[[[-0.4164465915343856,36.48014342339815],[-0.40181431404848533,36.47684244542554],[-0.4022544444448325,36.47489147509409],[-0.4168867219307328,36.4781924530667],[-0.4164465915343856,36.48014342339815]]],[[[-0.3971569534180255,36.47476663426895],[-0.4013741836521382,36.478793415756996],[-0.40269457484117965,36.47294050476263],[-0.3971569534180255,36.47476663426895]]]]},"properties":{"speed":0.1968,"dir_deg":102.7,"type":"متوسط"}},{"type":"Feature","geometry":{"type":"MultiPolygon","coordinates":[[[[-0.3747328593304394,36.48013159577671],[-0.3602779961660917,36.4761244857333],[-0.36081227750521283,36.47419717064472],[-0.3752671406695606,36.47820428068813],[-0.3747328593304394,36.48013159577671]]],[[[-0.35572684911420305,36.47382512484121],[-0.3597437148269706,36.47805180082188],[-0.3613465588443339,36.47226985555614],[-0.35572684911420305,36.47382512484121]]]]},"properties":{"speed":0.1786,"dir_deg":105.5,"type":"ضعيف"}},{"type":"Feature","geometry":{"type":"MultiPolygon","coordinates":[[[[-0.33309649065999847,36.480139483827],[-0.31852330674129864,36.476586694715365],[-0.3189970119561833,36.474643603526204],[-0.3335701958748831,36.47819639263784],[-0.33309649065999847,36.480139483827]]],[[[-0.31390243137584106,36.474430886083574],[-0.31804960152641404,36.47852978590453],[-0.3194707171710679,36.47270051233704],[-0.31390243137584106,36.474430886083574]]]]},"properties":{"speed":0.1581,"dir_deg":103.7,"type":"ضعيف"}},{"type":"Feature","geometry":{"type":"MultiPolygon","coordinates":[[[[-0.29159934837382123,36.48016567045343],[-0.27663336505865277,36.479156045072365],[-0.2767679817761287,36.47716058063035],[-0.2917339650912972,36.47817020601141],[-0.29159934837382123,36.48016567045343]]],[[[-0.2717120123123346,36.47782177105766],[-0.2764987483411769,36.48115150951439],[-0.2769025984936046,36.47516511618832],[-0.2717120123123346,36.47782177105766]]]]},"properties":{"speed":0.1474,"dir_deg":93.9,"type":"ضعيف"}},{"type":"Feature","geometry":{"type":"MultiPolygon","coordinates":[[[[-0.25021644375672986,36.4801442333211],[-0.23557201742659145,36.483390889672044],[-0.23513912991313174,36.48143829949469],[-0.24978355624327014,36.478191643143745],[-0.25021644375672986,36.4801442333211]]],[[[-0.23047409822648213,36.48349681336702],[-0.23600490494005114,36.4853434798494],[-0.23470624239967205,36.47948570931734],[-0.23047409822648213,36.48349681336702]]]]},"properties":{"speed":0.153,"dir_deg":77.5,"type":"ضعيف"}},{"type":"Feature","geometry":{"type":"MultiPolygon","coordinates":[[[[-0.2088029630141162,36.4800507990921],[-0.19556005011894598,36.487095318809644],[-0.1946207808232728,36.48532959709029],[-0.20786369371844302,36.478285077372746],[-0.2088029630141162,36.4800507990921]]],[[[-0.19067611117271932,36.48856063118915],[-0.19649931941461915,36.488861040529],[-0.19368151152759963,36.48356387537093],[-0.19067611117271932,36.48856063118915]]]]},"properties":{"speed":0.1706,"dir_deg":62.0,"type":"ضعيف"}},{"type":"Feature","geometry":{"type":"MultiPolygon","coordinates":[[[[-0.16734273901710928,36.47990477803395],[-0.15629014199417013,36.490045788784784],[-0.15493800722739237,36.48857210918173],[-0.16599060425033152,36.478431098430896],[-0.16734273901710928,36.47990477803395]]],[[[-0.15192987560313484,36.4926892859002],[-0.1576422767609479,36.49151946838784],[-0.1535858724606146,36.48709842957867],[-0.15192987560313484,36.4926892859002]]]]},"properties":{"speed":0.1847,"dir_deg":47.5,"type":"ضعيف"}},{"type":"Feature","geometry":{"type":"MultiPolygon","coordinates":[[[[-0.12586503490833284,36.47966964990995],[-0.11833935974544785,36.492645173534946],[-0.1166092899287822,36.49164175017989],[-0.12413496509166717,36.47866622655489],[-0.12586503490833284,36.47966964990995]]],[[[-0.1149657664494867,36.49646863639908],[-0.1200694295621135,36.49364859689],[-0.11487922011211654,36.490638326824836],[-0.1149657664494867,36.49646863639908]]]]},"properties":{"speed":0.2032,"dir_deg":30.1,"type":"متوسط"}},{"type":"Feature","geometry":{"type":"MultiPolygon","coordinates":[[[[-0.08428770669977115,36.47946656210597],[-0.07980834859657725,36.49378212534963],[-0.07789960683075535,36.49318487760254],[-0.08237896493394925,36.478869314358874],[-0.08428770669977115,36.47946656210597]]],[[[-0.077360858345935,36.49825535589064],[-0.08171709036239914,36.49437937309673],[-0.07599086506493345,36.49258762985544],[-0.077360858345935,36.49825535589064]]]]},"properties":{"speed":0.2401,"dir_deg":17.4,"type":"متوسط"}},{"type":"Feature","geometry":{"type":"MultiPolygon","coordinates":[[[[-0.042652299150516625,36.4793368496134],[-0.04011862843588751,36.494121318244694],[-0.03814736595171446,36.493783495482745],[-0.040681036666343574,36.47899902685145],[-0.042652299150516625,36.4793368496134]]],[[[-0.03828844028892461,36.49888056307415],[-0.04208989092006056,36.494459141006644],[-0.03617610346754141,36.493445672720796],[-0.03828844028892461,36.49888056307415]]]]},"properties":{"speed":0.3073,"dir_deg":9.7,"type":"متوسط"}},{"type":"Feature","geometry":{"type":"MultiPolygon","coordinates":[[[[-0.000993181573749565,36.479284515938545],[0.0007554840180591981,36.49418223954479],[0.0027418471655583283,36.493949084132545],[0.000993181573749565,36.4790513605263],[-0.000993181573749565,36.479284515938545]]],[[[0.002331554122411684,36.49903156970741],[-0.001230879129439932,36.49441539495703],[0.0047282103130574585,36.493715928720306],[0.002331554122411684,36.49903156970741]]]]},"properties":{"speed":0.4198,"dir_deg":6.7,"type":"قوي"}},{"type":"Feature","geometry":{"type":"MultiPolygon","coordinates":[[[[0.0406696953619525,36.47924569259931],[0.04183601086525478,36.49420028079647],[0.043829955958209973,36.4940447720627],[0.0426636404549077,36.47909018386554],[0.0406696953619525,36.47924569259931]]],[[[0.04322175524616646,36.49910738916197],[0.039842065772299574,36.494355789530246],[0.045823901051165176,36.493889263328924],[0.04322175524616646,36.49910738916197]]]]},"properties":{"speed":0.5269,"dir_deg":4.5,"type":"قوي"}},{"type":"Feature","geometry":{"type":"MultiPolygon","coordinates":[[[[0.08233334307946576,36.479171749421],[0.08239051090813686,36.494171640481916],[0.08439049638292574,36.49416401810476],[0.08433332855425464,36.479164127043845],[0.08233334307946576,36.479171749421]]],[[[0.08340955958842167,36.49916779298031],[0.08039052543334799,36.49417926285907],[0.08639048185771461,36.49415639572761],[0.08340955958842167,36.49916779298031]]]]},"properties":{"speed":0.6201,"dir_deg":0.2,"type":"قوي"}},{"type":"Feature","geometry":{"type":"MultiPolygon","coordinates":[[[[0.1240007040692167,36.47913041966742],[0.12343792559415695,36.49411985862917],[0.12543651745572354,36.49419489575917],[0.1259992959307833,36.47920545679742],[0.1240007040692167,36.47913041966742]]],[[[0.12424962869992032,36.49915385684809],[0.12143933373259037,36.49404482149916],[0.1274351093172901,36.49426993288918],[0.12424962869992032,36.49915385684809]]]]},"properties":{"speed":0.5942,"dir_deg":357.8,"type":"قوي"}},{"type":"Feature","geometry":{"type":"MultiPolygon","coordinates":[[[[0.16566947384274325,36.47909312803478],[0.1645473208782074,36.49405109489944],[0.1665417164601617,36.49420071529472],[0.16766386942469755,36.47924274843006],[0.16566947384274325,36.47909312803478]]],[[[0.16517046768100593,36.499111894051964],[0.1625529252962531,36.49390147450417],[0.168536112042116,36.49435033568999],[0.16517046768100593,36.499111894051964]]]]},"properties":{"speed":0.4145,"dir_deg":355.7,"type":"قوي"}},{"type":"Feature","geometry":{"type":"MultiPolygon","coordinates":[[[[0.2073889922097269,36.47883895613044],[0.2024542606799333,36.49300399847873],[0.2043429329930387,36.493661962682694],[0.2092776645228323,36.479496920334405],[0.2073889922097269,36.47883895613044]]],[[[0.2017536863265548,36.498054661363476],[0.20056558836682792,36.49234603427475],[0.2062316053061441,36.49431992688667],[0.2017536863265548,36.498054661363476]]]]},"properties":{"speed":0.2903,"dir_deg":340.8,"type":"متوسط"}},{"type":"Feature","geometry":{"type":"MultiPolygon","coordinates":[[[[0.24916020287589677,36.47862503788213],[0.24101669762150596,36.49122199474368],[0.24269629186971242,36.49230779544426],[0.2508397971241032,36.47971083858271],[0.24916020287589677,36.47862503788213]]],[[[0.2391419929941456,36.495963880714484],[0.23933710337329953,36.490136194043096],[0.24437588611791886,36.49339359614485],[0.2391419929941456,36.495963880714484]]]]},"properties":{"speed":0.3506,"dir_deg":327.1,"type":"متوسط"}},{"type":"Feature","geometry":{"type":"MultiPolygon","coordinates":[[[[0.2908819746181134,36.478548039870375],[0.281583499187405,36.490318271587064],[0.28315286341629664,36.49155806831116],[0.292451338847005,36.47978783659447],[0.2908819746181134,36.478548039870375]]],[[[0.2792686894916147,36.49486158052134],[0.28001413495851335,36.48907847486297],[0.2847222276451883,36.49279786503525],[0.2792686894916147,36.49486158052134]]]]},"properties":{"speed":0.3787,"dir_deg":321.7,"type":"قوي"}},{"type":"Feature","geometry":{"type":"MultiPolygon","coordinates":[[[[0.33260879778574276,36.47847871124155],[0.32227039292261356,36.48934689346702],[0.32371948388600963,36.490725347448766],[0.33405788874913883,36.479857165223294],[0.33260879778574276,36.47847871124155]]],[[[0.3195488034499352,36.493658847866385],[0.32082130195921754,36.48796843948527],[0.32516857484940564,36.49210380143052],[0.3195488034499352,36.493658847866385]]]]},"properties":{"speed":0.3453,"dir_deg":316.4,"type":"متوسط"}},{"type":"Feature","geometry":{"type":"MultiPolygon","coordinates":[[[[0.37440831923080214,36.478361765876556],[0.36231573389282223,36.487236977414526],[0.36349909543121794,36.488849322126256],[0.37559168076919786,36.47997411058829],[0.37440831923080214,36.478361765876556]]],[[[0.3588765528826935,36.49100155361638],[0.3611323723544266,36.485624632702795],[0.3646824569696136,36.49046166683799],[0.3588765528826935,36.49100155361638]]]]},"properties":{"speed":0.2668,"dir_deg":306.3,"type":"متوسط"}},{"type":"Feature","geometry":{"type":"MultiPolygon","coordinates":[[[[0.41634485633485874,36.47822113069969],[0.4021427433438647,36.4830481366652],[0.4027863441392656,36.484941751730666],[0.41698845713025967,36.48011474576516],[0.41634485633485874,36.47822113069969]]],[[[0.39773050607790045,36.48560394618643],[0.4014991425484638,36.481154521599734],[0.4034299449346665,36.48683536679613],[0.39773050607790045,36.48560394618643]]]]},"properties":{"speed":0.1793,"dir_deg":288.8,"type":"ضعيف"}},{"type":"Feature","geometry":{"type":"MultiPolygon","coordinates":[[[[0.4586259982510257,36.47821172012938],[0.44428272670541386,36.47382189537561],[0.4436974167382441,36.47573433158169],[0.4580406882838559,36.480124156335464],[0.4586259982510257,36.47821172012938]]],[[[0.43920898120662505,36.473314838560725],[0.4448680366725837,36.471909459169524],[0.44311210677107427,36.477646767787775],[0.43920898120662505,36.473314838560725]]]]},"properties":{"speed":0.1191,"dir_deg":253.0,"type":"ضعيف"}},{"type":"Feature","geometry":{"type":"MultiPolygon","coordinates":[[[[0.5009564098716895,36.47887591056706],[0.49657599489131277,36.464529762491715],[0.49466317514793356,36.465113817822434],[0.4990435901283104,36.47945996589778],[0.5009564098716895,36.47887591056706]]],[[[0.49415944669283085,36.46003974079863],[0.4984888146346919,36.463945707161],[0.4927503554045544,36.46569787315315],[0.49415944669283085,36.46003974079863]]]]},"properties":{"speed":0.1287,"dir_deg":197.0,"type":"ضعيف"}},{"type":"Feature","geometry":{"type":"MultiPolygon","coordinates":[[[[0.5425950329952826,36.479539654319595],[0.5481707743028337,36.46561445741358],[0.5463140813820317,36.46487102523923],[0.5407383400744806,36.47879622214525],[0.5425950329952826,36.479539654319595]]],[[[0.5491010082782831,36.4606010090244],[0.5500274672236356,36.46635788958792],[0.5444573884612298,36.464127593064894],[0.5491010082782831,36.4606010090244]]]]},"properties":{"speed":0.1435,"dir_deg":158.2,"type":"ضعيف"}},{"type":"Feature","geometry":{"type":"MultiPolygon","coordinates":[[[[0.5839697252236553,36.47993928774697],[0.5955399679418993,36.47039311136892],[0.5942671444248255,36.46885041233982],[0.5826969017065815,36.47839658871787],[0.5839697252236553,36.47993928774697]]],[[[0.5987603037561104,36.46643970306168],[0.5968127914589733,36.471935810398016],[0.5929943209077516,36.467307713310724],[0.5987603037561104,36.46643970306168]]]]},"properties":{"speed":0.1744,"dir_deg":129.5,"type":"ضعيف"}},{"type":"Feature","geometry":{"type":"MultiPolygon","coordinates":[[[[0.6254144883666853,36.48007799284281],[0.6390653075224565,36.47386066734253],[0.6382363307890858,36.472040558121755],[0.6245855116333147,36.478257883622035],[0.6254144883666853,36.48007799284281]]],[[[0.643201092207695,36.470878170898715],[0.6398942842558272,36.475680776563294],[0.6374073540557151,36.47022044890099],[0.643201092207695,36.470878170898715]]]]},"properties":{"speed":0.2067,"dir_deg":114.5,"type":"متوسط"}},{"type":"Feature","geometry":{"type":"MultiPolygon","coordinates":[[[[0.666777776635243,36.48016174857127],[0.681684931717967,36.47849539706585],[0.6814627515172442,36.476507776388154],[0.6665555964345202,36.478174127893574],[0.666777776635243,36.48016174857127]]],[[[0.6865428933118469,36.476946136225195],[0.6819071119186896,36.480483017743545],[0.6812405713165216,36.47452015571046],[0.6865428933118469,36.476946136225195]]]]},"properties":{"speed":0.2205,"dir_deg":96.4,"type":"متوسط"}},{"type":"Feature","geometry":{"type":"MultiPolygon","coordinates":[[[[0.708317325068341,36.48016781040984],[0.723315407729565,36.4804076363615],[0.7233473845231199,36.478407892006665],[0.7083493018618958,36.478168066055005],[0.708317325068341,36.48016781040984]]],[[[0.7283307570134172,36.47948770616797],[0.7232834309360102,36.482407380716324],[0.7233793613166747,36.47640814765184],[0.7283307570134172,36.47948770616797]]]]},"properties":{"speed":0.2397,"dir_deg":89.1,"type":"متوسط"}},{"type":"Feature","geometry":{"type":"MultiPolygon","coordinates":[[[[0.7497423137232445,36.480134166871395],[0.7642357433078416,36.48399946102273],[0.7647511158613526,36.48206700374478],[0.7502576862767555,36.47820170959345],[0.7497423137232445,36.480134166871395]]],[[[0.7693245727794628,36.48432166376753],[0.7637203707543305,36.48593191830067],[0.7652664884148637,36.480134546466836],[0.7693245727794628,36.48432166376753]]]]},"properties":{"speed":0.2666,"dir_deg":75.1,"type":"متوسط"}},{"type":"Feature","geometry":{"type":"MultiPolygon","coordinates":[[[[0.7912717053312118,36.48008662743381],[0.8050520433520371,36.48601134548886],[0.8058420057593766,36.48417396708608],[0.7920616677385514,36.47824924903103],[0.7912717053312118,36.48008662743381]]],[[[0.8100404705626485,36.48706756230582],[0.8042620809446974,36.48784872389164],[0.8066319681667162,36.4823365886833],[0.8100404705626485,36.48706756230582]]]]},"properties":{"speed":0.3153,"dir_deg":66.7,"type":"متوسط"}},{"type":"Feature","geometry":{"type":"MultiPolygon","coordinates":[[[[0.8327555540264457,36.47998414533299],[0.8449986605350301,36.488650536913084],[0.8461541794123755,36.487018122711945],[0.8339110729037911,36.47835173113185],[0.8327555540264457,36.47998414533299]]],[[[0.8496574554765642,36.49072312700588],[0.8438431416576848,36.49028295111423],[0.8473096982897208,36.4853857085108],[0.8496574554765642,36.49072312700588]]]]},"properties":{"speed":0.4098,"dir_deg":54.7,"type":"قوي"}},{"type":"Feature","geometry":{"type":"MultiPolygon","coordinates":[[[[0.874443767586568,36.47999896500831],[0.8869091692249317,36.488342451209796],[0.8880216340517956,36.48668039765801],[0.875556232413432,36.47833691145653],[0.874443767586568,36.47999896500831]]],[[[0.8916205355178182,36.49029258650106],[0.8857967043980677,36.49000450476158],[0.8891340988786596,36.48501834410623],[0.8916205355178182,36.49029258650106]]]]},"properties":{"speed":0.4963,"dir_deg":56.2,"type":"قوي"}},{"type":"Feature","geometry":{"type":"MultiPolygon","coordinates":[[[[0.9159549855044865,36.47987042071856],[0.9264922227965985,36.49054593617449],[0.9279156248573887,36.48914097120221],[0.9173783875652767,36.47846545574628],[0.9159549855044865,36.47987042071856]]],[[[0.9307163362576976,36.49340195884032],[0.9250688207358083,36.49195090114677],[0.9293390269181788,36.48773600622993],[0.9307163362576976,36.49340195884032]]]]},"properties":{"speed":0.5725,"dir_deg":44.6,"type":"قوي"}},{"type":"Feature","geometry":{"type":"MultiPolygon","coordinates":[[[[0.9574794239246449,36.47968839250771],[0.9652862380540286,36.492496735614814],[0.9669940171349756,36.491455827064236],[0.9591872030055919,36.47864748395713],[0.9574794239246449,36.47968839250771]]],[[[0.9687423989709633,36.49624572904189],[0.9635784589730816,36.4935376441654],[0.9687017962159226,36.49041491851365],[0.9687423989709633,36.49624572904189]]]]},"properties":{"speed":0.4035,"dir_deg":31.4,"type":"قوي"}},{"type":"Feature","geometry":{"type":"MultiPolygon","coordinates":[[[[0.9990276038976253,36.47940127451354],[1.0025276481144154,36.49398721604916],[1.0044724403191647,36.49352054348692],[1.0009723961023747,36.4789346019513],[0.9990276038976253,36.47940127451354]]],[[[1.0046667256223867,36.49861586027991],[1.0005828559096661,36.4944538886114],[1.006417232523914,36.49305387092468],[1.0046667256223867,36.49861586027991]]]]},"properties":{"speed":0.3535,"dir_deg":13.5,"type":"متوسط"}},{"type":"Feature","geometry":{"type":"MultiPolygon","coordinates":[[[[-0.41628208263227207,36.52175515589138],[-0.40243567077531894,36.51598654438707],[-0.4032048189758932,36.51414035613947],[-0.41705123083284634,36.51990896764378],[-0.41628208263227207,36.52175515589138]]],[[[-0.3982047742566217,36.51314057976183],[-0.4016665225747446,36.51783273263466],[-0.40397396717646755,36.51229416789188],[-0.3982047742566217,36.51314057976183]]]]},"properties":{"speed":0.184,"dir_deg":112.6,"type":"ضعيف"}},{"type":"Feature","geometry":{"type":"MultiPolygon","coordinates":[[[[-0.37457889382124687,36.52173907311603],[-0.36097372359450625,36.51542248043474],[-0.3618159359520125,36.51360845773783],[-0.37542110617875313,36.519925050419126],[-0.37457889382124687,36.52173907311603]]],[[[-0.35685977303101246,36.51240993819252],[-0.36013151123700005,36.517236503131635],[-0.3626581483095187,36.51179443504093],[-0.35685977303101246,36.51240993819252]]]]},"properties":{"speed":0.1635,"dir_deg":114.9,"type":"ضعيف"}},{"type":"Feature","geometry":{"type":"MultiPolygon","coordinates":[[[[-0.3329745233489063,36.52176546857389],[-0.31897342125427974,36.51638316979587],[-0.3196910610913487,36.51451635618325],[-0.3336921631859753,36.51989865496127],[-0.3329745233489063,36.52176546857389]]],[[[-0.314665207141272,36.51365566339689],[-0.31825578141721084,36.51824998340849],[-0.3204087009284176,36.512649542570635],[-0.314665207141272,36.51365566339689]]]]},"properties":{"speed":0.1452,"dir_deg":111.0,"type":"ضعيف"}},{"type":"Feature","geometry":{"type":"MultiPolygon","coordinates":[[[[-0.29155086287771087,36.5218253350347],[-0.27665176387087975,36.520088427211974],[-0.2768833515805764,36.51810188067773],[-0.29178245058740754,36.51983878850046],[-0.29155086287771087,36.5218253350347]]],[[[-0.2718011913901177,36.51851618467061],[-0.2764201761611831,36.52207497374622],[-0.2771149392902731,36.516115334143485],[-0.2718011913901177,36.51851618467061]]]]},"properties":{"speed":0.1364,"dir_deg":96.6,"type":"ضعيف"}},{"type":"Feature","geometry":{"type":"MultiPolygon","coordinates":[[[[-0.2502562359690614,36.52179867602785],[-0.23575702206499702,36.52564221556377],[-0.23524455012687426,36.52370898704323],[-0.24974376403093862,36.51986544750731],[-0.2502562359690614,36.52179867602785]]],[[[-0.23066771479458084,36.52595678114881],[-0.2362694940031198,36.52757544408431],[-0.23473207818875147,36.521775758522686],[-0.23066771479458084,36.52595678114881]]]]},"properties":{"speed":0.1458,"dir_deg":75.2,"type":"ضعيف"}},{"type":"Feature","geometry":{"type":"MultiPolygon","coordinates":[[[[-0.20887974527687217,36.52166957508677],[-0.19631704548904166,36.529865828745656],[-0.19522421166785653,36.528190802107275],[-0.20778691145568703,36.51999454844839],[-0.20887974527687217,36.52166957508677]]],[[[-0.1915830619825056,36.53176039997943],[-0.1974098793102268,36.53154085538403],[-0.1941313778466714,36.5265157754689],[-0.1915830619825056,36.53176039997943]]]]},"properties":{"speed":0.1665,"dir_deg":56.9,"type":"ضعيف"}},{"type":"Feature","geometry":{"type":"MultiPolygon","coordinates":[[[[-0.16743501389823337,36.521472100957446],[-0.15783442605025785,36.53299723492514],[-0.1562977415212319,36.531717156545405],[-0.16589832936920743,36.52019202257771],[-0.16743501389823337,36.521472100957446]]],[[[-0.1538658878364197,36.53619890705784],[-0.15937111057928377,36.53427731330487],[-0.154761056992206,36.530437078165676],[-0.1538658878364197,36.53619890705784]]]]},"properties":{"speed":0.1826,"dir_deg":39.8,"type":"ضعيف"}},{"type":"Feature","geometry":{"type":"MultiPolygon","coordinates":[[[[-0.1259341548080899,36.52118892980274],[-0.12058113428061504,36.535201251924086],[-0.11871282466443522,36.53448751585376],[-0.12406584519191009,36.520475193732416],[-0.1259341548080899,36.52118892980274]]],[[[-0.11786263929670018,36.53951515792938],[-0.12244944389679484,36.53591498799442],[-0.11684451504825542,36.53377377978343],[-0.11786263929670018,36.53951515792938]]]]},"properties":{"speed":0.2152,"dir_deg":20.9,"type":"متوسط"}},{"type":"Feature","geometry":{"type":"MultiPolygon","coordinates":[[[[-0.08431630568566954,36.5210158285682],[-0.0815598036762539,36.535760376600344],[-0.07959386393863521,36.535392842999094],[-0.08235036594805085,36.52064829496695],[-0.08431630568566954,36.5210158285682]]],[[[-0.079657999804306,36.540491459143766],[-0.08352574341387259,36.5361279102016],[-0.07762792420101652,36.53502530939784],[-0.079657999804306,36.540491459143766]]]]},"properties":{"speed":0.2656,"dir_deg":10.6,"type":"متوسط"}},{"type":"Feature","geometry":{"type":"MultiPolygon","coordinates":[[[[-0.04266319262894589,36.52091535931497],[-0.04141372941812024,36.53586323012271],[-0.03942067997708866,36.535696635027925],[-0.04067014318791431,36.52074876422019],[-0.04266319262894589,36.52091535931497]]],[[[-0.04000071696066257,36.540762556177896],[-0.04340677885915183,36.53602982521748],[-0.03742763053605707,36.53553003993315],[-0.04000071696066257,36.540762556177896]]]]},"properties":{"speed":0.349,"dir_deg":4.8,"type":"متوسط"}},{"type":"Feature","geometry":{"type":"MultiPolygon","coordinates":[[[[-0.0009994936224944383,36.520863881550625],[-0.0005221968768396505,36.535856285888045],[0.0014767903681492261,36.53579264632195],[0.0009994936224944383,36.52080024198453],[-0.0009994936224944383,36.520863881550625]]],[[[0.0006363956608730505,36.54082193421747],[-0.0025211841218285274,36.53591992545413],[0.003475777613138103,36.535729006755865],[0.0006363956608730505,36.54082193421747]]]]},"properties":{"speed":0.4703,"dir_deg":1.8,"type":"قوي"}},{"type":"Feature","geometry":{"type":"MultiPolygon","coordinates":[[[[0.04066671025553666,36.52082285891911],[0.04052866752857535,36.535822223712515],[0.04252858283436222,36.53584062940945],[0.042666625561323536,36.520841264616045],[0.04066671025553666,36.52082285891911]]],[[[0.041482610939148346,36.540831214825445],[0.03852875222278848,36.53580381801559],[0.044528498140149086,36.53585903510638],[0.041482610939148346,36.540831214825445]]]]},"properties":{"speed":0.5691,"dir_deg":359.5,"type":"قوي"}},{"type":"Feature","geometry":{"type":"MultiPolygon","coordinates":[[[[0.08233567398117735,36.52076371806544],[0.08131051844910928,36.535728645600685],[0.08330584212047498,36.53586533300496],[0.08433099765254305,36.52090040546972],[0.08233567398117735,36.52076371806544]]],[[[0.08196646177410277,36.54078529848123],[0.07931519477774356,36.53559195819641],[0.0853011657918407,36.536002020409235],[0.08196646177410277,36.54078529848123]]]]},"properties":{"speed":0.629,"dir_deg":356.1,"type":"قوي"}},{"type":"Feature","geometry":{"type":"MultiPolygon","coordinates":[[[[0.12400491468908761,36.52073304043651],[0.12251959472307368,36.535659320100194],[0.12450976534489845,36.53585736276233],[0.12599508531091239,36.520931083098645],[0.12400491468908761,36.52073304043651]]],[[[0.12301957337864808,36.54073376798583],[0.12052942410124891,36.53546127743806],[0.12649993596672324,36.53605540542446],[0.12301957337864808,36.54073376798583]]]]},"properties":{"speed":0.5427,"dir_deg":354.3,"type":"قوي"}},{"type":"Feature","geometry":{"type":"MultiPolygon","coordinates":[[[[0.16568595436747632,36.52063662982625],[0.16275447524757436,36.53534738881991],[0.1647159097800625,36.535738252702565],[0.16764738889996447,36.52102749370891],[0.16568595436747632,36.52063662982625]]],[[[0.16275803280718443,36.54044640709246],[0.16079304071508624,36.53495652493726],[0.16667734431255063,36.536129116585215],[0.16275803280718443,36.54044640709246]]]]},"properties":{"speed":0.3788,"dir_deg":348.7,"type":"قوي"}},{"type":"Feature","geometry":{"type":"MultiPolygon","coordinates":[[[[0.20742215064191616,36.52042004823063],[0.2012419475877785,36.53408771409608],[0.20306430303650538,36.53491174116997],[0.20924450609064305,36.52124407530452],[0.20742215064191616,36.52042004823063]]],[[[0.20009305762742938,36.53905561625485],[0.19941959213905164,36.5332636870222],[0.20488665848523224,36.53573576824385],[0.20009305762742938,36.53905561625485]]]]},"properties":{"speed":0.3416,"dir_deg":335.7,"type":"متوسط"}},{"type":"Feature","geometry":{"type":"MultiPolygon","coordinates":[[[[0.2491186204166898,36.52035965301435],[0.24203248911830932,36.533580346764005],[0.2437952482849297,36.534525164270455],[0.2508813795833102,36.5213044705208],[0.2491186204166898,36.52035965301435]]],[[[0.2405518249354927,36.53845965343378],[0.24026972995168894,36.532635529257554],[0.2455580074515501,36.535469981776906],[0.2405518249354927,36.53845965343378]]]]},"properties":{"speed":0.3983,"dir_deg":331.8,"type":"قوي"}},{"type":"Feature","geometry":{"type":"MultiPolygon","coordinates":[[[[0.29081853470745667,36.52030226083276],[0.28287152068515925,36.53302409120929],[0.2845677647353643,36.534083693078934],[0.29251477875766174,36.5213618627024],[0.29081853470745667,36.52030226083276]]],[[[0.2810706380361626,36.53779450226963],[0.2811752766349542,36.53196448933965],[0.2862640087855694,36.535143294948575],[0.2810706380361626,36.53779450226963]]]]},"properties":{"speed":0.3694,"dir_deg":328.0,"type":"متوسط"}},{"type":"Feature","geometry":{"type":"MultiPolygon","coordinates":[[[[0.3325674480638614,36.52018909634305],[0.3229229666959927,36.53167752439674],[0.32445475710315147,36.53296345524579],[0.3340992384710202,36.5214750271921],[0.3325674480638614,36.52018909634305]]],[[[0.32047403477694913,36.536149965839165],[0.3213911762888339,36.53039159354769],[0.32598654751031025,36.53424938609484],[0.32047403477694913,36.536149965839165]]]]},"properties":{"speed":0.2851,"dir_deg":320.0,"type":"متوسط"}},{"type":"Feature","geometry":{"type":"MultiPolygon","coordinates":[[[[0.3743986953899066,36.5200330418893],[0.36241339721576443,36.5290526110407],[0.3636160064359512,36.530650650797256],[0.3756013046100934,36.52163108164586],[0.3743986953899066,36.5200330418893]]],[[[0.35901960243447706,36.53285815396944],[0.36121078799557765,36.527454571284146],[0.364818615656138,36.53224869055381],[0.35901960243447706,36.53285815396944]]]]},"properties":{"speed":0.1882,"dir_deg":307.0,"type":"متوسط"}},{"type":"Feature","geometry":{"type":"MultiPolygon","coordinates":[[[[0.4166617117393039,36.51983207399413],[0.40166189513761225,36.51990624889296],[0.4016717851241229,36.52190622443985],[0.4166716017258145,36.521832049541025],[0.4166617117393039,36.51983207399413]]],[[[0.396666901263637,36.520930961632686],[0.40165200515110155,36.517906273346064],[0.4016816751106336,36.52390619998675],[0.396666901263637,36.520930961632686]]]]},"properties":{"speed":0.1,"dir_deg":270.3,"type":"ضعيف"}},{"type":"Feature","geometry":{"type":"MultiPolygon","coordinates":[[[[0.45923843137375076,36.52040683768569],[0.4528600701454522,36.50683051609104],[0.4510498939328323,36.50768096425482],[0.45742825516113084,36.521257285849465],[0.45923843137375076,36.52040683768569]]],[[[0.4498288616297094,36.50273029964138],[0.45467024635807207,36.50598006792727],[0.44923971772021243,36.50853141241859],[0.4498288616297094,36.50273029964138]]]]},"properties":{"speed":0.1154,"dir_deg":205.2,"type":"ضعيف"}},{"type":"Feature","geometry":{"type":"MultiPolygon","coordinates":[[[[0.5009996889159064,36.520857003127084],[0.5013738093084456,36.50586166938849],[0.49937443147663274,36.505811786669476],[0.4990003110840936,36.52080712040807],[0.5009996889159064,36.520857003127084]]],[[[0.5004988271900521,36.50083828344945],[0.5033731871402585,36.50591155210749],[0.4973750536448199,36.50576190395047],[0.5004988271900521,36.50083828344945]]]]},"properties":{"speed":0.2071,"dir_deg":178.6,"type":"متوسط"}},{"type":"Feature","geometry":{"type":"MultiPolygon","coordinates":[[[[0.5426283686416692,36.52110622873401],[0.5467408731382057,36.5066809971322],[0.5448175089246305,36.50613266319933],[0.540705004428094,36.520557894801144],[0.5426283686416692,36.52110622873401]]],[[[0.547150025863597,36.501598419631826],[0.5486642373517809,36.507229331065076],[0.5428941447110553,36.505584329266455],[0.547150025863597,36.501598419631826]]]]},"properties":{"speed":0.2117,"dir_deg":164.1,"type":"متوسط"}},{"type":"Feature","geometry":{"type":"MultiPolygon","coordinates":[[[[0.5842053283058848,36.52132154120278],[0.5915475198338769,36.50824131859129],[0.5898034901523441,36.50726235972088],[0.582461298624352,36.520342582332376],[0.5842053283058848,36.52132154120278]]],[[[0.5931229021691079,36.50339176495225],[0.5932915495154096,36.50922027746169],[0.5880594604708114,36.506283400850485],[0.5931229021691079,36.50339176495225]]]]},"properties":{"speed":0.1874,"dir_deg":150.7,"type":"متوسط"}},{"type":"Feature","geometry":{"type":"MultiPolygon","coordinates":[[[[0.6256960908122531,36.52155001551337],[0.6364653969991332,36.51110865332957],[0.635073215374627,36.50967274583799],[0.6243039091877469,36.52011410802179],[0.6256960908122531,36.52155001551337]]],[[[0.6393590749158402,36.50691024552251],[0.6378575786236395,36.512544560821155],[0.6336810337501207,36.508236838346406],[0.6393590749158402,36.50691024552251]]]]},"properties":{"speed":0.162,"dir_deg":134.1,"type":"ضعيف"}},{"type":"Feature","geometry":{"type":"MultiPolygon","coordinates":[[[[0.6669822110313178,36.52178097919926],[0.6812159725065374,36.517048111752715],[0.680584923513665,36.51515027688936],[0.6663511620384454,36.5198831443359],[0.6669822110313178,36.52178097919926]]],[[[0.6856450351685076,36.514521571838856],[0.68184702149941,36.51894594661608],[0.6799538745207924,36.513252442025994],[0.6856450351685076,36.514521571838856]]]]},"properties":{"speed":0.1492,"dir_deg":108.4,"type":"ضعيف"}},{"type":"Feature","geometry":{"type":"MultiPolygon","coordinates":[[[[0.7084048150444325,36.5218295022541],[0.7233664223422801,36.520756978564386],[0.7232234191836518,36.51876209759134],[0.7082618118858043,36.519834621281056],[0.7084048150444325,36.5218295022541]]],[[[0.7282821231955818,36.5194020301813],[0.7235094255009084,36.522751859537436],[0.7230804160250236,36.51676721661829],[0.7282821231955818,36.5194020301813]]]]},"properties":{"speed":0.1597,"dir_deg":94.1,"type":"ضعيف"}},{"type":"Feature","geometry":{"type":"MultiPolygon","coordinates":[[[[0.7497101961826558,36.52178914783865],[0.7640664872488352,36.526136205098815],[0.7646460948835236,36.524222032956665],[0.7502898038173442,36.5198749756965],[0.7497101961826558,36.52178914783865]]],[[[0.7691417214215726,36.52662813811446],[0.7634868796141467,36.52805037724097],[0.7652257025182121,36.52230786081451],[0.7691417214215726,36.52662813811446]]]]},"properties":{"speed":0.1815,"dir_deg":73.2,"type":"ضعيف"}},{"type":"Feature","geometry":{"type":"MultiPolygon","coordinates":[[[[0.7913170737883272,36.52176895606655],[0.8053704882729105,36.52701314726487],[0.8060697137660193,36.52513935866692],[0.792016299281436,36.519895167468604],[0.7913170737883272,36.52176895606655]]],[[[0.8104045725143261,36.52782431669867],[0.8046712627798015,36.52888693586281],[0.8067689392591283,36.52326557006898],[0.8104045725143261,36.52782431669867]]]]},"properties":{"speed":0.2103,"dir_deg":69.5,"type":"متوسط"}},{"type":"Feature","geometry":{"type":"MultiPolygon","coordinates":[[[[0.8327617065679317,36.521652589375336],[0.8450696206842604,36.53022669283314],[0.8462128344786338,36.528585637617624],[0.8339049203623051,36.52001153415982],[0.8327617065679317,36.521652589375336]]],[[[0.8497438656202234,36.532264199711314],[0.8439264068898868,36.53186774804865],[0.8473560482730074,36.526944582402116],[0.8497438656202234,36.532264199711314]]]]},"properties":{"speed":0.317,"dir_deg":55.1,"type":"متوسط"}},{"type":"Feature","geometry":{"type":"MultiPolygon","coordinates":[[[[0.8745543288304232,36.52172725851054],[0.8879822799748387,36.52841232605419],[0.8888736223139924,36.52662193256827],[0.8754456711695768,36.51993686502462],[0.8745543288304232,36.52172725851054]]],[[[0.8929039348592207,36.52974548515911],[0.8870909376356851,36.530202719540114],[0.8897649646531459,36.52483153908234],[0.8929039348592207,36.52974548515911]]]]},"properties":{"speed":0.3615,"dir_deg":63.5,"type":"متوسط"}},{"type":"Feature","geometry":{"type":"MultiPolygon","coordinates":[[[[0.9160137399651324,36.521589465739744],[0.9273747995476204,36.53138366428598],[0.9286806926871188,36.52986885634165],[0.9173196331046308,36.52007465779541],[0.9160137399651324,36.521589465739744]]],[[[0.931814765978199,36.533890993162565],[0.9260689064081218,36.532898472230315],[0.9299865858266174,36.52835404839732],[0.931814765978199,36.533890993162565]]]]},"properties":{"speed":0.5154,"dir_deg":49.2,"type":"قوي"}},{"type":"Feature","geometry":{"type":"MultiPolygon","coordinates":[[[[0.9577464791168357,36.52164176878106],[0.969892084319008,36.5304442840053],[0.9710657530155733,36.52882486997834],[0.9589201478134011,36.5200223547541],[0.9577464791168357,36.52164176878106]]],[[[0.9745274537346813,36.53256874873323],[0.9687184156224428,36.53206369803225],[0.9722394217121385,36.52720545595138],[0.9745274537346813,36.53256874873323]]]]},"properties":{"speed":0.5598,"dir_deg":54.1,"type":"قوي"}},{"type":"Feature","geometry":{"type":"MultiPolygon","coordinates":[[[[0.9992880284157954,36.521534270043865],[1.0098211525600926,36.532213843806936],[1.0112450957285017,36.53080942725436],[1.0007119715842046,36.52012985349129],[0.9992880284157954,36.521534270043865]]],[[[1.0140441655257295,36.53507149345167],[1.0083972093916835,36.53361826035951],[1.0126690388969108,36.52940501070179],[1.0140441655257295,36.53507149345167]]]]},"properties":{"speed":0.5275,"dir_deg":44.6,"type":"قوي"}},{"type":"Feature","geometry":{"type":"MultiPolygon","coordinates":[[[[-0.4160391987828652,36.563278650448765],[-0.4043594420513527,36.553866781203354],[-0.4056143579507407,36.55230948030582],[-0.4172941146822532,36.561721349551235],[-0.4160391987828652,36.563278650448765]]],[[[-0.40109364775720924,36.54995084100612],[-0.40310452615196474,36.55542408210089],[-0.40686927385012867,36.550752179408285],[-0.40109364775720924,36.54995084100612]]]]},"properties":{"speed":0.2024,"dir_deg":128.9,"type":"متوسط"}},{"type":"Feature","geometry":{"type":"MultiPolygon","coordinates":[[[[-0.37434944079012467,36.563259455538166],[-0.3629576077176807,36.55350106739004],[-0.3642587261374314,36.551982156313706],[-0.37565055920987533,36.561740544461834],[-0.37434944079012467,36.563259455538166]]],[[[-0.35981088923674137,36.54948881580249],[-0.36165648929793,36.55501997846636],[-0.3655598445571821,36.55046324523738],[-0.35981088923674137,36.54948881580249]]]]},"properties":{"speed":0.1841,"dir_deg":130.6,"type":"ضعيف"}},{"type":"Feature","geometry":{"type":"MultiPolygon","coordinates":[[[[-0.33276631455327327,36.563323698025556],[-0.320410844169891,36.554818267313046],[-0.3215449015982261,36.55317087126193],[-0.3339003719816083,36.561676301974444],[-0.33276631455327327,36.563323698025556]]],[[[-0.3168593827562645,36.55115942571665],[-0.3192767867415559,36.556465663364165],[-0.3226789590265612,36.551523475210814],[-0.3168593827562645,36.55115942571665]]]]},"properties":{"speed":0.1678,"dir_deg":124.5,"type":"ضعيف"}},{"type":"Feature","geometry":{"type":"MultiPolygon","coordinates":[[[[-0.2913589734785523,36.563451488841345],[-0.2770866408583799,36.55883624003124],[-0.2777020073663938,36.55693326234855],[-0.29197433998656613,36.561548511158655],[-0.2913589734785523,36.563451488841345]]],[[[-0.27263687990566277,36.55634633491986],[-0.2764712743503661,36.56073921771393],[-0.2783173738744076,36.55503028466586],[-0.27263687990566277,36.55634633491986]]]]},"properties":{"speed":0.1539,"dir_deg":107.9,"type":"ضعيف"}},{"type":"Feature","geometry":{"type":"MultiPolygon","coordinates":[[[[-0.25014241441384205,36.563489807119964],[-0.23529530761439263,36.565626023327596],[-0.23501047878670858,36.56364640908767],[-0.24985758558615798,36.561510192880036],[-0.25014241441384205,36.563489807119964]]],[[[-0.23020385760073414,36.56534828827684],[-0.2355801364420767,36.567605637567524],[-0.2347256499590245,36.56166679484774],[-0.23020385760073414,36.56534828827684]]]]},"properties":{"speed":0.1557,"dir_deg":81.8,"type":"ضعيف"}},{"type":"Feature","geometry":{"type":"MultiPolygon","coordinates":[[[[-0.20887264266516173,36.563342104558245],[-0.19624107429144866,36.57143181904148],[-0.1951624456936844,36.56974760992499],[-0.20779401406739748,36.561657895441755],[-0.20887264266516173,36.563342104558245]]],[[[-0.19149123720132885,36.573286285977645],[-0.1973197028892129,36.573116028157976],[-0.19408381709592015,36.56806340080849],[-0.19149123720132885,36.573286285977645]]]]},"properties":{"speed":0.1767,"dir_deg":57.4,"type":"ضعيف"}},{"type":"Feature","geometry":{"type":"MultiPolygon","coordinates":[[[[-0.16746615305702361,36.563100690813805],[-0.15845579084990696,36.575092912163356],[-0.15685682800330053,36.57389153053575],[-0.16586719021041718,36.561899309186195],[-0.16746615305702361,36.563100690813805]]],[[[-0.15465285535756487,36.578489628466066],[-0.16005475369651342,36.57629429379097],[-0.15525786515669407,36.57269014890813],[-0.15465285535756487,36.578489628466066]]]]},"properties":{"speed":0.2009,"dir_deg":36.9,"type":"متوسط"}},{"type":"Feature","geometry":{"type":"MultiPolygon","coordinates":[[[[-0.125941313376811,36.56283753388961],[-0.12087830503262986,36.57695723454178],[-0.11899567827900784,36.57628216676255],[-0.12405868662318899,36.56216246611039],[-0.125941313376811,36.56283753388961]]],[[[-0.11824932220775847,36.58132626753622],[-0.12276093178625187,36.577632302321],[-0.11711305152538583,36.57560709898333],[-0.11824932220775847,36.58132626753622]]]]},"properties":{"speed":0.2457,"dir_deg":19.7,"type":"متوسط"}},{"type":"Feature","geometry":{"type":"MultiPolygon","coordinates":[[[[-0.08431272725254674,36.56270197132397],[-0.0812831573930834,36.57739284285927],[-0.07932437452171032,36.57698890021133],[-0.08235394438117366,36.56229802867603],[-0.08431272725254674,36.56270197132397]]],[[[-0.07929390933757574,36.58208782871373],[-0.08324194026445647,36.577796785507196],[-0.07736559165033724,36.576584957563405],[-0.07929390933757574,36.58208782871373]]]]},"properties":{"speed":0.3032,"dir_deg":11.7,"type":"متوسط"}},{"type":"Feature","geometry":{"type":"MultiPolygon","coordinates":[[[[-0.042662388788800396,36.56259241173299],[-0.04127621279391922,36.57752822493855],[-0.03928477103317863,36.57734340147256],[-0.0406709470280598,36.56240758826701],[-0.042662388788800396,36.56259241173299]]],[[[-0.03981843324858853,36.5824144176074],[-0.04326765455465982,36.57771304840453],[-0.03729332927243803,36.577158578006575],[-0.03981843324858853,36.5824144176074]]]]},"properties":{"speed":0.3932,"dir_deg":5.3,"type":"قوي"}},{"type":"Feature","geometry":{"type":"MultiPolygon","coordinates":[[[[-0.000999936568526994,36.56248873683337],[-0.0011688840679270859,36.57748778536128],[0.0008309890691269022,36.57751031169453],[0.000999936568526994,36.56251126316663],[-0.000999936568526994,36.56248873683337]]],[[[-0.0002252633325334558,36.58249873137054],[-0.003168757204981074,36.577465259028024],[0.002830862206180891,36.577532838027786],[-0.0002252633325334558,36.58249873137054]]]]},"properties":{"speed":0.519,"dir_deg":359.4,"type":"قوي"}},{"type":"Feature","geometry":{"type":"MultiPolygon","coordinates":[[[[0.04066961536029431,36.56242327831952],[0.039518790153070076,36.57737906654156],[0.04151289524934166,36.57753250990252],[0.04266372045656589,36.56257672168048],[0.04066961536029431,36.56242327831952]]],[[[0.04013223429879779,36.582441050962714],[0.03752468505679849,36.577225623180595],[0.04350700034561324,36.57768595326348],[0.04013223429879779,36.582441050962714]]]]},"properties":{"speed":0.6107,"dir_deg":355.6,"type":"قوي"}},{"type":"Feature","geometry":{"type":"MultiPolygon","coordinates":[[[[0.08234127686183358,36.562374226275594],[0.08045467099571131,36.577255110600994],[0.08243878890576455,36.577506658049806],[0.08432539477188682,36.562625773724406],[0.08234127686183358,36.562374226275594]]],[[[0.08081786132869717,36.58234117910053],[0.07847055308565808,36.577003563152175],[0.08442290681581778,36.577758205498625],[0.08081786132869717,36.58234117910053]]]]},"properties":{"speed":0.6156,"dir_deg":352.8,"type":"قوي"}},{"type":"Feature","geometry":{"type":"MultiPolygon","coordinates":[[[[0.12401712447794214,36.562315729253164],[0.12125306327540217,36.57705886208403],[0.1232188143195179,36.5774274035777],[0.12598287552205786,36.562684270746836],[0.12401712447794214,36.562315729253164]]],[[[0.12131458506328005,36.58215751044116],[0.11928731223128647,36.57669032059036],[0.1251845653636336,36.57779594507137],[0.12131458506328005,36.58215751044116]]]]},"properties":{"speed":0.4837,"dir_deg":349.4,"type":"قوي"}},{"type":"Feature","geometry":{"type":"MultiPolygon","coordinates":[[[[0.16572263604207854,36.5621701563981],[0.1607749820135999,36.576330690272734],[0.16266305319688362,36.57699037747653],[0.16761070722536225,36.5628298436019],[0.16572263604207854,36.5621701563981]]],[[[0.16006979959574888,36.581380711832836],[0.15888691083031622,36.57567100306893],[0.1645511243801673,36.57765006468033],[0.16006979959574888,36.581380711832836]]]]},"properties":{"speed":0.3827,"dir_deg":340.7,"type":"قوي"}},{"type":"Feature","geometry":{"type":"MultiPolygon","coordinates":[[[[0.2074276581694896,36.56207601710572],[0.20106791475521332,36.57566107005757],[0.20287925514879332,36.576509035846136],[0.2092389985630696,36.56292398289428],[0.2074276581694896,36.56207601710572]]],[[[0.19985367048057792,36.5806134039358],[0.1992565743616333,36.574813104269],[0.20469059554237334,36.57735700163471],[0.19985367048057792,36.5806134039358]]]]},"properties":{"speed":0.397,"dir_deg":334.9,"type":"قوي"}},{"type":"Feature","geometry":{"type":"MultiPolygon","coordinates":[[[[0.2490952485361985,36.56207406011134],[0.24270615020634542,36.57564533206836],[0.24451565313394844,36.57649721184568],[0.25090475146380153,36.56292593988866],[0.2490952485361985,36.56207406011134]]],[[[0.24148120222686256,36.58059502927603],[0.2408966472787424,36.57479345229105],[0.24632515606155145,36.57734909162299],[0.24148120222686256,36.58059502927603]]]]},"properties":{"speed":0.3942,"dir_deg":334.8,"type":"قوي"}},{"type":"Feature","geometry":{"type":"MultiPolygon","coordinates":[[[[0.2907922310705313,36.562014840478206],[0.2835148382436257,36.575131225408626],[0.2852636895676815,36.576101544452214],[0.2925410823945871,36.562985159521794],[0.2907922310705313,36.562014840478206]]],[[[0.28196346629668506,36.57998851324056],[0.28176598691956994,36.57416090636504],[0.2870125408917373,36.5770718634958],[0.28196346629668506,36.57998851324056]]]]},"properties":{"speed":0.3198,"dir_deg":331.0,"type":"متوسط"}},{"type":"Feature","geometry":{"type":"MultiPolygon","coordinates":[[[[0.3325421695305642,36.561888408536625],[0.32336829757989594,36.573756014589776],[0.3249506450536491,36.57497919751653],[0.3341245170043174,36.563111591463375],[0.3325421695305642,36.561888408536625]]],[[[0.32110151399988307,36.57832347473753],[0.3217859501061427,36.57253283166302],[0.32653299252740237,36.576202380443284],[0.32110151399988307,36.57832347473753]]]]},"properties":{"speed":0.2131,"dir_deg":322.3,"type":"متوسط"}},{"type":"Feature","geometry":{"type":"MultiPolygon","coordinates":[[[[0.37452033959854625,36.561622545785085],[0.36135852637477744,36.56881745180689],[0.36231784717768495,36.570572360236724],[0.37547966040145375,36.563377454214915],[0.37452033959854625,36.561622545785085]]],[[[0.35745091570164156,36.572093208029074],[0.36039920557186994,36.567062543377055],[0.36327716798059245,36.57232726866656],[0.35745091570164156,36.572093208029074]]]]},"properties":{"speed":0.0988,"dir_deg":298.7,"type":"ضعيف"}},{"type":"Feature","geometry":{"type":"MultiPolygon","coordinates":[[[[0.4175519377373442,36.56203494350605],[0.41057609032806636,36.54875572843427],[0.4088055283184963,36.549685841422175],[0.4157813757277742,36.56296505649395],[0.4175519377373442,36.56203494350605]]],[[[0.40736552685352206,36.544794379904296],[0.41234665233763645,36.54782561544637],[0.4070349663089262,36.55061595441008],[0.40736552685352206,36.544794379904296]]]]},"properties":{"speed":0.0842,"dir_deg":207.7,"type":"ضعيف"}},{"type":"Feature","geometry":{"type":"MultiPolygon","coordinates":[[[[0.4593333431397403,36.56249949462782],[0.459325762557077,36.54749949654333],[0.45732576281247805,36.54750050728769],[0.4573333433951413,36.56250050537218],[0.4593333431397403,36.56249949462782]]],[[[0.4583232358238898,36.54250000255401],[0.46132576230167593,36.547498485798975],[0.45532576306787914,36.54750151803204],[0.4583232358238898,36.54250000255401]]]]},"properties":{"speed":0.1889,"dir_deg":180.0,"type":"متوسط"}},{"type":"Feature","geometry":{"type":"MultiPolygon","coordinates":[[[[0.500985727406632,36.56266834927922],[0.5035109665949545,36.54788243817974],[0.5015395117816904,36.5475457396213],[0.49901427259336795,36.56233165072078],[0.500985727406632,36.56266834927922]]],[[[0.50336698558443,36.54278545186736],[0.5054824214082188,36.54821913673818],[0.49956805696842627,36.54720904106286],[0.50336698558443,36.54278545186736]]]]},"properties":{"speed":0.285,"dir_deg":170.3,"type":"متوسط"}},{"type":"Feature","geometry":{"type":"MultiPolygon","coordinates":[[[[0.5426274287638824,36.56277744255156],[0.5467890670372406,36.548366309116545],[0.5448675825792391,36.54781142401343],[0.5407059443058808,36.56222255744844],[0.5426274287638824,36.56277744255156]]],[[[0.5472155375660259,36.54328515541999],[0.5487105514952423,36.54892119421966],[0.5429460981212374,36.54725653891032],[0.5472155375660259,36.54328515541999]]]]},"properties":{"speed":0.2856,"dir_deg":163.9,"type":"متوسط"}},{"type":"Feature","geometry":{"type":"MultiPolygon","coordinates":[[[[0.5842888996391393,36.56279471183217],[0.5887095771216674,36.54846091922185],[0.5867984047736255,36.547871495557516],[0.5823777272910975,36.56220528816783],[0.5842888996391393,36.56279471183217]]],[[[0.5892275501084892,36.54338827651958],[0.5906207494697091,36.54905034288619],[0.5848872324255838,36.54728207189318],[0.5892275501084892,36.54338827651958]]]]},"properties":{"speed":0.2446,"dir_deg":162.9,"type":"متوسط"}},{"type":"Feature","geometry":{"type":"MultiPolygon","coordinates":[[[[0.625922300871141,36.5628864726421],[0.6317193905026554,36.54905195957498],[0.6298747887603734,36.548279014290785],[0.624077699128859,36.5621135273579],[0.625922300871141,36.5628864726421]]],[[[0.6327294528420191,36.54405398257718],[0.6335639922449374,36.549824904859186],[0.6280301870180913,36.54750606900658],[0.6327294528420191,36.54405398257718]]]]},"properties":{"speed":0.1868,"dir_deg":157.3,"type":"متوسط"}},{"type":"Feature","geometry":{"type":"MultiPolygon","coordinates":[[[[0.6673806042807505,36.563200229571024],[0.6778840478460779,36.55249146338299],[0.6764562123543401,36.551091004240945],[0.6659527687890127,36.561799770428976],[0.6673806042807505,36.563200229571024]]],[[[0.680671277955318,36.54822164508262],[0.6793118833378158,36.55389192252503],[0.6750283768626022,36.549690545098905],[0.680671277955318,36.54822164508262]]]]},"properties":{"speed":0.1345,"dir_deg":135.6,"type":"ضعيف"}},{"type":"Feature","geometry":{"type":"MultiPolygon","coordinates":[[[[0.7087468184403947,36.563410501859096],[0.7224043463268719,36.55720792722995],[0.7215773363763194,36.55538692351176],[0.7079198084898422,36.561589498140904],[0.7087468184403947,36.563410501859096]]],[[[0.726543350647088,36.55422990049448],[0.7232313562774244,36.55902893094815],[0.7207503264257669,36.55356591979356],[0.726543350647088,36.55422990049448]]]]},"properties":{"speed":0.1231,"dir_deg":114.4,"type":"ضعيف"}},{"type":"Feature","geometry":{"type":"MultiPolygon","coordinates":[[[[0.7499171700816756,36.56349656369823],[0.7648656255551294,36.5647390124731],[0.7650312853917782,36.56274588507664],[0.7500828299183244,36.56150343630177],[0.7499171700816756,36.56349656369823]]],[[[0.7699312739646051,36.56415659836649],[0.7646999657184805,36.56673213986956],[0.7651969452284271,36.56075275768018],[0.7699312739646051,36.56415659836649]]]]},"properties":{"speed":0.1292,"dir_deg":85.2,"type":"ضعيف"}},{"type":"Feature","geometry":{"type":"MultiPolygon","coordinates":[[[[0.7914202236483676,36.56346915223034],[0.8059575071034538,36.56716609552805],[0.8064504328764818,36.56522779106737],[0.7919131494213956,36.56153084776966],[0.7914202236483676,36.56346915223034]]],[[[0.8110497311416631,36.56742925773028],[0.805464581330426,36.56910439998873],[0.8069433586495096,36.56328948660669],[0.8110497311416631,36.56742925773028]]]]},"properties":{"speed":0.1567,"dir_deg":75.7,"type":"ضعيف"}},{"type":"Feature","geometry":{"type":"MultiPolygon","coordinates":[[[[0.8328217834035087,36.56335926538163],[0.8457107641279743,36.571032216305774],[0.8467338242511938,36.56931368554252],[0.8338448435267282,36.56164073461837],[0.8328217834035087,36.56335926538163]]],[[[0.8505186210977393,36.572730601232195],[0.8446877040047549,36.57275074706904],[0.8477568843744132,36.567595154779255],[0.8505186210977393,36.572730601232195]]]]},"properties":{"speed":0.2206,"dir_deg":59.2,"type":"متوسط"}},{"type":"Feature","geometry":{"type":"MultiPolygon","coordinates":[[[[0.8746298284513798,36.563428963414026],[0.8885642796617156,36.56898153664333],[0.8893046227589559,36.567123609815276],[0.8753701715486202,36.561571036585974],[0.8746298284513798,36.563428963414026]]],[[[0.8935792682804476,36.5699034309724],[0.8878239365644751,36.57083946347137],[0.8900449658561964,36.56526568298723],[0.8935792682804476,36.5699034309724]]]]},"properties":{"speed":0.251,"dir_deg":68.3,"type":"متوسط"}},{"type":"Feature","geometry":{"type":"MultiPolygon","coordinates":[[[[0.9161312839923903,36.56334459701485],[0.9288002392151434,36.571375635152215],[0.929871044300126,36.56968644112252],[0.9172020890773729,36.56165540298515],[0.9161312839923903,36.56334459701485]]],[[[0.9335586268318858,36.57320805084983],[0.927729434130161,36.57306482918192],[0.9309418493851085,36.56799724709282],[0.9335586268318858,36.57320805084983]]]]},"properties":{"speed":0.3506,"dir_deg":57.6,"type":"متوسط"}},{"type":"Feature","geometry":{"type":"MultiPolygon","coordinates":[[[[0.9578025283630465,36.56334750644565],[0.9705151250477985,36.57130928297673],[0.9715766952519423,36.569614270085424],[0.9588640985671903,36.56165249355435],[0.9578025283630465,36.56334750644565]]],[[[0.975283442378121,36.57311570204144],[0.9694535548436547,36.573004295868024],[0.9726382654560861,36.56791925719413],[0.975283442378121,36.57311570204144]]]]},"properties":{"speed":0.4711,"dir_deg":57.9,"type":"قوي"}},{"type":"Feature","geometry":{"type":"MultiPolygon","coordinates":[[[[0.9994024440389915,36.56330182720923],[1.011429852177456,36.572265166624355],[1.0126249640994731,36.570661512205895],[1.0005975559610085,36.56169817279077],[0.9994024440389915,36.56330182720923]]],[[[1.0160365441846195,36.57445111922017],[1.0102347402554388,36.573868821042815],[1.0138200760214904,36.569057857787435],[1.0160365441846195,36.57445111922017]]]]},"properties":{"speed":0.5755,"dir_deg":53.3,"type":"قوي"}},{"type":"Feature","geometry":{"type":"MultiPolygon","coordinates":[[[[-0.41591228418430964,36.604824384771334],[-0.4060655861006534,36.59350879654759],[-0.40757433119715253,36.592195903469765],[-0.41742102928080876,36.60351149169351],[-0.41591228418430964,36.604824384771334]]],[[[-0.4035377259543509,36.58908048726743],[-0.4045568410041543,36.594821689625405],[-0.40908307629365165,36.59088301039195],[-0.4035377259543509,36.58908048726743]]]]},"properties":{"speed":0.2543,"dir_deg":139.0,"type":"متوسط"}},{"type":"Feature","geometry":{"type":"MultiPolygon","coordinates":[[[[-0.37427206199918556,36.604853581191236],[-0.36398741761698555,36.59393451117902],[-0.36544329361861444,36.592563225261394],[-0.37572793800081444,36.60348229527361],[-0.37427206199918556,36.604853581191236]]],[[[-0.3612871408237333,36.589609178216136],[-0.3625315416153567,36.59530579709665],[-0.36689916962024327,36.591191939343766],[-0.3612871408237333,36.589609178216136]]]]},"properties":{"speed":0.2367,"dir_deg":136.7,"type":"متوسط"}},{"type":"Feature","geometry":{"type":"MultiPolygon","coordinates":[[[[-0.33271143991878777,36.604951032240145],[-0.3209650298029189,36.59562248201035],[-0.32220883650022497,36.5940562939949],[-0.3339552466160938,36.6033848442247],[-0.33271143991878777,36.604951032240145]]],[[[-0.317671463112949,36.59172987125936],[-0.31972122310561285,36.5971886700258],[-0.32345264319753103,36.59249010597945],[-0.317671463112949,36.59172987125936]]]]},"properties":{"speed":0.2202,"dir_deg":128.5,"type":"متوسط"}},{"type":"Feature","geometry":{"type":"MultiPolygon","coordinates":[[[[-0.29126027661091686,36.60508164234029],[-0.27755471499290446,36.598985940515654],[-0.27836747523618915,36.59715853229992],[-0.29207303685420155,36.603254234124556],[-0.29126027661091686,36.60508164234029]]],[[[-0.2733925745752093,36.59604033579957],[-0.2767419547496197,36.60081334873139],[-0.2791802354794739,36.59533112408418],[-0.2733925745752093,36.59604033579957]]]]},"properties":{"speed":0.1998,"dir_deg":114.0,"type":"متوسط"}},{"type":"Feature","geometry":{"type":"MultiPolygon","coordinates":[[[[-0.2499964002607083,36.60516793175334],[-0.2349964974469454,36.605113935663965],[-0.2350036969255288,36.60311394862212],[-0.2500035997392917,36.6031679447115],[-0.2499964002607083,36.60516793175334]]],[[[-0.23000012958164948,36.60409594344659],[-0.234989297968362,36.6071139227058],[-0.2350108964041122,36.60111396158029],[-0.23000012958164948,36.60409594344659]]]]},"properties":{"speed":0.1823,"dir_deg":90.2,"type":"ضعيف"}},{"type":"Feature","geometry":{"type":"MultiPolygon","coordinates":[[[[-0.20880538763821319,36.605049505044285],[-0.19558188546024052,36.61213039412329],[-0.19463776691637336,36.610367260499565],[-0.20786126909434602,36.60328637142056],[-0.20880538763821319,36.605049505044285]]],[[[-0.19070199212898273,36.6136091236711],[-0.19652600400410766,36.613893527747024],[-0.19369364837250622,36.60860412687583],[-0.19070199212898273,36.6136091236711]]]]},"properties":{"speed":0.1884,"dir_deg":61.8,"type":"متوسط"}},{"type":"Feature","geometry":{"type":"MultiPolygon","coordinates":[[[[-0.16745594175309428,36.60478198438595],[-0.15824524945016202,36.61662103617656],[-0.15666670921141426,36.6153929438695],[-0.16587740151434652,36.60355389207889],[-0.16745594175309428,36.60478198438595]]],[[[-0.15438574856314405,36.6199533406199],[-0.15982378968890978,36.61784912848362],[-0.1550881689726665,36.61416485156244],[-0.15438574856314405,36.6199533406199]]]]},"properties":{"speed":0.2171,"dir_deg":37.9,"type":"متوسط"}},{"type":"Feature","geometry":{"type":"MultiPolygon","coordinates":[[[[-0.12592759387947464,36.60454152837517],[-0.1203237417381995,36.618455436567295],[-0.11846855397925025,36.617708256281794],[-0.12407240612052538,36.60379434808967],[-0.12592759387947464,36.60454152837517]]],[[[-0.1175281971449665,36.62271981582192],[-0.12217892949714874,36.6192026168528],[-0.11661336622030101,36.61696107599629],[-0.1175281971449665,36.62271981582192]]]]},"properties":{"speed":0.2696,"dir_deg":21.9,"type":"متوسط"}},{"type":"Feature","geometry":{"type":"MultiPolygon","coordinates":[[[[-0.08430347708591202,36.60441047878178],[-0.08066536884555303,36.61896259781756],[-0.0787250863074494,36.61847751671884],[-0.08236319454780838,36.603925397683064],[-0.08430347708591202,36.60441047878178]]],[[[-0.07848252482971488,36.62357076361346],[-0.08260565138365668,36.61944767891627],[-0.07678480376934575,36.617992435620124],[-0.07848252482971488,36.62357076361346]]]]},"properties":{"speed":0.3289,"dir_deg":14.0,"type":"متوسط"}},{"type":"Feature","geometry":{"type":"MultiPolygon","coordinates":[[[[-0.04266267973869253,36.604257159496576],[-0.04132436077637961,36.61919733695051],[-0.039332337115854744,36.619018894422204],[-0.040670656078167666,36.60407871696827],[-0.04266267973869253,36.604257159496576]]],[[[-0.039882242625346204,36.624088174837674],[-0.043316384436904484,36.61937577947882],[-0.03734031345532987,36.618840451893895],[-0.039882242625346204,36.624088174837674]]]]},"properties":{"speed":0.4202,"dir_deg":5.1,"type":"قوي"}},{"type":"Feature","geometry":{"type":"MultiPolygon","coordinates":[[[[-0.0009978520536056523,36.604102430377054],[-0.0019804698841333936,36.61907021118114],[1.5234223077911216e-05,36.619201226891875],[0.0009978520536056523,36.60423344608779],[-0.0009978520536056523,36.604102430377054]]],[[[-0.0013101571073703213,36.62412497930453],[-0.0039761739913446986,36.6189391954704],[0.002010938330289216,36.61933224260261],[-0.0013101571073703213,36.62412497930453]]]]},"properties":{"speed":0.5544,"dir_deg":356.2,"type":"قوي"}},{"type":"Feature","geometry":{"type":"MultiPolygon","coordinates":[[[[0.040675862372846,36.60403264451248],[0.03864645657370731,36.61889472754624],[0.04062806764487552,36.61916531498613],[0.0426574734440142,36.604303231952365],[0.040675862372846,36.60403264451248]]],[[[0.03896079350957852,36.6239840489441],[0.03666484550253911,36.618624140106355],[0.04260967871604372,36.61943590242601],[0.03896079350957852,36.6239840489441]]]]},"properties":{"speed":0.6298,"dir_deg":352.2,"type":"قوي"}},{"type":"Feature","geometry":{"type":"MultiPolygon","coordinates":[[[[0.08234898456088023,36.60399172073939],[0.0797057221653924,36.61875698957908],[0.08167442467735234,36.61910942456515],[0.08431768707284017,36.60434415572546],[0.08234898456088023,36.60399172073939]]],[[[0.07980898595620975,36.623854963352024],[0.07773701965343248,36.61840455459302],[0.08364312718931226,36.619461859551215],[0.07980898595620975,36.623854963352024]]]]},"properties":{"speed":0.5757,"dir_deg":349.9,"type":"قوي"}},{"type":"Feature","geometry":{"type":"MultiPolygon","coordinates":[[[[0.12403798191470398,36.603894952511986],[0.11994319610812479,36.61832522379142],[0.12186723227871682,36.618871195232295],[0.12596201808529603,36.60444092395286],[0.12403798191470398,36.603894952511986]]],[[[0.11954028559122774,36.62340829993834],[0.11801915993753276,36.617779252350545],[0.12379126844930885,36.61941716667317],[0.11954028559122774,36.62340829993834]]]]},"properties":{"speed":0.4441,"dir_deg":344.2,"type":"قوي"}},{"type":"Feature","geometry":{"type":"MultiPolygon","coordinates":[[[[0.16574377874218682,36.60378288146939],[0.15996792729670484,36.617626274842394],[0.161813713079772,36.61839638836845],[0.16758956452525398,36.60455299499545],[0.16574377874218682,36.60378288146939]]],[[[0.15896553637307775,36.62262579606309],[0.15812214151363765,36.61685616131633],[0.16365949886283918,36.61916650189452],[0.15896553637307775,36.62262579606309]]]]},"properties":{"speed":0.4016,"dir_deg":337.4,"type":"قوي"}},{"type":"Feature","geometry":{"type":"MultiPolygon","coordinates":[[[[0.20741168394770945,36.60377990271122],[0.20159115112960221,36.61760456898977],[0.20343443996674251,36.61838064003218],[0.20925497278484975,36.60455597375363],[0.20741168394770945,36.60377990271122]]],[[[0.2005726179421366,36.62260082660382],[0.19974786229246194,36.61682849794735],[0.2052777288038828,36.619156711074595],[0.2005726179421366,36.62260082660382]]]]},"properties":{"speed":0.4159,"dir_deg":337.2,"type":"قوي"}},{"type":"Feature","geometry":{"type":"MultiPolygon","coordinates":[[[[0.2490742926096326,36.60378969779643],[0.2434006860697573,36.61767530865194],[0.2452521008504921,36.618431789523925],[0.2509257073903674,36.604546178668414],[0.2490742926096326,36.60378969779643]]],[[[0.24243519128016627,36.62268208603977],[0.24154927128902248,36.616918827779955],[0.2471035156312269,36.61918827039591],[0.24243519128016627,36.62268208603977]]]]},"properties":{"speed":0.3567,"dir_deg":337.8,"type":"متوسط"}},{"type":"Feature","geometry":{"type":"MultiPolygon","coordinates":[[[[0.29076705130984826,36.60373123457612],[0.2842164964652924,36.617225315916784],[0.2860157073107143,36.618098723229394],[0.29256626215527015,36.60460464188873],[0.29076705130984826,36.60373123457612]]],[[[0.28293258360648477,36.62216004668664],[0.28241728561987045,36.61635190860418],[0.28781491815613625,36.618972130542],[0.28293258360648477,36.62216004668664]]]]},"properties":{"speed":0.2561,"dir_deg":334.1,"type":"متوسط"}},{"type":"Feature","geometry":{"type":"MultiPolygon","coordinates":[[[[0.3325195134205689,36.60358683498829],[0.3238029647585919,36.61579428269137],[0.32543062445233567,36.61695648917963],[0.3341471731143127,36.60474904147655],[0.3325195134205689,36.60358683498829]]],[[[0.3217112783848048,36.62044453516986],[0.32217530506484815,36.6146320762031],[0.3270582841460794,36.618118695667896],[0.3217112783848048,36.62044453516986]]]]},"properties":{"speed":0.138,"dir_deg":324.5,"type":"ضعيف"}},{"type":"Feature","geometry":{"type":"MultiPolygon","coordinates":[[[[0.37537102536123274,36.60323931549884],[0.3614416843575284,36.59767393508035],[0.3606996336350629,36.599531180547515],[0.37462897463876726,36.605096560966004],[0.37537102536123274,36.60323931549884]]],[[[0.3564275453283942,36.59674743100777],[0.3621837350799938,36.595816689613194],[0.3599575829125975,36.60138842601467],[0.3564275453283942,36.59674743100777]]]]},"properties":{"speed":0.0461,"dir_deg":248.2,"type":"ضعيف"}},{"type":"Feature","geometry":{"type":"MultiPolygon","coordinates":[[[[0.4176640279799542,36.60409547724382],[0.41657711315086476,36.58913490853289],[0.41458237065607473,36.5892798305101],[0.4156692854851642,36.60424039922103],[0.4176640279799542,36.60409547724382]]],[[[0.4152174369604399,36.58422051328452],[0.41857185564565474,36.58898998655568],[0.41258762816128475,36.58942475248731],[0.4152174369604399,36.58422051328452]]]]},"properties":{"speed":0.1418,"dir_deg":184.2,"type":"ضعيف"}},{"type":"Feature","geometry":{"type":"MultiPolygon","coordinates":[[[[0.4593271048780678,36.60427946339211],[0.4609999822734254,36.589373039232704],[0.45901245905217136,36.58914998891333],[0.45733958165681377,36.60405641307273],[0.4593271048780678,36.60427946339211]]],[[[0.4605638464612509,36.58429270601988],[0.46298750549467943,36.58959608955209],[0.45702493583091736,36.58892693859394],[0.4605638464612509,36.58429270601988]]]]},"properties":{"speed":0.2487,"dir_deg":173.6,"type":"متوسط"}},{"type":"Feature","geometry":{"type":"MultiPolygon","coordinates":[[[[0.5009744221575205,36.604392663529026],[0.5043453016065563,36.58977633116622],[0.5023964572915153,36.58932688057301],[0.4990255778424795,36.60394321293582],[0.5009744221575205,36.604392663529026]]],[[[0.5044945059320478,36.584679495082014],[0.5062941459215974,36.59022578175942],[0.5004476129764742,36.58887742997981],[0.5044945059320478,36.584679495082014]]]]},"properties":{"speed":0.3292,"dir_deg":167.0,"type":"متوسط"}},{"type":"Feature","geometry":{"type":"MultiPolygon","coordinates":[[[[0.5426347783666026,36.60441853393341],[0.5463937138814641,36.589897156457596],[0.5444575302180221,36.589395965055616],[0.5406985947031606,36.60391734253143],[0.5426347783666026,36.60441853393341]]],[[[0.546678600554697,36.584806101598005],[0.5483298975449061,36.590398347859576],[0.5425213465545801,36.588894773653635],[0.546678600554697,36.584806101598005]]]]},"properties":{"speed":0.3249,"dir_deg":165.5,"type":"متوسط"}},{"type":"Feature","geometry":{"type":"MultiPolygon","coordinates":[[[[0.5843143009370536,36.60436200930164],[0.5872253669752792,36.58964719722261],[0.5852633920314088,36.58925905508418],[0.5823523259931832,36.603973867163205],[0.5843143009370536,36.60436200930164]]],[[[0.5872147348494191,36.58454818879372],[0.5891873419191495,36.59003533936104],[0.5833014170875385,36.58887091294575],[0.5872147348494191,36.58454818879372]]]]},"properties":{"speed":0.2932,"dir_deg":168.8,"type":"متوسط"}},{"type":"Feature","geometry":{"type":"MultiPolygon","coordinates":[[[[0.6259607455463223,36.60444536929633],[0.6301222115049622,36.59003418610149],[0.6282007204123176,36.58947932397368],[0.6240392544536777,36.603890507168515],[0.6259607455463223,36.60444536929633]]],[[[0.6305486212781864,36.58495302730598],[0.6320437025976068,36.59058904822931],[0.626279229319673,36.588924461845856],[0.6305486212781864,36.58495302730598]]]]},"properties":{"speed":0.2394,"dir_deg":163.9,"type":"متوسط"}},{"type":"Feature","geometry":{"type":"MultiPolygon","coordinates":[[[[0.6675583403319826,36.60462065614251],[0.674349108983317,36.591245849185995],[0.672565801389115,36.59034041336582],[0.6657750327377806,36.603715220322336],[0.6675583403319826,36.60462065614251]]],[[[0.6757210447366608,36.5863348622904],[0.6761324165775191,36.592151285006175],[0.670782493794913,36.58943497754564],[0.6757210447366608,36.5863348622904]]]]},"properties":{"speed":0.1715,"dir_deg":153.1,"type":"ضعيف"}},{"type":"Feature","geometry":{"type":"MultiPolygon","coordinates":[[[[0.7091685876553042,36.60471777186836],[0.7174160921943826,36.59218865901557],[0.715745543814011,36.591088991743696],[0.7074980392749326,36.603618104596485],[0.7091685876553042,36.60471777186836]]],[[[0.7193299861838897,36.5874624544287],[0.7190866405747542,36.59328832628745],[0.7140749954336394,36.589989324471816],[0.7193299861838897,36.5874624544287]]]]},"properties":{"speed":0.1203,"dir_deg":146.6,"type":"ضعيف"}},{"type":"Feature","geometry":{"type":"MultiPolygon","coordinates":[[[[0.7505490327297831,36.60500373908288],[0.7630860454866585,36.59676824813614],[0.7619879800270922,36.595096646435216],[0.7494509672702169,36.60333213738196],[0.7505490327297831,36.60500373908288]]],[[[0.7667160170091671,36.59318728363676],[0.7641841109462246,36.59843984983705],[0.7608899145675261,36.5934250447343],[0.7667160170091671,36.59318728363676]]]]},"properties":{"speed":0.0822,"dir_deg":123.3,"type":"ضعيف"}},{"type":"Feature","geometry":{"type":"MultiPolygon","coordinates":[[[[0.7916651299989662,36.60516793702102],[0.8066651118279248,36.60519128505975],[0.8066682248997555,36.60319128748255],[0.791668243070797,36.60316793944382],[0.7916651299989662,36.60516793702102]]],[[[0.8116666623068264,36.60419906895073],[0.8066619987560939,36.60719128263695],[0.8066713379715864,36.60119128990536],[0.8116666623068264,36.60419906895073]]]]},"properties":{"speed":0.0865,"dir_deg":89.9,"type":"ضعيف"}},{"type":"Feature","geometry":{"type":"MultiPolygon","coordinates":[[[[0.8329103520641923,36.60507408593193],[0.8465025675568368,36.611418506945824],[0.8473484903586891,36.609606211546804],[0.8337562748660445,36.60326179053291],[0.8329103520641923,36.60507408593193]]],[[[0.8514562674553111,36.612627166250945],[0.8456566447549846,36.613230802344845],[0.8481944131605413,36.607793916147784],[0.8514562674553111,36.612627166250945]]]]},"properties":{"speed":0.1274,"dir_deg":65.0,"type":"ضعيف"}},{"type":"Feature","geometry":{"type":"MultiPolygon","coordinates":[[[[0.8746018512653799,36.60508525910601],[0.8883616643692013,36.61105749012531],[0.8891579618384414,36.60922284837813],[0.8753981487346201,36.60325061735883],[0.8746018512653799,36.60508525910601]]],[[[0.8933464174717618,36.612130912924826],[0.8875653668999611,36.612892131872485],[0.8899542593076816,36.60738820663096],[0.8933464174717618,36.612130912924826]]]]},"properties":{"speed":0.1682,"dir_deg":66.5,"type":"ضعيف"}},{"type":"Feature","geometry":{"type":"MultiPolygon","coordinates":[[[[0.9162133227557729,36.60505926380919],[0.9295832064072215,36.611859720495815],[0.9304899339654388,36.61007706934228],[0.9171200503139902,36.603276612655655],[0.9162133227557729,36.60505926380919]]],[[[0.9344931980701463,36.6132352138146],[0.9286764788490042,36.61364237164934],[0.9313966615236561,36.608294418188756],[0.9344931980701463,36.6132352138146]]]]},"properties":{"speed":0.2342,"dir_deg":63.0,"type":"متوسط"}},{"type":"Feature","geometry":{"type":"MultiPolygon","coordinates":[[[[0.9578862934422302,36.60506246218355],[0.9713041527091119,36.61176776252687],[0.9721981927548883,36.60997871462462],[0.9587803334880066,36.6032734142813],[0.9578862934422302,36.60506246218355]]],[[[0.9762237924876273,36.61310833869018],[0.9704101126633355,36.61355681042912],[0.9730922328006646,36.60818966672237],[0.9762237924876273,36.61310833869018]]]]},"properties":{"speed":0.3092,"dir_deg":63.4,"type":"متوسط"}},{"type":"Feature","geometry":{"type":"MultiPolygon","coordinates":[[[[0.9995073130066949,36.60503814483239],[1.0125604120062166,36.612428449731965],[1.0135457859928267,36.610688036532025],[1.000492686993305,36.60329773163245],[0.9995073130066949,36.60503814483239]]],[[[1.0174041319993623,36.614021678098524],[1.0115750380196067,36.6141688629319],[1.0145311599794367,36.60894762333209],[1.0174041319993623,36.614021678098524]]]]},"properties":{"speed":0.4118,"dir_deg":60.5,"type":"قوي"}},{"type":"Feature","geometry":{"type":"MultiPolygon","coordinates":[[[[-0.4159388416637549,36.64651783521823],[-0.4056522399039509,36.63560060918617],[-0.4071078700415595,36.63422906228486],[-0.4173944718013635,36.64514628831692],[-0.4159388416637549,36.64651783521823]]],[[[-0.4029511877194872,36.63127576039149],[-0.4041966097663422,36.636972156087474],[-0.4085635001791682,36.632857515383556],[-0.4029511877194872,36.63127576039149]]]]},"properties":{"speed":0.2936,"dir_deg":136.7,"type":"متوسط"}},{"type":"Feature","geometry":{"type":"MultiPolygon","coordinates":[[[[-0.37433057063142844,36.64657493747757],[-0.3631874349815712,36.63653349694899],[-0.3645262937187143,36.635047745529015],[-0.37566942936857156,36.64508918605759],[-0.37433057063142844,36.64657493747757]]],[[[-0.3601424858001903,36.63244347439615],[-0.361848576244428,36.63801924836898],[-0.3658651524558575,36.63356199410903],[-0.3601424858001903,36.63244347439615]]]]},"properties":{"speed":0.2778,"dir_deg":132.0,"type":"متوسط"}},{"type":"Feature","geometry":{"type":"MultiPolygon","coordinates":[[[[-0.3327613925229559,36.6466523497328],[-0.3204570730446704,36.63807308856553],[-0.3216009745336402,36.63643251263509],[-0.3339052940119257,36.64501177380236],[-0.3327613925229559,36.6466523497328]]],[[[-0.3169275839630602,36.63439304687788],[-0.31931317155570066,36.639713664495964],[-0.32274487602261,36.63479193670465],[-0.3169275839630602,36.63439304687788]]]]},"properties":{"speed":0.2637,"dir_deg":124.9,"type":"متوسط"}},{"type":"Feature","geometry":{"type":"MultiPolygon","coordinates":[[[[-0.29125987021261857,36.64674558501698],[-0.2775570214716166,36.64064378721787],[-0.27837059451149787,36.638816740719065],[-0.29207344325249984,36.644918538518176],[-0.29125987021261857,36.64674558501698]]],[[[-0.27339619174455654,36.637696331368765],[-0.2767434484317353,36.642470833716665],[-0.27918416755137915,36.63698969422027],[-0.27339619174455654,36.637696331368765]]]]},"properties":{"speed":0.24,"dir_deg":114.0,"type":"متوسط"}},{"type":"Feature","geometry":{"type":"MultiPolygon","coordinates":[[[[-0.24991007305218835,36.64682801013173],[-0.23497084758990658,36.64547910591455],[-0.23515070148552988,36.643487209186254],[-0.2500899269478116,36.64483611340343],[-0.24991007305218835,36.64682801013173]]],[[[-0.23008103271695762,36.64403352281135],[-0.2347909936942833,36.64747100264286],[-0.23533055538115316,36.64149531245795],[-0.23008103271695762,36.64403352281135]]]]},"properties":{"speed":0.2081,"dir_deg":95.2,"type":"متوسط"}},{"type":"Feature","geometry":{"type":"MultiPolygon","coordinates":[[[[-0.20872375417242778,36.64675269616292],[-0.19491423824224224,36.65260908325514],[-0.1941333866299459,36.65076781446446],[-0.20794290256013143,36.644911427372236],[-0.20872375417242778,36.64675269616292]]],[[[-0.18992064045936558,36.65364057789054],[-0.1956950898545386,36.654450352045835],[-0.19335253501764954,36.64892654567377],[-0.18992064045936558,36.65364057789054]]]]},"properties":{"speed":0.1947,"dir_deg":67.0,"type":"متوسط"}},{"type":"Feature","geometry":{"type":"MultiPolygon","coordinates":[[[[-0.16742894578133433,36.646479316063726],[-0.15772013133914414,36.657913428277936],[-0.1561955830439163,36.65661891968564],[-0.16590439748610647,36.64518480747143],[-0.16742894578133433,36.646479316063726]]],[[[-0.15372158571080016,36.66107754471986],[-0.15924467963437197,36.659207936870224],[-0.15467103474868846,36.65532441109335],[-0.15372158571080016,36.66107754471986]]]]},"properties":{"speed":0.2193,"dir_deg":40.3,"type":"متوسط"}},{"type":"Feature","geometry":{"type":"MultiPolygon","coordinates":[[[[-0.12591586373684446,36.646233551014674],[-0.11989352503041184,36.65997150706734],[-0.11806179755672294,36.65916852857315],[-0.12408413626315555,36.64543057252048],[-0.12591586373684446,36.646233551014674]]],[[[-0.11697021505808985,36.664149336504465],[-0.12172525250410074,36.66077448556153],[-0.11623007008303404,36.658365550078955],[-0.11697021505808985,36.664149336504465]]]]},"properties":{"speed":0.2717,"dir_deg":23.7,"type":"متوسط"}},{"type":"Feature","geometry":{"type":"MultiPolygon","coordinates":[[[[-0.08430521610387261,36.64606753726039],[-0.08077308371164107,36.66064574156558],[-0.07882932313761626,36.66017479057995],[-0.08236145552984779,36.64559658627476],[-0.08430521610387261,36.64606753726039]]],[[[-0.07862382596055148,36.66526966750783],[-0.0827168442856659,36.66111669255121],[-0.07688556256359143,36.65970383959432],[-0.07862382596055148,36.66526966750783]]]]},"properties":{"speed":0.3281,"dir_deg":13.6,"type":"متوسط"}},{"type":"Feature","geometry":{"type":"MultiPolygon","coordinates":[[[[-0.04266641484148123,36.645854557764],[-0.04232897489520398,36.66085076175976],[-0.040329481029101714,36.660805769766924],[-0.04066692097537897,36.64580956577116],[-0.04266641484148123,36.645854557764]]],[[[-0.041216747980060434,36.6658270004286],[-0.044328468761306236,36.6608957537526],[-0.03832998716299946,36.66076077777409],[-0.041216747980060434,36.6658270004286]]]]},"properties":{"speed":0.4317,"dir_deg":1.3,"type":"قوي"}},{"type":"Feature","geometry":{"type":"MultiPolygon","coordinates":[[[[-0.0009914919522006085,36.64570189376567],[-0.0029440119808612393,36.66057427304868],[-0.0009610280764600226,36.6608346090525],[0.0009914919522006085,36.64596222976949],[-0.0009914919522006085,36.64570189376567]]],[[[-0.0026033600382141748,36.66566190081159],[-0.004926995885262456,36.66031393704486],[0.0010219558279411943,36.66109494505632],[-0.0026033600382141748,36.66566190081159]]]]},"properties":{"speed":0.5784,"dir_deg":352.5,"type":"قوي"}},{"type":"Feature","geometry":{"type":"MultiPolygon","coordinates":[[[[0.04068113208861891,36.64566259452039],[0.038139123380816084,36.66044563181756],[0.04011019502043846,36.66078456631194],[0.042652203728241286,36.64600152901477],[0.04068113208861891,36.64566259452039]]],[[[0.03827732296469299,36.665542778163804],[0.03616805174119371,36.66010669732319],[0.04208126666006083,36.66112350080631],[0.03827732296469299,36.665542778163804]]]]},"properties":{"speed":0.6169,"dir_deg":350.2,"type":"قوي"}},{"type":"Feature","geometry":{"type":"MultiPolygon","coordinates":[[[[0.08235706490319096,36.645615508995434],[0.07910877332102506,36.660259572700475],[0.08106131514836354,36.660692678244764],[0.08430960673052944,36.64604861453972],[0.08235706490319096,36.645615508995434]]],[[[0.07900228037397233,36.66535748004096],[0.07715623149368657,36.659826467156186],[0.08301385697570203,36.66112578378905],[0.07900228037397233,36.66535748004096]]]]},"properties":{"speed":0.5211,"dir_deg":347.5,"type":"قوي"}},{"type":"Feature","geometry":{"type":"MultiPolygon","coordinates":[[[[0.1240574902145839,36.64549788321591],[0.11904481193956443,36.65963552999715],[0.12092983151039663,36.66030388710049],[0.1259425097854161,36.646166240319246],[0.1240574902145839,36.64549788321591]]],[[[0.1183164289666407,36.6646822574759],[0.11715979236873222,36.65896717289382],[0.12281485108122883,36.660972244203826],[0.1183164289666407,36.6646822574759]]]]},"properties":{"speed":0.4145,"dir_deg":340.5,"type":"قوي"}},{"type":"Feature","geometry":{"type":"MultiPolygon","coordinates":[[[[0.165743372176179,36.64544798090148],[0.1599821591846864,36.6592974727646],[0.1618287580997692,36.660065634496796],[0.1675899710912618,36.646216142633676],[0.165743372176179,36.64544798090148]]],[[[0.15898505431173027,36.664298050918404],[0.1581355602696036,36.658529311032396],[0.163675357014852,36.660833796229],[0.15898505431173027,36.664298050918404]]]]},"properties":{"speed":0.4001,"dir_deg":337.4,"type":"قوي"}},{"type":"Feature","geometry":{"type":"MultiPolygon","coordinates":[[[[0.20740038696085786,36.64547203352695],[0.2019999633514379,36.659466154608275],[0.2038658461622814,36.66018621108953],[0.20926626977170135,36.646192090008206],[0.20740038696085786,36.64547203352695]]],[[[0.20113276355371965,36.664490889876014],[0.2001340805405944,36.65874609812702],[0.20573172897312492,36.66090626757079],[0.20113276355371965,36.664490889876014]]]]},"properties":{"speed":0.3861,"dir_deg":338.9,"type":"قوي"}},{"type":"Feature","geometry":{"type":"MultiPolygon","coordinates":[[[[0.2490537807811694,36.64550853558639],[0.2442008880633136,36.65970182386884],[0.2460933265009748,36.660348876231225],[0.2509462192188306,36.64615558794877],[0.2490537807811694,36.64550853558639]]],[[[0.24352947637619227,36.66475644614419],[0.24230844962565243,36.65905477150646],[0.24798576493863597,36.66099592859361],[0.24352947637619227,36.66475644614419]]]]},"properties":{"speed":0.3017,"dir_deg":341.1,"type":"متوسط"}},{"type":"Feature","geometry":{"type":"MultiPolygon","coordinates":[[[[0.29072347047402475,36.64549979729203],[0.28573950334079123,36.65964759117005],[0.28762587585786015,36.66031212012114],[0.29260984299109366,36.646164326243124],[0.29072347047402475,36.64549979729203]]],[[[0.28502136722158117,36.66469578693827],[0.2838531308237223,36.65898306221895],[0.28951224837492906,36.66097664907224],[0.28502136722158117,36.66469578693827]]]]},"properties":{"speed":0.1919,"dir_deg":340.6,"type":"متوسط"}},{"type":"Feature","geometry":{"type":"MultiPolygon","coordinates":[[[[0.3325297370490513,36.64523690040646],[0.3236023166323077,36.6572909936823],[0.3252095290690867,36.65848131640454],[0.3341369494858303,36.6464272231287],[0.3325297370490513,36.64523690040646]]],[[[0.321430116045116,36.66190418613537],[0.3219951041955287,36.65610067096007],[0.3268167415058657,36.65967163912677],[0.321430116045116,36.66190418613537]]]]},"properties":{"speed":0.0626,"dir_deg":323.5,"type":"ضعيف"}},{"type":"Feature","geometry":{"type":"MultiPolygon","coordinates":[[[[0.3759927293069504,36.64571169348637],[0.3741872050887803,36.63082075388211],[0.3722017464748795,36.63106149044453],[0.3740072706930496,36.64595243004879],[0.3759927293069504,36.64571169348637]]],[[[0.3725926343757732,36.62597747562857],[0.3761726637026811,36.63058001731969],[0.3702162878609787,36.631302227006955],[0.3725926343757732,36.62597747562857]]]]},"properties":{"speed":0.062,"dir_deg":186.9,"type":"ضعيف"}},{"type":"Feature","geometry":{"type":"MultiPolygon","coordinates":[[[[0.41766198099458796,36.64592865169157],[0.4191108298544787,36.630998787761136],[0.41712018133042117,36.63080560791315],[0.41567133247053045,36.64573547184359],[0.41766198099458796,36.64592865169157]]],[[[0.4185984552124135,36.625925576527],[0.4211014783785362,36.631191967609126],[0.41512953280636367,36.63061242806516],[0.4185984552124135,36.625925576527]]]]},"properties":{"speed":0.1799,"dir_deg":174.5,"type":"ضعيف"}},{"type":"Feature","geometry":{"type":"MultiPolygon","coordinates":[[[[0.4593171187595434,36.64601146572834],[0.4620081781710233,36.6312548333468],[0.4600406271868181,36.63089602542527],[0.4573495677753382,36.645652657806814],[0.4593171187595434,36.64601146572834]]],[[[0.4619214224827473,36.626156551925526],[0.4639757291552285,36.63161364126833],[0.4580730762026129,36.63053721750374],[0.4619214224827473,36.626156551925526]]]]},"properties":{"speed":0.2741,"dir_deg":169.7,"type":"متوسط"}},{"type":"Feature","geometry":{"type":"MultiPolygon","coordinates":[[[[0.5009720616099866,36.646066787621265],[0.5044929494153265,36.63148586347147],[0.5025488261953532,36.631016411764094],[0.49902793839001336,36.64559733591389],[0.5009720616099866,36.646066787621265]]],[[[0.5046945170737865,36.626390829567846],[0.5064370726352998,36.63195531517885],[0.50060470297538,36.63054696005671],[0.5046945170737865,36.626390829567846]]]]},"properties":{"speed":0.3394,"dir_deg":166.4,"type":"متوسط"}},{"type":"Feature","geometry":{"type":"MultiPolygon","coordinates":[[[[0.5426468501731986,36.64603025168186],[0.5456196988873571,36.631327797107105],[0.5436593716107231,36.630931417278546],[0.5406865228965646,36.6456338718533],[0.5426468501731986,36.64603025168186]]],[[[0.5456304848204262,36.62622878900124],[0.547580026163991,36.631724176935656],[0.5416990443340891,36.630535037449995],[0.5456304848204262,36.62622878900124]]]]},"properties":{"speed":0.3329,"dir_deg":168.6,"type":"متوسط"}},{"type":"Feature","geometry":{"type":"MultiPolygon","coordinates":[[[[0.5843191056501675,36.64600003131213],[0.5868386488184035,36.63121314853639],[0.5848670644483053,36.63087720944729],[0.5823475212800693,36.64566409222303],[0.5843191056501675,36.64600003131213]]],[[[0.5866927043560997,36.62611621806659],[0.5888102331885019,36.63154908762549],[0.5828954800782069,36.630541270358194],[0.5866927043560997,36.62611621806659]]]]},"properties":{"speed":0.3165,"dir_deg":170.3,"type":"متوسط"}},{"type":"Feature","geometry":{"type":"MultiPolygon","coordinates":[[[[0.6259590944117152,36.646115148166786],[0.6302053903998431,36.63172873199106],[0.6282872015764128,36.631162559192646],[0.6240409055882848,36.64554897536837],[0.6259590944117152,36.646115148166786]]],[[[0.6306617279841706,36.62665017353328],[0.6321235792232733,36.632294904789475],[0.6263690127529826,36.63059638639423],[0.6306617279841706,36.62665017353328]]]]},"properties":{"speed":0.2792,"dir_deg":163.6,"type":"متوسط"}},{"type":"Feature","geometry":{"type":"MultiPolygon","coordinates":[[[[0.6675955491702783,36.64620248612499],[0.6731519145314535,36.63226954659404],[0.6712941892606601,36.63152869787921],[0.6657378238994849,36.645461637410165],[0.6675955491702783,36.64620248612499]]],[[[0.6740751736831152,36.62725480905964],[0.6750096398022469,36.63301039530886],[0.6694364639898667,36.63078784916439],[0.6740751736831152,36.62725480905964]]]]},"properties":{"speed":0.2183,"dir_deg":158.3,"type":"متوسط"}},{"type":"Feature","geometry":{"type":"MultiPolygon","coordinates":[[[[0.7092837576142883,36.646142957118634],[0.7139471878801389,36.631886294881085],[0.7120462995817991,36.63126450417897],[0.7073828693159485,36.64552116641652],[0.7092837576142883,36.646142957118634]]],[[[0.7145512204862525,36.62682317878418],[0.7158480761784788,36.6325080855832],[0.7101454112834592,36.63064271347686],[0.7145512204862525,36.62682317878418]]]]},"properties":{"speed":0.16,"dir_deg":161.9,"type":"ضعيف"}},{"type":"Feature","geometry":{"type":"MultiPolygon","coordinates":[[[[0.7509546392329202,36.646129826666396],[0.7554211127152296,36.63181023817259],[0.7535118342493893,36.631214708374955],[0.7490453607670798,36.64553429686876],[0.7509546392329202,36.646129826666396]]],[[[0.7559552979764126,36.62673927710917],[0.7573303911810698,36.63240576797023],[0.7516025557835491,36.63061917857731],[0.7559552979764126,36.62673927710917]]]]},"properties":{"speed":0.1083,"dir_deg":162.7,"type":"ضعيف"}},{"type":"Feature","geometry":{"type":"MultiPolygon","coordinates":[[[[0.7925329739459501,36.64633160768281],[0.8000261626744185,36.633337296516785],[0.7982935878522814,36.63233820468632],[0.7908003991238131,36.645332515852346],[0.7925329739459501,36.64633160768281]]],[[[0.8016576048395061,36.62850631354621],[0.8017587374965556,36.63433638834724],[0.7965610130301444,36.63133911285586],[0.8016576048395061,36.62850631354621]]]]},"properties":{"speed":0.0618,"dir_deg":150.0,"type":"ضعيف"}},{"type":"Feature","geometry":{"type":"MultiPolygon","coordinates":[[[[0.8335448894251143,36.646809423324605],[0.8482053127805009,36.643635783924665],[0.8477821608605092,36.64168106081061],[0.8331217375051225,36.64485470021055],[0.8335448894251143,36.646809423324605]]],[[[0.8528805446056339,36.64160054256766],[0.8486284647004926,36.64559050703872],[0.8473590089405175,36.63972633769656],[0.8528805446056339,36.64160054256766]]]]},"properties":{"speed":0.0369,"dir_deg":102.2,"type":"ضعيف"}},{"type":"Feature","geometry":{"type":"MultiPolygon","coordinates":[[[[0.874760541796104,36.646802968441044],[0.8893241418981409,36.650394841499484],[0.889803058305933,36.64845302815255],[0.875239458203896,36.64486115509411],[0.874760541796104,36.646802968441044]]],[[[0.8944181334693826,36.6506212258455],[0.8888452254903488,36.65233665484642],[0.890281974713725,36.646511214805614],[0.8944181334693826,36.6506212258455]]]]},"properties":{"speed":0.064,"dir_deg":76.1,"type":"ضعيف"}},{"type":"Feature","geometry":{"type":"MultiPolygon","coordinates":[[[[0.9163687781061864,36.646786656219746],[0.9306876948887258,36.651255282650176],[0.9312835117461161,36.64934609374584],[0.9169645949635767,36.64487746731541],[0.9163687781061864,36.646786656219746]]],[[[0.9357585755782675,36.65179023034148],[0.9300918780313355,36.65316447155452],[0.9318793286035064,36.6474369048415],[0.9357585755782675,36.65179023034148]]]]},"properties":{"speed":0.1216,"dir_deg":72.7,"type":"ضعيف"}},{"type":"Feature","geometry":{"type":"MultiPolygon","coordinates":[[[[0.958035664523698,36.646786737161456],[0.9723557954318304,36.65125147128276],[0.9729510933146711,36.64934212049501],[0.9586309624065388,36.6448773863737],[0.958035664523698,36.646786737161456]]],[[[0.9774268213426283,36.65178504059599],[0.9717604975489896,36.65316082207051],[0.9735463911975119,36.64743276970726],[0.9774268213426283,36.65178504059599]]]]},"properties":{"speed":0.1885,"dir_deg":72.7,"type":"متوسط"}},{"type":"Feature","geometry":{"type":"MultiPolygon","coordinates":[[[[0.9996657216386902,36.6467745361583],[1.013802837499466,36.65178871157794],[1.0144713942220858,36.649903762796505],[1.0003342783613098,36.64488958737686],[0.9996657216386902,36.6467745361583]]],[[[1.018849487814368,36.65251762899378],[1.0131342807768464,36.65367366035938],[1.0151399509447054,36.64801881401507],[1.018849487814368,36.65251762899378]]]]},"properties":{"speed":0.2601,"dir_deg":70.5,"type":"متوسط"}},{"type":"Feature","geometry":{"type":"MultiPolygon","coordinates":[[[[-0.4160182249769024,36.68826127278833],[-0.404599133151912,36.67853479645348],[-0.4058959966632256,36.677012250876814],[-0.417315088488216,36.68673872721167],[-0.4160182249769024,36.68826127278833]]],[[[-0.40144120096590535,36.67453136488687],[-0.4033022696405984,36.680057342030146],[-0.4071928601745392,36.675489705300144],[-0.40144120096590535,36.67453136488687]]]]},"properties":{"speed":0.2852,"dir_deg":130.4,"type":"متوسط"}},{"type":"Feature","geometry":{"type":"MultiPolygon","coordinates":[[[[-0.3744268055312075,36.68831941936818],[-0.3621355150085333,36.67972150233629],[-0.3632819039461183,36.67808266359994],[-0.3755731944687925,36.68668058063182],[-0.3744268055312075,36.68831941936818]]],[[[-0.3586116126364344,36.67603611062415],[-0.36098912607094835,36.68136034107265],[-0.36442829288370326,36.67644382486358],[-0.3586116126364344,36.67603611062415]]]]},"properties":{"speed":0.2766,"dir_deg":125.0,"type":"متوسط"}},{"type":"Feature","geometry":{"type":"MultiPolygon","coordinates":[[[[-0.33284510126619676,36.68837270828357],[-0.31975447701256493,36.68104907826491],[-0.320730961015053,36.679303661697766],[-0.33382158526868483,36.68662729171643],[-0.33284510126619676,36.68837270828357]]],[[[-0.31587917759593165,36.67773515997512],[-0.31877799301007687,36.682794494832066],[-0.32170744501754106,36.67755824513061],[-0.31587917759593165,36.67773515997512]]]]},"properties":{"speed":0.2699,"dir_deg":119.2,"type":"متوسط"}},{"type":"Feature","geometry":{"type":"MultiPolygon","coordinates":[[[[-0.2913086689140568,36.688433726256356],[-0.27730277506875434,36.68306390897882],[-0.2780187507057591,36.68119645646611],[-0.2920246445510616,36.686566273743644],[-0.2913086689140568,36.688433726256356]]],[[[-0.2729921316054892,36.68034024362995],[-0.27658679943174963,36.68493136149153],[-0.2787347263427638,36.679329003953406],[-0.2729921316054892,36.68034024362995]]]]},"properties":{"speed":0.2453,"dir_deg":111.0,"type":"متوسط"}},{"type":"Feature","geometry":{"type":"MultiPolygon","coordinates":[[[[-0.24991276302157742,36.68849618758755],[-0.23496994920827463,36.68718763291121],[-0.2351444231651198,36.685195257736105],[-0.25008723697842256,36.68650381241245],[-0.24991276302157742,36.68849618758755]]],[[[-0.23007624824892964,36.68575526043155],[-0.23479547525142946,36.68918000808632],[-0.23531889712196497,36.683202882561],[-0.23007624824892964,36.68575526043155]]]]},"properties":{"speed":0.2087,"dir_deg":95.0,"type":"متوسط"}},{"type":"Feature","geometry":{"type":"MultiPolygon","coordinates":[[[[-0.20871769393458234,36.68842318097354],[-0.19486997933150627,36.69418866449808],[-0.1941012481949008,36.692342302551005],[-0.20794896279797687,36.68657681902646],[-0.20871769393458234,36.68842318097354]]],[[[-0.1898697088955115,36.695187311366055],[-0.19563871046811174,36.69603502644516],[-0.19333251705829532,36.690495940603924],[-0.1898697088955115,36.695187311366055]]]]},"properties":{"speed":0.1891,"dir_deg":67.4,"type":"متوسط"}},{"type":"Feature","geometry":{"type":"MultiPolygon","coordinates":[[[[-0.16744734176880471,36.68812494330958],[-0.15807319212512105,36.69983499533585],[-0.15651185185495242,36.698585108716685],[-0.16588600149863608,36.68687505669042],[-0.16744734176880471,36.68812494330958]]],[[[-0.1541678054421422,36.70311340270169],[-0.15963453239528969,36.701084881955005],[-0.1549505115847838,36.69733522209753],[-0.1541678054421422,36.70311340270169]]]]},"properties":{"speed":0.2073,"dir_deg":38.7,"type":"متوسط"}},{"type":"Feature","geometry":{"type":"MultiPolygon","coordinates":[[[[-0.12593879828181911,36.68784446739476],[-0.1207717873604026,36.70192644162205],[-0.1188941907967644,36.70123750683253],[-0.1240612017181809,36.68715553260524],[-0.12593879828181911,36.68784446739476]]],[[[-0.118110652104778,36.70627596563638],[-0.12264938392404082,36.70261537641157],[-0.11701659423312619,36.700548572043004],[-0.118110652104778,36.70627596563638]]]]},"properties":{"speed":0.2539,"dir_deg":20.1,"type":"متوسط"}},{"type":"Feature","geometry":{"type":"MultiPolygon","coordinates":[[[[-0.08432512007090602,36.68762792182545],[-0.08240629268913788,36.70250468563614],[-0.08042272418104623,36.70224884198524],[-0.08234155156281438,36.68737207817455],[-0.08432512007090602,36.68762792182545]]],[[[-0.080774899307836,36.70733568508091],[-0.08438986119722952,36.70276052928704],[-0.07843915567295459,36.70199299833434],[-0.080774899307836,36.70733568508091]]]]},"properties":{"speed":0.315,"dir_deg":7.3,"type":"متوسط"}},{"type":"Feature","geometry":{"type":"MultiPolygon","coordinates":[[[[-0.042663673682105184,36.68742267285562],[-0.04382358084786191,36.702377759460745],[-0.04182956930051174,36.70253241374951],[-0.040669662134755015,36.68757732714438],[-0.042663673682105184,36.68742267285562]]],[[[-0.04321321079610573,36.7074401154735],[-0.04581759239521207,36.702223105171974],[-0.039835557753161575,36.70268706803828],[-0.04321321079610573,36.7074401154735]]]]},"properties":{"speed":0.4463,"dir_deg":355.6,"type":"قوي"}},{"type":"Feature","geometry":{"type":"MultiPolygon","coordinates":[[[[-0.000985294921614301,36.687329137723765],[-0.0035482290651771943,36.70210856154798],[-0.0015776392219485921,36.70245028610045],[0.000985294921614301,36.687670862276235],[-0.000985294921614301,36.687329137723765]]],[[[-0.003417245524750524,36.707205898432285],[-0.005518818908405797,36.7017668369955],[0.00039295062128001006,36.70279201065293],[-0.003417245524750524,36.707205898432285]]]]},"properties":{"speed":0.5829,"dir_deg":350.2,"type":"قوي"}},{"type":"Feature","geometry":{"type":"MultiPolygon","coordinates":[[[[0.04068438034599304,36.68731262031945],[0.03787368513780561,36.70204693375601],[0.03983826026267973,36.7024216931171],[0.04264895547086716,36.68768737968055],[0.04068438034599304,36.68731262031945]]],[[[0.03791907429751353,36.70714575124874],[0.03590911001293149,36.701672174394915],[0.041802835387553854,36.702796452478196],[0.03791907429751353,36.70714575124874]]]]},"properties":{"speed":0.5792,"dir_deg":349.2,"type":"قوي"}},{"type":"Feature","geometry":{"type":"MultiPolygon","coordinates":[[[[0.0823725002937587,36.687222880716035],[0.07821571103425712,36.701635413562556],[0.08013738208046012,36.702189652130485],[0.0842941713399617,36.687777119283965],[0.0823725002937587,36.687222880716035]]],[[[0.07779095013752477,36.70671671046203],[0.0762940399880541,36.70108117499462],[0.08205905312666313,36.70274389069842],[0.07779095013752477,36.70671671046203]]]]},"properties":{"speed":0.4655,"dir_deg":343.9,"type":"قوي"}},{"type":"Feature","geometry":{"type":"MultiPolygon","coordinates":[[[[0.12408349319790556,36.68709998089831],[0.11808320667259811,36.700847582929725],[0.119916220276787,36.701647621133105],[0.12591650680209446,36.68790001910169],[0.12408349319790556,36.68709998089831]]],[[[0.11699961796625674,36.70583013604189],[0.11625019306840921,36.70004754472635],[0.1217492338809759,36.70244765933648],[0.11699961796625674,36.70583013604189]]]]},"properties":{"speed":0.4007,"dir_deg":336.4,"type":"قوي"}},{"type":"Feature","geometry":{"type":"MultiPolygon","coordinates":[[[[0.16574319554549446,36.68711634401546],[0.15998835577736345,36.70096848533885],[0.16183530795381532,36.70173579730793],[0.16759014772194633,36.68788365598454],[0.16574319554549446,36.68711634401546]]],[[[0.15899355194287904,36.705969521764516],[0.1581414036009116,36.70020117336976],[0.16368226013026715,36.70250310927702],[0.15899355194287904,36.705969521764516]]]]},"properties":{"speed":0.3735,"dir_deg":337.4,"type":"قوي"}},{"type":"Feature","geometry":{"type":"MultiPolygon","coordinates":[[[[0.20737953688026048,36.68719953069841],[0.20287249735642393,36.70150640298869],[0.20478008032846218,36.702107341591876],[0.20928711985229873,36.68780046930159],[0.20737953688026048,36.68719953069841]]],[[[0.20232394233449752,36.706575829720386],[0.2009649143843857,36.700905464385514],[0.2066876633005004,36.702708280195054],[0.20232394233449752,36.706575829720386]]]]},"properties":{"speed":0.3298,"dir_deg":342.5,"type":"متوسط"}},{"type":"Feature","geometry":{"type":"MultiPolygon","coordinates":[[[[0.2490244391170302,36.68728027070377],[0.2457284996736677,36.70191368394832],[0.24767962143960728,36.70235314254077],[0.2509755608829698,36.68771972929623],[0.2490244391170302,36.68728027070377]]],[[[0.24560541407551664,36.7070112176594],[0.24377737790772808,36.701474225355874],[0.2496307432055469,36.70279260113322],[0.24560541407551664,36.7070112176594]]]]},"properties":{"speed":0.2347,"dir_deg":347.3,"type":"متوسط"}},{"type":"Feature","geometry":{"type":"MultiPolygon","coordinates":[[[[0.2906773600268043,36.68735408211904],[0.28848859181247766,36.702193532705365],[0.2904671852239875,36.70248536846728],[0.29265595343831413,36.68764591788096],[0.2906773600268043,36.68735408211904]]],[[[0.28874829911345706,36.7072859341151],[0.28650999840096775,36.70190169694346],[0.2924457786354974,36.702777204229186],[0.28874829911345706,36.7072859341151]]]]},"properties":{"speed":0.1325,"dir_deg":351.6,"type":"ضعيف"}},{"type":"Feature","geometry":{"type":"MultiPolygon","coordinates":[[[[0.33433332891418144,36.687494642172766],[0.33425296150567824,36.672494857471655],[0.33225299021219695,36.672505573126124],[0.33233335762070015,36.687505357827234],[0.33433332891418144,36.687494642172766]]],[[[0.3332261867227699,36.66750028706519],[0.3362529327991596,36.672484141817186],[0.3302530189187156,36.67251628878059],[0.3332261867227699,36.66750028706519]]]]},"properties":{"speed":0.0078,"dir_deg":180.3,"type":"ضعيف"}},{"type":"Feature","geometry":{"type":"MultiPolygon","coordinates":[[[[0.37598426841509097,36.68767667961698],[0.3786344626697098,36.67291265339061],[0.37666592583952785,36.672559294156656],[0.37401573158490903,36.68732332038302],[0.37598426841509097,36.68767667961698]]],[[[0.3785335923394918,36.66781463169818],[0.3806029994998918,36.67326601262456],[0.37469738900934585,36.67220593492271],[0.3785335923394918,36.66781463169818]]]]},"properties":{"speed":0.0932,"dir_deg":169.8,"type":"ضعيف"}},{"type":"Feature","geometry":{"type":"MultiPolygon","coordinates":[[[[0.41764992910524423,36.68768214126692],[0.42038204810900753,36.672933055676644],[0.4184155033636375,36.67256877314281],[0.4156833843598742,36.68731785873308],[0.41764992910524423,36.68768214126692]]],[[[0.4203094820709103,36.667834552546296],[0.42234859285437765,36.67329733821048],[0.41644895861826736,36.67220449060897],[0.4203094820709103,36.667834552546296]]]]},"properties":{"speed":0.1931,"dir_deg":169.5,"type":"متوسط"}},{"type":"Feature","geometry":{"type":"MultiPolygon","coordinates":[[[[0.45931022914893466,36.68771376148984],[0.46251665149651056,36.673060473267434],[0.46056287973352283,36.672632950287756],[0.45735645738594694,36.68728623851016],[0.45931022914893466,36.68771376148984]]],[[[0.4626085730642086,36.66796228237012],[0.46447042325949833,36.67348799624711],[0.45860910797053506,36.67220542730808],[0.4626085730642086,36.66796228237012]]]]},"properties":{"speed":0.2756,"dir_deg":167.7,"type":"متوسط"}},{"type":"Feature","geometry":{"type":"MultiPolygon","coordinates":[[[[0.5009792317112182,36.68770274431125],[0.5040203963799841,36.67301426864298],[0.5020619329575478,36.672608780020475],[0.4990207682887818,36.68729725568875],[0.5009792317112182,36.68770274431125]]],[[[0.5040548862250213,36.667915365775634],[0.5059788598024205,36.67341975726548],[0.5001034695351113,36.67220329139798],[0.5040548862250213,36.667915365775634]]]]},"properties":{"speed":0.3392,"dir_deg":168.3,"type":"متوسط"}},{"type":"Feature","geometry":{"type":"MultiPolygon","coordinates":[[[[0.542656434157821,36.68764282731841],[0.5447988439340536,36.672796612974324],[0.5428193486881747,36.6725109583375],[0.5406769389119421,36.68735717268159],[0.542656434157821,36.68764282731841]]],[[[0.5445232329031917,36.66770504754121],[0.5467783391799325,36.67308226761116],[0.5408398534422959,36.672225303700664],[0.5445232329031917,36.66770504754121]]]]},"properties":{"speed":0.3356,"dir_deg":171.8,"type":"متوسط"}},{"type":"Feature","geometry":{"type":"MultiPolygon","coordinates":[[[[0.5843224272591608,36.687647152650115],[0.5865297170108404,36.67281044573948],[0.5845514894227556,36.67251614043925],[0.582344199671076,36.687352847349885],[0.5843224272591608,36.687647152650115]]],[[[0.5862763664673578,36.66771772411915],[0.5885079445989253,36.6731047510397],[0.5825732618346707,36.67222183513903],[0.5862763664673578,36.66771772411915]]]]},"properties":{"speed":0.3216,"dir_deg":171.5,"type":"متوسط"}},{"type":"Feature","geometry":{"type":"MultiPolygon","coordinates":[[[[0.6259666865269538,36.68775596319776],[0.6298061344933098,36.67325566529345],[0.6278727614394023,36.672743738897935],[0.6240333134730462,36.68724403680224],[0.6259666865269538,36.68775596319776]]],[[[0.6301192639551413,36.668166269460926],[0.6317395075472174,36.673767591688964],[0.6259393883854947,36.672231812502424],[0.6301192639551413,36.668166269460926]]]]},"properties":{"speed":0.2987,"dir_deg":165.2,"type":"متوسط"}},{"type":"Feature","geometry":{"type":"MultiPolygon","coordinates":[[[[0.667624890173568,36.68778608702664],[0.6719161955730779,36.67341303244634],[0.6699997882957052,36.672840858393066],[0.6657084828961952,36.68721391297336],[0.667624890173568,36.68778608702664]]],[[[0.6723884270675615,36.66833592722627],[0.6738326028504505,36.67398520649961],[0.6680833810183325,36.6722686843398],[0.6723884270675615,36.66833592722627]]]]},"properties":{"speed":0.2488,"dir_deg":163.4,"type":"متوسط"}},{"type":"Feature","geometry":{"type":"MultiPolygon","coordinates":[[[[0.709314418737687,36.68769347466019],[0.7122165386406382,36.672976895571665],[0.710254328095501,36.67258994625128],[0.7073522081925498,36.68730652533981],[0.709314418737687,36.68769347466019]]],[[[0.7122028066690533,36.66787789454863],[0.7141787491857752,36.67336384489206],[0.708292117550364,36.672202996930885],[0.7122028066690533,36.66787789454863]]]]},"properties":{"speed":0.2007,"dir_deg":168.8,"type":"متوسط"}},{"type":"Feature","geometry":{"type":"MultiPolygon","coordinates":[[[[0.750991696182679,36.687628602804246],[0.7529207382463595,36.67275316006406],[0.7509373458810015,36.67249595445557],[0.749008303817321,36.687371397195754],[0.750991696182679,36.687628602804246]]],[[[0.7525720560849073,36.66766607634642],[0.7549041306117177,36.67301036567255],[0.7489539535156433,36.67223874884708],[0.7525720560849073,36.66766607634642]]]]},"properties":{"speed":0.1599,"dir_deg":172.6,"type":"ضعيف"}},{"type":"Feature","geometry":{"type":"MultiPolygon","coordinates":[[[[0.7926588191447143,36.687625191391504],[0.7945366900172659,36.672743202244014],[0.7925524247976006,36.672492819461006],[0.7906745539250489,36.687374808608496],[0.7926588191447143,36.687625191391504]]],[[[0.7941705143649505,36.66765734780335],[0.7965209552369313,36.67299358502702],[0.7905681595779351,36.672242436678],[0.7941705143649505,36.66765734780335]]]]},"properties":{"speed":0.1153,"dir_deg":172.8,"type":"ضعيف"}},{"type":"Feature","geometry":{"type":"MultiPolygon","coordinates":[[[[0.8343255132607653,36.687624657793656],[0.8361953801655487,36.672741660858954],[0.8342109805742549,36.67249234527164],[0.8323411136694715,36.687375342206344],[0.8343255132607653,36.687624657793656]]],[[[0.8358264693381631,36.667656004087064],[0.8381797797568425,36.67299097644626],[0.8322265809829611,36.67224302968434],[0.8358264693381631,36.667656004087064]]]]},"properties":{"speed":0.0739,"dir_deg":172.8,"type":"ضعيف"}},{"type":"Feature","geometry":{"type":"MultiPolygon","coordinates":[[[[0.8759212713726617,36.687888920374775],[0.8817550769942656,36.67406984978485],[0.8799125342489421,36.6732920090353],[0.8740787286273383,36.687111079625225],[0.8759212713726617,36.687888920374775]]],[[[0.8827784074954718,36.66907457254677],[0.883597619739589,36.6748476905344],[0.8780699915036188,36.67251416828575],[0.8827784074954718,36.66907457254677]]]]},"properties":{"speed":0.0524,"dir_deg":157.1,"type":"ضعيف"}},{"type":"Feature","geometry":{"type":"MultiPolygon","coordinates":[[[[0.9170746087286958,36.68841301669415],[0.9307698591409229,36.68229418378694],[0.9299540147532944,36.68046815039864],[0.9162587643410673,36.68658698330585],[0.9170746087286958,36.68841301669415]]],[[[0.934927020417851,36.67934155612372],[0.9315857035285513,36.684120217175234],[0.929138170365666,36.67864211701034],[0.934927020417851,36.67934155612372]]]]},"properties":{"speed":0.0628,"dir_deg":114.1,"type":"ضعيف"}},{"type":"Feature","geometry":{"type":"MultiPolygon","coordinates":[[[[0.9583189315797851,36.68849989657534],[0.9733173802098671,36.688715624855334],[0.9733461439805338,36.68671583170466],[0.9583476953504517,36.68650010342466],[0.9583189315797851,36.68849989657534]]],[[[0.9783312449718944,36.68778763770667],[0.9732886164392004,36.690715418006015],[0.9733749077512005,36.68471603855398],[0.9783312449718944,36.68778763770667]]]]},"properties":{"speed":0.1063,"dir_deg":89.2,"type":"ضعيف"}},{"type":"Feature","geometry":{"type":"MultiPolygon","coordinates":[[[[0.999837137769072,36.68848664881986],[1.014636870067018,36.69092958228378],[1.014962594528874,36.68895628464406],[1.000162862230928,36.68651335118014],[0.999837137769072,36.68848664881986]]],[[[1.0197329763972613,36.69075724461856],[1.0143111456051623,36.69290287992351],[1.0152883189907298,36.68698298700433],[1.0197329763972613,36.69075724461856]]]]},"properties":{"speed":0.1592,"dir_deg":80.6,"type":"ضعيف"}}]}