{"type":"FeatureCollection","date":"2026-09-14","features":[{"type":"Feature","geometry":{"type":"MultiPolygon","coordinates":[[[[-0.25097259433247926,35.85440044686544],[-0.2474849648371664,35.86898936185263],[-0.24553977617220787,35.86852434458659],[-0.24902740566752074,35.8539354295994],[-0.25097259433247926,35.85440044686544]]],[[[-0.24534982733958283,35.873619824882006],[-0.2494301535021249,35.86945437911867],[-0.24359458750724935,35.868059327320545],[-0.24534982733958283,35.873619824882006]]]]},"properties":{"speed":0.0407,"dir_deg":13.4,"type":"ضعيف"}},{"type":"Feature","geometry":{"type":"MultiPolygon","coordinates":[[[[-0.20921607357830727,35.85463779022044],[-0.20216829375807324,35.86787896840085],[-0.20040280333401791,35.86693926442482],[-0.20745058315425194,35.85369808624441],[-0.20921607357830727,35.85463779022044]]],[[[-0.19893628860596754,35.87182284247297],[-0.2039337841821286,35.86881867237688],[-0.19863731290996256,35.86599956044879],[-0.19893628860596754,35.87182284247297]]]]},"properties":{"speed":0.0641,"dir_deg":28.0,"type":"ضعيف"}},{"type":"Feature","geometry":{"type":"MultiPolygon","coordinates":[[[[-0.1674574105742473,35.85478009174906],[-0.15827510782465087,35.86664117585697],[-0.1566936299435971,35.86541686882369],[-0.1658759326931935,35.85355578471578],[-0.1674574105742473,35.85478009174906]]],[[[-0.15442360130092517,35.86998271704296],[-0.15985658570570463,35.867865482890245],[-0.15511215206254333,35.86419256179041],[-0.15442360130092517,35.86998271704296]]]]},"properties":{"speed":0.096,"dir_deg":37.7,"type":"ضعيف"}},{"type":"Feature","geometry":{"type":"MultiPolygon","coordinates":[[[[-0.12577090713726657,35.85480488578577],[-0.11621669383709997,35.866368492844764],[-0.11467487956256685,35.86509459773807],[-0.12422909286273344,35.853530990679076],[-0.12577090713726657,35.85480488578577]]],[[[-0.11226104893311122,35.869586080977754],[-0.1177585081116331,35.86764238795145],[-0.11313306528803371,35.863820702631386],[-0.11226104893311122,35.869586080977754]]]]},"properties":{"speed":0.1243,"dir_deg":39.6,"type":"متوسط"}},{"type":"Feature","geometry":{"type":"MultiPolygon","coordinates":[[[[-0.08396372354212102,35.85494421866876],[-0.07231951699705703,35.86440003454768],[-0.0710587415465354,35.862847473675],[-0.08270294809159938,35.85339165779608],[-0.08396372354212102,35.85494421866876]]],[[[-0.06780772709010821,35.86677569273764],[-0.07358029244757866,35.86595259542035],[-0.06979796609601377,35.86129491280232],[-0.06780772709010821,35.86677569273764]]]]},"properties":{"speed":0.1156,"dir_deg":50.9,"type":"متوسط"}},{"type":"Feature","geometry":{"type":"MultiPolygon","coordinates":[[[[-0.04195464303303755,35.85512557612203],[-0.027590074688960943,35.85944520299114],[-0.02701412443974604,35.85752992721193],[-0.04137869278382265,35.853210300342816],[-0.04195464303303755,35.85512557612203]]],[[[-0.022513910116327956,35.85992744072457],[-0.028166024938175844,35.86136047877035],[-0.026438174190531138,35.85561465143272],[-0.022513910116327956,35.85992744072457]]]]},"properties":{"speed":0.0918,"dir_deg":73.3,"type":"ضعيف"}},{"type":"Feature","geometry":{"type":"MultiPolygon","coordinates":[[[[-0.29265297684672487,35.89566722053368],[-0.2951255953551587,35.910462022246165],[-0.2931529551268274,35.91079170471396],[-0.29068033661839354,35.895996903001475],[-0.29265297684672487,35.89566722053368]]],[[[-0.29496348141047096,35.91555846405089],[-0.29709823558349,35.91013233977837],[-0.29118031489849605,35.91112138718175],[-0.29496348141047096,35.91555846405089]]]]},"properties":{"speed":0.1324,"dir_deg":350.5,"type":"متوسط"}},{"type":"Feature","geometry":{"type":"MultiPolygon","coordinates":[[[[-0.2509974891858227,35.89590288072102],[-0.24993520488418114,35.910865218508356],[-0.24794022651253572,35.91072358060148],[-0.2490025108141773,35.89576124281414],[-0.2509974891858227,35.89590288072102]]],[[[-0.24858362093114458,35.915781845484034],[-0.2519301832558266,35.91100685641524],[-0.24594524814089028,35.91058194269459],[-0.24858362093114458,35.915781845484034]]]]},"properties":{"speed":0.0913,"dir_deg":4.1,"type":"ضعيف"}},{"type":"Feature","geometry":{"type":"MultiPolygon","coordinates":[[[[-0.20921086269181824,35.896311575591675],[-0.20201815533034284,35.90947459047475],[-0.20026308667926557,35.90851556282656],[-0.20745579404074097,35.89535254794348],[-0.20921086269181824,35.896311575591675]]],[[[-0.19874305188431243,35.91338274827835],[-0.20377322398142014,35.91043361812295],[-0.19850801802818827,35.90755653517836],[-0.19874305188431243,35.91338274827835]]]]},"properties":{"speed":0.1027,"dir_deg":28.7,"type":"ضعيف"}},{"type":"Feature","geometry":{"type":"MultiPolygon","coordinates":[[[[-0.16753792685720326,35.89632289201884],[-0.16017547308827443,35.90939172037108],[-0.1584329626413087,35.908410059868565],[-0.16579541641023754,35.89534123151632],[-0.16753792685720326,35.89632289201884]]],[[[-0.15685006660848197,35.91325716623724],[-0.16191798353524015,35.91037338087361],[-0.156690452194343,35.90742839936604],[-0.15685006660848197,35.91325716623724]]]]},"properties":{"speed":0.1158,"dir_deg":29.4,"type":"متوسط"}},{"type":"Feature","geometry":{"type":"MultiPolygon","coordinates":[[[[-0.12598860081753352,35.895982622132784],[-0.12373019533938998,35.910811634395785],[-0.12175299370432291,35.91051051366537],[-0.12401139918246647,35.89568150140237],[-0.12598860081753352,35.895982622132784]]],[[[-0.12198879269580859,35.91560407811825],[-0.12570739697445704,35.911112755126204],[-0.11977579206925586,35.91020939293495],[-0.12198879269580859,35.91560407811825]]]]},"properties":{"speed":0.1235,"dir_deg":8.7,"type":"متوسط"}},{"type":"Feature","geometry":{"type":"MultiPolygon","coordinates":[[[[-0.08430408869252204,35.89559198083457],[-0.08790530268765036,35.91015327396949],[-0.08596379693632668,35.910633435835514],[-0.08236258294119836,35.89607214270059],[-0.08430408869252204,35.89559198083457]]],[[[-0.0881349544770313,35.915247119280814],[-0.08984680843897405,35.90967311210348],[-0.08402229118500298,35.91111359770153],[-0.0881349544770313,35.915247119280814]]]]},"properties":{"speed":0.1238,"dir_deg":346.1,"type":"متوسط"}},{"type":"Feature","geometry":{"type":"MultiPolygon","coordinates":[[[[-0.04257660355121804,35.895417312293816],[-0.048797845657616155,35.90906634693563],[-0.04697797437204027,35.909895845883156],[-0.04075673226564216,35.89624681124134],[-0.04257660355121804,35.895417312293816]]],[[[-0.04996165738362758,35.914030774623335],[-0.050617716943192045,35.908236847988114],[-0.04515810308646438,35.910725344830674],[-0.04996165738362758,35.914030774623335]]]]},"properties":{"speed":0.087,"dir_deg":335.5,"type":"ضعيف"}},{"type":"Feature","geometry":{"type":"MultiPolygon","coordinates":[[[[-0.0009069483439176657,35.89541081991132],[-0.007225576187811131,35.909015045070085],[-0.0054116794999758,35.9098575287826],[0.0009069483439176657,35.89625330362384],[-0.0009069483439176657,35.89541081991132]]],[[[-0.008424837125191289,35.91397102864593],[-0.009039472875646463,35.90817256135757],[-0.003597782812140469,35.91070001249512],[-0.008424837125191289,35.91397102864593]]]]},"properties":{"speed":0.0606,"dir_deg":335.1,"type":"ضعيف"}},{"type":"Feature","geometry":{"type":"MultiPolygon","coordinates":[[[[-0.4164364197913758,35.93847313460061],[-0.4018394007821478,35.935019580482866],[-0.4022998746645146,35.93307331128164],[-0.4168968936737426,35.93652686539939],[-0.4164364197913758,35.93847313460061]]],[[[-0.39720396472025515,35.932895261176334],[-0.401378926899781,35.9369658496841],[-0.4027603485468814,35.931127042080405],[-0.39720396472025515,35.932895261176334]]]]},"properties":{"speed":0.1121,"dir_deg":103.3,"type":"ضعيف"}},{"type":"Feature","geometry":{"type":"MultiPolygon","coordinates":[[[[-0.37513788750214017,35.93849044789704],[-0.3602811690465205,35.94055876042914],[-0.3600053940422402,35.938577864635064],[-0.37486211249785983,35.93650955210296],[-0.37513788750214017,35.93849044789704]]],[[[-0.35519104205917384,35.940257750042804],[-0.3605569440508008,35.942539656223225],[-0.3597296190379599,35.93659696884098],[-0.35519104205917384,35.940257750042804]]]]},"properties":{"speed":0.0875,"dir_deg":82.1,"type":"ضعيف"}},{"type":"Feature","geometry":{"type":"MultiPolygon","coordinates":[[[[-0.33430651622514,35.93773007475829],[-0.33085539485076426,35.95232766912378],[-0.3289090489353658,35.9518675196072],[-0.3323601703097416,35.93726992524171],[-0.33430651622514,35.93773007475829]]],[[[-0.32873184810160644,35.95696345915398],[-0.33280174076616265,35.95278781864037],[-0.32696270301996744,35.951407370090614],[-0.32873184810160644,35.95696345915398]]]]},"properties":{"speed":0.1489,"dir_deg":13.3,"type":"متوسط"}},{"type":"Feature","geometry":{"type":"MultiPolygon","coordinates":[[[[-0.29266445773115723,35.9375662809716],[-0.2916702431570932,35.95253329595057],[-0.28967464115989716,35.95240073400737],[-0.2906688557339612,35.9374337190284],[-0.29266445773115723,35.9375662809716]]],[[[-0.2903410373004739,35.95745601997196],[-0.29366584515428923,35.952665857893784],[-0.28767903916270116,35.95226817206416],[-0.2903410373004739,35.95745601997196]]]]},"properties":{"speed":0.1842,"dir_deg":3.8,"type":"متوسط"}},{"type":"Feature","geometry":{"type":"MultiPolygon","coordinates":[[[[-0.25096607400707976,35.93775826539227],[-0.24709209312301553,35.95224937549847],[-0.245159945108856,35.95173284471393],[-0.24903392599292024,35.93724173460773],[-0.25096607400707976,35.93775826539227]]],[[[-0.244834692154581,35.95682148014159],[-0.24902424113717503,35.95276590628301],[-0.2432277970946965,35.951216313929386],[-0.244834692154581,35.95682148014159]]]]},"properties":{"speed":0.1998,"dir_deg":15.0,"type":"متوسط"}},{"type":"Feature","geometry":{"type":"MultiPolygon","coordinates":[[[[-0.20919615337921482,35.93800550271716],[-0.20161361262185648,35.95094787791119],[-0.19988796259598604,35.94993687247687],[-0.20747050335334438,35.93699449728284],[-0.20919615337921482,35.93800550271716]]],[[[-0.19822327402313514,35.9547565002587],[-0.20333926264772692,35.951958883345505],[-0.1981623125701156,35.948925867042554],[-0.19822327402313514,35.9547565002587]]]]},"properties":{"speed":0.2018,"dir_deg":30.4,"type":"متوسط"}},{"type":"Feature","geometry":{"type":"MultiPolygon","coordinates":[[[[-0.16748333964181708,35.93807710775818],[-0.1588267232691189,35.95032712787963],[-0.15719338725292553,35.94917291236327],[-0.16585000362562372,35.93692289224182],[-0.16748333964181708,35.93807710775818]]],[[[-0.15512451647012282,35.95383336016194],[-0.16046005928531223,35.95148134339599],[-0.1555600512367322,35.94801869684691],[-0.15512451647012282,35.95383336016194]]]]},"properties":{"speed":0.1945,"dir_deg":35.2,"type":"متوسط"}},{"type":"Feature","geometry":{"type":"MultiPolygon","coordinates":[[[[-0.12592932720572023,35.93786925728796],[-0.12039046788638778,35.95180916537376],[-0.11853181347494733,35.951070650797845],[-0.12407067279427977,35.93713074271204],[-0.12592932720572023,35.93786925728796]]],[[[-0.11761485424089008,35.956086544114406],[-0.12224912229782822,35.95254767994967],[-0.11667315906350689,35.95033213622194],[-0.11761485424089008,35.956086544114406]]]]},"properties":{"speed":0.1654,"dir_deg":21.7,"type":"متوسط"}},{"type":"Feature","geometry":{"type":"MultiPolygon","coordinates":[[[[-0.08432025762205583,35.93733880027782],[-0.08673825345468542,35.952142627355755],[-0.08476440984429415,35.95246502680011],[-0.08234641401166456,35.93766119972218],[-0.08432025762205583,35.93733880027782]]],[[[-0.08655733026036631,35.957238436103914],[-0.08871209706507667,35.951820227911405],[-0.08279056623390289,35.95278742624446],[-0.08655733026036631,35.957238436103914]]]]},"properties":{"speed":0.1581,"dir_deg":350.7,"type":"متوسط"}},{"type":"Feature","geometry":{"type":"MultiPolygon","coordinates":[[[[-0.04257335702723656,35.93707820047198],[-0.04890034994753773,35.95067853725408],[-0.04708697170992481,35.95152213631012],[-0.04075997878962364,35.93792179952802],[-0.04257335702723656,35.93707820047198]]],[[[-0.05010265846883166,35.95563378237613],[-0.05071372818515066,35.94983493819804],[-0.045273593472311885,35.95236573536616],[-0.05010265846883166,35.95563378237613]]]]},"properties":{"speed":0.1747,"dir_deg":335.1,"type":"متوسط"}},{"type":"Feature","geometry":{"type":"MultiPolygon","coordinates":[[[[-0.0008712215367684479,35.93700910995745],[-0.008234572174958607,35.95007743300898],[-0.006492129101421712,35.95105921309408],[0.0008712215367684479,35.93799089004255],[-0.0008712215367684479,35.93700910995745]]],[[[-0.009817800850920213,35.95492443073537],[-0.009977015248495504,35.94909565292389],[-0.004749686027884816,35.95204099317917],[-0.009817800850920213,35.95492443073537]]]]},"properties":{"speed":0.1235,"dir_deg":330.6,"type":"متوسط"}},{"type":"Feature","geometry":{"type":"MultiPolygon","coordinates":[[[[0.04082044174846625,35.93696717612085],[0.03282808356121075,35.94966056852031],[0.034520535881138445,35.9507262162786],[0.042512894068393946,35.93803282387915],[0.04082044174846625,35.93696717612085]]],[[[0.031010190325422765,35.95442452319928],[0.031135631241283063,35.948594920762005],[0.03621298820106614,35.951791864036906],[0.031010190325422765,35.95442452319928]]]]},"properties":{"speed":0.0775,"dir_deg":327.8,"type":"ضعيف"}},{"type":"Feature","geometry":{"type":"MultiPolygon","coordinates":[[[[-0.4165567418661368,35.980161879237784],[-0.4016476267857119,35.97851315624145],[-0.40186745651855676,35.976525274230724],[-0.4167765715989816,35.97817399722706],[-0.4165567418661368,35.980161879237784]]],[[[-0.396787836625326,35.976969640903974],[-0.40142779705286713,35.98050103825217],[-0.40208728625140155,35.97453739222],[-0.396787836625326,35.976969640903974]]]]},"properties":{"speed":0.2571,"dir_deg":96.3,"type":"قوي"}},{"type":"Feature","geometry":{"type":"MultiPolygon","coordinates":[[[[-0.3750456556993112,35.9801668954673],[-0.36006129717610136,35.980851730956964],[-0.35996998577747896,35.97885381648721],[-0.3749543443006888,35.978168980997545],[-0.3750456556993112,35.9801668954673]]],[[[-0.3550208553023869,35.980081052218644],[-0.3601526085747238,35.982849645426725],[-0.3598786743788565,35.97685590201745],[-0.3550208553023869,35.980081052218644]]]]},"properties":{"speed":0.1987,"dir_deg":87.4,"type":"متوسط"}},{"type":"Feature","geometry":{"type":"MultiPolygon","coordinates":[[[[-0.33400442811713776,35.979909318785516],[-0.3228837198207152,35.98997559153097],[-0.32154155012132124,35.98849283042478],[-0.33266225841774383,35.97842655767933],[-0.33400442811713776,35.979909318785516]]],[[[-0.318505732205544,35.99258963522636],[-0.3242258895201091,35.99145835263716],[-0.3201993804219273,35.98701006931859],[-0.318505732205544,35.99258963522636]]]]},"properties":{"speed":0.1585,"dir_deg":47.8,"type":"متوسط"}},{"type":"Feature","geometry":{"type":"MultiPolygon","coordinates":[[[[-0.2925887713828943,35.97955485498269],[-0.286785020128886,35.99338657473771],[-0.28494079082821583,35.99261274123718],[-0.2907445420822241,35.978781021482156],[-0.2925887713828943,35.97955485498269]]],[[[-0.2839283217272148,35.99761023123912],[-0.28862924942955626,35.99416040823825],[-0.2830965615275456,35.99183890773664],[-0.2839283217272148,35.99761023123912]]]]},"properties":{"speed":0.201,"dir_deg":22.8,"type":"متوسط"}},{"type":"Feature","geometry":{"type":"MultiPolygon","coordinates":[[[[-0.25090599420533943,35.97959122832195],[-0.2445566428624423,35.99318114140204],[-0.24274465445176338,35.99233456122298],[-0.24909400579466054,35.97874464814289],[-0.25090599420533943,35.97959122832195]]],[[[-0.24153419820947047,35.99728782233921],[-0.2463686312731212,35.99402772158109],[-0.2409326660410845,35.99148798104393],[-0.24153419820947047,35.99728782233921]]]]},"properties":{"speed":0.2531,"dir_deg":25.0,"type":"قوي"}},{"type":"Feature","geometry":{"type":"MultiPolygon","coordinates":[[[[-0.2091883158155822,35.979686586920394],[-0.20140858549600285,35.992511398659936],[-0.19969861059739766,35.99147410128399],[-0.207478340916977,35.97864928954445],[-0.2091883158155822,35.979686586920394]]],[[[-0.19796035460684047,35.99626768721848],[-0.20311856039460807,35.99354869603588],[-0.19798863569879244,35.99043680390805],[-0.19796035460684047,35.99626768721848]]]]},"properties":{"speed":0.2655,"dir_deg":31.2,"type":"قوي"}},{"type":"Feature","geometry":{"type":"MultiPolygon","coordinates":[[[[-0.16750431249883538,35.9797141595988],[-0.1593109920031436,35.992278772575524],[-0.15763571027291365,35.99118632984277],[-0.16582903076860542,35.978621716866044],[-0.16750431249883538,35.9797141595988]]],[[[-0.15574224430613137,35.99592075553472],[-0.16098627373337354,35.99337121530829],[-0.15596042854268372,35.99009388711001],[-0.15574224430613137,35.99592075553472]]]]},"properties":{"speed":0.249,"dir_deg":33.1,"type":"قوي"}},{"type":"Feature","geometry":{"type":"MultiPolygon","coordinates":[[[[-0.12586506826188104,35.979669592398444],[-0.11834025577156784,35.99264561632666],[-0.11661011924780576,35.99164230799462],[-0.12413493173811896,35.9786662840664],[-0.12586506826188104,35.979669592398444]]],[[[-0.11496691667958239,35.99646930347004],[-0.12007039229532994,35.9936489246587],[-0.11487998272404366,35.99063899966258],[-0.11496691667958239,35.99646930347004]]]]},"properties":{"speed":0.2091,"dir_deg":30.1,"type":"متوسط"}},{"type":"Feature","geometry":{"type":"MultiPolygon","coordinates":[[[[-0.08430277292696058,35.97941327817935],[-0.08062267372299219,35.99395483483086],[-0.07868379950279143,35.993464154937],[-0.08236389870675982,35.97892259828549],[-0.08430277292696058,35.97941327817935]]],[[[-0.07842653687823568,35.99855668043443],[-0.08256154794319295,35.994445514724724],[-0.07674492528259066,35.99297347504314],[-0.07842653687823568,35.99855668043443]]]]},"properties":{"speed":0.1646,"dir_deg":14.2,"type":"متوسط"}},{"type":"Feature","geometry":{"type":"MultiPolygon","coordinates":[[[[-0.042659469402788024,35.979048166813456],[-0.04445604068724977,35.99394018922882],[-0.042470437698533925,35.994179732066755],[-0.040673866414072175,35.97928770965139],[-0.042659469402788024,35.979048166813456]]],[[[-0.04406209628771243,35.99902396811958],[-0.046441643675965615,35.9937006463909],[-0.040484834709818084,35.99441927490468],[-0.04406209628771243,35.99902396811958]]]]},"properties":{"speed":0.1765,"dir_deg":353.1,"type":"متوسط"}},{"type":"Feature","geometry":{"type":"MultiPolygon","coordinates":[[[[-0.000947184559305746,35.97884724927001],[-0.00575751899548328,35.9930550176596],[-0.0038631498768717876,35.99369639558442],[0.000947184559305746,35.97948862719483],[-0.000947184559305746,35.97884724927001]]],[[[-0.006413779248236712,35.99811162941854],[-0.007651888114094772,35.99241363973478],[-0.0019687807582602955,35.994337773509244],[-0.006413779248236712,35.99811162941854]]]]},"properties":{"speed":0.183,"dir_deg":341.3,"type":"متوسط"}},{"type":"Feature","geometry":{"type":"MultiPolygon","coordinates":[[[[0.04070771779535135,35.97888436340874],[0.0364540954401219,35.99326861510492],[0.0383719956662794,35.99383576475228],[0.04262561802150885,35.979451513056105],[0.04070771779535135,35.97888436340874]]],[[[0.035995171434790835,35.998346940493995],[0.03453619521396441,35.99270146545756],[0.040289895892436894,35.99440291439964],[0.035995171434790835,35.998346940493995]]]]},"properties":{"speed":0.1407,"dir_deg":343.5,"type":"متوسط"}},{"type":"Feature","geometry":{"type":"MultiPolygon","coordinates":[[[[0.08233391704654783,35.97913384832853],[0.08182256848818223,35.994125129883216],[0.08382140602880697,35.994193309691],[0.08433275458717257,35.979202028136314],[0.08233391704654783,35.97913384832853]]],[[[0.0826515377390394,35.99915631363867],[0.07982373094755747,35.99405695007543],[0.08582024356943173,35.99426148949878],[0.0826515377390394,35.99915631363867]]]]},"properties":{"speed":0.1363,"dir_deg":358.0,"type":"متوسط"}},{"type":"Feature","geometry":{"type":"MultiPolygon","coordinates":[[[[-0.41666884548349425,36.02183205937226],[-0.4016688814132672,36.02186489063629],[-0.4016645039113971,36.01986489542693],[-0.41666446798162415,36.0198320641629],[-0.41666884548349425,36.02183205937226]]],[[[-0.3966667046389231,36.02087583678628],[-0.40167325891513733,36.023864885845654],[-0.4016601264095269,36.01786490021756],[-0.3966667046389231,36.02087583678628]]]]},"properties":{"speed":0.3486,"dir_deg":89.9,"type":"قوي"}},{"type":"Feature","geometry":{"type":"MultiPolygon","coordinates":[[[[-0.37510021588034326,36.021827027484235],[-0.3601757301304563,36.02333026568938],[-0.35997529836976977,36.02134033425607],[-0.37489978411965674,36.01983709605092],[-0.37510021588034326,36.021827027484235]]],[[[-0.35510068566681735,36.022836379374446],[-0.36037616189114285,36.0253201971227],[-0.3597748666090832,36.019350402822745],[-0.35510068566681735,36.022836379374446]]]]},"properties":{"speed":0.3206,"dir_deg":84.2,"type":"قوي"}},{"type":"Feature","geometry":{"type":"MultiPolygon","coordinates":[[[[-0.3335844810740089,36.02180001311042],[-0.31906521093135926,36.025567080208944],[-0.31856293531822305,36.02363117752326],[-0.3330822054608727,36.019864110424734],[-0.3335844810740089,36.02180001311042]]],[[[-0.3139743164105746,36.02585481789894],[-0.3195674865444954,36.02750298289463],[-0.3180606597050869,36.02169527483757],[-0.3139743164105746,36.02585481789894]]]]},"properties":{"speed":0.2723,"dir_deg":75.5,"type":"قوي"}},{"type":"Feature","geometry":{"type":"MultiPolygon","coordinates":[[[[-0.2922132643634224,36.02166945062461],[-0.2796524315079355,36.029868565087554],[-0.27855921624620916,36.028193787373496],[-0.29112004910169603,36.01999467291055],[-0.2922132643634224,36.02166945062461]]],[[[-0.27491887959191,36.03176421438484],[-0.2807456467696619,36.03154334280162],[-0.27746600098448276,36.02651900965943],[-0.27491887959191,36.03176421438484]]]]},"properties":{"speed":0.2507,"dir_deg":56.9,"type":"قوي"}},{"type":"Feature","geometry":{"type":"MultiPolygon","coordinates":[[[[-0.2507194894237371,36.021526565165075],[-0.24030193846133033,36.032318906521134],[-0.2388629596138561,36.03092989972614],[-0.24928051057626288,36.02013755837008],[-0.2507194894237371,36.021526565165075]]],[[[-0.2361099320501243,36.03522185024232],[-0.2417409173088046,36.03370791331612],[-0.23742398076638183,36.02954089293115],[-0.2361099320501243,36.03522185024232]]]]},"properties":{"speed":0.2688,"dir_deg":44.0,"type":"قوي"}},{"type":"Feature","geometry":{"type":"MultiPolygon","coordinates":[[[[-0.20909521022584035,36.021479777779476],[-0.19937947004733328,36.03290800567289],[-0.19785570632821178,36.03161257364909],[-0.20757144650671885,36.02018434575568],[-0.20909521022584035,36.021479777779476]]],[[[-0.1953790081282702,36.03606969895879],[-0.20090323376645478,36.03420343769669],[-0.1963319426090903,36.03031714162529],[-0.1953790081282702,36.03606969895879]]]]},"properties":{"speed":0.266,"dir_deg":40.4,"type":"قوي"}},{"type":"Feature","geometry":{"type":"MultiPolygon","coordinates":[[[[-0.16748197888670485,36.02141109033616],[-0.15879655035801607,36.03364069913093],[-0.15716593585204716,36.03248264199377],[-0.16585136438073594,36.020253033199],[-0.16748197888670485,36.02141109033616]]],[[[-0.15508610026213537,36.037138206827265],[-0.16042716486398498,36.03479875626808],[-0.15553532134607825,36.03132458485661],[-0.15508610026213537,36.037138206827265]]]]},"properties":{"speed":0.2561,"dir_deg":35.4,"type":"قوي"}},{"type":"Feature","geometry":{"type":"MultiPolygon","coordinates":[[[[-0.12584383727279444,36.02136866092621],[-0.11779484989333881,36.03402622001813],[-0.1161071753477499,36.03295302170087],[-0.12415616272720555,36.02029546260895],[-0.12584383727279444,36.02136866092621]]],[[[-0.11426801682739247,36.03770880722347],[-0.1194825244389277,36.03509941833539],[-0.11441950080216101,36.031879823383605],[-0.11426801682739247,36.03770880722347]]]]},"properties":{"speed":0.226,"dir_deg":32.5,"type":"قوي"}},{"type":"Feature","geometry":{"type":"MultiPolygon","coordinates":[[[[-0.08422247559652493,36.021289697487575],[-0.07735793979656036,36.03462679418254],[-0.0755796602372309,36.03371152274255],[-0.08244419603719547,36.02037442604758],[-0.08422247559652493,36.021289697487575]]],[[[-0.07418062141690744,36.03861485736087],[-0.07913621935588981,36.035542065622536],[-0.07380138067790144,36.03279625130256],[-0.07418062141690744,36.03861485736087]]]]},"properties":{"speed":0.2038,"dir_deg":27.2,"type":"متوسط"}},{"type":"Feature","geometry":{"type":"MultiPolygon","coordinates":[[[[-0.04260490110586007,36.02117806533293],[-0.03741484762549251,36.03525156329438],[-0.03553838123063257,36.03455955616367],[-0.04072843471100013,36.02048605820222],[-0.04260490110586007,36.02117806533293]]],[[[-0.034746596601273355,36.03959672571618],[-0.03929131402035245,36.0359435704251],[-0.03366191483577263,36.033867549032955],[-0.034746596601273355,36.03959672571618]]]]},"properties":{"speed":0.1826,"dir_deg":20.2,"type":"متوسط"}},{"type":"Feature","geometry":{"type":"MultiPolygon","coordinates":[[[[-0.0009652335045996756,36.02109345090584],[0.0029556035692407173,36.035571953474836],[0.004886070578440069,36.03504917519832],[0.0009652335045996756,36.02057067262932],[-0.0009652335045996756,36.02109345090584]]],[[[0.0052277827651205245,36.04013673185957],[0.001025136560041366,36.03609473175135],[0.00681653758763942,36.034526396921805],[0.0052277827651205245,36.04013673185957]]]]},"properties":{"speed":0.1817,"dir_deg":15.2,"type":"متوسط"}},{"type":"Feature","geometry":{"type":"MultiPolygon","coordinates":[[[[0.04070688242180067,36.02111279619663],[0.044917898857590295,36.035509578496075],[0.04683746983084915,36.034948109637966],[0.04262645339505953,36.020551327338524],[0.04070688242180067,36.02111279619663]]],[[[0.04728135648948294,36.040027771500164],[0.042998327884331444,36.03607104735418],[0.048757040804108004,36.034386640779864],[0.04728135648948294,36.040027771500164]]]]},"properties":{"speed":0.1956,"dir_deg":16.3,"type":"متوسط"}},{"type":"Feature","geometry":{"type":"MultiPolygon","coordinates":[[[[0.08240715357157753,36.02120913795156],[0.08806329633124228,36.0351018716308],[0.08991566082180762,36.03434771926284],[0.08425951806214287,36.0204549855836],[0.08240715357157753,36.02120913795156]]],[[[0.09087485949641319,36.039355706673234],[0.08621093184067694,36.035856023998754],[0.09176802531237296,36.033593566894886],[0.09087485949641319,36.039355706673234]]]]},"properties":{"speed":0.1672,"dir_deg":22.2,"type":"متوسط"}},{"type":"Feature","geometry":{"type":"MultiPolygon","coordinates":[[[[-0.41679898714314595,36.063491205661016],[-0.40193090222787736,36.06547616181982],[-0.40166624140670387,36.063493750497784],[-0.41653432632197246,36.061508794338984],[-0.41679898714314595,36.063491205661016]]],[[[-0.3968425435122011,36.065146608211734],[-0.4021955630490509,36.067458573141856],[-0.4014015805855303,36.061511339175745],[-0.3968425435122011,36.065146608211734]]]]},"properties":{"speed":0.3383,"dir_deg":82.4,"type":"قوي"}},{"type":"Feature","geometry":{"type":"MultiPolygon","coordinates":[[[[-0.3752074832426819,36.06347823857213],[-0.36053390466070684,36.06659048721236],[-0.3601189381753431,36.0646340100681],[-0.3747925167573181,36.06152176142787],[-0.3752074832426819,36.06347823857213]]],[[[-0.3554352285573666,36.066649664853635],[-0.3609488711460706,36.06854696435662],[-0.3597039716899793,36.062677532923836],[-0.3554352285573666,36.066649664853635]]]]},"properties":{"speed":0.3296,"dir_deg":78.0,"type":"قوي"}},{"type":"Feature","geometry":{"type":"MultiPolygon","coordinates":[[[[-0.33360554573734846,36.06346223999884],[-0.3191719457546817,36.06754527704746],[-0.3186275408148664,36.065620797049775],[-0.33306114079753313,36.06153776000116],[-0.33360554573734846,36.06346223999884]]],[[[-0.3140885432905518,36.06794404939815],[-0.31971635069449705,36.06946975704515],[-0.31808313587505105,36.063696317052084],[-0.3140885432905518,36.06794404939815]]]]},"properties":{"speed":0.3134,"dir_deg":74.2,"type":"قوي"}},{"type":"Feature","geometry":{"type":"MultiPolygon","coordinates":[[[[-0.2921142527052938,36.06339423590019],[-0.27870071420241743,36.07010817549121],[-0.27780552225694827,36.068319703690825],[-0.2912190607598246,36.06160576409981],[-0.2921142527052938,36.06339423590019]]],[[[-0.2737819387287241,36.071451919454695],[-0.27959590614788665,36.07189664729159],[-0.27691033031147905,36.066531231890444],[-0.2737819387287241,36.071451919454695]]]]},"properties":{"speed":0.315,"dir_deg":63.4,"type":"قوي"}},{"type":"Feature","geometry":{"type":"MultiPolygon","coordinates":[[[[-0.25054207784059,36.06334032827796],[-0.23793715367117182,36.07147149588681],[-0.2368529979899918,36.06979083933089],[-0.24945792215940998,36.06165967172204],[-0.25054207784059,36.06334032827796]]],[[[-0.23319343444077575,36.0733415568118],[-0.23902130935235189,36.07315215244274],[-0.23576884230881173,36.068110182774966],[-0.23319343444077575,36.0733415568118]]]]},"properties":{"speed":0.3111,"dir_deg":57.2,"type":"قوي"}},{"type":"Feature","geometry":{"type":"MultiPolygon","coordinates":[[[[-0.208960219022063,36.06327910724916],[-0.197273610284684,36.07268246708591],[-0.1960198289731172,36.071124252587595],[-0.2077064377104962,36.06172089275084],[-0.208960219022063,36.06327910724916]]],[[[-0.1927511833831076,36.07503781311567],[-0.19852739159625074,36.07424068158423],[-0.19476604766155045,36.06956603808928],[-0.1927511833831076,36.07503781311567]]]]},"properties":{"speed":0.3104,"dir_deg":51.2,"type":"قوي"}},{"type":"Feature","geometry":{"type":"MultiPolygon","coordinates":[[[[-0.1673398030354128,36.06323952289759],[-0.15624695957160611,36.07333649392297],[-0.15490069676822132,36.071857448127794],[-0.165993540232028,36.06176047710241],[-0.1673398030354128,36.06323952289759]]],[[[-0.15187621368197815,36.07596262803385],[-0.15759322237499088,36.074815539718145],[-0.15355443396483656,36.07037840233262],[-0.15187621368197815,36.07596262803385]]]]},"properties":{"speed":0.2951,"dir_deg":47.7,"type":"قوي"}},{"type":"Feature","geometry":{"type":"MultiPolygon","coordinates":[[[[-0.1257189068857265,36.06319510638729],[-0.11529231107633725,36.07397870967319],[-0.1138544973048842,36.07258849689861],[-0.12428109311427347,36.06180489361271],[-0.1257189068857265,36.06319510638729]]],[[[-0.11109787225414763,36.07687813771453],[-0.11673012484779029,36.07536892244778],[-0.11241668353343116,36.07119828412402],[-0.11109787225414763,36.07687813771453]]]]},"properties":{"speed":0.2718,"dir_deg":44.0,"type":"قوي"}},{"type":"Feature","geometry":{"type":"MultiPolygon","coordinates":[[[[-0.08407999445134115,36.0631652073989],[-0.074101883467799,36.07436508691612],[-0.0726085661988371,36.07303467211831],[-0.08258667718237925,36.0618347926011],[-0.08407999445134115,36.0631652073989]]],[[[-0.070029187838804,36.07743317268962],[-0.0755952007367609,36.07569550171392],[-0.0711152489298752,36.071704257320505],[-0.070029187838804,36.07743317268962]]]]},"properties":{"speed":0.2522,"dir_deg":41.7,"type":"قوي"}},{"type":"Feature","geometry":{"type":"MultiPolygon","coordinates":[[[[-0.04241374043546536,36.06316474253614],[-0.032442602393418195,36.074370830441666],[-0.03094845733934768,36.07304134536939],[-0.04091959538139484,36.06183525746386],[-0.04241374043546536,36.06316474253614]]],[[[-0.028371817185700546,36.077441450540704],[-0.03393674744748871,36.075700315513934],[-0.02945431228527717,36.07171186029712],[-0.028371817185700546,36.077441450540704]]]]},"properties":{"speed":0.2421,"dir_deg":41.7,"type":"قوي"}},{"type":"Feature","geometry":{"type":"MultiPolygon","coordinates":[[[[-0.0007413361790182853,36.06317113386867],[0.009325671851060858,36.07429117655395],[0.010808344209097428,36.072948908816606],[0.0007413361790182853,36.06182886613133],[-0.0007413361790182853,36.06317113386867]]],[[[0.013422677373438859,36.07732672358036],[0.007842999493024288,36.07563344429129],[0.012291016567133998,36.07160664107926],[0.013422677373438859,36.07732672358036]]]]},"properties":{"speed":0.2376,"dir_deg":42.2,"type":"قوي"}},{"type":"Feature","geometry":{"type":"MultiPolygon","coordinates":[[[[0.04088038804318213,36.063117870515164],[0.05014844577060094,36.07491206849388],[0.05172100550109688,36.07367632746355],[0.04245294777367807,36.061882129484836],[0.04088038804318213,36.063117870515164]]],[[[0.05402407821165518,36.07822559730496],[0.048575886040104994,36.0761478095242],[0.05329356523159282,36.07244058643323],[0.05402407821165518,36.07822559730496]]]]},"properties":{"speed":0.2253,"dir_deg":38.2,"type":"متوسط"}},{"type":"Feature","geometry":{"type":"MultiPolygon","coordinates":[[[[0.08243174432238731,36.062932588461585],[0.08892057124612193,36.07645646087868],[0.0907237542350677,36.07559128395551],[0.08423492731133309,36.062067411538415],[0.08243174432238731,36.062932588461585]]],[[[0.09198510504850636,36.08053182988946],[0.08711738825717616,36.077321637801845],[0.09252693722401348,36.07472610703235],[0.09198510504850636,36.08053182988946]]]]},"properties":{"speed":0.2072,"dir_deg":25.6,"type":"متوسط"}},{"type":"Feature","geometry":{"type":"MultiPolygon","coordinates":[[[[0.12409522842385383,36.06292589716482],[0.1304836858960881,36.07649747080701],[0.13229322904838042,36.07564567647738],[0.12590477157614616,36.06207410283518],[0.12409522842385383,36.06292589716482]]],[[[0.13351794329631234,36.08059543152292],[0.12867414274379577,36.07734926513664],[0.13410277220067277,36.07479388214775],[0.13351794329631234,36.08059543152292]]]]},"properties":{"speed":0.1338,"dir_deg":25.2,"type":"متوسط"}},{"type":"Feature","geometry":{"type":"MultiPolygon","coordinates":[[[[-0.41686583710449454,36.10514790107837],[-0.402166394415296,36.1081356066574],[-0.40176803367142533,36.10617568096551],[-0.41646747636062387,36.103187975386476],[-0.41686583710449454,36.10514790107837]]],[[[-0.3970673998136278,36.10815154567113],[-0.40256475515916673,36.11009553234929],[-0.4013696729275546,36.104215755273614],[-0.3970673998136278,36.10815154567113]]]]},"properties":{"speed":0.2243,"dir_deg":78.5,"type":"متوسط"}},{"type":"Feature","geometry":{"type":"MultiPolygon","coordinates":[[[[-0.375270637283667,36.10513061962348],[-0.36083041641779706,36.109190178878485],[-0.36028914185046307,36.10726481609637],[-0.374729362716333,36.10320525684136],[-0.375270637283667,36.10513061962348]]],[[[-0.3557463721788401,36.10958068390576],[-0.361371690985131,36.1111155416606],[-0.35974786728312913,36.10533945331425],[-0.3557463721788401,36.10958068390576]]]]},"properties":{"speed":0.2292,"dir_deg":74.3,"type":"قوي"}},{"type":"Feature","geometry":{"type":"MultiPolygon","coordinates":[[[[-0.33368341733909734,36.105104660253275],[-0.31963258702627945,36.11035577132812],[-0.31893243888296635,36.10848232728642],[-0.33298326919578425,36.10323121621157],[-0.33368341733909734,36.105104660253275]]],[[[-0.3145989028503503,36.11116941966555],[-0.3203327351695926,36.11222921536984],[-0.3182322907396532,36.106608883244704],[-0.3145989028503503,36.11116941966555]]]]},"properties":{"speed":0.241,"dir_deg":69.5,"type":"قوي"}},{"type":"Feature","geometry":{"type":"MultiPolygon","coordinates":[[[[-0.29212898239852714,36.10505464843231],[-0.27882832940019125,36.11198953342183],[-0.2779036780682554,36.110216113022055],[-0.29120433106659127,36.103281228032536],[-0.29212898239852714,36.10505464843231]]],[[[-0.27393245273477806,36.11341445155178],[-0.2797529807321272,36.113762953821606],[-0.27697902673631947,36.108442692622276],[-0.27393245273477806,36.11341445155178]]]]},"properties":{"speed":0.2704,"dir_deg":62.5,"type":"قوي"}},{"type":"Feature","geometry":{"type":"MultiPolygon","coordinates":[[[[-0.2505363521506729,36.1050119325277],[-0.23787643772144274,36.113057214787794],[-0.23680373342009697,36.11136922619723],[-0.24946364784932712,36.10332394393714],[-0.2505363521506729,36.1050119325277]]],[[[-0.23312011409435981,36.11489498124588],[-0.2389491420227885,36.11474520337836],[-0.2357310291187512,36.109681237606665],[-0.23312011409435981,36.11489498124588]]]]},"properties":{"speed":0.2953,"dir_deg":57.6,"type":"قوي"}},{"type":"Feature","geometry":{"type":"MultiPolygon","coordinates":[[[[-0.20896629707905912,36.10494211560786],[-0.1973536364474679,36.11443664629955],[-0.19608769902190887,36.11288829154867],[-0.2077003596535001,36.10339376085698],[-0.20896629707905912,36.10494211560786]]],[[[-0.19284978085749133,36.11682731248801],[-0.1986195738730269,36.11598500105043],[-0.19482176159634987,36.11133993679779],[-0.19284978085749133,36.11682731248801]]]]},"properties":{"speed":0.3178,"dir_deg":50.7,"type":"قوي"}},{"type":"Feature","geometry":{"type":"MultiPolygon","coordinates":[[[[-0.16733291383075816,36.104913673664655],[-0.15614688234727753,36.11490730662022],[-0.154814397953202,36.11341583575575],[-0.16600042943668264,36.10342220280019],[-0.16733291383075816,36.104913673664655]]],[[[-0.15175196298907956,36.11749278217318],[-0.15747936674135302,36.11639877748468],[-0.15348191355912652,36.11192436489129],[-0.15175196298907956,36.11749278217318]]]]},"properties":{"speed":0.3061,"dir_deg":48.2,"type":"قوي"}},{"type":"Feature","geometry":{"type":"MultiPolygon","coordinates":[[[[-0.1257004733216727,36.104881616819476],[-0.11499529451580572,36.11538871664457],[-0.11359434787246032,36.11396135947046],[-0.1242995266783273,36.10345425964537],[-0.1257004733216727,36.104881616819476]]],[[[-0.11072642825884403,36.11817740466588],[-0.11639624115915112,36.11681607381868],[-0.11219340122911492,36.11253400229634],[-0.11072642825884403,36.11817740466588]]]]},"properties":{"speed":0.2969,"dir_deg":45.5,"type":"قوي"}},{"type":"Feature","geometry":{"type":"MultiPolygon","coordinates":[[[[-0.08398287994979475,36.104928262123515],[-0.07257802158336524,36.11467142411753],[-0.07127893331749613,36.113150776335345],[-0.08268379168392564,36.10340761434133],[-0.08398287994979475,36.104928262123515]]],[[[-0.06812685799495417,36.11715882089111],[-0.07387710984923435,36.116192071899725],[-0.06997984505162702,36.11163012855315],[-0.06812685799495417,36.11715882089111]]]]},"properties":{"speed":0.2981,"dir_deg":49.5,"type":"قوي"}},{"type":"Feature","geometry":{"type":"MultiPolygon","coordinates":[[[[-0.04225872535977877,36.10497383399138],[-0.030170288975445835,36.11385469576161],[-0.02898617407274848,36.11224290424369],[-0.041074610457081426,36.103362042473464],[-0.04225872535977877,36.10497383399138]]],[[[-0.02554875272931951,36.11600908725939],[-0.031354403878143186,36.11546648727952],[-0.027802059170051126,36.110631112725784],[-0.02554875272931951,36.11600908725939]]]]},"properties":{"speed":0.3195,"dir_deg":53.7,"type":"قوي"}},{"type":"Feature","geometry":{"type":"MultiPolygon","coordinates":[[[[-0.0005931163836638903,36.10497305496646],[0.011483634626919648,36.11386980072142],[0.012669867394247428,36.112259567253346],[0.0005931163836638903,36.103362821498386],[-0.0005931163836638903,36.10497305496646]]],[[[0.01610233468077805,36.1160302659057],[0.010297401859591868,36.115480034189495],[0.013856100161575208,36.11064933378527],[0.01610233468077805,36.1160302659057]]]]},"properties":{"speed":0.3425,"dir_deg":53.6,"type":"قوي"}},{"type":"Feature","geometry":{"type":"MultiPolygon","coordinates":[[[[0.041039829667054536,36.10494708765272],[0.05272707097150994,36.11434966127335],[0.05398074745426107,36.11279136243276],[0.04229350614980566,36.103388788812126],[0.041039829667054536,36.10494708765272]]],[[[0.05724965631437064,36.11670470305993],[0.051473394488758824,36.115907960113944],[0.05523442393701219,36.11123306359217],[0.05724965631437064,36.11670470305993]]]]},"properties":{"speed":0.3521,"dir_deg":51.2,"type":"قوي"}},{"type":"Feature","geometry":{"type":"MultiPolygon","coordinates":[[[[0.08260983131367398,36.10485825789306],[0.09296462622330816,36.11571082544086],[0.09441163522968059,36.114330186119574],[0.08405684032004641,36.10347761857178],[0.08260983131367398,36.10485825789306]]],[[[0.09713972902970576,36.11863802829615],[0.09151761721693573,36.11709146476214],[0.09585864423605302,36.11294954679829],[0.09713972902970576,36.11863802829615]]]]},"properties":{"speed":0.328,"dir_deg":43.7,"type":"قوي"}},{"type":"Feature","geometry":{"type":"MultiPolygon","coordinates":[[[[0.12409434360367783,36.10459195060465],[0.13045452918706812,36.118176796549484],[0.13226584197971247,36.11732877180503],[0.12590565639632217,36.10374392586019],[0.12409434360367783,36.10459195060465]]],[[[0.1334802474445204,36.12228106615886],[0.12864321639442378,36.119024821293934],[0.13407715477235682,36.11648074706058],[0.1334802474445204,36.12228106615886]]]]},"properties":{"speed":0.2175,"dir_deg":25.1,"type":"متوسط"}},{"type":"Feature","geometry":{"type":"MultiPolygon","coordinates":[[[[0.16566669584035476,36.10416098031012],[0.16556232700582643,36.1191606172106],[0.1675622785925577,36.11917453305521],[0.16766664742708604,36.104174896154724],[0.16566669584035476,36.10416098031012]]],[[[0.16652751318768264,36.124167454099734],[0.16356237541909516,36.119146701366],[0.16956223017928898,36.11918844889981],[0.16652751318768264,36.124167454099734]]]]},"properties":{"speed":0.199,"dir_deg":359.6,"type":"متوسط"}},{"type":"Feature","geometry":{"type":"MultiPolygon","coordinates":[[[[-0.4167740023859611,36.1468262835289],[-0.4018606759660594,36.14843646832993],[-0.40164598465925566,36.146448024807285],[-0.41655931107915734,36.144837840006254],[-0.4167740023859611,36.1468262835289]]],[[[-0.39678222150602366,36.14797897483562],[-0.4020753672728632,36.15042491185259],[-0.40143129335245187,36.14445958128463],[-0.39678222150602366,36.14797897483562]]]]},"properties":{"speed":0.1368,"dir_deg":83.8,"type":"متوسط"}},{"type":"Feature","geometry":{"type":"MultiPolygon","coordinates":[[[[-0.3751899680130654,36.146813852047636],[-0.360463113812229,36.149663372243616],[-0.36008317778609816,36.1476997916835],[-0.3748100319869346,36.14485027148752],[-0.3751899680130654,36.146813852047636]]],[[[-0.3553641943988848,36.14963142202889],[-0.3608430498383599,36.151626952803724],[-0.35970324175996726,36.14573621112339],[-0.3553641943988848,36.14963142202889]]]]},"properties":{"speed":0.1498,"dir_deg":79.0,"type":"متوسط"}},{"type":"Feature","geometry":{"type":"MultiPolygon","coordinates":[[[[-0.33362204482678254,36.14678948090758],[-0.3192607577268192,36.1511200042977],[-0.31868335460813574,36.1492051660177],[-0.33304464170809905,36.14487464262758],[-0.33362204482678254,36.14678948090758]]],[[[-0.3141849604674897,36.15160609295441],[-0.31983816084550265,36.153034842577696],[-0.3181059514894523,36.14729032773771],[-0.3141849604674897,36.15160609295441]]]]},"properties":{"speed":0.1717,"dir_deg":73.2,"type":"متوسط"}},{"type":"Feature","geometry":{"type":"MultiPolygon","coordinates":[[[[-0.2920816173788161,36.14674190112816],[-0.27843402697013714,36.15296631082201],[-0.27760410567762334,36.15114663210085],[-0.2912516960863023,36.144922222407],[-0.2920816173788161,36.14674190112816]]],[[[-0.27346986952098723,36.154131274692716],[-0.2792639482626509,36.154785989543164],[-0.2767741843851096,36.14932695337969],[-0.27346986952098723,36.154131274692716]]]]},"properties":{"speed":0.2005,"dir_deg":65.5,"type":"متوسط"}},{"type":"Feature","geometry":{"type":"MultiPolygon","coordinates":[[[[-0.25054638234370447,36.146669597638144],[-0.2379833442851851,36.15486533279371],[-0.23689057959777618,36.15319026105258],[-0.24945361765629553,36.14499452589701],[-0.25054638234370447,36.146669597638144]]],[[[-0.23324928258864086,36.156759708641665],[-0.23907610897259401,36.15654040453485],[-0.23579781491036728,36.15151518931144],[-0.23324928258864086,36.156759708641665]]]]},"properties":{"speed":0.2409,"dir_deg":56.9,"type":"قوي"}},{"type":"Feature","geometry":{"type":"MultiPolygon","coordinates":[[[[-0.2089587070531325,36.14661238317446],[-0.19725388594998097,36.15599306347725],[-0.1960031285762752,36.15443242066349],[-0.2077079496794267,36.1450517403607],[-0.2089587070531325,36.14661238317446]]],[[[-0.19272690022874422,36.15833963550464],[-0.19850464332368678,36.157553706291],[-0.19475237120256939,36.15287177784974],[-0.19272690022874422,36.15833963550464]]]]},"properties":{"speed":0.2829,"dir_deg":51.3,"type":"قوي"}},{"type":"Feature","geometry":{"type":"MultiPolygon","coordinates":[[[[-0.1673232173924493,36.14658634796439],[-0.15600892444032902,36.15643453434532],[-0.15469583292287123,36.154925961951704],[-0.1660101258749915,36.14507777557077],[-0.1673232173924493,36.14658634796439]]],[[[-0.15158094769756006,36.158962976942156],[-0.1573220159577868,36.15794310673894],[-0.15338274140541344,36.153417389558086],[-0.15158094769756006,36.158962976942156]]]]},"properties":{"speed":0.3074,"dir_deg":49.0,"type":"قوي"}},{"type":"Feature","geometry":{"type":"MultiPolygon","coordinates":[[[[-0.12565849230985113,36.14658464922287],[-0.11436968048043096,36.15646203387064],[-0.1130526958607287,36.15495685896005],[-0.12434150769014887,36.14507947431228],[-0.12565849230985113,36.14658464922287]]],[[[-0.10994825089410644,36.1590019079646],[-0.11568666510013323,36.15796720878123],[-0.11173571124102644,36.15345168404946],[-0.10994825089410644,36.1590019079646]]]]},"properties":{"speed":0.3145,"dir_deg":48.8,"type":"قوي"}},{"type":"Feature","geometry":{"type":"MultiPolygon","coordinates":[[[[-0.08399017929831845,36.14658608871727],[-0.07267977505289884,36.156438740939144],[-0.07136608808998234,36.15493068703976],[-0.08267649233540195,36.145078034817885],[-0.08399017929831845,36.14658608871727]]],[[[-0.06825279682296738,36.15896893139674],[-0.07399346201581534,36.15794679483854],[-0.07005240112706583,36.153422633140366],[-0.06825279682296738,36.15896893139674]]]]},"properties":{"speed":0.3101,"dir_deg":48.9,"type":"قوي"}},{"type":"Feature","geometry":{"type":"MultiPolygon","coordinates":[[[[-0.04231297918820716,36.14659513563663],[-0.030866871152398157,36.156289804833285],[-0.02957424859284404,36.15476365709518],[-0.04102035662865304,36.145068987898526],[-0.04231297918820716,36.14659513563663]]],[[[-0.02640519052735143,36.15875828736312],[-0.03215949371195228,36.1578159525714],[-0.02828162603328992,36.15323750935707],[-0.02640519052735143,36.15875828736312]]]]},"properties":{"speed":0.3068,"dir_deg":49.7,"type":"قوي"}},{"type":"Feature","geometry":{"type":"MultiPolygon","coordinates":[[[[-0.0006830918009481916,36.14656239428875],[0.01027189601658977,36.15680877130297],[0.011638079618486154,36.155348106260625],[0.0006830918009481916,36.145101729246406],[-0.0006830918009481916,36.14656239428875]]],[[[0.01460665042338395,36.15949389778654],[0.008905712414693387,36.15826943634531],[0.013004263220382537,36.15388744121829],[0.01460665042338395,36.15949389778654]]]]},"properties":{"speed":0.3365,"dir_deg":46.9,"type":"قوي"}},{"type":"Feature","geometry":{"type":"MultiPolygon","coordinates":[[[[0.04092550100293668,36.14650338256884],[0.050995313021802484,36.15762088615124],[0.05247764683278932,36.15627824454872],[0.04240783481392352,36.14516074096632],[0.04092550100293668,36.14650338256884]]],[[[0.0550930839335845,36.16065539987745],[0.04951297921081564,36.158963527753755],[0.05395998064377616,36.15493560294621],[0.0550930839335845,36.16065539987745]]]]},"properties":{"speed":0.3817,"dir_deg":42.2,"type":"قوي"}},{"type":"Feature","geometry":{"type":"MultiPolygon","coordinates":[[[[0.08253498507140399,36.14643425450021],[0.0915678760608181,36.15840951568205],[0.09316457755173053,36.157205130216795],[0.08413168656231641,36.14522986903495],[0.08253498507140399,36.14643425450021]]],[[[0.09537719046941236,36.1617990766767],[0.08997117456990568,36.15961390114731],[0.09476127904264296,36.15600074475154],[0.09537719046941236,36.1617990766767]]]]},"properties":{"speed":0.3906,"dir_deg":37.0,"type":"قوي"}},{"type":"Feature","geometry":{"type":"MultiPolygon","coordinates":[[[[0.12415411242328482,36.146365423003104],[0.13215453095613414,36.15905373665383],[0.13384630610956447,36.15798701418278],[0.12584588757671517,36.14529870053205],[0.12415411242328482,36.146365423003104]]],[[[0.13566722471046572,36.16274981330188],[0.13046275580270378,36.160120459124876],[0.13553808126299483,36.156920291711735],[0.13566722471046572,36.16274981330188]]]]},"properties":{"speed":0.339,"dir_deg":32.2,"type":"قوي"}},{"type":"Feature","geometry":{"type":"MultiPolygon","coordinates":[[[[0.1656895185861583,36.146044598638824],[0.16887757165488632,36.16070189435226],[0.17083187775001052,36.160276820609766],[0.1676438246812825,36.14561952489633],[0.1656895185861583,36.146044598638824]]],[[[0.17091740905869107,36.16537512271882],[0.16692326555976214,36.161126968094756],[0.1727861838451347,36.15985174686727],[0.17091740905869107,36.16537512271882]]]]},"properties":{"speed":0.2619,"dir_deg":12.3,"type":"قوي"}},{"type":"Feature","geometry":{"type":"MultiPolygon","coordinates":[[[[0.20736290879401115,36.14559063713388],[0.20374153928847638,36.16014693071791],[0.2056823784330133,36.16062977998531],[0.20930374793854806,36.14607348640128],[0.20736290879401115,36.14559063713388]]],[[[0.20350483569223324,36.165240453212945],[0.20180070014393944,36.1596640814505],[0.20762321757755023,36.16111262925271],[0.20350483569223324,36.165240453212945]]]]},"properties":{"speed":0.2792,"dir_deg":346.0,"type":"قوي"}},{"type":"Feature","geometry":{"type":"MultiPolygon","coordinates":[[[[0.2491229581276705,36.14535164782713],[0.24191674902088808,36.15850727591207],[0.2436708327655471,36.159468103792975],[0.2508770418723295,36.14631247570803],[0.2491229581276705,36.14535164782713]]],[[[0.24039172119095678,36.16337289921417],[0.2401626652762291,36.15754644803117],[0.2454249165102061,36.16042893167388],[0.24039172119095678,36.16337289921417]]]]},"properties":{"speed":0.1997,"dir_deg":331.3,"type":"متوسط"}},{"type":"Feature","geometry":{"type":"MultiPolygon","coordinates":[[[[-0.4166672646614524,36.188499999815214],[-0.4016672674332842,36.18850911874861],[-0.40166605157549784,36.186509119118185],[-0.41666604880366603,36.186500000184786],[-0.4166672646614524,36.188499999815214]]],[[[-0.3966666604283349,36.18751215857786],[-0.4016684832910705,36.19050911837903],[-0.4016648357177115,36.184509119487764],[-0.3966666604283349,36.18751215857786]]]]},"properties":{"speed":0.1018,"dir_deg":90.0,"type":"ضعيف"}},{"type":"Feature","geometry":{"type":"MultiPolygon","coordinates":[[[[-0.375083177420029,36.188496534754435],[-0.36013515610350033,36.18974419605487],[-0.35996880126344233,36.187751126546],[-0.374916822579971,36.186503465245565],[-0.375083177420029,36.188496534754435]]],[[[-0.35506930491129507,36.18916354840058],[-0.3603015109435584,36.19173726556374],[-0.35980244642338427,36.18575805703713],[-0.35506930491129507,36.18916354840058]]]]},"properties":{"speed":0.1226,"dir_deg":85.2,"type":"متوسط"}},{"type":"Feature","geometry":{"type":"MultiPolygon","coordinates":[[[[-0.33350721516105536,36.18848476827965],[-0.31873569096625926,36.19109284668387],[-0.31838794717903013,36.18912331012457],[-0.33315947137382623,36.18651523172035],[-0.33350721516105536,36.18848476827965]]],[[[-0.3136379776743793,36.19097743787229],[-0.31908343475348844,36.19306238324318],[-0.31804020339180095,36.187153773565264],[-0.3136379776743793,36.19097743787229]]]]},"properties":{"speed":0.1453,"dir_deg":80.0,"type":"متوسط"}},{"type":"Feature","geometry":{"type":"MultiPolygon","coordinates":[[[[-0.2919584872448368,36.188456470047676],[-0.2776114365296774,36.19283392773184],[-0.2770277755051222,36.19092098763649],[-0.2913748262202816,36.186543529952324],[-0.2919584872448368,36.188456470047676]]],[[[-0.27253725577901333,36.19333661024555],[-0.27819509755423255,36.1947468678272],[-0.27644411448056705,36.18900804754113],[-0.27253725577901333,36.19333661024555]]]]},"properties":{"speed":0.1709,"dir_deg":73.0,"type":"متوسط"}},{"type":"Feature","geometry":{"type":"MultiPolygon","coordinates":[[[[-0.2504630385758648,36.18838633812806],[-0.23716796665489565,36.19533191676604],[-0.236241889503166,36.19355924050991],[-0.24953696142413517,36.18661366187194],[-0.2504630385758648,36.18838633812806]]],[[[-0.23227323743870776,36.1967607715173],[-0.23809404380662527,36.19710459302217],[-0.23531581235143637,36.19178656425378],[-0.23227323743870776,36.1967607715173]]]]},"properties":{"speed":0.2089,"dir_deg":62.4,"type":"متوسط"}},{"type":"Feature","geometry":{"type":"MultiPolygon","coordinates":[[[[-0.20892541421568844,36.188305874895335],[-0.19683729078567622,36.19718716263647],[-0.19565311908685853,36.1955754128458],[-0.20774124251687076,36.186694125104665],[-0.20892541421568844,36.188305874895335]]],[[[-0.19221583045959664,36.19934171698818],[-0.19802146248449387,36.19879891242714],[-0.19446894738804088,36.19396366305513],[-0.19221583045959664,36.19934171698818]]]]},"properties":{"speed":0.2562,"dir_deg":53.7,"type":"قوي"}},{"type":"Feature","geometry":{"type":"MultiPolygon","coordinates":[[[[-0.16732500957800872,36.18825272249276],[-0.15603417218657473,36.198127791657086],[-0.15471749629799808,36.19662234667156],[-0.16600833368943207,36.18674727750724],[-0.16732500957800872,36.18825272249276]]],[[[-0.15161222177847505,36.20066675888577],[-0.15735084807515134,36.19963323664261],[-0.15340082040942146,36.195116901686035],[-0.15161222177847505,36.20066675888577]]]]},"properties":{"speed":0.2916,"dir_deg":48.8,"type":"قوي"}},{"type":"Feature","geometry":{"type":"MultiPolygon","coordinates":[[[[-0.12568210281264494,36.18823125628406],[-0.11471325855169759,36.198462798473734],[-0.1133490529264077,36.19700028590561],[-0.12431789718735506,36.18676874371594],[-0.12568210281264494,36.18823125628406]]],[[[-0.11037487431873687,36.2011420562529],[-0.11607746417698749,36.19992531104186],[-0.11198484730111781,36.195537773337485],[-0.11037487431873687,36.2011420562529]]]]},"properties":{"speed":0.3052,"dir_deg":47.0,"type":"قوي"}},{"type":"Feature","geometry":{"type":"MultiPolygon","coordinates":[[[[-0.08402295999187881,36.1882241674511],[-0.07316044822540757,36.19856853007638],[-0.07178119987537035,36.197120195174186],[-0.08264371164184159,36.1867758325489],[-0.08402295999187881,36.1882241674511]]],[[[-0.06884998679489854,36.201292483500374],[-0.0745396965754448,36.20001686497858],[-0.07040195152533311,36.195671860271986],[-0.06884998679489854,36.201292483500374]]]]},"properties":{"speed":0.3012,"dir_deg":46.4,"type":"قوي"}},{"type":"Feature","geometry":{"type":"MultiPolygon","coordinates":[[[[-0.042368025714691386,36.18821280939079],[-0.03167588485286296,36.19873317648471],[-0.030273169240340396,36.19730755770313],[-0.04096531010216881,36.18678719060921],[-0.042368025714691386,36.18821280939079]]],[[[-0.02741048009265887,36.20152715612522],[-0.03307860046538553,36.20015879526628],[-0.02887045362781783,36.19588193892155],[-0.02741048009265887,36.20152715612522]]]]},"properties":{"speed":0.2907,"dir_deg":45.5,"type":"قوي"}},{"type":"Feature","geometry":{"type":"MultiPolygon","coordinates":[[[[-0.0007724267929485153,36.18813510381005],[0.00875413035774533,36.199721505704275],[0.010298983943642362,36.19845129808418],[0.0007724267929485153,36.18686489618995],[-0.0007724267929485153,36.18813510381005]]],[[[0.012702076200925129,36.20294853585897],[0.007209276771848299,36.20099171332436],[0.011843837529539393,36.19718109046409],[0.012702076200925129,36.20294853585897]]]]},"properties":{"speed":0.3131,"dir_deg":39.4,"type":"قوي"}},{"type":"Feature","geometry":{"type":"MultiPolygon","coordinates":[[[[0.04082190060531435,36.18803513381839],[0.048848907881190666,36.20070664336512],[0.05053844248742217,36.199636375728346],[0.04251143521154585,36.18696486618161],[0.04082190060531435,36.18803513381839]]],[[[0.05236934427626519,36.20439534606231],[0.04715937327495916,36.20177691100191],[0.05222797709365368,36.19856610809156],[0.05236934427626519,36.20439534606231]]]]},"properties":{"speed":0.3657,"dir_deg":32.4,"type":"قوي"}},{"type":"Feature","geometry":{"type":"MultiPolygon","coordinates":[[[[0.08243127627845549,36.18793161161844],[0.08890545055506745,36.20146250469451],[0.09070956963187686,36.200599281457635],[0.0842353953552649,36.18706838838156],[0.08243127627845549,36.18793161161844]]],[[[0.09196556818567612,36.205541190768095],[0.08710133147825802,36.202325727931395],[0.09251368870868629,36.19973605822075],[0.09196556818567612,36.205541190768095]]]]},"properties":{"speed":0.3933,"dir_deg":25.6,"type":"قوي"}},{"type":"Feature","geometry":{"type":"MultiPolygon","coordinates":[[[[0.12405821222129593,36.18783620794144],[0.1291013313428138,36.201963024621996],[0.13098490690022194,36.20129060873912],[0.12594178777870407,36.18716379205856],[0.12405821222129593,36.18783620794144]]],[[[0.13172415882869049,36.20633575557408],[0.12721775578540565,36.202635440504864],[0.13286848245763008,36.200618192856254],[0.13172415882869049,36.20633575557408]]]]},"properties":{"speed":0.3379,"dir_deg":19.6,"type":"قوي"}},{"type":"Feature","geometry":{"type":"MultiPolygon","coordinates":[[[[0.1656900650972439,36.187715034120345],[0.16891557690237816,36.20236413216749],[0.17086878997533114,36.2019340639268],[0.1676432781701969,36.187284965879655],[0.1656900650972439,36.187715034120345]]],[[[0.17096735404056607,36.20703213072953],[0.16696236382942517,36.20279420040817],[0.17282200304828413,36.20150399568612],[0.17096735404056607,36.20703213072953]]]]},"properties":{"speed":0.3222,"dir_deg":12.4,"type":"قوي"}},{"type":"Feature","geometry":{"type":"MultiPolygon","coordinates":[[[[0.2073466578668901,36.18766273083799],[0.20978762043681112,36.20246278832884],[0.21176096143559012,36.20213732665285],[0.2093199988656691,36.18733726916201],[0.2073466578668901,36.18766273083799]]],[[[0.2115879451261743,36.20723340998779],[0.2078142794380321,36.20278825000483],[0.21373430243436914,36.20181186497686],[0.2115879451261743,36.20723340998779]]]]},"properties":{"speed":0.2975,"dir_deg":9.4,"type":"قوي"}},{"type":"Feature","geometry":{"type":"MultiPolygon","coordinates":[[[[0.24900080619856058,36.187540146571024],[0.2496030047639332,36.202528053592616],[0.25160139236681206,36.20244776045057],[0.2509991938014394,36.187459853428976],[0.24900080619856058,36.187540146571024]]],[[[0.2508029314204968,36.20748387602879],[0.2476046171610544,36.202608346734664],[0.25359977996969085,36.20236746730852],[0.2508029314204968,36.20748387602879]]]]},"properties":{"speed":0.235,"dir_deg":2.3,"type":"قوي"}},{"type":"Feature","geometry":{"type":"MultiPolygon","coordinates":[[[[0.29067287112867995,36.187388688843676],[0.2890032037838061,36.202295472901866],[0.2909907749915646,36.202518095214515],[0.29266044233643845,36.187611311156324],[0.29067287112867995,36.187388688843676]]],[[[0.2894404336060607,36.207375712077585],[0.2870156325760477,36.20207285058922],[0.29297834619932306,36.20274071752716],[0.2894404336060607,36.207375712077585]]]]},"properties":{"speed":0.1938,"dir_deg":353.6,"type":"متوسط"}},{"type":"Feature","geometry":{"type":"MultiPolygon","coordinates":[[[[-0.4167097578962061,36.23016700894548],[-0.40172369720032064,36.23081352640018],[-0.4016374948730268,36.22881538497407],[-0.4166235555689123,36.228168867519365],[-0.4167097578962061,36.23016700894548]]],[[[-0.3966852424713786,36.23002996150536],[-0.4018098995276145,36.232811667826304],[-0.40155129254573296,36.22681724354795],[-0.3966852424713786,36.23002996150536]]]]},"properties":{"speed":0.1077,"dir_deg":87.5,"type":"ضعيف"}},{"type":"Feature","geometry":{"type":"MultiPolygon","coordinates":[[[[-0.37510304088559837,36.23016261535385],[-0.36018288406415716,36.23170822863782],[-0.3599768022929604,36.22971887439497],[-0.37489695911440163,36.228173261110996],[-0.37510304088559837,36.23016261535385]]],[[[-0.3551064575714117,36.231228755944386],[-0.36038896583535385,36.23369758288068],[-0.35977072052176373,36.22772952015211],[-0.3551064575714117,36.231228755944386]]]]},"properties":{"speed":0.1146,"dir_deg":84.1,"type":"متوسط"}},{"type":"Feature","geometry":{"type":"MultiPolygon","coordinates":[[[[-0.3334147208120327,36.230164621579945],[-0.3184644705991385,36.231385284748825],[-0.3183017155099547,36.22939191805378],[-0.3332519657228489,36.2281712548849],[-0.3334147208120327,36.230164621579945]]],[[[-0.31339967631691523,36.23079548912426],[-0.31862722568832236,36.23337865144388],[-0.31813896042077083,36.227398551358725],[-0.31339967631691523,36.23079548912426]]]]},"properties":{"speed":0.129,"dir_deg":85.3,"type":"متوسط"}},{"type":"Feature","geometry":{"type":"MultiPolygon","coordinates":[[[[-0.29187127732296486,36.23014677959545],[-0.27718865687748717,36.233216088451535],[-0.27677941569667586,36.23125840572548],[-0.29146203614215355,36.22818909686939],[-0.29187127732296486,36.23014677959545]]],[[[-0.2720898294719223,36.23326035004054],[-0.2775978980582985,36.2351737711776],[-0.27637017451586454,36.22930072299941],[-0.2720898294719223,36.23326035004054]]]]},"properties":{"speed":0.1545,"dir_deg":78.2,"type":"متوسط"}},{"type":"Feature","geometry":{"type":"MultiPolygon","coordinates":[[[[-0.25032670761991127,36.23011306369028],[-0.2361498257520363,36.23501367798895],[-0.23549641051221376,36.23312342707323],[-0.24967329238008873,36.22822281277456],[-0.25032670761991127,36.23011306369028]]],[[[-0.23109749084283338,36.235702090630646],[-0.23680324099185882,36.23690392890467],[-0.23484299527239125,36.23123317615752],[-0.23109749084283338,36.235702090630646]]]]},"properties":{"speed":0.1893,"dir_deg":70.9,"type":"متوسط"}},{"type":"Feature","geometry":{"type":"MultiPolygon","coordinates":[[[[-0.20883060586025934,36.23003552978032],[-0.19581673264181376,36.23749469219001],[-0.1948221776538543,36.23575950909422],[-0.20783605087229987,36.22830034668453],[-0.20883060586025934,36.23003552978032]]],[[[-0.19098149740835219,36.23911348811202],[-0.19681128762977326,36.23922987528581],[-0.1938276226658948,36.234024325998426],[-0.19098149740835219,36.23911348811202]]]]},"properties":{"speed":0.2335,"dir_deg":60.2,"type":"قوي"}},{"type":"Feature","geometry":{"type":"MultiPolygon","coordinates":[[[[-0.1672643783849787,36.22996965304425],[-0.15523865620759766,36.23893525431313],[-0.15404324270508105,36.23733182468947],[-0.1660689648824621,36.22836622342059],[-0.1672643783849787,36.22996965304425]]],[[[-0.15063237539721233,36.241122073257586],[-0.15643406971011428,36.24053868393678],[-0.15284782920256443,36.23572839506582],[-0.15063237539721233,36.241122073257586]]]]},"properties":{"speed":0.2686,"dir_deg":53.3,"type":"قوي"}},{"type":"Feature","geometry":{"type":"MultiPolygon","coordinates":[[[[-0.1256512270271273,36.229926821200436],[-0.11426798250694507,36.239695226607346],[-0.11296552845269046,36.23817746067132],[-0.1243487729728727,36.22840905526441],[-0.1256512270271273,36.229926821200436]]],[[[-0.10982234063975703,36.24219247877497],[-0.1155704365611997,36.24121299254337],[-0.11166307439843584,36.236659694735295],[-0.10982234063975703,36.24219247877497]]]]},"properties":{"speed":0.2887,"dir_deg":49.4,"type":"قوي"}},{"type":"Feature","geometry":{"type":"MultiPolygon","coordinates":[[[[-0.08400320809092049,36.229910414586556],[-0.07286606277893902,36.23995849869746],[-0.07152631823081844,36.238473545989194],[-0.08266346354279991,36.22842546187829],[-0.08400320809092049,36.229910414586556]]],[[[-0.06848380873421824,36.242565383713625],[-0.0742058073270596,36.24144345140572],[-0.07018657368269786,36.236988593280934],[-0.06848380873421824,36.242565383713625]]]]},"properties":{"speed":0.2933,"dir_deg":47.9,"type":"قوي"}},{"type":"Feature","geometry":{"type":"MultiPolygon","coordinates":[[[[-0.042350767052118474,36.22989732726552],[-0.03140993155563617,36.240158814420845],[-0.030041733268259423,36.23870003635465],[-0.040982568764741725,36.228438549199325],[-0.042350767052118474,36.22989732726552]]],[[[-0.027078887246453694,36.24284992110619],[-0.03277812984301292,36.241617592487046],[-0.02867353498088267,36.23724125828845],[-0.027078887246453694,36.24284992110619]]]]},"properties":{"speed":0.294,"dir_deg":46.8,"type":"قوي"}},{"type":"Feature","geometry":{"type":"MultiPolygon","coordinates":[[[[-0.0007409660789031504,36.2298394806882],[0.009332170757795254,36.24095397187175],[0.010814102915601555,36.23961088696019],[0.0007409660789031504,36.228496395776645],[-0.0007409660789031504,36.2298394806882]]],[[[0.013430849115597873,36.24398725981049],[0.007850238599988953,36.24229705678331],[0.012296035073407856,36.23826780204863],[0.013430849115597873,36.24398725981049]]]]},"properties":{"speed":0.3117,"dir_deg":42.2,"type":"قوي"}},{"type":"Feature","geometry":{"type":"MultiPolygon","coordinates":[[[[0.04084894113883169,36.22974354480838],[0.049483039778150335,36.242009446352355],[0.051118493317347156,36.24085823320044],[0.04248439467802851,36.228592331656465],[0.04084894113883169,36.22974354480838]]],[[[0.053178799427521635,36.24552247362439],[0.04784758623895352,36.24316065950426],[0.05275394685654397,36.239707020048535],[0.053178799427521635,36.24552247362439]]]]},"properties":{"speed":0.3539,"dir_deg":35.1,"type":"قوي"}},{"type":"Feature","geometry":{"type":"MultiPolygon","coordinates":[[[[0.08244377547546115,36.22962475591926],[0.08929604077806387,36.242968161040245],[0.09107516146086196,36.24205452566657],[0.08422289615825924,36.22871112054558],[0.08244377547546115,36.22962475591926]]],[[[0.09246968955366383,36.2469591450604],[0.08751692009526578,36.24388179641393],[0.09285428214366005,36.24114089029288],[0.09246968955366383,36.2469591450604]]]]},"properties":{"speed":0.3756,"dir_deg":27.2,"type":"قوي"}},{"type":"Feature","geometry":{"type":"MultiPolygon","coordinates":[[[[0.12406082594326709,36.22951137977208],[0.1292124490380756,36.24359899062307],[0.13109079715154143,36.24291210754376],[0.1259391740567329,36.228824496692766],[0.12406082594326709,36.22951137977208]]],[[[0.13186883079307804,36.24795141936708],[0.12733410092460978,36.244285873702374],[0.13296914526500725,36.242225224464455],[0.13186883079307804,36.24795141936708]]]]},"properties":{"speed":0.3661,"dir_deg":20.1,"type":"قوي"}},{"type":"Feature","geometry":{"type":"MultiPolygon","coordinates":[[[[0.16572939015493046,36.229516511652974],[0.17095799146325427,36.243575733834824],[0.17283255442083414,36.24287858699372],[0.16760395311251033,36.22881936481187],[0.16572939015493046,36.229516511652974]]],[[[0.1736381400448188,36.24791356780822],[0.1690834285056744,36.244272880675936],[0.17470711737841402,36.242181440152606],[0.1736381400448188,36.24791356780822]]]]},"properties":{"speed":0.3352,"dir_deg":20.4,"type":"قوي"}},{"type":"Feature","geometry":{"type":"MultiPolygon","coordinates":[[[[0.2074324937175094,36.22960210057023],[0.21394492878470153,36.24311462030179],[0.21574659808224192,36.24224629562617],[0.2092341630150498,36.22873377589461],[0.2074324937175094,36.22960210057023]]],[[[0.21701657512253578,36.24718463120782],[0.21214325948716115,36.24398294497742],[0.2175482673797823,36.24137797095054],[0.21701657512253578,36.24718463120782]]]]},"properties":{"speed":0.3277,"dir_deg":25.7,"type":"قوي"}},{"type":"Feature","geometry":{"type":"MultiPolygon","coordinates":[[[[0.24918464351938233,36.229746897479274],[0.25786903222215385,36.24197724468854],[0.25949974518338914,36.24081932619484],[0.25081535648061765,36.22858897898557],[0.24918464351938233,36.229746897479274]]],[[[0.26157918493702864,36.24547506784477],[0.2562383192609185,36.243135163182245],[0.2611304581446245,36.239661407701135],[0.26157918493702864,36.24547506784477]]]]},"properties":{"speed":0.3482,"dir_deg":35.4,"type":"قوي"}},{"type":"Feature","geometry":{"type":"MultiPolygon","coordinates":[[[[0.29082468567222086,36.22970746092291],[0.2989175260295598,36.24233702682798],[0.3006014681502365,36.241257981447006],[0.29250862779289755,36.228628415541934],[0.29082468567222086,36.22970746092291]]],[[[0.3024571105423444,36.24600735943919],[0.29723358390888316,36.243416072208966],[0.3022854102709131,36.24017893606602],[0.3024571105423444,36.24600735943919]]]]},"properties":{"speed":0.2664,"dir_deg":32.7,"type":"قوي"}},{"type":"Feature","geometry":{"type":"MultiPolygon","coordinates":[[[[0.33233363438048735,36.22919206583791],[0.33269554846273525,36.24418769914221],[0.33469496623664213,36.24413944393124],[0.33433305215439424,36.22914381062694],[0.33233363438048735,36.22919206583791]]],[[[0.3338158953771047,36.24916211597149],[0.3306961306888284,36.24423595435317],[0.33669438401054896,36.244091188720276],[0.3338158953771047,36.24916211597149]]]]},"properties":{"speed":0.1853,"dir_deg":1.4,"type":"متوسط"}},{"type":"Feature","geometry":{"type":"MultiPolygon","coordinates":[[[[0.3740074225280194,36.22904632424426],[0.37218321270559834,36.24393498632397],[0.3741683676495596,36.2441782143003],[0.3759925774719806,36.229289552220585],[0.3740074225280194,36.22904632424426]]],[[[0.372567720236772,36.24901948767204],[0.37019805776163706,36.24369175834765],[0.37615352259352086,36.24442144227662],[0.372567720236772,36.24901948767204]]]]},"properties":{"speed":0.1734,"dir_deg":353.0,"type":"متوسط"}},{"type":"Feature","geometry":{"type":"MultiPolygon","coordinates":[[[[0.4158729434085325,36.22855964623078],[0.4067485633838929,36.24046534609118],[0.40833599003194637,36.241681930094465],[0.4174603700565859,36.229776230234066],[0.4158729434085325,36.22855964623078]]],[[[0.40450081669970644,36.24504220471296],[0.4051611367358394,36.2392487620879],[0.4099234166799999,36.242898514097746],[0.40450081669970644,36.24504220471296]]]]},"properties":{"speed":0.0107,"dir_deg":322.5,"type":"ضعيف"}},{"type":"Feature","geometry":{"type":"MultiPolygon","coordinates":[[[[-0.4167203763726092,36.27183061782523],[-0.40174203550783383,36.27263641242598],[-0.4016345962277338,36.27063930031068],[-0.4166129370925092,36.269833505709926],[-0.4167203763726092,36.27183061782523]]],[[[-0.3966955355795253,36.27190645456858],[-0.4018494747879339,36.27463352454129],[-0.4015271569476337,36.26864218819537],[-0.3966955355795253,36.27190645456858]]]]},"properties":{"speed":0.1234,"dir_deg":86.9,"type":"متوسط"}},{"type":"Feature","geometry":{"type":"MultiPolygon","coordinates":[[[[-0.3751235816033263,36.27182439618063],[-0.36023856540760646,36.27367812023052],[-0.3599914022009538,36.271693451404424],[-0.3748764183966737,36.26983972735453],[-0.3751235816033263,36.27182439618063]]],[[[-0.3551533117390402,36.2733036938341],[-0.3604857286142591,36.27566278905662],[-0.3597442389943012,36.26970878257833],[-0.3551533117390402,36.2733036938341]]]]},"properties":{"speed":0.1248,"dir_deg":82.9,"type":"متوسط"}},{"type":"Feature","geometry":{"type":"MultiPolygon","coordinates":[[[[-0.33331652549137725,36.271831920338784],[-0.31831864692333095,36.27157965369783],[-0.31835228247545805,36.26957993655542],[-0.33335016104350434,36.26983220319637],[-0.33331652549137725,36.271831920338784]]],[[[-0.3133361718433791,36.27049570624631],[-0.3182850113712038,36.27357937084023],[-0.3183859180275852,36.26758021941301],[-0.3133361718433791,36.27049570624631]]]]},"properties":{"speed":0.1326,"dir_deg":91.0,"type":"متوسط"}},{"type":"Feature","geometry":{"type":"MultiPolygon","coordinates":[[[[-0.2917624663285488,36.27182746144676],[-0.2768314711408137,36.27326460538661],[-0.2766398519488345,36.27127380602824],[-0.2915708471365696,36.269836662088395],[-0.2917624663285488,36.27182746144676]]],[[[-0.2717586631489124,36.27274825368737],[-0.27702309033279293,36.27525540474497],[-0.27644823275685526,36.26928300666988],[-0.2717586631489124,36.27274825368737]]]]},"properties":{"speed":0.1537,"dir_deg":84.5,"type":"متوسط"}},{"type":"Feature","geometry":{"type":"MultiPolygon","coordinates":[[[[-0.2501480181847592,36.271821046406984],[-0.23531324859367234,36.27404131917837],[-0.23501721222415398,36.27206334989956],[-0.24985198181524082,36.26984307712817],[-0.2501480181847592,36.271821046406984]]],[[[-0.23022030721188422,36.27379242546276],[-0.23560928496319067,36.276019288457185],[-0.23472117585463564,36.27008538062075],[-0.23022030721188422,36.27379242546276]]]]},"properties":{"speed":0.183,"dir_deg":81.5,"type":"متوسط"}},{"type":"Feature","geometry":{"type":"MultiPolygon","coordinates":[[[[-0.20864741438805634,36.271781456296175],[-0.19440649645914443,36.27649274662283],[-0.19377832441559095,36.274593957565635],[-0.20801924234450286,36.26988266723898],[-0.20864741438805634,36.271781456296175]]],[[[-0.18934543779439705,36.27711378220311],[-0.19503466850269788,36.278391535680015],[-0.1931501523720375,36.27269516850845],[-0.18934543779439705,36.27711378220311]]]]},"properties":{"speed":0.2129,"dir_deg":71.7,"type":"متوسط"}},{"type":"Feature","geometry":{"type":"MultiPolygon","coordinates":[[[[-0.16709995642862366,36.27173331882664],[-0.15358110054272237,36.27823259075019],[-0.15271453095291584,36.27643007663207],[-0.16623338683881714,36.269930804708515],[-0.16709995642862366,36.27173331882664]]],[[[-0.14864153045251866,36.279497757665645],[-0.15444767013252889,36.28003510486831],[-0.15184796136310932,36.27462756251395],[-0.14864153045251866,36.279497757665645]]]]},"properties":{"speed":0.2332,"dir_deg":64.3,"type":"قوي"}},{"type":"Feature","geometry":{"type":"MultiPolygon","coordinates":[[[[-0.12554025612070638,36.271673562405745],[-0.11291774654816726,36.27977740421634],[-0.1118372343067545,36.278094402940006],[-0.12445974387929362,36.26999056112941],[-0.12554025612070638,36.271673562405745]]],[[[-0.1081699872366145,36.281637184181704],[-0.11399825878958002,36.28146040549268],[-0.11075672206534175,36.276411401663665],[-0.1081699872366145,36.281637184181704]]]]},"properties":{"speed":0.2486,"dir_deg":57.3,"type":"قوي"}},{"type":"Feature","geometry":{"type":"MultiPolygon","coordinates":[[[[-0.08392228046556453,36.27164023514054],[-0.07179967987115535,36.2804744048711],[-0.07062179057374668,36.27885805812518],[-0.08274439116815586,36.27002388839462],[-0.08392228046556453,36.27164023514054]]],[[[-0.06716986835764796,36.28261095474166],[-0.072977569168564,36.28209075161702],[-0.06944390127633802,36.27724171137926],[-0.06716986835764796,36.28261095474166]]]]},"properties":{"speed":0.2647,"dir_deg":53.9,"type":"قوي"}},{"type":"Feature","geometry":{"type":"MultiPolygon","coordinates":[[[[-0.04227294795225869,36.271627312991065],[-0.030344179599975984,36.280721513648494],[-0.02913161951231881,36.27913101120152],[-0.04106038786460151,36.27003681054409],[-0.04227294795225869,36.271627312991065]]],[[[-0.02576164343871983,36.28295766264415],[-0.03155673968763316,36.28231201609547],[-0.027919059424661635,36.27754050875455],[-0.02576164343871983,36.28295766264415]]]]},"properties":{"speed":0.2896,"dir_deg":52.7,"type":"قوي"}},{"type":"Feature","geometry":{"type":"MultiPolygon","coordinates":[[[[-0.0006269495514617167,36.27161112162402],[0.011058948295192567,36.28101536489594],[0.012312847398116,36.27945724518306],[0.0006269495514617167,36.27005300191114],[-0.0006269495514617167,36.27161112162402]]],[[[0.01558119712887238,36.28337105279681],[0.009805049192269134,36.28257348460883],[0.013566746501039433,36.27789912547017],[0.01558119712887238,36.28337105279681]]]]},"properties":{"speed":0.3171,"dir_deg":51.2,"type":"قوي"}},{"type":"Feature","geometry":{"type":"MultiPolygon","coordinates":[[[[0.040978335358843286,36.27155745703995],[0.051859264444419885,36.28188244528375],[0.05323592954359351,36.28043165473901],[0.04235500045801691,36.27010666649521],[0.040978335358843286,36.27155745703995]]],[[[0.056174573355865565,36.28459871275931],[0.050482599345246265,36.28333323582849],[0.05461259464276713,36.27898086419427],[0.056174573355865565,36.28459871275931]]]]},"properties":{"speed":0.3512,"dir_deg":46.5,"type":"قوي"}},{"type":"Feature","geometry":{"type":"MultiPolygon","coordinates":[[[[0.08255709358519227,36.27146249653643],[0.09201361511794516,36.28310613001145],[0.09356609958128102,36.281845260473744],[0.08410957804852813,36.27020162699873],[0.08255709358519227,36.27146249653643]]],[[[0.09594203119386406,36.28635690640094],[0.09046113065460931,36.28436699954915],[0.09511858404461687,36.28058439093604],[0.09594203119386406,36.28635690640094]]]]},"properties":{"speed":0.3462,"dir_deg":39.1,"type":"قوي"}},{"type":"Feature","geometry":{"type":"MultiPolygon","coordinates":[[[[0.12411219610242445,36.271292283713436],[0.1310155252903002,36.28460934217707],[0.13279113308545126,36.283688898285355],[0.12588780389757553,36.27037183982172],[0.12411219610242445,36.271292283713436]]],[[[0.13420443891716763,36.28858813971909],[0.1292399174951491,36.285529786068786],[0.13456674088060236,36.28276845439364],[0.13420443891716763,36.28858813971909]]]]},"properties":{"speed":0.3643,"dir_deg":27.4,"type":"قوي"}},{"type":"Feature","geometry":{"type":"MultiPolygon","coordinates":[[[[0.16579078396888955,36.27131457684361],[0.1730285101093537,36.28445289181607],[0.1747802854390154,36.283487861664014],[0.16754255929855125,36.27034954669155],[0.16579078396888955,36.27131457684361]]],[[[0.17631697315433928,36.288349815064194],[0.17127673477969196,36.28541792196814],[0.1765320607686771,36.28252283151195],[0.17631697315433928,36.288349815064194]]]]},"properties":{"speed":0.3292,"dir_deg":28.8,"type":"قوي"}},{"type":"Feature","geometry":{"type":"MultiPolygon","coordinates":[[[[0.20752632340492488,36.27142260642495],[0.21638449326548284,36.28352768084527],[0.21799850318819228,36.282346591530526],[0.20914033332763432,36.27024151711021],[0.20752632340492488,36.27142260642495]]],[[[0.2201442215136902,36.28697216099467],[0.2147704833427734,36.28470877016001],[0.2196125131109017,36.281165502215785],[0.2201442215136902,36.28697216099467]]]]},"properties":{"speed":0.3222,"dir_deg":36.2,"type":"قوي"}},{"type":"Feature","geometry":{"type":"MultiPolygon","coordinates":[[[[0.2493042461720416,36.271550342082556],[0.2600784508966737,36.28198664950193],[0.2614699585525905,36.280550088871976],[0.2506957538279584,36.2701137814526],[0.2493042461720416,36.271550342082556]]],[[[0.26436560629950945,36.28474713832674],[0.258686943240757,36.28342321013188],[0.2628614662085072,36.27911352824203],[0.26436560629950945,36.28474713832674]]]]},"properties":{"speed":0.3635,"dir_deg":45.9,"type":"قوي"}},{"type":"Feature","geometry":{"type":"MultiPolygon","coordinates":[[[[0.2910023615457436,36.27157953210463],[0.3022144166015337,36.28154395990686],[0.3035430069751649,36.280049019232756],[0.2923309519193748,36.270084591430525],[0.2910023615457436,36.27157953210463]]],[[[0.30661606347361264,36.28411796550389],[0.3008858262279025,36.28303890058097],[0.3048715973487961,36.27855407855865],[0.30661606347361264,36.28411796550389]]]]},"properties":{"speed":0.3513,"dir_deg":48.4,"type":"قوي"}},{"type":"Feature","geometry":{"type":"MultiPolygon","coordinates":[[[[0.33257946374007086,36.271489074444936],[0.3424346539004787,36.282797267355484],[0.3439424129552186,36.28148324200077],[0.33408722279481073,36.27017504909022],[0.33257946374007086,36.271489074444936]]],[[[0.3464735968146513,36.28590965231498],[0.3409268948457388,36.28411129271021],[0.34545017200995853,36.280169216646044],[0.3464735968146513,36.28590965231498]]]]},"properties":{"speed":0.2868,"dir_deg":41.1,"type":"قوي"}},{"type":"Feature","geometry":{"type":"MultiPolygon","coordinates":[[[[0.37416671146304803,36.27138490009312],[0.3824592863461287,36.2838842281474],[0.38412586342003263,36.28277855149632],[0.37583328853695197,36.27027922344204],[0.37416671146304803,36.27138490009312]]],[[[0.3860567665107742,36.28749783250662],[0.38079270927222475,36.28498990479848],[0.3857924404939366,36.28167287484524],[0.3860567665107742,36.28749783250662]]]]},"properties":{"speed":0.2521,"dir_deg":33.6,"type":"قوي"}},{"type":"Feature","geometry":{"type":"MultiPolygon","coordinates":[[[[0.4159779525457918,36.271557104209876],[0.4268535891802158,36.28188766701139],[0.42823099755375066,36.280437582126794],[0.4173553609193266,36.27010701932528],[0.4159779525457918,36.271557104209876]]],[[[0.43116750557845795,36.28460614550293],[0.4254761808066809,36.28333775189598],[0.42960840592728555,36.278987497242206],[0.43116750557845795,36.28460614550293]]]]},"properties":{"speed":0.1522,"dir_deg":46.5,"type":"متوسط"}},{"type":"Feature","geometry":{"type":"MultiPolygon","coordinates":[[[[0.4574810614354274,36.271355144627954],[0.46532730434107783,36.28413937210816],[0.46703186800510466,36.283093206387406],[0.4591856250994542,36.2703089789072],[0.4574810614354274,36.271355144627954]]],[[[0.46879500047497474,36.28787769840785],[0.463622740677051,36.28518553782891],[0.4687364316691315,36.282047040666654],[0.46879500047497474,36.28787769840785]]]]},"properties":{"speed":0.15,"dir_deg":31.5,"type":"متوسط"}},{"type":"Feature","geometry":{"type":"MultiPolygon","coordinates":[[[[0.49920430789306597,36.27143776307265],[0.5082898274691088,36.28337314467666],[0.5098812116829767,36.28216174206652],[0.500795692106934,36.27022636046251],[0.49920430789306597,36.27143776307265]]],[[[0.5121140261013903,36.28674590390626],[0.5066984432552407,36.2845845472868],[0.5114725958968448,36.28095033945638],[0.5121140261013903,36.28674590390626]]]]},"properties":{"speed":0.0958,"dir_deg":37.3,"type":"ضعيف"}},{"type":"Feature","geometry":{"type":"MultiPolygon","coordinates":[[[[-0.4167819884352768,36.31349332703494],[-0.40188208291113475,36.3152233025757],[-0.40165141950569955,36.31323664850582],[-0.4165513250298416,36.31150667296506],[-0.4167819884352768,36.31349332703494]]],[[[-0.39680011603370313,36.31480663405435],[-0.40211274631656996,36.31720995664559],[-0.40142075610026434,36.31124999443593],[-0.39680011603370313,36.31480663405435]]]]},"properties":{"speed":0.1505,"dir_deg":83.4,"type":"متوسط"}},{"type":"Feature","geometry":{"type":"MultiPolygon","coordinates":[[[[-0.3751109200009684,36.31349382933816],[-0.36020347992858637,36.31515762935268],[-0.35998163992664955,36.31316997067637],[-0.3748890799990316,36.31150617066184],[-0.3751109200009684,36.31349382933816]]],[[[-0.35512341323682395,36.314718400019366],[-0.36042531993052324,36.317145288029],[-0.3597597999247127,36.31118231200005],[-0.35512341323682395,36.314718400019366]]]]},"properties":{"speed":0.1467,"dir_deg":83.6,"type":"متوسط"}},{"type":"Feature","geometry":{"type":"MultiPolygon","coordinates":[[[[-0.3333440972636074,36.31349994217411],[-0.3183449646519378,36.31366125211661],[-0.31832345665960454,36.31166136776839],[-0.3333225892712742,36.31150005782589],[-0.3333440972636074,36.31349994217411]]],[[[-0.31333449978521466,36.31271507992333],[-0.318366472644271,36.31566113646483],[-0.31830194866727135,36.309661483420165],[-0.31333449978521466,36.31271507992333]]]]},"properties":{"speed":0.1486,"dir_deg":89.4,"type":"متوسط"}},{"type":"Feature","geometry":{"type":"MultiPolygon","coordinates":[[[[-0.29171055557200737,36.31349903598128],[-0.27672501585278475,36.314157518573005],[-0.2766372181738884,36.312159446610444],[-0.29162275789311104,36.31150096401872],[-0.29171055557200737,36.31349903598128]]],[[[-0.27168593710692907,36.31337797678896],[-0.276812813531681,36.316155590535566],[-0.27654942049499215,36.31016137464788],[-0.27168593710692907,36.31337797678896]]]]},"properties":{"speed":0.1624,"dir_deg":87.5,"type":"متوسط"}},{"type":"Feature","geometry":{"type":"MultiPolygon","coordinates":[[[[-0.25007337842619654,36.31349730416953],[-0.23511381588319386,36.314597980562475],[-0.23496705903080084,36.312603372223414],[-0.2499266215738035,36.31150269583047],[-0.25007337842619654,36.31349730416953]]],[[[-0.2300539166093298,36.31396756852393],[-0.2352605727355869,36.31659258890154],[-0.2348203021784078,36.310608763884346],[-0.2300539166093298,36.31396756852393]]]]},"properties":{"speed":0.1861,"dir_deg":85.8,"type":"متوسط"}},{"type":"Feature","geometry":{"type":"MultiPolygon","coordinates":[[[[-0.2084499521717571,36.313493176161614],[-0.19355230974756502,36.315242533243776],[-0.19331906213661001,36.31325618092055],[-0.2082167045608021,36.311506823838386],[-0.2084499521717571,36.313493176161614]]],[[[-0.1884698051340235,36.31483247610955],[-0.19378555735852002,36.317228885567],[-0.19308581452565501,36.311269828597325],[-0.1884698051340235,36.31483247610955]]]]},"properties":{"speed":0.204,"dir_deg":83.3,"type":"متوسط"}},{"type":"Feature","geometry":{"type":"MultiPolygon","coordinates":[[[[-0.16689535488113755,36.31347350088462],[-0.1522928416118774,36.31690374959587],[-0.1518354751170431,36.314956747826635],[-0.16643798838630325,36.31152649911538],[-0.16689535488113755,36.31347350088462]]],[[[-0.14719665394137352,36.317073664948346],[-0.15275020810671167,36.318850751365105],[-0.15137810862220882,36.3130097460574],[-0.14719665394137352,36.317073664948346]]]]},"properties":{"speed":0.2084,"dir_deg":76.8,"type":"متوسط"}},{"type":"Feature","geometry":{"type":"MultiPolygon","coordinates":[[[[-0.12532202925000002,36.31344672971969],[-0.11112108345464904,36.31827716846969],[-0.11047702495464902,36.316383709030305],[-0.12467797074999999,36.31155327028031],[-0.12532202925000002,36.31344672971969]]],[[[-0.1060654056061987,36.318940585],[-0.11176514195464907,36.32017062790907],[-0.10983296645464899,36.314490249590925],[-0.1060654056061987,36.318940585]]]]},"properties":{"speed":0.2054,"dir_deg":71.2,"type":"متوسط"}},{"type":"Feature","geometry":{"type":"MultiPolygon","coordinates":[[[[-0.08375625814820134,36.31340616593494],[-0.07016376912404101,36.31975000090506],[-0.06931792446135873,36.317937669035175],[-0.08291041348551906,36.31159383406506],[-0.08375625814820134,36.31340616593494]]],[[[-0.06521001711797975,36.320958446626825],[-0.0710096137867233,36.32156233277495],[-0.06847207979867645,36.31612533716528],[-0.06521001711797975,36.320958446626825]]]]},"properties":{"speed":0.2139,"dir_deg":65.0,"type":"متوسط"}},{"type":"Feature","geometry":{"type":"MultiPolygon","coordinates":[[[[-0.04214127711289986,36.313380196627485],[-0.028938327700653698,36.32049933469453],[-0.027989109291714182,36.31873894143956],[-0.04119205870396034,36.311619803372515],[-0.04214127711289986,36.313380196627485]]],[[[-0.024062735358768548,36.321992184089396],[-0.029887546109593214,36.32225972794949],[-0.027039890882774666,36.3169785481846],[-0.024062735358768548,36.321992184089396]]]]},"properties":{"speed":0.2418,"dir_deg":61.7,"type":"قوي"}},{"type":"Feature","geometry":{"type":"MultiPolygon","coordinates":[[[[-0.0005172441156010081,36.31335583790806],[0.012320324505330662,36.32111449964208],[0.013354812736532677,36.31940282382595],[0.0005172441156010081,36.31164416209194],[-0.0005172441156010081,36.31335583790806]]],[[[0.017116758161242227,36.32284488231202],[0.011285836274128646,36.322826175458204],[0.014389300967734693,36.31769114800983],[0.017116758161242227,36.32284488231202]]]]},"properties":{"speed":0.2791,"dir_deg":58.9,"type":"قوي"}},{"type":"Feature","geometry":{"type":"MultiPolygon","coordinates":[[[[0.04109354248653425,36.31331946766304],[0.05338555743221172,36.32191634899148],[0.05453180827600342,36.320277413665394],[0.04223979333032595,36.31168053233696],[0.04109354248653425,36.31331946766304]]],[[[0.058056021169333394,36.323962508437916],[0.05223930658842002,36.32355528431757],[0.05567805911979512,36.3186384783393],[0.058056021169333394,36.323962508437916]]]]},"properties":{"speed":0.3173,"dir_deg":55.0,"type":"قوي"}},{"type":"Feature","geometry":{"type":"MultiPolygon","coordinates":[[[[0.08272394087035141,36.3132928668231],[0.0946169432168217,36.32243379102073],[0.09583573310983927,36.32084805737453],[0.08394273076336899,36.3117071331769],[0.08272394087035141,36.3132928668231]]],[[[0.09919067227882059,36.32468789893018],[0.0933981533238041,36.32401952466692],[0.09705452300285686,36.31926232372834],[0.09919067227882059,36.32468789893018]]]]},"properties":{"speed":0.315,"dir_deg":52.5,"type":"قوي"}},{"type":"Feature","geometry":{"type":"MultiPolygon","coordinates":[[[[0.1242504457356151,36.313161942901424],[0.13417958925693863,36.324405256867195],[0.13567869778570846,36.32308137106435],[0.12574955426438492,36.311838057098576],[0.1242504457356151,36.313161942901424]]],[[[0.1382388580284314,36.3274910852877],[0.13268048072816882,36.325729142670035],[0.13717780631447826,36.32175748526151],[0.1382388580284314,36.3274910852877]]]]},"properties":{"speed":0.335,"dir_deg":41.4,"type":"قوي"}},{"type":"Feature","geometry":{"type":"MultiPolygon","coordinates":[[[[0.1659170473805456,36.31316186364083],[0.17584500199298872,36.32440622743845],[0.1773442504993383,36.323082500156794],[0.1674162958868952,36.31183813635917],[0.1659170473805456,36.31316186364083]]],[[[0.17990394445031122,36.327492485063495],[0.17434575348663914,36.32572995472011],[0.17884349900568788,36.321758772875135],[0.17990394445031122,36.327492485063495]]]]},"properties":{"speed":0.3089,"dir_deg":41.4,"type":"قوي"}},{"type":"Feature","geometry":{"type":"MultiPolygon","coordinates":[[[[0.20761322827659565,36.31319387020461],[0.21802128134565538,36.32399537154986],[0.2194614815250233,36.32260763114065],[0.20905342845596356,36.31180612979539],[0.20761322827659565,36.31319387020461]]],[[[0.22221073245835923,36.32690200179368],[0.2165810811662875,36.32538311195907],[0.22090168170439117,36.32121989073144],[0.22221073245835923,36.32690200179368]]]]},"properties":{"speed":0.3142,"dir_deg":43.9,"type":"قوي"}},{"type":"Feature","geometry":{"type":"MultiPolygon","coordinates":[[[[0.24934395510467722,36.3132547218662],[0.2606647830976823,36.32309539529604],[0.2619768728883279,36.32158595156364],[0.2506560448953228,36.3117452781338],[0.24934395510467722,36.3132547218662]]],[[[0.26509443732400684,36.325620897906454],[0.25935269330703675,36.324604839028446],[0.26328896267897345,36.32007650783124],[0.26509443732400684,36.325620897906454]]]]},"properties":{"speed":0.3344,"dir_deg":49.0,"type":"قوي"}},{"type":"Feature","geometry":{"type":"MultiPolygon","coordinates":[[[[0.29104233139731783,36.313281164435814],[0.302759797934481,36.322646044464435],[0.30400844860496373,36.321083715592806],[0.2922909820678006,36.311718835564186],[0.29104233139731783,36.313281164435814]]],[[[0.3072899454487768,36.324986506704825],[0.3015111472639982,36.324208373336056],[0.30525709927544653,36.319521386721185],[0.3072899454487768,36.324986506704825]]]]},"properties":{"speed":0.3249,"dir_deg":51.4,"type":"قوي"}},{"type":"Feature","geometry":{"type":"MultiPolygon","coordinates":[[[[0.3326411252466726,36.313221688445054],[0.3434664519224758,36.323604958756576],[0.3448508879640122,36.32216158186647],[0.334025561288209,36.311778311554946],[0.3326411252466726,36.313221688445054]]],[[[0.34776711216851175,36.32634436041536],[0.3420820158809395,36.325048335646684],[0.3462353240055485,36.32071820497636],[0.34776711216851175,36.32634436041536]]]]},"properties":{"speed":0.3556,"dir_deg":46.2,"type":"قوي"}},{"type":"Feature","geometry":{"type":"MultiPolygon","coordinates":[[[[0.3743022244176293,36.31321631643611],[0.38504697095934093,36.32368295017167],[0.38644252212408237,36.32225031729945],[0.3756977755823707,36.31178368356389],[0.3743022244176293,36.31321631643611]]],[[[0.38932632872228223,36.32645551164742],[0.38365141979459955,36.3251155830439],[0.38783807328882375,36.32081768442722],[0.38932632872228223,36.32645551164742]]]]},"properties":{"speed":0.3695,"dir_deg":45.8,"type":"قوي"}},{"type":"Feature","geometry":{"type":"MultiPolygon","coordinates":[[[[0.4159721642555235,36.313219499964795],[0.4267646637274571,36.32363688712033],[0.42815364868152844,36.32219788719074],[0.4173611492095949,36.311780500035205],[0.4159721642555235,36.313219499964795]]],[[[0.43105665602847065,36.32638984954071],[0.42537567877338567,36.32507588704992],[0.42954263363559986,36.32075888726115],[0.43105665602847065,36.32638984954071]]]]},"properties":{"speed":0.3361,"dir_deg":46.0,"type":"قوي"}},{"type":"Feature","geometry":{"type":"MultiPolygon","coordinates":[[[[0.4576737363195444,36.31325161071991],[0.46894789711822576,36.323145714938356],[0.4702671110140186,36.32164249349854],[0.4589929502153372,36.31174838928009],[0.4576737363195444,36.31325161071991]]],[[[0.4733655576656826,36.325692138957926],[0.4676286832224329,36.32464893637818],[0.47158632490981145,36.32013927205871],[0.4733655576656826,36.325692138957926]]]]},"properties":{"speed":0.25,"dir_deg":48.7,"type":"قوي"}},{"type":"Feature","geometry":{"type":"MultiPolygon","coordinates":[[[[0.4992519061512713,36.31316359294262],[0.509205800290562,36.32438500067355],[0.5107019879880195,36.32305781478831],[0.5007480938487288,36.31183640705738],[0.4992519061512713,36.31316359294262]]],[[[0.5132718588523876,36.327461876974574],[0.5077096125931045,36.32571218655879],[0.5121981756854769,36.32173062890307],[0.5132718588523876,36.327461876974574]]]]},"properties":{"speed":0.1606,"dir_deg":41.6,"type":"متوسط"}},{"type":"Feature","geometry":{"type":"MultiPolygon","coordinates":[[[[0.5407023783042518,36.31276478224325],[0.544674111952982,36.327229405702695],[0.5466027284142415,36.3266998412162],[0.5426309947655114,36.31223521775675],[0.5407023783042518,36.31276478224325]]],[[[0.5469623313998552,36.331786164612595],[0.5427454954917226,36.327758970189194],[0.5485313448755009,36.3261702767297],[0.5469623313998552,36.331786164612595]]]]},"properties":{"speed":0.1768,"dir_deg":15.4,"type":"متوسط"}},{"type":"Feature","geometry":{"type":"MultiPolygon","coordinates":[[[[0.5823748074230887,36.312785072214346],[0.5866508906382856,36.32716266284479],[0.588567902722345,36.3265925184161],[0.5842918195071481,36.312214927785654],[0.5823748074230887,36.312785072214346]]],[[[0.5890347577520476,36.3316701208406],[0.584733878554226,36.327732807273485],[0.5904849148064046,36.326022373987406],[0.5890347577520476,36.3316701208406]]]]},"properties":{"speed":0.1121,"dir_deg":16.6,"type":"ضعيف"}},{"type":"Feature","geometry":{"type":"MultiPolygon","coordinates":[[[[-0.4168400947798564,36.35515278301397],[-0.40206742305658,36.35775435372343],[-0.4017205469619856,36.35578466416033],[-0.416493218685262,36.35318309345087],[-0.4168400947798564,36.35515278301397]]],[[[-0.396969761101524,36.357636699178364],[-0.4024142991511744,36.35972404328653],[-0.40137367086739123,36.35381497459723],[-0.396969761101524,36.357636699178364]]]]},"properties":{"speed":0.1946,"dir_deg":80.0,"type":"متوسط"}},{"type":"Feature","geometry":{"type":"MultiPolygon","coordinates":[[[[-0.3751274031106795,36.355159789253186],[-0.36024963779923,36.357070835913376],[-0.35999483157787104,36.35508713387185],[-0.3748725968893205,36.35317608721166],[-0.3751274031106795,36.355159789253186]]],[[[-0.3551629795847341,36.35671600044601],[-0.36050444402058895,36.359054537954904],[-0.3597400253565121,36.35310343183032],[-0.3551629795847341,36.35671600044601]]]]},"properties":{"speed":0.1886,"dir_deg":82.7,"type":"متوسط"}},{"type":"Feature","geometry":{"type":"MultiPolygon","coordinates":[[[[-0.33342930003753973,36.355163323734764],[-0.3184985175024132,36.35660267528625],[-0.31830660396221533,36.35461190428156],[-0.33323738649734186,36.35317255273008],[-0.33342930003753973,36.355163323734764]]],[[[-0.3134256332206054,36.3560870736344],[-0.31869043104261113,36.35859344629093],[-0.3181146904220174,36.35262113327688],[-0.3134256332206054,36.3560870736344]]]]},"properties":{"speed":0.1901,"dir_deg":84.5,"type":"متوسط"}},{"type":"Feature","geometry":{"type":"MultiPolygon","coordinates":[[[[-0.2917503135842823,36.35516443285416],[-0.2768028942581594,36.356419285630004],[-0.27663558055471327,36.35442629638653],[-0.29158299988083614,36.353171443610684],[-0.2917503135842823,36.35516443285416]]],[[[-0.27173676429772875,36.35584107526688],[-0.2769702079616056,36.35841227487349],[-0.2764682668512671,36.352433307143045],[-0.27173676429772875,36.35584107526688]]]]},"properties":{"speed":0.2011,"dir_deg":85.2,"type":"متوسط"}},{"type":"Feature","geometry":{"type":"MultiPolygon","coordinates":[[[[-0.2501027290424622,36.35516264760899],[-0.2351820883939234,36.356703583245924],[-0.23497663030899896,36.35471416449278],[-0.24989727095753778,36.35317322885585],[-0.2501027290424622,36.35516264760899]]],[[[-0.23010581246861492,36.35622251908167],[-0.23538754647884785,36.358693001999065],[-0.2347711722240745,36.35272474573964],[-0.23010581246861492,36.35622251908167]]]]},"properties":{"speed":0.2163,"dir_deg":84.1,"type":"متوسط"}},{"type":"Feature","geometry":{"type":"MultiPolygon","coordinates":[[[[-0.2084123337402726,36.355164812422515],[-0.19345922088882755,36.35634989303241],[-0.19330121014084156,36.35435614465222],[-0.2082543229922866,36.35317106404233],[-0.2084123337402726,36.355164812422515]]],[[[-0.18839584456435288,36.35574804571228],[-0.19361723163681357,36.3583436414126],[-0.19314319939285554,36.35236239627203],[-0.18839584456435288,36.35574804571228]]]]},"properties":{"speed":0.2217,"dir_deg":85.5,"type":"متوسط"}},{"type":"Feature","geometry":{"type":"MultiPolygon","coordinates":[[[[-0.16679457464147548,36.35515972491342],[-0.15191777442648907,36.357078270029746],[-0.1516619684109789,36.35509469666775],[-0.1665387686259653,36.35317615155142],[-0.16679457464147548,36.35515972491342]]],[[[-0.1468309380137385,36.356725998387525],[-0.15217358044199927,36.35906184339174],[-0.1514061623954687,36.35311112330575],[-0.1468309380137385,36.356725998387525]]]]},"properties":{"speed":0.2142,"dir_deg":82.7,"type":"متوسط"}},{"type":"Feature","geometry":{"type":"MultiPolygon","coordinates":[[[[-0.12512310996349965,36.35516033126791],[-0.11023721443116433,36.357006980720406],[-0.10999099450416502,36.35502219464943],[-0.12487689003650035,36.35317554519693],[-0.12512310996349965,36.35516033126791]]],[[[-0.10515213929021958,36.356630137502414],[-0.11048343435816363,36.358991766791384],[-0.10974477457716572,36.35303740857845],[-0.10515213929021958,36.356630137502414]]]]},"properties":{"speed":0.1931,"dir_deg":82.9,"type":"متوسط"}},{"type":"Feature","geometry":{"type":"MultiPolygon","coordinates":[[[[-0.08351029985522734,36.355152155550456],[-0.06874704008466588,36.35780661612596],[-0.06839311200793159,36.355838181489894],[-0.08315637177849305,36.35318372091439],[-0.08351029985522734,36.355152155550456]]],[[[-0.06364898945611158,36.357707218999764],[-0.06910096816140016,36.35977505076204],[-0.06803918393119732,36.35386974685382],[-0.06364898945611158,36.357707218999764]]]]},"properties":{"speed":0.1794,"dir_deg":79.8,"type":"متوسط"}},{"type":"Feature","geometry":{"type":"MultiPolygon","coordinates":[[[[-0.041873940007102414,36.355146221564134],[-0.02719969003137303,36.35825530304422],[-0.026785145834028395,36.35629873638079],[-0.041459395809757785,36.35318965490071],[-0.041873940007102414,36.355146221564134]]],[[[-0.022101001274124246,36.35831338020587],[-0.027614234228717664,36.36021186970765],[-0.02637060163668376,36.35434216971736],[-0.022101001274124246,36.35831338020587]]]]},"properties":{"speed":0.1852,"dir_deg":78.0,"type":"متوسط"}},{"type":"Feature","geometry":{"type":"MultiPolygon","coordinates":[[[[-0.000325182059514181,36.355113589663006],[0.013859589399281905,36.35999132055572],[0.014509953518310265,36.358100017694554],[0.000325182059514181,36.35322228680184],[-0.000325182059514181,36.355113589663006]]],[[[0.018913028611728114,36.36067157942271],[0.013209225280253542,36.361882623416896],[0.015160317637338628,36.35620871483338],[0.018913028611728114,36.36067157942271]]]]},"properties":{"speed":0.2104,"dir_deg":71.0,"type":"متوسط"}},{"type":"Feature","geometry":{"type":"MultiPolygon","coordinates":[[[[0.041246459056431525,36.355075365651395],[0.05485787034101033,36.36137849843137],[0.055698288045007475,36.359563643593425],[0.042086876760428674,36.35326051081345],[0.041246459056431525,36.355075365651395]]],[[[0.0598152162878685,36.36257211527239],[0.05401745263701318,36.36319335326932],[0.056538705749004624,36.35774878875548],[0.0598152162878685,36.36257211527239]]]]},"properties":{"speed":0.2432,"dir_deg":65.2,"type":"قوي"}},{"type":"Feature","geometry":{"type":"MultiPolygon","coordinates":[[[[0.08284990303172023,36.355043319716266],[0.09598062528933639,36.36229481149336],[0.09694749085961633,36.360544048525675],[0.08381676860200017,36.35329255674858],[0.08284990303172023,36.355043319716266]]],[[[0.10084096549368175,36.36383659393522],[0.09501375971905643,36.364045574461045],[0.0979143564298963,36.358793285557994],[0.10084096549368175,36.36383659393522]]]]},"properties":{"speed":0.2616,"dir_deg":61.1,"type":"قوي"}},{"type":"Feature","geometry":{"type":"MultiPolygon","coordinates":[[[[0.12440212709346263,36.35496952914282],[0.13642599074939385,36.363937622740885],[0.1376217365624686,36.36233444092009],[0.12559787290653737,36.35336634732202],[0.12440212709346263,36.35496952914282]]],[[[0.1410318182079083,36.36612539636317],[0.1352302449363191,36.365540804561675],[0.13881748237554334,36.360731259099296],[0.1410318182079083,36.36612539636317]]]]},"properties":{"speed":0.286,"dir_deg":53.3,"type":"قوي"}},{"type":"Feature","geometry":{"type":"MultiPolygon","coordinates":[[[[0.16605011026903913,36.354955245087204],[0.17785971309072757,36.364203665557426],[0.1790928358200901,36.36262905184786],[0.16728323299840167,36.35338063137764],[0.16605011026903913,36.354955245087204]]],[[[0.182412808729305,36.36649916552605],[0.17662659036136502,36.36577827926698],[0.18032595854945266,36.361054438138304],[0.182412808729305,36.36649916552605]]]]},"properties":{"speed":0.294,"dir_deg":51.9,"type":"قوي"}},{"type":"Feature","geometry":{"type":"MultiPolygon","coordinates":[[[[0.2076891322210951,36.35493279856381],[0.2191620371919003,36.36459574074158],[0.22045042948226928,36.363066020078804],[0.2089775245114641,36.353403077901035],[0.2076891322210951,36.35493279856381]]],[[[0.22363053499401989,36.36705186113611],[0.21787364490153135,36.36612546140435],[0.22173882177263823,36.36153629941603],[0.22363053499401989,36.36705186113611]]]]},"properties":{"speed":0.311,"dir_deg":49.9,"type":"قوي"}},{"type":"Feature","geometry":{"type":"MultiPolygon","coordinates":[[[[0.2493571714261656,36.354933948300676],[0.2608473224499317,36.36457637690819],[0.2621329795976005,36.36304435677168],[0.2506428285738344,36.35340192816417],[0.2493571714261656,36.354933948300676]]],[[[0.2653202013650215,36.36702450970911],[0.2595616653022629,36.36610839704469],[0.26341863674526933,36.36151233663518],[0.2653202013650215,36.36702450970911]]]]},"properties":{"speed":0.316,"dir_deg":50.0,"type":"قوي"}},{"type":"Feature","geometry":{"type":"MultiPolygon","coordinates":[[[[0.2910473732486796,36.3549531057092],[0.30282488540038777,36.36424235796739],[0.304063452368147,36.362672023013836],[0.29228594021643883,36.353382770755644],[0.2910473732486796,36.3549531057092]]],[[[0.3073700062681701,36.366553607910014],[0.30158631843262856,36.365812692920954],[0.3053020193359062,36.36110168806027],[0.3073700062681701,36.366553607910014]]]]},"properties":{"speed":0.3149,"dir_deg":51.7,"type":"قوي"}},{"type":"Feature","geometry":{"type":"MultiPolygon","coordinates":[[[[0.3326918371773811,36.354935056174085],[0.3441986063022777,36.36455764752498],[0.3454816184823971,36.363023411641656],[0.3339748493575005,36.35340082029076],[0.3326918371773811,36.354935056174085]]],[[[0.34867570210063625,36.366998060033616],[0.34291559412215833,36.3660918834083],[0.3467646306625165,36.36148917575834],[0.34867570210063625,36.366998060033616]]]]},"properties":{"speed":0.3567,"dir_deg":50.1,"type":"قوي"}},{"type":"Feature","geometry":{"type":"MultiPolygon","coordinates":[[[[0.3743587225699521,36.354935247334225],[0.3858683590970114,36.36455440878494],[0.38715091395710716,36.36301979058133],[0.3756412774300479,36.35340062913062],[0.3743587225699521,36.354935247334225]]],[[[0.390346182036079,36.36699348683338],[0.38458580423691563,36.36608902698855],[0.3884334688172029,36.361485172377726],[0.390346182036079,36.36699348683338]]]]},"properties":{"speed":0.3857,"dir_deg":50.1,"type":"قوي"}},{"type":"Feature","geometry":{"type":"MultiPolygon","coordinates":[[[[0.4159921761912787,36.35490623085695],[0.4270665655592139,36.36502343897615],[0.4284155266417749,36.3635468537271],[0.4173411372738397,36.353429645607896],[0.4159921761912787,36.35490623085695]]],[[[0.43143250922313947,36.36765754905803],[0.42571760447665286,36.36650002422521],[0.42976448772433595,36.36207026847804],[0.43143250922313947,36.36765754905803]]]]},"properties":{"speed":0.3915,"dir_deg":47.6,"type":"قوي"}},{"type":"Feature","geometry":{"type":"MultiPolygon","coordinates":[[[[0.4576798519340446,36.35492487223032],[0.46903386190253654,36.36472724223126],[0.47034084456932895,36.363213374235464],[0.458986834600837,36.35341100423452],[0.4576798519340446,36.35492487223032]]],[[[0.4734720232254301,36.367237764900345],[0.4677268792357442,36.36624111022706],[0.4716478272361213,36.36169950623967],[0.4734720232254301,36.367237764900345]]]]},"properties":{"speed":0.3256,"dir_deg":49.2,"type":"قوي"}},{"type":"Feature","geometry":{"type":"MultiPolygon","coordinates":[[[[0.49928603779939484,36.35486812247682],[0.5097888014654063,36.3655775554859],[0.5112167258666166,36.3641771869971],[0.5007139622006052,36.35346775398802],[0.49928603779939484,36.35486812247682]]],[[[0.5140036848880153,36.36844718224452],[0.508360877064196,36.3669779239747],[0.5126446502678269,36.362776818508294],[0.5140036848880153,36.36844718224452]]]]},"properties":{"speed":0.2821,"dir_deg":44.4,"type":"قوي"}},{"type":"Feature","geometry":{"type":"MultiPolygon","coordinates":[[[[0.540872909917307,36.3547761476383],[0.5499960510053943,36.36668279690192],[0.5515836042405435,36.36546637809017],[0.5424604631524562,36.353559728826546],[0.540872909917307,36.3547761476383]]],[[[0.5538308746523313,36.370043470583916],[0.548408497770245,36.36789921571366],[0.5531711574756928,36.364249959278425],[0.5538308746523313,36.370043470583916]]]]},"properties":{"speed":0.2138,"dir_deg":37.5,"type":"متوسط"}},{"type":"Feature","geometry":{"type":"MultiPolygon","coordinates":[[[[0.5824174443762458,36.35456941527043],[0.5884395999463652,36.36830745160352],[0.5902713381241105,36.3675044975275],[0.584249182553991,36.35376646119441],[0.5824174443762458,36.35456941527043]]],[[[0.5913628542252776,36.37248532000987],[0.58660786176862,36.369110405679535],[0.5921030763018557,36.366701543451484],[0.5913628542252776,36.37248532000987]]]]},"properties":{"speed":0.1288,"dir_deg":23.7,"type":"متوسط"}},{"type":"Feature","geometry":{"type":"MultiPolygon","coordinates":[[[[0.6240009388349808,36.354124616314756],[0.6233511100699536,36.36911053379004],[0.6253492323999921,36.369197177625374],[0.6259990611650192,36.35421126015009],[0.6240009388349808,36.354124616314756]]],[[[0.6241335616466305,36.374149161532806],[0.6213529877399152,36.369023889954704],[0.6273473547300304,36.36928382146071],[0.6241335616466305,36.374149161532806]]]]},"properties":{"speed":0.1225,"dir_deg":357.5,"type":"متوسط"}},{"type":"Feature","geometry":{"type":"MultiPolygon","coordinates":[[[[0.6659508299804171,36.35346969085976],[0.6554771193904786,36.36420753917673],[0.6569088324994076,36.365604033922054],[0.6673825430893461,36.35486618560508],[0.6659508299804171,36.35346969085976]]],[[[0.6527017390816302,36.368485069321714],[0.6540454062815495,36.3628110444314],[0.6583405456083367,36.36700052866738],[0.6527017390816302,36.368485069321714]]]]},"properties":{"speed":0.0962,"dir_deg":315.7,"type":"ضعيف"}},{"type":"Feature","geometry":{"type":"MultiPolygon","coordinates":[[[[0.707757859028227,36.35335010439168],[0.6954903514171045,36.36198192094505],[0.6966412602908874,36.36361758862653],[0.7089087679020099,36.354985772073164],[0.707757859028227,36.35335010439168]]],[[[0.6919766366502884,36.36567702697025],[0.6943394425433217,36.360346253263565],[0.6977921691646701,36.365253256308016],[0.6919766366502884,36.36567702697025]]]]},"properties":{"speed":0.1075,"dir_deg":305.1,"type":"ضعيف"}},{"type":"Feature","geometry":{"type":"MultiPolygon","coordinates":[[[[0.7500181296438411,36.35316810258792],[0.7350205949763301,36.3528961579303],[0.734984335688648,36.3548958292193],[0.7499818703561589,36.35516777387692],[0.7500181296438411,36.35316810258792]]],[[[0.7300032871099853,36.3538053453556],[0.7350568542640122,36.350896486641304],[0.7349480764009658,36.3568955005083],[0.7300032871099853,36.3538053453556]]]]},"properties":{"speed":0.0771,"dir_deg":269.0,"type":"ضعيف"}},{"type":"Feature","geometry":{"type":"MultiPolygon","coordinates":[[[[-0.416848427662467,36.39681540266932],[-0.4020983141363241,36.39954196661793],[-0.4017347722765085,36.39757528481445],[-0.4164848858026514,36.39484872086584],[-0.416848427662467,36.39681540266932]]],[[[-0.396999838697702,36.399467480365736],[-0.4024618559961396,36.40150864842142],[-0.401371230416693,36.39560860301096],[-0.396999838697702,36.399467480365736]]]]},"properties":{"speed":0.2417,"dir_deg":79.5,"type":"قوي"}},{"type":"Feature","geometry":{"type":"MultiPolygon","coordinates":[[[[-0.37518158811100244,36.39681543644589],[-0.3604309679363429,36.39953925811093],[-0.3600677917143379,36.3975725087543],[-0.37481841188899756,36.394848687089265],[-0.37518158811100244,36.39681543644589]]],[[[-0.3553325064337872,36.39946382398763],[-0.36079414415834776,36.401506007467546],[-0.359704615492333,36.39560575939768],[-0.3553325064337872,36.39946382398763]]]]},"properties":{"speed":0.2341,"dir_deg":79.5,"type":"قوي"}},{"type":"Feature","geometry":{"type":"MultiPolygon","coordinates":[[[[-0.3335217025526202,36.39681416195579],[-0.3187901997294352,36.39963955123348],[-0.31841348115907636,36.39767535085706],[-0.3331449839822614,36.39484996157937],[-0.3335217025526202,36.39681416195579]]],[[[-0.31369133950319406,36.399599247471166],[-0.319166918299794,36.401603751609905],[-0.31803676258871755,36.39571115048063],[-0.31369133950319406,36.399599247471166]]]]},"properties":{"speed":0.2314,"dir_deg":79.1,"type":"قوي"}},{"type":"Feature","geometry":{"type":"MultiPolygon","coordinates":[[[[-0.2918658095477732,36.39681203021411],[-0.277166282849839,36.39979932244232],[-0.27676797721941104,36.39783938554926],[-0.2914675039173452,36.39485209332105],[-0.2918658095477732,36.39681203021411]]],[[[-0.2720672878019803,36.39981511807186],[-0.2775645884802669,36.40175925933538],[-0.2763696715889832,36.3958794486562],[-0.2720672878019803,36.39981511807186]]]]},"properties":{"speed":0.2344,"dir_deg":78.5,"type":"قوي"}},{"type":"Feature","geometry":{"type":"MultiPolygon","coordinates":[[[[-0.250201430055912,36.396811564668326],[-0.23550888654468008,36.39983301550701],[-0.23510602643285614,36.39787400970551],[-0.24979856994408803,36.39485255886683],[-0.250201430055912,36.396811564668326]]],[[[-0.23040994198502415,36.399860662885814],[-0.23591174665650402,36.4017920213085],[-0.2347031663210322,36.395915003904015],[-0.23040994198502415,36.399860662885814]]]]},"properties":{"speed":0.2363,"dir_deg":78.4,"type":"قوي"}},{"type":"Feature","geometry":{"type":"MultiPolygon","coordinates":[[[[-0.20851353420036764,36.39681569069017],[-0.19375910036147898,36.39951877820149],[-0.1933986886933029,36.39755152035631],[-0.20815312253219156,36.39484843284499],[-0.20851353420036764,36.39681569069017]]],[[[-0.18866074991442805,36.39943617844934],[-0.19411951202965502,36.40148603604668],[-0.19303827702512685,36.39558426251112],[-0.18866074991442805,36.39943617844934]]]]},"properties":{"speed":0.231,"dir_deg":79.6,"type":"قوي"}},{"type":"Feature","geometry":{"type":"MultiPolygon","coordinates":[[[[-0.16680437997002998,36.39682253459109],[-0.1519472876173877,36.39888815963573],[-0.15167187094476856,36.39690721398871],[-0.16652896329741082,36.39484158894407],[-0.16680437997002998,36.39682253459109]]],[[[-0.14685721516353073,36.39858622849377],[-0.15222270429000684,36.40086910528275],[-0.15139645427214943,36.39492626834169],[-0.14685721516353073,36.39858622849377]]]]},"properties":{"speed":0.213,"dir_deg":82.1,"type":"متوسط"}},{"type":"Feature","geometry":{"type":"MultiPolygon","coordinates":[[[[-0.12505131586007562,36.396830744240894],[-0.11007107876036464,36.39760048214203],[-0.1099684470402134,36.3956031171954],[-0.12494868413992438,36.39483337929426],[-0.12505131586007562,36.396830744240894]]],[[[-0.10502635053371868,36.39685837896909],[-0.11017371048051587,36.39959784708866],[-0.10986581532006216,36.393605752248774],[-0.10502635053371868,36.39685837896909]]]]},"properties":{"speed":0.1874,"dir_deg":87.1,"type":"متوسط"}},{"type":"Feature","geometry":{"type":"MultiPolygon","coordinates":[[[[-0.08329226946604423,36.396831218189185],[-0.06830492314199813,36.39621522292695],[-0.06838705584363006,36.394216910083735],[-0.08337440216767616,36.39483290534597],[-0.08329226946604423,36.396831218189185]]],[[[-0.06335020738479873,36.39501073475126],[-0.06822279044036618,36.398213535770154],[-0.068469188545262,36.39221859724053],[-0.06335020738479873,36.39501073475126]]]]},"properties":{"speed":0.1716,"dir_deg":92.4,"type":"متوسط"}},{"type":"Feature","geometry":{"type":"MultiPolygon","coordinates":[[[[-0.04155872375355519,36.39682621872673],[-0.026646369366290355,36.395207056403606],[-0.026862257676040176,36.3932187424853],[-0.04177461206330501,36.394837904808426],[-0.04155872375355519,36.39682621872673]]],[[[-0.021783528725410322,36.39367317867008],[-0.02643048105654053,36.39719537032191],[-0.02707814598579,36.391230428567],[-0.021783528725410322,36.39367317867008]]]]},"properties":{"speed":0.1704,"dir_deg":96.2,"type":"متوسط"}},{"type":"Feature","geometry":{"type":"MultiPolygon","coordinates":[[[[3.104930546004776e-05,36.39683157962166],[0.015023817116703272,36.39636584003976],[0.014961718505783176,36.3943668043316],[-3.104930546004776e-05,36.394832543913495],[3.104930546004776e-05,36.39683157962166]]],[[[0.019990357081657632,36.39521107565838],[0.015085915727623368,36.39836487574793],[0.01489961989486308,36.39236776862343],[0.019990357081657632,36.39521107565838]]]]},"properties":{"speed":0.1768,"dir_deg":91.8,"type":"متوسط"}},{"type":"Feature","geometry":{"type":"MultiPolygon","coordinates":[[[[0.041562060310224774,36.396826575342345],[0.05647976393174392,36.39839568931543],[0.05668897912815457,36.396406662165894],[0.041771275506635425,36.39483754819281],[0.041562060310224774,36.396826575342345]]],[[[0.061556939403788966,36.397924213731685],[0.05627054873533327,36.40038471646496],[0.05689819432456522,36.39441763501636],[0.061556939403788966,36.397924213731685]]]]},"properties":{"speed":0.192,"dir_deg":84.0,"type":"متوسط"}},{"type":"Feature","geometry":{"type":"MultiPolygon","coordinates":[[[[0.08304767251018744,36.396790391812615],[0.09742262318574374,36.40107534141271],[0.09799394979908926,36.39915868132263],[0.08361899912353296,36.39487373172254],[0.08304767251018744,36.396790391812615]]],[[[0.10249993671760195,36.40154532790103],[0.09685129657239823,36.40299200150278],[0.09856527641243477,36.39724202123256],[0.10249993671760195,36.40154532790103]]]]},"properties":{"speed":0.2148,"dir_deg":73.4,"type":"متوسط"}},{"type":"Feature","geometry":{"type":"MultiPolygon","coordinates":[[[[0.12455820493934562,36.39672917777144],[0.13801494499724282,36.403356103681254],[0.13889853511855155,36.40156187167353],[0.12544179506065437,36.394934945763715],[0.12455820493934562,36.39672917777144]]],[[[0.14294232007719626,36.40466796298067],[0.13713135487593406,36.40515033568897],[0.1397821252398603,36.39976763966581],[0.14294232007719626,36.40466796298067]]]]},"properties":{"speed":0.2398,"dir_deg":63.8,"type":"قوي"}},{"type":"Feature","geometry":{"type":"MultiPolygon","coordinates":[[[[0.16611441541929836,36.39666573620861],[0.1786195320347983,36.404949579424944],[0.17972404446364237,36.40328223054288],[0.16721892784814243,36.394998387326545],[0.16611441541929836,36.39666573620861]]],[[[0.18334016045438697,36.40687718605602],[0.1775150196059542,36.40661692830701],[0.18082855689248648,36.40161488166081],[0.18334016045438697,36.40687718605602]]]]},"properties":{"speed":0.2667,"dir_deg":56.5,"type":"قوي"}},{"type":"Feature","geometry":{"type":"MultiPolygon","coordinates":[[[[0.20770063714413126,36.39660646593687],[0.21931669968350728,36.40609683426909],[0.22058208212780397,36.40454802593051],[0.20896601958842795,36.39505765759829],[0.20770063714413126,36.39660646593687]]],[[[0.22382141175211429,36.40848588621054],[0.21805131723921056,36.407645642607676],[0.2218474645721007,36.402999217591926],[0.22382141175211429,36.40848588621054]]]]},"properties":{"speed":0.2934,"dir_deg":50.8,"type":"قوي"}},{"type":"Feature","geometry":{"type":"MultiPolygon","coordinates":[[[[0.24934568121254663,36.39658828060124],[0.260688963717481,36.40640306241304],[0.26199760129238775,36.40489062474571],[0.25065431878745337,36.39507584293391],[0.24934568121254663,36.39658828060124]]],[[[0.26512437667324584,36.40891843751665],[0.2593803261425743,36.407915500080364],[0.2633062388672945,36.40337818707839],[0.26512437667324584,36.40891843751665]]]]},"properties":{"speed":0.3046,"dir_deg":49.1,"type":"قوي"}},{"type":"Feature","geometry":{"type":"MultiPolygon","coordinates":[[[[0.2910357700167528,36.39660793672646],[0.30267389439997155,36.40607123746356],[0.3039356678315844,36.40451948754579],[0.2922975434483656,36.395056186808695],[0.2910357700167528,36.39660793672646]]],[[[0.3071841559101842,36.40844979608371],[0.3014121209683587,36.407622987381316],[0.30519744126319726,36.40296773762803],[0.3071841559101842,36.40844979608371]]]]},"properties":{"speed":0.3081,"dir_deg":50.9,"type":"قوي"}},{"type":"Feature","geometry":{"type":"MultiPolygon","coordinates":[[[[0.33270996169826894,36.39661397955048],[0.3444387284417843,36.40596470308806],[0.345685491580128,36.404400867522256],[0.33395672483661265,36.395050143984676],[0.33270996169826894,36.39661397955048]]],[[[0.3489716989254613,36.408299693151015],[0.34319196530344065,36.407528538653864],[0.34693225471847167,36.40283703195645],[0.3489716989254613,36.408299693151015]]]]},"properties":{"speed":0.3254,"dir_deg":51.4,"type":"قوي"}},{"type":"Feature","geometry":{"type":"MultiPolygon","coordinates":[[[[0.3743696306456218,36.39660835712185],[0.38601406095966784,36.40606389743752],[0.38727479966842426,36.40451130672898],[0.3756303693543782,36.39505576641331],[0.3743696306456218,36.39660835712185]]],[[[0.39052590708539475,36.40843944885514],[0.38475332225091136,36.407616488146054],[0.38853553837718074,36.40295871602044],[0.39052590708539475,36.40843944885514]]]]},"properties":{"speed":0.3402,"dir_deg":50.9,"type":"قوي"}},{"type":"Feature","geometry":{"type":"MultiPolygon","coordinates":[[[[0.4159889710780448,36.39656741348864],[0.42701924689393894,36.40673269830636],[0.4283746182029678,36.40526199486423],[0.41734434238707363,36.395096710046516],[0.4159889710780448,36.39656741348864]]],[[[0.43137369115375146,36.40938577485787],[0.42566387558491003,36.40820340174847],[0.4297299895119967,36.40379129142212],[0.43137369115375146,36.40938577485787]]]]},"properties":{"speed":0.363,"dir_deg":47.3,"type":"قوي"}},{"type":"Feature","geometry":{"type":"MultiPolygon","coordinates":[[[[0.4576712396648468,36.39658147408362],[0.46891242440544284,36.406513028122525],[0.47023663161063084,36.405014203490445],[0.4589954468700348,36.39508264945154],[0.4576712396648468,36.39658147408362]]],[[[0.47332158958823556,36.40907413381946],[0.46758821720025484,36.408011852754605],[0.47156083881581884,36.403515378858366],[0.47332158958823556,36.40907413381946]]]]},"properties":{"speed":0.34,"dir_deg":48.5,"type":"قوي"}},{"type":"Feature","geometry":{"type":"MultiPolygon","coordinates":[[[[0.499279766401134,36.396525793389365],[0.5096857407279092,36.40732929737236],[0.5111262079256413,36.40594183412878],[0.5007202335988661,36.39513833014579],[0.499279766401134,36.396525793389365]]],[[[0.5138746324357003,36.4102367337449],[0.5082452735301771,36.408716760615924],[0.5125666751233734,36.404554370885215],[0.5138746324357003,36.4102367337449]]]]},"properties":{"speed":0.3291,"dir_deg":43.9,"type":"قوي"}},{"type":"Feature","geometry":{"type":"MultiPolygon","coordinates":[[[[0.5409293210401587,36.39650755575511],[0.5510617308531408,36.40756803817595],[0.5525364618425866,36.406217050200894],[0.5424040520296045,36.39515656778005],[0.5409293210401587,36.39650755575511]]],[[[0.5551765662855245,36.41057937166204],[0.5495869998636951,36.40891902615102],[0.5540111928320324,36.40486606222583],[0.5551765662855245,36.41057937166204]]]]},"properties":{"speed":0.2321,"dir_deg":42.5,"type":"قوي"}},{"type":"Feature","geometry":{"type":"MultiPolygon","coordinates":[[[[0.582493000178991,36.396374162847785],[0.5906245163820414,36.4089788621397],[0.5923051429542963,36.407894659979284],[0.5841736267512458,36.39528996068737],[0.582493000178991,36.396374162847785]]],[[[0.5941753350691856,36.41263832749013],[0.5889438898097864,36.410063064300104],[0.5939857695265512,36.40681045781888],[0.5941753350691856,36.41263832749013]]]]},"properties":{"speed":0.1353,"dir_deg":32.8,"type":"متوسط"}},{"type":"Feature","geometry":{"type":"MultiPolygon","coordinates":[[[[0.6240183654608064,36.396022832917026],[0.6268799327025383,36.41074735100493],[0.6288432017809256,36.41036580870603],[0.6259816345391936,36.39564129061813],[0.6240183654608064,36.396022832917026]]],[[[0.628815422988976,36.41546475255145],[0.6249166636241509,36.411128893303825],[0.630806470859313,36.409984266407136],[0.628815422988976,36.41546475255145]]]]},"properties":{"speed":0.1079,"dir_deg":11.0,"type":"ضعيف"}},{"type":"Feature","geometry":{"type":"MultiPolygon","coordinates":[[[[0.6659326007277011,36.39515300504852],[0.6557467499418486,36.40616429215623],[0.6572149215562095,36.40752240559434],[0.6674007723420621,36.396511118486636],[0.6659326007277011,36.39515300504852]]],[[[0.6530855521537449,36.410513777911184],[0.6542785783274877,36.40480617871811],[0.6586830931705704,36.40888051903246],[0.6530855521537449,36.410513777911184]]]]},"properties":{"speed":0.0855,"dir_deg":317.2,"type":"ضعيف"}},{"type":"Feature","geometry":{"type":"MultiPolygon","coordinates":[[[[0.7078512432477163,36.394955929183155],[0.6947092544813187,36.402186982444185],[0.6956733949161229,36.40393924761303],[0.7088153836825205,36.396708194352],[0.7078512432477163,36.394955929183155]]],[[[0.6908106617765883,36.40547346611562],[0.6937451140465144,36.40043471727533],[0.6966375353509272,36.405691512781885],[0.6908106617765883,36.40547346611562]]]]},"properties":{"speed":0.1485,"dir_deg":298.8,"type":"متوسط"}},{"type":"Feature","geometry":{"type":"MultiPolygon","coordinates":[[[[0.7497782893589974,36.394856949265524],[0.7351516018281551,36.39818260888056],[0.7355950231101603,36.40013283388467],[0.7502217106410026,36.39680717426963],[0.7497782893589974,36.394856949265524]]],[[[0.730497749958877,36.40026627458763],[0.73470818054615,36.396232383876445],[0.7360384443921655,36.402083058888785],[0.730497749958877,36.40026627458763]]]]},"properties":{"speed":0.17,"dir_deg":282.8,"type":"متوسط"}},{"type":"Feature","geometry":{"type":"MultiPolygon","coordinates":[[[[0.7909873777055528,36.395098209252154],[0.779979589974174,36.405287841692086],[0.7813382076328316,36.406755546722934],[0.7923459953642104,36.396565914283],[0.7909873777055528,36.395098209252154]]],[[[0.7769896362263766,36.40941823835416],[0.7786209723155165,36.40382013666123],[0.7826968252914891,36.40822325175379],[0.7769896362263766,36.40941823835416]]]]},"properties":{"speed":0.2076,"dir_deg":312.8,"type":"متوسط"}},{"type":"Feature","geometry":{"type":"MultiPolygon","coordinates":[[[[0.832598165902844,36.39515415464881],[0.8224295591212625,36.406181368082926],[0.8238998542458114,36.40753718232047],[0.8340684610273928,36.39650996888635],[0.832598165902844,36.39515415464881]]],[[[0.8197751710896765,36.41053501301307],[0.8209592639967135,36.40482555384538],[0.8253701493703604,36.408892996558016],[0.8197751710896765,36.41053501301307]]]]},"properties":{"speed":0.1313,"dir_deg":317.3,"type":"متوسط"}},{"type":"Feature","geometry":{"type":"MultiPolygon","coordinates":[[[[0.8743005088315843,36.3951174205252],[0.8635808901959061,36.40560978805144],[0.8649798725327376,36.40703907053619],[0.8756994911684157,36.39654670300995],[0.8743005088315843,36.3951174205252]]],[[[0.8607071751524291,36.40982188513589],[0.8621819078590746,36.404180505566686],[0.8663788548695691,36.40846835302095],[0.8607071751524291,36.40982188513589]]]]},"properties":{"speed":0.0737,"dir_deg":314.4,"type":"ضعيف"}},{"type":"Feature","geometry":{"type":"MultiPolygon","coordinates":[[[[-0.41682842074662724,36.43848682947045],[-0.402025978689847,36.44091328968147],[-0.40170245066171095,36.43893963074057],[-0.41650489271849117,36.43651317052955],[-0.41682842074662724,36.43848682947045]]],[[[-0.3969300673235189,36.44073528028136],[-0.40234950671798303,36.44288694862237],[-0.40137892263357494,36.436965971799665],[-0.3969300673235189,36.44073528028136]]]]},"properties":{"speed":0.2572,"dir_deg":80.7,"type":"قوي"}},{"type":"Feature","geometry":{"type":"MultiPolygon","coordinates":[[[[-0.37520294736857007,36.43847918964741],[-0.36051510265745407,36.44152340017596],[-0.3601092079203139,36.43956502088114],[-0.37479705263142993,36.43652081035259],[-0.37520294736857007,36.43847918964741]]],[[[-0.3554162070518453,36.4415589473714],[-0.3609209973945942,36.44348177947077],[-0.3597033131831738,36.43760664158633],[-0.3554162070518453,36.4415589473714]]]]},"properties":{"speed":0.2528,"dir_deg":78.3,"type":"قوي"}},{"type":"Feature","geometry":{"type":"MultiPolygon","coordinates":[[[[-0.3335976184609239,36.438464447314324],[-0.319130908746043,36.44242857521657],[-0.3186023583590768,36.44049968058792],[-0.3330690680739577,36.436535552685676],[-0.3335976184609239,36.438464447314324]]],[[[-0.3140443969809329,36.442785503869665],[-0.31965945913300925,36.44435746984522],[-0.31807380797211054,36.438570785959264],[-0.3140443969809329,36.442785503869665]]]]},"properties":{"speed":0.2526,"dir_deg":74.7,"type":"قوي"}},{"type":"Feature","geometry":{"type":"MultiPolygon","coordinates":[[[[-0.29198075025559583,36.438449392046934],[-0.27773986955154706,36.443160794892485],[-0.2771116825054738,36.44126201079862],[-0.2913525632095226,36.436550607953066],[-0.29198075025559583,36.438449392046934]]],[[[-0.27267881579382747,36.44378187046073],[-0.2783680565976203,36.44505957898636],[-0.27648349545940054,36.43936322670474],[-0.27267881579382747,36.44378187046073]]]]},"properties":{"speed":0.2558,"dir_deg":71.7,"type":"قوي"}},{"type":"Feature","geometry":{"type":"MultiPolygon","coordinates":[[[[-0.2503350030090414,36.43844221705776],[-0.2362017471426467,36.44346726219338],[-0.235531741124564,36.441582828077856],[-0.24966499699095865,36.43655778294224],[-0.2503350030090414,36.43844221705776]]],[[[-0.23115565884480713,36.444200060180826],[-0.2368717531607294,36.4453516963089],[-0.23486173510648128,36.43969839396234],[-0.23115565884480713,36.444200060180826]]]]},"properties":{"speed":0.253,"dir_deg":70.4,"type":"قوي"}},{"type":"Feature","geometry":{"type":"MultiPolygon","coordinates":[[[[-0.20863130721610615,36.438454572472395],[-0.19431272013016745,36.44292425521979],[-0.19371676243051436,36.441015110275],[-0.20803534951645306,36.436545427527605],[-0.20863130721610615,36.438454572472395]]],[[[-0.18924187891836133,36.44345957699653],[-0.19490867782982055,36.44483340016458],[-0.19312080473086127,36.439105965330214],[-0.18924187891836133,36.44345957699653]]]]},"properties":{"speed":0.2367,"dir_deg":72.7,"type":"قوي"}},{"type":"Feature","geometry":{"type":"MultiPolygon","coordinates":[[[[-0.16685534891791223,36.43848203914506],[-0.15212476174201361,36.441312198407935],[-0.15174740717362994,36.43934812011782],[-0.16647799434952856,36.43651796085494],[-0.16685534891791223,36.43848203914506]]],[[[-0.14702588873252226,36.441273545683835],[-0.15250211631039728,36.44327627669806],[-0.15137005260524627,36.4373840418277],[-0.14702588873252226,36.441273545683835]]]]},"properties":{"speed":0.2093,"dir_deg":79.1,"type":"متوسط"}},{"type":"Feature","geometry":{"type":"MultiPolygon","coordinates":[[[[-0.12500188844052373,36.4384999982169],[-0.11000191518710467,36.43852832482475],[-0.1099981383060572,36.436528328390956],[-0.12499811155947627,36.4365000017831],[-0.12500188844052373,36.4384999982169]]],[[[-0.10500003566210792,36.43753776881047],[-0.11000569206815212,36.44052832125854],[-0.10999436142500975,36.43452833195717],[-0.10500003566210792,36.43753776881047]]]]},"properties":{"speed":0.1794,"dir_deg":89.9,"type":"متوسط"}},{"type":"Feature","geometry":{"type":"MultiPolygon","coordinates":[[[[-0.083133204531473,36.43847976908943],[-0.0684366681899711,36.43547779980862],[-0.06883693076074549,36.43351826162976],[-0.08353346710224739,36.43652023091057],[-0.083133204531473,36.43847976908943]]],[[[-0.06373795402819099,36.43349737429226],[-0.06803640561919673,36.43743733798749],[-0.06923719333151986,36.43155872345089],[-0.06373795402819099,36.43349737429226]]]]},"properties":{"speed":0.1633,"dir_deg":101.5,"type":"متوسط"}},{"type":"Feature","geometry":{"type":"MultiPolygon","coordinates":[[[[-0.041363293462239235,36.438452871421234],[-0.027070222143777387,36.43390225472837],[-0.027676971036159122,36.431996511885906],[-0.041970042354620964,36.436547128578766],[-0.041363293462239235,36.438452871421234]]],[[[-0.022609239483814308,36.43143251107618],[-0.026463473251395656,36.43580799757083],[-0.028283719928540854,36.430090769043446],[-0.022609239483814308,36.43143251107618]]]]},"properties":{"speed":0.1645,"dir_deg":107.7,"type":"متوسط"}},{"type":"Feature","geometry":{"type":"MultiPolygon","coordinates":[[[[0.00030107431332976504,36.4384536006805],[0.014605084520852945,36.43393748598056],[0.014002935894193415,36.43203028461955],[-0.00030107431332976504,36.4365463993195],[0.00030107431332976504,36.4384536006805]]],[[[0.019072013610030907,36.4314785137334],[0.015207233147512475,36.43584468734156],[0.013400787267533885,36.43012308325855],[0.019072013610030907,36.4314785137334]]]]},"properties":{"speed":0.1699,"dir_deg":107.5,"type":"متوسط"}},{"type":"Feature","geometry":{"type":"MultiPolygon","coordinates":[[[[0.041849951294287674,36.438483060120475],[0.05659585310141468,36.43573380933261],[0.05622928632969953,36.43376768909166],[0.041483384522572525,36.436516939879525],[0.041849951294287674,36.438483060120475]]],[[[0.06132787031793277,36.43383433228285],[0.05696241987312982,36.43769992957356],[0.055862719557984386,36.43180156885071],[0.06132787031793277,36.43383433228285]]]]},"properties":{"speed":0.1735,"dir_deg":100.6,"type":"متوسط"}},{"type":"Feature","geometry":{"type":"MultiPolygon","coordinates":[[[[0.08328626674191511,36.438498891636854],[0.09826964129477729,36.43920492776103],[0.09836377944466747,36.437207144487324],[0.08338040489180529,36.436501108363146],[0.08328626674191511,36.438498891636854]]],[[[0.10331116855400978,36.438441381498905],[0.09817550314488711,36.44120271103475],[0.09845791759455765,36.43520936121361],[0.10331116855400978,36.438441381498905]]]]},"properties":{"speed":0.1805,"dir_deg":87.3,"type":"متوسط"}},{"type":"Feature","geometry":{"type":"MultiPolygon","coordinates":[[[[0.1246865969337787,36.43844962019676],[0.13893089988508858,36.44315066619008],[0.13955770601753117,36.441251425796565],[0.1253134030662213,36.43655037980324],[0.1246865969337787,36.43844962019676]]],[[[0.14399240393507984,36.44376806132443],[0.138304093752646,36.445049906583584],[0.14018451214997377,36.43935218540306],[0.14399240393507984,36.44376806132443]]]]},"properties":{"speed":0.2017,"dir_deg":71.7,"type":"متوسط"}},{"type":"Feature","geometry":{"type":"MultiPolygon","coordinates":[[[[0.1661657459075967,36.43836549027546],[0.17914810003942397,36.44587937616731],[0.18014995149167137,36.444148395616395],[0.1671675973598441,36.43663450972454],[0.1661657459075967,36.43836549027546]]],[[[0.18397647714282342,36.44751851452247],[0.17814624858717654,36.44761035671822],[0.1811518029439188,36.442417415065485],[0.18397647714282342,36.44751851452247]]]]},"properties":{"speed":0.2344,"dir_deg":59.9,"type":"قوي"}},{"type":"Feature","geometry":{"type":"MultiPolygon","coordinates":[[[[0.2077198382418957,36.43828970239159],[0.2195653741157498,36.44749205425735],[0.22079235436451763,36.44591264947417],[0.20894681849066352,36.43671029760841],[0.2077198382418957,36.43828970239159]]],[[[0.22412737619808512,36.44976980248768],[0.21833839386698195,36.44907145904053],[0.2220193346132855,36.44433324469099],[0.22412737619808512,36.44976980248768]]]]},"properties":{"speed":0.2684,"dir_deg":52.2,"type":"قوي"}},{"type":"Feature","geometry":{"type":"MultiPolygon","coordinates":[[[[0.24934986789079272,36.438259821189874],[0.26074718573886485,36.448011802827985],[0.2620474499572794,36.44649216044824],[0.2506501321092073,36.436740178810126],[0.24934986789079272,36.438259821189874]]],[[[0.2651964237974295,36.45050264218415],[0.25944692152045035,36.449531445207725],[0.2633477141756939,36.4449725180685],[0.2651964237974295,36.45050264218415]]]]},"properties":{"speed":0.2907,"dir_deg":49.4,"type":"قوي"}},{"type":"Feature","geometry":{"type":"MultiPolygon","coordinates":[[[[0.2910339200215247,36.438274367002464],[0.30264942505852443,36.44776541766798],[0.3039148984805935,36.44621668366305],[0.29229939344359374,36.436725632997536],[0.2910339200215247,36.438274367002464]]],[[[0.3071539967818922,36.45015473422069],[0.3013839516364553,36.449314151672915],[0.3051803719026626,36.44466794965812],[0.3071539967818922,36.45015473422069]]]]},"properties":{"speed":0.2955,"dir_deg":50.7,"type":"قوي"}},{"type":"Feature","geometry":{"type":"MultiPolygon","coordinates":[[[[0.3327031919003037,36.43827647231406],[0.3443502766111412,36.44772874282111],[0.34561057934541545,36.446175798192996],[0.3339634946345779,36.43672352768594],[0.3327031919003037,36.43827647231406]]],[[[0.3488627895485575,36.45010302734274],[0.34308997387686696,36.44928168744922],[0.3468708820796897,36.44462285356489],[0.3488627895485575,36.45010302734274]]]]},"properties":{"speed":0.295,"dir_deg":50.9,"type":"قوي"}},{"type":"Feature","geometry":{"type":"MultiPolygon","coordinates":[[[[0.3743605419694768,36.4382688260058],[0.38589293205652564,36.44786069646365],[0.387171848117572,36.44632304445204],[0.3756394580305232,36.4367311739942],[0.3743605419694768,36.4382688260058]]],[[[0.3903765201160651,36.45028916061047],[0.38461401599547923,36.449398348475256],[0.3884507641786184,36.44478539244044],[0.3903765201160651,36.45028916061047]]]]},"properties":{"speed":0.2944,"dir_deg":50.2,"type":"قوي"}},{"type":"Feature","geometry":{"type":"MultiPolygon","coordinates":[[[[0.4160078826243603,36.438252340796694],[0.42729299457473585,36.44813395241968],[0.4286105427911337,36.44662927082629],[0.4173254308407581,36.436747659203306],[0.4160078826243603,36.438252340796694]]],[[[0.4317134726663933,36.45067548216398],[0.425975446358338,36.44963863401306],[0.42992809100753154,36.44512458923291],[0.4317134726663933,36.45067548216398]]]]},"properties":{"speed":0.305,"dir_deg":48.8,"type":"قوي"}},{"type":"Feature","geometry":{"type":"MultiPolygon","coordinates":[[[[0.45766778902022537,36.43824634947847],[0.46886303119728623,36.4482296631867],[0.4701941396917171,36.446736964229764],[0.4589988975146562,36.43675365052153],[0.45766778902022537,36.43824634947847]]],[[[0.47326033283685526,36.450811084944306],[0.46753192270285543,36.449722362143646],[0.4715252481861479,36.44524426527282],[0.47326033283685526,36.450811084944306]]]]},"properties":{"speed":0.3062,"dir_deg":48.3,"type":"قوي"}},{"type":"Feature","geometry":{"type":"MultiPolygon","coordinates":[[[[0.49930834971133825,36.438222232565174],[0.5101418381889098,36.4485969868951],[0.5115251387662334,36.44715252176475],[0.5006916502886618,36.436777767434826],[0.49930834971133825,36.438222232565174]]],[[[0.5144446513034288,36.451333005773236],[0.5087585376115863,36.45004145202544],[0.5129084393435569,36.44570805663441],[0.5144446513034288,36.451333005773236]]]]},"properties":{"speed":0.2913,"dir_deg":46.2,"type":"قوي"}},{"type":"Feature","geometry":{"type":"MultiPolygon","coordinates":[[[[0.5409365767963753,36.43818332991281],[0.551186525488497,36.449134975990404],[0.5526467449655096,36.44776831616478],[0.5423967962733879,36.43681667008719],[0.5409365767963753,36.43818332991281]]],[[[0.5553332847910438,36.45210219477013],[0.5497263060114845,36.45050163581602],[0.554106964442522,36.44640165633917],[0.5553332847910438,36.45210219477013]]]]},"properties":{"speed":0.2318,"dir_deg":43.1,"type":"قوي"}},{"type":"Feature","geometry":{"type":"MultiPolygon","coordinates":[[[[0.5826012186275733,36.43818120272228],[0.5928192594617535,36.44916262528545],[0.5942834491368437,36.4478002198409],[0.5840654083026635,36.43681879727772],[0.5826012186275733,36.43818120272228]]],[[[0.596957367910692,36.4521418967509],[0.5913550697866634,36.45052503073001],[0.5957476388119338,36.44643781439634],[0.596957367910692,36.4521418967509]]]]},"properties":{"speed":0.1548,"dir_deg":42.9,"type":"متوسط"}},{"type":"Feature","geometry":{"type":"MultiPolygon","coordinates":[[[[0.6243247933413043,36.4382376286112],[0.6353892225092242,36.44836572849163],[0.6367396358266156,36.446890471269235],[0.6256752066586957,36.4367623713888],[0.6243247933413043,36.4382376286112]]],[[[0.6397525722238931,36.45100413317392],[0.6340388091918328,36.44984098571402],[0.6380900491440071,36.44541521404685],[0.6397525722238931,36.45100413317392]]]]},"properties":{"speed":0.1186,"dir_deg":47.5,"type":"متوسط"}},{"type":"Feature","geometry":{"type":"MultiPolygon","coordinates":[[[[0.6657681393137121,36.43793887685212],[0.6723512920955436,36.451417085169666],[0.6741483865378824,36.45053933146542],[0.667565233756051,36.43706112314788],[0.6657681393137121,36.43793887685212]]],[[[0.6754442235773235,36.45547094442339],[0.6705541976532046,36.45229483887391],[0.6759454809802214,36.44966157776118],[0.6754442235773235,36.45547094442339]]]]},"properties":{"speed":0.1027,"dir_deg":26.0,"type":"ضعيف"}},{"type":"Feature","geometry":{"type":"MultiPolygon","coordinates":[[[[0.7073952292879109,36.43715359261487],[0.7021991185109565,36.45122485527298],[0.7040752868653716,36.451917670043244],[0.7092713976423259,36.43784640738513],[0.7073952292879109,36.43715359261487]]],[[[0.7014051657625126,36.45626168354415],[0.7003229501565413,36.45053204050272],[0.7059514552197867,36.452610484813505],[0.7014051657625126,36.45626168354415]]]]},"properties":{"speed":0.1303,"dir_deg":339.7,"type":"متوسط"}},{"type":"Feature","geometry":{"type":"MultiPolygon","coordinates":[[[[0.7493036365230042,36.436782310716325],[0.7385382972678327,36.44722776287126],[0.7399310242218242,36.44866314143861],[0.7506963634769958,36.438217689283675],[0.7493036365230042,36.436782310716325]]],[[[0.735646214326438,36.45142726953991],[0.7371455703138412,36.4457923843039],[0.7413237511758157,36.450098520005966],[0.735646214326438,36.45142726953991]]]]},"properties":{"speed":0.1598,"dir_deg":314.1,"type":"متوسط"}},{"type":"Feature","geometry":{"type":"MultiPolygon","coordinates":[[[[0.7908698778366752,36.4368957683404],[0.7818064029426798,36.4488478988135],[0.7834000203390926,36.4500563621327],[0.792463495233088,36.4381042316596],[0.7908698778366752,36.4368957683404]]],[[[0.7795820533428878,36.45343617396413],[0.7802127855462669,36.4476394354943],[0.7849936377355055,36.451264825451894],[0.7795820533428878,36.45343617396413]]]]},"properties":{"speed":0.1987,"dir_deg":322.8,"type":"متوسط"}},{"type":"Feature","geometry":{"type":"MultiPolygon","coordinates":[[[[0.8325940618326438,36.43682657069868],[0.8224926223127617,36.4479153451858],[0.8239711255777108,36.44926220378844],[0.834072565097593,36.43817342930132],[0.8325940618326438,36.43682657069868]]],[[[0.8198647274386088,36.45228503264949],[0.8210141190478126,36.446568486583146],[0.8254496288426598,36.450609062391095],[0.8198647274386088,36.45228503264949]]]]},"properties":{"speed":0.154,"dir_deg":317.7,"type":"متوسط"}},{"type":"Feature","geometry":{"type":"MultiPolygon","coordinates":[[[[0.8743573733092198,36.436733820558686],[0.8628646816894643,36.44637322092039],[0.8641499350710247,36.44790557980302],[0.8756426266907802,36.438266179441314],[0.8743573733092198,36.436733820558686]]],[[[0.8596764111736592,36.450352533815604],[0.8615794283079039,36.44484086203776],[0.865435188452585,36.449437938685655],[0.8596764111736592,36.450352533815604]]]]},"properties":{"speed":0.1234,"dir_deg":310.0,"type":"متوسط"}},{"type":"Feature","geometry":{"type":"MultiPolygon","coordinates":[[[[0.9160406012156954,36.436720245440476],[0.9043442828228244,36.44611152522827],[0.9055964534611968,36.447671034347316],[0.9172927718540678,36.438279754559524],[0.9160406012156954,36.436720245440476]]],[[[0.901071595344387,36.45002170638372],[0.9030921121844522,36.44455201610922],[0.906848624099569,36.44923054346636],[0.901071595344387,36.45002170638372]]]]},"properties":{"speed":0.1133,"dir_deg":308.8,"type":"متوسط"}},{"type":"Feature","geometry":{"type":"MultiPolygon","coordinates":[[[[-0.4167706505205095,36.48016251617913],[-0.40185198131996597,36.48172242299838],[-0.4016439937440654,36.47973326710497],[-0.4165626629446089,36.478173360285716],[-0.4167706505205095,36.48016251617913]]],[[[-0.3967750977985012,36.48124781399143],[-0.4020599688958665,36.483711578891786],[-0.4014360061681649,36.477744111211564],[-0.3967750977985012,36.48124781399143]]]]},"properties":{"speed":0.2316,"dir_deg":84.0,"type":"قوي"}},{"type":"Feature","geometry":{"type":"MultiPolygon","coordinates":[[[[-0.375168990891451,36.48015355584519],[-0.3603847266998693,36.482688419216956],[-0.3600467449169673,36.480717183991416],[-0.374831009108549,36.47818232061965],[-0.375168990891451,36.48015355584519]]],[[[-0.35528764774455773,36.48254775606144],[-0.36072270848277127,36.4846596544425],[-0.35970876313406536,36.47874594876587],[-0.35528764774455773,36.48254775606144]]]]},"properties":{"speed":0.2331,"dir_deg":80.3,"type":"قوي"}},{"type":"Feature","geometry":{"type":"MultiPolygon","coordinates":[[[[-0.33361228601836695,36.48012824596524],[-0.3192076700261306,36.48431238722913],[-0.3186497845242783,36.482391771763496],[-0.33305440051651464,36.478207630499604],[-0.33361228601836695,36.48012824596524]]],[[[-0.3141271886111256,36.48474679325094],[-0.3197655555279829,36.48623300269476],[-0.31809189902242596,36.48047115629787],[-0.3141271886111256,36.48474679325094]]]]},"properties":{"speed":0.2383,"dir_deg":73.8,"type":"قوي"}},{"type":"Feature","geometry":{"type":"MultiPolygon","coordinates":[[[[-0.29204717796632396,36.48009271041553],[-0.27817559521967306,36.485800528922006],[-0.27741455275214355,36.48395098455578],[-0.29128613549879445,36.47824316604931],[-0.29204717796632396,36.48009271041553]]],[[[-0.27317121307035797,36.486778362907714],[-0.27893663768720256,36.48765007328822],[-0.27665351028461405,36.48210144018957],[-0.27317121307035797,36.486778362907714]]]]},"properties":{"speed":0.2469,"dir_deg":67.6,"type":"قوي"}},{"type":"Feature","geometry":{"type":"MultiPolygon","coordinates":[[[[-0.25042757116213066,36.48007191992544],[-0.23686784576683956,36.486485487357406],[-0.23601270344257824,36.484677523971364],[-0.24957242883786934,36.4782639565394],[-0.25042757116213066,36.48007191992544]]],[[[-0.23192036613961187,36.48771936147504],[-0.2377229880911009,36.48829345074344],[-0.2351575611183169,36.48286956058533],[-0.23192036613961187,36.48771936147504]]]]},"properties":{"speed":0.2492,"dir_deg":64.7,"type":"قوي"}},{"type":"Feature","geometry":{"type":"MultiPolygon","coordinates":[[[[-0.20870972071930413,36.480094398591305],[-0.1948128153360346,36.48574028388667],[-0.19406003062998553,36.483887363168904],[-0.20795693601325507,36.47824147787354],[-0.20870972071930413,36.480094398591305]]],[[[-0.1898041211885869,36.486695785292916],[-0.19556560004208368,36.487593204604444],[-0.19330724592393644,36.48203444245113],[-0.1898041211885869,36.486695785292916]]]]},"properties":{"speed":0.2335,"dir_deg":67.9,"type":"قوي"}},{"type":"Feature","geometry":{"type":"MultiPolygon","coordinates":[[[[-0.16688134514637237,36.48014462409951],[-0.1522310571400814,36.48336472678929],[-0.15180171011477744,36.481411355055116],[-0.16645199812106842,36.478191252365335],[-0.16688134514637237,36.48014462409951]]],[[[-0.14713295429199907,36.48346140848546],[-0.15266040416538534,36.485318098523464],[-0.1513723630894735,36.47945798332094],[-0.14713295429199907,36.48346140848546]]]]},"properties":{"speed":0.2044,"dir_deg":77.6,"type":"متوسط"}},{"type":"Feature","geometry":{"type":"MultiPolygon","coordinates":[[[[-0.12494864059000639,36.48016661846703],[-0.10996843707082317,36.479396227317125],[-0.11007115589081039,36.477398866847906],[-0.12505135940999362,36.47816925799781],[-0.12494864059000639,36.48016661846703]]],[[[-0.1050263953077557,36.47814075003255],[-0.10986571825083595,36.48139358778635],[-0.1101738747107976,36.47540150637868],[-0.1050263953077557,36.47814075003255]]]]},"properties":{"speed":0.1773,"dir_deg":92.9,"type":"متوسط"}},{"type":"Feature","geometry":{"type":"MultiPolygon","coordinates":[[[[-0.08303576176690179,36.48012263697275],[-0.06871528066192302,36.475659026223376],[-0.06931042876183983,36.473749628742716],[-0.0836309098668186,36.47821323949209],[-0.08303576176690179,36.48012263697275]]],[[[-0.06423936101022185,36.47321645723326],[-0.0681201325620062,36.47756842370404],[-0.06990557686175665,36.47184023126205],[-0.06423936101022185,36.47321645723326]]]]},"properties":{"speed":0.1645,"dir_deg":107.3,"type":"متوسط"}},{"type":"Feature","geometry":{"type":"MultiPolygon","coordinates":[[[[-0.04127066103193557,36.48008618577735],[-0.027496947857993122,36.474146082629936],[-0.028288961610982176,36.472309587540074],[-0.04206267478492463,36.47824969068749],[-0.04127066103193557,36.48008618577735]]],[[[-0.023301717009840163,36.47124780070253],[-0.026704934105004068,36.47598257771979],[-0.02908097536397123,36.47047309245022],[-0.023301717009840163,36.47124780070253]]]]},"properties":{"speed":0.1618,"dir_deg":113.3,"type":"متوسط"}},{"type":"Feature","geometry":{"type":"MultiPolygon","coordinates":[[[[0.0003789041630454488,36.48009337414875],[0.014260442907940998,36.47440981170307],[0.013502634581850102,36.47255893987041],[-0.0003789041630454488,36.47824250231609],[0.0003789041630454488,36.48009337414875]]],[[[0.0185087183265274,36.47158985497151],[0.015018251234031896,36.47626068353572],[0.012744826255759205,36.47070806803776],[0.0185087183265274,36.47158985497151]]]]},"properties":{"speed":0.1635,"dir_deg":112.3,"type":"متوسط"}},{"type":"Feature","geometry":{"type":"MultiPolygon","coordinates":[[[[0.04192741037930711,36.4801333466247],[0.056408536263478345,36.47622220956154],[0.05588705132172432,36.47429139277699],[0.04140592543755309,36.478202529840146],[0.04192741037930711,36.4801333466247]]],[[[0.06097483575399175,36.47395308881488],[0.05693002120523236,36.4781530263461],[0.0553655663799703,36.47236057599243],[0.06097483575399175,36.47395308881488]]]]},"properties":{"speed":0.1642,"dir_deg":105.1,"type":"متوسط"}},{"type":"Feature","geometry":{"type":"MultiPolygon","coordinates":[[[[0.08335820294787226,36.480167628997506],[0.09835356442413973,36.47979462203232],[0.09830383016211561,36.477795240502154],[0.08330846868584814,36.47816824746734],[0.08335820294787226,36.480167628997506]]],[[[0.10332715111855016,36.47867059561218],[0.09840329868616386,36.48179400356249],[0.09825409590009147,36.475795858971985],[0.10332715111855016,36.47867059561218]]]]},"properties":{"speed":0.1663,"dir_deg":91.4,"type":"متوسط"}},{"type":"Feature","geometry":{"type":"MultiPolygon","coordinates":[[[[0.12475411347044169,36.48013723685234],[0.1392935927692645,36.48382553479572],[0.13978536582838114,36.48188693755588],[0.12524588652955831,36.4781986396125],[0.12475411347044169,36.48013723685234]]],[[[0.14438597239843046,36.48408566882359],[0.13880181971014788,36.48576413203556],[0.14027713888749777,36.479948340316035],[0.14438597239843046,36.48408566882359]]]]},"properties":{"speed":0.1843,"dir_deg":75.8,"type":"متوسط"}},{"type":"Feature","geometry":{"type":"MultiPolygon","coordinates":[[[[0.16623677937428918,36.48007081842673],[0.17977998228897135,36.4865192023182],[0.18063976680783378,36.48471344192958],[0.1670965638931516,36.47826505803811],[0.16623677937428918,36.48007081842673]]],[[[0.1847242755199633,36.48776578342105],[0.17892019777010895,36.48832496270683],[0.18149955132669618,36.48290768154095],[0.1847242755199633,36.48776578342105]]]]},"properties":{"speed":0.2166,"dir_deg":64.5,"type":"متوسط"}},{"type":"Feature","geometry":{"type":"MultiPolygon","coordinates":[[[[0.2077911195598824,36.48000818201268],[0.2203947762637796,36.48814131410864],[0.22147919387657403,36.48646082654812],[0.20887553717267682,36.47832769445216],[0.2077911195598824,36.48000818201268]]],[[[0.22513820397147588,36.49001211436037],[0.21931035865098517,36.48982180166916],[0.22256361148936846,36.4847803389876],[0.22513820397147588,36.49001211436037]]]]},"properties":{"speed":0.2501,"dir_deg":57.2,"type":"قوي"}},{"type":"Feature","geometry":{"type":"MultiPolygon","coordinates":[[[[0.24940109487742,36.47996875822103],[0.26141339470647745,36.48895233505973],[0.2626112049516374,36.48735069508252],[0.25059890512258,36.47836711824382],[0.24940109487742,36.47996875822103]]],[[[0.2660163997720766,36.49114604068402],[0.26021558446131743,36.49055397503694],[0.26380901519679745,36.48574905510531],[0.2660163997720766,36.49114604068402]]]]},"properties":{"speed":0.2745,"dir_deg":53.2,"type":"قوي"}},{"type":"Feature","geometry":{"type":"MultiPolygon","coordinates":[[[[0.2910582416724687,36.479961557230844],[0.3029625266487868,36.4890877831322],[0.30417935676896785,36.487500545135354],[0.2922750717926497,36.478374319234],[0.2910582416724687,36.479961557230844]]],[[[0.30753903670098337,36.49133623943423],[0.30174569652860583,36.49067502112904],[0.3053961868891488,36.48591330713851],[0.30753903670098337,36.49133623943423]]]]},"properties":{"speed":0.2803,"dir_deg":52.5,"type":"قوي"}},{"type":"Feature","geometry":{"type":"MultiPolygon","coordinates":[[[[0.3327129472969265,36.479952226980124],[0.3444772785124343,36.48925816653784],[0.34571807045346287,36.48768958904243],[0.33395373923795507,36.47838364948472],[0.3327129472969265,36.479952226980124]]],[[[0.3490191182214512,36.49157585764271],[0.34323648657140576,36.490826744033235],[0.3469588623944914,36.486121011547034],[0.3490191182214512,36.49157585764271]]]]},"properties":{"speed":0.273,"dir_deg":51.7,"type":"قوي"}},{"type":"Feature","geometry":{"type":"MultiPolygon","coordinates":[[[[0.3743777900922943,36.479950788684775],[0.38612054687762376,36.48928393730036],[0.3873649666930351,36.48771823639565],[0.3756222099077057,36.47838508778007],[0.3743777900922943,36.479950788684775]]],[[[0.39065700904710593,36.491612136386536],[0.3848761270622124,36.49084963820507],[0.38860938650844645,36.48615253549094],[0.39065700904710593,36.491612136386536]]]]},"properties":{"speed":0.2589,"dir_deg":51.5,"type":"قوي"}},{"type":"Feature","geometry":{"type":"MultiPolygon","coordinates":[[[[0.4160678910468258,36.47996886248202],[0.42808175479074,36.48895034776802],[0.42927928616220684,36.487348499268826],[0.4172654224182926,36.478367013982826],[0.4160678910468258,36.47996886248202]]],[[[0.43268514172444483,36.49114325194709],[0.4268842234192731,36.4905521962672],[0.43047681753367373,36.48574665076964],[0.43268514172444483,36.49114325194709]]]]},"properties":{"speed":0.2419,"dir_deg":53.2,"type":"قوي"}},{"type":"Feature","geometry":{"type":"MultiPolygon","coordinates":[[[[0.45770785702913513,36.47994817343138],[0.4694113850134784,36.48933046700596],[0.4706623574900897,36.487769996608044],[0.45895882950574646,36.47838770303346],[0.45770785702913513,36.47994817343138]]],[[[0.47393804724656513,36.49167766299853],[0.46816041253686713,36.490890937403876],[0.471913329966701,36.48620952621013],[0.47393804724656513,36.49167766299853]]]]},"properties":{"speed":0.2498,"dir_deg":51.3,"type":"قوي"}},{"type":"Feature","geometry":{"type":"MultiPolygon","coordinates":[[[[0.499422413618883,36.47998426780578],[0.5116673572193385,36.48864806352254],[0.5128225299815726,36.48701540437582],[0.500577586381117,36.47835160865906],[0.499422413618883,36.47998426780578]]],[[[0.5163265914672741,36.49071966585476],[0.5105121844571046,36.49028072266927],[0.5139777027438066,36.48538274522909],[0.5163265914672741,36.49071966585476]]]]},"properties":{"speed":0.2206,"dir_deg":54.7,"type":"متوسط"}},{"type":"Feature","geometry":{"type":"MultiPolygon","coordinates":[[[[0.5410242047352177,36.479934239176636],[0.5525187188984022,36.4895714661716],[0.5538036824977299,36.48803886428317],[0.5423091683345455,36.47840163728821],[0.5410242047352177,36.479934239176636]]],[[[0.5569927054191275,36.4920175742257],[0.5512337552990744,36.49110406806002],[0.5550886460970578,36.48650626239475],[0.5569927054191275,36.4920175742257]]]]},"properties":{"speed":0.2168,"dir_deg":50.0,"type":"متوسط"}},{"type":"Feature","geometry":{"type":"MultiPolygon","coordinates":[[[[0.5827407516949433,36.47997346324664],[0.5948236269081772,36.48886188979926],[0.5960087504485274,36.48725083977083],[0.5839258752352935,36.47836241321821],[0.5827407516949433,36.47997346324664]]],[[[0.5994438137494302,36.49101917363592],[0.5936385033678272,36.49047293982769],[0.5971938739888775,36.4856397897424],[0.5994438137494302,36.49101917363592]]]]},"properties":{"speed":0.2002,"dir_deg":53.7,"type":"متوسط"}},{"type":"Feature","geometry":{"type":"MultiPolygon","coordinates":[[[[0.6244384467174823,36.47999537881089],[0.6368500553944856,36.48841867804865],[0.637973161959521,36.486763796891715],[0.6255615532825177,36.47834049765395],[0.6244384467174823,36.47999537881089]]],[[[0.6415488115693377,36.49039900388278],[0.6357269488294502,36.490073559205584],[0.6390962685245564,36.485108915734784],[0.6415488115693377,36.49039900388278]]]]},"properties":{"speed":0.154,"dir_deg":55.8,"type":"متوسط"}},{"type":"Feature","geometry":{"type":"MultiPolygon","coordinates":[[[[0.6657605919517104,36.47959101341055],[0.6721067196236296,36.493182432158115],[0.6739189087899718,36.49233628180186],[0.6675727811180527,36.478744863054295],[0.6657605919517104,36.47959101341055]]],[[[0.6751281900974404,36.49728982989584],[0.6702945304572874,36.494028582514375],[0.675731097956314,36.4914901314456],[0.6751281900974404,36.49728982989584]]]]},"properties":{"speed":0.1634,"dir_deg":25.0,"type":"متوسط"}},{"type":"Feature","geometry":{"type":"MultiPolygon","coordinates":[[[[0.7073336304219706,36.479193113880235],[0.7077112651391606,36.49418835952745],[0.7097106312254562,36.49413800823182],[0.7093329965082662,36.47914276258461],[0.7073336304219706,36.479193113880235]]],[[[0.7088368264213717,36.49916159909538],[0.705711899052865,36.494238710823076],[0.7117099973117518,36.494087656936195],[0.7088368264213717,36.49916159909538]]]]},"properties":{"speed":0.2099,"dir_deg":1.4,"type":"متوسط"}},{"type":"Feature","geometry":{"type":"MultiPolygon","coordinates":[[[[0.7490246722196763,36.478947176548864],[0.7457132469662592,36.49357709325372],[0.7476639025269066,36.494018616620835],[0.7509753277803237,36.47938869991598],[0.7490246722196763,36.478947176548864]]],[[[0.7455847663287772,36.4986744938389],[0.7437625914056116,36.4931355698866],[0.7496145580875542,36.49446013998796],[0.7455847663287772,36.4986744938389]]]]},"properties":{"speed":0.1868,"dir_deg":347.2,"type":"متوسط"}},{"type":"Feature","geometry":{"type":"MultiPolygon","coordinates":[[[[0.7907660258882733,36.47873341504587],[0.7842481780899977,36.492243324745],[0.7860494993832143,36.493112371118094],[0.7925673471814899,36.47960246141897],[0.7907660258882733,36.47873341504587]]],[[[0.7829762228038475,36.49718115116459],[0.782446856796781,36.49137427837189],[0.787850820676431,36.4939814174912],[0.7829762228038475,36.49718115116459]]]]},"properties":{"speed":0.1977,"dir_deg":334.2,"type":"متوسط"}},{"type":"Feature","geometry":{"type":"MultiPolygon","coordinates":[[[[0.8326245952078252,36.47846244660825],[0.8220422208452192,36.489093220467645],[0.8234596573598056,36.49050420371599],[0.8340420317224116,36.479873429856596],[0.8326245952078252,36.47846244660825]]],[[[0.8192234809816438,36.493342303378284],[0.8206247843306328,36.487682237219296],[0.824877093874392,36.49191518696434],[0.8192234809816438,36.493342303378284]]]]},"properties":{"speed":0.1811,"dir_deg":315.1,"type":"متوسط"}},{"type":"Feature","geometry":{"type":"MultiPolygon","coordinates":[[[[0.8743647911277203,36.47839559783559],[0.8627796851752545,36.48792373091979],[0.864050102919814,36.489468411713446],[0.8756352088722797,36.47994027862925],[0.8743647911277203,36.47839559783559]]],[[[0.859553192063379,36.491872115678014],[0.8615092674306951,36.486379050126125],[0.8653205206643734,36.49101309250711],[0.859553192063379,36.491872115678014]]]]},"properties":{"speed":0.1511,"dir_deg":309.4,"type":"متوسط"}},{"type":"Feature","geometry":{"type":"MultiPolygon","coordinates":[[[[0.9159980189270865,36.47842437678218],[0.9048445971734593,36.48845439089911],[0.9061819323890494,36.48994151379959],[0.9173353541426766,36.479911499682665],[0.9159980189270865,36.47842437678218]]],[[[0.9017954575300452,36.492541290388324],[0.9035072619578693,36.48696726799862],[0.9075192676046394,36.49142863670008],[0.9017954575300452,36.492541290388324]]]]},"properties":{"speed":0.0897,"dir_deg":312.0,"type":"ضعيف"}},{"type":"Feature","geometry":{"type":"MultiPolygon","coordinates":[[[[0.9575029266337196,36.47861075091182],[0.9491451168246912,36.4910665533828],[0.9508058904874888,36.492180928024005],[0.9591637002965172,36.479725125553024],[0.9575029266337196,36.47861075091182]]],[[[0.9471895670530805,36.4957756748604],[0.9474843431618937,36.489952178741596],[0.9524666641502862,36.49329530266521],[0.9471895670530805,36.4957756748604]]]]},"properties":{"speed":0.1102,"dir_deg":326.1,"type":"ضعيف"}},{"type":"Feature","geometry":{"type":"MultiPolygon","coordinates":[[[[0.9991744047267568,36.47860367548795],[0.9907104635596854,36.4909876045866],[0.9923616541061718,36.49211613007554],[1.0008255952732432,36.47973220097689],[0.9991744047267568,36.47860367548795]]],[[[0.9887147451105714,36.49567984369729],[0.9890592730131988,36.489859079097656],[0.9940128446526584,36.49324465556448],[0.9887147451105714,36.49567984369729]]]]},"properties":{"speed":0.1394,"dir_deg":325.6,"type":"متوسط"}},{"type":"Feature","geometry":{"type":"MultiPolygon","coordinates":[[[[-0.41667651644972165,36.52183201315938],[-0.40167724557261125,36.52197990891682],[-0.40165752613828637,36.51998000613321],[-0.41665679701539676,36.51983211037577],[-0.41667651644972165,36.52183201315938]]],[[[-0.396667628896412,36.52102925611083],[-0.4016969650069361,36.523979811700436],[-0.40163780670396154,36.51798010334959],[-0.396667628896412,36.52102925611083]]]]},"properties":{"speed":0.1908,"dir_deg":89.4,"type":"متوسط"}},{"type":"Feature","geometry":{"type":"MultiPolygon","coordinates":[[[[-0.37506645400726113,36.52182985125686],[-0.36009961166805143,36.52282666136578],[-0.3599667036535292,36.52083108238721],[-0.37493354599273887,36.519834272278295],[-0.37506645400726113,36.52182985125686]]],[[[-0.35504421021438703,36.522161141912804],[-0.3602325196825737,36.524822240344335],[-0.3598337956390069,36.51883550340865],[-0.35504421021438703,36.522161141912804]]]]},"properties":{"speed":0.1931,"dir_deg":86.2,"type":"متوسط"}},{"type":"Feature","geometry":{"type":"MultiPolygon","coordinates":[[[[-0.3335313412713119,36.521812264190785],[-0.3188283049231902,36.52478223424885],[-0.318432308915448,36.52282182940244],[-0.3331353452635697,36.51985185934437],[-0.3335313412713119,36.521812264190785]]],[[[-0.31372929480327855,36.524792021845],[-0.31922430093093246,36.52674263909527],[-0.31803631290770573,36.520861424556024],[-0.31372929480327855,36.524792021845]]]]},"properties":{"speed":0.1994,"dir_deg":78.6,"type":"متوسط"}},{"type":"Feature","geometry":{"type":"MultiPolygon","coordinates":[[[[-0.2920074859350881,36.5217721870011],[-0.2779056074322683,36.52688462503903],[-0.27722394902721054,36.52500437457199],[-0.29132582753003033,36.51989193653406],[-0.2920074859350881,36.5217721870011]]],[[[-0.27286415206213277,36.527648645818154],[-0.27858726583732607,36.52876487550608],[-0.27654229062215274,36.523124124104946],[-0.27286415206213277,36.527648645818154]]]]},"properties":{"speed":0.2086,"dir_deg":70.1,"type":"متوسط"}},{"type":"Feature","geometry":{"type":"MultiPolygon","coordinates":[[[[-0.25041656712490035,36.521741166728766],[-0.23677999270711636,36.52798967360227],[-0.23594685845731567,36.526171463679894],[-0.24958343287509965,36.51992295680639],[-0.25041656712490035,36.521741166728766]]],[[[-0.23181790077628803,36.52916340426558],[-0.23761312695691703,36.52980788352464],[-0.235113724207515,36.524353253757525],[-0.23181790077628803,36.52916340426558]]]]},"properties":{"speed":0.21,"dir_deg":65.4,"type":"متوسط"}},{"type":"Feature","geometry":{"type":"MultiPolygon","coordinates":[[[[-0.20870376069404437,36.52176092122441],[-0.19477086884156,36.52731740614088],[-0.19403000418603047,36.52545968722721],[-0.20796289603851484,36.51990320231074],[-0.20870376069404437,36.52176092122441]]],[[[-0.18975613922963377,36.528240708322876],[-0.19551173349708953,36.52917512505454],[-0.19328913953050095,36.52360196831355],[-0.18975613922963377,36.528240708322876]]]]},"properties":{"speed":0.1929,"dir_deg":68.3,"type":"متوسط"}},{"type":"Feature","geometry":{"type":"MultiPolygon","coordinates":[[[[-0.16684430375503362,36.521816158728996],[-0.1520828493337207,36.524480640548695],[-0.15172758509109427,36.52251244662586],[-0.16648903951240718,36.51984796480616],[-0.16684430375503362,36.521816158728996]]],[[[-0.1469847324053032,36.52438470419384],[-0.15243811357634712,36.52644883447154],[-0.15137232084846786,36.52054425270302],[-0.1469847324053032,36.52438470419384]]]]},"properties":{"speed":0.1678,"dir_deg":79.8,"type":"متوسط"}},{"type":"Feature","geometry":{"type":"MultiPolygon","coordinates":[[[[-0.1248600533059556,36.52182222080673],[-0.11000766771858748,36.519723020396064],[-0.11028756110667627,36.517742702317754],[-0.12513994669404438,36.51984190272842],[-0.1248600533059556,36.52182222080673]]],[[[-0.1051968192168425,36.51803312788669],[-0.10972777433049871,36.52170333847438],[-0.11056745449476504,36.51576238423944],[-0.1051968192168425,36.51803312788669]]]]},"properties":{"speed":0.1552,"dir_deg":98.0,"type":"متوسط"}},{"type":"Feature","geometry":{"type":"MultiPolygon","coordinates":[[[[-0.08295318657959323,36.52175698693072],[-0.06907930913252734,36.516054748371715],[-0.06983960760706127,36.514204898045435],[-0.08371348505412717,36.51990713660444],[-0.08295318657959323,36.52175698693072]]],[[[-0.06483483255410569,36.51322907702224],[-0.06831901065799342,36.51790459869799],[-0.07059990608159519,36.51235504771916],[-0.06483483255410569,36.51322907702224]]]]},"properties":{"speed":0.1559,"dir_deg":112.3,"type":"متوسط"}},{"type":"Feature","geometry":{"type":"MultiPolygon","coordinates":[[[[-0.04120853622092634,36.52172094610027],[-0.027875271230549274,36.51484897078771],[-0.0287915346055568,36.51307120212233],[-0.04212479959593386,36.51994317743489],[-0.04120853622092634,36.52172094610027]]],[[[-0.023888981254594013,36.511669428017505],[-0.02695900785554175,36.516626739453095],[-0.029707797980564325,36.51129343345695],[-0.023888981254594013,36.511669428017505]]]]},"properties":{"speed":0.1515,"dir_deg":117.3,"type":"متوسط"}},{"type":"Feature","geometry":{"type":"MultiPolygon","coordinates":[[[[0.0004141237066620319,36.52174228237577],[0.014067432829567452,36.51553042677584],[0.01323918541624339,36.51370998555946],[-0.0004141237066620319,36.51992184115939],[0.0004141237066620319,36.52174228237577]]],[[[0.018204412163873897,36.51254958763434],[0.014895680242891517,36.51735086799223],[0.012410938002919324,36.51188954434307],[0.018204412163873897,36.51254958763434]]]]},"properties":{"speed":0.1428,"dir_deg":114.5,"type":"متوسط"}},{"type":"Feature","geometry":{"type":"MultiPolygon","coordinates":[[[[0.04191009852482746,36.52180198008115],[0.05645887322839238,36.51815052083519],[0.05597201199559766,36.51621068420805],[0.04142323729203274,36.519862143454006],[0.04191009852482746,36.52180198008115]]],[[[0.06106503417984999,36.51596344943963],[0.0569457344611871,36.52009035746233],[0.05548515076280294,36.51427084758091],[0.06106503417984999,36.51596344943963]]]]},"properties":{"speed":0.1394,"dir_deg":104.1,"type":"متوسط"}},{"type":"Feature","geometry":{"type":"MultiPolygon","coordinates":[[[[0.08331581166650395,36.521831908207865],[0.09831350827080675,36.522094770463205],[0.09834855657151924,36.52009507758263],[0.08335085996721645,36.51983221532729],[0.08331581166650395,36.521831908207865]]],[[[0.10333026462259726,36.5211825447747],[0.09827845997009427,36.52409446334378],[0.09838360487223172,36.51809538470206],[0.10333026462259726,36.5211825447747]]]]},"properties":{"speed":0.1483,"dir_deg":89.0,"type":"متوسط"}},{"type":"Feature","geometry":{"type":"MultiPolygon","coordinates":[[[[0.12475467727227682,36.52180150323526],[0.13929629928751477,36.52548134415111],[0.13978694474296113,36.52354246121575],[0.12524532272772318,36.5198626202999],[0.12475467727227682,36.52180150323526]]],[[[0.1443888293536506,36.52573851632204],[0.13880565383206842,36.52742022708647],[0.1402775901984075,36.521603578280384],[0.1443888293536506,36.52573851632204]]]]},"properties":{"speed":0.1716,"dir_deg":75.8,"type":"متوسط"}},{"type":"Feature","geometry":{"type":"MultiPolygon","coordinates":[[[[0.16627484680546198,36.52175210160583],[0.18007544437915635,36.5276294740297],[0.18085909403567318,36.525789394353204],[0.16705849646197882,36.51991202192933],[0.16627484680546198,36.52175210160583]]],[[[0.1850674683986462,36.52866855833275],[0.1792917947226395,36.52946955370619],[0.18164274369219002,36.52394931467671],[0.1850674683986462,36.52866855833275]]]]},"properties":{"speed":0.2031,"dir_deg":66.9,"type":"متوسط"}},{"type":"Feature","geometry":{"type":"MultiPolygon","coordinates":[[[[0.20783736013530535,36.52170040243452],[0.22086247013942656,36.52913992589913],[0.22185440660137506,36.52740324456525],[0.20882929659725386,36.51996372110064],[0.20783736013530535,36.52170040243452]]],[[[0.2257001417051079,36.53075142638706],[0.21987053367747803,36.53087660723301],[0.2228463430633236,36.52566656323137],[0.2257001417051079,36.53075142638706]]]]},"properties":{"speed":0.2357,"dir_deg":60.3,"type":"قوي"}},{"type":"Feature","geometry":{"type":"MultiPolygon","coordinates":[[[[0.24942940939249614,36.52165329642261],[0.26174792921800205,36.530212155535175],[0.2628891104330098,36.528569686225104],[0.25057059060750386,36.52001082711254],[0.24942940939249614,36.52165329642261]]],[[[0.2664246931006745,36.53224387391766],[0.2606067480029943,36.53185462484524],[0.2640302916480175,36.52692721691504],[0.2664246931006745,36.53224387391766]]]]},"properties":{"speed":0.2601,"dir_deg":55.2,"type":"قوي"}},{"type":"Feature","geometry":{"type":"MultiPolygon","coordinates":[[[[0.291054618571548,36.521622889997644],[0.3029170420225068,36.53080346241281],[0.30414111834452917,36.52922180595268],[0.2922786948935704,36.52004123353751],[0.291054618571548,36.521622889997644]]],[[[0.3074832213338376,36.533072824987805],[0.3016929657004844,36.53238511887294],[0.3053651946665516,36.527640149492555],[0.3074832213338376,36.533072824987805]]]]},"properties":{"speed":0.2656,"dir_deg":52.3,"type":"قوي"}},{"type":"Feature","geometry":{"type":"MultiPolygon","coordinates":[[[[0.332693974492509,36.52160096200144],[0.34422747800052816,36.53119149362542],[0.3455062155503918,36.52965369315769],[0.3339727120423726,36.52006316153371],[0.332693974492509,36.52160096200144]]],[[[0.34871134794479974,36.53361943726622],[0.34294874045066454,36.53272929409316],[0.3467849531002554,36.528115892689954],[0.34871134794479974,36.53361943726622]]]]},"properties":{"speed":0.2519,"dir_deg":50.3,"type":"قوي"}},{"type":"Feature","geometry":{"type":"MultiPolygon","coordinates":[[[[0.3743587169266507,36.52159936615297],[0.38586828270747064,36.53121861225321],[0.3871508488541693,36.52968400348243],[0.3756412830733493,36.52006475738219],[0.3743587169266507,36.52159936615297]]],[[[0.39034608770775997,36.53365772323456],[0.384585716560772,36.53275322102399],[0.3884334150008679,36.528149394711654],[0.39034608770775997,36.53365772323456]]]]},"properties":{"speed":0.2267,"dir_deg":50.1,"type":"قوي"}},{"type":"Feature","geometry":{"type":"MultiPolygon","coordinates":[[[[0.4160667816823218,36.52163215546466],[0.42806818713848005,36.53063028121822],[0.42926793723895484,36.52903009382406],[0.4172665317827966,36.5200319680705],[0.4160667816823218,36.52163215546466]]],[[[0.43266853067410355,36.53282956277233],[0.42686843703800526,36.532230468612376],[0.43046768733942964,36.52742990642991],[0.43266853067410355,36.53282956277233]]]]},"properties":{"speed":0.1967,"dir_deg":53.1,"type":"متوسط"}},{"type":"Feature","geometry":{"type":"MultiPolygon","coordinates":[[[[0.45771722904230094,36.52161971858472],[0.46953208129933616,36.53086143196182],[0.47076430974961586,36.52928611832754],[0.45894945749258065,36.52004440495044],[0.45771722904230094,36.52161971858472]]],[[[0.47408647961015443,36.53315434627037],[0.46829985284905645,36.53243674559609],[0.47199653819989557,36.52771080469327],[0.47408647961015443,36.53315434627037]]]]},"properties":{"speed":0.1972,"dir_deg":52.0,"type":"متوسط"}},{"type":"Feature","geometry":{"type":"MultiPolygon","coordinates":[[[[0.49953734919912246,36.52171860236814],[0.5128354582075737,36.5286583643813],[0.5137607598093289,36.52688528318018],[0.5004626508008776,36.51994552116702],[0.49953734919912246,36.52171860236814]]],[[[0.5177308120112685,36.53008507778513],[0.5119101566058186,36.53043144558243],[0.514686061411084,36.52511220197905],[0.5177308120112685,36.53008507778513]]]]},"properties":{"speed":0.1691,"dir_deg":62.4,"type":"متوسط"}},{"type":"Feature","geometry":{"type":"MultiPolygon","coordinates":[[[[0.5410864605702728,36.52164651730964],[0.5533032937011862,36.530349906778774],[0.5544637456304039,36.52872099569465],[0.5422469124994904,36.520017606225515],[0.5410864605702728,36.52164651730964]]],[[[0.5579557973760996,36.532436581059756],[0.5521428417719685,36.53197881786289],[0.5556241975596217,36.52709208461053],[0.5579557973760996,36.532436581059756]]]]},"properties":{"speed":0.1846,"dir_deg":54.5,"type":"متوسط"}},{"type":"Feature","geometry":{"type":"MultiPolygon","coordinates":[[[[0.5827750208355307,36.52166170587185],[0.595219682399563,36.530036095315666],[0.5963362676587385,36.52837680710712],[0.5838916060947061,36.52000241766331],[0.5827750208355307,36.52166170587185]]],[[[0.5999261955504949,36.53199791435933],[0.5941030971403876,36.5316953835242],[0.597452852917914,36.526717518898586],[0.5999261955504949,36.53199791435933]]]]},"properties":{"speed":0.1845,"dir_deg":56.1,"type":"متوسط"}},{"type":"Feature","geometry":{"type":"MultiPolygon","coordinates":[[[[0.6243527202238346,36.52159431427913],[0.6357865078971132,36.53130351092161],[0.637081067449444,36.52977900589851],[0.6256472797761654,36.52006980925603],[0.6243527202238346,36.52159431427913]]],[[[0.6402450502310382,36.53377765729089],[0.6344919483447823,36.532828015944716],[0.638375627001775,36.528254500875406],[0.6402450502310382,36.53377765729089]]]]},"properties":{"speed":0.168,"dir_deg":49.7,"type":"متوسط"}},{"type":"Feature","geometry":{"type":"MultiPolygon","coordinates":[[[[0.6656995512872695,36.52108632425562],[0.669513488607929,36.5355933529698],[0.6714477591031531,36.535084827993714],[0.6676338217824936,36.520577799279536],[0.6656995512872695,36.52108632425562]]],[[[0.6717519362957609,36.54017476671982],[0.6675792181127048,36.53610187794589],[0.6733820295983773,36.53457630301762],[0.6717519362957609,36.54017476671982]]]]},"properties":{"speed":0.175,"dir_deg":14.7,"type":"متوسط"}},{"type":"Feature","geometry":{"type":"MultiPolygon","coordinates":[[[[0.707336183166511,36.52075635729216],[0.7062006160351477,36.53571331177127],[0.7081948766323625,36.53586472072211],[0.7093304437637258,36.520907766243],[0.707336183166511,36.52075635729216]]],[[[0.7068192239566341,36.540774667739726],[0.7042063554379331,36.53556190282042],[0.7101891372295771,36.53601612967296],[0.7068192239566341,36.540774667739726]]]]},"properties":{"speed":0.239,"dir_deg":355.7,"type":"قوي"}},{"type":"Feature","geometry":{"type":"MultiPolygon","coordinates":[[[[0.7490098399729269,36.520692122063465],[0.7469107444112588,36.535544522469564],[0.748891064465405,36.53582440187779],[0.7509901600270731,36.52097200147169],[0.7490098399729269,36.520692122063465]]],[[[0.7472012059177758,36.54063526230904],[0.7449304243571128,36.535264643061346],[0.750871384519551,36.53610428128601],[0.7472012059177758,36.54063526230904]]]]},"properties":{"speed":0.2194,"dir_deg":352.0,"type":"متوسط"}},{"type":"Feature","geometry":{"type":"MultiPolygon","coordinates":[[[[0.7907740892438592,36.52038120693943],[0.7840112668217208,36.53377016630477],[0.7857964614037657,36.53467187596106],[0.792559283825904,36.52128291659572],[0.7907740892438592,36.52038120693943]]],[[[0.7826495899720305,36.538684007588024],[0.782226072239676,36.53286845664849],[0.7875816559858105,36.53557358561734],[0.7826495899720305,36.538684007588024]]]]},"properties":{"speed":0.1858,"dir_deg":333.2,"type":"متوسط"}},{"type":"Feature","geometry":{"type":"MultiPolygon","coordinates":[[[[0.8326621739382546,36.520090730710976],[0.8215422080892407,36.53015782361393],[0.8228844871429684,36.53164048572714],[0.8340044529919822,36.52157339282418],[0.8326621739382546,36.520090730710976]]],[[[0.8185066923330999,36.534254852304855],[0.8201999290355132,36.528675161500736],[0.8242267661966959,36.533123147840335],[0.8185066923330999,36.534254852304855]]]]},"properties":{"speed":0.1941,"dir_deg":312.2,"type":"متوسط"}},{"type":"Feature","geometry":{"type":"MultiPolygon","coordinates":[[[[0.8744443473896549,36.52000064720395],[0.8619731289351994,36.52833543635913],[0.8630844341558895,36.529998265486384],[0.8755556526103451,36.521663476331206],[0.8744443473896549,36.52000064720395]]],[[[0.8583717087273927,36.53194511397448],[0.8608618237145091,36.526672607231866],[0.8641957393765798,36.531661094613646],[0.8583717087273927,36.53194511397448]]]]},"properties":{"speed":0.1902,"dir_deg":303.8,"type":"متوسط"}},{"type":"Feature","geometry":{"type":"MultiPolygon","coordinates":[[[[0.9161378883884,36.51998331414886],[0.9034066741076463,36.52791528634609],[0.9044642704006094,36.52961278158352],[0.9171954846813631,36.5216808093863],[0.9161378883884,36.51998331414886]]],[[[0.8996917341605433,36.53140802469721],[0.9023490778146831,36.52621779110866],[0.9055218666935726,36.53131027682095],[0.8996917341605433,36.53140802469721]]]]},"properties":{"speed":0.156,"dir_deg":301.9,"type":"متوسط"}},{"type":"Feature","geometry":{"type":"MultiPolygon","coordinates":[[[[0.9576708006070898,36.520083011226596],[0.9464350424923467,36.530020704097026],[0.947760068208404,36.53151880517899],[0.9589958263231471,36.52158111230856],[0.9576708006070898,36.520083011226596]]],[[[0.9433523026454609,36.53408231892815],[0.9451100167762895,36.52852260301506],[0.9490850939244612,36.533016906260954],[0.9433523026454609,36.53408231892815]]]]},"properties":{"speed":0.1772,"dir_deg":311.5,"type":"متوسط"}},{"type":"Feature","geometry":{"type":"MultiPolygon","coordinates":[[[[0.9992935035162476,36.520124345215244],[0.9886777552312594,36.53072179247153],[0.9900907481987643,36.5321372255762],[1.0007064964837524,36.52153977831991],[0.9992935035162476,36.520124345215244]]],[[[0.9858456689533491,36.53496199144263],[0.9872647622637546,36.52930635936687],[0.9915037411662692,36.53355265868086],[0.9858456689533491,36.53496199144263]]]]},"properties":{"speed":0.2143,"dir_deg":315.0,"type":"متوسط"}},{"type":"Feature","geometry":{"type":"MultiPolygon","coordinates":[[[[-0.41650664371475676,36.56348711490422],[-0.401699920151453,36.561086919637184],[-0.4020199461870579,36.559112689828744],[-0.41682666975036164,36.56151288509578],[-0.41650664371475676,36.56348711490422]]],[[[-0.39692435864815423,36.559299739643954],[-0.4013798941158481,36.56306114944562],[-0.40233997222266277,36.557138460020305],[-0.39692435864815423,36.559299739643954]]]]},"properties":{"speed":0.1483,"dir_deg":99.2,"type":"متوسط"}},{"type":"Feature","geometry":{"type":"MultiPolygon","coordinates":[[[[-0.37483658760384075,36.56348655784868],[-0.3600382198737214,36.561035371906286],[-0.3603650446660399,36.55906225620893],[-0.37516341239615925,36.56151344215132],[-0.37483658760384075,36.56348655784868]]],[[[-0.3552688430265075,36.55923175207681],[-0.359711395081403,36.56300848760363],[-0.36069186945835835,36.557089140511586],[-0.3552688430265075,36.55923175207681]]]]},"properties":{"speed":0.1486,"dir_deg":99.4,"type":"متوسط"}},{"type":"Feature","geometry":{"type":"MultiPolygon","coordinates":[[[[-0.33326235361527395,36.56349747705201],[-0.31830019783513397,36.562432632269505],[-0.31844217713946765,36.560437678165485],[-0.33340433291960764,36.56150252294799],[-0.33326235361527395,36.56349747705201]]],[[[-0.3133838022272541,36.56108020695666],[-0.3181582185308003,36.564427586373526],[-0.31858415644380134,36.558442724061464],[-0.3133838022272541,36.56108020695666]]]]},"properties":{"speed":0.1474,"dir_deg":94.1,"type":"متوسط"}},{"type":"Feature","geometry":{"type":"MultiPolygon","coordinates":[[[[-0.2917369613596923,36.563497525568295],[-0.27677407783525665,36.56455209497529],[-0.27663346858099047,36.5625570438387],[-0.2915963521054261,36.561502474431705],[-0.2917369613596923,36.563497525568295]]],[[[-0.271716145366645,36.56390609254266],[-0.27691468708952277,36.56654714611188],[-0.27649285932672435,36.56056199270211],[-0.271716145366645,36.56390609254266]]]]},"properties":{"speed":0.1449,"dir_deg":86.0,"type":"متوسط"}},{"type":"Feature","geometry":{"type":"MultiPolygon","coordinates":[[[[-0.2501552229334931,36.5634878794668],[-0.23533703093154826,36.5658162234692],[-0.235026585064562,36.5638404645356],[-0.24984477706650687,36.5615121205332],[-0.2501552229334931,36.5634878794668]]],[[[-0.2302424106640735,36.56560445866986],[-0.23564747679853448,36.56779198240279],[-0.23471613919757578,36.56186470560201],[-0.2302424106640735,36.56560445866986]]]]},"properties":{"speed":0.1395,"dir_deg":81.1,"type":"متوسط"}},{"type":"Feature","geometry":{"type":"MultiPolygon","coordinates":[[[[-0.20843402635004019,36.56349491703979],[-0.19351027075317467,36.5650053867962],[-0.1933088747856535,36.56301555271662],[-0.20823263038251902,36.56150508296021],[-0.20843402635004019,36.56349491703979]]],[[[-0.1884349875704589,36.56451395967521],[-0.1937116667206958,36.56699522087578],[-0.19310747881813237,36.56102571863704],[-0.1884349875704589,36.56451395967521]]]]},"properties":{"speed":0.1287,"dir_deg":84.2,"type":"متوسط"}},{"type":"Feature","geometry":{"type":"MultiPolygon","coordinates":[[[[-0.16657577112479746,36.56349585997885],[-0.1516378714420292,36.562132352345],[-0.15181967245987507,36.5601406323873],[-0.16675757214264333,36.56150414002115],[-0.16657577112479746,36.56349585997885]]],[[[-0.14674947205669603,36.56068198982154],[-0.1514560704241833,36.564124072302704],[-0.15200147347772097,36.5581489124296],[-0.14674947205669603,36.56068198982154]]]]},"properties":{"speed":0.1213,"dir_deg":95.2,"type":"متوسط"}},{"type":"Feature","geometry":{"type":"MultiPolygon","coordinates":[[[[-0.1246747239886808,36.56344561911807],[-0.11049043721762455,36.55856647894828],[-0.11114098924026294,36.55667524071214],[-0.1253252760113192,36.56155438088193],[-0.1246747239886808,36.56344561911807]]],[[[-0.10608761763859166,36.55599447977362],[-0.10983988519498616,36.56045771718442],[-0.11179154126290133,36.554784002476],[-0.10608761763859166,36.55599447977362]]]]},"properties":{"speed":0.1301,"dir_deg":109.0,"type":"متوسط"}},{"type":"Feature","geometry":{"type":"MultiPolygon","coordinates":[[[[-0.08285672607112321,36.56337911498125],[-0.069670001352285,36.5562299687952],[-0.07062322084375898,36.554471738832696],[-0.08380994556259719,36.56162088501875],[-0.08285672607112321,36.56337911498125]]],[[[-0.06575103619174258,36.55296780508526],[-0.06871678186081104,36.55798819875771],[-0.07157644033523294,36.552713508870184],[-0.06575103619174258,36.55296780508526]]]]},"properties":{"speed":0.1437,"dir_deg":118.5,"type":"متوسط"}},{"type":"Feature","geometry":{"type":"MultiPolygon","coordinates":[[[[-0.041124580452658425,36.563340322075334],[-0.028519749322636356,36.555209010238755],[-0.029603924234179704,36.55352836608809],[-0.042208755364201773,36.561659677924666],[-0.041124580452658425,36.563340322075334]]],[[[-0.024860226401734003,36.551658250884564],[-0.027435574411093008,36.55688965438942],[-0.03068809914572305,36.55184772193742],[-0.024860226401734003,36.551658250884564]]]]},"properties":{"speed":0.1409,"dir_deg":122.8,"type":"متوسط"}},{"type":"Feature","geometry":{"type":"MultiPolygon","coordinates":[[[[0.0005029491177308085,36.56336431602147],[0.013467689439816142,36.55582007925551],[0.012461791204354524,36.55409144721257],[-0.0005029491177308085,36.56163568397853],[0.0005029491177308085,36.56336431602147]]],[[[0.01728632042944711,36.552441017645386],[0.014473587675277759,36.55754871129846],[0.011455892968892907,36.55236281516962],[0.01728632042944711,36.552441017645386]]]]},"properties":{"speed":0.1237,"dir_deg":120.2,"type":"متوسط"}},{"type":"Feature","geometry":{"type":"MultiPolygon","coordinates":[[[[0.04191266274983758,36.56346927113751],[0.056451729812417785,36.55977934851639],[0.05595974012960283,36.55784080624138],[0.04142067306702262,36.56153072886249],[0.04191266274983758,36.56346927113751]]],[[[0.06105209065853705,36.55758010317185],[0.05694371949523274,36.5617178907914],[0.055467750446787874,36.555902263966374],[0.06105209065853705,36.55758010317185]]]]},"properties":{"speed":0.1115,"dir_deg":104.2,"type":"ضعيف"}},{"type":"Feature","geometry":{"type":"MultiPolygon","coordinates":[[[[0.08321917902723115,36.563493462745846],[0.0981211202149039,36.56520581459028],[0.098349433794162,36.563218889098586],[0.08344749260648925,36.561506537254154],[0.08321917902723115,36.563493462745846]]],[[[0.1032025907337572,36.56478313579258],[0.09789280663564581,36.567192740081964],[0.0985777473734201,36.5612319636069],[0.1032025907337572,36.56478313579258]]]]},"properties":{"speed":0.1249,"dir_deg":83.4,"type":"متوسط"}},{"type":"Feature","geometry":{"type":"MultiPolygon","coordinates":[[[[0.12465647882350944,36.56343914493094],[0.13874365278754755,36.568591962578296],[0.13943069514052867,36.56671367271642],[0.12534352117649056,36.56156085506906],[0.12465647882350944,36.56343914493094]]],[[[0.14378289861871746,36.56937042352981],[0.13805661043456643,36.57047025244017],[0.14011773749350978,36.56483538285455],[0.14378289861871746,36.56937042352981]]]]},"properties":{"speed":0.1582,"dir_deg":69.9,"type":"متوسط"}},{"type":"Feature","geometry":{"type":"MultiPolygon","coordinates":[[[[0.16619732168493456,36.563383012245424],[0.17944250536634562,36.57042326147721],[0.1803812052639173,36.56865723698636],[0.16713602158250623,36.561616987754576],[0.16619732168493456,36.563383012245424]]],[[[0.18432691654226846,36.571886998975714],[0.17850380546877398,36.572189285968065],[0.18131990516148894,36.566891212495506],[0.18432691654226846,36.571886998975714]]]]},"properties":{"speed":0.1975,"dir_deg":62.0,"type":"متوسط"}},{"type":"Feature","geometry":{"type":"MultiPolygon","coordinates":[[[[0.20777336347583103,36.56332851633748],[0.22020110853797353,36.5717279896942],[0.22132103831887068,36.57007095701925],[0.20889329325672817,36.56167148366252],[0.20777336347583103,36.56332851633748]]],[[[0.22490365511580296,36.57369929780897],[0.2190811787570764,36.57338502236915],[0.22244096809976782,36.5684139243443],[0.22490365511580296,36.57369929780897]]]]},"properties":{"speed":0.2338,"dir_deg":55.9,"type":"قوي"}},{"type":"Feature","geometry":{"type":"MultiPolygon","coordinates":[[[[0.24936899268759347,36.56327577688267],[0.26100564592768505,36.572740886568766],[0.26226766055249806,36.57118933280343],[0.2506310073124065,36.56172422311733],[0.24936899268759347,36.56327577688267]]],[[[0.2655155376534554,36.57512014624813],[0.259743631302872,36.57429244033411],[0.26352967517731113,36.56963777903808],[0.2655155376534554,36.57512014624813]]]]},"properties":{"speed":0.2563,"dir_deg":50.9,"type":"قوي"}},{"type":"Feature","geometry":{"type":"MultiPolygon","coordinates":[[[[0.2909815324865918,36.563228426226594],[0.3019079258854775,36.573505289916106],[0.3032781743774123,36.57204843746292],[0.2923517809785266,36.561771573773406],[0.2909815324865918,36.563228426226594]]],[[[0.3062351812644068,36.57620248491935],[0.3005376773935427,36.57496214236929],[0.30464842286934707,36.57059158500974],[0.3062351812644068,36.57620248491935]]]]},"properties":{"speed":0.2561,"dir_deg":46.8,"type":"قوي"}},{"type":"Feature","geometry":{"type":"MultiPolygon","coordinates":[[[[0.3326111920348706,36.5631917352075],[0.3429872201473956,36.57402400369605],[0.34443152261253596,36.572640533281046],[0.334055494500011,36.5618082647925],[0.3326111920348706,36.5631917352075]]],[[[0.3471680474174741,36.576943024651406],[0.34154291768225525,36.57540747411105],[0.3458758250776763,36.571257062866046],[0.3471680474174741,36.576943024651406]]]]},"properties":{"speed":0.2356,"dir_deg":43.8,"type":"قوي"}},{"type":"Feature","geometry":{"type":"MultiPolygon","coordinates":[[[[0.37426067919811173,36.56317335336332],[0.38436097964792176,36.57426316539164],[0.3858396212516983,36.572916458665006],[0.37573932080188827,36.56182664663668],[0.37426067919811173,36.56317335336332]]],[[[0.3884670672664134,36.577286416037765],[0.3828823380441452,36.575609872118285],[0.3873182628554749,36.57156975193836],[0.3884670672664134,36.577286416037765]]]]},"properties":{"speed":0.2069,"dir_deg":42.3,"type":"متوسط"}},{"type":"Feature","geometry":{"type":"MultiPolygon","coordinates":[[[[0.41595245661310937,36.5631999415614],[0.4264515800341394,36.57391294335315],[0.4278799802730391,36.57251306023035],[0.41738085685200904,36.5618000584386],[0.41595245661310937,36.5631999415614]]],[[[0.4306654879605993,36.576784002389],[0.4250231797952398,36.57531282647596],[0.4293083805119387,36.57111317710754],[0.4306654879605993,36.576784002389]]]]},"properties":{"speed":0.1817,"dir_deg":44.4,"type":"متوسط"}},{"type":"Feature","geometry":{"type":"MultiPolygon","coordinates":[[[[0.45766509419332274,36.56324393761495],[0.46882415841760194,36.57326767372672],[0.47016065656583805,36.57177979849682],[0.45900159234155885,36.56175606238505],[0.45766509419332274,36.56324393761495]]],[[[0.47321209556647975,36.57586498148236],[0.4674876602693659,36.574755548956624],[0.4714971547140741,36.570291923266915],[0.47321209556647975,36.57586498148236]]]]},"properties":{"speed":0.1747,"dir_deg":48.1,"type":"متوسط"}},{"type":"Feature","geometry":{"type":"MultiPolygon","coordinates":[[[[0.49946859391803927,36.56334711721506],[0.512175352143976,36.57131820844447],[0.5132381643078974,36.56962397401435],[0.5005314060819607,36.56165288278494],[0.49946859391803927,36.56334711721506]]],[[[0.5169423443012489,36.573128121639215],[0.5111125399800546,36.57301244287459],[0.5143009764718188,36.56792973958422],[0.5169423443012489,36.573128121639215]]]]},"properties":{"speed":0.1548,"dir_deg":57.9,"type":"متوسط"}},{"type":"Feature","geometry":{"type":"MultiPolygon","coordinates":[[[[0.5410466560155153,36.56328457769217],[0.5528153213980986,36.57258503548267],[0.5540553824368313,36.57101588009832],[0.5422867170542479,36.56171542230783],[0.5410466560155153,36.56328457769217]]],[[[0.557358240378326,36.574900610387324],[0.5515752603593659,36.57415419086701],[0.555295443475564,36.56944672471398],[0.557358240378326,36.574900610387324]]]]},"properties":{"speed":0.1668,"dir_deg":51.7,"type":"متوسط"}},{"type":"Feature","geometry":{"type":"MultiPolygon","coordinates":[[[[0.5827594529161135,36.56331895303302],[0.5950437484114421,36.57192686126809],[0.5961914695094519,36.57028895520205],[0.5839071740141233,36.56168104696698],[0.5827594529161135,36.56331895303302]]],[[[0.5997123741255566,36.5739772109801],[0.5938960273134323,36.57356476733413],[0.5973391906074618,36.56865104913601],[0.5997123741255566,36.5739772109801]]]]},"properties":{"speed":0.1572,"dir_deg":55.0,"type":"متوسط"}},{"type":"Feature","geometry":{"type":"MultiPolygon","coordinates":[[[[0.6243465658821847,36.56325698339062],[0.6357013167414891,36.57305849515785],[0.6370081849771196,36.571544528376606],[0.6256534341178153,36.56174301660938],[0.6243465658821847,36.56325698339062]]],[[[0.6401396678124058,36.575568682356305],[0.6343944485058586,36.57457246193909],[0.6383150532127502,36.57003056159537],[0.6401396678124058,36.575568682356305]]]]},"properties":{"speed":0.1653,"dir_deg":49.2,"type":"متوسط"}},{"type":"Feature","geometry":{"type":"MultiPolygon","coordinates":[[[[0.6658457452062072,36.56307101255229],[0.6744109334905775,36.57538513248241],[0.6760528161479262,36.574243107377825],[0.667487627863556,36.56192898744771],[0.6658457452062072,36.56307101255229]]],[[[0.6780869375807086,36.578918826573485],[0.6727690508332286,36.576527157586995],[0.6776946988052751,36.57310108227324],[0.6780869375807086,36.578918826573485]]]]},"properties":{"speed":0.1826,"dir_deg":34.8,"type":"متوسط"}},{"type":"Feature","geometry":{"type":"MultiPolygon","coordinates":[[[[0.7073463663915693,36.56266104494408],[0.7097620405527367,36.577465251047315],[0.7117359346998349,36.57714316115916],[0.7093202605386675,36.56233895505592],[0.7073463663915693,36.56266104494408]]],[[[0.7115542123466749,36.58223894147098],[0.7077881464056387,36.57778734093547],[0.7137098288469329,36.576821071271],[0.7115542123466749,36.58223894147098]]]]},"properties":{"speed":0.193,"dir_deg":9.3,"type":"متوسط"}},{"type":"Feature","geometry":{"type":"MultiPolygon","coordinates":[[[[0.7490059161620376,36.562391384517205],[0.7473766839201635,36.57730264208664],[0.7493648515960883,36.57751987305223],[0.7509940838379624,36.562608615482795],[0.7490059161620376,36.562391384517205]]],[[[0.747827690344168,36.58238167675925],[0.7453885162442389,36.57708541112106],[0.751353019272013,36.577737104017814],[0.747827690344168,36.58238167675925]]]]},"properties":{"speed":0.1798,"dir_deg":353.8,"type":"متوسط"}},{"type":"Feature","geometry":{"type":"MultiPolygon","coordinates":[[[[0.7906925571383128,36.562274009029515],[0.7873026925810463,36.57688594997805],[0.789250951374184,36.57733793191902],[0.7926408159314504,36.562725990970485],[0.7906925571383128,36.562274009029515]]],[[[0.787146867125193,36.58198258793138],[0.7853544337879087,36.57643396803708],[0.7911992101673216,36.57778991385999],[0.787146867125193,36.58198258793138]]]]},"properties":{"speed":0.1314,"dir_deg":346.9,"type":"متوسط"}},{"type":"Feature","geometry":{"type":"MultiPolygon","coordinates":[[[[0.8324344160162329,36.56206184092342],[0.8258620298675731,36.5755453026567],[0.827659824765344,36.57642162080986],[0.8342322109140039,36.56293815907658],[0.8324344160162329,36.56206184092342]]],[[[0.8245701319335719,36.58047794897771],[0.824064234969802,36.574668984503546],[0.8294576196631152,36.577297938963014],[0.8245701319335719,36.58047794897771]]]]},"properties":{"speed":0.1369,"dir_deg":334.0,"type":"متوسط"}},{"type":"Feature","geometry":{"type":"MultiPolygon","coordinates":[[[[0.8742132707791034,36.56188270174714],[0.8649537969861631,36.57368364006059],[0.8665272554279564,36.57491823656631],[0.8757867292208966,36.56311729825286],[0.8742132707791034,36.56188270174714]]],[[[0.8626540349427463,36.578234584417935],[0.8633803385443698,36.57244904355486],[0.8681007138697497,36.57615283307204],[0.8626540349427463,36.578234584417935]]]]},"properties":{"speed":0.1653,"dir_deg":321.9,"type":"متوسط"}},{"type":"Feature","geometry":{"type":"MultiPolygon","coordinates":[[[[0.9158849158484005,36.561876433970006],[0.9065314253985339,36.573602994267226],[0.9080949667714961,36.57485012632721],[0.9174484572213627,36.563123566029994],[0.9158849158484005,36.561876433970006]]],[[[0.9041953659350594,36.57813541372962],[0.9049678840255717,36.572355862207246],[0.9096585081444584,36.57609725838719],[0.9041953659350594,36.57813541372962]]]]},"properties":{"speed":0.2073,"dir_deg":321.4,"type":"متوسط"}},{"type":"Feature","geometry":{"type":"MultiPolygon","coordinates":[[[[0.9575405966747063,36.56189040989985],[0.9483967451724828,36.57378116175603],[0.9499821787533071,36.575000341956326],[0.9591260302555306,36.56310959010015],[0.9575405966747063,36.56189040989985]]],[[[0.9461415114621538,36.57835433580824],[0.9468113115916587,36.57256198155574],[0.9515676123341313,36.57621952215662],[0.9461415114621538,36.57835433580824]]]]},"properties":{"speed":0.2399,"dir_deg":322.4,"type":"قوي"}},{"type":"Feature","geometry":{"type":"MultiPolygon","coordinates":[[[[0.9992039513362583,36.56189476737947],[0.9901254620282911,36.573835497335594],[0.9917175593557745,36.57504596257665],[1.0007960486637417,36.56310523262053],[0.9992039513362583,36.56189476737947]]],[[[0.987895347589377,36.57842097327484],[0.9885333647008077,36.57262503209453],[0.993309656683258,36.57625642781772],[0.987895347589377,36.57842097327484]]]]},"properties":{"speed":0.2823,"dir_deg":322.8,"type":"قوي"}},{"type":"Feature","geometry":{"type":"MultiPolygon","coordinates":[[[[-0.41617361131668584,36.60503794180591],[-0.4031235577143284,36.59764226056781],[-0.4041096485460751,36.59590225342083],[-0.41715970214843257,36.60329793465893],[-0.41617361131668584,36.60503794180591]]],[[[-0.3992665852627492,36.59430702991495],[-0.4021374668825816,36.599382267714795],[-0.4050957393778219,36.59416224627385],[-0.3992665852627492,36.59430702991495]]]]},"properties":{"speed":0.1159,"dir_deg":119.5,"type":"متوسط"}},{"type":"Feature","geometry":{"type":"MultiPolygon","coordinates":[[[[-0.37444934016772863,36.60500266797858],[-0.36192839397534216,36.59674277049451],[-0.3630297136398849,36.59507331100219],[-0.37555065983227137,36.60333320848626],[-0.37444934016772863,36.60500266797858]]],[[[-0.358305405076818,36.59315474158699],[-0.36082707431079936,36.59841222998683],[-0.3641310333044277,36.59340385150987],[-0.358305405076818,36.59315474158699]]]]},"properties":{"speed":0.1189,"dir_deg":123.4,"type":"متوسط"}},{"type":"Feature","geometry":{"type":"MultiPolygon","coordinates":[[[[-0.33276954116627205,36.60499384814925],[-0.3203808924138258,36.59653681663172],[-0.32150849661616326,36.594884996798065],[-0.33389714536860954,36.603342028315595],[-0.33276954116627205,36.60499384814925]]],[[[-0.3168151449308458,36.592891896209046],[-0.31925328821148835,36.59818863646538],[-0.3226361008185007,36.593233176964404],[-0.3168151449308458,36.592891896209046]]]]},"properties":{"speed":0.1173,"dir_deg":124.3,"type":"متوسط"}},{"type":"Feature","geometry":{"type":"MultiPolygon","coordinates":[[[[-0.2910915851635516,36.60498604133749],[-0.2788200385875569,36.59635996780238],[-0.2799701817255721,36.59472376159224],[-0.2922417283015668,36.603349835127354],[-0.2910915851635516,36.60498604133749]]],[[[-0.27530459463123286,36.59266650685227],[-0.27766989544954174,36.59799617401251],[-0.28112032486358723,36.59308755538211],[-0.27530459463123286,36.59266650685227]]]]},"properties":{"speed":0.1111,"dir_deg":125.1,"type":"ضعيف"}},{"type":"Feature","geometry":{"type":"MultiPolygon","coordinates":[[[[-0.24940133614430904,36.60496893859939],[-0.23738633063972944,36.59598898076403],[-0.23858365835111137,36.59438698003009],[-0.25059866385569096,36.60336693786545],[-0.24940133614430904,36.60496893859939]]],[[[-0.23397999266056052,36.592194661118604],[-0.23618900292834752,36.59759098149797],[-0.2397809860624933,36.59278497929614],[-0.23397999266056052,36.592194661118604]]]]},"properties":{"speed":0.1029,"dir_deg":126.8,"type":"ضعيف"}},{"type":"Feature","geometry":{"type":"MultiPolygon","coordinates":[[[[-0.20770969959414637,36.604949658869586],[-0.19598389003669117,36.59559522728759],[-0.19723114758095764,36.59403178601326],[-0.20895695713841284,36.60338621759526],[-0.20770969959414637,36.604949658869586]]],[[[-0.192698915623006,36.59169536278976],[-0.19473663249242468,36.59715866856192],[-0.19847840512522413,36.59246834473893],[-0.192698915623006,36.59169536278976]]]]},"properties":{"speed":0.0976,"dir_deg":128.6,"type":"ضعيف"}},{"type":"Feature","geometry":{"type":"MultiPolygon","coordinates":[[[[-0.16606081757150454,36.60496351403352],[-0.15412718055499858,36.59587570310028],[-0.1553388886794303,36.594284551498085],[-0.16727252569593626,36.60337236243132],[-0.16606081757150454,36.60496351403352]]],[[[-0.15075515561171243,36.5920508569881],[-0.15291547243056686,36.59746685470248],[-0.15655059680386202,36.592693399895886],[-0.15075515561171243,36.5920508569881]]]]},"properties":{"speed":0.0976,"dir_deg":127.3,"type":"ضعيف"}},{"type":"Feature","geometry":{"type":"MultiPolygon","coordinates":[[[[-0.12444775291939372,36.60500161872395],[-0.11194254554640645,36.59671791251486],[-0.11304703970761901,36.5950505515318],[-0.12555224708060628,36.60333425774089],[-0.12444775291939372,36.60500161872395]]],[[[-0.1083263901693503,36.593122996620295],[-0.1108380513851939,36.598385273497925],[-0.11415153386883156,36.593383190548735],[-0.1083263901693503,36.593122996620295]]]]},"properties":{"speed":0.1092,"dir_deg":123.5,"type":"ضعيف"}},{"type":"Feature","geometry":{"type":"MultiPolygon","coordinates":[[[[-0.08278417070871479,36.605003652109296],[-0.07024846255564192,36.59676617548711],[-0.07134679277193275,36.59509474773336],[-0.08388250092500561,36.60333222435555],[-0.08278417070871479,36.605003652109296]]],[[[-0.06661905827942971,36.593184636069516],[-0.06915013233935108,36.59843760324085],[-0.07244512298822359,36.59342331997962],[-0.06661905827942971,36.593184636069516]]]]},"properties":{"speed":0.1256,"dir_deg":123.3,"type":"متوسط"}},{"type":"Feature","geometry":{"type":"MultiPolygon","coordinates":[[[[-0.041090362986728586,36.6049851729828],[-0.028831841731084103,36.59634059915728],[-0.02998445157448713,36.59470612965652],[-0.04224297283013161,36.60335070348204],[-0.041090362986728586,36.6049851729828]]],[[[-0.02532197290090412,36.59264183979839],[-0.027679231887681073,36.59797506865803],[-0.03113706141789016,36.59307166015577],[-0.02532197290090412,36.59264183979839]]]]},"properties":{"speed":0.1256,"dir_deg":125.2,"type":"متوسط"}},{"type":"Feature","geometry":{"type":"MultiPolygon","coordinates":[[[[0.0005068804771816513,36.60502995457905],[0.013437125676586139,36.59742674742133],[0.012423364722222836,36.59570271472807],[-0.0005068804771816513,36.60330592188579],[0.0005068804771816513,36.60502995457905]]],[[[0.01724032693253932,36.59403032868879],[0.014450886630949442,36.599150780114584],[0.011409603767859534,36.593978682034816],[0.01724032693253932,36.59403032868879]]]]},"properties":{"speed":0.1048,"dir_deg":120.5,"type":"ضعيف"}},{"type":"Feature","geometry":{"type":"MultiPolygon","coordinates":[[[[0.041742991655768474,36.605165021321035],[0.056699237984919756,36.60402016511096],[0.05654659049024301,36.60202599893373],[0.041590344161091725,36.60317085514381],[0.041742991655768474,36.605165021321035]]],[[[0.06160832968063181,36.60264146328566],[0.05685188547959651,36.60601433128818],[0.05639394299556625,36.600031832756514],[0.06160832968063181,36.60264146328566]]]]},"properties":{"speed":0.0896,"dir_deg":94.4,"type":"ضعيف"}},{"type":"Feature","geometry":{"type":"MultiPolygon","coordinates":[[[[0.08295838629163794,36.605094983459765],[0.09686406470175196,36.6107192263381],[0.09761396375219647,36.60886513588341],[0.08370828534208245,36.60324089300508],[0.08295838629163794,36.605094983459765]]],[[[0.1018742403636789,36.61166692873687],[0.09611416565130745,36.612573316792776],[0.09836386280264098,36.607011045428735],[0.1018742403636789,36.61166692873687]]]]},"properties":{"speed":0.1177,"dir_deg":68.0,"type":"متوسط"}},{"type":"Feature","geometry":{"type":"MultiPolygon","coordinates":[[[[0.12446346900055363,36.60501181884402],[0.13712167817454202,36.613059783835716],[0.13819474017343475,36.61137202261252],[0.12553653099944637,36.603324057620824],[0.12446346900055363,36.60501181884402]]],[[[0.1418776122319845,36.61489855822135],[0.13604861617564928,36.61474754505892],[0.13926780217232748,36.60968426138932],[0.1418776122319845,36.61489855822135]]]]},"properties":{"speed":0.1693,"dir_deg":57.6,"type":"متوسط"}},{"type":"Feature","geometry":{"type":"MultiPolygon","coordinates":[[[[0.16606573274253567,36.604967233202416],[0.17805515729248286,36.61398131657019],[0.17925703507485233,36.6123827266302],[0.16726761052490513,36.60336864326243],[0.16606573274253567,36.604967233202416]]],[[[0.18265257103364999,36.61618671605611],[0.17685327951011343,36.615579906510185],[0.18045891285722176,36.61078413669021],[0.18265257103364999,36.61618671605611]]]]},"properties":{"speed":0.2196,"dir_deg":53.1,"type":"متوسط"}},{"type":"Feature","geometry":{"type":"MultiPolygon","coordinates":[[[[0.20767772785695432,36.6049230461533],[0.21900434667012178,36.614757053793184],[0.22031554768877235,36.61324683795142],[0.20898892887560488,36.60341283031154],[0.20767772785695432,36.6049230461533]]],[[[0.22343548678383623,36.617279948418926],[0.21769314565147124,36.61626726963494],[0.22162674870742288,36.61173662210967],[0.22343548678383623,36.617279948418926]]]]},"properties":{"speed":0.2532,"dir_deg":49.0,"type":"قوي"}},{"type":"Feature","geometry":{"type":"MultiPolygon","coordinates":[[[[0.24928375218287646,36.60486578425016],[0.25975144244887083,36.61560950150701],[0.2611839380831179,36.614213809471536],[0.25071624781712354,36.603470092214685],[0.24928375218287646,36.60486578425016]]],[[[0.2639569203546592,36.61849289457489],[0.2583189468146237,36.617005193542475],[0.26261643371736504,36.61281811743607],[0.2639569203546592,36.61849289457489]]]]},"properties":{"speed":0.2622,"dir_deg":44.3,"type":"قوي"}},{"type":"Feature","geometry":{"type":"MultiPolygon","coordinates":[[[[0.29089143458694594,36.60479962694132],[0.3003667652204341,36.616427959125524],[0.3019172095116606,36.615164581707724],[0.29244187887817247,36.60353624952352],[0.29089143458694594,36.60479962694132]]],[[[0.3043004309105434,36.61967238114469],[0.2988163209292075,36.617691336543324],[0.3034676538028872,36.613901204289924],[0.3043004309105434,36.61967238114469]]]]},"properties":{"speed":0.2494,"dir_deg":39.2,"type":"قوي"}},{"type":"Feature","geometry":{"type":"MultiPolygon","coordinates":[[[[0.3325084214547127,36.6047331850837],[0.34098712422395855,36.61710701227462],[0.3426369678494147,36.61597651857206],[0.3341582650801689,36.60360269138114],[0.3325084214547127,36.6047331850837]]],[[[0.3446382802931019,36.62066637448699],[0.3393372805985024,36.61823750597719],[0.3442868114748709,36.61484602486949],[0.3446382802931019,36.62066637448699]]]]},"properties":{"speed":0.2248,"dir_deg":34.4,"type":"متوسط"}},{"type":"Feature","geometry":{"type":"MultiPolygon","coordinates":[[[[0.3741468904981751,36.60468967013474],[0.3819728690329417,36.61748631266211],[0.38367908803659145,36.616442848857474],[0.3758531095018249,36.603646206330104],[0.3741468904981751,36.60468967013474]]],[[[0.38543463804635547,36.62123012826892],[0.38026665002929194,36.618529776466744],[0.3853853070402412,36.61539938505284],[0.38543463804635547,36.62123012826892]]]]},"properties":{"speed":0.2009,"dir_deg":31.4,"type":"متوسط"}},{"type":"Feature","geometry":{"type":"MultiPolygon","coordinates":[[[[0.41582948781317997,36.60471488265412],[0.42403365413863425,36.61727241644481],[0.42570799197739273,36.61617852760141],[0.41750382565193844,36.60362099381072],[0.41582948781317997,36.60471488265412]]],[[[0.4276055451664983,36.62091131662001],[0.42235931629987583,36.618366305288205],[0.42738232981615115,36.61508463875802],[0.4276055451664983,36.62091131662001]]]]},"properties":{"speed":0.1836,"dir_deg":33.2,"type":"متوسط"}},{"type":"Feature","geometry":{"type":"MultiPolygon","coordinates":[[[[0.45754787688822124,36.60478684256034],[0.46683144180699265,36.61656883824863],[0.46840237456543177,36.6153310295928],[0.45911880964666035,36.60354903390451],[0.45754787688822124,36.60478684256034]]],[[[0.4707114298258027,36.61987726581681],[0.4652605090485536,36.61780664690447],[0.4699733073238708,36.614093220936965],[0.4707114298258027,36.61987726581681]]]]},"properties":{"speed":0.1741,"dir_deg":38.2,"type":"متوسط"}},{"type":"Feature","geometry":{"type":"MultiPolygon","coordinates":[[[[0.4992920280014828,36.604874178736296],[0.5098856355596285,36.61549375871405],[0.511301579556663,36.614081277706305],[0.5007079719985172,36.60346169772855],[0.4992920280014828,36.604874178736296]]],[[[0.5141248100775276,36.618327378202764],[0.5084696915625941,36.61690623972181],[0.5127175235536974,36.61266879669855],[0.5141248100775276,36.618327378202764]]]]},"properties":{"speed":0.1632,"dir_deg":44.9,"type":"متوسط"}},{"type":"Feature","geometry":{"type":"MultiPolygon","coordinates":[[[[0.5409591506257845,36.604874615625114],[0.5515593115161238,36.61548765426157],[0.552974383334318,36.61407429947619],[0.5423742224439787,36.60346126083973],[0.5409591506257845,36.604874615625114]]],[[[0.5558002343886674,36.61831865641437],[0.5501442396979296,36.61690100904695],[0.5543894551525123,36.61266094469081],[0.5558002343886674,36.61831865641437]]]]},"properties":{"speed":0.1713,"dir_deg":45.0,"type":"متوسط"}},{"type":"Feature","geometry":{"type":"MultiPolygon","coordinates":[[[[0.5826807285144479,36.604925653800535],[0.5940464620361176,36.614714428060594],[0.5953516319374587,36.61319899692437],[0.583985898415789,36.60341022266431],[0.5826807285144479,36.604925653800535]]],[[[0.5984876248273447,36.61721963724583],[0.5927412921347763,36.616229859196814],[0.5966568018387999,36.61168356578815],[0.5984876248273447,36.61721963724583]]]]},"properties":{"speed":0.1551,"dir_deg":49.3,"type":"متوسط"}},{"type":"Feature","geometry":{"type":"MultiPolygon","coordinates":[[[[0.6242910458200998,36.60487319277569],[0.6348698639691388,36.6155075054742],[0.6362877723289393,36.61409699638766],[0.6257089541799002,36.60346268368915],[0.6242910458200998,36.60487319277569]]],[[[0.6391050908653854,36.618347021830424],[0.6334519556093383,36.61691801456074],[0.6377056806887398,36.61268648730112],[0.6391050908653854,36.618347021830424]]]]},"properties":{"speed":0.1665,"dir_deg":44.9,"type":"متوسط"}},{"type":"Feature","geometry":{"type":"MultiPolygon","coordinates":[[[[0.6659303323483914,36.60484453450202],[0.6760792763924112,36.61588984729937],[0.6775519847653916,36.61453665476017],[0.6674030407213718,36.60349134196282],[0.6659303323483914,36.60484453450202]]],[[[0.6801986119269079,36.618895021962224],[0.6746065680194309,36.61724303983858],[0.6790246931383719,36.61318346222097],[0.6801986119269079,36.618895021962224]]]]},"properties":{"speed":0.1703,"dir_deg":42.6,"type":"متوسط"}},{"type":"Feature","geometry":{"type":"MultiPolygon","coordinates":[[[[0.7074965489418632,36.60471550113531],[0.7157099924852165,36.61726696898414],[0.7173835215317269,36.616171843178364],[0.7091700779883736,36.603620375329534],[0.7074965489418632,36.60471550113531]]],[[[0.7192845715229228,36.62090322869752],[0.7140364634387062,36.61836209478992],[0.7190570505782372,36.61507671737258],[0.7192845715229228,36.62090322869752]]]]},"properties":{"speed":0.1946,"dir_deg":33.2,"type":"متوسط"}},{"type":"Feature","geometry":{"type":"MultiPolygon","coordinates":[[[[0.7492202577953552,36.604794038938614],[0.7586117683882523,36.616490172008284],[0.7601712527975419,36.6152379705959],[0.7507797422046448,36.60354183752623],[0.7492202577953552,36.604794038938614]]],[[[0.7625220141238629,36.61976278232532],[0.7570522839789625,36.61774237342067],[0.7617307372068317,36.613985769183515],[0.7625220141238629,36.61976278232532]]]]},"properties":{"speed":0.1924,"dir_deg":38.8,"type":"متوسط"}},{"type":"Feature","geometry":{"type":"MultiPolygon","coordinates":[[[[0.7909927603041366,36.60490673687584],[0.8020747399553814,36.61501563033701],[0.8034225924168714,36.613538033050176],[0.7923406127656266,36.603429139589004],[0.7909927603041366,36.60490673687584]]],[[[0.806442659403208,36.617646462847325],[0.8007268874938913,36.61649322762384],[0.8047704448783615,36.61206043576335],[0.806442659403208,36.617646462847325]]]]},"properties":{"speed":0.1517,"dir_deg":47.6,"type":"متوسط"}},{"type":"Feature","geometry":{"type":"MultiPolygon","coordinates":[[[[0.832536243243044,36.60477182486175],[0.8415945426829773,36.61672787819287],[0.8431886831271261,36.61552010493421],[0.8341303836871928,36.603564051603094],[0.832536243243044,36.60477182486175]]],[[[0.8454110460516961,36.62010934267391],[0.8400004022388284,36.617935651451525],[0.844782823571275,36.614312331675556],[0.8454110460516961,36.62010934267391]]]]},"properties":{"speed":0.1343,"dir_deg":37.1,"type":"متوسط"}},{"type":"Feature","geometry":{"type":"MultiPolygon","coordinates":[[[[0.8740298429982195,36.604410415843546],[0.8776670071650757,36.618962770870255],[0.8796073211686367,36.618477815648006],[0.8759701570017805,36.6039254606213],[0.8740298429982195,36.604410415843546]]],[[[0.879849552222475,36.62357107826803],[0.8757266931615147,36.6194477260925],[0.8815476351721977,36.61799286042576],[0.879849552222475,36.62357107826803]]]]},"properties":{"speed":0.137,"dir_deg":14.0,"type":"متوسط"}},{"type":"Feature","geometry":{"type":"MultiPolygon","coordinates":[[[[0.9156785375911857,36.60401444013773],[0.9133760661708725,36.61883667429317],[0.9153523640582644,36.61914367048255],[0.9176548354785775,36.60432143632711],[0.9156785375911857,36.60401444013773]]],[[[0.9135967246411307,36.62393091710634],[0.9113997682834808,36.6185296781038],[0.9173286619456561,36.61945066667192],[0.9135967246411307,36.62393091710634]]]]},"properties":{"speed":0.2191,"dir_deg":351.2,"type":"متوسط"}},{"type":"Feature","geometry":{"type":"MultiPolygon","coordinates":[[[[0.9573930132808438,36.60382759199188],[0.9522878196726695,36.617932094756],[0.9541684200412187,36.61861278723708],[0.959273613649393,36.60450828447296],[0.9573930132808438,36.60382759199188]]],[[[0.9515263886542192,36.62297394191791],[0.9504072193041202,36.61725140227491],[0.956049020409768,36.61929347971817],[0.9515263886542192,36.62297394191791]]]]},"properties":{"speed":0.2721,"dir_deg":340.1,"type":"قوي"}},{"type":"Feature","geometry":{"type":"MultiPolygon","coordinates":[[[[0.9991016736681877,36.60372860942439],[0.992511741547609,36.61720350440157],[0.9943083942112336,36.61808216201764],[1.0008983263318123,36.60460726704046],[0.9991016736681877,36.60372860942439]]],[[[0.9912134238392284,36.622134464868665],[0.9907150888839843,36.616324846785496],[0.9961050468748583,36.61896081963372],[0.9912134238392284,36.622134464868665]]]]},"properties":{"speed":0.3417,"dir_deg":333.9,"type":"قوي"}},{"type":"Feature","geometry":{"type":"MultiPolygon","coordinates":[[[[-0.4158076138047522,36.64634396532117],[-0.4081290605008053,36.63345832140406],[-0.40984714635641933,36.632434514296875],[-0.41752569966036623,36.645320158213984],[-0.4158076138047522,36.64634396532117]]],[[[-0.40642858566063,36.62865120321144],[-0.40641097464519116,36.63448212851126],[-0.41156523221203345,36.63141070718968],[-0.40642858566063,36.62865120321144]]]]},"properties":{"speed":0.1234,"dir_deg":149.2,"type":"متوسط"}},{"type":"Feature","geometry":{"type":"MultiPolygon","coordinates":[[[[-0.37409732995197825,36.646262395108614],[-0.36764232983648626,36.63272234438829],[-0.36944766993252975,36.63186167770622],[-0.37590267004802175,36.64540172842654],[-0.37409732995197825,36.646262395108614]]],[[[-0.366393333179344,36.627778660807145],[-0.3658369897404428,36.63358301107036],[-0.3712530100285732,36.63100101102415],[-0.366393333179344,36.627778660807145]]]]},"properties":{"speed":0.1239,"dir_deg":154.5,"type":"متوسط"}},{"type":"Feature","geometry":{"type":"MultiPolygon","coordinates":[[[[-0.33239863721679264,36.646187483487346],[-0.3270673114202962,36.632166892727625],[-0.32893672352159253,36.63145604928809],[-0.33426804931808896,36.64547664004781],[-0.33239863721679264,36.646187483487346]]],[[[-0.32622490887211225,36.627137940754615],[-0.3251978993189999,36.63287773616716],[-0.33080613562288885,36.630745205848555],[-0.32622490887211225,36.627137940754615]]]]},"properties":{"speed":0.1221,"dir_deg":159.2,"type":"متوسط"}},{"type":"Feature","geometry":{"type":"MultiPolygon","coordinates":[[[[-0.2907095550135516,36.64612181390212],[-0.2863632729953953,36.63176528811701],[-0.2882774764334105,36.631185783847926],[-0.2926237584515668,36.645542309633036],[-0.2907095550135516,36.64612181390212]]],[[[-0.28587161404168415,36.626690027387426],[-0.2844490695573801,36.6323447923861],[-0.29019167987142575,36.630606279578835],[-0.28587161404168415,36.626690027387426]]]]},"properties":{"speed":0.1245,"dir_deg":163.2,"type":"متوسط"}},{"type":"Feature","geometry":{"type":"MultiPolygon","coordinates":[[[[-0.24903258524829539,36.6460852587229],[-0.24523463091846667,36.63157403744733],[-0.2471694604218759,36.63106764353669],[-0.25096741475170464,36.64557886481226],[-0.24903258524829539,36.6460852587229]]],[[[-0.2449360608935617,36.626483766733486],[-0.24329980141505742,36.63208043135798],[-0.24910428992528516,36.63056124962604],[-0.2449360608935617,36.626483766733486]]]]},"properties":{"speed":0.1256,"dir_deg":165.3,"type":"متوسط"}},{"type":"Feature","geometry":{"type":"MultiPolygon","coordinates":[[[[-0.20736780184138762,36.646092366453914],[-0.20346323154630427,36.631609468580535],[-0.20539428459608824,36.631088859207864],[-0.2092988548911716,36.64557175708124],[-0.20736780184138762,36.646092366453914]]],[[[-0.2031272346395018,36.62652153126974],[-0.20153217849652028,36.632130077953214],[-0.20732533764587224,36.630568249835186],[-0.2031272346395018,36.62652153126974]]]]},"properties":{"speed":0.1174,"dir_deg":164.9,"type":"متوسط"}},{"type":"Feature","geometry":{"type":"MultiPolygon","coordinates":[[[[-0.16573687937446377,36.64620014647879],[-0.16021560870631546,36.63225326258994],[-0.16207519322482872,36.63151709316752],[-0.16759646389297703,36.645463977056366],[-0.16573687937446377,36.64620014647879]]],[[[-0.15930497740952265,36.627236216582446],[-0.15835602418780223,36.63298943201236],[-0.16393477774334195,36.6307809237451],[-0.15930497740952265,36.627236216582446]]]]},"properties":{"speed":0.0972,"dir_deg":158.4,"type":"ضعيف"}},{"type":"Feature","geometry":{"type":"MultiPolygon","coordinates":[[[[-0.12423998880282545,36.64648197174609],[-0.11449133912514714,36.635081803788474],[-0.11601136151949623,36.63378198383145],[-0.12576001119717453,36.645182151789065],[-0.12423998880282545,36.64648197174609]]],[[[-0.11200180042976225,36.63063183782409],[-0.11297131673079806,36.63638162374549],[-0.11753138391384531,36.63248216387443],[-0.11200180042976225,36.63063183782409]]]]},"properties":{"speed":0.0847,"dir_deg":139.5,"type":"ضعيف"}},{"type":"Feature","geometry":{"type":"MultiPolygon","coordinates":[[[[-0.0827877204806754,36.646670097509606],[-0.07021718435022384,36.638485867466834],[-0.07130841502259344,36.63680979598278],[-0.083878951153045,36.64499402602555],[-0.0827877204806754,36.646670097509606]]],[[[-0.06657262097625812,36.63491975504388],[-0.06912595367785423,36.6401619389509],[-0.07239964569496304,36.635133724498715],[-0.06657262097625812,36.63491975504388]]]]},"properties":{"speed":0.0948,"dir_deg":123.1,"type":"ضعيف"}},{"type":"Feature","geometry":{"type":"MultiPolygon","coordinates":[[[[-0.0412245982217858,36.64672904247649],[-0.027769887588189962,36.640097997176824],[-0.02865402696147857,36.638304035759006],[-0.0421087375950744,36.64493508105867],[-0.0412245982217858,36.64672904247649]]],[[[-0.02372705373030232,36.63699066803469],[-0.026885748214901358,36.641891958594634],[-0.029538166334767173,36.636510074341196],[-0.02372705373030232,36.63699066803469]]]]},"properties":{"speed":0.0984,"dir_deg":116.2,"type":"ضعيف"}},{"type":"Feature","geometry":{"type":"MultiPolygon","coordinates":[[[[0.00016629981270135913,36.64681813700421],[0.014957428362155788,36.64432363981369],[0.01462482873675307,36.64235148934043],[-0.00016629981270135913,36.644845986530946],[0.00016629981270135913,36.64681813700421]]],[[[0.019721504732605907,36.64250606551355],[0.015290027987558507,36.64629579028695],[0.01429222911135035,36.64037933886717],[0.019721504732605907,36.64250606551355]]]]},"properties":{"speed":0.0861,"dir_deg":99.6,"type":"ضعيف"}},{"type":"Feature","geometry":{"type":"MultiPolygon","coordinates":[[[[0.04127736204677289,36.646753170309545],[0.05509399017623528,36.652592758234405],[0.0558726018995497,36.65075054115047],[0.04205597377008731,36.64491095322561],[0.04127736204677289,36.646753170309545]]],[[[0.060088838747713286,36.65361817900072],[0.054315378452920865,36.65443497531833],[0.05665121362286411,36.64890832406655],[0.060088838747713286,36.65361817900072]]]]},"properties":{"speed":0.0992,"dir_deg":67.1,"type":"ضعيف"}},{"type":"Feature","geometry":{"type":"MultiPolygon","coordinates":[[[[0.08272171193030678,36.6466232104397],[0.0945889420121072,36.655797568738],[0.09581218978521404,36.65421527139376],[0.08394495970341362,36.64504091309546],[0.08272171193030678,36.6466232104397]]],[[[0.09915630925926076,36.658064539498646],[0.09336569423900035,36.65737986608224],[0.09703543755832089,36.652632974049524],[0.09915630925926076,36.658064539498646]]]]},"properties":{"speed":0.1529,"dir_deg":52.3,"type":"متوسط"}},{"type":"Feature","geometry":{"type":"MultiPolygon","coordinates":[[[[0.1243525046720864,36.64659413118721],[0.13578354596648576,36.656306561105914],[0.13707853662231298,36.654782422266656],[0.1256474953279136,36.64506999234795],[0.1243525046720864,36.64659413118721]]],[[[0.1402413883925325,36.65878196832585],[0.13448855531065856,36.657830699945166],[0.13837352727814017,36.653258283427405],[0.1402413883925325,36.65878196832585]]]]},"properties":{"speed":0.2144,"dir_deg":49.6,"type":"متوسط"}},{"type":"Feature","geometry":{"type":"MultiPolygon","coordinates":[[[[0.16600678442810202,36.64658342644326],[0.1772772545633166,36.65648173452753],[0.17859702897455337,36.65497900517617],[0.16732655883933878,36.6450806970919],[0.16600678442810202,36.64658342644326]]],[[[0.18169396514733985,36.659029805879946],[0.17595748015207988,36.6579844638789],[0.1799168033857901,36.65347627582481],[0.18169396514733985,36.659029805879946]]]]},"properties":{"speed":0.2603,"dir_deg":48.7,"type":"قوي"}},{"type":"Feature","geometry":{"type":"MultiPolygon","coordinates":[[[[0.2076385869023168,36.646551321316174],[0.21842748013130162,36.65697244327561],[0.21981696305922724,36.65553392417842],[0.2090280698302424,36.64511280221898],[0.2076385869023168,36.646551321316174]]],[[[0.22271851933825937,36.65972689104684],[0.21703799720337602,36.65841096237281],[0.22120644598715283,36.65409540508122],[0.22271851933825937,36.65972689104684]]]]},"properties":{"speed":0.2777,"dir_deg":46.0,"type":"قوي"}},{"type":"Feature","geometry":{"type":"MultiPolygon","coordinates":[[[[0.2492423091516169,36.646484675419195],[0.2590315139258675,36.65785003814494],[0.2605468956226337,36.65654481084171],[0.2507576908483831,36.64517944811596],[0.2492423091516169,36.646484675419195]]],[[[0.26305227303233414,36.66098587873524],[0.2575161322291013,36.65915526544818],[0.2620622773193999,36.655239583538474],[0.26305227303233414,36.66098587873524]]]]},"properties":{"speed":0.2667,"dir_deg":40.7,"type":"قوي"}},{"type":"Feature","geometry":{"type":"MultiPolygon","coordinates":[[[[0.2908412885540029,36.64639665663988],[0.299310211638492,36.65877717931822],[0.30096094799560463,36.65764798957362],[0.29249202491111553,36.64526746689528],[0.2908412885540029,36.64639665663988]]],[[[0.30295855417854467,36.66233942533871],[0.29765947528137937,36.65990636906282],[0.30261168435271724,36.65651879982902],[0.30295855417854467,36.66233942533871]]]]},"properties":{"speed":0.2421,"dir_deg":34.4,"type":"قوي"}},{"type":"Feature","geometry":{"type":"MultiPolygon","coordinates":[[[[0.33246007789148213,36.64631930665791],[0.33976875124641864,36.659418287297285],[0.341515281998336,36.658443797516625],[0.33420660864339946,36.64534481687725],[0.33246007789148213,36.64631930665791]]],[[[0.3430782410740228,36.66329736928675],[0.33802222049450137,36.660392777077945],[0.34326181275025325,36.657469307735965],[0.3430782410740228,36.66329736928675]]]]},"properties":{"speed":0.2183,"dir_deg":29.2,"type":"متوسط"}},{"type":"Feature","geometry":{"type":"MultiPolygon","coordinates":[[[[0.3741010637940052,36.64627014132377],[0.38067225713685643,36.65975418441369],[0.382470129548846,36.65887802530131],[0.3758989362059948,36.64539398221139],[0.3741010637940052,36.64627014132377]]],[[[0.38376159112380165,36.66381078588747],[0.37887438472486684,36.66063034352607],[0.3842680019608356,36.65800186618893],[0.38376159112380165,36.66381078588747]]]]},"properties":{"speed":0.1989,"dir_deg":26.0,"type":"متوسط"}},{"type":"Feature","geometry":{"type":"MultiPolygon","coordinates":[[[[0.415768092661592,36.6462709041201],[0.4223507279494188,36.65974936518461],[0.42414785609135325,36.658871680479564],[0.4175652208035264,36.645393219415055],[0.415768092661592,36.6462709041201]]],[[[0.425443503782995,36.66380334318692],[0.4205535998074844,36.660627049889655],[0.42594498423328764,36.65799399577452],[0.425443503782995,36.66380334318692]]]]},"properties":{"speed":0.1854,"dir_deg":26.0,"type":"متوسط"}},{"type":"Feature","geometry":{"type":"MultiPolygon","coordinates":[[[[0.45746339190044333,36.64632519929308],[0.4648604547829886,36.659374469798045],[0.46660035751698353,36.65838819474704],[0.45920329463443826,36.645338924242076],[0.45746339190044333,36.64632519929308]]],[[[0.46819609377750115,36.663231089107526],[0.46312055204899366,36.66036074484905],[0.46834026025097847,36.657401919696035],[0.46819609377750115,36.663231089107526]]]]},"properties":{"speed":0.1769,"dir_deg":29.5,"type":"متوسط"}},{"type":"Feature","geometry":{"type":"MultiPolygon","coordinates":[[[[0.49917147873262313,36.646392019363745],[0.5075708426751167,36.6588198383744],[0.5092278852098704,36.657699923182065],[0.5008285212673769,36.64527210417141],[0.49917147873262313,36.646392019363745]]],[[[0.5111991519233247,36.662402487115116],[0.505913800140363,36.65993975356673],[0.510884927744624,36.65658000798973],[0.5111991519233247,36.662402487115116]]]]},"properties":{"speed":0.1721,"dir_deg":34.1,"type":"متوسط"}},{"type":"Feature","geometry":{"type":"MultiPolygon","coordinates":[[[[0.5408606223652576,36.64642388991362],[0.5497380445558969,36.658514852457984],[0.551350172895145,36.6573311961659],[0.5424727507045056,36.645240233621536],[0.5408606223652576,36.64642388991362]]],[[[0.5535032494557341,36.66195334516006],[0.5481259162166487,36.65969850875007],[0.5529623012343932,36.656147539873814],[0.5535032494557341,36.66195334516006]]]]},"properties":{"speed":0.1734,"dir_deg":36.3,"type":"متوسط"}},{"type":"Feature","geometry":{"type":"MultiPolygon","coordinates":[[[[0.582545840370687,36.64644841079657],[0.5917910758056565,36.65826050721304],[0.5933660219945193,36.65702780915505],[0.5841207865595498,36.64521571273858],[0.582545840370687,36.64644841079657]]],[[[0.5956602940450777,36.6615815236562],[0.5902161296167938,36.65949320527104],[0.5949409681833819,36.655795111097056],[0.5956602940450777,36.6615815236562]]]]},"properties":{"speed":0.1623,"dir_deg":38.1,"type":"متوسط"}},{"type":"Feature","geometry":{"type":"MultiPolygon","coordinates":[[[[0.6241914928992399,36.64642054818885],[0.6330187892183078,36.65854815470025],[0.634635803419828,36.657371181857705],[0.6258085071007601,36.645243575346306],[0.6241914928992399,36.64642054818885]]],[[[0.6367697284254238,36.66200220378278],[0.6314017750167877,36.65972512754279],[0.636252817621348,36.65619420901516],[0.6367697284254238,36.66200220378278]]]]},"properties":{"speed":0.1751,"dir_deg":36.0,"type":"متوسط"}},{"type":"Feature","geometry":{"type":"MultiPolygon","coordinates":[[[[0.6658963443849906,36.646469692516604],[0.6754608056203539,36.65802482476497],[0.677001489920136,36.65674956326692],[0.6674370286847726,36.64519443101855],[0.6658963443849906,36.646469692516604]]],[[[0.6794193015153661,36.6612389047654],[0.6739201213205718,36.659300086263016],[0.6785421742199181,36.655474301768876],[0.6794193015153661,36.6612389047654]]]]},"properties":{"speed":0.1735,"dir_deg":39.6,"type":"متوسط"}},{"type":"Feature","geometry":{"type":"MultiPolygon","coordinates":[[[[0.7075510303868859,36.646454984865166],[0.7168948768507356,36.658189231038655],[0.7184594430072005,36.65694338484348],[0.7091155965433509,36.64520913866999],[0.7075510303868859,36.646454984865166]]],[[[0.720791775416918,36.661477723332226],[0.7153303106942706,36.65943507723384],[0.7200240091636656,36.6556975386483],[0.720791775416918,36.661477723332226]]]]},"properties":{"speed":0.2173,"dir_deg":38.5,"type":"متوسط"}},{"type":"Feature","geometry":{"type":"MultiPolygon","coordinates":[[[[0.7492820013450749,36.64652810625719],[0.7597226686893265,36.65729808608107],[0.7611586659991766,36.65590599710184],[0.7507179986549251,36.64513601727796],[0.7492820013450749,36.64652810625719]]],[[[0.7639208897923353,36.66019203486608],[0.7582866713794765,36.65869017506031],[0.7625946633090266,36.6545139081226],[0.7639208897923353,36.66019203486608]]]]},"properties":{"speed":0.24,"dir_deg":44.1,"type":"قوي"}},{"type":"Feature","geometry":{"type":"MultiPolygon","coordinates":[[[[0.7910844479454017,36.646645079740885],[0.8032797175450083,36.65537865858308],[0.8044441947239681,36.65375262263647],[0.7922489251243615,36.64501904379427],[0.7910844479454017,36.646645079740885]]],[[[0.8079270460010237,36.657476833557176],[0.8021152403660483,36.6570046945297],[0.8056086719029281,36.65212658668985],[0.8079270460010237,36.657476833557176]]]]},"properties":{"speed":0.2014,"dir_deg":54.4,"type":"متوسط"}},{"type":"Feature","geometry":{"type":"MultiPolygon","coordinates":[[[[0.8327504945115626,36.64664466380263],[0.8449395250373929,36.65538694810597],[0.8461051629445046,36.65376174403586],[0.8339161324186742,36.645019459732524],[0.8327504945115626,36.64664466380263]]],[[[0.8495853541662255,36.6574884408387],[0.8437738871302812,36.65701215217608],[0.8472708008516162,36.65213653996575],[0.8495853541662255,36.6574884408387]]]]},"properties":{"speed":0.1872,"dir_deg":54.4,"type":"متوسط"}},{"type":"Feature","geometry":{"type":"MultiPolygon","coordinates":[[[[0.8743018757240626,36.64654803837009],[0.8850415247617669,36.657019902509155],[0.8864377733136417,36.65558794930413],[0.8756981242759374,36.645116085165064],[0.8743018757240626,36.64654803837009]]],[[[0.8893195320502724,36.659794547286324],[0.8836452762098922,36.65845185571418],[0.8878340218655164,36.6541559960991],[0.8893195320502724,36.659794547286324]]]]},"properties":{"speed":0.1952,"dir_deg":45.7,"type":"متوسط"}},{"type":"Feature","geometry":{"type":"MultiPolygon","coordinates":[[[[0.9157465198308088,36.64622358856962],[0.9216194218614131,36.66002608913071],[0.9234597552695587,36.65924303552663],[0.9175868532389544,36.64544053496554],[0.9157465198308088,36.64622358856962]]],[[[0.9244972225756873,36.66423539584903],[0.9197790884532676,36.66080914273479],[0.9253000886777042,36.65845998192255],[0.9244972225756873,36.66423539584903]]]]},"properties":{"speed":0.214,"dir_deg":23.0,"type":"متوسط"}},{"type":"Feature","geometry":{"type":"MultiPolygon","coordinates":[[[[0.9573363693951928,36.645910180404535],[0.9585081489495626,36.66086434145342],[0.9605020370894137,36.660708104179506],[0.959330257535044,36.64575394313062],[0.9573363693951928,36.645910180404535]]],[[[0.959895686204278,36.66577094316609],[0.9565142608097114,36.66102057872734],[0.962495925229265,36.660551866905585],[0.959895686204278,36.66577094316609]]]]},"properties":{"speed":0.2683,"dir_deg":4.5,"type":"قوي"}},{"type":"Feature","geometry":{"type":"MultiPolygon","coordinates":[[[[0.9990029456296877,36.64575536377125],[0.9978524756847263,36.660711179325936],[0.9998465844253509,36.66086457531859],[1.0009970543703124,36.645908759763905],[0.9990029456296877,36.64575536377125]]],[[[0.9984660400733848,36.66577314917382],[0.9958583669441018,36.660557783333275],[1.0018406931659756,36.66101797131125],[0.9984660400733848,36.66577314917382]]]]},"properties":{"speed":0.359,"dir_deg":355.6,"type":"قوي"}},{"type":"Feature","geometry":{"type":"MultiPolygon","coordinates":[[[[-0.4157405305373221,36.68787721382596],[-0.4100823231479188,36.67398532089741],[-0.4119345755383931,36.67323089324548],[-0.41759278292779634,36.68712278617404],[-0.4157405305373221,36.68787721382596]]],[[[-0.40912238021335484,36.66897747609526],[-0.4082300707574445,36.67473974854933],[-0.4137868279288674,36.67247646559356],[-0.40912238021335484,36.66897747609526]]]]},"properties":{"speed":0.1645,"dir_deg":157.8,"type":"متوسط"}},{"type":"Feature","geometry":{"type":"MultiPolygon","coordinates":[[[[-0.37402716929883484,36.687731517659955],[-0.37055440439952875,36.67313905714248],[-0.37250006580185907,36.67267602182257],[-0.37597283070116516,36.687268482340045],[-0.37402716929883484,36.687731517659955]]],[[[-0.37036964680092527,36.668043385976695],[-0.36860874299719837,36.67360209246238],[-0.37444572720418945,36.672212986502664],[-0.37036964680092527,36.668043385976695]]]]},"properties":{"speed":0.1608,"dir_deg":166.6,"type":"متوسط"}},{"type":"Feature","geometry":{"type":"MultiPolygon","coordinates":[[[[-0.33233826616645834,36.68759910379963],[-0.33085170917206574,36.67267294728489],[-0.33284186337403066,36.67247473968563],[-0.33432842036842325,36.68740089620037],[-0.33233826616645834,36.68759910379963]]],[[[-0.33135126727491737,36.667598457980354],[-0.32886155497010083,36.67287115488414],[-0.33483201757599557,36.67227653208638],[-0.33135126727491737,36.667598457980354]]]]},"properties":{"speed":0.1539,"dir_deg":174.3,"type":"متوسط"}},{"type":"Feature","geometry":{"type":"MultiPolygon","coordinates":[[[[-0.29066751642832983,36.68754145663354],[-0.2900456669252299,36.6725543520701],[-0.2920439475336886,36.67247143880302],[-0.2926657970367886,36.68745854336646],[-0.29066751642832983,36.68754145663354]]],[[[-0.2908375240617593,36.667517193915415],[-0.2880473863167712,36.67263726533718],[-0.2940422281421473,36.67238852553594],[-0.2908375240617593,36.667517193915415]]]]},"properties":{"speed":0.1529,"dir_deg":177.6,"type":"متوسط"}},{"type":"Feature","geometry":{"type":"MultiPolygon","coordinates":[[[[-0.24900210457577687,36.687564843830195],[-0.24802944712282746,36.672596412466845],[-0.2500252379712737,36.672466724806455],[-0.2509978954242231,36.687435156169805],[-0.24900210457577687,36.687564843830195]]],[[[-0.24870312339606743,36.667542091515536],[-0.24603365627438123,36.67272610012724],[-0.25202102881971994,36.67233703714606],[-0.24870312339606743,36.667542091515536]]]]},"properties":{"speed":0.1525,"dir_deg":176.3,"type":"متوسط"}},{"type":"Feature","geometry":{"type":"MultiPolygon","coordinates":[[[[-0.20733806645766814,36.68759723031043],[-0.205879611801158,36.672668301681256],[-0.2078701356183809,36.672473841060395],[-0.20932859027489106,36.68740276968957],[-0.20733806645766814,36.68759723031043]]],[[[-0.20638872215759943,36.66759476182777],[-0.2038890879839351,36.672862762302124],[-0.2098606594356038,36.67227938043953],[-0.20638872215759943,36.66759476182777]]]]},"properties":{"speed":0.1387,"dir_deg":174.4,"type":"متوسط"}},{"type":"Feature","geometry":{"type":"MultiPolygon","coordinates":[[[[-0.16568189204038886,36.6876738078035],[-0.16307477498787748,36.672902113903525],[-0.16504433417454056,36.67255449829653],[-0.16765145122705194,36.6873261921965],[-0.16568189204038886,36.6876738078035]]],[[[-0.16319051556370523,36.66780440813337],[-0.1611052158012144,36.67324972951053],[-0.16701389336120365,36.67220688268952],[-0.16319051556370523,36.66780440813337]]]]},"properties":{"speed":0.1032,"dir_deg":170.0,"type":"ضعيف"}},{"type":"Feature","geometry":{"type":"MultiPolygon","coordinates":[[[[-0.12416114162529675,36.68804434972875],[-0.11599589569404643,36.6754614741082],[-0.11767361244345294,36.6743727746507],[-0.12583885837470324,36.68695565027125],[-0.12416114162529675,36.68804434972875]]],[[[-0.11411300542499958,36.67072283250594],[-0.11431817894463993,36.6765501735657],[-0.11935132919285944,36.673284075193195],[-0.11411300542499958,36.67072283250594]]]]},"properties":{"speed":0.0669,"dir_deg":147.0,"type":"ضعيف"}},{"type":"Feature","geometry":{"type":"MultiPolygon","coordinates":[[[[-0.08299797558392161,36.688442089971375],[-0.06886662601331232,36.68341168647729],[-0.06953734647918951,36.68152750653454],[-0.08366869604979879,36.686557910028625],[-0.08299797558392161,36.688442089971375]]],[[[-0.06449153638938115,36.680792795341226],[-0.06819590554743514,36.68529586642004],[-0.07020806694506669,36.679643326591794],[-0.06449153638938115,36.680792795341226]]]]},"properties":{"speed":0.0694,"dir_deg":109.6,"type":"ضعيف"}},{"type":"Feature","geometry":{"type":"MultiPolygon","coordinates":[[[[-0.04170165027542384,36.68849938792968],[-0.02671083133015301,36.689024123434585],[-0.02664086659616553,36.68702534757522],[-0.041631685541436356,36.68650061207032],[-0.04170165027542384,36.68849938792968]]],[[[-0.021678909314735657,36.68819964733987],[-0.026780796064140494,36.691022899293955],[-0.026570901862178045,36.68502657171585],[-0.021678909314735657,36.68819964733987]]]]},"properties":{"speed":0.0832,"dir_deg":88.0,"type":"ضعيف"}},{"type":"Feature","geometry":{"type":"MultiPolygon","coordinates":[[[[-0.000436173101482914,36.68839986278151],[0.013061768621132595,36.69494245930375],[0.013934114824098422,36.693142733740736],[0.000436173101482914,36.68660013721849],[-0.000436173101482914,36.68839986278151]]],[[[0.017997255630154013,36.69622346202966],[0.012189422418166767,36.696742184866764],[0.01480646102706425,36.691343008177725],[0.017997255630154013,36.69622346202966]]]]},"properties":{"speed":0.1003,"dir_deg":64.1,"type":"ضعيف"}},{"type":"Feature","geometry":{"type":"MultiPolygon","coordinates":[[[[0.04102066170573236,36.68826333215973],[0.05247064410166257,36.6979534252002],[0.05376265650705805,36.69642676088074],[0.04231267411112784,36.68673666784027],[0.04102066170573236,36.68826333215973]]],[[[0.05693331110300372,36.700420124053956],[0.0511786316962671,36.69948008951965],[0.05505466891245352,36.694900096561284],[0.05693331110300372,36.700420124053956]]]]},"properties":{"speed":0.1471,"dir_deg":49.8,"type":"متوسط"}},{"type":"Feature","geometry":{"type":"MultiPolygon","coordinates":[[[[0.08265914462515107,36.68823855686106],[0.09373749754108181,36.69835142473669],[0.09508587992450006,36.696874311014575],[0.08400752700856932,36.68676144313894],[0.08265914462515107,36.68823855686106]]],[[[0.09810447303810119,36.700983823834186],[0.09238911515766356,36.69982853845882],[0.09643426230791831,36.69539719729245],[0.09810447303810119,36.700983823834186]]]]},"properties":{"speed":0.2087,"dir_deg":47.6,"type":"متوسط"}},{"type":"Feature","geometry":{"type":"MultiPolygon","coordinates":[[[[0.1243389451148741,36.68825033754994],[0.13559400836398636,36.69816616082683],[0.13691611813423812,36.69666548572695],[0.12566105488512588,36.68674966245006],[0.1243389451148741,36.68825033754994]]],[[[0.14000675099881635,36.70072109770252],[0.13427189859373456,36.69966683592671],[0.13823822790448992,36.69516481062707],[0.14000675099881635,36.70072109770252]]]]},"properties":{"speed":0.2561,"dir_deg":48.6,"type":"قوي"}},{"type":"Feature","geometry":{"type":"MultiPolygon","coordinates":[[[[0.16599672616721228,36.68824241031236],[0.17713288085268056,36.698291592309985],[0.1784727717856968,36.69680677168526],[0.1673366171002285,36.68675758968764],[0.16599672616721228,36.68824241031236]]],[[[0.18151487788101145,36.700898909330164],[0.17579298991966436,36.69977641293472],[0.179812662718713,36.69532195106053],[0.18151487788101145,36.700898909330164]]]]},"properties":{"speed":0.2759,"dir_deg":47.9,"type":"قوي"}},{"type":"Feature","geometry":{"type":"MultiPolygon","coordinates":[[[[0.207614427048093,36.68819511214542],[0.2180411092293839,36.69897863191822],[0.21947891186575713,36.69758840762738],[0.2090522296844662,36.68680488785458],[0.207614427048093,36.68819511214542]]],[[[0.22223557127466748,36.70187802636373],[0.2166033065930107,36.70036885620906],[0.22091671450213035,36.69619818333654],[0.22223557127466748,36.70187802636373]]]]},"properties":{"speed":0.2678,"dir_deg":44.0,"type":"قوي"}},{"type":"Feature","geometry":{"type":"MultiPolygon","coordinates":[[[[0.24920500722404668,36.68810661889699],[0.2583042906788552,36.70003151053629],[0.2598942762307619,36.698818272742315],[0.25079499277595335,36.68689338110301],[0.24920500722404668,36.68810661889699]]],[[[0.2621323779397447,36.703399855519066],[0.25671430512694854,36.70124474833027],[0.26148426178266854,36.69760503494834],[0.2621323779397447,36.703399855519066]]]]},"properties":{"speed":0.2443,"dir_deg":37.3,"type":"قوي"}},{"type":"Feature","geometry":{"type":"MultiPolygon","coordinates":[[[[0.29080310293822137,36.68800425672458],[0.2983669538069295,36.70095756363965],[0.3000940613956052,36.69994905019048],[0.29253021052689704,36.68699574327542],[0.29080310293822137,36.68800425672458]]],[[[0.30175179122417006,36.704771075886754],[0.2966398462182538,36.701966077088805],[0.3018211689842809,36.698940536741326],[0.30175179122417006,36.704771075886754]]]]},"properties":{"speed":0.2197,"dir_deg":30.3,"type":"متوسط"}},{"type":"Feature","geometry":{"type":"MultiPolygon","coordinates":[[[[0.3324321563506795,36.68793343066465],[0.33893361632041824,36.70145123441607],[0.3407359901539408,36.70058437308677],[0.33423453018420207,36.68706656933535],[0.3324321563506795,36.68793343066465]]],[[[0.34200195656042576,36.70552373833522],[0.3371312424868957,36.70231809574537],[0.34253836398746335,36.69971751175747],[0.34200195656042576,36.70552373833522]]]]},"properties":{"speed":0.1987,"dir_deg":25.7,"type":"متوسط"}},{"type":"Feature","geometry":{"type":"MultiPolygon","coordinates":[[[[0.37408853064002534,36.68791136796889],[0.38025905017335104,36.701583408368506],[0.38208198889330036,36.70076067243073],[0.37591146935997466,36.68708863203111],[0.37408853064002534,36.68791136796889]]],[[[0.38322735937776764,36.70572938719949],[0.37843611145340167,36.70240614430629],[0.38390492761324974,36.69993793649295],[0.38322735937776764,36.70572938719949]]]]},"properties":{"speed":0.1811,"dir_deg":24.3,"type":"متوسط"}},{"type":"Feature","geometry":{"type":"MultiPolygon","coordinates":[[[[0.41576082932175384,36.68792364690703],[0.4221155329271608,36.70151105806911],[0.42392718774877153,36.70066376425505],[0.41757248414336456,36.68707635309297],[0.41576082932175384,36.68792364690703]]],[[[0.4251395948731018,36.705616548216106],[0.4203038781055501,36.70235835188316],[0.42573884257038225,36.69981647044099],[0.4251395948731018,36.705616548216106]]]]},"properties":{"speed":0.1668,"dir_deg":25.1,"type":"متوسط"}},{"type":"Feature","geometry":{"type":"MultiPolygon","coordinates":[[[[0.4574513194886092,36.68797120489553],[0.4645193929216254,36.70120156157801],[0.46628344047928866,36.700259151786945],[0.4592153670462724,36.68702879510447],[0.4574513194886092,36.68797120489553]]],[[[0.4677574411781291,36.705140475576634],[0.4627553453639622,36.70214397136908],[0.4680474880369519,36.69931674199587],[0.4677574411781291,36.705140475576634]]]]},"properties":{"speed":0.1576,"dir_deg":28.1,"type":"متوسط"}},{"type":"Feature","geometry":{"type":"MultiPolygon","coordinates":[[[[0.4991483207330813,36.68802406338004],[0.5070092714337086,36.700799252383824],[0.5087126299675458,36.69975112562374],[0.5008516792669186,36.68697593661996],[0.4991483207330813,36.68802406338004]]],[[[0.5104812676008362,36.704533585338375],[0.5053059128998711,36.701847379143906],[0.5104159885013833,36.69870299886366],[0.5104812676008362,36.704533585338375]]]]},"properties":{"speed":0.1535,"dir_deg":31.6,"type":"متوسط"}},{"type":"Feature","geometry":{"type":"MultiPolygon","coordinates":[[[[0.5408275515410361,36.68804392321343],[0.5489863997424295,36.70063094812111],[0.5506646697301204,36.69954310169425],[0.5425058215287271,36.68695607678657],[0.5408275515410361,36.68804392321343]]],[[[0.552545150803406,36.70428269987691],[0.5473081297547384,36.70171879454796],[0.5523429397178115,36.698455255267405],[0.552545150803406,36.70428269987691]]]]},"properties":{"speed":0.1486,"dir_deg":33.0,"type":"متوسط"}},{"type":"Feature","geometry":{"type":"MultiPolygon","coordinates":[[[[0.5824955184661521,36.68804598492626],[0.5906852923601065,36.70061290991076],[0.5923608823580391,36.699520940058235],[0.5841711084640847,36.68695401507374],[0.5824955184661521,36.68804598492626]]],[[[0.5942530119903908,36.70425589997932],[0.589009702362174,36.70170487976329],[0.5940364723559716,36.698428970205704],[0.5942530119903908,36.70425589997932]]]]},"properties":{"speed":0.1451,"dir_deg":33.1,"type":"متوسط"}},{"type":"Feature","geometry":{"type":"MultiPolygon","coordinates":[[[[0.6241472127041879,36.68802225839208],[0.6319810885854391,36.70081406782926],[0.6336866631770632,36.6997695510451],[0.6258527872958121,36.68697774160792],[0.6241472127041879,36.68802225839208]]],[[[0.6354451678416683,36.70455574591624],[0.630275513993815,36.70185858461343],[0.6353922377686874,36.69872503426093],[0.6354451678416683,36.70455574591624]]]]},"properties":{"speed":0.1558,"dir_deg":31.5,"type":"متوسط"}},{"type":"Feature","geometry":{"type":"MultiPolygon","coordinates":[[[[0.6658363934078468,36.688057326944616],[0.6741962975771392,36.700511723850134],[0.6758568838312087,36.6993970699609],[0.6674969796619163,36.686942673055384],[0.6658363934078468,36.688057326944616]]],[[[0.6778132254272714,36.70410586254069],[0.6725357113230698,36.70162637773937],[0.6775174700852781,36.69828241607166],[0.6778132254272714,36.70410586254069]]]]},"properties":{"speed":0.1667,"dir_deg":33.9,"type":"متوسط"}},{"type":"Feature","geometry":{"type":"MultiPolygon","coordinates":[[[[0.7075355263976323,36.68810293929624],[0.7165796158412515,36.70006974530853],[0.7181751899762238,36.698863866716046],[0.7091311005326045,36.68689706070376],[0.7075355263976323,36.68810293929624]]],[[[0.720392099389944,36.70345574134972],[0.7149840417062794,36.70127562390101],[0.7197707641111959,36.69765798812357],[0.720392099389944,36.70345574134972]]]]},"properties":{"speed":0.2074,"dir_deg":37.1,"type":"متوسط"}},{"type":"Feature","geometry":{"type":"MultiPolygon","coordinates":[[[[0.7492653435030743,36.688178439261485],[0.7594419324253548,36.69919828671537],[0.7609112454192063,36.6978414081924],[0.7507346564969257,36.686821560738515],[0.7492653435030743,36.688178439261485]]],[[[0.7635687852297075,36.702193129938514],[0.7579726194315034,36.70055516523834],[0.7623805584130577,36.69648452966943],[0.7635687852297075,36.702193129938514]]]]},"properties":{"speed":0.2432,"dir_deg":42.7,"type":"قوي"}},{"type":"Feature","geometry":{"type":"MultiPolygon","coordinates":[[[[0.7910329563633755,36.68827355418021],[0.8026362690665486,36.69777950675281],[0.8039037294095609,36.69623239839238],[0.7923004167063877,36.68672644581979],[0.7910329563633755,36.68827355418021]]],[[[0.8071377701391125,36.70017460343012],[0.8013688087235362,36.69932661511323],[0.8051711897525733,36.69468529003196],[0.8071377701391125,36.70017460343012]]]]},"properties":{"speed":0.2325,"dir_deg":50.7,"type":"قوي"}},{"type":"Feature","geometry":{"type":"MultiPolygon","coordinates":[[[[0.8327634113467945,36.688321712586934],[0.8450891001508435,36.69687024436179],[0.8462289043874912,36.69522681918792],[0.8339032155834423,36.686678287413066],[0.8327634113467945,36.688321712586934]]],[[[0.8497675652038504,36.69889804236647],[0.8439492959141959,36.698513669535664],[0.8473687086241388,36.69358339401405],[0.8497675652038504,36.69889804236647]]]]},"properties":{"speed":0.2271,"dir_deg":55.3,"type":"قوي"}},{"type":"Feature","geometry":{"type":"MultiPolygon","coordinates":[[[[0.8743991365272504,36.688299351666736],[0.8863894115283062,36.69731230375798],[0.8875911384738053,36.69571360042451],[0.8756008634727496,36.686700648333264],[0.8743991365272504,36.688299351666736]]],[[[0.890987033334741,36.699517269454994],[0.8851876845828069,36.69891100709146],[0.8887928654193046,36.69411489709103],[0.890987033334741,36.699517269454994]]]]},"properties":{"speed":0.2442,"dir_deg":53.1,"type":"قوي"}},{"type":"Feature","geometry":{"type":"MultiPolygon","coordinates":[[[[0.9160286955247212,36.68827004381106],[0.9275793526906477,36.697839908963466],[0.9288553347109685,36.69629982134135],[0.917304677545042,36.68672995618894],[0.9160286955247212,36.68827004381106]]],[[[0.9320675627561169,36.70025982020321],[0.926303370670327,36.69937999658559],[0.9301313167312892,36.69475973371922],[0.9320675627561169,36.70025982020321]]]]},"properties":{"speed":0.2235,"dir_deg":50.4,"type":"متوسط"}},{"type":"Feature","geometry":{"type":"MultiPolygon","coordinates":[[[[0.9574209317367088,36.68790934042271],[0.9635610380773597,36.70159506634886],[0.9653858015341789,36.70077638550343],[0.959245695193528,36.68709065957729],[0.9574209317367088,36.68790934042271]]],[[[0.9665201219193196,36.70574763456819],[0.9617362746205407,36.70241374719428],[0.9672105649909979,36.69995770465801],[0.9665201219193196,36.70574763456819]]]]},"properties":{"speed":0.221,"dir_deg":24.2,"type":"متوسط"}},{"type":"Feature","geometry":{"type":"MultiPolygon","coordinates":[[[[0.9990060477752666,36.687609813364155],[1.000653248237621,36.70251909673516],[1.002641152687088,36.70229947000685],[1.0009939522247335,36.687390186635845],[0.9990060477752666,36.687609813364155]]],[[[1.0021962672831393,36.707379044494665],[0.9986653437881542,36.702738723463476],[1.0046290571365548,36.70207984327853],[1.0021962672831393,36.707379044494665]]]]},"properties":{"speed":0.3187,"dir_deg":6.3,"type":"قوي"}}]}