{"type":"FeatureCollection","date":"2026-09-03","features":[{"type":"Feature","geometry":{"type":"MultiPolygon","coordinates":[[[[-0.24942979881474428,35.8533464331452],[-0.2617523751230867,35.84479341536636],[-0.2628927774935981,35.84643642554081],[-0.2505702011852557,35.854989443319646],[-0.24942979881474428,35.8533464331452]]],[[[-0.26643010174445647,35.84276391452731],[-0.26061197275257525,35.84315040519191],[-0.2640331798641095,35.848079435715256],[-0.26643010174445647,35.84276391452731]]]]},"properties":{"speed":0.1048,"dir_deg":235.2,"type":"ضعيف"}},{"type":"Feature","geometry":{"type":"MultiPolygon","coordinates":[[[[-0.2078813776089589,35.85327589534502],[-0.22126202091992783,35.84649663398521],[-0.22216592243456926,35.84828071976001],[-0.20878527912360031,35.85505998111982],[-0.2078813776089589,35.85327589534502]]],[[[-0.2261741861142382,35.84512892308601],[-0.2203581194052864,35.84471254821042],[-0.22306982394921068,35.85006480553481],[-0.2261741861142382,35.84512892308601]]]]},"properties":{"speed":0.112,"dir_deg":243.1,"type":"ضعيف"}},{"type":"Feature","geometry":{"type":"MultiPolygon","coordinates":[[[[-0.16634379218759734,35.85322149813222],[-0.18054039369063443,35.848378306440374],[-0.18118615258288054,35.850271186640775],[-0.16698955107984345,35.85511437833262],[-0.16634379218759734,35.85322149813222]]],[[[-0.18559547363776985,35.84771034930996],[-0.1798946347983883,35.846485426239965],[-0.18183191147512667,35.85216406684118],[-0.18559547363776985,35.84771034930996]]]]},"properties":{"speed":0.1134,"dir_deg":251.2,"type":"ضعيف"}},{"type":"Feature","geometry":{"type":"MultiPolygon","coordinates":[[[[-0.12479869989875148,35.853188408616106],[-0.1394916441434698,35.85016890709738],[-0.13989424434596684,35.85212796633001],[-0.12520130010124852,35.85514746784874],[-0.12479869989875148,35.853188408616106]]],[[[-0.14459059232629107,35.85014193620745],[-0.13908904394097277,35.84820984786475],[-0.14029684454846386,35.854087025562634],[-0.14459059232629107,35.85014193620745]]]]},"properties":{"speed":0.0783,"dir_deg":258.4,"type":"ضعيف"}},{"type":"Feature","geometry":{"type":"MultiPolygon","coordinates":[[[[-0.08388343429081953,35.85333283843662],[-0.09640993122784126,35.86158431554601],[-0.0953097342799226,35.86325451513761],[-0.08278323734290087,35.85500303802822],[-0.08388343429081953,35.85333283843662]]],[[[-0.10003533173288917,35.86516990771161],[-0.09751012817575991,35.85991411595441],[-0.09420953733200396,35.86492471472921],[-0.10003533173288917,35.86516990771161]]]]},"properties":{"speed":0.051,"dir_deg":303.4,"type":"ضعيف"}},{"type":"Feature","geometry":{"type":"MultiPolygon","coordinates":[[[[-0.042548679330105706,35.853696710206904],[-0.049617099712878594,35.86692688153204],[-0.04785307686952738,35.86786933758307],[-0.04078465648675449,35.85463916625794],[-0.042548679330105706,35.853696710206904]]],[[[-0.05109122841879395,35.871808166665936],[-0.05138112255622981,35.865984425481],[-0.04608905402617617,35.86881179363411],[-0.05109122841879395,35.871808166665936]]]]},"properties":{"speed":0.0697,"dir_deg":331.9,"type":"ضعيف"}},{"type":"Feature","geometry":{"type":"MultiPolygon","coordinates":[[[[-0.292564989044396,35.89539274518752],[-0.29915473774519974,35.90886772986507],[-0.2973580731215262,35.909746363025185],[-0.2907683244207224,35.896271378347635],[-0.292564989044396,35.89539274518752]]],[[[-0.30045298833363093,35.913798708004315],[-0.3009514023688733,35.907989096704966],[-0.2955614084978526,35.91062499618529],[-0.30045298833363093,35.913798708004315]]]]},"properties":{"speed":0.0747,"dir_deg":333.9,"type":"ضعيف"}},{"type":"Feature","geometry":{"type":"MultiPolygon","coordinates":[[[[-0.24961700545599572,35.89490831116311],[-0.26347326452308023,35.889163393003045],[-0.26423925361108885,35.89101089421199],[-0.2503829945440043,35.89675581237205],[-0.24961700545599572,35.89490831116311]]],[[[-0.268475012089446,35.88817217088749],[-0.26270727543507166,35.8873158917941],[-0.2650052426990974,35.89285839542093],[-0.268475012089446,35.88817217088749]]]]},"properties":{"speed":0.0539,"dir_deg":247.5,"type":"ضعيف"}},{"type":"Feature","geometry":{"type":"MultiPolygon","coordinates":[[[[-0.2077738588696775,35.895003210826594],[-0.22020662298445315,35.88661116837756],[-0.22132556197765735,35.88826887025953],[-0.2088927978628817,35.89666091270856],[-0.2077738588696775,35.895003210826594]]],[[[-0.22491034718598046,35.884642671835536],[-0.21908768399124895,35.88495346649559],[-0.22244450097086155,35.889926572141505],[-0.22491034718598046,35.884642671835536]]]]},"properties":{"speed":0.0734,"dir_deg":236.0,"type":"ضعيف"}},{"type":"Feature","geometry":{"type":"MultiPolygon","coordinates":[[[[-0.1660917102086369,35.8950138812498],[-0.1783644179752562,35.88638945987355],[-0.17951434082542322,35.8880258209091],[-0.1672416330588039,35.896650242285354],[-0.1660917102086369,35.8950138812498]]],[[[-0.1830302819892128,35.88433283326591],[-0.17721449512508922,35.884753098838],[-0.18066426367559021,35.88966218194465],[-0.1830302819892128,35.88433283326591]]]]},"properties":{"speed":0.0726,"dir_deg":234.9,"type":"ضعيف"}},{"type":"Feature","geometry":{"type":"MultiPolygon","coordinates":[[[[-0.12446792187928826,35.89498536650158],[-0.13716835086922677,35.8870041946909],[-0.13823250711065024,35.8886975852229],[-0.12553207812071174,35.89667875703358],[-0.12446792187928826,35.89498536650158]]],[[[-0.14193390531991798,35.88519049935334],[-0.1361041946278033,35.88531080415891],[-0.13929666335207372,35.89039097575489],[-0.14193390531991798,35.88519049935334]]]]},"properties":{"speed":0.0702,"dir_deg":237.9,"type":"ضعيف"}},{"type":"Feature","geometry":{"type":"MultiPolygon","coordinates":[[[[-0.08297643421404872,35.89489791978377],[-0.09698856397115148,35.8895443957416],[-0.09770236717677443,35.89141267970921],[-0.08369023741967167,35.89676620375138],[-0.08297643421404872,35.89489791978377]]],[[[-0.10201617549299721,35.888694029711345],[-0.09627476076552852,35.887676111773985],[-0.09841617038239739,35.89328096367683],[-0.10201617549299721,35.888694029711345]]]]},"properties":{"speed":0.043,"dir_deg":249.1,"type":"ضعيف"}},{"type":"Feature","geometry":{"type":"MultiPolygon","coordinates":[[[[-0.04255139344720125,35.895365949419485],[-0.049543078668617714,35.90863683250105],[-0.04777362759107542,35.90956905719724],[-0.04078194236965895,35.89629817411567],[-0.04255139344720125,35.895365949419485]]],[[[-0.05098891487031873,35.913526572543],[-0.051312529746160004,35.90770460780486],[-0.04600417651353313,35.91050128189343],[-0.05098891487031873,35.913526572543]]]]},"properties":{"speed":0.0198,"dir_deg":332.2,"type":"ضعيف"}},{"type":"Feature","geometry":{"type":"MultiPolygon","coordinates":[[[[0.0009424046066483839,35.89616653681503],[0.005959530318425858,35.8820304677153],[0.004074721105129089,35.8813615176204],[-0.0009424046066483839,35.895497586720126],[0.0009424046066483839,35.89616653681503]]],[[[0.006689500949036632,35.87698396963461],[0.007844339531722625,35.88269941781021],[0.002189911891832322,35.88069256752549],[0.006689500949036632,35.87698396963461]]]]},"properties":{"speed":0.0203,"dir_deg":160.5,"type":"ضعيف"}},{"type":"Feature","geometry":{"type":"MultiPolygon","coordinates":[[[[-0.4168617677193664,35.938480781169694],[-0.40215005017395034,35.941407445971805],[-0.40175982820033596,35.939445883632416],[-0.416471545745752,35.936519218830306],[-0.4168617677193664,35.938480781169694]]],[[[-0.39705103333867114,35.94140221973614],[-0.40254027214756477,35.943369008311194],[-0.4013696062267215,35.93748432129303],[-0.39705103333867114,35.94140221973614]]]]},"properties":{"speed":0.2413,"dir_deg":78.7,"type":"متوسط"}},{"type":"Feature","geometry":{"type":"MultiPolygon","coordinates":[[[[-0.375680365447521,35.93823287301616],[-0.36468727020507896,35.94843835472898],[-0.363326539310037,35.946972608696655],[-0.374319634552479,35.93676712698384],[-0.375680365447521,35.93823287301616]]],[[[-0.360342539676744,35.95110730895042],[-0.366048001100121,35.9499041007613],[-0.361965808414995,35.94550686266433],[-0.360342539676744,35.95110730895042]]]]},"properties":{"speed":0.1295,"dir_deg":47.1,"type":"ضعيف"}},{"type":"Feature","geometry":{"type":"MultiPolygon","coordinates":[[[[-0.33429595851011024,35.937770872469216],[-0.3302328714718357,35.95221010110926],[-0.32830764098649684,35.95166835617083],[-0.33237072802477136,35.937229127530784],[-0.33429595851011024,35.937770872469216]]],[[[-0.3279158938830748,35.95675230485339],[-0.33215810195717466,35.9527518460477],[-0.3263824105011579,35.95112661123239],[-0.3279158938830748,35.95675230485339]]]]},"properties":{"speed":0.1557,"dir_deg":15.7,"type":"ضعيف"}},{"type":"Feature","geometry":{"type":"MultiPolygon","coordinates":[[[[-0.2926317404109867,35.93776194177527],[-0.28870261378190115,35.95223819695168],[-0.2867724464250461,35.95171431340114],[-0.2907015730541317,35.93723805822473],[-0.2926317404109867,35.93776194177527]]],[[[-0.2864278212271118,35.95680167356855],[-0.2906327811387561,35.95276208050223],[-0.28484227906819115,35.95119042985059],[-0.2864278212271118,35.95680167356855]]]]},"properties":{"speed":0.1431,"dir_deg":15.2,"type":"ضعيف"}},{"type":"Feature","geometry":{"type":"MultiPolygon","coordinates":[[[[-0.2509476661353845,35.937819263051175],[-0.24615872036776235,35.95203425508194],[-0.2442633880969934,35.95139572897959],[-0.24905233386461553,35.937180736948825],[-0.2509476661353845,35.937819263051175]]],[[[-0.24361473897650382,35.95645332270769],[-0.2480540526385313,35.95267278118429],[-0.24236805582622445,35.95075720287724],[-0.24361473897650382,35.95645332270769]]]]},"properties":{"speed":0.1115,"dir_deg":18.6,"type":"ضعيف"}},{"type":"Feature","geometry":{"type":"MultiPolygon","coordinates":[[[[-0.20911903578468324,35.93811859829669],[-0.1998400613343609,35.94990420957274],[-0.19826864649755363,35.948667012979364],[-0.20754762094787596,35.93688140170331],[-0.20911903578468324,35.93811859829669]]],[[[-0.19596136243251647,35.953214148368076],[-0.2014114761711682,35.951141406166116],[-0.19669723166074635,35.94742981638599],[-0.19596136243251647,35.953214148368076]]]]},"properties":{"speed":0.0551,"dir_deg":38.2,"type":"ضعيف"}},{"type":"Feature","geometry":{"type":"MultiPolygon","coordinates":[[[[-0.16668011122971302,35.93849990968455],[-0.15168146596144297,35.93870150362444],[-0.15165458676945773,35.93670168425534],[-0.16665323203772778,35.93650009031545],[-0.16668011122971302,35.93849990968455]]],[[[-0.14666847794269366,35.93776879191985],[-0.1517083451534282,35.94070132299355],[-0.1516277075774725,35.934701864886236],[-0.14666847794269366,35.93776879191985]]]]},"properties":{"speed":0.0135,"dir_deg":89.2,"type":"ضعيف"}},{"type":"Feature","geometry":{"type":"MultiPolygon","coordinates":[[[[-0.1242087308766923,35.93688853195137],[-0.1333807516061974,35.92501949510175],[-0.1349632898528128,35.926242431199015],[-0.1257912691233077,35.93811146804863],[-0.1242087308766923,35.93688853195137]]],[[[-0.13722936097267346,35.921674617533846],[-0.131798213359582,35.92379655900448],[-0.1365458280994282,35.927465367296286],[-0.13722936097267346,35.921674617533846]]]]},"properties":{"speed":0.0461,"dir_deg":217.7,"type":"ضعيف"}},{"type":"Feature","geometry":{"type":"MultiPolygon","coordinates":[[[[-0.08258253652242833,35.936839469592314],[-0.09249049263774999,35.92557748017584],[-0.09399209122661371,35.92689854099121],[-0.08408413511129206,35.938160530407686],[-0.08258253652242833,35.936839469592314]]],[[[-0.0965439439706224,35.92248401411136],[-0.09098889404888627,35.92425641936046],[-0.09549368981547743,35.92821960180659],[-0.0965439439706224,35.92248401411136]]]]},"properties":{"speed":0.0835,"dir_deg":221.3,"type":"ضعيف"}},{"type":"Feature","geometry":{"type":"MultiPolygon","coordinates":[[[[-0.04089704289302108,35.93686150384836],[-0.05047448516759266,35.92531712861723],[-0.052013735198410696,35.926594120920505],[-0.04243629292383912,35.93813849615164],[-0.04089704289302108,35.93686150384836]]],[[[-0.0544365909411922,35.92210749969182],[-0.04893523513677463,35.924040136313955],[-0.05355298522922873,35.92787111322378],[-0.0544365909411922,35.92210749969182]]]]},"properties":{"speed":0.0728,"dir_deg":219.7,"type":"ضعيف"}},{"type":"Feature","geometry":{"type":"MultiPolygon","coordinates":[[[[0.0007909065475977936,35.93688806304821],[-0.008388147729263266,35.925024464834244],[-0.009969960824458852,35.92624833873783],[-0.0007909065475977936,35.93811193695179],[0.0007909065475977936,35.93688806304821]]],[[[-0.012238739035814745,35.921681869048044],[-0.006806334634067678,35.92380059093066],[-0.01155177391965444,35.92747221264141],[-0.012238739035814745,35.921681869048044]]]]},"properties":{"speed":0.047,"dir_deg":217.7,"type":"ضعيف"}},{"type":"Feature","geometry":{"type":"MultiPolygon","coordinates":[[[[0.04249106212507295,35.93693398394407],[0.03400082128618559,35.92456807069443],[0.03235203285289989,35.92570010280628],[0.04084227369178725,35.93806601605593],[0.04249106212507295,35.93693398394407]]],[[[0.030346346789913617,35.921012115667146],[0.03564960971947129,35.92343603858258],[0.0307032444196142,35.92683213491813],[0.030346346789913617,35.921012115667146]]]]},"properties":{"speed":0.0449,"dir_deg":214.5,"type":"ضعيف"}},{"type":"Feature","geometry":{"type":"MultiPolygon","coordinates":[[[[-0.4168139614957949,35.9801570293843],[-0.4019775942175891,35.98236660083284],[-0.4016829846911177,35.98038841852908],[-0.4165193519693235,35.97817884708054],[-0.4168139614957949,35.9801570293843]]],[[[-0.3968848336949515,35.98211403349713],[-0.40227220374406053,35.9843447831366],[-0.40138837516464626,35.97841023622532],[-0.3968848336949515,35.98211403349713]]]]},"properties":{"speed":0.5954,"dir_deg":81.5,"type":"قوي"}},{"type":"Feature","geometry":{"type":"MultiPolygon","coordinates":[[[[-0.3751904222006126,35.98014964052208],[-0.3604648878557877,35.98300597353127],[-0.36008404345456246,35.981042568951956],[-0.3748095777993874,35.978186235942765],[-0.3751904222006126,35.98014964052208]]],[[[-0.3553659542069001,35.98297638224467],[-0.36084573225701283,35.98496937811058],[-0.3597031990533373,35.97907916437265],[-0.3553659542069001,35.98297638224467]]]]},"properties":{"speed":0.5264,"dir_deg":79.0,"type":"قوي"}},{"type":"Feature","geometry":{"type":"MultiPolygon","coordinates":[[[[-0.3336542993623098,35.98011503230651],[-0.3194478882510384,35.98492937372954],[-0.31880597606130046,35.98303518558137],[-0.3330123871725718,35.978220844158336],[-0.3336542993623098,35.98011503230651]]],[[[-0.3143914617857456,35.9855870601298],[-0.32008980044077634,35.98682356187771],[-0.31816406387156254,35.9811409974332],[-0.3143914617857456,35.9855870601298]]]]},"properties":{"speed":0.4458,"dir_deg":71.3,"type":"قوي"}},{"type":"Feature","geometry":{"type":"MultiPolygon","coordinates":[[[[-0.29217026599751883,35.98003186977383],[-0.2792112928763361,35.987586008748224],[-0.27820407434641686,35.985858145665404],[-0.2911630474675996,35.97830400669101],[-0.29217026599751883,35.98003186977383]]],[[[-0.2743880259043156,35.989240123531616],[-0.28021851140625537,35.98931387183105],[-0.2771968558164976,35.984130282582576],[-0.2743880259043156,35.989240123531616]]]]},"properties":{"speed":0.3859,"dir_deg":59.8,"type":"قوي"}},{"type":"Feature","geometry":{"type":"MultiPolygon","coordinates":[[[[-0.25060822400655225,35.97996170366242],[-0.23870174255664287,35.989085063760704],[-0.2374852945435383,35.98749753290071],[-0.24939177599344772,35.978374172802425],[-0.25060822400655225,35.97996170366242]]],[[[-0.2341246914001208,35.99133241836347],[-0.23991819056974742,35.99067259462069],[-0.23626884653043376,35.985910002040725],[-0.2341246914001208,35.99133241836347]]]]},"properties":{"speed":0.3269,"dir_deg":52.5,"type":"متوسط"}},{"type":"Feature","geometry":{"type":"MultiPolygon","coordinates":[[[[-0.20902540877489578,35.979889758644994],[-0.19819810258627368,35.99027096477424],[-0.19681394176904132,35.988827323949096],[-0.20764124795766342,35.97844611781985],[-0.20902540877489578,35.979889758644994]]],[[[-0.1938969201147835,35.99300954640474],[-0.19958226340350604,35.99171460559939],[-0.19542978095180896,35.987383683123944],[-0.1938969201147835,35.99300954640474]]]]},"properties":{"speed":0.2356,"dir_deg":46.2,"type":"متوسط"}},{"type":"Feature","geometry":{"type":"MultiPolygon","coordinates":[[[[-0.16750486719201257,35.979713308020784],[-0.15932432036656546,35.99228624139517],[-0.1576479292499811,35.991195501818446],[-0.16582847607542822,35.97862256844406],[-0.16750486719201257,35.979713308020784]]],[[[-0.1557592758664576,35.99593184939827],[-0.16100071148314984,35.993376980971895],[-0.15597153813339673,35.99010476224172],[-0.1557592758664576,35.99593184939827]]]]},"properties":{"speed":0.1458,"dir_deg":33.0,"type":"ضعيف"}},{"type":"Feature","geometry":{"type":"MultiPolygon","coordinates":[[[[-0.12595474510402224,35.9794653634942],[-0.12149336617730586,35.993786540054536],[-0.11958387596926137,35.99319168953098],[-0.12404525489597776,35.978870512970644],[-0.12595474510402224,35.9794653634942]]],[[[-0.11905149476437814,35.99826284031287],[-0.12340285638535035,35.9943813905781],[-0.11767438576121687,35.99259683900742],[-0.11905149476437814,35.99826284031287]]]]},"properties":{"speed":0.0736,"dir_deg":17.3,"type":"ضعيف"}},{"type":"Feature","geometry":{"type":"MultiPolygon","coordinates":[[[[-0.08368674463206094,35.97823246925413],[-0.09771877930637463,35.983533601482144],[-0.09701196167597315,35.985404539438726],[-0.08297992700165946,35.98010340721071],[-0.08368674463206094,35.97823246925413]]],[[[-0.10204271538261178,35.98623611453644],[-0.09842559693677612,35.98166266352557],[-0.09630514404557165,35.9872754773953],[-0.10204271538261178,35.98623611453644]]]]},"properties":{"speed":0.0217,"dir_deg":290.7,"type":"ضعيف"}},{"type":"Feature","geometry":{"type":"MultiPolygon","coordinates":[[[[-0.04099369208142212,35.97842827375696],[-0.05208865921337692,35.96833363635184],[-0.05343461086739289,35.969812965302765],[-0.04233964373543808,35.97990760270788],[-0.04099369208142212,35.97842827375696]]],[[[-0.05645995741770317,35.96570842169226],[-0.05074270755936096,35.966854307400915],[-0.05478056252140885,35.97129229425369],[-0.05645995741770317,35.96570842169226]]]]},"properties":{"speed":0.0633,"dir_deg":227.7,"type":"ضعيف"}},{"type":"Feature","geometry":{"type":"MultiPolygon","coordinates":[[[[0.0006479575232401931,35.97840626176037],[-0.010777189557528516,35.96868689891177],[-0.012073104604008903,35.970210251855875],[-0.0006479575232401931,35.979929614704474],[0.0006479575232401931,35.97840626176037]]],[[[-0.015233529441024947,35.96620878776762],[-0.00948127451104813,35.967163545967665],[-0.013369019650489289,35.97173360479998],[-0.015233529441024947,35.96620878776762]]]]},"properties":{"speed":0.0572,"dir_deg":229.6,"type":"ضعيف"}},{"type":"Feature","geometry":{"type":"MultiPolygon","coordinates":[[[[0.041814319341472214,35.97817889877197],[0.026978727434772393,35.97596412727634],[0.026683424568688163,35.97794220619724],[0.041519016475387985,35.98015697769287],[0.041814319341472214,35.97817889877197]]],[[[0.021885878699497006,35.97621490957158],[0.027274030300856622,35.97398604835545],[0.026388121702603934,35.97992028511813],[0.021885878699497006,35.97621490957158]]]]},"properties":{"speed":0.0292,"dir_deg":261.5,"type":"ضعيف"}},{"type":"Feature","geometry":{"type":"MultiPolygon","coordinates":[[[[0.08238407436377597,35.978853450245865],[0.07766675456542736,35.99309237204213],[0.07956527747159582,35.99372134801524],[0.08428259726994443,35.97948242621898],[0.08238407436377597,35.978853450245865]]],[[[0.07704357608572872,35.998153167294106],[0.07576823165925889,35.99246339606901],[0.0814638003777643,35.99435032398836],[0.07704357608572872,35.998153167294106]]]]},"properties":{"speed":0.0653,"dir_deg":341.7,"type":"ضعيف"}},{"type":"Feature","geometry":{"type":"MultiPolygon","coordinates":[[[[-0.41688911271943885,36.021807004501234],[-0.40226497171465436,36.02514384430443],[-0.4018200597408951,36.02319395883712],[-0.41644420074567956,36.01985711903392],[-0.41688911271943885,36.021807004501234]]],[[[-0.39716780205951324,36.02528118150517],[-0.4027098836884136,36.027093729771735],[-0.40137514776713584,36.021244073369814],[-0.39716780205951324,36.02528118150517]]]]},"properties":{"speed":0.544,"dir_deg":77.1,"type":"قوي"}},{"type":"Feature","geometry":{"type":"MultiPolygon","coordinates":[[[[-0.3752126206557742,36.021809196587725],[-0.3605555983536119,36.02499850642434],[-0.3601303570420635,36.023044236784045],[-0.3747873793442258,36.01985492694743],[-0.3752126206557742,36.021809196587725]]],[[[-0.35545730359711686,36.02508447488306],[-0.36098083966516026,36.026952776064626],[-0.3597051157305151,36.02108996714376],[-0.35545730359711686,36.02508447488306]]]]},"properties":{"speed":0.5425,"dir_deg":77.7,"type":"قوي"}},{"type":"Feature","geometry":{"type":"MultiPolygon","coordinates":[[[[-0.33359986440731815,36.0217958908406],[-0.31914242831201906,36.02579370793876],[-0.31860938603226435,36.023866049792716],[-0.33306682212756344,36.019868232694556],[-0.33359986440731815,36.0217958908406]]],[[[-0.314056761807042,36.02616248456513],[-0.31967547059177376,36.0277213660848],[-0.31807634375250965,36.02193839164668],[-0.314056761807042,36.02616248456513]]]]},"properties":{"speed":0.5493,"dir_deg":74.5,"type":"قوي"}},{"type":"Feature","geometry":{"type":"MultiPolygon","coordinates":[[[[-0.2920054204143551,36.0217729332614],[-0.27789234800695145,36.02685438848834],[-0.2772148206433596,36.02497264550069],[-0.2913278930507633,36.01989119027375],[-0.2920054204143551,36.0217729332614]]],[[[-0.272849226856021,36.027607335403495],[-0.27856987537054323,36.028736131475995],[-0.27653729327976784,36.02309090251303],[-0.272849226856021,36.027607335403495]]]]},"properties":{"speed":0.5633,"dir_deg":70.2,"type":"قوي"}},{"type":"Feature","geometry":{"type":"MultiPolygon","coordinates":[[[[-0.25039551587590936,36.02175052090761],[-0.2366186287754675,36.02768325904625],[-0.23582759702364878,36.025846340766186],[-0.24960448412409064,36.01991360262755],[-0.25039551587590936,36.02175052090761]]],[[[-0.23163081719941087,36.02874237928577],[-0.23740966052728624,36.029520177326305],[-0.23503656527183003,36.02400942248613],[-0.23163081719941087,36.02874237928577]]]]},"properties":{"speed":0.5547,"dir_deg":66.7,"type":"قوي"}},{"type":"Feature","geometry":{"type":"MultiPolygon","coordinates":[[[[-0.2087943524981141,36.02171944936602],[-0.1954835385215044,36.02863481134354],[-0.19456149025783542,36.02686003614666],[-0.2078723042344451,36.01994467416914],[-0.2087943524981141,36.02171944936602]]],[[[-0.1905855763974667,36.03005254440427],[-0.1964055867851734,36.03040958654042],[-0.19363944199416644,36.02508526094977],[-0.1905855763974667,36.03005254440427]]]]},"properties":{"speed":0.4992,"dir_deg":62.5,"type":"قوي"}},{"type":"Feature","geometry":{"type":"MultiPolygon","coordinates":[[[[-0.1672196736971786,36.0216652416508],[-0.15472197544880226,36.02996027260267],[-0.15361597132188584,36.028293912836226],[-0.1661136695702622,36.019998881884355],[-0.1672196736971786,36.0216652416508]]],[[[-0.15000307396921858,36.03189210303674],[-0.15582797957571864,36.031626632369125],[-0.15250996719496945,36.02662755306977],[-0.15000307396921858,36.03189210303674]]]]},"properties":{"speed":0.4091,"dir_deg":56.4,"type":"قوي"}},{"type":"Feature","geometry":{"type":"MultiPolygon","coordinates":[[[[-0.1256404167533068,36.02160008935959],[-0.11412000287320287,36.03120634065919],[-0.11283916936658925,36.02967028547517],[-0.12435958324669319,36.02006403417557],[-0.1256404167533068,36.02160008935959]]],[[[-0.10963944815986142,36.03364039683371],[-0.11540083637981649,36.0327423958432],[-0.11155833585997563,36.02813423029116],[-0.10963944815986142,36.03364039683371]]]]},"properties":{"speed":0.2879,"dir_deg":50.2,"type":"متوسط"}},{"type":"Feature","geometry":{"type":"MultiPolygon","coordinates":[[[[-0.08408181979608144,36.02149521464049],[-0.07413452670242737,36.03272247432881],[-0.07263755874398489,36.03139616858299],[-0.08258485183763896,36.02016890889467],[-0.08408181979608144,36.02149521464049]]],[[[-0.07007027835865479,36.035801741352],[-0.07563149466086984,36.03404878007463],[-0.07114059078554243,36.030069862837166],[-0.07007027835865479,36.035801741352]]]]},"properties":{"speed":0.1584,"dir_deg":41.5,"type":"ضعيف"}},{"type":"Feature","geometry":{"type":"MultiPolygon","coordinates":[[[[-0.04245868788066059,36.02144255694658],[-0.033301260195589696,36.03332285653004],[-0.03171722025112872,36.032101866172034],[-0.04087464793619961,36.020221566588575],[-0.04245868788066059,36.02144255694658]]],[[[-0.029456764328335577,36.03667246121219],[-0.03488530014005068,36.03454384688805],[-0.030133180306667735,36.03088087581403],[-0.029456764328335577,36.03667246121219]]]]},"properties":{"speed":0.0727,"dir_deg":37.6,"type":"ضعيف"}},{"type":"Feature","geometry":{"type":"MultiPolygon","coordinates":[[[[-0.0003240273874729167,36.021778109468364],[0.013866688124356716,36.02663852028046],[0.014514742899302548,36.024746424878884],[0.0003240273874729167,36.01988601406679],[-0.0003240273874729167,36.021778109468364]]],[[[0.018920954015772845,36.02731260951704],[0.013218633349410883,36.02853061568204],[0.015162797674248382,36.022854329477305],[0.018920954015772845,36.02731260951704]]]]},"properties":{"speed":0.0289,"dir_deg":71.1,"type":"ضعيف"}},{"type":"Feature","geometry":{"type":"MultiPolygon","coordinates":[[[[0.04074053646239933,36.02120926270166],[0.046398550473641754,36.03510123439212],[0.0482508133657033,36.03434683252396],[0.04259279935446087,36.020454860833496],[0.04074053646239933,36.02120926270166]]],[[[0.04921068659008667,36.03935469068819],[0.04454628758158022,36.03585563626029],[0.050103076257764834,36.033592430655794],[0.04921068659008667,36.03935469068819]]]]},"properties":{"speed":0.0298,"dir_deg":22.2,"type":"ضعيف"}},{"type":"Feature","geometry":{"type":"MultiPolygon","coordinates":[[[[0.08233529990206885,36.020894706103206],[0.08327496493652654,36.035865244825075],[0.08527103676610924,36.03573995615382],[0.08433137173165155,36.02076941743195],[0.08233529990206885,36.020894706103206]]],[[[0.08458622252947046,36.040792780063406],[0.08127889310694383,36.03599053349634],[0.08726710859569195,36.035614667482555],[0.08458622252947046,36.040792780063406]]]]},"properties":{"speed":0.0651,"dir_deg":3.6,"type":"ضعيف"}},{"type":"Feature","geometry":{"type":"MultiPolygon","coordinates":[[[[-0.4168616202158661,36.063480810501666],[-0.40214946269088736,36.06640526275127],[-0.4017595357242736,36.064443641747935],[-0.4164716932492523,36.061519189498334],[-0.4168616202158661,36.063480810501666]]],[[[-0.3970504466992542,36.066399269666135],[-0.4025393896575012,36.0683668837546],[-0.40136960875765976,36.0624820207446],[-0.3970504466992542,36.066399269666135]]]]},"properties":{"speed":0.3368,"dir_deg":78.8,"type":"قوي"}},{"type":"Feature","geometry":{"type":"MultiPolygon","coordinates":[[[[-0.37521831121275734,36.063475879200716],[-0.360580123202061,36.066750547392076],[-0.36014350077654633,36.06479878899064],[-0.37478168878724266,36.061524120799284],[-0.37521831121275734,36.063475879200716]]],[[[-0.35548241598573826,36.06686622425515],[-0.36101674562757574,36.0687023057935],[-0.3597068783510316,36.06284703058922],[-0.35548241598573826,36.06686622425515]]]]},"properties":{"speed":0.3523,"dir_deg":77.4,"type":"قوي"}},{"type":"Feature","geometry":{"type":"MultiPolygon","coordinates":[[[[-0.33361793352520225,36.06345864925034],[-0.31923819477002546,36.067727503116764],[-0.31866901425450256,36.06581020461608],[-0.33304875300967934,36.06154135074966],[-0.33361793352520225,36.06345864925034]]],[[[-0.3141603582605384,36.06819180515523],[-0.3198073752855484,36.06964480161746],[-0.3180998337389796,36.063892906115385],[-0.3141603582605384,36.06819180515523]]]]},"properties":{"speed":0.3997,"dir_deg":73.5,"type":"قوي"}},{"type":"Feature","geometry":{"type":"MultiPolygon","coordinates":[[[[-0.29200662586148396,36.06344043659615],[-0.2779000769192345,36.06853997353002],[-0.277220138661385,36.066659100337716],[-0.29132668760363445,36.06155956340385],[-0.29200662586148396,36.06344043659615]]],[[[-0.27285792480955995,36.06929938257849],[-0.2785800151770841,36.07042084672232],[-0.27654020040353544,36.06477822714542],[-0.27285792480955995,36.06929938257849]]]]},"properties":{"speed":0.478,"dir_deg":70.1,"type":"قوي"}},{"type":"Feature","geometry":{"type":"MultiPolygon","coordinates":[[[[-0.250378188429226,36.06342572863842],[-0.23649225885285588,36.06909855507681],[-0.23573588199440396,36.06724709779997],[-0.24962181157077404,36.06157427136158],[-0.250378188429226,36.06342572863842]]],[[[-0.23148542723150656,36.07006376858452],[-0.2372486357113078,36.07095001235366],[-0.23497950513595203,36.06539564052312],[-0.23148542723150656,36.07006376858452]]]]},"properties":{"speed":0.5446,"dir_deg":67.8,"type":"قوي"}},{"type":"Feature","geometry":{"type":"MultiPolygon","coordinates":[[[[-0.2087499573426071,36.063409076617276],[-0.19511380808341486,36.06965851126219],[-0.19428055013075987,36.06784035802764],[-0.2079166993899521,36.061590923382724],[-0.2087499573426071,36.063409076617276]]],[[[-0.19015179602068993,36.07083257952655],[-0.19594706603606984,36.07147666449675],[-0.19344729217810488,36.06602220479308],[-0.19015179602068993,36.07083257952655]]]]},"properties":{"speed":0.5735,"dir_deg":65.4,"type":"قوي"}},{"type":"Feature","geometry":{"type":"MultiPolygon","coordinates":[[[[-0.16712010210203512,36.06339129165283],[-0.15375072730958966,36.07019274867755],[-0.1528438663729602,36.068410165371894],[-0.16621324116540567,36.06160870834717],[-0.16712010210203512,36.06339129165283]]],[[[-0.14884083857712646,36.071568609366295],[-0.15465758824621909,36.07197533198321],[-0.1519370054363308,36.06662758206623],[-0.14884083857712646,36.071568609366295]]]]},"properties":{"speed":0.5562,"dir_deg":63.0,"type":"قوي"}},{"type":"Feature","geometry":{"type":"MultiPolygon","coordinates":[[[[-0.12549683403543505,36.06336784557453],[-0.11247915041746766,36.07082035610606],[-0.11148548234659754,36.069084664956996],[-0.12450316596456494,36.06163215442547],[-0.12549683403543505,36.06336784557453]]],[[[-0.1076430885093768,36.0724366807087],[-0.11347281848833776,36.07255604725512],[-0.11049181427572743,36.06734897380794],[-0.1076430885093768,36.0724366807087]]]]},"properties":{"speed":0.4884,"dir_deg":60.2,"type":"قوي"}},{"type":"Feature","geometry":{"type":"MultiPolygon","coordinates":[[[[-0.0838731178296165,36.063341804834096],[-0.07124604531819997,36.07143853502544],[-0.07016648129268738,36.06975492535725],[-0.0827935538041039,36.061658195165904],[-0.0838731178296165,36.063341804834096]]],[[[-0.0664972391349715,36.073295640255125],[-0.07232560934371257,36.07312214469363],[-0.06908691726717478,36.06807131568907],[-0.0664972391349715,36.073295640255125]]]]},"properties":{"speed":0.39,"dir_deg":57.3,"type":"قوي"}},{"type":"Feature","geometry":{"type":"MultiPolygon","coordinates":[[[[-0.042279885384635355,36.063289914126266],[-0.030431173490627555,36.072488176269346],[-0.029204738538217038,36.070908348016815],[-0.041053450432224844,36.061710085873734],[-0.042279885384635355,36.063289914126266]]],[[[-0.02586838538308636,36.0747643495241],[-0.03165760844303807,36.074068004521884],[-0.02797830358580652,36.06932851976428],[-0.02586838538308636,36.0747643495241]]]]},"properties":{"speed":0.2878,"dir_deg":52.2,"type":"متوسط"}},{"type":"Feature","geometry":{"type":"MultiPolygon","coordinates":[[[[-0.0006006328772630423,36.06329952495067],[0.011392241382851246,36.07230901810962],[0.01259350713737733,36.07070996820828],[0.0006006328772630423,36.06170047504933],[-0.0006006328772630423,36.06329952495067]]],[[[0.015990499013485718,36.07451265754526],[0.01019097562832516,36.07390806801097],[0.013794772891903416,36.069110918306926],[0.015990499013485718,36.07451265754526]]]]},"properties":{"speed":0.1837,"dir_deg":53.1,"type":"متوسط"}},{"type":"Feature","geometry":{"type":"MultiPolygon","coordinates":[[[[0.04118414766655572,36.06337588481902],[0.054322419951785404,36.07061368844713],[0.05528746043553417,36.0688619188091],[0.04214918815030448,36.06162411518098],[0.04118414766655572,36.06337588481902]]],[[[0.05918436428873635,36.07215040483749],[0.053357379468036634,36.07236545808516],[0.05625250091928294,36.06711014917107],[0.05918436428873635,36.07215040483749]]]]},"properties":{"speed":0.1149,"dir_deg":61.1,"type":"ضعيف"}},{"type":"Feature","geometry":{"type":"MultiPolygon","coordinates":[[[[0.08266672216228321,36.06324540340456],[0.093847773230702,36.07324460822321],[0.09518100053985597,36.0717538014141],[0.08399994947143719,36.06175459659544],[0.08266672216228321,36.06324540340456]]],[[[0.09824140390808525,36.07583227309154],[0.09251454592154801,36.074735415032336],[0.09651422784900995,36.070262994604974],[0.09824140390808525,36.07583227309154]]]]},"properties":{"speed":0.1042,"dir_deg":48.2,"type":"ضعيف"}},{"type":"Feature","geometry":{"type":"MultiPolygon","coordinates":[[[[0.12526050976603617,36.06346547121231],[0.13974257795068956,36.05955782472177],[0.13922155841861722,36.05762688229715],[0.12473949023396383,36.06153452878769],[0.12526050976603617,36.06346547121231]]],[[[0.14430942424620452,36.05728980467928],[0.14026359748276193,36.06148876714639],[0.13870053888654485,36.05569593987253],[0.14430942424620452,36.05728980467928]]]]},"properties":{"speed":0.0746,"dir_deg":105.1,"type":"ضعيف"}},{"type":"Feature","geometry":{"type":"MultiPolygon","coordinates":[[[[-0.41673744620812475,36.105165429510656],[-0.40177507703464294,36.10622727164414],[-0.40163349808351184,36.10423228908767],[-0.41659586725699366,36.10317044695419],[-0.41673744620812475,36.105165429510656]]],[[[-0.3967168311679168,36.105583727743735],[-0.4019166559857741,36.1082222542006],[-0.4014919191323807,36.10223730653121],[-0.3967168311679168,36.105583727743735]]]]},"properties":{"speed":0.0983,"dir_deg":85.9,"type":"ضعيف"}},{"type":"Feature","geometry":{"type":"MultiPolygon","coordinates":[[[[-0.37522710106541457,36.10514180942826],[-0.360619033127809,36.10854832540948],[-0.3601648309969799,36.1066005830178],[-0.37477289893458543,36.10319406703658],[-0.37522710106541457,36.10514180942826]]],[[[-0.3555225760831926,36.10870995954071],[-0.3610732352586382,36.110496067801165],[-0.3597106288661507,36.104652840626116],[-0.3555225760831926,36.10870995954071]]]]},"properties":{"speed":0.1186,"dir_deg":76.9,"type":"ضعيف"}},{"type":"Feature","geometry":{"type":"MultiPolygon","coordinates":[[[[-0.3336490902566782,36.10511678165406],[-0.319416438932094,36.10985298649262],[-0.31878494495361914,36.10795529964934],[-0.3330175962782034,36.10321909481078],[-0.3336490902566782,36.10511678165406]]],[[[-0.3143564748346618,36.11048287801717],[-0.3200479329105688,36.1117506733359],[-0.3181534509751443,36.10605761280606],[-0.3143564748346618,36.11048287801717]]]]},"properties":{"speed":0.1704,"dir_deg":71.6,"type":"متوسط"}},{"type":"Feature","geometry":{"type":"MultiPolygon","coordinates":[[[[-0.29206399247756315,36.10508561154343],[-0.2782988928123961,36.11104564771849],[-0.2775042213223882,36.109210301096475],[-0.29126932098755526,36.103250264921414],[-0.29206399247756315,36.10508561154343]]],[[[-0.2733131905123365,36.1121146531325],[-0.27909356430240406,36.112880994340514],[-0.2767095498323803,36.10737495447445],[-0.2733131905123365,36.1121146531325]]]]},"properties":{"speed":0.2477,"dir_deg":66.6,"type":"متوسط"}},{"type":"Feature","geometry":{"type":"MultiPolygon","coordinates":[[[[-0.2504383726241266,36.105066731558175],[-0.23695647273784667,36.111642320920076],[-0.2360797274895934,36.10984473426857],[-0.24956162737587337,36.10326914490667],[-0.2504383726241266,36.105066731558175]]],[[[-0.23202413348496004,36.11293539071495],[-0.2378332179860999,36.11343990757158],[-0.23520298224134017,36.108047147617064],[-0.23202413348496004,36.11293539071495]]]]},"properties":{"speed":0.3283,"dir_deg":64.0,"type":"متوسط"}},{"type":"Feature","geometry":{"type":"MultiPolygon","coordinates":[[[[-0.2088088801212736,36.10504762597721],[-0.19561356394952253,36.112180902302114],[-0.19466246043953453,36.110421526812544],[-0.2078577766112856,36.10328825048764],[-0.2088088801212736,36.10504762597721]]],[[[-0.1907395734706115,36.113678973332306],[-0.19656466745951057,36.11394027779168],[-0.1937113569295465,36.10866215132298],[-0.1907395734706115,36.113678973332306]]]]},"properties":{"speed":0.4092,"dir_deg":61.6,"type":"قوي"}},{"type":"Feature","geometry":{"type":"MultiPolygon","coordinates":[[[[-0.16714455808998546,36.10504635984812],[-0.1539682338545757,36.112214656692096],[-0.15301246094204557,36.110457813460705],[-0.16618878517745533,36.10328951661673],[-0.16714455808998546,36.10504635984812]]],[[[-0.1490982393198407,36.11372566735772],[-0.1549240067671058,36.11397149992348],[-0.15205668802951547,36.10870097022932],[-0.1490982393198407,36.11372566735772]]]]},"properties":{"speed":0.4681,"dir_deg":61.5,"type":"قوي"}},{"type":"Feature","geometry":{"type":"MultiPolygon","coordinates":[[[[-0.12551519296475597,36.105025012446866],[-0.1126590797480859,36.1127529069182],[-0.11162869381857396,36.111038758489315],[-0.12448480703524403,36.10331086401798],[-0.12551519296475597,36.105025012446866]]],[[[-0.10785851571110656,36.11447179752754],[-0.11368946567759784,36.11446705534709],[-0.11059830788906201,36.109324610060426],[-0.10785851571110656,36.11447179752754]]]]},"properties":{"speed":0.5035,"dir_deg":59.0,"type":"قوي"}},{"type":"Feature","geometry":{"type":"MultiPolygon","coordinates":[[[[-0.0838979440677701,36.10499329725915],[-0.07151755866682218,36.113462421022795],[-0.07038834216500238,36.11181170296934],[-0.0827687275659503,36.103342579205695],[-0.0838979440677701,36.10499329725915]]],[[[-0.06682615528226298,36.11546010325062],[-0.07264677516864197,36.11511313907626],[-0.06925912566318258,36.11016098491588],[-0.06682615528226298,36.11546010325062]]]]},"properties":{"speed":0.5047,"dir_deg":55.6,"type":"قوي"}},{"type":"Feature","geometry":{"type":"MultiPolygon","coordinates":[[[[-0.04228750459002592,36.10495187816302],[-0.030528405631064633,36.11426442838696],[-0.029286732267872984,36.11269654852576],[-0.04104583122683428,36.10338399830182],[-0.04228750459002592,36.10495187816302]]],[[[-0.02598786929648171,36.11658467186434],[-0.031770078994256275,36.11583230824815],[-0.028045058904681338,36.11112866866457],[-0.02598786929648171,36.11658467186434]]]]},"properties":{"speed":0.4526,"dir_deg":51.6,"type":"قوي"}},{"type":"Feature","geometry":{"type":"MultiPolygon","coordinates":[[[[-0.0006834575567846625,36.10489792848446],[0.010266396223820652,36.11514979183623],[0.011633311337389976,36.11368981133215],[0.0006834575567846625,36.10343794798038],[-0.0006834575567846625,36.10489792848446]]],[[[0.014599805040807086,36.117837089368116],[0.008899481110251326,36.11660977234031],[0.013000226450959301,36.11222983082807],[0.014599805040807086,36.117837089368116]]]]},"properties":{"speed":0.3647,"dir_deg":46.9,"type":"قوي"}},{"type":"Feature","geometry":{"type":"MultiPolygon","coordinates":[[[[0.041029662767748706,36.104938797785614],[0.05259255606561029,36.114493874895835],[0.05386656634697307,36.11295215578945],[0.04230367304911149,36.10339707867923],[0.041029662767748706,36.104938797785614]]],[[[0.05708385897224554,36.11690804104605],[0.05131854578424749,36.11603559400221],[0.055140576628335866,36.11141043668307],[0.05708385897224554,36.11690804104605]]]]},"properties":{"speed":0.243,"dir_deg":50.4,"type":"متوسط"}},{"type":"Feature","geometry":{"type":"MultiPolygon","coordinates":[[[[0.08272624570297041,36.10496257122546],[0.09464574059847193,36.114068922933804],[0.09585992082625151,36.112479656947734],[0.08394042593074999,36.10337330523939],[0.08272624570297041,36.10496257122546]]],[[[0.09922599567752889,36.11630974051022],[0.09343156037069233,36.115658188919866],[0.09707410105403111,36.11089039096167],[0.09922599567752889,36.11630974051022]]]]},"properties":{"speed":0.1579,"dir_deg":52.6,"type":"ضعيف"}},{"type":"Feature","geometry":{"type":"MultiPolygon","coordinates":[[[[0.12480589780822461,36.10514891954679],[0.139520617523812,36.10806045242342],[0.1399088219073628,36.10609848979468],[0.1251941021917754,36.10318695691805],[0.12480589780822461,36.10514891954679]]],[[[0.1446196262874499,36.10804998206793],[0.13913241314026123,36.11002241505217],[0.1402970262909136,36.104136527165934],[0.1446196262874499,36.10804998206793]]]]},"properties":{"speed":0.1083,"dir_deg":78.8,"type":"ضعيف"}},{"type":"Feature","geometry":{"type":"MultiPolygon","coordinates":[[[[0.1669349081046334,36.105131291332626],[0.1813852046076893,36.10110774426893],[0.1808487316658633,36.09918103806852],[0.1663984351628074,36.10320458513222],[0.1669349081046334,36.105131291332626]]],[[[0.18593373363779492,36.09880320881416],[0.18192167754951535,36.10303445046934],[0.18031225872403725,36.097254331868115],[0.18593373363779492,36.09880320881416]]]]},"properties":{"speed":0.1166,"dir_deg":105.6,"type":"ضعيف"}},{"type":"Feature","geometry":{"type":"MultiPolygon","coordinates":[[[[-0.41631242951209757,36.14489690238208],[-0.4303398202945599,36.139583494075154],[-0.4310482747354832,36.14145381284615],[-0.41702088395302084,36.14676722115308],[-0.41631242951209757,36.14489690238208]]],[[[-0.435369844442509,36.13874751735835],[-0.4296313658536367,36.137713175304164],[-0.4317567291764064,36.14332413161714],[-0.435369844442509,36.13874751735835]]]]},"properties":{"speed":0.065,"dir_deg":249.3,"type":"ضعيف"}},{"type":"Feature","geometry":{"type":"MultiPolygon","coordinates":[[[[-0.37503820097527585,36.14483279169123],[-0.39002725212052164,36.14540580632037],[-0.38995085016996994,36.14740434647307],[-0.37496179902472415,36.14683133184393],[-0.37503820097527585,36.14483279169123]]],[[[-0.3949854015269944,36.146596081273096],[-0.39010365407107334,36.14340726616767],[-0.38987444821941825,36.149402886625765],[-0.3949854015269944,36.146596081273096]]]]},"properties":{"speed":0.0391,"dir_deg":272.2,"type":"ضعيف"}},{"type":"Feature","geometry":{"type":"MultiPolygon","coordinates":[[[[-0.33430583402053077,36.14606500325198],[-0.3308117117545308,36.160652364548326],[-0.32886673024835084,36.16018648157953],[-0.3323608525143508,36.14559912028318],[-0.33430583402053077,36.14606500325198]]],[[[-0.32867451357944083,36.165281876829376],[-0.3327566932607108,36.16111824751713],[-0.32692174874217084,36.159720598610726],[-0.32867451357944083,36.165281876829376]]]]},"properties":{"speed":0.0199,"dir_deg":13.5,"type":"ضعيف"}},{"type":"Feature","geometry":{"type":"MultiPolygon","coordinates":[[[[-0.29233321899399256,36.1465775111298],[-0.2811514785607061,36.1565759450513],[-0.2798183540378394,36.15508504632686],[-0.29100009447112585,36.14508661240536],[-0.29233321899399256,36.1465775111298]]],[[[-0.2767576694881772,36.15916330699625],[-0.2824846030835728,36.158066843775735],[-0.2784852295149727,36.153594147602426],[-0.2767576694881772,36.15916330699625]]]]},"properties":{"speed":0.0784,"dir_deg":48.2,"type":"ضعيف"}},{"type":"Feature","geometry":{"type":"MultiPolygon","coordinates":[[[[-0.25054608725238203,36.14666979007245],[-0.23798016267928276,36.154861098858184],[-0.23688798817451875,36.15318564224844],[-0.249453912747618,36.144994333462705],[-0.25054608725238203,36.14666979007245]]],[[[-0.23324543390253433,36.15675380681522],[-0.2390723371840468,36.15653655546793],[-0.23579581366975472,36.15151018563869],[-0.23324543390253433,36.15675380681522]]]]},"properties":{"speed":0.1437,"dir_deg":56.9,"type":"ضعيف"}},{"type":"Feature","geometry":{"type":"MultiPolygon","coordinates":[[[[-0.2088928989917686,36.14666084443818],[-0.19646115893274177,36.155054403820515],[-0.19534201768176376,36.15339683847931],[-0.2077737577407906,36.145003279096976],[-0.2088928989917686,36.14666084443818]]],[[[-0.1917576749542438,36.15702347427736],[-0.1975803001837198,36.15671196916172],[-0.19422287643078573,36.151739273138105],[-0.1917576749542438,36.15702347427736]]]]},"properties":{"speed":0.2265,"dir_deg":56.0,"type":"متوسط"}},{"type":"Feature","geometry":{"type":"MultiPolygon","coordinates":[[[[-0.16721209546417845,36.14667022216104],[-0.15463968956224775,36.15485157961791],[-0.15354884190133164,36.153175258830984],[-0.16612124780326235,36.144993901374114],[-0.16721209546417845,36.14667022216104]]],[[[-0.14990346376447947,36.15674053837674],[-0.15573053722316388,36.15652790040483],[-0.1524579942404155,36.151498938044064],[-0.14990346376447947,36.15674053837674]]]]},"properties":{"speed":0.2989,"dir_deg":56.9,"type":"متوسط"}},{"type":"Feature","geometry":{"type":"MultiPolygon","coordinates":[[[[-0.1255598513096726,36.14666065485894],[-0.11313095493919695,36.15505842450403],[-0.11201125231985176,36.1534012383213],[-0.1244401486903274,36.145003468676215],[-0.1255598513096726,36.14666065485894]]],[[[-0.10842813817269914,36.15702908796103],[-0.11425065755854215,36.15671561068676],[-0.11089154970050656,36.15174405213857],[-0.10842813817269914,36.15702908796103]]]]},"properties":{"speed":0.3744,"dir_deg":56.0,"type":"قوي"}},{"type":"Feature","geometry":{"type":"MultiPolygon","coordinates":[[[[-0.08394071389028183,36.14662647468032],[-0.07202452019919535,36.15573714578164],[-0.07080976405235208,36.154148319956164],[-0.08272595774343856,36.14503764885484],[-0.08394071389028183,36.14662647468032]]],[[[-0.06744507756207821,36.15797962323601],[-0.07323927634603862,36.15732597160712],[-0.06959500790550881,36.152559494130685],[-0.06744507756207821,36.15797962323601]]]]},"properties":{"speed":0.4565,"dir_deg":52.6,"type":"قوي"}},{"type":"Feature","geometry":{"type":"MultiPolygon","coordinates":[[[[-0.0423160506184694,36.1465925235325],[-0.0309091241447013,36.15633326418309],[-0.029610358724622688,36.15481234065325],[-0.0410172851983908,36.14507160000266],[-0.0423160506184694,36.1465925235325]]],[[[-0.026457432610072624,36.15881971596836],[-0.03220788956477991,36.15785418771292],[-0.028311593304544077,36.15329141712342],[-0.026457432610072624,36.15881971596836]]]]},"properties":{"speed":0.4904,"dir_deg":49.5,"type":"قوي"}},{"type":"Feature","geometry":{"type":"MultiPolygon","coordinates":[[[[-0.0007206073429228083,36.14652540515821],[0.009679543516477707,36.15733451530205],[0.011120758202323323,36.15594782852079],[0.0007206073429228083,36.14513871837695],[-0.0007206073429228083,36.14652540515821]]],[[[0.01386686781253402,36.16024420862603],[0.00823832883063209,36.1587212020833],[0.012561972888168939,36.154561141739535],[0.01386686781253402,36.16024420862603]]]]},"properties":{"speed":0.473,"dir_deg":43.9,"type":"قوي"}},{"type":"Feature","geometry":{"type":"MultiPolygon","coordinates":[[[[0.040920792023556876,36.14649814672039],[0.05091206631575968,36.15768628499349],[0.05240381808550613,36.156354115087865],[0.04241254379330332,36.145165976814766],[0.040920792023556876,36.14649814672039]]],[[[0.054988366964700504,36.16074957946504],[0.04942031454601324,36.15901845489912],[0.05389556985525257,36.155021945182234],[0.054988366964700504,36.16074957946504]]]]},"properties":{"speed":0.3873,"dir_deg":41.8,"type":"قوي"}},{"type":"Feature","geometry":{"type":"MultiPolygon","coordinates":[[[[0.08261441723734621,36.146527156060486],[0.09304083163092647,36.1573109347532],[0.09447866878995445,36.15592074616738],[0.08405225439637419,36.14513696747467],[0.08261441723734621,36.146527156060486]]],[[[0.09723522167496722,36.16021043335786],[0.0916029944718985,36.15870112333901],[0.09591650594898242,36.15453055758157],[0.09723522167496722,36.16021043335786]]]]},"properties":{"speed":0.2544,"dir_deg":44.0,"type":"متوسط"}},{"type":"Feature","geometry":{"type":"MultiPolygon","coordinates":[[[[0.12443633466656967,36.146658065031424],[0.13682638362430172,36.15511304503288],[0.13795371429116238,36.153461038505185],[0.12556366533343033,36.14500605850373],[0.12443633466656967,36.146658065031424]]],[[[0.14152006527697608,36.157105368436184],[0.13569905295744106,36.156765051560576],[0.13908104495802304,36.151809031977486],[0.14152006527697608,36.157105368436184]]]]},"properties":{"speed":0.1759,"dir_deg":55.7,"type":"متوسط"}},{"type":"Feature","geometry":{"type":"MultiPolygon","coordinates":[[[[0.16654843309474465,36.14682504698796],[0.18144321140050332,36.1485986250726],[0.1816796884784548,36.14661265463183],[0.16678491017269614,36.14483907654719],[0.16654843309474465,36.14682504698796]]],[[[0.1865263760413986,36.14819683254709],[0.18120673432255185,36.150584595513365],[0.18191616555640627,36.14462668419107],[0.1865263760413986,36.14819683254709]]]]},"properties":{"speed":0.1059,"dir_deg":83.2,"type":"ضعيف"}},{"type":"Feature","geometry":{"type":"MultiPolygon","coordinates":[[[[0.20819108098797626,36.146821892906395],[0.22303854807018628,36.148955603580944],[0.22332304282679297,36.14697594130331],[0.20847557574458295,36.14484223062876],[0.20819108098797626,36.146821892906395]]],[[[0.22812995114255963,36.148677009333646],[0.22275405331357956,36.15093526585857],[0.22360753758339968,36.14499627902568],[0.22812995114255963,36.148677009333646]]]]},"properties":{"speed":0.0483,"dir_deg":81.8,"type":"ضعيف"}},{"type":"Feature","geometry":{"type":"MultiPolygon","coordinates":[[[[0.2508905676958564,36.14628691248935],[0.2577133285224457,36.13292839705151],[0.25593219313073295,36.13201869560796],[0.24910943230414362,36.145377211045805],[0.2508905676958564,36.14628691248935]]],[[[0.2590970144354524,36.12802070785045],[0.2594944639141584,36.133838098495055],[0.25415105773902025,36.131108994164414],[0.2590970144354524,36.12802070785045]]]]},"properties":{"speed":0.0909,"dir_deg":152.9,"type":"ضعيف"}},{"type":"Feature","geometry":{"type":"MultiPolygon","coordinates":[[[[-0.41596387893762027,36.186788590574324],[-0.4266350203227615,36.17624692365024],[-0.4280405759126394,36.17766974250159],[-0.41736943452749814,36.188211409425676],[-0.41596387893762027,36.186788590574324]]],[[[-0.43089484524608085,36.17344444410122],[-0.42522946473288364,36.17482410479889],[-0.42944613150251726,36.179092561352945],[-0.43089484524608085,36.17344444410122]]]]},"properties":{"speed":0.1164,"dir_deg":225.3,"type":"ضعيف"}},{"type":"Feature","geometry":{"type":"MultiPolygon","coordinates":[[[[-0.37438207633287446,36.18671376190527],[-0.3861756477538381,36.17744490689839],[-0.3874114950880892,36.17901738308785],[-0.37561792366712554,36.18828623809473],[-0.37438207633287446,36.18671376190527]]],[[[-0.3907247618946182,36.17514152665749],[-0.384939800419587,36.17587243070893],[-0.38864734242234034,36.18058985927731],[-0.3907247618946182,36.17514152665749]]]]},"properties":{"speed":0.0787,"dir_deg":231.8,"type":"ضعيف"}},{"type":"Feature","geometry":{"type":"MultiPolygon","coordinates":[[[[-0.33269868754267384,36.18672720500065],[-0.34429061253292526,36.17720736912914],[-0.34555992398245916,36.17875295912784],[-0.33396799899220775,36.18827279499935],[-0.33269868754267384,36.18672720500065]]],[[[-0.3487892432544427,36.17480688550466],[-0.3430213010833913,36.175661779130444],[-0.3468292354319931,36.18029854912654],[-0.3487892432544427,36.17480688550466]]]]},"properties":{"speed":0.0353,"dir_deg":230.6,"type":"ضعيف"}},{"type":"Feature","geometry":{"type":"MultiPolygon","coordinates":[[[[-0.29228793669616127,36.188283588671965],[-0.2805341066167367,36.197602788126],[-0.2792915466895326,36.19603561078207],[-0.29104537676895714,36.186716411328035],[-0.29228793669616127,36.188283588671965]]],[[[-0.2759948832933265,36.19992559927204],[-0.2817766665439409,36.19916996546992],[-0.2780489867623284,36.194468433438146],[-0.2759948832933265,36.19992559927204]]]]},"properties":{"speed":0.0189,"dir_deg":51.6,"type":"ضعيف"}},{"type":"Feature","geometry":{"type":"MultiPolygon","coordinates":[[[[-0.25044007085031983,36.18839796305419],[-0.2369706250373986,36.19499902580899],[-0.2360904833367589,36.193203099700604],[-0.24955992914968014,36.18660203694581],[-0.25044007085031983,36.18839796305419]]],[[[-0.232040738916105,36.196301417006396],[-0.2378507667380383,36.19679495191738],[-0.2352103416361192,36.19140717359221],[-0.232040738916105,36.196301417006396]]]]},"properties":{"speed":0.0744,"dir_deg":63.9,"type":"ضعيف"}},{"type":"Feature","geometry":{"type":"MultiPolygon","coordinates":[[[[-0.2088551213007305,36.18835307217371],[-0.19605903869509086,36.19617996619048],[-0.19501545282618907,36.194473821843054],[-0.2078115354318287,36.18664692782629],[-0.2088551213007305,36.18835307217371]]],[[[-0.19127188489209343,36.19793585868902],[-0.19710262456399266,36.197886110537894],[-0.19397186695728727,36.19276767749564],[-0.19127188489209343,36.19793585868902]]]]},"properties":{"speed":0.1453,"dir_deg":58.5,"type":"ضعيف"}},{"type":"Feature","geometry":{"type":"MultiPolygon","coordinates":[[[[-0.16720264831552056,36.18834423278577],[-0.1545391565289926,36.19638388301277],[-0.15346720316539228,36.19469541744124],[-0.16613069495192023,36.18665576721423],[-0.16720264831552056,36.18834423278577]]],[[[-0.1497820159183498,36.198219533636006],[-0.1556111098925929,36.19807234858431],[-0.15239524980179198,36.1930069518697],[-0.1497820159183498,36.198219533636006]]]]},"properties":{"speed":0.211,"dir_deg":57.6,"type":"متوسط"}},{"type":"Feature","geometry":{"type":"MultiPolygon","coordinates":[[[[-0.12553710950279065,36.188343512526295],[-0.11288442160840641,36.196400155068154],[-0.11181020260282513,36.194713130015565],[-0.12446289049720936,36.186656487473705],[-0.12553710950279065,36.188343512526295]]],[[[-0.10812974947415435,36.198242190055815],[-0.1139586406139877,36.19808718012074],[-0.11073598359724385,36.19302610496298],[-0.10812974947415435,36.198242190055815]]]]},"properties":{"speed":0.2721,"dir_deg":57.5,"type":"متوسط"}},{"type":"Feature","geometry":{"type":"MultiPolygon","coordinates":[[[[-0.08393404069345714,36.188299470857025],[-0.07194197783807872,36.19731004400598],[-0.07074056808488484,36.19571110229193],[-0.08273263094026326,36.186700529142975],[-0.08393404069345714,36.188299470857025]]],[[[-0.06734391867635564,36.19951409753194],[-0.0731433875912726,36.19890898572003],[-0.06953915833169096,36.19411216057788],[-0.06734391867635564,36.19951409753194]]]]},"properties":{"speed":0.3636,"dir_deg":53.1,"type":"قوي"}},{"type":"Feature","geometry":{"type":"MultiPolygon","coordinates":[[[[-0.04231183402082442,36.18826404233352],[-0.030851199017952653,36.197941534019435],[-0.02956086679316401,36.19641344935239],[-0.04102150179603578,36.18673595766648],[-0.04231183402082442,36.18826404233352]]],[[[-0.02638582123793441,36.20040332224789],[-0.03214153124274129,36.199469618686486],[-0.028270534568375368,36.19488536468534],[-0.02638582123793441,36.20040332224789]]]]},"properties":{"speed":0.4416,"dir_deg":49.8,"type":"قوي"}},{"type":"Feature","geometry":{"type":"MultiPolygon","coordinates":[[[[-0.0007360547173259883,36.188176922043596],[0.009417775936569412,36.199217742803484],[0.010889885371221389,36.19786389871629],[0.0007360547173259883,36.186823077956404],[-0.0007360547173259883,36.188176922043596]]],[[[0.013538440871860536,36.20222109434652],[0.007945666501917435,36.20057158689067],[0.012361994805873366,36.19651005462911],[0.013538440871860536,36.20222109434652]]]]},"properties":{"speed":0.4906,"dir_deg":42.6,"type":"قوي"}},{"type":"Feature","geometry":{"type":"MultiPolygon","coordinates":[[[[0.04086811753083649,36.18810192798111],[0.04989703724751066,36.200080183645014],[0.051494138002697885,36.1988763276828],[0.04246521828602371,36.18689807201889],[0.04086811753083649,36.18810192798111]]],[[[0.05370522753066233,36.20347100755187],[0.04829993649232344,36.20128403960724],[0.05309123875788511,36.19767247172057],[0.05370522753066233,36.20347100755187]]]]},"properties":{"speed":0.4866,"dir_deg":37.0,"type":"قوي"}},{"type":"Feature","geometry":{"type":"MultiPolygon","coordinates":[[[[0.08251878211099847,36.1880800881487],[0.0912201043415597,36.20029839373663],[0.09284921175328315,36.19913821743923],[0.08414788952272192,36.1869199118513],[0.08251878211099847,36.1880800881487]]],[[[0.09493509879094184,36.203791074117234],[0.08959099692983624,36.20145857003404],[0.0944783191650066,36.197978041141816],[0.09493509879094184,36.203791074117234]]]]},"properties":{"speed":0.38,"dir_deg":35.5,"type":"قوي"}},{"type":"Feature","geometry":{"type":"MultiPolygon","coordinates":[[[[0.1242404016955568,36.188150392509094],[0.13399628933198332,36.199544367075745],[0.1355154859408697,36.19824358205756],[0.1257595983044432,36.186849607490906],[0.1242404016955568,36.188150392509094]]],[[[0.13800785018190204,36.202691966088864],[0.13247709272309693,36.20084515209393],[0.1370346825497561,36.19694279703937],[0.13800785018190204,36.202691966088864]]]]},"properties":{"speed":0.249,"dir_deg":40.6,"type":"متوسط"}},{"type":"Feature","geometry":{"type":"MultiPolygon","coordinates":[[[[0.16612888523060768,36.188343081125765],[0.1787751021171353,36.19640987717246],[0.17985067492336074,36.194723714920926],[0.16720445803683312,36.186656918874235],[0.16612888523060768,36.188343081125765]]],[[[0.18352829414909055,36.19825572806226],[0.17769952931090988,36.198096039423994],[0.18092624772958615,36.19303755266939],[0.18352829414909055,36.19825572806226]]]]},"properties":{"speed":0.1565,"dir_deg":57.5,"type":"ضعيف"}},{"type":"Feature","geometry":{"type":"MultiPolygon","coordinates":[[[[0.20805397226959668,36.18846018757087],[0.22245678583259085,36.192650529021115],[0.2230154980259567,36.19073015387938],[0.20861268446296252,36.18653981242913],[0.20805397226959668,36.18846018757087]]],[[[0.22753707978360516,36.19308712193366],[0.221898073639225,36.194570904162845],[0.22357421021932253,36.18880977873765],[0.22753707978360516,36.19308712193366]]]]},"properties":{"speed":0.091,"dir_deg":73.8,"type":"ضعيف"}},{"type":"Feature","geometry":{"type":"MultiPolygon","coordinates":[[[[0.25095780322515465,36.18778742474125],[0.2552691743439221,36.17342037636393],[0.2533535678936128,36.172845526881424],[0.24904219677484532,36.18721257525875],[0.25095780322515465,36.18778742474125]]],[[[0.2557484948250233,36.16834393549691],[0.25718478079423146,36.17399522584643],[0.25143796144330344,36.17227067739892],[0.2557484948250233,36.16834393549691]]]]},"properties":{"speed":0.0302,"dir_deg":163.3,"type":"ضعيف"}},{"type":"Feature","geometry":{"type":"MultiPolygon","coordinates":[[[[0.2913213669686107,36.18656150387379],[0.2772439250754509,36.19174085033302],[0.2779345046033479,36.19361784258544],[0.2920119464965077,36.18843849612621],[0.2913213669686107,36.18656150387379]]],[[[0.27289673420834615,36.19440579527897],[0.27655334554755395,36.1898638580806],[0.27862508413124487,36.19549483483786],[0.27289673420834615,36.19440579527897]]]]},"properties":{"speed":0.0479,"dir_deg":290.2,"type":"ضعيف"}},{"type":"Feature","geometry":{"type":"MultiPolygon","coordinates":[[[[-0.41568272804457984,36.22898937637488],[-0.41836115590780915,36.21423044605518],[-0.42032901328376787,36.21458756977027],[-0.41765058542053857,36.22934650008997],[-0.41568272804457984,36.22898937637488]]],[[[-0.4202378938835316,36.20948936447284],[-0.4163932985318504,36.213873322340085],[-0.4222968706597266,36.21494469348537],[-0.4202378938835316,36.20948936447284]]]]},"properties":{"speed":0.1316,"dir_deg":190.3,"type":"ضعيف"}},{"type":"Feature","geometry":{"type":"MultiPolygon","coordinates":[[[[-0.37400530686467826,36.22906505204995],[-0.3755485996017712,36.21414465502012],[-0.3775379858724147,36.21435042738507],[-0.37599469313532174,36.2292708244149],[-0.37400530686467826,36.22906505204995]]],[[[-0.3770577236494573,36.20927407552599],[-0.3735592133311278,36.21393888265518],[-0.37952737214305815,36.214556199750014],[-0.3770577236494573,36.20927407552599]]]]},"properties":{"speed":0.0971,"dir_deg":185.9,"type":"ضعيف"}},{"type":"Feature","geometry":{"type":"MultiPolygon","coordinates":[[[[-0.33233600820830006,36.22924089561593],[-0.3312416474556365,36.21428086972882],[-0.333236317573918,36.2141349549618],[-0.33433067832658153,36.22909498084891],[-0.33233600820830006,36.22924089561593]]],[[[-0.3318741955972227,36.209221237049604],[-0.32924697733735503,36.21442678449584],[-0.33523098769219944,36.213989040194775],[-0.3318741955972227,36.209221237049604]]]]},"properties":{"speed":0.0685,"dir_deg":175.8,"type":"ضعيف"}},{"type":"Feature","geometry":{"type":"MultiPolygon","coordinates":[[[[-0.29086382547427875,36.22976414454799],[-0.28192073074070073,36.217721675673786],[-0.28352639325726164,36.216529263042645],[-0.29246948799083966,36.22857173191685],[-0.29086382547427875,36.22976414454799]]],[[[-0.27974253042112185,36.21311131306681],[-0.28031506822413976,36.218914088304935],[-0.2851320557738226,36.2153368504115],[-0.27974253042112185,36.21311131306681]]]]},"properties":{"speed":0.0412,"dir_deg":143.4,"type":"ضعيف"}},{"type":"Feature","geometry":{"type":"MultiPolygon","coordinates":[[[[-0.2499419590832826,36.23016625243746],[-0.23496724600766788,36.2292956386867],[-0.2350833278411027,36.22729901027662],[-0.2500580409167174,36.22816962402738],[-0.2499419590832826,36.23016625243746]]],[[[-0.2300337158991804,36.22800711989807],[-0.23485116417423307,36.231292267096784],[-0.2351994096745375,36.225302381866534],[-0.2300337158991804,36.22800711989807]]]]},"properties":{"speed":0.0556,"dir_deg":93.3,"type":"ضعيف"}},{"type":"Feature","geometry":{"type":"MultiPolygon","coordinates":[[[[-0.2087283958700604,36.23008659032514],[-0.19494861447928022,36.23601260288186],[-0.19415847947171863,36.234175298696414],[-0.2079382608624988,36.2282492861397],[-0.2087283958700604,36.23008659032514]]],[[[-0.18996028651190605,36.237069288308035],[-0.19573874948684183,36.23784990706729],[-0.19336834446415702,36.23233799451098],[-0.18996028651190605,36.237069288308035]]]]},"properties":{"speed":0.1078,"dir_deg":66.7,"type":"ضعيف"}},{"type":"Feature","geometry":{"type":"MultiPolygon","coordinates":[[[[-0.16715836515773186,36.23003870655893],[-0.15409684026014922,36.2374141094191],[-0.1531134532121263,36.235672572766084],[-0.16617497810970894,36.228297169905915],[-0.16715836515773186,36.23003870655893]]],[[[-0.14925130510361023,36.23900180871265],[-0.1550802273081721,36.239155646072106],[-0.1521300661641034,36.23393103611308],[-0.14925130510361023,36.23900180871265]]]]},"properties":{"speed":0.1717,"dir_deg":60.5,"type":"متوسط"}},{"type":"Feature","geometry":{"type":"MultiPolygon","coordinates":[[[[-0.12548441861574103,36.23004277456267],[-0.11236187366200585,36.23730905379878],[-0.11139303643052383,36.23555938113829],[-0.12451558138425899,36.228293101902175],[-0.12548441861574103,36.23004277456267]]],[[[-0.10750327339501979,36.23885631054724],[-0.1133307108934879,36.239058726459284],[-0.11042419919904178,36.233809708477786],[-0.10750327339501979,36.23885631054724]]]]},"properties":{"speed":0.2261,"dir_deg":61.0,"type":"متوسط"}},{"type":"Feature","geometry":{"type":"MultiPolygon","coordinates":[[[[-0.0838856503374652,36.23000157404639],[-0.07138111312795616,36.23828629185547],[-0.07027648408674615,36.23661902022753],[-0.0827810212962552,36.22833430241845],[-0.0838856503374652,36.23000157404639]]],[[[-0.0666606195375148,36.24021422864452],[-0.07248574216916615,36.2399535634834],[-0.06917185504553616,36.2349517485996],[-0.0666606195375148,36.24021422864452]]]]},"properties":{"speed":0.3008,"dir_deg":56.5,"type":"متوسط"}},{"type":"Feature","geometry":{"type":"MultiPolygon","coordinates":[[[[-0.04228149973939918,36.22995659647249],[-0.030451626138378655,36.239179073937024],[-0.0292219624764405,36.237601757456886],[-0.04105183607746102,36.22837927999235],[-0.04228149973939918,36.22995659647249]]],[[[-0.025893503107069404,36.241464574851804],[-0.031681289800316814,36.24075639041716],[-0.02799229881450234,36.23602444097675],[-0.025893503107069404,36.241464574851804]]]]},"properties":{"speed":0.3653,"dir_deg":52.1,"type":"قوي"}},{"type":"Feature","geometry":{"type":"MultiPolygon","coordinates":[[[[-0.0007566761146181633,36.229821728150945],[0.009050172663273287,36.241171869870215],[0.010563524892509614,36.23986429003317],[0.0007566761146181633,36.2285141483139],[-0.0007566761146181633,36.229821728150945]]],[[[0.013075798370521934,36.24430146052479],[0.0075368204340369605,36.24247944970727],[0.012076877121745941,36.238556710196114],[0.013075798370521934,36.24430146052479]]]]},"properties":{"speed":0.4431,"dir_deg":40.8,"type":"قوي"}},{"type":"Feature","geometry":{"type":"MultiPolygon","coordinates":[[[[0.04082871963381455,36.229713687890296],[0.049014964501914025,36.24228291200953],[0.05069086105114513,36.24119141269378],[0.04250461618304565,36.22862218857455],[0.04082871963381455,36.229713687890296]]],[[[0.05258166106589607,36.24592690372473],[0.047339067952682924,36.24337441132528],[0.05236675760037623,36.24009991337803],[0.05258166106589607,36.24592690372473]]]]},"properties":{"speed":0.5162,"dir_deg":33.1,"type":"قوي"}},{"type":"Feature","geometry":{"type":"MultiPolygon","coordinates":[[[[0.08246416744496611,36.229662454502424],[0.0898819114950308,36.242699980080836],[0.09162024823881898,36.24171094754083],[0.08420250418875429,36.22867342196242],[0.08246416744496611,36.229662454502424]]],[[[0.09322366121694646,36.2465513056703],[0.08814357475124263,36.24368901262085],[0.09335858498260716,36.24072191500082],[0.09322366121694646,36.2465513056703]]]]},"properties":{"speed":0.4762,"dir_deg":29.6,"type":"قوي"}},{"type":"Feature","geometry":{"type":"MultiPolygon","coordinates":[[[[0.12413217510426253,36.22966480838683],[0.1315852274203343,36.24268218182289],[0.13332087721180924,36.24168844151408],[0.12586782489573747,36.228671068078015],[0.12413217510426253,36.22966480838683]]],[[[0.13493740308809568,36.24652443614717],[0.12984957762885932,36.2436759221317],[0.13505652700328422,36.24069470120527],[0.13493740308809568,36.24652443614717]]]]},"properties":{"speed":0.3337,"dir_deg":29.8,"type":"متوسط"}},{"type":"Feature","geometry":{"type":"MultiPolygon","coordinates":[[[[0.16590918783715,36.229820792196136],[0.17570199729281644,36.241183049144695],[0.17721696488595723,36.239877341217266],[0.1674241554302908,36.22851508426871],[0.16590918783715,36.229820792196136]]],[[[0.17972375090794232,36.24431761416383],[0.17418702969967562,36.24248875707212],[0.17873193247909805,36.238571633289844],[0.17972375090794232,36.24431761416383]]]]},"properties":{"speed":0.1908,"dir_deg":40.8,"type":"متوسط"}},{"type":"Feature","geometry":{"type":"MultiPolygon","coordinates":[[[[0.2078112614026709,36.23002084273206],[0.2206048288972905,36.23785184718619],[0.2216489628245079,36.23614603818692],[0.2088553953298883,36.228315033732784],[0.2078112614026709,36.23002084273206]]],[[[0.22539141835910573,36.2396092775046],[0.21956069497007308,36.239557656185475],[0.22269309675172533,36.23444022918763],[0.22539141835910573,36.2396092775046]]]]},"properties":{"speed":0.1066,"dir_deg":58.5,"type":"ضعيف"}},{"type":"Feature","geometry":{"type":"MultiPolygon","coordinates":[[[[0.2498351655088717,36.230154259473466],[0.2646299841245309,36.23262677684039],[0.26495965310678754,36.2306541343583],[0.2501648344911283,36.22818161699138],[0.2498351655088717,36.230154259473466]]],[[[0.26972642482087894,36.23246462805499],[0.2643003151422743,36.23459941932248],[0.26528932208904416,36.228681491876216],[0.26972642482087894,36.23246462805499]]]]},"properties":{"speed":0.0711,"dir_deg":80.5,"type":"ضعيف"}},{"type":"Feature","geometry":{"type":"MultiPolygon","coordinates":[[[[0.2909952362219736,36.22990901481278],[0.30211138492744316,36.23998032247157],[0.3034542259486144,36.238498169310844],[0.2923380772431448,36.22842686165206],[0.2909952362219736,36.22990901481278]]],[[[0.306488188339852,36.24259634844413],[0.3007685439062719,36.2414624756323],[0.30479706696978565,36.237016016150115],[0.306488188339852,36.24259634844413]]]]},"properties":{"speed":0.0578,"dir_deg":47.8,"type":"ضعيف"}},{"type":"Feature","geometry":{"type":"MultiPolygon","coordinates":[[[[0.33240451016041717,36.22953843662553],[0.3379619860570625,36.24347093323089],[0.3398196522711098,36.24272993644467],[0.3342621763744644,36.22879743983931],[0.33240451016041717,36.22953843662553]]],[[[0.34074331112963463,36.2477446003729],[0.3361043198430153,36.24421193001711],[0.341677318485157,36.24198893965845],[0.34074331112963463,36.2477446003729]]]]},"properties":{"speed":0.0563,"dir_deg":21.7,"type":"ضعيف"}},{"type":"Feature","geometry":{"type":"MultiPolygon","coordinates":[[[[0.3748018513876095,36.23014811022111],[0.3895044312179229,36.233120339406966],[0.38990072844270385,36.23115999542959],[0.3751981486123905,36.228187766243735],[0.3748018513876095,36.23014811022111]]],[[[0.3946034397737511,36.233130910480234],[0.38910813399314187,36.23508068338434],[0.39029702566748486,36.22919965145222],[0.3946034397737511,36.233130910480234]]]]},"properties":{"speed":0.0247,"dir_deg":78.6,"type":"ضعيف"}},{"type":"Feature","geometry":{"type":"MultiPolygon","coordinates":[[[[0.4173039589742865,36.22993855217772],[0.4288631681537718,36.22037901855181],[0.42758856367031717,36.21883779066121],[0.4160293544908319,36.22839732428712],[0.4173039589742865,36.22993855217772]]],[[[0.43207893563853955,36.21642189339788],[0.43013777263722647,36.22192024644241],[0.4263139591868625,36.21729656277061],[0.43207893563853955,36.21642189339788]]]]},"properties":{"speed":0.0312,"dir_deg":129.6,"type":"ضعيف"}},{"type":"Feature","geometry":{"type":"MultiPolygon","coordinates":[[[[-0.41569243975504605,36.27105767488937],[-0.412308242928153,36.25644442022667],[-0.4142566768831793,36.25599319398309],[-0.41764087371007236,36.270606448645786],[-0.41569243975504605,36.27105767488937]]],[[[-0.4121543942967018,36.25134772221732],[-0.4103598089731267,36.256895646470255],[-0.4162051108382056,36.255541967739504],[-0.4121543942967018,36.25134772221732]]]]},"properties":{"speed":0.1448,"dir_deg":167.0,"type":"ضعيف"}},{"type":"Feature","geometry":{"type":"MultiPolygon","coordinates":[[[[-0.37405873339918183,36.27116972607748],[-0.3689937687505932,36.257050727065206],[-0.37087630195222954,36.2563753984454],[-0.37594126660081817,36.270494397457675],[-0.37405873339918183,36.27116972607748]]],[[[-0.36824671380188184,36.252006729751216],[-0.3671112355489569,36.25772605568502],[-0.3727588351538658,36.255700069825586],[-0.36824671380188184,36.252006729751216]]]]},"properties":{"speed":0.1352,"dir_deg":160.3,"type":"ضعيف"}},{"type":"Feature","geometry":{"type":"MultiPolygon","coordinates":[[[[-0.3324068414125154,36.27120835196519],[-0.32676248844831635,36.257310824141314],[-0.3286154921581671,36.256558243746085],[-0.3342598451223662,36.270455771569964],[-0.3324068414125154,36.27120835196519]]],[[[-0.3258075393151754,36.25230202466907],[-0.3249094847384656,36.258063404536536],[-0.33046849586801785,36.25580566335086],[-0.3258075393151754,36.25230202466907]]]]},"properties":{"speed":0.1248,"dir_deg":157.9,"type":"ضعيف"}},{"type":"Feature","geometry":{"type":"MultiPolygon","coordinates":[[[[-0.290774393429728,36.27128357721407],[-0.28400166173234975,36.257899627671605],[-0.28578618833801217,36.25699659677862],[-0.2925589200353904,36.270380546321086],[-0.290774393429728,36.27128357721407]]],[[[-0.28263634780272157,36.25298679571095],[-0.2822171351266874,36.25880265856459],[-0.28757071494367453,36.256093565885635],[-0.28263634780272157,36.25298679571095]]]]},"properties":{"speed":0.1019,"dir_deg":153.2,"type":"ضعيف"}},{"type":"Feature","geometry":{"type":"MultiPolygon","coordinates":[[[[-0.24935934891726974,36.27159989390431],[-0.237841866866308,36.26199012766335],[-0.23912316903176853,36.26045446338989],[-0.25064065108273026,36.27006422963085],[-0.24935934891726974,36.27159989390431]]],[[[-0.23464335726538435,36.25801904011297],[-0.23656056470084752,36.263525791936814],[-0.24040447119722902,36.25891879911643],[-0.23464335726538435,36.25801904011297]]]]},"properties":{"speed":0.0766,"dir_deg":129.8,"type":"ضعيف"}},{"type":"Feature","geometry":{"type":"MultiPolygon","coordinates":[[[[-0.2083655104870785,36.27183154378898],[-0.19337328016608557,36.27231427560096],[-0.1933089159244878,36.270315311558164],[-0.2083011462454807,36.26983257974618],[-0.2083655104870785,36.27183154378898]]],[[[-0.18834368793828904,36.27147570418356],[-0.19343764440768332,36.27431323964376],[-0.19324455168289004,36.268316347515366],[-0.18834368793828904,36.27147570418356]]]]},"properties":{"speed":0.0919,"dir_deg":88.2,"type":"ضعيف"}},{"type":"Feature","geometry":{"type":"MultiPolygon","coordinates":[[[[-0.1670326011002523,36.271762704355],[-0.15307296228892098,36.27725164635298],[-0.15234110335585715,36.27539036117814],[-0.1663007421671885,36.26990141918016],[-0.1670326011002523,36.271762704355]]],[[[-0.1480538198852786,36.278150651098215],[-0.15380482122198477,36.27911293152783],[-0.15160924442279336,36.27352907600329],[-0.1480538198852786,36.278150651098215]]]]},"properties":{"speed":0.1445,"dir_deg":68.5,"type":"ضعيف"}},{"type":"Feature","geometry":{"type":"MultiPolygon","coordinates":[[[[-0.12542923672602782,36.27173525379203],[-0.11188135635928745,36.278173804682446],[-0.11102288290723183,36.27636742063354],[-0.1245707632739722,36.269928869743126],[-0.12542923672602782,36.27173525379203]]],[[[-0.10693615951101286,36.27941679628813],[-0.11273982981134306,36.279980188731344],[-0.11016440945517622,36.27456103658464],[-0.10693615951101286,36.27941679628813]]]]},"properties":{"speed":0.2007,"dir_deg":64.6,"type":"متوسط"}},{"type":"Feature","geometry":{"type":"MultiPolygon","coordinates":[[[[-0.08383446596343036,36.27169743369698],[-0.07085388702238621,36.27921438589553],[-0.06985162672924589,36.27748364203673],[-0.08283220567029004,36.26996668983818],[-0.08383446596343036,36.27169743369698]]],[[[-0.06602589722880133,36.28085466469898],[-0.07185614731552652,36.280945129754336],[-0.06884936643610558,36.27575289817792],[-0.06602589722880133,36.28085466469898]]]]},"properties":{"speed":0.2582,"dir_deg":59.9,"type":"متوسط"}},{"type":"Feature","geometry":{"type":"MultiPolygon","coordinates":[[[[-0.042258460150126645,36.27163815229765],[-0.030167102199083667,36.280515035923095],[-0.028983517715690577,36.278902854862956],[-0.041074875666733554,36.27002597123751],[-0.042258460150126645,36.27163815229765]]],[[[-0.02554485730703946,36.28266790660151],[-0.03135068668247676,36.282127216983234],[-0.02779993323229749,36.27729067380282],[-0.02554485730703946,36.28266790660151]]]]},"properties":{"speed":0.2921,"dir_deg":53.7,"type":"متوسط"}},{"type":"Feature","geometry":{"type":"MultiPolygon","coordinates":[[[[-0.0007911030766320315,36.271443744628336],[0.008384139834716427,36.28331029077781],[0.00996634598798049,36.2820869250563],[0.0007911030766320315,36.27022037890682],[-0.0007911030766320315,36.271443744628336]]],[[[0.01223365721513128,36.28665412330022],[0.006801933681452365,36.28453365649933],[0.011548552141244553,36.28086355933478],[0.01223365721513128,36.28665412330022]]]]},"properties":{"speed":0.3779,"dir_deg":37.7,"type":"قوي"}},{"type":"Feature","geometry":{"type":"MultiPolygon","coordinates":[[[[0.04079122610200216,36.27131538530679],[0.048041079190209605,36.28444701240321],[0.04979196280306549,36.283480365324785],[0.04254210971485804,36.270348738228364],[0.04079122610200216,36.27131538530679]]],[[[0.0513331386927067,36.288340897896134],[0.04629019557735373,36.28541365948164],[0.05154284641592137,36.282513718246356],[0.0513331386927067,36.288340897896134]]]]},"properties":{"speed":0.4983,"dir_deg":28.9,"type":"قوي"}},{"type":"Feature","geometry":{"type":"MultiPolygon","coordinates":[[[[0.08242507751636223,36.27125047168569],[0.08870122628807911,36.284874346193156],[0.09051774288907505,36.28403752635693],[0.08424159411735817,36.270413651849466],[0.08242507751636223,36.27125047168569]]],[[[0.09170153417914938,36.288997227777536],[0.08688470968708319,36.28571116602939],[0.09233425949007097,36.2832007065207],[0.09170153417914938,36.288997227777536]]]]},"properties":{"speed":0.5137,"dir_deg":24.7,"type":"قوي"}},{"type":"Feature","geometry":{"type":"MultiPolygon","coordinates":[[[[0.12407378960876529,36.2712090688115],[0.1297288952676359,36.285102224680024],[0.13158131605010534,36.28434821059218],[0.12592621039123472,36.270455054723655],[0.12407378960876529,36.2712090688115]]],[[[0.13254014087849414,36.289356269592275],[0.12787647448516648,36.28585623876788],[0.13343373683257476,36.283594196504325],[0.13254014087849414,36.289356269592275]]]]},"properties":{"speed":0.4016,"dir_deg":22.1,"type":"قوي"}},{"type":"Feature","geometry":{"type":"MultiPolygon","coordinates":[[[[0.16578530200465705,36.27130448909211],[0.172871711872641,36.28452503352806],[0.1746344511307677,36.283580178879],[0.16754804126278375,36.27035963444305],[0.16578530200465705,36.27130448909211]]],[[[0.17611521812436565,36.288459454348846],[0.17110897261451427,36.285469888177126],[0.17639719038889443,36.282635324229936],[0.17611521812436565,36.288459454348846]]]]},"properties":{"speed":0.2437,"dir_deg":28.2,"type":"متوسط"}},{"type":"Feature","geometry":{"type":"MultiPolygon","coordinates":[[[[0.20762482176038974,36.27153776594739],[0.21821038445763682,36.28216536503574],[0.21962739766941655,36.28075395667611],[0.20904183497216947,36.27012635758776],[0.20762482176038974,36.27153776594739]]],[[[0.22244741196260903,36.285002193885376],[0.21679337124585712,36.283576773395374],[0.22104441088119625,36.27934254831647],[0.22244741196260903,36.285002193885376]]]]},"properties":{"speed":0.1094,"dir_deg":44.9,"type":"ضعيف"}},{"type":"Feature","geometry":{"type":"MultiPolygon","coordinates":[[[[0.2502958587826547,36.27178729345713],[0.26462433412594827,36.26734941171731],[0.26403261656063887,36.26543894833821],[0.24970414121734533,36.269876830078026],[0.2502958587826547,36.27178729345713]]],[[[0.26910463379105803,36.26491488611448],[0.2652160516912576,36.26925987509642],[0.2634408989953295,36.2635284849591],[0.26910463379105803,36.26491488611448]]]]},"properties":{"speed":0.0451,"dir_deg":107.2,"type":"ضعيف"}},{"type":"Feature","geometry":{"type":"MultiPolygon","coordinates":[[[[0.29102103663791784,36.27159572052212],[0.302475917956113,36.28128002194174],[0.30376715814539573,36.27975270443265],[0.29231227682720057,36.270068403013035],[0.29102103663791784,36.27159572052212]]],[[[0.3069398318234861,36.283744463660405],[0.3011846777668303,36.282807339450834],[0.30505839833467846,36.27822538692356],[0.3069398318234861,36.283744463660405]]]]},"properties":{"speed":0.0655,"dir_deg":49.8,"type":"ضعيف"}},{"type":"Feature","geometry":{"type":"MultiPolygon","coordinates":[[[[0.3328050687419978,36.27168113539558],[0.34554117316202293,36.279605253277225],[0.34659772221290897,36.27790710602122],[0.3338616177928838,36.269982988139574],[0.3328050687419978,36.27168113539558]]],[[[0.3503148158274743,36.28139755227644],[0.34448462411113684,36.281303400533226],[0.34765427126379506,36.27620895876522],[0.3503148158274743,36.28139755227644]]]]},"properties":{"speed":0.0902,"dir_deg":58.1,"type":"ضعيف"}},{"type":"Feature","geometry":{"type":"MultiPolygon","coordinates":[[[[0.375034841567273,36.27183145461586],[0.3900257342914486,36.271308831106765],[0.3899560511569026,36.26931004541021],[0.374965158432727,36.2698326689193],[0.375034841567273,36.27183145461586]]],[[[0.3949878569655675,36.27013523042212],[0.3900954174259946,36.27330761680332],[0.3898863680223566,36.26731125971365],[0.3949878569655675,36.27013523042212]]]]},"properties":{"speed":0.0978,"dir_deg":92.0,"type":"ضعيف"}},{"type":"Feature","geometry":{"type":"MultiPolygon","coordinates":[[[[0.4168841227439525,36.27180812966168],[0.4315251411554209,36.26854613949078],[0.43109020913263435,36.26659400370258],[0.41644919072116593,36.26985599387348],[0.4168841227439525,36.27180812966168]]],[[[0.4361880146145171,36.26648274153971],[0.43196007317820745,36.270498275278975],[0.4306552771098478,36.264641867914385],[0.4361880146145171,36.26648274153971]]]]},"properties":{"speed":0.0678,"dir_deg":102.6,"type":"ضعيف"}},{"type":"Feature","geometry":{"type":"MultiPolygon","coordinates":[[[[0.4579122469157991,36.27173907767848],[0.471517485579368,36.27805552295311],[0.47235967828265135,36.2762414911313],[0.45875443961908247,36.269925045856674],[0.4579122469157991,36.27173907767848]]],[[[0.4764736614855326,36.27925398880041],[0.4706752928760847,36.27986955477492],[0.47320187098593464,36.27442745930949],[0.4764736614855326,36.27925398880041]]]]},"properties":{"speed":0.017,"dir_deg":65.1,"type":"ضعيف"}},{"type":"Feature","geometry":{"type":"MultiPolygon","coordinates":[[[[0.4990053292181103,36.27093516383184],[0.5005518601820308,36.285855225560184],[0.5025412017458101,36.28564902143167],[0.5009946707818896,36.27072895970332],[0.4990053292181103,36.27093516383184]]],[[[0.5020620412852272,36.290725477405374],[0.49856251861825135,36.28606142968871],[0.5045305433095895,36.28544281730314],[0.5020620412852272,36.290725477405374]]]]},"properties":{"speed":0.0211,"dir_deg":5.9,"type":"ضعيف"}},{"type":"Feature","geometry":{"type":"MultiPolygon","coordinates":[[[[-0.4157410400516462,36.31287846236275],[-0.41006410461045084,36.298994212149054],[-0.41191533797227686,36.29823728742356],[-0.4175922734134722,36.31212153763725],[-0.4157410400516462,36.31287846236275]]],[[[-0.4090974094776321,36.29398766638174],[-0.40821287124862476,36.29975113687455],[-0.41376657133410294,36.29748036269807],[-0.4090974094776321,36.29398766638174]]]]},"properties":{"speed":0.1653,"dir_deg":157.8,"type":"ضعيف"}},{"type":"Feature","geometry":{"type":"MultiPolygon","coordinates":[[[[-0.3740953671045604,36.312926191652295],[-0.3677024923200897,36.2993566982207],[-0.369511758110969,36.29850431491611],[-0.3759046328954396,36.312073808347705],[-0.3740953671045604,36.312926191652295]]],[[[-0.3664761669540391,36.294407342091205],[-0.3658932265292105,36.300209081525296],[-0.3713210239018482,36.29765193161151],[-0.3664761669540391,36.294407342091205]]]]},"properties":{"speed":0.1755,"dir_deg":154.8,"type":"متوسط"}},{"type":"Feature","geometry":{"type":"MultiPolygon","coordinates":[[[[-0.3324161299976744,36.312898396558424],[-0.3264401816213072,36.29914019751193],[-0.32827460816084003,36.298343404395084],[-0.3342505565372072,36.312101603441576],[-0.3324161299976744,36.312898396558424]]],[[[-0.3253654120989512,36.29415573460467],[-0.32460575508177447,36.29993699062878],[-0.3301090347003728,36.297546611278236],[-0.3253654120989512,36.29415573460467]]]]},"properties":{"speed":0.1742,"dir_deg":156.5,"type":"متوسط"}},{"type":"Feature","geometry":{"type":"MultiPolygon","coordinates":[[[[-0.2907400288336504,36.31287597970286],[-0.2851003332907262,36.29897656121923],[-0.2869535890885438,36.29822460181351],[-0.292593284631468,36.31212402029714],[-0.2907400288336504,36.31287597970286]]],[[[-0.2841470626753269,36.293967442021824],[-0.28324707749290867,36.29972852062495],[-0.2888068448863613,36.29747264240778],[-0.2841470626753269,36.293967442021824]]]]},"properties":{"speed":0.1534,"dir_deg":157.9,"type":"ضعيف"}},{"type":"Feature","geometry":{"type":"MultiPolygon","coordinates":[[[[-0.24917885436841744,36.313070718715075],[-0.2406180736423448,36.30075353424134],[-0.24226036490550992,36.29961209681119],[-0.2508211456315826,36.311929281284925],[-0.24917885436841744,36.313070718715075]]],[[[-0.23858562569856984,36.296077087368346],[-0.23897578237917969,36.30189497167148],[-0.24390265616867504,36.298470659381046],[-0.23858562569856984,36.296077087368346]]]]},"properties":{"speed":0.1053,"dir_deg":145.2,"type":"ضعيف"}},{"type":"Feature","geometry":{"type":"MultiPolygon","coordinates":[[[[-0.20807768010524288,36.31346676986229],[-0.19357613217091862,36.309632045946735],[-0.19408742869299206,36.30769850622216],[-0.20858897662731632,36.31153323013771],[-0.20807768010524288,36.31346676986229]]],[[[-0.1889979311205139,36.30738703477927],[-0.19306483564884522,36.31156558567131],[-0.19459872521506547,36.305764966497584],[-0.1889979311205139,36.30738703477927]]]]},"properties":{"speed":0.0903,"dir_deg":104.8,"type":"ضعيف"}},{"type":"Feature","geometry":{"type":"MultiPolygon","coordinates":[[[[-0.16691693297458438,36.31346817832101],[-0.15239425815947144,36.31722209843397],[-0.15189373547774349,36.31528574179195],[-0.16641641029285642,36.31153182167899],[-0.16691693297458438,36.31346817832101]]],[[[-0.14730310521356982,36.31750522681728],[-0.15289478084119942,36.319158455075986],[-0.1513932127960155,36.31334938514994],[-0.14730310521356982,36.31750522681728]]]]},"properties":{"speed":0.1318,"dir_deg":75.5,"type":"ضعيف"}},{"type":"Feature","geometry":{"type":"MultiPolygon","coordinates":[[[[-0.1253780173391909,36.31342579851548],[-0.11149103960694183,36.31909605860334],[-0.11073500492856002,36.31724446157238],[-0.1246219826608091,36.31157420148452],[-0.1253780173391909,36.31342579851548]]],[[[-0.10648402969033458,36.32006034678382],[-0.11224707428532364,36.32094765563431],[-0.1099789702501782,36.31539286454141],[-0.10648402969033458,36.32006034678382]]]]},"properties":{"speed":0.1888,"dir_deg":67.8,"type":"متوسط"}},{"type":"Feature","geometry":{"type":"MultiPolygon","coordinates":[[[[-0.08380896242200504,36.31337964727731],[-0.07061425326235933,36.32051404635448],[-0.06966300005206964,36.318754751799865],[-0.08285770921171536,36.31162035272269],[-0.08380896242200504,36.31337964727731]]],[[[-0.06574039027066592,36.322012532102896],[-0.07156550647264902,36.322273340909106],[-0.06871174684177996,36.31699545724524],[-0.06574039027066592,36.322012532102896]]]]},"properties":{"speed":0.2257,"dir_deg":61.6,"type":"متوسط"}},{"type":"Feature","geometry":{"type":"MultiPolygon","coordinates":[[[[-0.042288243026688176,36.31328335456363],[-0.030537924572214176,36.3226069813375],[-0.029294774335698017,36.32104027221024],[-0.04104509279017202,36.31171664543637],[-0.042288243026688176,36.31328335456363]]],[[[-0.025999576635798098,36.32493150236516],[-0.03178107480873033,36.32417369046477],[-0.028051624099181858,36.31947356308297],[-0.025999576635798098,36.32493150236516]]]]},"properties":{"speed":0.2386,"dir_deg":51.6,"type":"متوسط"}},{"type":"Feature","geometry":{"type":"MultiPolygon","coordinates":[[[[-0.0008431175437554158,36.31303772930682],[0.00722282205852669,36.325684492463154],[0.008909057146037522,36.32460903384951],[0.0008431175437554158,36.31196227069318],[-0.0008431175437554158,36.31303772930682]]],[[[0.010754586136376141,36.32936235087511],[0.005536586971015858,36.32675995107679],[0.010595292233548353,36.32353357523588],[0.010754586136376141,36.32936235087511]]]]},"properties":{"speed":0.3184,"dir_deg":32.5,"type":"متوسط"}},{"type":"Feature","geometry":{"type":"MultiPolygon","coordinates":[[[[0.04074304488753048,36.31288330212009],[0.04649257668885646,36.32673764743359],[0.0483398227306557,36.325971043193405],[0.04259029092932972,36.31211669787991],[0.04074304488753048,36.31288330212009]]],[[[0.04933271031019807,36.33097246041799],[0.044645330647057224,36.327504251673766],[0.050187068772454935,36.32520443895323],[0.04933271031019807,36.33097246041799]]]]},"properties":{"speed":0.4576,"dir_deg":22.5,"type":"قوي"}},{"type":"Feature","geometry":{"type":"MultiPolygon","coordinates":[[[[0.0823868434642639,36.31282272624076],[0.08722773707570218,36.327020111529706],[0.08912072178089477,36.326374659048184],[0.08427982816945649,36.31217727375924],[0.0823868434642639,36.31282272624076]]],[[[0.08978786063211124,36.33142984705193],[0.08533475237050958,36.327665564011234],[0.09101370648608736,36.325729206566656],[0.08978786063211124,36.33142984705193]]]]},"properties":{"speed":0.5108,"dir_deg":18.8,"type":"قوي"}},{"type":"Feature","geometry":{"type":"MultiPolygon","coordinates":[[[[0.1240361646509194,36.312766498442514],[0.1280336412886381,36.32722402867872],[0.12996131198679928,36.32669103179369],[0.1259638353490806,36.312233501557486],[0.1240361646509194,36.312766498442514]]],[[[0.13032996885029158,36.331776706981614],[0.1261059705904769,36.32775702556375],[0.13188898268496047,36.326158034908666],[0.13032996885029158,36.331776706981614]]]]},"properties":{"speed":0.4463,"dir_deg":15.5,"type":"قوي"}},{"type":"Feature","geometry":{"type":"MultiPolygon","coordinates":[[[[0.16572392058776297,36.31283349732435],[0.17072638045295857,36.32697476301371],[0.17261188254487342,36.32630776836501],[0.16760942267967782,36.31216650267565],[0.16572392058776297,36.31283349732435]]],[[[0.17333661812064785,36.33135502091915],[0.16884087836104372,36.3276417576624],[0.17449738463678827,36.32564077371632],[0.17333661812064785,36.33135502091915]]]]},"properties":{"speed":0.2941,"dir_deg":19.5,"type":"متوسط"}},{"type":"Feature","geometry":{"type":"MultiPolygon","coordinates":[[[[0.20754452209338523,36.31311464189886],[0.21676415057638573,36.32494673599228],[0.2183417631221745,36.32371745219455],[0.20912213463917398,36.31188535810114],[0.20754452209338523,36.31311464189886]]],[[[0.22062616634361362,36.32827612545789],[0.21518653803059695,36.32617601979001],[0.21991937566796327,36.322488168396816],[0.22062616634361362,36.32827612545789]]]]},"properties":{"speed":0.1142,"dir_deg":37.9,"type":"ضعيف"}},{"type":"Feature","geometry":{"type":"MultiPolygon","coordinates":[[[[0.25072676938842176,36.31318688154441],[0.26102999255459347,36.302285340718086],[0.25957645377774996,36.300911577629265],[0.24927323061157824,36.31181311845559],[0.25072676938842176,36.31318688154441]]],[[[0.26373763088822894,36.29796461223157],[0.262483531331437,36.30365910380691],[0.25812291500090645,36.29953781454044],[0.26373763088822894,36.29796461223157]]]]},"properties":{"speed":0.0219,"dir_deg":136.6,"type":"ضعيف"}},{"type":"Feature","geometry":{"type":"MultiPolygon","coordinates":[[[[0.2908905320405577,36.31186942053438],[0.28143184005621097,36.323511290914404],[0.28298408944021397,36.324772449845646],[0.2924427814245607,36.31313057946562],[0.2908905320405577,36.31186942053438]]],[[[0.2790550674200969,36.32802249384003],[0.2798795906722079,36.322250131983154],[0.284536338824217,36.326033608776896],[0.2790550674200969,36.32802249384003]]]]},"properties":{"speed":0.0266,"dir_deg":320.9,"type":"ضعيف"}},{"type":"Feature","geometry":{"type":"MultiPolygon","coordinates":[[[[0.33264185629937937,36.31177761106528],[0.3218060222786281,36.3221499155862],[0.32318899621475095,36.32359469345564],[0.3340248302355022,36.31322238893472],[0.33264185629937937,36.31177761106528]]],[[[0.31888556457310574,36.32632973936123],[0.32042304834250523,36.32070513771677],[0.3245719701508738,36.32503947132507],[0.31888556457310574,36.32632973936123]]]]},"properties":{"speed":0.0254,"dir_deg":313.7,"type":"ضعيف"}},{"type":"Feature","geometry":{"type":"MultiPolygon","coordinates":[[[[0.37588844591594955,36.31204101867747],[0.36900372607798115,36.29871432993823],[0.36722683424608205,36.29963229258329],[0.37411155408405045,36.31295898132253],[0.37588844591594955,36.31204101867747]]],[[[0.36582037354937547,36.29473108168101],[0.3707806179098803,36.29779636729317],[0.3654499424141829,36.30055025522835],[0.36582037354937547,36.29473108168101]]]]},"properties":{"speed":0.0434,"dir_deg":207.3,"type":"ضعيف"}},{"type":"Feature","geometry":{"type":"MultiPolygon","coordinates":[[[[0.41728966395677125,36.31171778391823],[0.40555642273022136,36.302372675555056],[0.40431040828179726,36.30393710771859],[0.41604364950834716,36.31328221608177],[0.41728966395677125,36.31171778391823]]],[[[0.40102233509715934,36.300039855515756],[0.40680243717864545,36.300808243391515],[0.40306439383337317,36.30550153988213],[0.40102233509715934,36.300039855515756]]]]},"properties":{"speed":0.0591,"dir_deg":231.5,"type":"ضعيف"}},{"type":"Feature","geometry":{"type":"MultiPolygon","coordinates":[[[[0.4585414677095182,36.31152189764513],[0.443869932386409,36.30840003101397],[0.44345368350225417,36.31035623572371],[0.4581252188253634,36.31347810235487],[0.4585414677095182,36.31152189764513]]],[[[0.43877129616996186,36.30833751115845],[0.44428618127056385,36.30644382630422],[0.4430374346180993,36.31231244043346],[0.43877129616996186,36.30833751115845]]]]},"properties":{"speed":0.0939,"dir_deg":258.0,"type":"ضعيف"}},{"type":"Feature","geometry":{"type":"MultiPolygon","coordinates":[[[[0.5000710973031125,36.311502530615265],[0.48510905653203856,36.31043607106858],[0.48496686192581356,36.31243100983805],[0.4999289026968875,36.313497469384735],[0.5000710973031125,36.311502530615265]]],[[[0.4800506123052347,36.31107805393775],[0.48525125113826356,36.3084411322991],[0.48482466731958856,36.31442594860753],[0.4800506123052347,36.31107805393775]]]]},"properties":{"speed":0.1183,"dir_deg":265.9,"type":"ضعيف"}},{"type":"Feature","geometry":{"type":"MultiPolygon","coordinates":[[[[0.5422710220113894,36.31170327003832],[0.5303200725862331,36.302638237890704],[0.5291114016332175,36.30423169781406],[0.5410623510583737,36.31329672996168],[0.5422710220113894,36.31170327003832]]],[[[0.5257320873013399,36.30041329046984],[0.531528743539249,36.30104477796735],[0.5279027306802017,36.30582515773742],[0.5257320873013399,36.30041329046984]]]]},"properties":{"speed":0.1228,"dir_deg":232.8,"type":"ضعيف"}},{"type":"Feature","geometry":{"type":"MultiPolygon","coordinates":[[[[0.5836794367166728,36.311561810949364],[0.5696066009571312,36.30636996217605],[0.5689143544540225,36.30824634027732],[0.582987190213564,36.313438189050636],[0.5836794367166728,36.311561810949364]]],[[[0.5645695324523964,36.30557753496891],[0.5702988474602398,36.30449358407478],[0.5682221079509139,36.310122718378594],[0.5645695324523964,36.30557753496891]]]]},"properties":{"speed":0.0833,"dir_deg":249.7,"type":"ضعيف"}},{"type":"Feature","geometry":{"type":"MultiPolygon","coordinates":[[[[-0.4157418482192934,36.35454837116185],[-0.41003535427791465,36.34067624346286],[-0.4118849713044463,36.33991537760401],[-0.417591465245825,36.353787505302996],[-0.4157418482192934,36.35454837116185]]],[[[-0.4090579981440542,36.335671767967106],[-0.408185737251383,36.34143710932171],[-0.4137345883309779,36.33915451174516],[-0.4090579981440542,36.335671767967106]]]]},"properties":{"speed":0.1882,"dir_deg":157.6,"type":"متوسط"}},{"type":"Feature","geometry":{"type":"MultiPolygon","coordinates":[[[[-0.374079899115862,36.354559619688466],[-0.3682046772752073,36.3407581064264],[-0.3700448790434833,36.33997474351431],[-0.375920100884138,36.35377625677638],[-0.374079899115862,36.354559619688466]]],[[[-0.367166370879127,36.33576592054966],[-0.3663644755069313,36.34154146933849],[-0.3718850808117593,36.33919138060222],[-0.367166370879127,36.33576592054966]]]]},"properties":{"speed":0.2035,"dir_deg":156.9,"type":"متوسط"}},{"type":"Feature","geometry":{"type":"MultiPolygon","coordinates":[[[[-0.33240791720295215,36.354546866456715],[-0.3267239938385725,36.34066547548939],[-0.32857484596754977,36.3399076190408],[-0.33425876933192944,36.35378901000813],[-0.33240791720295215,36.354546866456715]]],[[[-0.3257547787816012,36.33565941694265],[-0.3248731417095952,36.34142333193797],[-0.33042569809652705,36.33914976259222],[-0.3257547787816012,36.33565941694265]]]]},"properties":{"speed":0.1998,"dir_deg":157.7,"type":"متوسط"}},{"type":"Feature","geometry":{"type":"MultiPolygon","coordinates":[[[[-0.29073983324792385,36.35454343554044],[-0.2851073736276606,36.34064108327091],[-0.2869610205969313,36.33989008865487],[-0.29259348021719456,36.3537924409244],[-0.29073983324792385,36.35454343554044]]],[[[-0.28415671057220815,36.33563146853972],[-0.28325372665838994,36.341392077886944],[-0.28881466756620194,36.339139094038835],[-0.28415671057220815,36.33563146853972]]]]},"properties":{"speed":0.173,"dir_deg":157.9,"type":"متوسط"}},{"type":"Feature","geometry":{"type":"MultiPolygon","coordinates":[[[[-0.2491787375467628,36.354738488828694],[-0.24062047860272862,36.34241955203014],[-0.242263003509203,36.34127845083759],[-0.25082126245323716,36.35359738763615],[-0.2491787375467628,36.354738488828694]]],[[[-0.23858898807462106,36.337742689167676],[-0.23897795369625427,36.343560653222674],[-0.24390552841567734,36.340137349645055],[-0.23858898807462106,36.337742689167676]]]]},"properties":{"speed":0.113,"dir_deg":145.2,"type":"ضعيف"}},{"type":"Feature","geometry":{"type":"MultiPolygon","coordinates":[[[[-0.20812842022752492,36.35514671944121],[-0.19344670209573872,36.352073097359884],[-0.19385651837324808,36.35011553494231],[-0.20853823650503428,36.353189157023635],[-0.20812842022752492,36.35514671944121]]],[[[-0.18875770419056465,36.35006977545733],[-0.19303688581822934,36.35403065977746],[-0.19426633465075746,36.34815797252474],[-0.18875770419056465,36.35006977545733]]]]},"properties":{"speed":0.0874,"dir_deg":101.8,"type":"ضعيف"}},{"type":"Feature","geometry":{"type":"MultiPolygon","coordinates":[[[[-0.1669972804213074,36.35511170612209],[-0.15284076207627265,36.36007083793589],[-0.15217954450109863,36.35818330215656],[-0.1663360628461334,36.353224170342756],[-0.1669972804213074,36.35511170612209]]],[[[-0.14779131384034072,36.36078011398416],[-0.15350197965144668,36.36195837371523],[-0.1515183269259246,36.35629576637722],[-0.14779131384034072,36.36078011398416]]]]},"properties":{"speed":0.1276,"dir_deg":70.7,"type":"ضعيف"}},{"type":"Feature","geometry":{"type":"MultiPolygon","coordinates":[[[[-0.12544667065548784,36.35506263668751],[-0.11202619382925821,36.361762696519826],[-0.11113285251828256,36.359973299609656],[-0.12455332934451217,36.35327323977734],[-0.12544667065548784,36.35506263668751]]],[[[-0.10710603089836052,36.36310135134218],[-0.11291953514023388,36.36355209342999],[-0.11023951120730689,36.358183902699494],[-0.10710603089836052,36.36310135134218]]]]},"properties":{"speed":0.1796,"dir_deg":63.5,"type":"متوسط"}},{"type":"Feature","geometry":{"type":"MultiPolygon","coordinates":[[[[-0.08389951181716993,36.354992222610946],[-0.07153524613935927,36.36348486261559],[-0.07040289413873982,36.361836293858545],[-0.08276715981655047,36.3533436538539],[-0.08389951181716993,36.354992222610946]]],[[[-0.06684764824644598,36.365491458238616],[-0.07266759813997874,36.365133431372634],[-0.06927054213812035,36.360187725101504],[-0.06684764824644598,36.365491458238616]]]]},"properties":{"speed":0.1976,"dir_deg":55.5,"type":"متوسط"}},{"type":"Feature","geometry":{"type":"MultiPolygon","coordinates":[[[[-0.04239890900084872,36.3548489837394],[-0.03218322639619351,36.36583260012568],[-0.03071874421135626,36.36447050911172],[-0.04093442681601148,36.35348689272544],[-0.04239890900084872,36.3548489837394]]],[[[-0.028045757768889814,36.36881276008079],[-0.033647708581030764,36.36719469113963],[-0.029254262026519012,36.36310841809777],[-0.028045757768889814,36.36881276008079]]]]},"properties":{"speed":0.2048,"dir_deg":42.9,"type":"متوسط"}},{"type":"Feature","geometry":{"type":"MultiPolygon","coordinates":[[[[-0.0009001266408335731,36.354603566549294],[0.005634298112262547,36.3681054661618],[0.007434551393929693,36.36723420952806],[0.0009001266408335731,36.35373230991555],[-0.0009001266408335731,36.354603566549294]]],[[[0.008712566337461494,36.372170471049095],[0.0038340448305954006,36.36897672279555],[0.009234804675596838,36.366362952894306],[0.008712566337461494,36.372170471049095]]]]},"properties":{"speed":0.2659,"dir_deg":25.8,"type":"متوسط"}},{"type":"Feature","geometry":{"type":"MultiPolygon","coordinates":[[[[0.040700429429153896,36.35442558760884],[0.044565170075348874,36.36891916479798],[0.04649764703390128,36.36840386604515],[0.0426329063877063,36.35391028885601],[0.040700429429153896,36.35442558760884]]],[[[0.046819655436690075,36.373492707817945],[0.04263269311679646,36.3694344635508],[0.048430123992453694,36.367888567292326],[0.046819655436690075,36.373492707817945]]]]},"properties":{"speed":0.4178,"dir_deg":14.9,"type":"قوي"}},{"type":"Feature","geometry":{"type":"MultiPolygon","coordinates":[[[[0.08235718984963854,36.35438505352593],[0.08561391925232165,36.36902724303425],[0.08756621118676497,36.368593012447235],[0.08430948178408186,36.35395082293891],[0.08235718984963854,36.35438505352593]]],[[[0.08767564168710436,36.373690857576854],[0.08366162731787834,36.36946147362128],[0.08951850312120828,36.36815878186021],[0.08767564168710436,36.373690857576854]]]]},"properties":{"speed":0.5041,"dir_deg":12.5,"type":"قوي"}},{"type":"Feature","geometry":{"type":"MultiPolygon","coordinates":[[[[0.12401450750878139,36.35433765726421],[0.12656029298563096,36.36912004463249],[0.1285312779680682,36.36878060656891],[0.12598549249121863,36.35399821920063],[0.12401450750878139,36.35433765726421]]],[[[0.12839438063579942,36.373877788056795],[0.12458930800319373,36.36945948269607],[0.13050226295050543,36.36844116850533],[0.12839438063579942,36.373877788056795]]]]},"properties":{"speed":0.4698,"dir_deg":9.8,"type":"قوي"}},{"type":"Feature","geometry":{"type":"MultiPolygon","coordinates":[[[[0.16569028045744894,36.35438394811854],[0.1689304287491675,36.36902981576261],[0.17088321110171042,36.368597795990375],[0.16764306280999186,36.353951928346305],[0.16569028045744894,36.35438394811854]]],[[[0.17098686935601182,36.37369576175785],[0.16697764639662457,36.369461835534835],[0.17283599345425335,36.36816577621815],[0.17098686935601182,36.37369576175785]]]]},"properties":{"speed":0.3098,"dir_deg":12.5,"type":"متوسط"}},{"type":"Feature","geometry":{"type":"MultiPolygon","coordinates":[[[[0.20739707791894826,36.35451927154976],[0.2126670776790214,36.36856302825973],[0.21453957857368408,36.36786036162505],[0.20926957881361094,36.35381660491508],[0.20739707791894826,36.35451927154976]]],[[[0.21535999471304382,36.37289294717905],[0.21079457678435873,36.3692656948944],[0.21641207946834676,36.367157694990375],[0.21535999471304382,36.37289294717905]]]]},"properties":{"speed":0.1001,"dir_deg":20.6,"type":"ضعيف"}},{"type":"Feature","geometry":{"type":"MultiPolygon","coordinates":[[[[0.24978152886277274,36.35319209482173],[0.23514387770233408,36.356469161880135],[0.2355808199767886,36.35842084870152],[0.2502184711372273,36.355143781643115],[0.24978152886277274,36.35319209482173]]],[[[0.23048313178608176,36.35853736097697],[0.23470693542787957,36.35451747505874],[0.2360177622512431,36.36037253552291],[0.23048313178608176,36.35853736097697]]]]},"properties":{"speed":0.044,"dir_deg":282.6,"type":"ضعيف"}},{"type":"Feature","geometry":{"type":"MultiPolygon","coordinates":[[[[0.29153891674204985,36.353176130541975],[0.27666180138538377,36.35509223039961],[0.2769172813664025,36.35707584578051],[0.29179439672306856,36.35515974592287],[0.29153891674204985,36.353176130541975]]],[[[0.2718305029236711,36.356722738042606],[0.276406321404365,36.353108615018726],[0.27717276134742125,36.359059461161394],[0.2718305029236711,36.356722738042606]]]]},"properties":{"speed":0.111,"dir_deg":277.3,"type":"ضعيف"}},{"type":"Feature","geometry":{"type":"MultiPolygon","coordinates":[[[[0.3334172214147868,36.353171462213446],[0.3184700811301201,36.35191329000325],[0.3183023248354281,36.353906242041205],[0.3332494651200948,36.3551644142514],[0.3334172214147868,36.353171462213446]]],[[[0.3134038228878852,36.352490375285505],[0.3186378374248121,36.349920337965294],[0.3181345685407361,36.355899194079164],[0.3134038228878852,36.352490375285505]]]]},"properties":{"speed":0.1693,"dir_deg":265.2,"type":"متوسط"}},{"type":"Feature","geometry":{"type":"MultiPolygon","coordinates":[[[[0.37517148254342847,36.35318275107391],[0.3603936751657305,36.35061051292248],[0.36005071007887357,36.352580887239505],[0.37482851745657153,36.355153125390935],[0.37517148254342847,36.35318275107391]]],[[[0.3552962568297361,36.35073828736385],[0.36073664025258745,36.348640138605454],[0.35970774499201663,36.35455126155653],[0.3552962568297361,36.35073828736385]]]]},"properties":{"speed":0.2405,"dir_deg":260.1,"type":"متوسط"}},{"type":"Feature","geometry":{"type":"MultiPolygon","coordinates":[[[[0.41675693098987854,36.35317202128886],[0.401818176836512,36.35181790742907],[0.40163762832187333,36.35380974131619],[0.41657638247523987,36.35516385517598],[0.41675693098987854,36.35317202128886]]],[[[0.39674831786140385,36.35236245308604],[0.4019987253511506,36.349826073541955],[0.4014570798072347,36.35580157520331],[0.39674831786140385,36.35236245308604]]]]},"properties":{"speed":0.3033,"dir_deg":264.8,"type":"متوسط"}},{"type":"Feature","geometry":{"type":"MultiPolygon","coordinates":[[[[0.45838731027850843,36.3531693955134],[0.443409169493144,36.35235989034738],[0.44330123547100875,36.35435697578543],[0.45827937625637316,36.355166480951446],[0.45838731027850843,36.3531693955134]]],[[[0.43836248888695495,36.35308859801107],[0.44351710351527923,36.35036280490933],[0.44319330144887353,36.35635406122348],[0.43836248888695495,36.35308859801107]]]]},"properties":{"speed":0.3334,"dir_deg":266.9,"type":"متوسط"}},{"type":"Feature","geometry":{"type":"MultiPolygon","coordinates":[[[[0.50009182716056,36.35317216327161],[0.4851552027483548,36.35179475586321],[0.4849715484272348,36.35378630578484],[0.49990817283944,36.355163713193235],[0.50009182716056,36.35317216327161]]],[[[0.48008450078372633,36.352331395021224],[0.4853388570694747,36.34980320594158],[0.48478789410611484,36.355777855706464],[0.48008450078372633,36.352331395021224]]]]},"properties":{"speed":0.3091,"dir_deg":264.7,"type":"متوسط"}},{"type":"Feature","geometry":{"type":"MultiPolygon","coordinates":[[[[0.5419123955351686,36.35319859459512],[0.5273722409756376,36.34951295959082],[0.5268808229750637,36.35145164686542],[0.5414209775345946,36.35513728186972],[0.5419123955351686,36.35319859459512]]],[[[0.5222798137888404,36.34925375822668],[0.5278636589762115,36.347574272316216],[0.5263894049744898,36.35339033414002],[0.5222798137888404,36.34925375822668]]]]},"properties":{"speed":0.2647,"dir_deg":255.8,"type":"متوسط"}},{"type":"Feature","geometry":{"type":"MultiPolygon","coordinates":[[[[0.5835632193444933,36.353194725364325],[0.5689650263230438,36.3497461371737],[0.568505214564294,36.351692562909896],[0.5831034075857435,36.35514115110052],[0.5835632193444933,36.353194725364325]]],[[[0.5638690561031857,36.34956982064492],[0.5694248380817934,36.34779971143751],[0.5680454028055444,36.35363898864609],[0.5638690561031857,36.34956982064492]]]]},"properties":{"speed":0.1965,"dir_deg":256.7,"type":"متوسط"}},{"type":"Feature","geometry":{"type":"MultiPolygon","coordinates":[[[[0.6255443556079104,36.35332908367284],[0.6129615372141365,36.34516374955418],[0.6118728259983156,36.346841458673346],[0.6244556443920896,36.355006792792004],[0.6255443556079104,36.35332908367284]]],[[[0.6082229088083013,36.34328082607421],[0.6140502484299575,36.34348604043501],[0.6107841147824946,36.34851916779252],[0.6082229088083013,36.34328082607421]]]]},"properties":{"speed":0.1189,"dir_deg":237.0,"type":"ضعيف"}},{"type":"Feature","geometry":{"type":"MultiPolygon","coordinates":[[[[0.6675903754500875,36.353784794932956],[0.6618432259580947,36.33992946120487],[0.659995848127683,36.3406957478038],[0.6657429976196757,36.35455108153189],[0.6675903754500875,36.353784794932956]]],[[[0.659003820545558,36.3356941599283],[0.6636906037885064,36.339163174605936],[0.6581484702972713,36.34146203440273],[0.659003820545558,36.3356941599283]]]]},"properties":{"speed":0.0554,"dir_deg":202.5,"type":"ضعيف"}},{"type":"Feature","geometry":{"type":"MultiPolygon","coordinates":[[[[0.7089148750011708,36.35498144064778],[0.7211174112314582,36.34625801760699],[0.7199542881593535,36.34463101277628],[0.707751751929066,36.35335443581707],[0.7089148750011708,36.35498144064778]]],[[[0.7246033617721683,36.34253670751137],[0.7222805343035631,36.347885022437694],[0.7187911650872486,36.34300400794558],[0.7246033617721683,36.34253670751137]]]]},"properties":{"speed":0.0222,"dir_deg":125.6,"type":"ضعيف"}},{"type":"Feature","geometry":{"type":"MultiPolygon","coordinates":[[[[0.7490565144770553,36.35449935197383],[0.754027720598173,36.368651634818],[0.7559146916440623,36.36798880733519],[0.7509434855229447,36.353836524491015],[0.7490565144770553,36.35449935197383]]],[[[0.7566282748281569,36.373037648691316],[0.7521407495522838,36.36931446230082],[0.7578016626899515,36.36732597985237],[0.7566282748281569,36.373037648691316]]]]},"properties":{"speed":0.0846,"dir_deg":19.4,"type":"ضعيف"}},{"type":"Feature","geometry":{"type":"MultiPolygon","coordinates":[[[[-0.4157056224503343,36.39610849097802],[-0.4115591842936257,36.38169297674465],[-0.41348125285807547,36.38114011832376],[-0.4176276910147841,36.395555632557134],[-0.4157056224503343,36.39610849097802]]],[[[-0.41113807252361434,36.37661137612308],[-0.4096371157291759,36.38224583516555],[-0.4154033214225253,36.38058725990287],[-0.41113807252361434,36.37661137612308]]]]},"properties":{"speed":0.1999,"dir_deg":164.0,"type":"متوسط"}},{"type":"Feature","geometry":{"type":"MultiPolygon","coordinates":[[[[-0.3740536473965785,36.396155197574934],[-0.36920661028619817,36.38195990852361],[-0.3710993154930412,36.3813136369089],[-0.3759463526034215,36.39550892596022],[-0.3740536473965785,36.396155197574934]]],[[[-0.36853728385282625,36.37690500969915],[-0.3673139050793552,36.38260618013833],[-0.3729920206998842,36.38066736529418],[-0.36853728385282625,36.37690500969915]]]]},"properties":{"speed":0.2113,"dir_deg":161.1,"type":"متوسط"}},{"type":"Feature","geometry":{"type":"MultiPolygon","coordinates":[[[[-0.3324005633313912,36.39619250814487],[-0.326993867672005,36.38220080910413],[-0.32885942754410424,36.38147991634954],[-0.3342661232034904,36.395471615390285],[-0.3324005633313912,36.39619250814487]]],[[[-0.32612441572159256,36.37717646304659],[-0.3251283077999057,36.38292170185871],[-0.33072498741620354,36.380759023594955],[-0.32612441572159256,36.37717646304659]]]]},"properties":{"speed":0.1988,"dir_deg":158.9,"type":"متوسط"}},{"type":"Feature","geometry":{"type":"MultiPolygon","coordinates":[[[[-0.2907643758689066,36.39626321051579],[-0.28429714464570127,36.382728997561],[-0.2861017063730065,36.38186670006458],[-0.29256893759621183,36.395400913019365],[-0.2907643758689066,36.39626321051579]]],[[[-0.2830436817682855,36.377786444494525],[-0.28249258291839596,36.38359129505743],[-0.28790626810031184,36.38100440256815],[-0.2830436817682855,36.377786444494525]]]]},"properties":{"speed":0.1613,"dir_deg":154.5,"type":"ضعيف"}},{"type":"Feature","geometry":{"type":"MultiPolygon","coordinates":[[[[-0.2493089097273787,36.39655483021949],[-0.23846738294860564,36.38618847613017],[-0.23984956349384823,36.38474293922634],[-0.25069109027262126,36.39510929331566],[-0.2493089097273787,36.39655483021949]]],[[[-0.23554463096163591,36.382010256315155],[-0.2370852024033631,36.38763401303401],[-0.24123174403909078,36.383297402322505],[-0.23554463096163591,36.382010256315155]]]]},"properties":{"speed":0.1002,"dir_deg":133.7,"type":"ضعيف"}},{"type":"Feature","geometry":{"type":"MultiPolygon","coordinates":[[[[-0.20843831389781722,36.39682653551694],[-0.19352120765740494,36.39840131849],[-0.1933112365943297,36.396412370991285],[-0.20822834283474198,36.39483758801822],[-0.20843831389781722,36.39682653551694]]],[[[-0.18844385337906322,36.39793177239833],[-0.19373117872048015,36.400390265988726],[-0.19310126553125448,36.39442342349256],[-0.18844385337906322,36.39793177239833]]]]},"properties":{"speed":0.0868,"dir_deg":84.0,"type":"ضعيف"}},{"type":"Feature","geometry":{"type":"MultiPolygon","coordinates":[[[[-0.1672063394486153,36.39667393981669],[-0.15457816871202473,36.40476895704011],[-0.153498833082235,36.403085200941895],[-0.1661270038188255,36.39499018371847],[-0.1672063394486153,36.39667393981669]]],[[[-0.1498291106515997,36.406625418065474],[-0.15565750434181452,36.40645271313832],[-0.1524194974524452,36.401401444843685],[-0.1498291106515997,36.406625418065474]]]]},"properties":{"speed":0.1258,"dir_deg":57.3,"type":"ضعيف"}},{"type":"Feature","geometry":{"type":"MultiPolygon","coordinates":[[[[-0.1256633518463148,36.39658036941019],[-0.11443873720714284,36.40653064710491],[-0.11311203351451321,36.40503403181969],[-0.12433664815368518,36.39508375412497],[-0.1256633518463148,36.39658036941019]]],[[[-0.1100338471477707,36.40909909869387],[-0.11576544089977246,36.408027262390135],[-0.11178532982188359,36.40353741653446],[-0.1100338471477707,36.40909909869387]]]]},"properties":{"speed":0.1645,"dir_deg":48.4,"type":"ضعيف"}},{"type":"Feature","geometry":{"type":"MultiPolygon","coordinates":[[[[-0.08410234181099288,36.396471303334586],[-0.07451371830590621,36.40800639324657],[-0.07297570631764085,36.40672791011256],[-0.08256432982272752,36.39519282020057],[-0.08410234181099288,36.396471303334586]]],[[[-0.07054850447674463,36.411212181650235],[-0.07605173029417157,36.40928487638058],[-0.07143769432937548,36.40544942697855],[-0.07054850447674463,36.411212181650235]]]]},"properties":{"speed":0.1775,"dir_deg":39.7,"type":"متوسط"}},{"type":"Feature","geometry":{"type":"MultiPolygon","coordinates":[[[[-0.04252467933673036,36.39634569236334],[-0.03482022040025186,36.40921586378784],[-0.033104197543651334,36.40818860259632],[-0.04080865648012984,36.395318431171816],[-0.04252467933673036,36.39634569236334]]],[[[-0.03139405599312543,36.412992290333584],[-0.036536243256852376,36.410243124979374],[-0.03138817468705082,36.40716134140479],[-0.03139405599312543,36.412992290333584]]]]},"properties":{"speed":0.1848,"dir_deg":30.9,"type":"متوسط"}},{"type":"Feature","geometry":{"type":"MultiPolygon","coordinates":[[[[-0.0009539046219114541,36.39613217170126],[0.0035477443833523215,36.41044074102993],[0.005455553627175229,36.409840521162565],[0.0009539046219114541,36.395531951833895],[-0.0009539046219114541,36.39613217170126]]],[[[0.006002198673685034,36.414910154205806],[0.0016399351395294131,36.4110409608973],[0.007363362870998138,36.40924030129519],[0.006002198673685034,36.414910154205806]]]]},"properties":{"speed":0.2299,"dir_deg":17.5,"type":"متوسط"}},{"type":"Feature","geometry":{"type":"MultiPolygon","coordinates":[[[[0.040676717554668555,36.395973477102984],[0.04279794758572691,36.41082273240941],[0.044777848293249996,36.410539901738595],[0.042656618262191644,36.39569064643217],[0.040676717554668555,36.395973477102984]]],[[[0.0444949746165079,36.415631068842806],[0.04081804687820382,36.41110556308021],[0.046757749000773084,36.41025707106779],[0.0444949746165079,36.415631068842806]]]]},"properties":{"speed":0.4014,"dir_deg":8.1,"type":"قوي"}},{"type":"Feature","geometry":{"type":"MultiPolygon","coordinates":[[[[0.08234048609177828,36.39595143271632],[0.08413105032298333,36.410844178592555],[0.08611674977314716,36.410605436695064],[0.08432618554194211,36.39571269081883],[0.08234048609177828,36.39595143271632]]],[[[0.08572075479180027,36.415689056269215],[0.08214535087281949,36.41108292049005],[0.08810244922331101,36.41036669479757],[0.08572075479180027,36.415689056269215]]]]},"properties":{"speed":0.5041,"dir_deg":6.9,"type":"قوي"}},{"type":"Feature","geometry":{"type":"MultiPolygon","coordinates":[[[[0.12400259640336324,36.39590407610932],[0.125082811529442,36.410865130058866],[0.12707761872271556,36.41072110137539],[0.12599740359663678,36.39576004742584],[0.12400259640336324,36.39590407610932]]],[[[0.1264402868347717,36.415780133700316],[0.12308800433616848,36.411009158742345],[0.12907242591598908,36.41057707269191],[0.1264402868347717,36.415780133700316]]]]},"properties":{"speed":0.4649,"dir_deg":4.1,"type":"قوي"}},{"type":"Feature","geometry":{"type":"MultiPolygon","coordinates":[[[[0.1656680781075881,36.39588508034514],[0.16646335677101184,36.41086398323712],[0.16846054382327644,36.410757946082],[0.1676652651598527,36.39577904319002],[0.1656680781075881,36.39588508034514]]],[[[0.16772704318495207,36.415803932290224],[0.16446616971874722,36.41097002039225],[0.17045773087554106,36.41065190892687],[0.16772704318495207,36.415803932290224]]]]},"properties":{"speed":0.2899,"dir_deg":3.0,"type":"متوسط"}},{"type":"Feature","geometry":{"type":"MultiPolygon","coordinates":[[[[0.20740552615399097,36.395458989315],[0.2018094393653259,36.40937602249933],[0.20366504378990316,36.41012216740448],[0.20926113057856824,36.39620513422015],[0.20740552615399097,36.395458989315]]],[[[0.20087187931472616,36.41438810601335],[0.19995383494074861,36.40862987759417],[0.20552064821448043,36.41086831230964],[0.20087187931472616,36.41438810601335]]]]},"properties":{"speed":0.1103,"dir_deg":338.1,"type":"ضعيف"}},{"type":"Feature","geometry":{"type":"MultiPolygon","coordinates":[[[[0.24968037070208365,36.394884519097346],[0.23546723064857897,36.39967895856609],[0.23610648924441166,36.40157404390656],[0.25031962929791635,36.39677960443781],[0.24968037070208365,36.394884519097346]]],[[[0.23104914659532708,36.4022246477259],[0.2348279720527463,36.39778387322562],[0.23674574784024432,36.40346912924703],[0.23104914659532708,36.4022246477259]]]]},"properties":{"speed":0.1586,"dir_deg":288.6,"type":"ضعيف"}},{"type":"Feature","geometry":{"type":"MultiPolygon","coordinates":[[[[0.29151293437886916,36.39484394768612],[0.2766912231569961,36.39714978299147],[0.2769986678643762,36.39912601115439],[0.29182037908624925,36.39682017584904],[0.29151293437886916,36.39484394768612]]],[[[0.27190437510339516,36.39890650884138],[0.276383778449616,36.39517355482855],[0.27730611257175636,36.401102239317304],[0.27190437510339516,36.39890650884138]]]]},"properties":{"speed":0.2418,"dir_deg":278.8,"type":"متوسط"}},{"type":"Feature","geometry":{"type":"MultiPolygon","coordinates":[[[[0.3332729521115937,36.39483388697913],[0.3183003302848569,36.395739754316836],[0.3184211125965511,36.397736103893735],[0.3333937344232879,36.39683023655603],[0.3332729521115937,36.39483388697913]]],[[[0.31336984749845836,36.39703988488452],[0.3181795479731626,36.393743404739936],[0.31854189490824536,36.399732453470634],[0.31336984749845836,36.39703988488452]]]]},"properties":{"speed":0.2997,"dir_deg":273.5,"type":"متوسط"}},{"type":"Feature","geometry":{"type":"MultiPolygon","coordinates":[[[[0.3749560757081176,36.39483302690503],[0.3599705527699252,36.39549189128327],[0.36005840135368994,36.39748996100836],[0.3750439242918824,36.39683109663012],[0.3749560757081176,36.39483302690503]]],[[[0.3550193027490768,36.396710547605224],[0.35988270418616036,36.39349382155818],[0.36014624993745475,36.39948803073345],[0.3550193027490768,36.396710547605224]]]]},"properties":{"speed":0.3318,"dir_deg":272.5,"type":"متوسط"}},{"type":"Feature","geometry":{"type":"MultiPolygon","coordinates":[[[[0.4166517247114781,36.39483217325642],[0.4016533970441031,36.39505615357263],[0.4016832610862653,36.39705593059495],[0.4166815887536403,36.39683195027874],[0.4166517247114781,36.39483217325642]]],[[[0.39666888650939247,36.3961307021892],[0.40162353300194087,36.39305637655032],[0.4017131251284275,36.399055707617265],[0.39666888650939247,36.3961307021892]]]]},"properties":{"speed":0.3301,"dir_deg":270.9,"type":"متوسط"}},{"type":"Feature","geometry":{"type":"MultiPolygon","coordinates":[[[[0.458446358753851,36.39483846854104],[0.44354246035571093,36.39314323624489],[0.44331642938289056,36.39513042269797],[0.4582203277810306,36.39682565499412],[0.458446358753851,36.39483846854104]]],[[[0.43846147873658736,36.39357175203938],[0.44376849132853124,36.3911560497918],[0.44309039841007025,36.39711760915105],[0.43846147873658736,36.39357175203938]]]]},"properties":{"speed":0.2937,"dir_deg":263.5,"type":"متوسط"}},{"type":"Feature","geometry":{"type":"MultiPolygon","coordinates":[[[[0.5003656255143459,36.394901299723195],[0.4864041948486393,36.389416917008006],[0.4856729438199474,36.39127844109677],[0.49963437448565406,36.39676282381196],[0.5003656255143459,36.394901299723195]]],[[[0.4813847591123911,36.38851955148066],[0.48713544587733115,36.387555392919246],[0.48494169279125554,36.39313996518553],[0.4813847591123911,36.38851955148066]]]]},"properties":{"speed":0.239,"dir_deg":248.6,"type":"متوسط"}},{"type":"Feature","geometry":{"type":"MultiPolygon","coordinates":[[[[0.5423744484295012,36.39512561070733],[0.5317776825257927,36.384509182288035],[0.5303621587365535,36.38592208440853],[0.540958924640262,36.396538512827824],[0.5423744484295012,36.39512561070733]]],[[[0.5275376653299368,36.38167682387519],[0.533193206315032,36.38309628016754],[0.5289466349473142,36.38733498652902],[0.5275376653299368,36.38167682387519]]]]},"properties":{"speed":0.1897,"dir_deg":224.9,"type":"متوسط"}},{"type":"Feature","geometry":{"type":"MultiPolygon","coordinates":[[[[0.584301890110394,36.395583346504225],[0.5805711611600445,36.38105469682509],[0.5786340078694933,36.381552127351796],[0.5823647368198428,36.39608077703093],[0.584301890110394,36.395583346504225]]],[[[0.5783590081979858,36.37646052886206],[0.5825083144505958,36.380557266298375],[0.5766968545789419,36.38204955787851],[0.5783590081979858,36.37646052886206]]]]},"properties":{"speed":0.1382,"dir_deg":194.4,"type":"ضعيف"}},{"type":"Feature","geometry":{"type":"MultiPolygon","coordinates":[[[[0.6258604575440603,36.39634158391123],[0.6335032896988099,36.38343472075032],[0.6317823746106893,36.38241567646302],[0.6241395424559397,36.395322539623926],[0.6258604575440603,36.39634158391123]]],[[[0.6351904428729994,36.37862291088637],[0.6352242047869305,36.38445376503762],[0.6300614595225686,36.38139663217572],[0.6351904428729994,36.37862291088637]]]]},"properties":{"speed":0.1368,"dir_deg":149.4,"type":"ضعيف"}},{"type":"Feature","geometry":{"type":"MultiPolygon","coordinates":[[[[0.6670516476175071,36.39675499457383],[0.6808956397113487,36.39098057833445],[0.6801257175460976,36.38913471272194],[0.6662817254522561,36.394909128961324],[0.6670516476175071,36.39675499457383]]],[[[0.6851253426600037,36.38813284011507],[0.6816655618765998,36.392826443946966],[0.6793557953808466,36.387288847109424],[0.6851253426600037,36.38813284011507]]]]},"properties":{"speed":0.1634,"dir_deg":112.6,"type":"ضعيف"}},{"type":"Feature","geometry":{"type":"MultiPolygon","coordinates":[[[[0.7084056127535168,36.396829444749635],[0.7233663574843731,36.39574495542366],[0.7232217589075763,36.393750189459546],[0.70826101417672,36.39483467878552],[0.7084056127535168,36.396829444749635]]],[[[0.7282809731062602,36.39438607599961],[0.7235109560611698,36.39773972138777],[0.7230771603307796,36.39175542349543],[0.7282809731062602,36.39438607599961]]]]},"properties":{"speed":0.2116,"dir_deg":94.1,"type":"متوسط"}},{"type":"Feature","geometry":{"type":"MultiPolygon","coordinates":[[[[0.7496553879550796,36.39677080696117],[0.7637365658589889,36.401939987634975],[0.7644257899488297,36.40006249724779],[0.7503446120449204,36.394893316573985],[0.7496553879550796,36.39677080696117]]],[[[0.7687749038718791,36.40272430266599],[0.7630473417691479,36.40381747802216],[0.7651150140386707,36.3981850068606],[0.7687749038718791,36.40272430266599]]]]},"properties":{"speed":0.2742,"dir_deg":69.8,"type":"متوسط"}},{"type":"Feature","geometry":{"type":"MultiPolygon","coordinates":[[[[0.7911178375260648,36.39666798327437],[0.8036566601279755,36.40490071840662],[0.8047543581456091,36.40322887539304],[0.7922155355436984,36.39499614026079],[0.7911178375260648,36.39666798327437]]],[[[0.8083851166707626,36.406809041943916],[0.802558962110342,36.40657256142021],[0.8058520561632427,36.40155703237945],[0.8083851166707626,36.406809041943916]]]]},"properties":{"speed":0.2858,"dir_deg":56.7,"type":"متوسط"}},{"type":"Feature","geometry":{"type":"MultiPolygon","coordinates":[[[[0.8325921881539263,36.39650342848787],[0.8426626889582478,36.40762030815575],[0.844144939580632,36.40627757471517],[0.8340744387763105,36.39516069504729],[0.8325921881539263,36.39650342848787]]],[[[0.8467606478708805,36.41065456799142],[0.8411804383358635,36.40896304159632],[0.8456271902030162,36.404934841274596],[0.8467606478708805,36.41065456799142]]]]},"properties":{"speed":0.2432,"dir_deg":42.2,"type":"متوسط"}},{"type":"Feature","geometry":{"type":"MultiPolygon","coordinates":[[[[0.8741566008007723,36.39636934920531],[0.8822159123667175,36.40902033719372],[0.8839027107651729,36.40794576231826],[0.8758433991992277,36.39529477432985],[0.8741566008007723,36.39636934920531]]],[[[0.8857457487545937,36.41270004575213],[0.8805291139682622,36.410094912069184],[0.8855895091636282,36.4068711874428],[0.8857457487545937,36.41270004575213]]]]},"properties":{"speed":0.2257,"dir_deg":32.5,"type":"متوسط"}},{"type":"Feature","geometry":{"type":"MultiPolygon","coordinates":[[[[-0.41568061960237973,36.43766652560736],[-0.4131827354919426,36.42287596865467],[-0.41515480975230157,36.42254291743995],[-0.4176526938627387,36.43733347439264],[-0.41568061960237973,36.43766652560736]]],[[[-0.4133361445853097,36.41777925739641],[-0.4112106612315837,36.4232090198694],[-0.4171268840126605,36.422209866225224],[-0.4133361445853097,36.41777925739641]]]]},"properties":{"speed":0.1965,"dir_deg":170.4,"type":"متوسط"}},{"type":"Feature","geometry":{"type":"MultiPolygon","coordinates":[[[[-0.3740432576236349,36.4377909364626],[-0.3696792106847122,36.42343980081712],[-0.37159269543744244,36.422857927891926],[-0.3759567423763651,36.4372090635374],[-0.3740432576236349,36.4377909364626]]],[[[-0.3691812707481031,36.418365152472695],[-0.3677657259319819,36.42402167374231],[-0.37350618019017273,36.42227605496674],[-0.3691812707481031,36.418365152472695]]]]},"properties":{"speed":0.1955,"dir_deg":163.1,"type":"متوسط"}},{"type":"Feature","geometry":{"type":"MultiPolygon","coordinates":[[[[-0.33242410446604004,36.4379162749116],[-0.3261799807920457,36.42427769289059],[-0.3279984583948472,36.42344514306739],[-0.33424258206884155,36.4370837250884],[-0.33242410446604004,36.4379162749116]]],[[[-0.32500784503544833,36.419315223971985],[-0.3243615031892441,36.42511024271379],[-0.3298169359976488,36.42261259324419],[-0.32500784503544833,36.419315223971985]]]]},"properties":{"speed":0.1747,"dir_deg":155.4,"type":"متوسط"}},{"type":"Feature","geometry":{"type":"MultiPolygon","coordinates":[[[[-0.2908749660916712,36.43811092219564],[-0.28171113315701374,36.42623556258232],[-0.2832945144387898,36.42501371819104],[-0.2924583473734472,36.43688907780436],[-0.2908749660916712,36.43811092219564]]],[[[-0.27944821281968263,36.42166618718224],[-0.28012775187523764,36.42745740697361],[-0.2848778957205659,36.42379187379975],[-0.27944821281968263,36.42166618718224]]]]},"properties":{"speed":0.1333,"dir_deg":142.3,"type":"ضعيف"}},{"type":"Feature","geometry":{"type":"MultiPolygon","coordinates":[[[[-0.24970706269259618,36.43845613165094],[-0.2353650879284825,36.43406207203988],[-0.23595096254329015,36.432149808738004],[-0.2502929373074038,36.43654386834906],[-0.24970706269259618,36.43845613165094]]],[[[-0.23087736698118178,36.43164125385192],[-0.23477921331367485,36.43597433534176],[-0.2365368371580978,36.43023754543612],[-0.23087736698118178,36.43164125385192]]]]},"properties":{"speed":0.0922,"dir_deg":107.0,"type":"ضعيف"}},{"type":"Feature","geometry":{"type":"MultiPolygon","coordinates":[[[[-0.20877833435090806,36.438395527595134],[-0.19534542042391162,36.44507061736456],[-0.1944554084546547,36.44327956217429],[-0.20788832238165114,36.436604472404866],[-0.20877833435090806,36.438395527595134]]],[[[-0.1904227764636177,36.44640011969257],[-0.1962354323931685,36.446861672554824],[-0.1935653964853978,36.44148850698402],[-0.1904227764636177,36.44640011969257]]]]},"properties":{"speed":0.1026,"dir_deg":63.6,"type":"ضعيف"}},{"type":"Feature","geometry":{"type":"MultiPolygon","coordinates":[[[[-0.16742273110853612,36.438154502918664],[-0.15760518732855686,36.4494953950409],[-0.15609306837892542,36.44818638920357],[-0.16591061215890468,36.436845497081336],[-0.16742273110853612,36.438154502918664]]],[[[-0.15357661326041472,36.45262118949631],[-0.1591173062781883,36.45080440087823],[-0.15458094942929398,36.446877383366235],[-0.15357661326041472,36.45262118949631]]]]},"properties":{"speed":0.1309,"dir_deg":40.9,"type":"ضعيف"}},{"type":"Feature","geometry":{"type":"MultiPolygon","coordinates":[[[[-0.12589632342779813,36.43794340084887],[-0.1192453106947216,36.45138825226584],[-0.11745266383912534,36.4505014505681],[-0.12410367657220187,36.43705659915113],[-0.12589632342779813,36.43794340084887]]],[[[-0.11613198302256462,36.45542646855596],[-0.12103795755031788,36.45227505396358],[-0.11566001698352907,36.44961464887036],[-0.11613198302256462,36.45542646855596]]]]},"properties":{"speed":0.1621,"dir_deg":26.3,"type":"ضعيف"}},{"type":"Feature","geometry":{"type":"MultiPolygon","coordinates":[[[[-0.08426784299535121,36.43785594428405],[-0.0789286787345825,36.45187355196142],[-0.07705966437760046,36.451161663393314],[-0.08239882863836918,36.43714405571595],[-0.08426784299535121,36.43785594428405]]],[[[-0.07621445013583523,36.45619014356982],[-0.08079769309156454,36.45258544052952],[-0.07519065002061842,36.450449774825216],[-0.07621445013583523,36.45619014356982]]]]},"properties":{"speed":0.1771,"dir_deg":20.9,"type":"متوسط"}},{"type":"Feature","geometry":{"type":"MultiPolygon","coordinates":[[[[-0.042623180270222674,36.43779169179237],[-0.038247803384622026,36.45213937721926],[-0.036334778661036876,36.45155599363452],[-0.040710155546637525,36.43720830820763],[-0.042623180270222674,36.43779169179237]]],[[[-0.03583283206096257,36.45663024723585],[-0.040160828108207175,36.45272276080401],[-0.03442175393745173,36.450972610049774],[-0.03583283206096257,36.45663024723585]]]]},"properties":{"speed":0.1679,"dir_deg":17.0,"type":"ضعيف"}},{"type":"Feature","geometry":{"type":"MultiPolygon","coordinates":[[[[-0.0009983252848370027,36.43755785002727],[-0.00013057487578989693,36.452532729299826],[0.0018660756938841086,36.45241702924529],[0.0009983252848370027,36.43744214997273],[-0.0009983252848370027,36.43755785002727]]],[[[0.0011570005453961413,36.45746650569674],[-0.0021272254454639027,36.45264842935437],[0.003862726263558114,36.452301329190746],[0.0011570005453961413,36.45746650569674]]]]},"properties":{"speed":0.2306,"dir_deg":3.3,"type":"متوسط"}},{"type":"Feature","geometry":{"type":"MultiPolygon","coordinates":[[[[0.04066692511451,36.43752267919762],[0.041007113078855864,36.45251882110642],[0.043006598666696066,36.45247346271118],[0.0426664107023502,36.43747732080238],[0.04066692511451,36.43752267919762]]],[[[0.04212025186089126,36.4574948558784],[0.039007627491015655,36.45256417950167],[0.045006084254536276,36.452428104315935],[0.04212025186089126,36.4574948558784]]]]},"properties":{"speed":0.4146,"dir_deg":1.3,"type":"قوي"}},{"type":"Feature","geometry":{"type":"MultiPolygon","coordinates":[[[[0.08233347811764799,36.437516869538406],[0.08258652119375325,36.45251473502659],[0.08458623659217766,36.45248099594978],[0.08433319351607241,36.437483130461594],[0.08233347811764799,36.437516869538406]]],[[[0.08367072658500053,36.45749715398424],[0.08058680579532883,36.4525484741034],[0.08658595199060208,36.452447256872965],[0.08367072658500053,36.45749715398424]]]]},"properties":{"speed":0.4998,"dir_deg":1.0,"type":"قوي"}},{"type":"Feature","geometry":{"type":"MultiPolygon","coordinates":[[[[0.12400188620388142,36.43743860903977],[0.12308102180045727,36.45241031598155],[0.12507724939269443,36.452533097902005],[0.12599811379611858,36.43756139096023],[0.12400188620388142,36.43743860903977]]],[[[0.12377218079543446,36.457462275922374],[0.1210847942082201,36.45228753406109],[0.1270734769849316,36.452655879822466],[0.12377218079543446,36.457462275922374]]]]},"properties":{"speed":0.4361,"dir_deg":356.5,"type":"قوي"}},{"type":"Feature","geometry":{"type":"MultiPolygon","coordinates":[[[[0.165688861475573,36.437290507053525],[0.16254646727841426,36.45195765942574],[0.16450208759470908,36.45237664531869],[0.1676444817918678,36.437709492946475],[0.165688861475573,36.437290507053525]]],[[[0.16247681270417544,36.45705620316295],[0.16059084696211942,36.45153867353278],[0.16645770791100392,36.45279563121164],[0.16247681270417544,36.45705620316295]]]]},"properties":{"speed":0.2722,"dir_deg":347.9,"type":"متوسط"}},{"type":"Feature","geometry":{"type":"MultiPolygon","coordinates":[[[[0.20766814845722148,36.43675331687538],[0.19646790158799018,36.446731015511254],[0.19779826140610643,36.44822438176049],[0.20899850827533772,36.43824668312462],[0.20766814845722148,36.43675331687538]]],[[[0.19339966587397123,36.45080359818116],[0.19513754176987397,36.445237649262026],[0.19912862122422265,36.44971774800972],[0.19339966587397123,36.45080359818116]]]]},"properties":{"speed":0.1939,"dir_deg":311.7,"type":"متوسط"}},{"type":"Feature","geometry":{"type":"MultiPolygon","coordinates":[[[[0.2496001060479448,36.436583438585195],[0.23585168482586716,36.44258184786602],[0.23665147272997755,36.44441497069563],[0.2503998939520552,36.438416561414805],[0.2496001060479448,36.436583438585195]]],[[[0.2316687717038965,36.445497879041106],[0.23505189692175674,36.440748725036414],[0.23745126063408797,36.44624809352524],[0.2316687717038965,36.445497879041106]]]]},"properties":{"speed":0.2844,"dir_deg":293.6,"type":"متوسط"}},{"type":"Feature","geometry":{"type":"MultiPolygon","coordinates":[[[[0.29138504783950764,36.436540470724076],[0.27699210870065527,36.44076460411985],[0.2775553264867584,36.4426836626717],[0.29194826562561077,36.438459529275924],[0.29138504783950764,36.436540470724076]]],[[[0.27247607121408934,36.44313217786103],[0.2764288909145521,36.438845545568],[0.2781185442728616,36.444602721223546],[0.27247607121408934,36.44313217786103]]]]},"properties":{"speed":0.3276,"dir_deg":286.4,"type":"متوسط"}},{"type":"Feature","geometry":{"type":"MultiPolygon","coordinates":[[[[0.33312615619391023,36.43652169865759],[0.31845163605775534,36.43962950476055],[0.3188660102048165,36.44158610744537],[0.33354053034097136,36.43847830134241],[0.33312615619391023,36.43652169865759]]],[[[0.3137673164192342,36.441643741470614],[0.31803726191069426,36.43767290207573],[0.31928038435187756,36.44354271013019],[0.3137673164192342,36.441643741470614]]]]},"properties":{"speed":0.3234,"dir_deg":282.0,"type":"متوسط"}},{"type":"Feature","geometry":{"type":"MultiPolygon","coordinates":[[[[0.3749025954326484,36.43650475513051],[0.35997392239020126,36.43796582364078],[0.3601687315249044,36.43995631337977],[0.3750974045673516,36.43849524486949],[0.3749025954326484,36.43650475513051]]],[[[0.3550951026100705,36.43944809134703],[0.35977911325549816,36.43597533390179],[0.3603635406596075,36.44194680311876],[0.3550951026100705,36.43944809134703]]]]},"properties":{"speed":0.2932,"dir_deg":275.6,"type":"متوسط"}},{"type":"Feature","geometry":{"type":"MultiPolygon","coordinates":[[[[0.41681680479419647,36.43651133647808],[0.40198685196531064,36.434259115553516],[0.4016865558420361,36.43623644259736],[0.41651650867092194,36.43848866352192],[0.41681680479419647,36.43651133647808]]],[[[0.3968933862940448,36.434497038767255],[0.4022871480885852,36.43228178850966],[0.4013862597187616,36.438213769641216],[0.3968933862940448,36.434497038767255]]]]},"properties":{"speed":0.2611,"dir_deg":261.4,"type":"متوسط"}},{"type":"Feature","geometry":{"type":"MultiPolygon","coordinates":[[[[0.4588402224982589,36.436637982920494],[0.44590996630562374,36.429034794458225],[0.44489620784398753,36.430758828617236],[0.4578264640366227,36.438362017079506],[0.4588402224982589,36.436637982920494]]],[[[0.4410930016772606,36.42736241538364],[0.44692372476725994,36.42731076029921],[0.44388244938235133,36.432482862776254],[0.4410930016772606,36.42736241538364]]]]},"properties":{"speed":0.2534,"dir_deg":239.5,"type":"متوسط"}},{"type":"Feature","geometry":{"type":"MultiPolygon","coordinates":[[[[0.5007790348181397,36.43687301933672],[0.4913743248689515,36.42518749706463],[0.48981625523267214,36.42644145839118],[0.4992209651818603,36.43812698066328],[0.5007790348181397,36.43687301933672]]],[[[0.4874603867344158,36.4219193036372],[0.4929323945052309,36.423933535738065],[0.4882581855963927,36.42769541971774],[0.4874603867344158,36.4219193036372]]]]},"properties":{"speed":0.2701,"dir_deg":218.8,"type":"متوسط"}},{"type":"Feature","geometry":{"type":"MultiPolygon","coordinates":[[[[0.5426053830826701,36.437155255469705],[0.5374342151282118,36.423074807252874],[0.5355568220326347,36.423764296313465],[0.540727989987093,36.437844744530295],[0.5426053830826701,36.437155255469705]]],[[[0.5347717959289371,36.418726069044226],[0.5393116082237889,36.422385318192276],[0.5336794289370576,36.42445378537406],[0.5347717959289371,36.418726069044226]]]]},"properties":{"speed":0.289,"dir_deg":200.2,"type":"متوسط"}},{"type":"Feature","geometry":{"type":"MultiPolygon","coordinates":[[[[0.5843319101008198,36.43744704002298],[0.5835375104455156,36.42246809048746],[0.5815403171741129,36.4225740104415],[0.5823347168294171,36.43755295997702],[0.5843319101008198,36.43744704002298]]],[[[0.582274113924713,36.41752806728597],[0.5855347037169183,36.42236217053342],[0.5795431239027102,36.422679930395546],[0.582274113924713,36.41752806728597]]]]},"properties":{"speed":0.2622,"dir_deg":183.0,"type":"متوسط"}},{"type":"Feature","geometry":{"type":"MultiPolygon","coordinates":[[[[0.6259425615033289,36.43783403265176],[0.6309530512797403,36.423695610101824],[0.6290679282730824,36.42302754479831],[0.6240574384966711,36.43716596734824],[0.6259425615033289,36.43783403265176]]],[[[0.6316806530352153,36.41864876993342],[0.6328381742863981,36.424363675405345],[0.6271828052664247,36.42235947949479],[0.6316806530352153,36.41864876993342]]]]},"properties":{"speed":0.2399,"dir_deg":160.5,"type":"متوسط"}},{"type":"Feature","geometry":{"type":"MultiPolygon","coordinates":[[[[0.6672796336851665,36.43829012390861],[0.6791314923143206,36.42909591665433],[0.6779055980137507,36.42751566883712],[0.6660537393845967,36.43670987609139],[0.6672796336851665,36.43829012390861]]],[[[0.682469164707087,36.4252410569943],[0.6803573866148905,36.430676164471556],[0.6766797037131808,36.425935421019894],[0.682469164707087,36.4252410569943]]]]},"properties":{"speed":0.2124,"dir_deg":127.8,"type":"متوسط"}},{"type":"Feature","geometry":{"type":"MultiPolygon","coordinates":[[[[0.7085919896121493,36.43846596410438],[0.7230814511779007,36.43458582189892],[0.7225640988838389,36.43265389369016],[0.7080746373180875,36.43653403589562],[0.7085919896121493,36.43846596410438]]],[[[0.7276525955527868,36.432326477059384],[0.7235988034719624,36.43651775010769],[0.7220467465897772,36.43072196548139],[0.7276525955527868,36.432326477059384]]]]},"properties":{"speed":0.2415,"dir_deg":105.0,"type":"متوسط"}},{"type":"Feature","geometry":{"type":"MultiPolygon","coordinates":[[[[0.7497767156264741,36.43847475334754],[0.7643980158395642,36.44182401895043],[0.7648445845866161,36.439874512255344],[0.7502232843735259,36.43652524665246],[0.7497767156264741,36.43847475334754]]],[[[0.769495066950787,36.441965687470514],[0.7639514470925125,36.443773525645504],[0.7652911533336678,36.43792500556027],[0.769495066950787,36.441965687470514]]]]},"properties":{"speed":0.2969,"dir_deg":77.1,"type":"متوسط"}},{"type":"Feature","geometry":{"type":"MultiPolygon","coordinates":[[[[0.7912810784161524,36.43842266265708],[0.8051210182723536,36.44420678443802],[0.8058922345098121,36.44236145912386],[0.7920522946536108,36.43657733734292],[0.7912810784161524,36.43842266265708]]],[[[0.8101199396764832,36.44521216237459],[0.804349802034895,36.44605210975218],[0.8066634507472706,36.4405161338097],[0.8101199396764832,36.44521216237459]]]]},"properties":{"speed":0.365,"dir_deg":67.3,"type":"قوي"}},{"type":"Feature","geometry":{"type":"MultiPolygon","coordinates":[[[[0.8328347423266138,36.43836684878719],[0.8458374741344421,36.44584541586476],[0.8468346164114513,36.44411171829038],[0.833831884603623,36.43663315121281],[0.8328347423266138,36.43836684878719]]],[[[0.8506702892088894,36.44747142277009],[0.844840331857433,36.44757911343913],[0.8478317586884604,36.442378020716006],[0.8506702892088894,36.44747142277009]]]]},"properties":{"speed":0.4027,"dir_deg":60.1,"type":"قوي"}},{"type":"Feature","geometry":{"type":"MultiPolygon","coordinates":[[[[0.8743477325152955,36.438257988870895],[0.8857175655786876,36.44804200114146],[0.8870221005480966,36.44652602339967],[0.8756522674847045,36.436742011129105],[0.8743477325152955,36.438257988870895]]],[[[0.8901597774178562,36.45054534969409],[0.8844130306092788,36.44955797888324],[0.8883266355175055,36.44501004565789],[0.8901597774178562,36.45054534969409]]]]},"properties":{"speed":0.3862,"dir_deg":49.3,"type":"قوي"}},{"type":"Feature","geometry":{"type":"MultiPolygon","coordinates":[[[[0.9158533607536483,36.43808180853688],[0.924580488806782,36.45028169525538],[0.9262071403692486,36.44911807818162],[0.9174800123161149,36.43691819146312],[0.9158533607536483,36.43808180853688]]],[[[0.9283028572723933,36.453766515624665],[0.9229538372443155,36.45144531232913],[0.9278337919317151,36.44795446110787],[0.9283028572723933,36.453766515624665]]]]},"properties":{"speed":0.4197,"dir_deg":35.6,"type":"قوي"}},{"type":"Feature","geometry":{"type":"MultiPolygon","coordinates":[[[[-0.4156669890627881,36.47919371710002],[-0.4152803060488858,36.46419870205345],[-0.417279641388428,36.46414714431826],[-0.4176663244023303,36.47914215936483],[-0.4156669890627881,36.47919371710002]]],[[[-0.41615107938068946,36.459174584837],[-0.41328097070934355,36.464250259788635],[-0.4192789767279702,36.46409558658308],[-0.41615107938068946,36.459174584837]]]]},"properties":{"speed":0.1833,"dir_deg":178.5,"type":"متوسط"}},{"type":"Feature","geometry":{"type":"MultiPolygon","coordinates":[[[[-0.3740314366986985,36.47941670545569],[-0.3702999283496951,36.46488825593617],[-0.37223705495229814,36.46439072148963],[-0.3759685633013015,36.47891917100915],[-0.3740314366986985,36.47941670545569]]],[[[-0.37002465553466213,36.459796672206394],[-0.3683628017470921,36.4653857903827],[-0.3741741815549012,36.4638931870431],[-0.37002465553466213,36.459796672206394]]]]},"properties":{"speed":0.1636,"dir_deg":165.6,"type":"ضعيف"}},{"type":"Feature","geometry":{"type":"MultiPolygon","coordinates":[[[[-0.3324815922800696,36.47969188503842],[-0.32462239019014605,36.46691562022785],[-0.3263258921648884,36.465867726615855],[-0.33418509425481197,36.478643991426424],[-0.3324815922800696,36.47969188503842]]],[[[-0.3228544071475427,36.462132918485],[-0.32291888821540377,36.46796351383984],[-0.32802939413963067,36.464819833003865],[-0.3228544071475427,36.462132918485]]]]},"properties":{"speed":0.1358,"dir_deg":148.4,"type":"ضعيف"}},{"type":"Feature","geometry":{"type":"MultiPolygon","coordinates":[[[[-0.29117093461607163,36.48003641942579],[-0.278143716715628,36.47260058767847],[-0.27913516094860313,36.47086362529174],[-0.2921623788490468,36.47829945703906],[-0.29117093461607163,36.48003641942579]]],[[[-0.274297032865301,36.46925349590267],[-0.2771522724826528,36.474337550065194],[-0.28012660518157834,36.46912666290502],[-0.274297032865301,36.46925349590267]]]]},"properties":{"speed":0.1041,"dir_deg":119.7,"type":"ضعيف"}},{"type":"Feature","geometry":{"type":"MultiPolygon","coordinates":[[[[-0.25023634824343155,36.480139606646965],[-0.23566132202523785,36.48368483029844],[-0.23518862553837475,36.48174149346935],[-0.24976365175656845,36.47819626981788],[-0.25023634824343155,36.480139606646965]]],[[[-0.23056663170907504,36.48389490310105],[-0.23613401851210097,36.48562816712753],[-0.23471592905151162,36.47979815664026],[-0.23056663170907504,36.48389490310105]]]]},"properties":{"speed":0.1022,"dir_deg":76.3,"type":"ضعيف"}},{"type":"Feature","geometry":{"type":"MultiPolygon","coordinates":[[[[-0.20902237731640907,36.47989265303448],[-0.19815165528550274,36.49022838728642],[-0.1967735573852438,36.4887789576823],[-0.20764427941615013,36.47844322343036],[-0.20902237731640907,36.47989265303448]]],[[[-0.19383903232507116,36.49294891723501],[-0.1995297531857617,36.491677816890544],[-0.19539545948498485,36.48732952807818],[-0.19383903232507116,36.49294891723501]]]]},"properties":{"speed":0.1244,"dir_deg":46.4,"type":"ضعيف"}},{"type":"Feature","geometry":{"type":"MultiPolygon","coordinates":[[[[-0.16759330593173696,36.479543902163854],[-0.16195384696022574,36.4934434166341],[-0.16010057836419261,36.492691488771236],[-0.16574003733570383,36.47879197430099],[-0.16759330593173696,36.479543902163854]]],[[[-0.15914739300503877,36.49770062419275],[-0.16380711555625885,36.49419534449697],[-0.1582473097681595,36.491939560908364],[-0.15914739300503877,36.49770062419275]]]]},"properties":{"speed":0.1456,"dir_deg":22.1,"type":"ضعيف"}},{"type":"Feature","geometry":{"type":"MultiPolygon","coordinates":[[[[-0.12599328207363328,36.479283656520515],[-0.12425750775226264,36.494182887625016],[-0.12227094360499612,36.49395145104883],[-0.12400671792636674,36.47905221994433],[-0.12599328207363328,36.479283656520515]]],[[[-0.1226856342381725,36.499033579705085],[-0.1262440718995292,36.494414324201195],[-0.12028437945772959,36.49372001447265],[-0.1226856342381725,36.499033579705085]]]]},"properties":{"speed":0.1839,"dir_deg":6.6,"type":"متوسط"}},{"type":"Feature","geometry":{"type":"MultiPolygon","coordinates":[[[[-0.08432857873754902,36.47926536270994],[-0.08286721157484553,36.49419400652027],[-0.08087672573346788,36.493999157565234],[-0.08233809289617137,36.479070513754905],[-0.08432857873754902,36.47926536270994]]],[[[-0.08138484626658887,36.499072796646196],[-0.08485769741622316,36.49438885547529],[-0.07888623989209025,36.49380430861021],[-0.08138484626658887,36.499072796646196]]]]},"properties":{"speed":0.1936,"dir_deg":5.6,"type":"متوسط"}},{"type":"Feature","geometry":{"type":"MultiPolygon","coordinates":[[[[-0.04266665482197134,36.47916282230179],[-0.042743393781478956,36.49416262600491],[-0.04074341995439647,36.494172857866175],[-0.040666680994888856,36.479173054163056],[-0.04266665482197134,36.47916282230179]]],[[[-0.041768986521106916,36.49916767650325],[-0.04474336760856145,36.49415239414364],[-0.03874344612731397,36.49418308972744],[-0.041768986521106916,36.49916767650325]]]]},"properties":{"speed":0.1806,"dir_deg":359.7,"type":"متوسط"}},{"type":"Feature","geometry":{"type":"MultiPolygon","coordinates":[[[[-0.000991154171536784,36.479035222716206],[-0.002981886914819285,36.49390253528926],[-0.0009995785717457168,36.49416796632169],[0.000991154171536784,36.47930065374864],[-0.000991154171536784,36.479035222716206]]],[[[-0.002654310324376668,36.49899102166316],[-0.004964195257892852,36.49363710425682],[0.0009827297713278509,36.49443339735413],[-0.002654310324376668,36.49899102166316]]]]},"properties":{"speed":0.2893,"dir_deg":352.4,"type":"متوسط"}},{"type":"Feature","geometry":{"type":"MultiPolygon","coordinates":[[[[0.04066921324968751,36.47909663462976],[0.039599659209744655,36.4940584545109],[0.041594568527229835,36.49420106171622],[0.04266412256717269,36.47923924183508],[0.04066921324968751,36.47909663462976]]],[[[0.040240595855172964,36.49911703140727],[0.037604749892259474,36.49391584730557],[0.043589477844715015,36.494343668921545],[0.040240595855172964,36.49911703140727]]]]},"properties":{"speed":0.4493,"dir_deg":355.9,"type":"قوي"}},{"type":"Feature","geometry":{"type":"MultiPolygon","coordinates":[[[[0.08233873716942328,36.47906414261345],[0.0807818028849263,36.493983122325005],[0.08277100017980014,36.49419071356294],[0.08432793446429712,36.47927173385139],[0.08233873716942328,36.47906414261345]]],[[[0.08125742343753091,36.49905991118116],[0.07879260559005244,36.493775531087074],[0.084760197474674,36.494398304800875],[0.08125742343753091,36.49905991118116]]]]},"properties":{"speed":0.4879,"dir_deg":354.0,"type":"قوي"}},{"type":"Feature","geometry":{"type":"MultiPolygon","coordinates":[[[[0.12402502571265163,36.47894562057903],[0.12069026091177837,36.49357023488926],[0.12264020948647511,36.49401487019604],[0.12597497428734838,36.47939025588581],[0.12402502571265163,36.47894562057903]]],[[[0.12055364693216898,36.49866742397939],[0.11874031233708161,36.49312559958248],[0.12459015806117187,36.494459505502824],[0.12055364693216898,36.49866742397939]]]]},"properties":{"speed":0.4042,"dir_deg":347.2,"type":"قوي"}},{"type":"Feature","geometry":{"type":"MultiPolygon","coordinates":[[[[0.16578944837986467,36.47868785556986],[0.15858820844140092,36.491846204377694],[0.16034265494911237,36.49280636970282],[0.16754389488757612,36.479648020894984],[0.16578944837986467,36.47868785556986]]],[[[0.1570650183824354,36.49671240330954],[0.15683376193368948,36.49088603905256],[0.16209710145682382,36.49376653502795],[0.1570650183824354,36.49671240330954]]]]},"properties":{"speed":0.2863,"dir_deg":331.3,"type":"متوسط"}},{"type":"Feature","geometry":{"type":"MultiPolygon","coordinates":[[[[0.20774863002190874,36.478356687441305],[0.19557986815513503,36.48712716260687],[0.19674926484387675,36.4887496641891],[0.20891802671065046,36.47997918902354],[0.20774863002190874,36.478356687441305]]],[[[0.19210831254391464,36.490861905119836],[0.19441047146639334,36.48550466102463],[0.19791866153261845,36.49037216577134],[0.19210831254391464,36.490861905119836]]]]},"properties":{"speed":0.303,"dir_deg":305.8,"type":"متوسط"}},{"type":"Feature","geometry":{"type":"MultiPolygon","coordinates":[[[[0.24952763135167735,36.478286537154545],[0.23630661518353005,36.485372066879385],[0.23725135248017534,36.48713486903514],[0.2504723686483227,36.4800493393103],[0.24952763135167735,36.478286537154545]]],[[[0.23237197844247026,36.48861531119888],[0.23536187788688476,36.48360926472363],[0.23819608977682064,36.48889767119089],[0.23237197844247026,36.48861531119888]]]]},"properties":{"speed":0.3654,"dir_deg":298.2,"type":"قوي"}},{"type":"Feature","geometry":{"type":"MultiPolygon","coordinates":[[[[0.29131166137336123,36.478233070169566],[0.27728864043052315,36.48355800055754],[0.2779986311489191,36.48542773668325],[0.2920216520917572,36.48010280629528],[0.29131166137336123,36.478233070169566]]],[[[0.2729692954754418,36.48626784541638],[0.27657864971212714,36.481688264431824],[0.2787086218673151,36.48729747280896],[0.2729692954754418,36.48626784541638]]]]},"properties":{"speed":0.3435,"dir_deg":290.8,"type":"قوي"}},{"type":"Feature","geometry":{"type":"MultiPolygon","coordinates":[[[[0.33312487505071875,36.47818990909041],[0.3184544379206002,36.481316932341244],[0.3188713743540443,36.48327299062527],[0.33354181148416284,36.48014596737443],[0.33312487505071875,36.47818990909041]]],[[[0.3137727604272827,36.483337302566866],[0.31803750148715604,36.47936087405723],[0.3192883107874884,36.48522904890928],[0.3137727604272827,36.483337302566866]]]]},"properties":{"speed":0.2893,"dir_deg":282.0,"type":"متوسط"}},{"type":"Feature","geometry":{"type":"MultiPolygon","coordinates":[[[[0.37507449128626624,36.47817071656786],[0.3601161663178468,36.477053347273866],[0.35996718374531433,36.47904779060299],[0.37492550871373376,36.480165159896984],[0.37507449128626624,36.47817071656786]]],[[[0.3550555667087741,36.4776781125071],[0.36026514889037925,36.47505890394474],[0.3598182011727819,36.481042233932115],[0.3550555667087741,36.4776781125071]]]]},"properties":{"speed":0.2364,"dir_deg":265.7,"type":"متوسط"}},{"type":"Feature","geometry":{"type":"MultiPolygon","coordinates":[[[[0.4171673285993114,36.478302301078735],[0.40418277129401,36.47079222307745],[0.4031814275605056,36.47252349738483],[0.416165984865807,36.48003357538611],[0.4171673285993114,36.478302301078735]]],[[[0.399353913658824,36.46915450089738],[0.4051841150275143,36.46906094877008],[0.4021800838270013,36.4742547716922],[0.399353913658824,36.46915450089738]]]]},"properties":{"speed":0.2277,"dir_deg":240.0,"type":"متوسط"}},{"type":"Feature","geometry":{"type":"MultiPolygon","coordinates":[[[[0.45914661777613575,36.47858605802696],[0.4504184146942253,36.46638694039654],[0.4487918656768354,36.46755070080746],[0.45752006875874585,36.47974981843788],[0.45914661777613575,36.47858605802696]]],[[[0.44669573915822686,36.46290244805852],[0.4520449637116152,36.465223179985614],[0.4471653166594455,36.46871446121838],[0.44669573915822686,36.46290244805852]]]]},"properties":{"speed":0.2742,"dir_deg":215.6,"type":"متوسط"}},{"type":"Feature","geometry":{"type":"MultiPolygon","coordinates":[[[[0.5009379382965811,36.47882113605278],[0.4957359056019037,36.46475206160407],[0.4938600290087416,36.46544566596335],[0.49906206170341894,36.479514740412064],[0.5009379382965811,36.47882113605278]]],[[[0.4930639564070969,36.4604091723008],[0.4976117821950658,36.464058457244775],[0.4919841524155795,36.46613927032264],[0.4930639564070969,36.4604091723008]]]]},"properties":{"speed":0.3301,"dir_deg":200.3,"type":"متوسط"}},{"type":"Feature","geometry":{"type":"MultiPolygon","coordinates":[[[[0.5426592161613727,36.47904593437782],[0.540829158342366,36.46415798998046],[0.5388440990893838,36.464401997689656],[0.5406741569083905,36.47928994208702],[0.5426592161613727,36.47904593437782]]],[[[0.5392266094428727,36.4593173457026],[0.5428142175953483,36.46391398227126],[0.5368590398364015,36.464646005398855],[0.5392266094428727,36.4593173457026]]]]},"properties":{"speed":0.3684,"dir_deg":187.0,"type":"قوي"}},{"type":"Feature","geometry":{"type":"MultiPolygon","coordinates":[[[[0.5843257979825952,36.479290308500744],[0.5861613520074099,36.464403040738596],[0.5841763829724563,36.46415830020195],[0.5823408289476416,36.4790455679641],[0.5843257979825952,36.479290308500744]]],[[[0.585780718831538,36.459318247882884],[0.5881463210423634,36.46464778127524],[0.5821914139375028,36.46391355966531],[0.585780718831538,36.459318247882884]]]]},"properties":{"speed":0.3392,"dir_deg":173.0,"type":"قوي"}},{"type":"Feature","geometry":{"type":"MultiPolygon","coordinates":[[[[0.6259198762564843,36.47956014694313],[0.631803006917129,36.46576200309587],[0.6299632544041605,36.464977585674454],[0.6240801237435157,36.478775729521715],[0.6259198762564843,36.47956014694313]]],[[[0.632844174214193,36.460770413102736],[0.6336427594300975,36.46654642051729],[0.6281235018911919,36.46419316825303],[0.632844174214193,36.460770413102736]]]]},"properties":{"speed":0.2964,"dir_deg":156.9,"type":"متوسط"}},{"type":"Feature","geometry":{"type":"MultiPolygon","coordinates":[[[[0.6673771043699057,36.479871718382526],[0.677933806621458,36.46921545085716],[0.6765129709514097,36.467807890556955],[0.6659562686998575,36.47846415808232],[0.6673771043699057,36.479871718382526]]],[[[0.6807422895369512,36.46495958153194],[0.6793546422915061,36.47062301115737],[0.6750921352813616,36.46640033025675],[0.6807422895369512,36.46495958153194]]]]},"properties":{"speed":0.2437,"dir_deg":135.3,"type":"متوسط"}},{"type":"Feature","geometry":{"type":"MultiPolygon","coordinates":[[[[0.7087625022842023,36.480071153022806],[0.7223107241400033,36.473633320736546],[0.7214523465018354,36.47182689115578],[0.7079041246460345,36.47826472344204],[0.7087625022842023,36.480071153022806]]],[[[0.726397609272853,36.470584161850745],[0.7231691017781712,36.47543975031732],[0.7205939688636676,36.470020461575004],[0.726397609272853,36.470584161850745]]]]},"properties":{"speed":0.2374,"dir_deg":115.4,"type":"متوسط"}},{"type":"Feature","geometry":{"type":"MultiPolygon","coordinates":[[[[0.7499770922703738,36.480167675815956],[0.764973156023331,36.48051129176035],[0.7650189714825835,36.47851181659328],[0.7500229077296262,36.47816820064889],[0.7499770922703738,36.480167675815956]]],[[[0.7699947516706097,36.479626092824944],[0.7649273405640785,36.48251076692741],[0.765064786941836,36.47651234142622],[0.7699947516706097,36.479626092824944]]]]},"properties":{"speed":0.2489,"dir_deg":88.7,"type":"متوسط"}},{"type":"Feature","geometry":{"type":"MultiPolygon","coordinates":[[[[0.7914550982272724,36.480145297116394],[0.806115481486884,36.48331912173053],[0.8065386581021022,36.48136440396259],[0.7918782748424907,36.47819057934845],[0.7914550982272724,36.480145297116394]]],[[[0.8112138642143636,36.4833997043846],[0.8056923048716657,36.48527383949848],[0.8069618347173205,36.479409686194636],[0.8112138642143636,36.4833997043846]]]]},"properties":{"speed":0.3107,"dir_deg":77.8,"type":"متوسط"}},{"type":"Feature","geometry":{"type":"MultiPolygon","coordinates":[[[[0.8328611470634397,36.48004944767033],[0.8460837886321019,36.48713194369551],[0.8470281214354592,36.48536892481969],[0.8338054798667971,36.47828642879451],[0.8328611470634397,36.48004944767033]]],[[[0.8509635022233346,36.488611266266],[0.8451394558287446,36.48889496257133],[0.8479724542388165,36.48360590594387],[0.8509635022233346,36.488611266266]]]]},"properties":{"speed":0.3826,"dir_deg":61.8,"type":"قوي"}},{"type":"Feature","geometry":{"type":"MultiPolygon","coordinates":[[[[0.874440946247464,36.47999706964648],[0.8868779174583129,36.48838287593452],[0.8879960249633848,36.486724613106404],[0.875559053752536,36.478338806818364],[0.874440946247464,36.47999706964648]]],[[[0.8915826282811319,36.490349013283144],[0.885759809953241,36.49004113876263],[0.8891141324684567,36.485066350278295],[0.8915826282811319,36.490349013283144]]]]},"properties":{"speed":0.4628,"dir_deg":56.0,"type":"قوي"}},{"type":"Feature","geometry":{"type":"MultiPolygon","coordinates":[[[[0.9159768508711066,36.47989190422402],[0.926836340745011,36.49023943918064],[0.928216012072561,36.48879150719745],[0.9173565221986566,36.478443972240825],[0.9159768508711066,36.47989190422402]]],[[[0.9311460063667542,36.49296465150792],[0.9254566694174611,36.49168737116383],[0.9295956834001109,36.48734357521426],[0.9311460063667542,36.49296465150792]]]]},"properties":{"speed":0.5348,"dir_deg":46.4,"type":"قوي"}},{"type":"Feature","geometry":{"type":"MultiPolygon","coordinates":[[[[0.957489739562345,36.47970495133334],[0.9655449360761419,36.492358559874944],[0.9672320838816888,36.49128453367311],[0.9591768873678919,36.478630925131505],[0.957489739562345,36.47970495133334]]],[[[0.9690735754835142,36.49603941628789],[0.9638577882705949,36.493432586076786],[0.9689192316872358,36.49021050747127],[0.9690735754835142,36.49603941628789]]]]},"properties":{"speed":0.4033,"dir_deg":32.5,"type":"قوي"}},{"type":"Feature","geometry":{"type":"MultiPolygon","coordinates":[[[[0.9990486190654335,36.4794759549809],[1.0036688702926149,36.49374666899939],[1.0055716321617478,36.49313063550244],[1.0009513809345665,36.478859921483945],[0.9990486190654335,36.4794759549809]]],[[[1.0061603349695754,36.498195556923754],[1.001766108423482,36.49436270249635],[1.0074743940308808,36.49251460200548],[1.0061603349695754,36.498195556923754]]]]},"properties":{"speed":0.3157,"dir_deg":17.9,"type":"متوسط"}},{"type":"Feature","geometry":{"type":"MultiPolygon","coordinates":[[[[-0.41567329131247455,36.520717061149405],[-0.4173983005850622,36.50581657984814],[-0.41938503142523154,36.50604658108448],[-0.41766002215264386,36.52094706238575],[-0.41567329131247455,36.520717061149405]]],[[[-0.4189666690960094,36.500964753365885],[-0.41541156974489296,36.50558657861179],[-0.4213717622654008,36.50627658232083],[-0.4189666690960094,36.500964753365885]]]]},"properties":{"speed":0.1821,"dir_deg":186.6,"type":"متوسط"}},{"type":"Feature","geometry":{"type":"MultiPolygon","coordinates":[[[[-0.3740047025278386,36.52092892735439],[-0.37255171872560533,36.50599946527197],[-0.3745423136699282,36.505805734098345],[-0.3759952974721614,36.520735196180766],[-0.3740047025278386,36.52092892735439]]],[[[-0.373062688263689,36.50092611232435],[-0.37056112378128253,36.5061931964456],[-0.376532908614251,36.505612002924714],[-0.373062688263689,36.50092611232435]]]]},"properties":{"speed":0.1405,"dir_deg":174.4,"type":"ضعيف"}},{"type":"Feature","geometry":{"type":"MultiPolygon","coordinates":[[[[-0.33248054265375526,36.5213542984125],[-0.32464699297995137,36.50856228920721],[-0.32635259420732243,36.507517815917375],[-0.33418614388112633,36.52030982512266],[-0.33248054265375526,36.5213542984125]]],[[[-0.32288861036903554,36.503776049493865],[-0.3229413917525803,36.50960676249706],[-0.3280581954346935,36.50647334262753],[-0.32288861036903554,36.503776049493865]]]]},"properties":{"speed":0.0979,"dir_deg":148.5,"type":"ضعيف"}},{"type":"Feature","geometry":{"type":"MultiPolygon","coordinates":[[[[-0.29150377771101016,36.52181870781573],[-0.2767040869886902,36.519375522492496],[-0.2770298450317883,36.517402230396186],[-0.29182953575410825,36.51984541571942],[-0.29150377771101016,36.52181870781573]]],[[[-0.2719337357694659,36.517574481336595],[-0.27637832894559206,36.521348814588805],[-0.27735560307488644,36.51542893829988],[-0.2719337357694659,36.517574481336595]]]]},"properties":{"speed":0.0805,"dir_deg":99.4,"type":"ضعيف"}},{"type":"Feature","geometry":{"type":"MultiPolygon","coordinates":[[[[-0.25056154681430926,36.521659506735745],[-0.23814987229185672,36.53008270895038],[-0.23702677866323815,36.52842781901405],[-0.24943845318569072,36.52000461679941],[-0.25056154681430926,36.521659506735745]]],[[[-0.2334511006367299,36.53206299805376],[-0.23927296592047526,36.53173759888671],[-0.23590368503461961,36.52677292907772],[-0.2334511006367299,36.53206299805376]]]]},"properties":{"speed":0.1061,"dir_deg":55.8,"type":"ضعيف"}},{"type":"Feature","geometry":{"type":"MultiPolygon","coordinates":[[[[-0.20920097589113582,36.52132924158677],[-0.20174327860326946,36.534343954459615],[-0.20000798355355703,36.53334959482123],[-0.2074656808414234,36.520334881948386],[-0.20920097589113582,36.52132924158677]]],[[[-0.19838973198245782,36.538185012264705],[-0.2034785736529819,36.535338314098],[-0.1982726885038446,36.53235523518285],[-0.19838973198245782,36.538185012264705]]]]},"properties":{"speed":0.133,"dir_deg":29.8,"type":"ضعيف"}},{"type":"Feature","geometry":{"type":"MultiPolygon","coordinates":[[[[-0.1676618661639205,36.52092997931994],[-0.16619310287855246,36.53585789727294],[-0.16420271381815224,36.53566206216822],[-0.1656714771035203,36.52073414421522],[-0.1676618661639205,36.52092997931994]]],[[[-0.16470832058656298,36.540735952371584],[-0.1681834919389527,36.53605373237765],[-0.162212324757752,36.53546622706351],[-0.16470832058656298,36.540735952371584]]]]},"properties":{"speed":0.1675,"dir_deg":5.6,"type":"ضعيف"}},{"type":"Feature","geometry":{"type":"MultiPolygon","coordinates":[[[[-0.12599770532905585,36.52076435596005],[-0.12701329244203555,36.53572993589589],[-0.12501788178392384,36.53586534751095],[-0.12400229467094415,36.52089976757511],[-0.12599770532905585,36.52076435596005]]],[[[-0.12635411615063957,36.540786168348696],[-0.12900870310014725,36.535594524280825],[-0.12302247112581215,36.53600075912601],[-0.12635411615063957,36.540786168348696]]]]},"properties":{"speed":0.2159,"dir_deg":356.1,"type":"متوسط"}},{"type":"Feature","geometry":{"type":"MultiPolygon","coordinates":[[[[-0.0843320899810272,36.5207821606698],[-0.0850806064476398,36.535763473132306],[-0.0830830981193058,36.535863275327856],[-0.0823345816526932,36.52088196286535],[-0.0843320899810272,36.5207821606698]]],[[[-0.08433135777234367,36.54080714505092],[-0.08707811477597381,36.535663670936756],[-0.08108558979097179,36.535963077523405],[-0.08433135777234367,36.54080714505092]]]]},"properties":{"speed":0.223,"dir_deg":357.1,"type":"متوسط"}},{"type":"Feature","geometry":{"type":"MultiPolygon","coordinates":[[[[-0.04265411092013229,36.52067408614085],[-0.0450237453210713,36.535485731316385],[-0.043048859297666914,36.53580168256984],[-0.04067922489672791,36.520990037394306],[-0.04265411092013229,36.52067408614085]]],[[[-0.04482618044301544,36.540580922001624],[-0.04699863134447568,36.53516978006292],[-0.04107397327426253,36.5361176338233],[-0.04482618044301544,36.540580922001624]]]]},"properties":{"speed":0.2455,"dir_deg":350.9,"type":"متوسط"}},{"type":"Feature","geometry":{"type":"MultiPolygon","coordinates":[[[[-0.0009827757091602624,36.520647259425914],[-0.0037548108341221194,36.53538889506332],[-0.0017892594158015948,36.53575849974665],[0.0009827757091602624,36.52101686410924],[-0.0009827757091602624,36.520647259425914]]],[[[-0.0036960468332824766,36.540487575950785],[-0.005720362252442645,36.53501929037999],[0.0001762920025189297,36.53612810442998],[-0.0036960468332824766,36.540487575950785]]]]},"properties":{"speed":0.3772,"dir_deg":349.4,"type":"قوي"}},{"type":"Feature","geometry":{"type":"MultiPolygon","coordinates":[[[[0.04068060861434612,36.52066566745112],[0.03818469386742715,36.53545655686238],[0.0401568124555951,36.535789345495296],[0.042652727202514076,36.52099845608404],[0.04068060861434612,36.52066566745112]]],[[[0.038338781579204805,36.54055324764926],[0.036212575279259196,36.535123768229454],[0.04212893104376306,36.53612213412822],[0.038338781579204805,36.54055324764926]]]]},"properties":{"speed":0.4859,"dir_deg":350.4,"type":"قوي"}},{"type":"Feature","geometry":{"type":"MultiPolygon","coordinates":[[[[0.08236666971490135,36.52057602144395],[0.07852606486047721,36.535076012973335],[0.08045939706439491,36.53558809362059],[0.08430000191881905,36.521088102091205],[0.08236666971490135,36.52057602144395]]],[[[0.07821252934429467,36.54016538380675],[0.0765927326565595,36.53456393232608],[0.08239272926831262,36.536100174267844],[0.07821252934429467,36.54016538380675]]]]},"properties":{"speed":0.4893,"dir_deg":345.2,"type":"قوي"}},{"type":"Feature","geometry":{"type":"MultiPolygon","coordinates":[[[[0.12407573682480842,36.520450305846886],[0.11834939801440113,36.53431425347476],[0.12019792436478428,36.535077765316146],[0.12592426317519156,36.52121381768827],[0.12407573682480842,36.520450305846886]]],[[[0.11736488158612361,36.53931732527141],[0.11650087166401797,36.53355074163337],[0.12204645071516744,36.53584127715754],[0.11736488158612361,36.53931732527141]]]]},"properties":{"speed":0.3953,"dir_deg":337.6,"type":"قوي"}},{"type":"Feature","geometry":{"type":"MultiPolygon","coordinates":[[[[0.16590207110500502,36.52018755728234],[0.1562345038264785,36.53165656521307],[0.15776370488390926,36.53294557418354],[0.16743127216243578,36.521476566252815],[0.16590207110500502,36.52018755728234]]],[[[0.15377658192901836,36.536124072341885],[0.15470530276904773,36.5303675562426],[0.15929290594134002,36.53423458315401],[0.15377658192901836,36.536124072341885]]]]},"properties":{"speed":0.3288,"dir_deg":319.9,"type":"متوسط"}},{"type":"Feature","geometry":{"type":"MultiPolygon","coordinates":[[[[0.20774424724203427,36.520023987866836],[0.19562313873092774,36.52886020473051],[0.1968013009794184,36.530476352532],[0.20892240949052493,36.52164013566832],[0.20774424724203427,36.520023987866836]]],[[[0.19217185035147089,36.53261368425248],[0.19444497648243708,36.527244056929035],[0.19797946322790905,36.532092500333476],[0.19217185035147089,36.53261368425248]]]]},"properties":{"speed":0.3943,"dir_deg":306.1,"type":"قوي"}},{"type":"Feature","geometry":{"type":"MultiPolygon","coordinates":[[[[0.2494994703781971,36.51996634235709],[0.23651367922085836,36.52747428668413],[0.23751473846446414,36.529205725505115],[0.2505005296218029,36.52169778117807],[0.2494994703781971,36.51996634235709]]],[[[0.23268561179021502,36.53084265420364],[0.23551261997725256,36.52574284786316],[0.23851579770806994,36.53093716432609],[0.23268561179021502,36.53084265420364]]]]},"properties":{"speed":0.3986,"dir_deg":300.0,"type":"قوي"}},{"type":"Feature","geometry":{"type":"MultiPolygon","coordinates":[[[[0.29131548751674796,36.51989574975662],[0.2772708073523594,36.52516328799379],[0.2779731457839819,36.527035912015705],[0.29201782594837045,36.521768373778535],[0.29131548751674796,36.51989574975662]]],[[[0.2729404165133745,36.527855446083805],[0.276568468920737,36.52329066397187],[0.27867548421560434,36.528908536037626],[0.2729404165133745,36.527855446083805]]]]},"properties":{"speed":0.3275,"dir_deg":290.6,"type":"متوسط"}},{"type":"Feature","geometry":{"type":"MultiPolygon","coordinates":[[[[0.3332160366177662,36.51983896602701],[0.3183196005091871,36.52159856577213],[0.31855421380853627,36.52358475725327],[0.33345064991711537,36.52182515750815],[0.3332160366177662,36.51983896602701]]],[[[0.313471428456002,36.52317819476107],[0.318084987209838,36.519612374290986],[0.31878882710788536,36.52557094873441],[0.313471428456002,36.52317819476107]]]]},"properties":{"speed":0.2465,"dir_deg":276.7,"type":"متوسط"}},{"type":"Feature","geometry":{"type":"MultiPolygon","coordinates":[[[[0.37533749889823403,36.51989073584438],[0.3612176100502143,36.51482825237087],[0.36054261225374623,36.51671090421727],[0.37466250110176597,36.52177338769078],[0.37533749889823403,36.51989073584438]]],[[[0.35617348153597367,36.5140820838029],[0.36189260784668237,36.51294560052447],[0.35986761445727816,36.51859355606367],[0.35617348153597367,36.5140820838029]]]]},"properties":{"speed":0.1958,"dir_deg":250.3,"type":"متوسط"}},{"type":"Feature","geometry":{"type":"MultiPolygon","coordinates":[[[[0.41743053101130734,36.520186696687745],[0.4077500548138219,36.50872858250652],[0.40622230625632566,36.51001931266619],[0.41590278245381107,36.52147742684741],[0.41743053101130734,36.520186696687745]]],[[[0.403759355135912,36.505554576192615],[0.4092778033713182,36.507437852346854],[0.4046945576988294,36.511310042825855],[0.403759355135912,36.505554576192615]]]]},"properties":{"speed":0.2338,"dir_deg":220.2,"type":"متوسط"}},{"type":"Feature","geometry":{"type":"MultiPolygon","coordinates":[[[[0.459260890188687,36.52045835505251],[0.4536552894626711,36.506545151233816],[0.4518001956201787,36.50729256466395],[0.4574057963461946,36.521205768482645],[0.459260890188687,36.52045835505251]]],[[[0.4508592089660863,36.502281123342655],[0.45551038330516347,36.50579773780368],[0.4499451017776863,36.50803997809408],[0.4508592089660863,36.502281123342655]]]]},"properties":{"speed":0.3241,"dir_deg":201.9,"type":"متوسط"}},{"type":"Feature","geometry":{"type":"MultiPolygon","coordinates":[[[[0.5009731079648984,36.52060171227517],[0.4975178655788222,36.50600509280169],[0.4955716496490254,36.5064657917865],[0.4990268920351016,36.52106241125998],[0.5009731079648984,36.52060171227517]]],[[[0.4953930101518984,36.50136990246961],[0.49946408150861904,36.50554439381688],[0.49362543371922857,36.50692649077131],[0.4953930101518984,36.50136990246961]]]]},"properties":{"speed":0.3955,"dir_deg":193.3,"type":"قوي"}},{"type":"Feature","geometry":{"type":"MultiPolygon","coordinates":[[[[0.5426589892359344,36.520708225789434],[0.5408014495637435,36.50582368527364],[0.538816844161638,36.50607135722993],[0.5406743838338288,36.52095589774572],[0.5426589892359344,36.520708225789434]]],[[[0.5391899669719604,36.500986007746526],[0.5427860549658491,36.505576013317345],[0.5368322387595325,36.50631902918622],[0.5391899669719604,36.500986007746526]]]]},"properties":{"speed":0.4235,"dir_deg":187.1,"type":"قوي"}},{"type":"Feature","geometry":{"type":"MultiPolygon","coordinates":[[[[0.5843332502641724,36.520843304449535],[0.5845018904935696,36.505844252463724],[0.5825020168954617,36.50582176709981],[0.5823333766660644,36.52082081908562],[0.5843332502641724,36.520843304449535]]],[[[0.5835581671043147,36.500833325786495],[0.5865017640916776,36.505866737827645],[0.5805021432973536,36.50579928173589],[0.5835581671043147,36.500833325786495]]]]},"properties":{"speed":0.3726,"dir_deg":179.4,"type":"قوي"}},{"type":"Feature","geometry":{"type":"MultiPolygon","coordinates":[[[[0.6259886649859545,36.52098220018887],[0.6282407413053114,36.50615222539955],[0.6262634113334024,36.50585194855697],[0.6240113350140455,36.52068192334629],[0.6259886649859545,36.52098220018887]]],[[[0.6280027684258092,36.50105876204849],[0.6302180712772204,36.506452502242134],[0.6242860813614933,36.50555167171439],[0.6280027684258092,36.50105876204849]]]]},"properties":{"speed":0.2797,"dir_deg":171.4,"type":"متوسط"}},{"type":"Feature","geometry":{"type":"MultiPolygon","coordinates":[[[[0.6676059046113696,36.52117538290704],[0.6727557217032286,36.507087111759716],[0.6708772855502526,36.506400469480795],[0.6657274684583936,36.52048874062812],[0.6676059046113696,36.52117538290704]]],[[[0.673533109324027,36.50204770023782],[0.6746341578562045,36.50777375403863],[0.6689988493972767,36.50571382720188],[0.673533109324027,36.50204770023782]]]]},"properties":{"speed":0.1934,"dir_deg":159.9,"type":"متوسط"}},{"type":"Feature","geometry":{"type":"MultiPolygon","coordinates":[[[[0.7091100460276922,36.52146189232117],[0.7185575043315668,36.50981090388257],[0.7170040392064192,36.50855124277538],[0.7075565809025446,36.520202231213986],[0.7091100460276922,36.52146189232117]]],[[[0.7209299245369511,36.5052974105161],[0.7201109694567144,36.51107056498975],[0.7154505740812717,36.5072915816682],[0.7209299245369511,36.5052974105161]]]]},"properties":{"speed":0.1558,"dir_deg":141.0,"type":"ضعيف"}},{"type":"Feature","geometry":{"type":"MultiPolygon","coordinates":[[[[0.7502249050035421,36.52180644246288],[0.7648406154331069,36.51843286740975],[0.7643908054260227,36.51648410601914],[0.7497750949964579,36.519857681072274],[0.7502249050035421,36.52180644246288]]],[[[0.7694876139060863,36.51633396169674],[0.7652904254401911,36.52038162880036],[0.7639409954189385,36.514535344628534],[0.7694876139060863,36.51633396169674]]]]},"properties":{"speed":0.1445,"dir_deg":103.0,"type":"ضعيف"}},{"type":"Feature","geometry":{"type":"MultiPolygon","coordinates":[[[[0.7917517984011867,36.521828433169325],[0.8066973694273524,36.52055175517475],[0.8065271456947422,36.518559012371256],[0.7915815746685765,36.51983569036583],[0.7917517984011867,36.521828433169325]]],[[[0.8115941145697693,36.51912982444148],[0.8068675931599626,36.52254449797824],[0.8063569219621319,36.51656626956777],[0.8115941145697693,36.51912982444148]]]]},"properties":{"speed":0.2015,"dir_deg":94.9,"type":"متوسط"}},{"type":"Feature","geometry":{"type":"MultiPolygon","coordinates":[[[[0.8330078535162292,36.52177761759442],[0.8471911909188129,36.526659516827756],[0.8478421108165913,36.52476840517408],[0.8336587734140076,36.51988650594074],[0.8330078535162292,36.52177761759442]]],[[[0.8522444300018966,36.52734126074536],[0.8465402710210345,36.52855062848143],[0.8484930307143698,36.5228772935204],[0.8522444300018966,36.52734126074536]]]]},"properties":{"speed":0.2788,"dir_deg":71.0,"type":"متوسط"}},{"type":"Feature","geometry":{"type":"MultiPolygon","coordinates":[[[[0.8745818631611993,36.52174044581854],[0.8882076239255935,36.52801249840055],[0.8890438976031948,36.52619573029863],[0.8754181368388007,36.51992367771662],[0.8745818631611993,36.52174044581854]]],[[[0.8931676810191922,36.52919479854359],[0.8873713502479922,36.52982926650247],[0.8898801712807961,36.524378962196714],[0.8931676810191922,36.52919479854359]]]]},"properties":{"speed":0.3337,"dir_deg":65.3,"type":"متوسط"}},{"type":"Feature","geometry":{"type":"MultiPolygon","coordinates":[[[[0.9160087159228986,36.52158510537439],[0.9273043700251408,36.53145466455414],[0.9286203112491068,36.52994857734051],[0.9173246571468646,36.520079018160764],[0.9160087159228986,36.52158510537439]]],[[[0.9317275586712046,36.53399147400724],[0.9259884288011747,36.532960751767774],[0.9299362524730729,36.52844249012688],[0.9317275586712046,36.53399147400724]]]]},"properties":{"speed":0.4814,"dir_deg":48.9,"type":"قوي"}},{"type":"Feature","geometry":{"type":"MultiPolygon","coordinates":[[[[0.9577106666403463,36.52161456475901],[0.9694482115118372,36.530954267130596],[0.9706935051613814,36.52938926114773],[0.9589559602898905,36.520049558776144],[0.9577106666403463,36.52161456475901]]],[[[0.973983373293773,36.53328499826302],[0.968202917862293,36.53251927311346],[0.9719387988109257,36.527824255164866],[0.973983373293773,36.53328499826302]]]]},"properties":{"speed":0.5334,"dir_deg":51.5,"type":"قوي"}},{"type":"Feature","geometry":{"type":"MultiPolygon","coordinates":[[[[0.9992908876100359,36.52153715723516],[1.0098673196237096,36.53217384308462],[1.0112855444036377,36.53076365214946],[1.000709112389964,36.5201269663],[0.9992908876100359,36.52153715723516]]],[[[1.0141019093515649,36.53501430956686],[1.0084490948437812,36.533584034019775],[1.012703769183566,36.529353461214306],[1.0141019093515649,36.53501430956686]]]]},"properties":{"speed":0.4964,"dir_deg":44.8,"type":"قوي"}},{"type":"Feature","geometry":{"type":"MultiPolygon","coordinates":[[[[-0.4156848944266154,36.562309887468516],[-0.4185365823988986,36.54758345287936],[-0.4205001070107863,36.54796367794233],[-0.417648419038503,36.562690112531484],[-0.4156848944266154,36.562309887468516]]],[[[-0.42046890736227016,36.542864753881126],[-0.4165730577870109,36.54720322781639],[-0.422463631622674,36.548343903005296],[-0.42046890736227016,36.542864753881126]]]]},"properties":{"speed":0.1912,"dir_deg":191.0,"type":"متوسط"}},{"type":"Feature","geometry":{"type":"MultiPolygon","coordinates":[[[[-0.3740027909823395,36.56242533960155],[-0.3751226969590776,36.54746720433665],[-0.37711711499439854,36.54761652513354],[-0.3759972090176605,36.56257466039845],[-0.3740027909823395,36.56242533960155]]],[[[-0.37649320796898406,36.54255581964679],[-0.37312827892375655,36.54731788353975],[-0.37911153302971956,36.54776584593044],[-0.37649320796898406,36.54255581964679]]]]},"properties":{"speed":0.1399,"dir_deg":184.3,"type":"ضعيف"}},{"type":"Feature","geometry":{"type":"MultiPolygon","coordinates":[[[[-0.33237962566794116,36.56280070374192],[-0.32786906953914224,36.548494939749425],[-0.3297765047381415,36.54789353226558],[-0.33428706086694043,36.56219929625808],[-0.33237962566794116,36.56280070374192]]],[[[-0.3273192684290422,36.54342564801001],[-0.32596163434014297,36.54909634723327],[-0.3316839399371408,36.54729212478174],[-0.3273192684290422,36.54342564801001]]]]},"properties":{"speed":0.0795,"dir_deg":162.5,"type":"ضعيف"}},{"type":"Feature","geometry":{"type":"MultiPolygon","coordinates":[[[[-0.29156742391104584,36.563495064242716],[-0.27664146027028674,36.562006571920016],[-0.27683992591331347,36.560016443434584],[-0.29176588955407257,36.561504935757284],[-0.29156742391104584,36.563495064242716]]],[[[-0.27176537187821376,36.56051534356973],[-0.2764429946272601,36.563996700405454],[-0.27703839155634014,36.558026314949146],[-0.27176537187821376,36.56051534356973]]]]},"properties":{"speed":0.0548,"dir_deg":95.7,"type":"ضعيف"}},{"type":"Feature","geometry":{"type":"MultiPolygon","coordinates":[[[[-0.2507387570471958,36.563173971828206],[-0.2406291796240698,36.57425532753614],[-0.23915166552967823,36.57290738387973],[-0.24926124295280422,36.561826028171794],[-0.2507387570471958,36.563173971828206]]],[[[-0.23652056343583203,36.57727514094392],[-0.24210669371846136,36.57560327119256],[-0.23767415143528667,36.57155944022331],[-0.23652056343583203,36.57727514094392]]]]},"properties":{"speed":0.0872,"dir_deg":42.4,"type":"ضعيف"}},{"type":"Feature","geometry":{"type":"MultiPolygon","coordinates":[[[[-0.20930386145887156,36.56274096787376],[-0.2056893433524872,36.57729896426264],[-0.2037482771673033,36.57681702851512],[-0.20736279527368764,36.56225903212624],[-0.20930386145887156,36.56274096787376]]],[[[-0.2035139708911005,36.581910661851836],[-0.2076304095376711,36.577780900010154],[-0.2018072109821194,36.57633509276761],[-0.2035139708911005,36.581910661851836]]]]},"properties":{"speed":0.1281,"dir_deg":13.9,"type":"ضعيف"}},{"type":"Feature","geometry":{"type":"MultiPolygon","coordinates":[[[[-0.16766521837199935,36.562446107408],[-0.16847360725199584,36.577424308482186],[-0.16647651377543793,36.577532093666186],[-0.16566812489544144,36.562553892592],[-0.16766521837199935,36.562446107408]]],[[[-0.1677445234737157,36.58247093476558],[-0.17047070072855375,36.57731652329819],[-0.16447942029888002,36.577639878850185],[-0.1677445234737157,36.58247093476558]]]]},"properties":{"speed":0.1851,"dir_deg":356.9,"type":"متوسط"}},{"type":"Feature","geometry":{"type":"MultiPolygon","coordinates":[[[[-0.1259959802769222,36.56241042719173],[-0.12733957240102717,36.57735013134556],[-0.1253476118471828,36.5775292769621],[-0.12400401972307783,36.56258957280827],[-0.1259959802769222,36.56241042719173]]],[[[-0.1267914561654733,36.58241960553844],[-0.12933153295487151,36.57717098572901],[-0.12335565129333846,36.57770842257865],[-0.1267914561654733,36.58241960553844]]]]},"properties":{"speed":0.2396,"dir_deg":354.9,"type":"متوسط"}},{"type":"Feature","geometry":{"type":"MultiPolygon","coordinates":[[[[-0.08433101136248299,36.56243185672692],[-0.08535316045870653,36.57739698991126],[-0.08335780936746096,36.57753327645742],[-0.08233566027123741,36.56256814327308],[-0.08433101136248299,36.56243185672692]]],[[[-0.08469620127849159,36.58245351091246],[-0.08734851154995212,36.5772607033651],[-0.08136245827621537,36.57766956300358],[-0.08469620127849159,36.58245351091246]]]]},"properties":{"speed":0.2595,"dir_deg":356.1,"type":"متوسط"}},{"type":"Feature","geometry":{"type":"MultiPolygon","coordinates":[[[[-0.04265289043280657,36.56233457590135],[-0.0451342519124812,36.577127913767],[-0.043161806863728266,36.577458761964294],[-0.04068044538405363,36.56266542409865],[-0.04265289043280657,36.56233457590135]]],[[[-0.04497514988132961,36.58222445048753],[-0.047106696961234144,36.576797065569714],[-0.041189361814975324,36.57778961016158],[-0.04497514988132961,36.58222445048753]]]]},"properties":{"speed":0.3263,"dir_deg":350.5,"type":"متوسط"}},{"type":"Feature","geometry":{"type":"MultiPolygon","coordinates":[[[[-0.0009782909883986647,36.56229276404265],[-0.004086830348619442,36.57696712886863],[-0.0021302483718221125,36.577381600783326],[0.0009782909883986647,36.56270723595735],[-0.0009782909883986647,36.56229276404265]]],[[[-0.004144719146961037,36.582065819767976],[-0.006043412325416771,36.576552656953936],[-0.0001736663950247827,36.57779607269802],[-0.004144719146961037,36.582065819767976]]]]},"properties":{"speed":0.4546,"dir_deg":348.0,"type":"قوي"}},{"type":"Feature","geometry":{"type":"MultiPolygon","coordinates":[[[[0.04070560494156268,36.56222367053412],[0.036560662953295624,36.57663961503713],[0.03848278888703046,36.5771922739689],[0.04262773087529752,36.56277632946588],[0.04070560494156268,36.56222367053412]]],[[[0.036140078590740685,36.58172125933735],[0.03463853701956079,36.576086956105364],[0.040404914820765296,36.577744932900664],[0.036140078590740685,36.58172125933735]]]]},"properties":{"speed":0.5208,"dir_deg":344.0,"type":"قوي"}},{"type":"Feature","geometry":{"type":"MultiPolygon","coordinates":[[[[0.08240040153032818,36.56213995331273],[0.07699970122130118,36.57613396761071],[0.07886556979436521,36.57685406098525],[0.08426627010339222,36.56286004668727],[0.08240040153032818,36.56213995331273]]],[[[0.07613240207149086,36.58115868573064],[0.07513383264823714,36.575413874236176],[0.08073143836742924,36.57757415435978],[0.07613240207149086,36.58115868573064]]]]},"properties":{"speed":0.5078,"dir_deg":338.9,"type":"قوي"}},{"type":"Feature","geometry":{"type":"MultiPolygon","coordinates":[[[[0.12412071654279888,36.56202370114225],[0.11697623367657256,36.57521295300027],[0.1187348005909748,36.576165550715764],[0.12587928345720112,36.56297629885775],[0.12412071654279888,36.56202370114225]]],[[[0.11547402284503157,36.58008566914402],[0.11521766676217032,36.57426035528477],[0.12049336750537704,36.57711814843126],[0.11547402284503157,36.58008566914402]]]]},"properties":{"speed":0.4004,"dir_deg":331.6,"type":"قوي"}},{"type":"Feature","geometry":{"type":"MultiPolygon","coordinates":[[[[0.16595704629398744,36.56179542078004],[0.15538835799448675,36.57243980087603],[0.15680760867395266,36.57384895931596],[0.16737629697345335,36.56320457921996],[0.16595704629398744,36.56179542078004]]],[[[0.15257508723438612,36.57669250679466],[0.15396910731502086,36.5710306424361],[0.15822685935341854,36.575258117755894],[0.15257508723438612,36.57669250679466]]]]},"properties":{"speed":0.3789,"dir_deg":315.2,"type":"قوي"}},{"type":"Feature","geometry":{"type":"MultiPolygon","coordinates":[[[[0.2077218695966742,36.56170872370624],[0.19585272519021624,36.57088060525032],[0.19707564272942701,36.572463157837845],[0.208944787135885,36.56329127629376],[0.2077218695966742,36.56170872370624]]],[[[0.1925078024910023,36.57472917539211],[0.1946298076510055,36.569298052662795],[0.19829856026863776,36.574045710425374],[0.1925078024910023,36.57472917539211]]]]},"properties":{"speed":0.4405,"dir_deg":307.7,"type":"قوي"}},{"type":"Feature","geometry":{"type":"MultiPolygon","coordinates":[[[[0.24949844229496732,36.56163487580746],[0.2365215794068295,36.569158241382944],[0.23752469481689487,36.57088848976803],[0.2505015577050327,36.56336512419254],[0.24949844229496732,36.56163487580746]]],[[[0.23269751614914957,36.57253115410065],[0.23551846399676413,36.56742799299786],[0.23852781022696024,36.57261873815312],[0.23269751614914957,36.57253115410065]]]]},"properties":{"speed":0.3911,"dir_deg":300.1,"type":"قوي"}},{"type":"Feature","geometry":{"type":"MultiPolygon","coordinates":[[[[0.2913480173909507,36.561552123969086],[0.2771298769272564,36.56633171409322],[0.27776715561047344,36.568227466155044],[0.29198529607416773,36.563447876030914],[0.2913480173909507,36.561552123969086]]],[[[0.27270913611430014,36.56887278683217],[0.2764925982440394,36.56443596203139],[0.27840443429369044,36.57012321821687],[0.27270913611430014,36.56887278683217]]]]},"properties":{"speed":0.2941,"dir_deg":288.6,"type":"متوسط"}},{"type":"Feature","geometry":{"type":"MultiPolygon","coordinates":[[[[0.33336020195843025,36.561500360759716],[0.31836561335414953,36.56109748039487],[0.31831189597217063,36.56309675887544],[0.33330648457645135,36.563499639240284],[0.33336020195843025,36.561500360759716]]],[[[0.3133405584617332,36.56196282618021],[0.31841933073612844,36.559098201914296],[0.31825817859019173,36.565096037356014],[0.3133405584617332,36.56196282618021]]]]},"properties":{"speed":0.2062,"dir_deg":268.5,"type":"متوسط"}},{"type":"Feature","geometry":{"type":"MultiPolygon","coordinates":[[[[0.3755983347994398,36.56169875380327],[0.3635796418484427,36.552723731811675],[0.36238297224956306,36.554326224205134],[0.3744016652005602,36.56330124619673],[0.3755983347994398,36.56169875380327]]],[[[0.3589750760653372,36.5505333040112],[0.3647763114473223,36.55112123941821],[0.36118630265068347,36.5559287165986],[0.3589750760653372,36.5505333040112]]]]},"properties":{"speed":0.1938,"dir_deg":233.2,"type":"متوسط"}},{"type":"Feature","geometry":{"type":"MultiPolygon","coordinates":[[[[0.4175293727229191,36.56199431124199],[0.40994404135277546,36.54905357138659],[0.4082186093720556,36.55006494890261],[0.4158039407421993,36.56300568875801],[0.4175293727229191,36.56199431124199]]],[[[0.40655288157236763,36.5452456801928],[0.41166947333349535,36.54804219387057],[0.4064931773913357,36.551076326418624],[0.40655288157236763,36.5452456801928]]]]},"properties":{"speed":0.2791,"dir_deg":210.4,"type":"متوسط"}},{"type":"Feature","geometry":{"type":"MultiPolygon","coordinates":[[[[0.4592877438075453,36.562201470924286],[0.45480980767179435,36.54788546282272],[0.4529010065915854,36.54848252097415],[0.4573789427273363,36.562798529075714],[0.4592877438075453,36.562201470924286]]],[[[0.45236276175310625,36.543411989197914],[0.4567186087520033,36.547288404671285],[0.4509922055113764,36.54907957912558],[0.45236276175310625,36.543411989197914]]]]},"properties":{"speed":0.3771,"dir_deg":197.4,"type":"قوي"}},{"type":"Feature","geometry":{"type":"MultiPolygon","coordinates":[[[[0.5009792849793054,36.56229751313794],[0.4979419820484094,36.54760823844836],[0.4959834120897985,36.54801321217248],[0.49902071502069456,36.56270248686206],[0.5009792849793054,36.56229751313794]]],[[[0.49595026275880527,36.54291430041389],[0.4999005520070202,36.54720326472424],[0.4940248421311877,36.5484181858966],[0.49595026275880527,36.54291430041389]]]]},"properties":{"speed":0.446,"dir_deg":191.7,"type":"قوي"}},{"type":"Feature","geometry":{"type":"MultiPolygon","coordinates":[[[[0.5426526099810502,36.562332802636696],[0.5401446495315299,36.54754395094417],[0.5381728026391925,36.547878345670775],[0.5406807630887129,36.562667197363304],[0.5426526099810502,36.562332802636696]]],[[[0.5383227392688544,36.54278153107663],[0.5421164964238672,36.54720955621757],[0.5362009557468552,36.548212740397375],[0.5383227392688544,36.54278153107663]]]]},"properties":{"speed":0.464,"dir_deg":189.6,"type":"قوي"}},{"type":"Feature","geometry":{"type":"MultiPolygon","coordinates":[[[[0.5843266314304959,36.56238459020987],[0.582595484578515,36.5474848207292],[0.58060884864776,36.54771564030947],[0.5823399954997409,36.56261540979013],[0.5843266314304959,36.56238459020987]]],[[[0.5810251176624771,36.54263364069245],[0.5845821205092699,36.54725400114894],[0.578622212717005,36.54794645988973],[0.5810251176624771,36.54263364069245]]]]},"properties":{"speed":0.4056,"dir_deg":186.6,"type":"قوي"}},{"type":"Feature","geometry":{"type":"MultiPolygon","coordinates":[[[[0.6259951363494635,36.56240149291408],[0.6245175300606526,36.54747444767212],[0.6225272573617256,36.54767146184397],[0.6240048636505365,36.56259850708592],[0.6259951363494635,36.56240149291408]]],[[[0.6230298582815855,36.542597273010735],[0.6265078027595794,36.547277433500284],[0.6205369846627988,36.54786847601581],[0.6230298582815855,36.542597273010735]]]]},"properties":{"speed":0.3106,"dir_deg":185.7,"type":"متوسط"}},{"type":"Feature","geometry":{"type":"MultiPolygon","coordinates":[[[[0.6676664157070126,36.56247672807721],[0.6673173368651462,36.54748079049524],[0.6653178785208842,36.54752733434083],[0.6656669573627506,36.56252327192279],[0.6676664157070126,36.56247672807721]]],[[[0.6662012480790598,36.54250541655738],[0.669316795209408,36.547434246649665],[0.6633184201766223,36.547573878186405],[0.6662012480790598,36.54250541655738]]]]},"properties":{"speed":0.2413,"dir_deg":181.3,"type":"متوسط"}},{"type":"Feature","geometry":{"type":"MultiPolygon","coordinates":[[[[0.7093107760690666,36.56271110864],[0.7124774056690755,36.54804916958078],[0.7105224804611792,36.547626952300774],[0.7073558508611703,36.56228889136],[0.7093107760690666,36.56271110864]]],[[[0.7125554862651303,36.54295074792104],[0.7144323308769718,36.548471386860776],[0.7085675552532829,36.54720473502078],[0.7125554862651303,36.54295074792104]]]]},"properties":{"speed":0.1925,"dir_deg":167.8,"type":"متوسط"}},{"type":"Feature","geometry":{"type":"MultiPolygon","coordinates":[[[[0.7507261130488687,36.56318757533425],[0.7610397430625485,36.55229587960122],[0.7595875169648111,36.550920728932724],[0.7492738869511313,36.56181242466575],[0.7507261130488687,36.56318757533425]]],[[[0.7637515066849063,36.54797773902263],[0.7624919691602859,36.553671030269705],[0.7581352908670737,36.54954557826424],[0.7637515066849063,36.54797773902263]]]]},"properties":{"speed":0.1259,"dir_deg":136.6,"type":"ضعيف"}},{"type":"Feature","geometry":{"type":"MultiPolygon","coordinates":[[[[0.7920407635890572,36.56342739762645],[0.8059517279857608,36.55781624181382],[0.8052035738774096,36.55596144656092],[0.791292609480706,36.56157260237355],[0.7920407635890572,36.56342739762645]]],[[[0.8102146390638197,36.55501845891649],[0.8066998820941118,36.55967103706671],[0.8044554197690585,36.55410665130803],[0.8102146390638197,36.55501845891649]]]]},"properties":{"speed":0.1335,"dir_deg":112.0,"type":"ضعيف"}},{"type":"Feature","geometry":{"type":"MultiPolygon","coordinates":[[[[0.8331952915654018,36.56349042917728],[0.8480517292245344,36.565560757673026],[0.8483277730239676,36.56357989931847],[0.833471335364835,36.56150957082272],[0.8331952915654018,36.56349042917728]]],[[[0.8531418970106285,36.56526043799433],[0.8477756854251013,36.567541616027576],[0.8486038168234007,36.56159904096392],[0.8531418970106285,36.56526043799433]]]]},"properties":{"speed":0.1792,"dir_deg":82.1,"type":"متوسط"}},{"type":"Feature","geometry":{"type":"MultiPolygon","coordinates":[[[[0.874743815979614,36.563466628029644],[0.8892432364243162,36.56730938833543],[0.8897556044650882,36.56537613227614],[0.875256184020386,36.561533371970356],[0.874743815979614,36.563466628029644]]],[[[0.8943325605929363,36.56762368040772],[0.8887308683835443,36.56924264439473],[0.8902679725058601,36.56344287621685],[0.8943325605929363,36.56762368040772]]]]},"properties":{"speed":0.2328,"dir_deg":75.2,"type":"متوسط"}},{"type":"Feature","geometry":{"type":"MultiPolygon","coordinates":[[[[0.9161335865921892,36.56334605227445],[0.9288243707089342,36.57134255141483],[0.9298905705943189,36.569650446865936],[0.9171997864775739,36.56165394772555],[0.9161335865921892,36.56334605227445]]],[[[0.9335877320238749,36.57316199885385],[0.9277581708235496,36.57303465596373],[0.9309567704797035,36.567958342317034],[0.9335877320238749,36.57316199885385]]]]},"properties":{"speed":0.3299,"dir_deg":57.8,"type":"متوسط"}},{"type":"Feature","geometry":{"type":"MultiPolygon","coordinates":[[[[0.9577734497628614,36.56332858471799],[0.9702022205327884,36.57172654025185],[0.9713219479373024,36.570069370815865],[0.9588931771673754,36.56167141528201],[0.9577734497628614,36.56332858471799]]],[[[0.974905007825021,36.57369727404514],[0.9690824931282743,36.573383709687846],[0.9724416753418165,36.56841220137987],[0.974905007825021,36.57369727404514]]]]},"properties":{"speed":0.4511,"dir_deg":56.0,"type":"قوي"}},{"type":"Feature","geometry":{"type":"MultiPolygon","coordinates":[[[[0.9993945103294056,36.5632958531641],[1.011332307790863,36.572378198223014],[1.0125432871320519,36.570786491894815],[1.0006054896705945,36.5617041468359],[0.9993945103294056,36.5632958531641]]],[[[1.0159170632819434,36.57460979341189],[1.0101213284496742,36.573969904551205],[1.0137542664732406,36.56919478556662],[1.0159170632819434,36.57460979341189]]]]},"properties":{"speed":0.5596,"dir_deg":52.7,"type":"قوي"}},{"type":"Feature","geometry":{"type":"MultiPolygon","coordinates":[[[[-0.4157003319651469,36.603910612672315],[-0.4195602153667854,36.58941574116113],[-0.42149286490161003,36.589930392281346],[-0.4176329814999715,36.60442526379253],[-0.4157003319651469,36.603910612672315]]],[[[-0.4218131679347439,36.584841442884176],[-0.41762756583196076,36.58890109004091],[-0.42342551443643467,36.590445043401566],[-0.4218131679347439,36.584841442884176]]]]},"properties":{"speed":0.1995,"dir_deg":194.9,"type":"متوسط"}},{"type":"Feature","geometry":{"type":"MultiPolygon","coordinates":[[[[-0.37402286808758034,36.60395530421414],[-0.3772123783618225,36.58929832552784],[-0.3791666421866618,36.58972359356441],[-0.37597713191241966,36.604380572250705],[-0.37402286808758034,36.60395530421414]]],[[[-0.3792526803656562,36.584625299984026],[-0.37525811453698316,36.58887305749128],[-0.3811209060115011,36.59014886160097],[-0.3792526803656562,36.584625299984026]]]]},"properties":{"speed":0.1523,"dir_deg":192.3,"type":"ضعيف"}},{"type":"Feature","geometry":{"type":"MultiPolygon","coordinates":[[[[-0.3323347751845357,36.60411444258958],[-0.33313720982718364,36.589135921346],[-0.33513434599299385,36.58924291263169],[-0.3343319113503459,36.60422143387527],[-0.3323347751845357,36.60411444258958]]],[[[-0.33440325612430477,36.58419657657432],[-0.33114007366137344,36.589028930060316],[-0.33713148215880406,36.58934990391737],[-0.33440325612430477,36.58419657657432]]]]},"properties":{"speed":0.0889,"dir_deg":183.1,"type":"ضعيف"}},{"type":"Feature","geometry":{"type":"MultiPolygon","coordinates":[[[[-0.29092792200371564,36.60484193452351],[-0.2808179776373954,36.59376091359086],[-0.28229544709508253,36.59241292100868],[-0.29240539146140276,36.60349394194133],[-0.29092792200371564,36.60484193452351]]],[[[-0.2781867309107989,36.58939324365555],[-0.27934050817970824,36.59510890617304],[-0.2837729165527697,36.591064928426505],[-0.2781867309107989,36.58939324365555]]]]},"properties":{"speed":0.031,"dir_deg":137.6,"type":"ضعيف"}},{"type":"Feature","geometry":{"type":"MultiPolygon","coordinates":[[[[-0.2509208650056349,36.604557819805976],[-0.24507264140232263,36.6183707948905],[-0.24323091139105288,36.617591031743395],[-0.24907913499436513,36.60377805665887],[-0.2509208650056349,36.604557819805976]]],[[[-0.242202368528917,36.62258523834512],[-0.2469143714135924,36.61915055803761],[-0.2413891813797831,36.61681126859629],[-0.242202368528917,36.62258523834512]]]]},"properties":{"speed":0.0484,"dir_deg":22.9,"type":"ضعيف"}},{"type":"Feature","geometry":{"type":"MultiPolygon","coordinates":[[[[-0.20933226273170538,36.60412178486232],[-0.21002456328317112,36.61910580034371],[-0.20802669455231956,36.61919810708391],[-0.20733439400085382,36.60421409160252],[-0.20933226273170538,36.60412178486232]]],[[[-0.2092563957682339,36.62414662554094],[-0.2120224320140227,36.61901349360352],[-0.20602882582146798,36.6192904138241],[-0.2092563957682339,36.62414662554094]]]]},"properties":{"speed":0.1137,"dir_deg":357.4,"type":"ضعيف"}},{"type":"Feature","geometry":{"type":"MultiPolygon","coordinates":[[[[-0.16766233465803065,36.60407490521666],[-0.16905782989442844,36.619009850581314],[-0.16706650384580793,36.61919591661283],[-0.16567100860941014,36.60426097124818],[-0.16766233465803065,36.60407490521666]]],[[[-0.16852733194891745,36.62408119871863],[-0.17104915594304893,36.6188237845498],[-0.16507517779718744,36.61938198264435],[-0.16852733194891745,36.62408119871863]]]]},"properties":{"speed":0.184,"dir_deg":354.7,"type":"متوسط"}},{"type":"Feature","geometry":{"type":"MultiPolygon","coordinates":[[[[-0.1259998703278525,36.604151834584385],[-0.12624142504841346,36.619149889502175],[-0.12424168439270844,36.61918209679825],[-0.12400012967214749,36.60418404188046],[-0.1259998703278525,36.604151834584385]]],[[[-0.12532207296074793,36.624165344789475],[-0.12824116570411848,36.6191176822061],[-0.12224194373700342,36.61921430409432],[-0.12532207296074793,36.624165344789475]]]]},"properties":{"speed":0.2402,"dir_deg":359.1,"type":"متوسط"}},{"type":"Feature","geometry":{"type":"MultiPolygon","coordinates":[[[[-0.0843325496427468,36.60412829318031],[-0.08492722542444277,36.61911650056861],[-0.08292879777266955,36.61919579067283],[-0.08233412199097359,36.604207583284534],[-0.0843325496427468,36.60412829318031]]],[[[-0.08412623685912148,36.624152214750154],[-0.08692565307621598,36.619037210464384],[-0.08093037012089634,36.61927508077706],[-0.08412623685912148,36.624152214750154]]]]},"properties":{"speed":0.2827,"dir_deg":357.7,"type":"متوسط"}},{"type":"Feature","geometry":{"type":"MultiPolygon","coordinates":[[[[-0.04265347140496988,36.604006015846025],[-0.04508230720094132,36.61880806829412],[-0.043108700207861755,36.619131913066916],[-0.04067986441189032,36.60432986061882],[-0.04265347140496988,36.604006015846025]]],[[[-0.04490511563639202,36.623904008163215],[-0.047055914194020894,36.61848422352132],[-0.04113509321478218,36.61945575783972],[-0.04490511563639202,36.623904008163215]]]]},"properties":{"speed":0.3819,"dir_deg":350.7,"type":"قوي"}},{"type":"Feature","geometry":{"type":"MultiPolygon","coordinates":[[[[-0.0009659155085397304,36.603909080684026],[-0.004848778734504256,36.61839781331212],[-0.0029169477174247945,36.61891552840891],[0.0009659155085397304,36.60442679578082],[-0.0009659155085397304,36.603909080684026]]],[[[-0.005177150967952701,36.62348624840322],[-0.006780609751583717,36.61788009821532],[-0.0009851167003453337,36.61943324350571],[-0.005177150967952701,36.62348624840322]]]]},"properties":{"speed":0.5045,"dir_deg":345.0,"type":"قوي"}},{"type":"Feature","geometry":{"type":"MultiPolygon","coordinates":[[[[0.040738497450240614,36.60379578288778],[0.03515616728063644,36.61771833976062],[0.03701250819701541,36.61846265044991],[0.042594838366619585,36.604540093577064],[0.040738497450240614,36.60379578288778]]],[[[0.034223561015624536,36.62273134739621],[0.033299826364257476,36.61697402907134],[0.038868849113394374,36.619206961139184],[0.034223561015624536,36.62273134739621]]]]},"properties":{"speed":0.561,"dir_deg":338.2,"type":"قوي"}},{"type":"Feature","geometry":{"type":"MultiPolygon","coordinates":[[[[0.08242399909172068,36.60375187727497],[0.07618308473000086,36.61739192815207],[0.07800175818027989,36.618224050066964],[0.08424267254199971,36.60458399918987],[0.08242399909172068,36.60375187727497]]],[[[0.07501211666790043,36.62235467273521],[0.07436441127972182,36.61655980623717],[0.07982043163055894,36.61905617198186],[0.07501211666790043,36.62235467273521]]]]},"properties":{"speed":0.5224,"dir_deg":335.4,"type":"قوي"}},{"type":"Feature","geometry":{"type":"MultiPolygon","coordinates":[[[[0.12416418324438755,36.60361892971606],[0.11592905549896482,36.61615618105025],[0.11760068901018972,36.61725419808297],[0.12583581675561245,36.60471694674878],[0.12416418324438755,36.60361892971606]]],[[[0.11401982967276969,36.62088427334467],[0.1142574219877399,36.615058164017526],[0.11927232252141463,36.61835221511569],[0.11401982967276969,36.62088427334467]]]]},"properties":{"speed":0.4071,"dir_deg":326.7,"type":"قوي"}},{"type":"Feature","geometry":{"type":"MultiPolygon","coordinates":[[[[0.16598870275971955,36.60343284762176],[0.15496234359976316,36.61360238073178],[0.15631828134776485,36.6150725619531],[0.16734464050772124,36.60490302884308],[0.16598870275971955,36.60343284762176]]],[[[0.15196485942044521,36.617727315712436],[0.15360640585176144,36.61213219951045],[0.15767421909576657,36.61654274317443],[0.15196485942044521,36.617727315712436]]]]},"properties":{"speed":0.4235,"dir_deg":312.7,"type":"قوي"}},{"type":"Feature","geometry":{"type":"MultiPolygon","coordinates":[[[[0.2077275241461696,36.603372324477576],[0.19579331782351017,36.612459387779225],[0.19700492626373017,36.61405061528892],[0.2089391325863896,36.60496355198727],[0.2077275241461696,36.603372324477576]]],[[[0.19242105326940034,36.61628402263462],[0.19458170938329017,36.61086816026954],[0.19821653470395018,36.6156418427986],[0.19242105326940034,36.61628402263462]]]]},"properties":{"speed":0.4476,"dir_deg":307.3,"type":"قوي"}},{"type":"Feature","geometry":{"type":"MultiPolygon","coordinates":[[[[0.2495248656831093,36.603288024952086],[0.23632616647805943,36.610415039705444],[0.23727643511184082,36.612174866266116],[0.25047513431689067,36.60504785151276],[0.2495248656831093,36.603288024952086]]],[[[0.23240173439326683,36.61367062457023],[0.23537589784427806,36.60865521314477],[0.2382267037456222,36.61393469282679],[0.23240173439326683,36.61367062457023]]]]},"properties":{"speed":0.3657,"dir_deg":298.4,"type":"قوي"}},{"type":"Feature","geometry":{"type":"MultiPolygon","coordinates":[[[[0.2914252234994366,36.60319752079959],[0.2768689620069588,36.60681901929643],[0.277351828473204,36.608759854162095],[0.2919080899656818,36.605138355665254],[0.2914252234994366,36.60319752079959]]],[[[0.2722583080759221,36.60899660289488],[0.2763860955407136,36.60487818443077],[0.27783469493944923,36.61070068902776],[0.2722583080759221,36.60899660289488]]]]},"properties":{"speed":0.2621,"dir_deg":284.0,"type":"متوسط"}},{"type":"Feature","geometry":{"type":"MultiPolygon","coordinates":[[[[0.3336093030572772,36.60320676905148],[0.3191917653431415,36.59906737220393],[0.31863984576346865,36.60098971056581],[0.3330573834776044,36.60512910741336],[0.3336093030572772,36.60320676905148]]],[[[0.3141099596485932,36.59864874243569],[0.3197436849228143,36.59714503384205],[0.31808792618379583,36.6029120489277],[0.3141099596485932,36.59864874243569]]]]},"properties":{"speed":0.1962,"dir_deg":254.0,"type":"متوسط"}},{"type":"Feature","geometry":{"type":"MultiPolygon","coordinates":[[[[0.3757512374092803,36.603507906146156],[0.36585075611532225,36.59223934500695],[0.36434828129676167,36.593559409179484],[0.3742487625907197,36.60482797031869],[0.3757512374092803,36.603507906146156]]],[[[0.3617993582747226,36.58914319004682],[0.36735323093388283,36.59091928083443],[0.3628458064782011,36.59487947335201],[0.3617993582747226,36.58914319004682]]]]},"properties":{"speed":0.2407,"dir_deg":221.3,"type":"متوسط"}},{"type":"Feature","geometry":{"type":"MultiPolygon","coordinates":[[[[0.4175553181880859,36.60370937436832],[0.4106768602265396,36.59037945253542],[0.40889953731548623,36.591296580263624],[0.4157779952770325,36.60462650209652],[0.4175553181880859,36.60370937436832]]],[[[0.4074953794504975,36.58639470912189],[0.412454183137593,36.589462324807215],[0.4071222144044328,36.59221370799183],[0.4074953794504975,36.58639470912189]]]]},"properties":{"speed":0.329,"dir_deg":207.3,"type":"متوسط"}},{"type":"Feature","geometry":{"type":"MultiPolygon","coordinates":[[[[0.45928596196584515,36.603863771147665],[0.4547234556944685,36.5895744906716],[0.4528182182976598,36.590182824841115],[0.45738072456903645,36.60447210531718],[0.45928596196584515,36.603863771147665]]],[[[0.4522500015722719,36.585115564264335],[0.4566286930912771,36.58896615650208],[0.45091298090085113,36.590791159010635],[0.4522500015722719,36.585115564264335]]]]},"properties":{"speed":0.4106,"dir_deg":197.7,"type":"قوي"}},{"type":"Feature","geometry":{"type":"MultiPolygon","coordinates":[[[[0.5009647243417996,36.60390467611145],[0.49701579252720196,36.58943381098445],[0.4950863438436027,36.5899603352264],[0.4990352756582004,36.604431200353396],[0.5009647243417996,36.60390467611145]]],[[[0.4947347575805365,36.584873451396426],[0.4989452412108012,36.588907286742504],[0.4931568951600035,36.59048685946835],[0.4947347575805365,36.584873451396426]]]]},"properties":{"speed":0.4863,"dir_deg":195.3,"type":"قوي"}},{"type":"Feature","geometry":{"type":"MultiPolygon","coordinates":[[[[0.5426343192823112,36.60391557566368],[0.5388488807511905,36.589401084452234],[0.5369136152563313,36.58990580958972],[0.540699053787452,36.604420300801166],[0.5426343192823112,36.60391557566368]]],[[[0.536619435160054,36.58481528328383],[0.5407841462460499,36.58889635931475],[0.534978349761472,36.590410534727205],[0.536619435160054,36.58481528328383]]]]},"properties":{"speed":0.5033,"dir_deg":194.6,"type":"قوي"}},{"type":"Feature","geometry":{"type":"MultiPolygon","coordinates":[[[[0.5843080847404388,36.6039447321375],[0.5809599933166165,36.58932316300769],[0.5790104507659757,36.589769575197536],[0.582358542189798,36.604391144327344],[0.5843080847404388,36.6039447321375]]],[[[0.5788691915666887,36.584672512726016],[0.5829095358672575,36.588876750817846],[0.5770609082153347,36.59021598738738],[0.5788691915666887,36.584672512726016]]]]},"properties":{"speed":0.4345,"dir_deg":192.9,"type":"قوي"}},{"type":"Feature","geometry":{"type":"MultiPolygon","coordinates":[[[[0.6259680798572811,36.603917296276784],[0.6222084505226932,36.589396098417566],[0.6202722908081311,36.58989738232884],[0.6240319201427189,36.60441858018806],[0.6259680798572811,36.603917296276784]]],[[[0.6199871608872162,36.584806341086804],[0.6241446102372554,36.58889481450629],[0.6183361310935689,36.59039866624012],[0.6199871608872162,36.584806341086804]]]]},"properties":{"speed":0.3467,"dir_deg":194.5,"type":"قوي"}},{"type":"Feature","geometry":{"type":"MultiPolygon","coordinates":[[[[0.667648141179531,36.6039762437346],[0.6647727237121624,36.58925442406486],[0.6628098144228637,36.589637813060506],[0.6656852318902322,36.604359632730244],[0.667648141179531,36.6039762437346]]],[[[0.6628327965783902,36.58453884533944],[0.6667356330014611,36.58887103506921],[0.660846905133565,36.59002120205616],[0.6628327965783902,36.58453884533944]]]]},"properties":{"speed":0.3005,"dir_deg":191.1,"type":"متوسط"}},{"type":"Feature","geometry":{"type":"MultiPolygon","coordinates":[[[[0.7093329976638496,36.60414280851282],[0.7089560518698339,36.58914754553185],[0.7069566834723715,36.58919780497106],[0.7073336292663872,36.604193067952025],[0.7093329976638496,36.60414280851282]]],[[[0.7078307190730975,36.584174254257796],[0.7109554202672962,36.58909728609265],[0.7049573150749092,36.589248064410256],[0.7078307190730975,36.584174254257796]]]]},"properties":{"speed":0.2465,"dir_deg":181.4,"type":"متوسط"}},{"type":"Feature","geometry":{"type":"MultiPolygon","coordinates":[[[[0.750977877570969,36.60437711628145],[0.7541155483064073,36.58970895271691],[0.7521597931644692,36.58929059661886],[0.749022122429031,36.603958760183396],[0.750977877570969,36.60437711628145]]],[[[0.7541835609805844,36.58461038681304],[0.7560713034483454,36.59012730881497],[0.7502040380225311,36.5888722405208],[0.7541835609805844,36.58461038681304]]]]},"properties":{"speed":0.1577,"dir_deg":167.9,"type":"ضعيف"}},{"type":"Feature","geometry":{"type":"MultiPolygon","coordinates":[[[[0.7925251799809268,36.60468076276684],[0.8002175479971463,36.59180336107617],[0.798500561105056,36.59077771200733],[0.7908081930888364,36.603655113698004],[0.7925251799809268,36.60468076276684]]],[[[0.8019231772231743,36.58699806931152],[0.8019345348892365,36.592829010144996],[0.7967835742129658,36.5897520629385],[0.8019231772231743,36.58699806931152]]]]},"properties":{"speed":0.0975,"dir_deg":149.1,"type":"ضعيف"}},{"type":"Feature","geometry":{"type":"MultiPolygon","coordinates":[[[[0.8336492954804918,36.60511670341199],[0.8478807731740107,36.60037697318138],[0.8472488091432638,36.59847944282225],[0.833017331449745,36.60321917305286],[0.8336492954804918,36.60511670341199]]],[[[0.8523086170564768,36.597848297924955],[0.8485127372047575,36.60227450354052],[0.846616845112517,36.596581912463115],[0.8523086170564768,36.597848297924955]]]]},"properties":{"speed":0.0752,"dir_deg":108.4,"type":"ضعيف"}},{"type":"Feature","geometry":{"type":"MultiPolygon","coordinates":[[[[0.8747931420941767,36.60514630922893],[0.8894687070417224,36.608249177816276],[0.889882422853369,36.60629243582326],[0.8752068579058233,36.603189567235916],[0.8747931420941767,36.60514630922893]]],[[[0.8945674199300611,36.608305096348886],[0.8890549912300757,36.61020591980928],[0.8902961386650158,36.60433569383026],[0.8945674199300611,36.608305096348886]]]]},"properties":{"speed":0.1132,"dir_deg":78.1,"type":"ضعيف"}},{"type":"Feature","geometry":{"type":"MultiPolygon","coordinates":[[[[0.9162407709373209,36.60507270113161],[0.9298122144252026,36.61146143509502],[0.9306640456203239,36.609651909296645],[0.9170926021324423,36.60326317533323],[0.9162407709373209,36.60507270113161]]],[[[0.9347619445187239,36.612686250183636],[0.9289603832300811,36.61327096089341],[0.9315158768154453,36.60784238349826],[0.9347619445187239,36.612686250183636]]]]},"properties":{"speed":0.2057,"dir_deg":64.8,"type":"متوسط"}},{"type":"Feature","geometry":{"type":"MultiPolygon","coordinates":[[[[0.9578757452266319,36.605057112741235],[0.9712133628588735,36.61192063631853],[0.9721284993358466,36.6101422873009],[0.9587908817036049,36.60327876372361],[0.9578757452266319,36.605057112741235]]],[[[0.9761168036414406,36.61331930300215],[0.9702982263819006,36.613698985336164],[0.9730436358128195,36.60836393828327],[0.9761168036414406,36.61331930300215]]]]},"properties":{"speed":0.3016,"dir_deg":62.8,"type":"متوسط"}},{"type":"Feature","geometry":{"type":"MultiPolygon","coordinates":[[[[0.9994666188807618,36.60501381327144],[1.0121547444660897,36.61301453006001],[1.0132215067045662,36.611322779981975],[1.0005333811192383,36.6033220631934],[0.9994666188807618,36.60501381327144]]],[[[1.0169175007804372,36.61483556061719],[1.0110879822276133,36.61470628013806],[1.0142882689430426,36.60963102990393],[1.0169175007804372,36.61483556061719]]]]},"properties":{"speed":0.399,"dir_deg":57.8,"type":"قوي"}},{"type":"Feature","geometry":{"type":"MultiPolygon","coordinates":[[[[-0.415751016325315,36.645430063453375],[-0.4217809910383533,36.63169545734471],[-0.42361227185284167,36.63249945397312],[-0.4175822971398034,36.64623406008178],[-0.415751016325315,36.645430063453375]]],[[[-0.4247066230166103,36.627519253622694],[-0.4199497102238649,36.630891460716306],[-0.4254435526673301,36.633303450601524],[-0.4247066230166103,36.627519253622694]]]]},"properties":{"speed":0.2242,"dir_deg":203.7,"type":"متوسط"}},{"type":"Feature","geometry":{"type":"MultiPolygon","coordinates":[[[[-0.37407498401950345,36.64545213356933],[-0.37977390699326335,36.63157689386188],[-0.38162393895425645,36.63233675025838],[-0.37592501598049655,36.64621198996583],[-0.37407498401950345,36.64545213356933]]],[[[-0.3825985639650132,36.627331742157644],[-0.3779238750322702,36.630817037465384],[-0.3834739709152496,36.63309660665488],[-0.3825985639650132,36.627331742157644]]]]},"properties":{"speed":0.1817,"dir_deg":202.3,"type":"متوسط"}},{"type":"Feature","geometry":{"type":"MultiPolygon","coordinates":[[[[-0.3323907405151419,36.64549814553354],[-0.33739948402580994,36.63135910424905],[-0.33928468953040775,36.63202693671713],[-0.3342759460197397,36.64616597800162],[-0.3323907405151419,36.64549814553354]]],[[[-0.34001166794833154,36.6269800067216],[-0.3355142785212121,36.63069127178096],[-0.3411698950350056,36.63269476918522],[-0.34001166794833154,36.6269800067216]]]]},"properties":{"speed":0.1235,"dir_deg":199.5,"type":"ضعيف"}},{"type":"Feature","geometry":{"type":"MultiPolygon","coordinates":[[[[-0.2907190281610949,36.64551268723737],[-0.2955096461141898,36.6312982586654],[-0.2974049032571184,36.63193700772582],[-0.2926142853040235,36.646151436297785],[-0.2907190281610949,36.64551268723737]]],[[[-0.29805414733668567,36.62687949033829],[-0.29361438897126113,36.63065950960499],[-0.29930016040004703,36.63257575678623],[-0.29805414733668567,36.62687949033829]]]]},"properties":{"speed":0.0589,"dir_deg":198.6,"type":"ضعيف"}},{"type":"Feature","geometry":{"type":"MultiPolygon","coordinates":[[[[-0.25045484826503434,36.64494149281697],[-0.2638133825242234,36.651764216792486],[-0.26290368599415476,36.653545354693705],[-0.24954515173496564,36.64672263071819],[-0.25045484826503434,36.64494149281697]]],[[[-0.26781137901225216,36.65492902706826],[-0.26472307905429215,36.64998307889126],[-0.26199398946408603,36.65532649259493],[-0.26781137901225216,36.65492902706826]]]]},"properties":{"speed":0.024,"dir_deg":297.1,"type":"ضعيف"}},{"type":"Feature","geometry":{"type":"MultiPolygon","coordinates":[[[[-0.20926525582740885,36.64546941702793],[-0.21470492692210436,36.65944832894487],[-0.21284107199984587,36.66017361842416],[-0.20740140090515036,36.646194706507224],[-0.20926525582740885,36.64546941702793]]],[[[-0.21558622315920695,36.664470610990165],[-0.21656878184436287,36.65872303946558],[-0.21097721707758735,36.66089890790345],[-0.21558622315920695,36.664470610990165]]]]},"properties":{"speed":0.0925,"dir_deg":338.7,"type":"ضعيف"}},{"type":"Feature","geometry":{"type":"MultiPolygon","coordinates":[[[[-0.16765870126211008,36.645706056940696],[-0.16954877366530993,36.66058650136654],[-0.16756471440853057,36.6608385110203],[-0.16567464200533072,36.64595806659446],[-0.16765870126211008,36.645706056940696]]],[[[-0.16918676817132022,36.665672654335374],[-0.17153283292208926,36.66033449171278],[-0.16558065515175124,36.66109052067406],[-0.16918676817132022,36.665672654335374]]]]},"properties":{"speed":0.1595,"dir_deg":352.8,"type":"ضعيف"}},{"type":"Feature","geometry":{"type":"MultiPolygon","coordinates":[[[[-0.1259996480515594,36.64585859048812],[-0.12560171724345554,36.66085331126151],[-0.12360242114033673,36.66080025382043],[-0.1240003519484406,36.64580553304704],[-0.1259996480515594,36.64585859048812]]],[[[-0.12446942558919484,36.665825022798764],[-0.1276010133465743,36.66090636870259],[-0.12160312503721794,36.660747196379354],[-0.12446942558919484,36.665825022798764]]]]},"properties":{"speed":0.2157,"dir_deg":1.5,"type":"متوسط"}},{"type":"Feature","geometry":{"type":"MultiPolygon","coordinates":[[[[-0.08433238473964014,36.64578845844325],[-0.08498643460452476,36.66077419228495],[-0.08298833675896489,36.660861398933605],[-0.08233428689408026,36.64587566509191],[-0.08433238473964014,36.64578845844325]]],[[[-0.08420540230337305,36.66581304022318],[-0.08698453245008464,36.660686985636296],[-0.08099023891340501,36.660948605582256],[-0.08420540230337305,36.66581304022318]]]]},"properties":{"speed":0.2829,"dir_deg":357.5,"type":"متوسط"}},{"type":"Feature","geometry":{"type":"MultiPolygon","coordinates":[[[[-0.042647930215048986,36.645639385132746],[-0.04553807973748235,36.660358319732026],[-0.043575555124244575,36.66074367300169],[-0.04068540560181121,36.64602473840241],[-0.042647930215048986,36.645639385132746]]],[[[-0.045520200605007916,36.665457307899956],[-0.047500604350720114,36.65997296646237],[-0.04161303051100681,36.66112902627135],[-0.045520200605007916,36.665457307899956]]]]},"properties":{"speed":0.4059,"dir_deg":348.9,"type":"قوي"}},{"type":"Feature","geometry":{"type":"MultiPolygon","coordinates":[[[[-0.0009477709239298439,36.64551310992834],[-0.005732048512496722,36.65972967378728],[-0.0038365066646370346,36.66036757746576],[0.0009477709239298439,36.64615101360682],[-0.0009477709239298439,36.64551310992834]]],[[[-0.006379036784755839,36.664787480246176],[-0.00762759036035641,36.65909177010881],[-0.0019409648167773466,36.66100548114424],[-0.006379036784755839,36.664787480246176]]]]},"properties":{"speed":0.5302,"dir_deg":341.4,"type":"قوي"}},{"type":"Feature","geometry":{"type":"MultiPolygon","coordinates":[[[[0.040753403481203876,36.645424694505806],[0.034642894554632375,36.6591236609142],[0.03646942340908482,36.65993839543774],[0.04257993233565632,36.64623942902935],[0.040753403481203876,36.645424694505806]]],[[[0.03351932267300143,36.664097350312105],[0.03281636570017993,36.65830892639065],[0.03829595226353727,36.660753129961286],[0.03351932267300143,36.664097350312105]]]]},"properties":{"speed":0.5812,"dir_deg":336.0,"type":"قوي"}},{"type":"Feature","geometry":{"type":"MultiPolygon","coordinates":[[[[0.08243245879645988,36.64539798735677],[0.07592134263440306,36.65891114266278],[0.07772309667520369,36.65977929148439],[0.08423421283726051,36.64626613617838],[0.08243245879645988,36.64539798735677]]],[[[0.07465184760078444,36.66384960217558],[0.07411958859360245,36.65804299384117],[0.0795248507160043,36.660647440306],[0.07465184760078444,36.66384960217558]]]]},"properties":{"speed":0.5081,"dir_deg":334.3,"type":"قوي"}},{"type":"Feature","geometry":{"type":"MultiPolygon","coordinates":[[[[0.12420310819651549,36.645227939715724],[0.11514127741866936,36.65718131676799],[0.11673506102563838,36.6583895608717],[0.12579689180348452,36.64643618381943],[0.12420310819651549,36.645227939715724]]],[[[0.11291755896287184,36.66176989783727],[0.11354749381170033,36.655973072664274],[0.11832884463260741,36.65959780497541],[0.11291755896287184,36.66176989783727]]]]},"properties":{"speed":0.4081,"dir_deg":322.8,"type":"قوي"}},{"type":"Feature","geometry":{"type":"MultiPolygon","coordinates":[[[[0.16601062897440325,36.64507733795773],[0.1546897718266376,36.65491797784749],[0.1560018571452719,36.656427425467186],[0.16732271429303755,36.646586785577426],[0.16601062897440325,36.64507733795773]]],[[[0.15157219543669953,36.65895291495392],[0.1533776865080033,36.653408530227786],[0.1573139424639062,36.65793687308689],[0.15157219543669953,36.65895291495392]]]]},"properties":{"speed":0.4409,"dir_deg":311.0,"type":"قوي"}},{"type":"Feature","geometry":{"type":"MultiPolygon","coordinates":[[[[0.20775775054725953,36.64501431475642],[0.19549154537994207,36.653647982041726],[0.1966427010179822,36.655283476064035],[0.20890890618529967,36.64664980877873],[0.20775775054725953,36.64501431475642]]],[[[0.19197838814318965,36.657343618147976],[0.19434038974190196,36.652012488019416],[0.1977938566560223,36.656918970086345],[0.19197838814318965,36.657343618147976]]]]},"properties":{"speed":0.4222,"dir_deg":305.1,"type":"قوي"}},{"type":"Feature","geometry":{"type":"MultiPolygon","coordinates":[[[[0.24957876178013103,36.64492511173471],[0.2359745112870916,36.65124368503274],[0.23681698772682955,36.65305758509848],[0.250421238219869,36.64673901180045],[0.24957876178013103,36.64492511173471]]],[[[0.2318609993426141,36.65425682616496],[0.23513203484735365,36.649429784967005],[0.2376594641665675,36.654871485164215],[0.2318609993426141,36.65425682616496]]]]},"properties":{"speed":0.3313,"dir_deg":294.9,"type":"متوسط"}},{"type":"Feature","geometry":{"type":"MultiPolygon","coordinates":[[[[0.29157137104882264,36.64483661179974],[0.27663962153120614,36.64626589705579],[0.2768301928986793,36.64825679699147],[0.29176194241629577,36.64682751173542],[0.29157137104882264,36.64483661179974]]],[[[0.2717576573757372,36.64773777544231],[0.27644905016373295,36.64427499712011],[0.27702076426615246,36.65024769692715],[0.2717576573757372,36.64773777544231]]]]},"properties":{"speed":0.241,"dir_deg":275.5,"type":"متوسط"}},{"type":"Feature","geometry":{"type":"MultiPolygon","coordinates":[[[[0.33384853309895485,36.64497498566973],[0.320992391631216,36.63724713819702],[0.3199620119681879,36.63896129039272],[0.33281815343592674,36.64668913786543],[0.33384853309895485,36.64497498566973]]],[[[0.31619182131045565,36.635528265137296],[0.32202277129424417,36.63553298600132],[0.31893163230515975,36.64067544258842],[0.31619182131045565,36.635528265137296]]]]},"properties":{"speed":0.226,"dir_deg":239.0,"type":"متوسط"}},{"type":"Feature","geometry":{"type":"MultiPolygon","coordinates":[[[[0.3758137265886445,36.64525081393839],[0.3670950091508603,36.63304491510872],[0.36546755597357133,36.6342074107671],[0.3741862734113555,36.64641330959677],[0.3758137265886445,36.64525081393839]]],[[[0.3633750434162878,36.629557529994685],[0.3687224623281493,36.63188241945035],[0.3638401027962823,36.63536990642547],[0.3633750434162878,36.629557529994685]]]]},"properties":{"speed":0.3019,"dir_deg":215.5,"type":"متوسط"}},{"type":"Feature","geometry":{"type":"MultiPolygon","coordinates":[[[[0.4175578611888224,36.64537845994093],[0.41075383378913066,36.632010393096984],[0.4089714248766043,36.63291759675028],[0.41577545227629603,36.64628566359423],[0.4175578611888224,36.64537845994093]]],[[[0.40759462019963694,36.628007972642315],[0.41253624270165695,36.63110318944369],[0.407189015964078,36.63382480040357],[0.40759462019963694,36.628007972642315]]]]},"properties":{"speed":0.3585,"dir_deg":207.0,"type":"قوي"}},{"type":"Feature","geometry":{"type":"MultiPolygon","coordinates":[[[[0.4592705373082511,36.645483253324635],[0.4540384106640779,36.63142534271248],[0.45216402258245725,36.63212295959837],[0.45739614922663047,36.64618087021052],[0.4592705373082511,36.645483253324635]]],[[[0.4513571744085431,36.627088180951375],[0.4559127987456985,36.63072772582659],[0.45028963450083664,36.632820576484264],[0.4513571744085431,36.627088180951375]]]]},"properties":{"speed":0.4327,"dir_deg":200.4,"type":"قوي"}},{"type":"Feature","geometry":{"type":"MultiPolygon","coordinates":[[[[0.5009464611240267,36.64550924395409],[0.49610419392168464,36.63131232709369],[0.49421127167363127,36.63195796272067],[0.4990535388759733,36.64615487958107],[0.5009464611240267,36.64550924395409]]],[[[0.4935436437302106,36.62690283928704],[0.4979971161697381,36.63066669146671],[0.49231834942557784,36.63260359834765],[0.4935436437302106,36.62690283928704]]]]},"properties":{"speed":0.5228,"dir_deg":198.8,"type":"قوي"}},{"type":"Feature","geometry":{"type":"MultiPolygon","coordinates":[[[[0.5426190159216523,36.645526990072575],[0.5380429404965853,36.631242049271016],[0.5361382817230439,36.63185219266102],[0.5407143571481109,36.64613713346258],[0.5426190159216523,36.645526990072575]]],[[[0.5355652526347923,36.62678547403216],[0.5399475992701268,36.630631905881],[0.5342336229495024,36.632462336051034],[0.5355652526347923,36.62678547403216]]]]},"properties":{"speed":0.5336,"dir_deg":197.8,"type":"قوي"}},{"type":"Feature","geometry":{"type":"MultiPolygon","coordinates":[[[[0.5842908773640569,36.64554384070754],[0.5799675614634807,36.63118038222346],[0.5780524336656037,36.63175682434354],[0.5823757495661799,36.64612028282762],[0.5842908773640569,36.64554384070754]]],[[[0.5775688922643502,36.62668078378881],[0.5818826892613578,36.630603940103384],[0.5761373058677266,36.63233326646362],[0.5775688922643502,36.62668078378881]]]]},"properties":{"speed":0.4555,"dir_deg":196.8,"type":"قوي"}},{"type":"Feature","geometry":{"type":"MultiPolygon","coordinates":[[[[0.6259470936088246,36.6455111042998],[0.6211327315921311,36.631304700167426],[0.6192385443744819,36.63194661510298],[0.6240529063911754,36.646153019235356],[0.6259470936088246,36.6455111042998]]],[[[0.6185808506444087,36.62689018959109],[0.6230269188097805,36.63066278523186],[0.6173443571568326,36.63258853003855],[0.6185808506444087,36.62689018959109]]]]},"properties":{"speed":0.3658,"dir_deg":198.7,"type":"قوي"}},{"type":"Feature","geometry":{"type":"MultiPolygon","coordinates":[[[[0.6676369862623208,36.64559015592033],[0.6640083985536442,36.63103566000874],[0.6620677990987658,36.631519471703236],[0.6656963868074424,36.646073967614825],[0.6676369862623208,36.64559015592033]]],[[[0.6618285695899795,36.626426067218794],[0.6659489980085227,36.630551848314255],[0.6601271996438873,36.63200328339772],[0.6618285695899795,36.626426067218794]]]]},"properties":{"speed":0.323,"dir_deg":194.0,"type":"متوسط"}},{"type":"Feature","geometry":{"type":"MultiPolygon","coordinates":[[[[0.7093279093795053,36.6457282399631],[0.707770582312346,36.6308093012473],[0.7057813904835722,36.631016944856256],[0.7073387175507315,36.64593588357206],[0.7093279093795053,36.6457282399631]]],[[[0.7062568773755727,36.62594014347984],[0.7097597741411198,36.630601657638344],[0.7037921986547985,36.63122458846521],[0.7062568773755727,36.62594014347984]]]]},"properties":{"speed":0.27,"dir_deg":186.0,"type":"متوسط"}},{"type":"Feature","geometry":{"type":"MultiPolygon","coordinates":[[[[0.750999418635101,36.6457979678999],[0.75048801062001,36.63080668837339],[0.748489173349808,36.63087487610874],[0.749000581364899,36.645866155635254],[0.750999418635101,36.6457979678999]]],[[[0.7493181226465453,36.62584368906556],[0.752486847890212,36.630738500638046],[0.746490336079606,36.630943063844086],[0.7493181226465453,36.62584368906556]]]]},"properties":{"speed":0.1953,"dir_deg":182.0,"type":"متوسط"}},{"type":"Feature","geometry":{"type":"MultiPolygon","coordinates":[[[[0.7926620006721598,36.645735367568506],[0.7912115876860828,36.630805655509334],[0.7892209594115265,36.63099904390748],[0.7906713723976034,36.64592875596665],[0.7926620006721598,36.645735367568506]]],[[[0.7897328025534457,36.62592577902201],[0.7932022159606392,36.63061226711119],[0.78723033113697,36.631192432305625],[0.7897328025534457,36.62592577902201]]]]},"properties":{"speed":0.1369,"dir_deg":185.5,"type":"ضعيف"}},{"type":"Feature","geometry":{"type":"MultiPolygon","coordinates":[[[[0.834316917982069,36.64565172276948],[0.8316118330106255,36.63089765501522],[0.8296446239767243,36.63125833301142],[0.8323497089481678,36.64601240076568],[0.834316917982069,36.64565172276948]]],[[[0.8297265335031938,36.626159971428564],[0.8335790420445267,36.63053697701903],[0.8276774149428231,36.63161901100761],[0.8297265335031938,36.626159971428564]]]]},"properties":{"speed":0.0988,"dir_deg":190.4,"type":"ضعيف"}},{"type":"Feature","geometry":{"type":"MultiPolygon","coordinates":[[[[0.8759972532252037,36.64590612933687],[0.8771082667645764,36.63094733095882],[0.875113760314169,36.63079919582023],[0.8740027467747963,36.645757994198284],[0.8759972532252037,36.64590612933687]]],[[[0.8764813513858303,36.62588699726351],[0.8791027732149839,36.6310954660974],[0.8731192538637615,36.63065106068165],[0.8764813513858303,36.62588699726351]]]]},"properties":{"speed":0.0474,"dir_deg":175.8,"type":"ضعيف"}},{"type":"Feature","geometry":{"type":"MultiPolygon","coordinates":[[[[0.9164325188089897,36.646804257980364],[0.9310154620007426,36.65031677386874],[0.9314837974525264,36.64837238144317],[0.9169008542607735,36.64485986555479],[0.9164325188089897,36.646804257980364]]],[[[0.9361106107905521,36.650515416285415],[0.9305471265489589,36.6522611662943],[0.9319521329043101,36.6464279890176],[0.9361106107905521,36.650515416285415]]]]},"properties":{"speed":0.0598,"dir_deg":76.5,"type":"ضعيف"}},{"type":"Feature","geometry":{"type":"MultiPolygon","coordinates":[[[[0.9578769988180523,36.6467218802563],[0.9712242761488948,36.65356659996229],[0.972136905443027,36.65178696298484],[0.9587896281121845,36.644942243278855],[0.9578769988180523,36.6467218802563]]],[[[0.976129683239575,36.654958354708896],[0.9703116468547628,36.655346236939735],[0.973049534737159,36.6500073260074],[0.976129683239575,36.654958354708896]]]]},"properties":{"speed":0.1418,"dir_deg":62.9,"type":"ضعيف"}},{"type":"Feature","geometry":{"type":"MultiPolygon","coordinates":[[[[0.999487647121015,36.646690836783165],[1.012369272354814,36.65437612996794],[1.013393978112784,36.65265857993677],[1.000512352878985,36.64497328675199],[0.999487647121015,36.646690836783165]]],[[[1.0171755003117322,36.656079119347275],[1.0113445665968441,36.65609367999912],[1.014418683870754,36.650941029905596],[1.0171755003117322,36.656079119347275]]]]},"properties":{"speed":0.2351,"dir_deg":59.2,"type":"متوسط"}},{"type":"Feature","geometry":{"type":"MultiPolygon","coordinates":[[[[-0.4158052656896566,36.68699205761035],[-0.4234244015344625,36.67407119196681],[-0.4251471836202677,36.67508707674612],[-0.4175280477754618,36.68800794238965],[-0.4158052656896566,36.68699205761035]]],[[[-0.4268255045256337,36.670272179141946],[-0.42170161944865725,36.673055307187504],[-0.42686996570607294,36.67610296152542],[-0.4268255045256337,36.670272179141946]]]]},"properties":{"speed":0.273,"dir_deg":210.5,"type":"متوسط"}},{"type":"Feature","geometry":{"type":"MultiPolygon","coordinates":[[[[-0.37413635392672073,36.68699590133891],[-0.3816978338430193,36.67404121023972],[-0.38342512598957784,36.6750494075619],[-0.37586364607327927,36.68800409866109],[-0.37413635392672073,36.68699590133891]]],[[[-0.38508197322173143,36.67022707853442],[-0.3799705416964607,36.67303301291755],[-0.38515241813613643,36.67605760488407],[-0.38508197322173143,36.67022707853442]]]]},"properties":{"speed":0.2302,"dir_deg":210.3,"type":"متوسط"}},{"type":"Feature","geometry":{"type":"MultiPolygon","coordinates":[[[[-0.33245715853538815,36.687018024569795],[-0.3396867899884087,36.673875253589],[-0.34143915945251396,36.67483920444941],[-0.33420952799949344,36.687981975430205],[-0.33245715853538815,36.687018024569795]]],[[[-0.34297285187146814,36.669976305358944],[-0.33793442052430334,36.6729113027286],[-0.3431915289166193,36.675803155309815],[-0.34297285187146814,36.669976305358944]]]]},"properties":{"speed":0.1727,"dir_deg":208.8,"type":"متوسط"}},{"type":"Feature","geometry":{"type":"MultiPolygon","coordinates":[[[[-0.29080216286309396,36.686997356637704],[-0.2983418132974857,36.674029948595724],[-0.3000708010364162,36.675035235320316],[-0.29253115060202445,36.688002643362296],[-0.29080216286309396,36.686997356637704]]],[[[-0.3017195239784149,36.6702101226107],[-0.2966128255585552,36.67302466187114],[-0.3017997887753467,36.6760405220449],[-0.3017195239784149,36.6702101226107]]]]},"properties":{"speed":0.1097,"dir_deg":210.2,"type":"ضعيف"}},{"type":"Feature","geometry":{"type":"MultiPolygon","coordinates":[[[[-0.24949653995112145,36.68663598149373],[-0.2624568175452249,36.67908408076055],[-0.26346373764298203,36.680812117773094],[-0.2505034600488786,36.68836401850627],[-0.24949653995112145,36.68663598149373]]],[[[-0.26728037012547123,36.67743079902243],[-0.26144989744746777,36.677356043748006],[-0.26447065774073913,36.68254015478564],[-0.26728037012547123,36.67743079902243]]]]},"properties":{"speed":0.0591,"dir_deg":239.8,"type":"ضعيف"}},{"type":"Feature","geometry":{"type":"MultiPolygon","coordinates":[[[[-0.20899214891421042,36.68674769986998],[-0.22027665086447087,36.696630008088945],[-0.21895900976860924,36.69813460834898],[-0.20767450781834879,36.68825230013002],[-0.20899214891421042,36.68674769986998]]],[[[-0.2233793309666269,36.700676410958614],[-0.2215942919603325,36.69512540782891],[-0.2176413686727476,36.699639208609014],[-0.2233793309666269,36.700676410958614]]]]},"properties":{"speed":0.0735,"dir_deg":311.2,"type":"ضعيف"}},{"type":"Feature","geometry":{"type":"MultiPolygon","coordinates":[[[[-0.16763400657063843,36.68724649828439],[-0.17143653230480502,36.70175652233816],[-0.16950186243096896,36.70226352576938],[-0.16569933669680237,36.68775350171561],[-0.16763400657063843,36.68724649828439]]],[[[-0.17173670594594254,36.70684669873836],[-0.1733712021786411,36.701249518906934],[-0.16756719255713287,36.702770529200606],[-0.17173670594594254,36.70684669873836]]]]},"properties":{"speed":0.1283,"dir_deg":345.3,"type":"ضعيف"}},{"type":"Feature","geometry":{"type":"MultiPolygon","coordinates":[[[[-0.12599938367625624,36.68746489633021],[-0.1265259387230751,36.702455651474054],[-0.12452717137056263,36.70252585881363],[-0.12400061632374376,36.68753510366979],[-0.12599938367625624,36.68746489633021]]],[[[-0.12570207339575848,36.70748767352512],[-0.12852470607558755,36.70238544413448],[-0.12252840401805017,36.702596066153205],[-0.12570207339575848,36.70748767352512]]]]},"properties":{"speed":0.1862,"dir_deg":358.0,"type":"متوسط"}},{"type":"Feature","geometry":{"type":"MultiPolygon","coordinates":[[[[-0.08432598195280759,36.68737894774356],[-0.08614176579937718,36.70226863978277],[-0.0841564735274824,36.70251074429565],[-0.0823406896809128,36.68762105225644],[-0.08432598195280759,36.68737894774356]]],[[[-0.08575438094561966,36.70735292271895],[-0.08812705807127195,36.7020265352699],[-0.08217118125558763,36.70275284880852],[-0.08575438094561966,36.70735292271895]]]]},"properties":{"speed":0.2792,"dir_deg":353.0,"type":"متوسط"}},{"type":"Feature","geometry":{"type":"MultiPolygon","coordinates":[[[[-0.0426318376017725,36.68723837533936],[-0.046556207511325144,36.701715920739495],[-0.044625868124640346,36.70223917006077],[-0.0407014982150877,36.68776162466064],[-0.0426318376017725,36.68723837533936]]],[[[-0.04689916112116696,36.70680339386685],[-0.048486546898009936,36.70119267141822],[-0.042695528737955554,36.70276241938205],[-0.04689916112116696,36.70680339386685]]]]},"properties":{"speed":0.4215,"dir_deg":344.8,"type":"قوي"}},{"type":"Feature","geometry":{"type":"MultiPolygon","coordinates":[[[[-0.0009291690230066507,36.68713034485438],[-0.006473996207337548,36.70106788019948],[-0.004615658161324246,36.70180719049072],[0.0009291690230066507,36.68786965514562],[-0.0009291690230066507,36.68713034485438]]],[[[-0.007393102912441197,36.706083380460136],[-0.00833233425335085,36.70032856990824],[-0.002757320115310945,36.70254650078196],[-0.007393102912441197,36.706083380460136]]]]},"properties":{"speed":0.5392,"dir_deg":338.3,"type":"قوي"}},{"type":"Feature","geometry":{"type":"MultiPolygon","coordinates":[[[[0.040753925983199865,36.68709146337015],[0.034625876535490104,36.70078259224861],[0.03645136038595057,36.701599665508304],[0.042579409833660334,36.68790853662985],[0.040753925983199865,36.68709146337015]]],[[[0.03349593531148375,36.7057548385046],[0.032800392685029635,36.69996551898891],[0.03827684423641104,36.702416738768],[0.03349593531148375,36.7057548385046]]]]},"properties":{"speed":0.5689,"dir_deg":335.9,"type":"قوي"}},{"type":"Feature","geometry":{"type":"MultiPolygon","coordinates":[[[[0.08244434495195575,36.68704207506934],[0.07557547099211338,36.70037693804291],[0.07735345272192228,36.70129278790422],[0.08422232668176464,36.68795792493066],[0.08244434495195575,36.68704207506934]]],[[[0.07417483720373703,36.70527981729809],[0.07379748926230449,36.69946108818159],[0.07913143445173117,36.70220863776554],[0.07417483720373703,36.70527981729809]]]]},"properties":{"speed":0.4731,"dir_deg":332.7,"type":"قوي"}},{"type":"Feature","geometry":{"type":"MultiPolygon","coordinates":[[[[0.12424595299879929,36.68684317953748],[0.11439364606105382,36.698153884555495],[0.11590174006345524,36.69946752548053],[0.12575404700120071,36.68815682046252],[0.12424595299879929,36.68684317953748]]],[[[0.1118635907496727,36.70258094002401],[0.11288555205865239,36.69684024363046],[0.11740983406585667,36.70078116640556],[0.1118635907496727,36.70258094002401]]]]},"properties":{"speed":0.4134,"dir_deg":318.9,"type":"قوي"}},{"type":"Feature","geometry":{"type":"MultiPolygon","coordinates":[[[[0.1660370298865044,36.686723114377685],[0.15438374555175027,36.69616774058593],[0.15564302904618227,36.69772151183056],[0.1672963133809364,36.688276885622315],[0.1660370298865044,36.686723114377685]]],[[[0.15112895918738156,36.70009283494432],[0.15312446205731828,36.69461396934129],[0.15690231254061426,36.699275283075195],[0.15112895918738156,36.70009283494432]]]]},"properties":{"speed":0.4373,"dir_deg":309.0,"type":"قوي"}},{"type":"Feature","geometry":{"type":"MultiPolygon","coordinates":[[[[0.20780704845761988,36.686649688611304],[0.19505237762722413,36.6945438872412],[0.19610493744454358,36.696244510018595],[0.20885960827493932,36.688350311388696],[0.20780704845761988,36.686649688611304]]],[[[0.19132710059241861,36.698025598173196],[0.19399981780990466,36.69284326446382],[0.19715749726186305,36.69794513279598],[0.19132710059241861,36.698025598173196]]]]},"properties":{"speed":0.3827,"dir_deg":301.8,"type":"قوي"}},{"type":"Feature","geometry":{"type":"MultiPolygon","coordinates":[[[[0.24968009144775988,36.68655255157491],[0.23546836507142485,36.691351179858515],[0.2361081821759051,36.69324607670869],[0.2503199085522401,36.68844744842509],[0.24968009144775988,36.68655255157491]]],[[[0.23105103149821998,36.6938981710448],[0.2348285479669446,36.68945628300833],[0.23674799928038534,36.69514097355887],[0.23105103149821998,36.6938981710448]]]]},"properties":{"speed":0.2937,"dir_deg":288.7,"type":"متوسط"}},{"type":"Feature","geometry":{"type":"MultiPolygon","coordinates":[[[[0.2918059666736907,36.68650975117253],[0.27695223426166915,36.684420102055554],[0.2766736143794062,36.686400599710495],[0.2915273467914277,36.68849024882747],[0.2918059666736907,36.68650975117253]]],[[[0.2718616801831972,36.684713801177374],[0.27723085414393206,36.68243960440062],[0.2763949944971433,36.68838109736543],[0.2718616801831972,36.684713801177374]]]]},"properties":{"speed":0.2367,"dir_deg":262.0,"type":"متوسط"}},{"type":"Feature","geometry":{"type":"MultiPolygon","coordinates":[[[[0.33399629194546354,36.68675133515489],[0.32276631926877,36.67680710498455],[0.3214404219127245,36.67830443467477],[0.33267039458941805,36.68824866484511],[0.33399629194546354,36.68675133515489]]],[[[0.3183600463651827,36.674241026439546],[0.3240922166248154,36.67530977529432],[0.32011452455667905,36.679801764364996],[0.3183600463651827,36.674241026439546]]]]},"properties":{"speed":0.2766,"dir_deg":228.5,"type":"متوسط"}},{"type":"Feature","geometry":{"type":"MultiPolygon","coordinates":[[[[0.37584083896160997,36.68695871464029],[0.36772155856592875,36.67434613021614],[0.3660398806427088,36.67542870093556],[0.37415916103839003,36.68804128535971],[0.37584083896160997,36.68695871464029]]],[[[0.3641742928057584,36.6706832207678],[0.36940323648914875,36.67326355949672],[0.3643582027194888,36.67651127165499],[0.3641742928057584,36.6706832207678]]]]},"properties":{"speed":0.3497,"dir_deg":212.8,"type":"قوي"}},{"type":"Feature","geometry":{"type":"MultiPolygon","coordinates":[[[[0.4175506356928835,36.68703247331872],[0.41053773547375916,36.67377278891386],[0.4087697775531106,36.67470784227641],[0.41578267777223493,36.68796752668128],[0.4175506356928835,36.68703247331872]]],[[[0.40731612310706017,36.66982042079351],[0.41230569339440776,36.67283773555131],[0.407001819632462,36.67564289563896],[0.40731612310706017,36.66982042079351]]]]},"properties":{"speed":0.3785,"dir_deg":207.9,"type":"قوي"}},{"type":"Feature","geometry":{"type":"MultiPolygon","coordinates":[[[[0.4592559018076794,36.68711414285048],[0.4534680445649348,36.673275764746904],[0.4516229274844576,36.67404747904594],[0.4574107847272022,36.68788585714952],[0.4592559018076794,36.68711414285048]]],[[[0.4506162002771147,36.669048829195226],[0.45531316164541197,36.67250405044787],[0.4497778104039804,36.67481919334497],[0.4506162002771147,36.669048829195226]]]]},"properties":{"speed":0.4597,"dir_deg":202.7,"type":"قوي"}},{"type":"Feature","geometry":{"type":"MultiPolygon","coordinates":[[[[0.5009400325225902,36.687158915177015],[0.4958237601777729,36.67305842733816],[0.49394369513259245,36.67374059698413],[0.49905996747740977,36.687841084822985],[0.5009400325225902,36.687158915177015]]],[[[0.4931783035402436,36.6686993495482],[0.4977038252229534,36.672376257692186],[0.49206363008741194,36.67442276663011],[0.4931783035402436,36.6686993495482]]]]},"properties":{"speed":0.5494,"dir_deg":199.9,"type":"قوي"}},{"type":"Feature","geometry":{"type":"MultiPolygon","coordinates":[[[[0.5426151624766912,36.687183150843765],[0.5378624251331281,36.67295601171662],[0.5359654732495089,36.67358971002909],[0.540718210593072,36.687816849156235],[0.5426151624766912,36.687183150843765]]],[[[0.5353297034101309,36.668530481163806],[0.5397593770167473,36.672322313404145],[0.5340685213658898,36.67422340834157],[0.5353297034101309,36.668530481163806]]]]},"properties":{"speed":0.5471,"dir_deg":198.5,"type":"قوي"}},{"type":"Feature","geometry":{"type":"MultiPolygon","coordinates":[[[[0.5842833834618331,36.68718796314105],[0.5796028305776016,36.67293691319033],[0.5777026905841723,36.67356098690823],[0.5823832434684038,36.68781203685895],[0.5842833834618331,36.68718796314105]]],[[[0.5770925762861432,36.6684986000657],[0.581502970571031,36.67231283947243],[0.575802550590743,36.67418506062612],[0.5770925762861432,36.6684986000657]]]]},"properties":{"speed":0.4668,"dir_deg":198.2,"type":"قوي"}},{"type":"Feature","geometry":{"type":"MultiPolygon","coordinates":[[[[0.6259433319290769,36.68716814932336],[0.6209655717795305,36.67301817038721],[0.6190789079213767,36.673681871740484],[0.6240566680709231,36.68783185067664],[0.6259433319290769,36.68716814932336]]],[[[0.6183629864672714,36.668633361418465],[0.6228522356376842,36.67235446903394],[0.6171922440632229,36.67434557309375],[0.6183629864672714,36.668633361418465]]]]},"properties":{"speed":0.3755,"dir_deg":199.4,"type":"قوي"}},{"type":"Feature","geometry":{"type":"MultiPolygon","coordinates":[[[[0.6676362732775349,36.68725525207157],[0.6639650543510808,36.67271145093177],[0.6620258808657741,36.673200946788626],[0.6656970997922282,36.68774474792843],[0.6676362732775349,36.68725525207157]]],[[[0.6617717279662761,36.668108265146934],[0.6659042278363874,36.67222195507491],[0.6600867073804675,36.67369044264549],[0.6617717279662761,36.668108265146934]]]]},"properties":{"speed":0.3239,"dir_deg":194.2,"type":"متوسط"}},{"type":"Feature","geometry":{"type":"MultiPolygon","coordinates":[[[[0.7093277258000305,36.687394434341876],[0.7077442409282035,36.672478249318196],[0.7057554162583795,36.672689380634445],[0.7073389011302064,36.687605565658124],[0.7093277258000305,36.687394434341876]]],[[[0.7062220003026826,36.667611753301756],[0.7097330655980277,36.672267118001955],[0.7037665915885553,36.67290051195069],[0.7062220003026826,36.667611753301756]]]]},"properties":{"speed":0.2707,"dir_deg":186.1,"type":"متوسط"}},{"type":"Feature","geometry":{"type":"MultiPolygon","coordinates":[[[[0.7509996648639463,36.687474112555336],[0.7506113531940283,36.67247913959614],[0.7486120234661356,36.67253091448547],[0.7490003351360537,36.687525887444664],[0.7509996648639463,36.687474112555336]]],[[[0.7494822511067759,36.66750670272107],[0.752610682921921,36.67242736470682],[0.7466126937382429,36.67258268937479],[0.7494822511067759,36.66750670272107]]]]},"properties":{"speed":0.2138,"dir_deg":181.5,"type":"متوسط"}},{"type":"Feature","geometry":{"type":"MultiPolygon","coordinates":[[[[0.7926636248045531,36.6874218073759],[0.7914907354429797,36.672467733330826],[0.7894968589036366,36.67262411857903],[0.7906697482652101,36.6875781926241],[0.7926636248045531,36.6874218073759]]],[[[0.7901028340527836,36.66756123460657],[0.7934846119823227,36.672311348082616],[0.7875029823642936,36.67278050382724],[0.7901028340527836,36.66756123460657]]]]},"properties":{"speed":0.1799,"dir_deg":184.5,"type":"متوسط"}},{"type":"Feature","geometry":{"type":"MultiPolygon","coordinates":[[[[0.8343159112586269,36.687314254000874],[0.8315297212716991,36.67257528709825],[0.8295645256846821,36.6729467790965],[0.8323507156716099,36.687685745999126],[0.8343159112586269,36.687314254000874]]],[[[0.8296183934825481,36.66784804412983],[0.833494916858716,36.67220379509999],[0.8275993300976652,36.67331827109476],[0.8296183934825481,36.66784804412983]]]]},"properties":{"speed":0.1692,"dir_deg":190.7,"type":"متوسط"}},{"type":"Feature","geometry":{"type":"MultiPolygon","coordinates":[[[[0.8759683830320751,36.687250531959585],[0.8722263624258348,36.672724786478454],[0.8702895963616846,36.673223722559285],[0.8740316169679249,36.687749468040415],[0.8759683830320751,36.687250531959585]]],[[[0.8700106391916795,36.6681323393585],[0.874163128489985,36.67222585039762],[0.8683528302975344,36.673722658640116],[0.8700106391916795,36.6681323393585]]]]},"properties":{"speed":0.1422,"dir_deg":194.4,"type":"ضعيف"}},{"type":"Feature","geometry":{"type":"MultiPolygon","coordinates":[[[[0.9176486472161574,36.687310914779985],[0.9148123689159187,36.672581504560846],[0.9128484475533671,36.672959675000875],[0.9156847258536058,36.687689085220015],[0.9176486472161574,36.687310914779985]]],[[[0.9128849821345634,36.66786078637448],[0.9167762902784702,36.672203334120816],[0.9108845261908156,36.673337845440905],[0.9128849821345634,36.66786078637448]]]]},"properties":{"speed":0.0821,"dir_deg":190.9,"type":"ضعيف"}},{"type":"Feature","geometry":{"type":"MultiPolygon","coordinates":[[[[0.9586318179063613,36.68845440824523],[0.972947941584774,36.68397684162658],[0.9723509327022882,36.682068025136125],[0.9580348090238755,36.68654559175477],[0.9586318179063613,36.68845440824523]]],[[[0.9774214783696686,36.68152991117514],[0.9735449504672599,36.68588565811704],[0.9717539238198024,36.68015920864567],[0.9774214783696686,36.68152991117514]]]]},"properties":{"speed":0.0312,"dir_deg":107.4,"type":"ضعيف"}},{"type":"Feature","geometry":{"type":"MultiPolygon","coordinates":[[[[0.9994723280010946,36.68834944821006],[1.012214051151969,36.696264528193645],[1.0132693951497798,36.69456563177352],[1.0005276719989054,36.68665055178994],[0.9994723280010946,36.68834944821006]]],[[[1.016988964201166,36.6980534399781],[1.0111587071541583,36.69796342461376],[1.0143247391475905,36.692866735353405],[1.016988964201166,36.6980534399781]]]]},"properties":{"speed":0.1116,"dir_deg":58.2,"type":"ضعيف"}}]}