{"type":"FeatureCollection","date":"2026-08-30","features":[{"type":"Feature","geometry":{"type":"MultiPolygon","coordinates":[[[[-0.2509109749878362,35.853755476632344],[-0.2570978989889691,35.86742010144989],[-0.2552759490132967,35.868245024650044],[-0.24908902501216382,35.8545803998325],[-0.2509109749878362,35.853755476632344]]],[[[-0.2582492320015105,35.87238743798915],[-0.2589198489646415,35.86659517824974],[-0.25345399903762433,35.86906994785019],[-0.2582492320015105,35.87238743798915]]]]},"properties":{"speed":0.1094,"dir_deg":335.6,"type":"ضعيف"}},{"type":"Feature","geometry":{"type":"MultiPolygon","coordinates":[[[[-0.20883043067294804,35.8533002462959],[-0.22184580972077464,35.860756780895926],[-0.22085160510743776,35.862492164768966],[-0.20783622605961116,35.85503563016894],[-0.20883043067294804,35.8533002462959]]],[[[-0.22568716709671505,35.86410998436579],[-0.22284001433411155,35.85902139702288],[-0.21985740049410085,35.86422754864201],[-0.22568716709671505,35.86410998436579]]]]},"properties":{"speed":0.0688,"dir_deg":299.8,"type":"ضعيف"}},{"type":"Feature","geometry":{"type":"MultiPolygon","coordinates":[[[[-0.16608867876757202,35.853351896415674],[-0.17832930601879388,35.84468200342345],[-0.17948529175109063,35.846314087056946],[-0.16724466449986877,35.85498398004917],[-0.16608867876757202,35.853351896415674]]],[[[-0.18298750796868288,35.84260808090946],[-0.1771733202864971,35.843049919789955],[-0.1806412774833874,35.84794617069044],[-0.18298750796868288,35.84260808090946]]]]},"properties":{"speed":0.0862,"dir_deg":234.7,"type":"ضعيف"}},{"type":"Feature","geometry":{"type":"MultiPolygon","coordinates":[[[[-0.1242233060093868,35.8535380601133],[-0.13367147779617716,35.8418876502541],[-0.13522486577740356,35.84314740649234],[-0.1257766939906132,35.85479781635154],[-0.1242233060093868,35.8535380601133]]],[[[-0.13759756238238713,35.838634058420155],[-0.13211808981495074,35.84062789401586],[-0.13677825375862998,35.84440716273058],[-0.13759756238238713,35.838634058420155]]]]},"properties":{"speed":0.1099,"dir_deg":219.0,"type":"ضعيف"}},{"type":"Feature","geometry":{"type":"MultiPolygon","coordinates":[[[[-0.08281924732419088,35.85331020108055],[-0.09568530460230153,35.845598873690506],[-0.09671348158764016,35.847314347994256],[-0.08384742430952952,35.8550256753843],[-0.08281924732419088,35.85331020108055]]],[[[-0.10048807885434105,35.843886168379036],[-0.0946571276169629,35.84388339938676],[-0.09774165857297878,35.849029822298],[-0.10048807885434105,35.843886168379036]]]]},"properties":{"speed":0.0706,"dir_deg":239.1,"type":"ضعيف"}},{"type":"Feature","geometry":{"type":"MultiPolygon","coordinates":[[[[-0.0424862511802148,35.85359497814602],[-0.05108065247625669,35.86588872722279],[-0.049441485932687296,35.86703464739559],[-0.0408470846366454,35.85474089831882],[-0.0424862511802148,35.85359497814602]]],[[[-0.05312586963648596,35.87055960366811],[-0.05271981901982608,35.86474280704998],[-0.04780231938911791,35.8681805675684],[-0.05312586963648596,35.87055960366811]]]]},"properties":{"speed":0.0856,"dir_deg":325.0,"type":"ضعيف"}},{"type":"Feature","geometry":{"type":"MultiPolygon","coordinates":[[[[-0.292392605462285,35.89514431294583],[-0.3027088377884362,35.906033543891716],[-0.3012569403289846,35.90740904153521],[-0.2909407080028334,35.896519810589325],[-0.292392605462285,35.89514431294583]]],[[[-0.30542163316742743,35.910351036362094],[-0.3041607352478879,35.90465804624823],[-0.2998050428695329,35.9087845391787],[-0.30542163316742743,35.910351036362094]]]]},"properties":{"speed":0.0476,"dir_deg":316.5,"type":"ضعيف"}},{"type":"Feature","geometry":{"type":"MultiPolygon","coordinates":[[[[-0.25088743709913786,35.89537113292809],[-0.2578013696914904,35.90868268941516],[-0.2560264954932147,35.90960454709413],[-0.24911256290086212,35.896292990607066],[-0.25088743709913786,35.89537113292809]]],[[[-0.2592185767898034,35.913580803750335],[-0.2595762438897662,35.90776083173618],[-0.25425162129493895,35.910526404773115],[-0.2592185767898034,35.913580803750335]]]]},"properties":{"speed":0.1129,"dir_deg":332.6,"type":"ضعيف"}},{"type":"Feature","geometry":{"type":"MultiPolygon","coordinates":[[[[-0.2089196575419968,35.895021988871044],[-0.2210707509900421,35.9038169265068],[-0.2198980926386077,35.90543707229987],[-0.20774699919056241,35.89664213466411],[-0.2089196575419968,35.895021988871044]]],[[[-0.22453478629700666,35.907558645281924],[-0.2222434093414765,35.90219678071372],[-0.2187254342871733,35.907057218092945],[-0.22453478629700666,35.907558645281924]]]]},"properties":{"speed":0.0848,"dir_deg":305.9,"type":"ضعيف"}},{"type":"Feature","geometry":{"type":"MultiPolygon","coordinates":[[[[-0.1661559671524571,35.89497230544581],[-0.17905231197895569,35.88731173822686],[-0.1800737209414823,35.889031250870396],[-0.1671773761149837,35.896691818089344],[-0.1661559671524571,35.89497230544581]]],[[[-0.18386179806905184,35.88561797214231],[-0.1780309030164291,35.88559222558333],[-0.1810951299040089,35.89075076351393],[-0.18386179806905184,35.88561797214231]]]]},"properties":{"speed":0.0617,"dir_deg":239.3,"type":"ضعيف"}},{"type":"Feature","geometry":{"type":"MultiPolygon","coordinates":[[[[-0.12407680764061232,35.8954477235473],[-0.1298418809448164,35.88159983815648],[-0.13168826566359176,35.88236851459704],[-0.12592319235938768,35.89621639998786],[-0.12407680764061232,35.8954477235473]]],[[[-0.13268676440560545,35.877368214579825],[-0.12799549622604103,35.88083116171592],[-0.13353465038236714,35.883137191037605],[-0.13268676440560545,35.877368214579825]]]]},"properties":{"speed":0.0709,"dir_deg":202.6,"type":"ضعيف"}},{"type":"Feature","geometry":{"type":"MultiPolygon","coordinates":[[[[-0.08235319543642407,35.89563375686436],[-0.08532776898462692,35.88093165115782],[-0.08728804974549918,35.88132826096425],[-0.08431347619729633,35.89603036667079],[-0.08235319543642407,35.89563375686436]]],[[[-0.08729943388113068,35.87622925415886],[-0.08336748822375467,35.8805350413514],[-0.08924833050637143,35.881724870770675],[-0.08729943388113068,35.87622925415886]]]]},"properties":{"speed":0.0294,"dir_deg":191.4,"type":"ضعيف"}},{"type":"Feature","geometry":{"type":"MultiPolygon","coordinates":[[[[-0.04254508584482195,35.89630995498685],[-0.03537668755575892,35.909486224032726],[-0.03361985168297522,35.90853043759419],[-0.04078824997203825,35.89535416854831],[-0.04254508584482195,35.89630995498685]]],[[[-0.03210880352301273,35.913400420495414],[-0.037133523428542634,35.91044201047127],[-0.031863015810191506,35.90757465115564],[-0.03210880352301273,35.913400420495414]]]]},"properties":{"speed":0.0466,"dir_deg":28.5,"type":"ضعيف"}},{"type":"Feature","geometry":{"type":"MultiPolygon","coordinates":[[[[0.00047348978536830517,35.896712861076814],[0.013685479423919048,35.88961051429629],[0.012738499853182437,35.887848915677814],[-0.00047348978536830517,35.89495126245834],[0.00047348978536830517,35.896712861076814]]],[[[0.017615986184734325,35.88636226606021],[0.014632458994655657,35.89137211291476],[0.011791520282445827,35.88608731705934],[0.017615986184734325,35.88636226606021]]]]},"properties":{"speed":0.0475,"dir_deg":118.3,"type":"ضعيف"}},{"type":"Feature","geometry":{"type":"MultiPolygon","coordinates":[[[[-0.4173043162908671,35.93827031830285],[-0.40574954174818656,35.947835211677464],[-0.40447422263157073,35.94629457507177],[-0.4160289971742513,35.93672968169715],[-0.4173043162908671,35.93827031830285]]],[[[-0.4012602906756518,35.950253191166155],[-0.40702486086480233,35.949375848283154],[-0.40319890351495496,35.94475393846608],[-0.4012602906756518,35.950253191166155]]]]},"properties":{"speed":0.2304,"dir_deg":50.4,"type":"متوسط"}},{"type":"Feature","geometry":{"type":"MultiPolygon","coordinates":[[[[-0.37572885963521135,35.93818466315233],[-0.3654589123502487,35.949117557680495],[-0.364001193079826,35.94774823137584],[-0.37427114036478865,35.93681533684767],[-0.37572885963521135,35.93818466315233]]],[[[-0.3613067369533831,35.95207719270422],[-0.36691663162067134,35.95048688398516],[-0.3625434738094033,35.94637890507118],[-0.3613067369533831,35.95207719270422]]]]},"properties":{"speed":0.1263,"dir_deg":43.2,"type":"ضعيف"}},{"type":"Feature","geometry":{"type":"MultiPolygon","coordinates":[[[[-0.33417487580395006,35.93804020643276],[-0.32607177931253567,35.9506631944804],[-0.32438871423951715,35.94958278161488],[-0.33249181073093154,35.93695979356724],[-0.33417487580395006,35.93804020643276]]],[[[-0.3225292146122216,35.954330650730185],[-0.32775484438555413,35.951743607345925],[-0.3227056491664987,35.94850236874935],[-0.3225292146122216,35.954330650730185]]]]},"properties":{"speed":0.0801,"dir_deg":32.7,"type":"ضعيف"}},{"type":"Feature","geometry":{"type":"MultiPolygon","coordinates":[[[[-0.29258746021579923,35.93789002685197],[-0.2867370574363374,35.95170207910057],[-0.2848954504698573,35.950922025396636],[-0.2907458532493192,35.93710997314803],[-0.29258746021579923,35.93789002685197]]],[[[-0.28386611969327674,35.9559160696648],[-0.28857866440281743,35.9524821328045],[-0.28305384350337726,35.95014197169271],[-0.28386611969327674,35.9559160696648]]]]},"properties":{"speed":0.099,"dir_deg":23.0,"type":"ضعيف"}},{"type":"Feature","geometry":{"type":"MultiPolygon","coordinates":[[[[-0.2509668356556471,35.93775539932453],[-0.24713584578772257,35.952257934159235],[-0.24520217447642845,35.951747135510175],[-0.24903316434435294,35.93724460067547],[-0.2509668356556471,35.93775539932453]]],[[[-0.24489201350943401,35.95683671311294],[-0.2490695170990167,35.95276873280829],[-0.24326850316513432,35.95123633686112],[-0.24489201350943401,35.95683671311294]]]]},"properties":{"speed":0.1136,"dir_deg":14.8,"type":"ضعيف"}},{"type":"Feature","geometry":{"type":"MultiPolygon","coordinates":[[[[-0.20921454338380024,35.93702728434245],[-0.21630527824710039,35.95024550960526],[-0.2145428482120591,35.95119094092036],[-0.20745211334875896,35.93797271565755],[-0.20921454338380024,35.93702728434245]]],[[[-0.21778764151734645,35.95512430035041],[-0.21806770828214167,35.94930007829015],[-0.21278041817701782,35.95213637223547],[-0.21778764151734645,35.95512430035041]]]]},"properties":{"speed":0.0692,"dir_deg":331.8,"type":"ضعيف"}},{"type":"Feature","geometry":{"type":"MultiPolygon","coordinates":[[[[-0.16678133247289212,35.93650659530303],[-0.1816824029274299,35.938226507890604],[-0.18145308124908646,35.940213317284545],[-0.16655201079454868,35.93849340469697],[-0.16678133247289212,35.93650659530303]]],[[[-0.1865347655731041,35.939793216783436],[-0.18191172460577332,35.93623969849667],[-0.18122375957074305,35.94220012667848],[-0.1865347655731041,35.939793216783436]]]]},"properties":{"speed":0.0486,"dir_deg":276.6,"type":"ضعيف"}},{"type":"Feature","geometry":{"type":"MultiPolygon","coordinates":[[[[-0.1242710806199301,35.93681540045475],[-0.13454007379870203,35.9258816097537],[-0.13599791255884186,35.92725080884421],[-0.12572891938006991,35.93818459954525],[-0.1242710806199301,35.93681540045475]]],[[[-0.1386919909050293,35.9229216123986],[-0.13308223503856223,35.9245124106632],[-0.13745575131898166,35.92862000793471],[-0.1386919909050293,35.9229216123986]]]]},"properties":{"speed":0.022,"dir_deg":223.2,"type":"ضعيف"}},{"type":"Feature","geometry":{"type":"MultiPolygon","coordinates":[[[[-0.08286727528686456,35.93838475283689],[-0.06959598273355448,35.931393844886955],[-0.07052810379354575,35.92962433921318],[-0.08379939634685583,35.93661524716311],[-0.08286727528686456,35.93838475283689]]],[[[-0.06563827907911343,35.928178789400086],[-0.06866386167356323,35.933163350560726],[-0.07146022485353701,35.927854833539406],[-0.06563827907911343,35.928178789400086]]]]},"properties":{"speed":0.0185,"dir_deg":117.8,"type":"ضعيف"}},{"type":"Feature","geometry":{"type":"MultiPolygon","coordinates":[[[[-0.04251069592689783,35.93803629908078],[-0.034466209715254346,35.95069671935779],[-0.032778153678318885,35.94962412119624],[-0.04082263988996237,35.93696370091922],[-0.04251069592689783,35.93803629908078]]],[[[-0.03094068629290546,35.95438056036935],[-0.036154265752189815,35.95176931751934],[-0.031090097641383416,35.94855152303469],[-0.03094068629290546,35.95438056036935]]]]},"properties":{"speed":0.0111,"dir_deg":32.4,"type":"ضعيف"}},{"type":"Feature","geometry":{"type":"MultiPolygon","coordinates":[[[[0.0004685196719586333,35.9366165469356],[-0.012783276293956676,35.92958875185622],[-0.013720315637873943,35.931355657985016],[-0.0004685196719586333,35.9383834530644],[0.0004685196719586333,35.9366165469356]]],[[[-0.017669061287887082,35.92812960656083],[-0.01184623695003941,35.927821845727436],[-0.01465735498179121,35.9331225641138],[-0.017669061287887082,35.92812960656083]]]]},"properties":{"speed":0.0556,"dir_deg":242.1,"type":"ضعيف"}},{"type":"Feature","geometry":{"type":"MultiPolygon","coordinates":[[[[0.042470797368335,35.9369055457867],[0.033553984168797936,35.92484360388813],[0.03194572524898814,35.92603251231473],[0.0408625384485252,35.9380944542133],[0.042470797368335,35.9369055457867]]],[[[0.029777583642380687,35.9214174108019],[0.03516224308860773,35.92365469546152],[0.030337466329178345,35.92722142074133],[0.029777583642380687,35.9214174108019]]]]},"properties":{"speed":0.1329,"dir_deg":216.5,"type":"ضعيف"}},{"type":"Feature","geometry":{"type":"MultiPolygon","coordinates":[[[[-0.41699800990318514,35.9801114450296],[-0.40284540794555446,35.98508174258899],[-0.4021827016043026,35.98319472899463],[-0.41633530356193327,35.978224431435244],[-0.41699800990318514,35.9801114450296]]],[[[-0.39779652078905164,35.98579500164494],[-0.40350811428680633,35.98696875618334],[-0.4015199952630507,35.981307715400284],[-0.39779652078905164,35.98579500164494]]]]},"properties":{"speed":0.6206,"dir_deg":70.6,"type":"قوي"}},{"type":"Feature","geometry":{"type":"MultiPolygon","coordinates":[[[[-0.3753086802110023,35.98011910411035],[-0.3610411920420739,35.984749307275386],[-0.36042383162006936,35.98284697551953],[-0.3746913197889977,35.97821677235449],[-0.3753086802110023,35.98011910411035]]],[[[-0.3559766824414288,35.98534154245247],[-0.3616585524640784,35.986651639031244],[-0.35980647119806486,35.98094464376367],[-0.3559766824414288,35.98534154245247]]]]},"properties":{"speed":0.5254,"dir_deg":72.0,"type":"قوي"}},{"type":"Feature","geometry":{"type":"MultiPolygon","coordinates":[[[[-0.3336499925333408,35.980116480926455],[-0.3194218521228332,35.984866219914956],[-0.31878855359103314,35.98296913452689],[-0.33301669400154077,35.97821939553839],[-0.3336499925333408,35.980116480926455]]],[[[-0.314362489386764,35.985500923550426],[-0.32005515065463325,35.98676330530302],[-0.3181552550592331,35.981072049138824],[-0.314362489386764,35.985500923550426]]]]},"properties":{"speed":0.3742,"dir_deg":71.5,"type":"متوسط"}},{"type":"Feature","geometry":{"type":"MultiPolygon","coordinates":[[[[-0.2923549267127389,35.97989339287221],[-0.28147310711598544,35.9902174425749],[-0.2800965671556261,35.98876653329533],[-0.2909783867523795,35.97844248359264],[-0.2923549267127389,35.97989339287221]]],[[[-0.2771575639368879,35.992933337836014],[-0.28284964707634475,35.99166835185447],[-0.2787200271952668,35.987315624015764],[-0.2771575639368879,35.992933337836014]]]]},"properties":{"speed":0.283,"dir_deg":46.5,"type":"متوسط"}},{"type":"Feature","geometry":{"type":"MultiPolygon","coordinates":[[[[-0.2508452804548458,35.97970226112418],[-0.24283043707848914,35.99238146794687],[-0.24113987616879753,35.99131282216335],[-0.2491547195451542,35.97863361534066],[-0.2508452804548458,35.97970226112418]]],[[[-0.23931354216485778,35.99607354732934],[-0.24452099798818072,35.99345011373038],[-0.23944931525910595,35.99024417637984],[-0.23931354216485778,35.99607354732934]]]]},"properties":{"speed":0.2399,"dir_deg":32.3,"type":"متوسط"}},{"type":"Feature","geometry":{"type":"MultiPolygon","coordinates":[[[[-0.20926066744884636,35.979542160393635],[-0.20364733503062502,35.99345224663214],[-0.2017926568654915,35.99270380230971],[-0.20740598928371284,35.97879371607121],[-0.20926066744884636,35.979542160393635]]],[[[-0.20084888514198448,35.99771471988376],[-0.20550201319575853,35.99420069095457],[-0.19993797870035798,35.99195535798728],[-0.20084888514198448,35.99771471988376]]]]},"properties":{"speed":0.1372,"dir_deg":22.0,"type":"ضعيف"}},{"type":"Feature","geometry":{"type":"MultiPolygon","coordinates":[[[[-0.1676666058633991,35.9791564693041],[-0.16783863978823085,35.994155482749285],[-0.16583877132887345,35.99417842060593],[-0.1656667374040417,35.97917940716074],[-0.1676666058633991,35.9791564693041]]],[[[-0.16689605020016274,35.999166622825996],[-0.16983850824758825,35.994132544892636],[-0.16383890286951605,35.994201358462576],[-0.16689605020016274,35.999166622825996]]]]},"properties":{"speed":0.0751,"dir_deg":359.3,"type":"ضعيف"}},{"type":"Feature","geometry":{"type":"MultiPolygon","coordinates":[[[[-0.12597267357497974,35.97893576132458],[-0.12945532719264477,35.99352586494928],[-0.1275099800426853,35.993990218764964],[-0.12402732642502028,35.979400115140265],[-0.12597267357497974,35.97893576132458]]],[[[-0.12964353815688673,35.99862140973202],[-0.13140067434260422,35.99306151113359],[-0.12556463289272585,35.99445457258065],[-0.12964353815688673,35.99862140973202]]]]},"properties":{"speed":0.0645,"dir_deg":346.6,"type":"ضعيف"}},{"type":"Feature","geometry":{"type":"MultiPolygon","coordinates":[[[[-0.08432403161289928,35.97903184326664],[-0.08636545609958966,35.99389228020723],[-0.0843840645075115,35.99416447013879],[-0.08234264002082112,35.979304033198204],[-0.08432403161289928,35.97903184326664]]],[[[-0.08605523513244737,35.9989818541532],[-0.08834684769166784,35.99362009027567],[-0.08240267291543332,35.99443666007035],[-0.08605523513244737,35.9989818541532]]]]},"properties":{"speed":0.0608,"dir_deg":352.2,"type":"ضعيف"}},{"type":"Feature","geometry":{"type":"MultiPolygon","coordinates":[[[[-0.042461825059200056,35.97856153481424],[-0.051557876331887936,35.99048889207579],[-0.04996756203034802,35.99170169891215],[-0.04087151075766014,35.979774341650604],[-0.042461825059200056,35.97856153481424]]],[[[-0.053794736272013935,35.99507108124782],[-0.05314819063342784,35.98927608523943],[-0.048377247728808116,35.99291450574851],[-0.053794736272013935,35.99507108124782]]]]},"properties":{"speed":0.0462,"dir_deg":322.7,"type":"ضعيف"}},{"type":"Feature","geometry":{"type":"MultiPolygon","coordinates":[[[[4.266638153148209e-05,35.978168848857095],[-0.01494367424834135,35.977528853134125],[-0.015029007011404314,35.97952703188478],[-4.266638153148209e-05,35.98016702760775],[4.266638153148209e-05,35.978168848857095]]],[[[-0.019981787506497112,35.97831461060179],[-0.014858341485278386,35.97553067438348],[-0.015114339774467278,35.981525210635425],[-0.019981787506497112,35.97831461060179]]]]},"properties":{"speed":0.089,"dir_deg":267.6,"type":"ضعيف"}},{"type":"Feature","geometry":{"type":"MultiPolygon","coordinates":[[[[0.04228707998597179,35.978383662226136],[0.030522939891638866,35.96907748106301],[0.029282115736555488,35.97064603307558],[0.04104625583088841,35.97995221423871],[0.04228707998597179,35.978383662226136]]],[[[0.025981147782652866,35.966759696681585],[0.031763764046722244,35.96750892905043],[0.028041291581472113,35.97221458508816],[0.025981147782652866,35.966759696681585]]]]},"properties":{"speed":0.1071,"dir_deg":231.7,"type":"ضعيف"}},{"type":"Feature","geometry":{"type":"MultiPolygon","coordinates":[[[[0.08374642272322912,35.978257246622825],[0.07008604857930555,35.97206094302729],[0.06925987476656771,35.97388232624648],[0.08292024891049128,35.98007862984202],[0.08374642272322912,35.978257246622825]]],[[[0.0651195036249621,35.97090620010504],[0.07091222239204338,35.9702395598081],[0.06843370095382988,35.97570370946567],[0.0651195036249621,35.97090620010504]]]]},"properties":{"speed":0.057,"dir_deg":245.6,"type":"ضعيف"}},{"type":"Feature","geometry":{"type":"MultiPolygon","coordinates":[[[[-0.41706012606253423,36.02175139951094],[-0.4032700599121119,36.027653439460565],[-0.40248312125216185,36.02581476397384],[-0.4162731874025842,36.019912724024216],[-0.41706012606253423,36.02175139951094]]],[[[-0.3982799018653294,36.02870144836708],[-0.404056998572062,36.02949211494729],[-0.40169618259221174,36.02397608848712],[-0.3982799018653294,36.02870144836708]]]]},"properties":{"speed":0.625,"dir_deg":66.8,"type":"قوي"}},{"type":"Feature","geometry":{"type":"MultiPolygon","coordinates":[[[[-0.3753986655520614,36.02174915815161],[-0.3616422197916222,36.02772914143253],[-0.36084488868749937,36.02589494866447],[-0.3746013344479386,36.01991496538355],[-0.3753986655520614,36.02174915815161]]],[[[-0.3566580723194144,36.028805372808804],[-0.362439550895745,36.02956333420059],[-0.3600475575833766,36.024060755896414],[-0.3566580723194144,36.028805372808804]]]]},"properties":{"speed":0.6524,"dir_deg":66.5,"type":"قوي"}},{"type":"Feature","geometry":{"type":"MultiPolygon","coordinates":[[[[-0.3336901225125551,36.02176625049062],[-0.31967729166695047,36.02711793916733],[-0.3189637331767219,36.025249561721246],[-0.3329765640223265,36.019897873044535],[-0.3336901225125551,36.02176625049062]]],[[[-0.31464956880663464,36.027967646669865],[-0.32039085015717905,36.02898631661341],[-0.3182501746864933,36.023381184275166],[-0.31464956880663464,36.027967646669865]]]]},"properties":{"speed":0.606,"dir_deg":69.1,"type":"قوي"}},{"type":"Feature","geometry":{"type":"MultiPolygon","coordinates":[[[[-0.292209849716935,36.021671669641364],[-0.2796157316101319,36.029819564407],[-0.2785293456413804,36.02814034865943],[-0.29112346374818343,36.01999245389379],[-0.292209849716935,36.021671669641364]]],[[[-0.2748744992568218,36.031695921455096],[-0.2807021175788835,36.03149878015457],[-0.2774429596726288,36.026461132911855],[-0.2748744992568218,36.031695921455096]]]]},"properties":{"speed":0.5055,"dir_deg":57.1,"type":"قوي"}},{"type":"Feature","geometry":{"type":"MultiPolygon","coordinates":[[[[-0.25078661487840875,36.021449505718934],[-0.24152495560806997,36.03324872889507],[-0.23995172585125252,36.032013840992356],[-0.24921338512159127,36.02021461781622],[-0.25078661487840875,36.021449505718934]]],[[[-0.23765112097288169,36.036564359335756],[-0.24309818536488745,36.03448361679778],[-0.23837849609443504,36.030778953089644],[-0.23765112097288169,36.036564359335756]]]]},"properties":{"speed":0.4408,"dir_deg":38.1,"type":"قوي"}},{"type":"Feature","geometry":{"type":"MultiPolygon","coordinates":[[[[-0.2092119553442817,36.02130957054606],[-0.20204932366705866,36.03448897521609],[-0.20029206971105448,36.03353395765913],[-0.2074547013882775,36.0203545529891],[-0.2092119553442817,36.02130957054606]]],[[[-0.1987831527966489,36.03840460132762],[-0.2038065776230628,36.035443992773054],[-0.19853481575505033,36.03257894010217],[-0.1987831527966489,36.03840460132762]]]]},"properties":{"speed":0.3383,"dir_deg":28.5,"type":"متوسط"}},{"type":"Feature","geometry":{"type":"MultiPolygon","coordinates":[[[[-0.1675998396215952,36.02119150231399],[-0.16220823142539928,36.03518902213211],[-0.1603418954496497,36.034470141039286],[-0.1657335036458456,36.02047262122117],[-0.1675998396215952,36.02119150231399]]],[[[-0.1594778607054592,36.039495421525075],[-0.16407456740114884,36.03590790322494],[-0.15847555947390013,36.033751259946456],[-0.1594778607054592,36.039495421525075]]]]},"properties":{"speed":0.2406,"dir_deg":21.1,"type":"متوسط"}},{"type":"Feature","geometry":{"type":"MultiPolygon","coordinates":[[[[-0.12597948625346073,36.02103357275805],[-0.12295682139636284,36.03572586655996],[-0.12099784888944141,36.035322844579014],[-0.12402051374653929,36.020630550777106],[-0.12597948625346073,36.02103357275805]]],[[[-0.12096978019053617,36.040421786836795],[-0.12491579390328428,36.03612888854091],[-0.11903887638251998,36.03491982259806],[-0.12096978019053617,36.040421786836795]]]]},"properties":{"speed":0.1845,"dir_deg":11.6,"type":"ضعيف"}},{"type":"Feature","geometry":{"type":"MultiPolygon","coordinates":[[[[-0.08433012446842361,36.02075198440427],[-0.08553128491804614,36.03570381417772],[-0.08353770761491931,36.03586396890434],[-0.08233654716529679,36.020912139130886],[-0.08433012446842361,36.02075198440427]]],[[[-0.08493488308302356,36.04076783479885],[-0.08752486222117298,36.03554365945111],[-0.08154413031179247,36.03602412363095],[-0.08493488308302356,36.04076783479885]]]]},"properties":{"speed":0.1543,"dir_deg":355.4,"type":"ضعيف"}},{"type":"Feature","geometry":{"type":"MultiPolygon","coordinates":[[[[-0.04255917040268098,36.02038101931087],[-0.04932480725334702,36.03376855672463],[-0.04753980226484526,36.03467064163805],[-0.04077416541417922,36.02128310422429],[-0.04255917040268098,36.02038101931087]]],[[[-0.05068751704265149,36.0386821116526],[-0.05110981224184878,36.03286647181121],[-0.0457547972763435,36.03557272655147],[-0.05068751704265149,36.0386821116526]]]]},"properties":{"speed":0.1226,"dir_deg":333.2,"type":"ضعيف"}},{"type":"Feature","geometry":{"type":"MultiPolygon","coordinates":[[[[-0.0006140829305353112,36.020042820261814],[-0.012452705517038434,36.02925406421984],[-0.011224539655967813,36.03083254723137],[0.0006140829305353112,36.02162130327334],[-0.0006140829305353112,36.020042820261814]]],[[[-0.0157848301153375,36.03311372037828],[-0.013680871378109057,36.02767558120831],[-0.00999637379489719,36.032411030242905],[-0.0157848301153375,36.03311372037828]]]]},"properties":{"speed":0.1168,"dir_deg":307.9,"type":"ضعيف"}},{"type":"Feature","geometry":{"type":"MultiPolygon","coordinates":[[[[0.04130759832230942,36.01989875097672],[0.027307936459510625,36.02528479476853],[0.028026075631751978,36.02715141635024],[0.042025737494550776,36.021765372558434],[0.04130759832230942,36.01989875097672]]],[[[0.023000452091365035,36.02801345348999],[0.02658979728726927,36.023418173186826],[0.028744214803993334,36.02901803793195],[0.023000452091365035,36.02801345348999]]]]},"properties":{"speed":0.0698,"dir_deg":291.0,"type":"ضعيف"}},{"type":"Feature","geometry":{"type":"MultiPolygon","coordinates":[[[[0.08243348965737712,36.02039585437509],[0.07589037877001634,36.03389354676734],[0.07769007108898249,36.03476596155232],[0.08423318197634327,36.02126826916007],[0.08243348965737712,36.02039585437509]]],[[[0.07460918796704581,36.03882898495724],[0.07409068645105017,36.03302113198235],[0.07948976340794865,36.0356383763373],[0.07460918796704581,36.03882898495724]]]]},"properties":{"speed":0.047,"dir_deg":334.1,"type":"ضعيف"}},{"type":"Feature","geometry":{"type":"MultiPolygon","coordinates":[[[[-0.4170692586232612,36.0634153751786],[-0.4033386309442105,36.06945440353913],[-0.4025334271628065,36.06762365318193],[-0.4162640548418572,36.0615846248214],[-0.4170692586232612,36.0634153751786]]],[[[-0.39835915316049164,36.07055203781404],[-0.40414383472561455,36.07128515389634],[-0.40172822338140246,36.065792902824725],[-0.39835915316049164,36.07055203781404]]]]},"properties":{"speed":0.3989,"dir_deg":66.3,"type":"قوي"}},{"type":"Feature","geometry":{"type":"MultiPolygon","coordinates":[[[[-0.3754671705644887,36.06338416721477],[-0.36220466234292875,36.0703917256821],[-0.36127032121395136,36.06862339125256],[-0.3745328294355113,36.06161583278523],[-0.3754671705644887,36.06338416721477]]],[[[-0.35731665570458676,36.07184341128978],[-0.36313900347190614,36.07216006011164],[-0.360335980084974,36.066855056823016],[-0.35731665570458676,36.07184341128978]]]]},"properties":{"speed":0.4942,"dir_deg":62.1,"type":"قوي"}},{"type":"Feature","geometry":{"type":"MultiPolygon","coordinates":[[[[-0.33378388552429616,36.06339275510348],[-0.3203925589721124,36.07015088895631],[-0.31949147445840165,36.068365378749355],[-0.3328828010105854,36.06160724489652],[-0.33378388552429616,36.06339275510348]]],[[[-0.3154782411978624,36.071510845137105],[-0.3212936434858232,36.07193639916327],[-0.31859038994469085,36.0665798685424],[-0.3154782411978624,36.071510845137105]]]]},"properties":{"speed":0.5445,"dir_deg":63.2,"type":"قوي"}},{"type":"Feature","geometry":{"type":"MultiPolygon","coordinates":[[[[-0.2922042523435945,36.06334320279826],[-0.2795562103696756,36.071407136963785],[-0.27848101914760504,36.06972073136727],[-0.2911290611215239,36.06165679720174],[-0.2922042523435945,36.06334320279826]]],[[[-0.27480260076733404,36.073251912220705],[-0.2806314015917461,36.07309354256031],[-0.27740582792553453,36.068034325770746],[-0.27480260076733404,36.073251912220705]]]]},"properties":{"speed":0.5538,"dir_deg":57.5,"type":"قوي"}},{"type":"Feature","geometry":{"type":"MultiPolygon","coordinates":[[[[-0.2507293887635718,36.06318409943106],[-0.24046789729768714,36.074124930884636],[-0.23900911977054357,36.07275673202251],[-0.2492706112364282,36.06181590056894],[-0.2507293887635718,36.06318409943106]]],[[[-0.23631801137882047,36.07708777527144],[-0.2419266748248307,36.075493129746754],[-0.2375503422434,36.071388533160395],[-0.23631801137882047,36.07708777527144]]]]},"properties":{"speed":0.5733,"dir_deg":43.2,"type":"قوي"}},{"type":"Feature","geometry":{"type":"MultiPolygon","coordinates":[[[[-0.2091972243020956,36.06300367034068],[-0.2016421691918975,36.07596210937792],[-0.19991437732026549,36.074954768696564],[-0.2074694324304636,36.06199632965932],[-0.2091972243020956,36.06300367034068]]],[[[-0.19825992155268216,36.07977791871632],[-0.20336996106352953,36.07696945005928],[-0.19818658544863346,36.0739474280152],[-0.19825992155268216,36.07977791871632]]]]},"properties":{"speed":0.5257,"dir_deg":30.2,"type":"قوي"}},{"type":"Feature","geometry":{"type":"MultiPolygon","coordinates":[[[[-0.16760252371383236,36.06285239308187],[-0.16231662748577627,36.07689017428355],[-0.16044492332555235,36.07618538811981],[-0.16573081955360844,36.06214760691813],[-0.16760252371383236,36.06285239308187]]],[[[-0.15961880999631228,36.08121704160224],[-0.1641883316460002,36.07759496044729],[-0.15857321916532843,36.075480601956066],[-0.15961880999631228,36.08121704160224]]]]},"properties":{"speed":0.4326,"dir_deg":20.6,"type":"قوي"}},{"type":"Feature","geometry":{"type":"MultiPolygon","coordinates":[[[[-0.12596428924640193,36.062764851372044],[-0.12199151866574161,36.077229190068074],[-0.12006294017293774,36.076699487323985],[-0.12403571075359807,36.062235148627956],[-0.12596428924640193,36.062764851372044]]],[[[-0.11970297255911956,36.08178578492804],[-0.12392009715854546,36.07775889281216],[-0.11813436168013389,36.076169784579896],[-0.11970297255911956,36.08178578492804]]]]},"properties":{"speed":0.3377,"dir_deg":15.4,"type":"متوسط"}},{"type":"Feature","geometry":{"type":"MultiPolygon","coordinates":[[[[-0.08432337652243774,36.06264078139543],[-0.08221165559097077,36.077491391979095],[-0.08023157417981569,36.077209829188234],[-0.08234329511128266,36.06235921860457],[-0.08432337652243774,36.06264078139543]]],[[[-0.08051770790823756,36.08230081411155],[-0.08419173700212583,36.077772954769955],[-0.07825149276866063,36.076928266397374],[-0.08051770790823756,36.08230081411155]]]]},"properties":{"speed":0.2431,"dir_deg":8.1,"type":"متوسط"}},{"type":"Feature","geometry":{"type":"MultiPolygon","coordinates":[[[[-0.04265169903641763,36.062327623444475],[-0.04523734736933431,36.07710309036429],[-0.043267285113359255,36.07744784347534],[-0.04068163678044257,36.062672376555525],[-0.04265169903641763,36.062327623444475]]],[[[-0.045114199018985675,36.08220062255975],[-0.047207409625309366,36.07675833725323],[-0.0412972228573842,36.0777925965864],[-0.045114199018985675,36.08220062255975]]]]},"properties":{"speed":0.1707,"dir_deg":350.1,"type":"ضعيف"}},{"type":"Feature","geometry":{"type":"MultiPolygon","coordinates":[[[[-0.0007299036170739389,36.06181644992152],[-0.010983154794190184,36.07276500417763],[-0.009523347560042306,36.07413210433459],[0.0007299036170739389,36.06318355007848],[-0.0007299036170739389,36.06181644992152]]],[[[-0.013671001569488328,36.07709807234148],[-0.012442962028338061,36.071397904020685],[-0.008063540325894429,36.075499204491535],[-0.013671001569488328,36.07709807234148]]]]},"properties":{"speed":0.1588,"dir_deg":316.9,"type":"ضعيف"}},{"type":"Feature","geometry":{"type":"MultiPolygon","coordinates":[[[[0.041247879243870175,36.06159191627344],[0.027626623345527845,36.067873746241844],[0.028464200674647694,36.06968991369496],[0.042085456572990024,36.06340808372656],[0.041247879243870175,36.06159191627344]]],[[[0.023504993377306993,36.0708757732912],[0.026789046016407993,36.06605757878873],[0.029301778003767546,36.07150608114807],[0.023504993377306993,36.0708757732912]]]]},"properties":{"speed":0.1537,"dir_deg":294.8,"type":"ضعيف"}},{"type":"Feature","geometry":{"type":"MultiPolygon","coordinates":[[[[0.08276814557112915,36.06167503940328],[0.07039373662042143,36.07015289308925],[0.07152411711188354,36.071802814282684],[0.08389852606259125,36.06332496059672],[0.08276814557112915,36.06167503940328]]],[[[0.06683412388258324,36.07380380491462],[0.06926335612895931,36.068502971895825],[0.07265449760334566,36.07345273547611],[0.06683412388258324,36.07380380491462]]]]},"properties":{"speed":0.0895,"dir_deg":304.4,"type":"ضعيف"}},{"type":"Feature","geometry":{"type":"MultiPolygon","coordinates":[[[[0.12596409095039127,36.06223442771347],[0.12198050665241605,36.0477730634576],[0.12005232475163352,36.04830420803066],[0.12403590904960873,36.06276557228653],[0.12596409095039127,36.06223442771347]]],[[[0.11968855426936639,36.04321818099218],[0.12390868855319859,36.04724191888453],[0.11812414285085099,36.048835352603724],[0.11968855426936639,36.04321818099218]]]]},"properties":{"speed":0.0889,"dir_deg":195.4,"type":"ضعيف"}},{"type":"Feature","geometry":{"type":"MultiPolygon","coordinates":[[[[-0.4169383242498031,36.10513032940033],[-0.4025024567311268,36.10920534215899],[-0.401959121696639,36.10728055982317],[-0.4163949892153153,36.10320554706451],[-0.4169383242498031,36.10513032940033]]],[[[-0.39741883337432415,36.1096012885773],[-0.4030457917656145,36.111130124494814],[-0.4014157866621513,36.10535577748734],[-0.39741883337432415,36.1096012885773]]]]},"properties":{"speed":0.1898,"dir_deg":74.2,"type":"ضعيف"}},{"type":"Feature","geometry":{"type":"MultiPolygon","coordinates":[[[[-0.3754254693943691,36.105072911046626],[-0.36185087718125225,36.111454951962166],[-0.36099993839251404,36.10964500633376],[-0.3745745306056309,36.10326296541822],[-0.3754254693943691,36.105072911046626]]],[[[-0.35690054371584423,36.1126773261198],[-0.3627018159699905,36.11326489759058],[-0.3601489996037758,36.10783506070534],[-0.35690054371584423,36.1126773261198]]]]},"properties":{"speed":0.2533,"dir_deg":64.8,"type":"متوسط"}},{"type":"Feature","geometry":{"type":"MultiPolygon","coordinates":[[[[-0.3338328387464954,36.10503425472563],[-0.32083809134837715,36.11252668691145],[-0.31983910039026797,36.110794053925034],[-0.3328338477883862,36.10330162173921],[-0.3338328387464954,36.10503425472563]]],[[[-0.31600701340328313,36.114157847813516],[-0.3218370823064864,36.11425931989787],[-0.31884010943215874,36.109061420938616],[-0.31600701340328313,36.114157847813516]]]]},"properties":{"speed":0.33,"dir_deg":60.0,"type":"متوسط"}},{"type":"Feature","geometry":{"type":"MultiPolygon","coordinates":[[[[-0.29224716964427006,36.10498218927439],[-0.2800334040148325,36.11368988295005],[-0.2788723781914108,36.112061380866116],[-0.29108614382084835,36.103353687190456],[-0.29224716964427006,36.10498218927439]]],[[[-0.27538163589330916,36.115778196466636],[-0.28119442983825416,36.11531838503397],[-0.27771135236798916,36.11043287878219],[-0.27538163589330916,36.115778196466636]]]]},"properties":{"speed":0.3952,"dir_deg":54.5,"type":"متوسط"}},{"type":"Feature","geometry":{"type":"MultiPolygon","coordinates":[[[[-0.25073129671914685,36.104849997693584],[-0.24050040480166818,36.115819448480785],[-0.23903781136337443,36.11445532955846],[-0.24926870328085313,36.10348587877126],[-0.25073129671914685,36.104849997693584]]],[[[-0.23635881077669504,36.118793872615356],[-0.2419629982399619,36.11718356740312],[-0.2375752179250807,36.11309121063613],[-0.23635881077669504,36.118793872615356]]]]},"properties":{"speed":0.5285,"dir_deg":43.0,"type":"قوي"}},{"type":"Feature","geometry":{"type":"MultiPolygon","coordinates":[[[[-0.2091546016649684,36.1047384732172],[-0.20059657689323046,36.11705757269753],[-0.19895403029585285,36.11591650272797],[-0.2075120550675908,36.10359740324764],[-0.2091546016649684,36.1047384732172]]],[[[-0.196922628670629,36.1205934042062],[-0.20223912349060807,36.118198642667096],[-0.19731148369847523,36.11477543275841],[-0.196922628670629,36.1205934042062]]]]},"properties":{"speed":0.6347,"dir_deg":34.8,"type":"قوي"}},{"type":"Feature","geometry":{"type":"MultiPolygon","coordinates":[[[[-0.16756315765076163,36.10461101025958],[-0.16091707724339738,36.1180583005152],[-0.15912410520931491,36.11717215646088],[-0.16577018561667917,36.10372486620526],[-0.16756315765076163,36.10461101025958]]],[[[-0.15780523109056807,36.122097658573246],[-0.1627100492774798,36.118944444569514],[-0.15733113317523248,36.11628601240657],[-0.15780523109056807,36.122097658573246]]]]},"properties":{"speed":0.6094,"dir_deg":26.3,"type":"قوي"}},{"type":"Feature","geometry":{"type":"MultiPolygon","coordinates":[[[[-0.12595438793783711,36.104466507594736],[-0.12147584750316702,36.11878232666229],[-0.11956707162749276,36.11818518793766],[-0.12404561206216287,36.10386936887011],[-0.12595438793783711,36.104466507594736]]],[[[-0.11902861275377319,36.12325569698916],[-0.12338462337884126,36.11937946538691],[-0.11765829575181852,36.11758804921304],[-0.11902861275377319,36.12325569698916]]]]},"properties":{"speed":0.5038,"dir_deg":17.4,"type":"قوي"}},{"type":"Feature","geometry":{"type":"MultiPolygon","coordinates":[[[[-0.08431600944178576,36.104353282633134],[-0.08153584343109127,36.11909338700702],[-0.07957049618124015,36.118722698205595],[-0.08235066219193464,36.10398259383171],[-0.08431600944178576,36.104353282633134]]],[[[-0.07962644780260088,36.12382141073093],[-0.0835011906809424,36.119464075808445],[-0.07760514893138902,36.11835200940417],[-0.07962644780260088,36.12382141073093]]]]},"properties":{"speed":0.3709,"dir_deg":10.7,"type":"متوسط"}},{"type":"Feature","geometry":{"type":"MultiPolygon","coordinates":[[[[-0.04266652175300225,36.1041850347085],[-0.042410074611830696,36.119182842377086],[-0.040410366922686396,36.11914864942493],[-0.04066681406385795,36.10415084175634],[-0.04266652175300225,36.1041850347085]]],[[[-0.041324738386868023,36.124165015123864],[-0.044409782300975,36.11921703532924],[-0.038410659233542095,36.11911445647277],[-0.041324738386868023,36.124165015123864]]]]},"properties":{"speed":0.2403,"dir_deg":1.0,"type":"متوسط"}},{"type":"Feature","geometry":{"type":"MultiPolygon","coordinates":[[[[-0.0008837756089487593,36.10370002726543],[-0.007902440113762423,36.11695666139966],[-0.006134888895864905,36.11789248333364],[0.0008837756089487593,36.10463584919941],[-0.0008837756089487593,36.10370002726543]]],[[[-0.009358219339751552,36.1218434504114],[-0.009669991331659942,36.11602083946569],[-0.004367337677967386,36.11882830526761],[-0.009358219339751552,36.1218434504114]]]]},"properties":{"speed":0.161,"dir_deg":332.1,"type":"ضعيف"}},{"type":"Feature","geometry":{"type":"MultiPolygon","coordinates":[[[[0.0411581690552955,36.1033068755655],[0.028242229051518044,36.11093435836252],[0.029259226757787252,36.11265648369636],[0.0421751667615647,36.10502900089934],[0.0411581690552955,36.1033068755655]]],[[[0.024445414570060168,36.11433791529512],[0.02722523134524884,36.109212233028686],[0.030276224464056457,36.1143786090302],[0.024445414570060168,36.11433791529512]]]]},"properties":{"speed":0.1432,"dir_deg":300.6,"type":"ضعيف"}},{"type":"Feature","geometry":{"type":"MultiPolygon","coordinates":[[[[0.08334037134921038,36.103167962982084],[0.06834074259417035,36.10306242999683],[0.06832667152946999,36.10506238049751],[0.08332630028451002,36.10516791348276],[0.08334037134921038,36.103167962982084]]],[[[0.06333383081014016,36.10402722758542],[0.06835481365887071,36.101062479496164],[0.06831260046476963,36.107062330998176],[0.06333383081014016,36.10402722758542]]]]},"properties":{"speed":0.1812,"dir_deg":269.6,"type":"ضعيف"}},{"type":"Feature","geometry":{"type":"MultiPolygon","coordinates":[[[[0.12525874720595623,36.10320199315976],[0.11076957111594982,36.09932078507041],[0.11025207670403733,36.10125267521574],[0.12474125279404376,36.105133883305086],[0.12525874720595623,36.10320199315976]]],[[[0.10568109854665811,36.098992994113296],[0.11128706552786229,36.097388894925075],[0.10973458229212486,36.103184565361076],[0.10568109854665811,36.098992994113296]]]]},"properties":{"speed":0.2573,"dir_deg":255.0,"type":"متوسط"}},{"type":"Feature","geometry":{"type":"MultiPolygon","coordinates":[[[[0.16662381878232108,36.103168856837776],[0.15163759786263745,36.103811649608765],[0.1517233035654361,36.10580981239806],[0.16670952448511972,36.10516701962707],[0.16662381878232108,36.103168856837776]]],[[[0.14668504374080887,36.10502499526041],[0.15155189215983883,36.101813486819474],[0.1518090092682347,36.10780797518735],[0.14668504374080887,36.10502499526041]]]]},"properties":{"speed":0.2608,"dir_deg":272.5,"type":"متوسط"}},{"type":"Feature","geometry":{"type":"MultiPolygon","coordinates":[[[[-0.4166945983064265,36.14683167132558],[-0.40170045493639006,36.14725079493359],[-0.4016445717886554,36.14525157581759],[-0.4166387151586919,36.14483245220958],[-0.4166945983064265,36.14683167132558]]],[[[-0.39667446557251057,36.14639089324493],[-0.40175633808412464,36.1492500140496],[-0.40158868864092084,36.14325235670158],[-0.39667446557251057,36.14639089324493]]]]},"properties":{"speed":0.2059,"dir_deg":88.4,"type":"متوسط"}},{"type":"Feature","geometry":{"type":"MultiPolygon","coordinates":[[[[-0.37517715335202506,36.146816245027885],[-0.36041440444743716,36.14947354530826],[-0.36006009774338704,36.14750517878765],[-0.37482284664797494,36.14484787850727],[-0.37517715335202506,36.146816245027885]]],[[[-0.35531633479388275,36.14937512880808],[-0.36076871115148734,36.15144191182887],[-0.35970579103933686,36.14553681226704],[-0.35531633479388275,36.14937512880808]]]]},"properties":{"speed":0.1865,"dir_deg":79.8,"type":"ضعيف"}},{"type":"Feature","geometry":{"type":"MultiPolygon","coordinates":[[[[-0.3337353266926301,36.14674770871148],[-0.32000062253413286,36.15277746008932],[-0.3191966556837542,36.150946166201514],[-0.3329313598422515,36.144916414823676],[-0.3337353266926301,36.14674770871148]]],[[[-0.31502040438944445,36.15387173027136],[-0.32080458938451145,36.154608753977115],[-0.3183926888333756,36.14911487231372],[-0.31502040438944445,36.15387173027136]]]]},"properties":{"speed":0.1802,"dir_deg":66.3,"type":"ضعيف"}},{"type":"Feature","geometry":{"type":"MultiPolygon","coordinates":[[[[-0.29228193102433175,36.14662037486901],[-0.28045723450290455,36.1558494892456],[-0.27922668591935945,36.154272863042735],[-0.29105138244078665,36.14504374866615],[-0.29228193102433175,36.14662037486901]]],[[[-0.2759003947039896,36.158137547603026],[-0.28168778308644965,36.15742611544845],[-0.27799613733581435,36.15269623683988],[-0.2759003947039896,36.158137547603026]]]]},"properties":{"speed":0.1995,"dir_deg":52.0,"type":"متوسط"}},{"type":"Feature","geometry":{"type":"MultiPolygon","coordinates":[[[[-0.2507841657425315,36.146452613206414],[-0.2414758941600081,36.15821509934439],[-0.23990756267494512,36.15697399646672],[-0.24921583425746852,36.14521151032874],[-0.2507841657425315,36.146452613206414]]],[[[-0.23758897122330214,36.161515376618205],[-0.24304422564507103,36.15945620222206],[-0.23833923118988218,36.15573289358905],[-0.23758897122330214,36.161515376618205]]]]},"properties":{"speed":0.3221,"dir_deg":38.4,"type":"متوسط"}},{"type":"Feature","geometry":{"type":"MultiPolygon","coordinates":[[[[-0.20917666054261513,36.14636945439905],[-0.20111577107057993,36.15901943704408],[-0.19942910671790887,36.157944651781136],[-0.20748999618994407,36.145294669136106],[-0.20917666054261513,36.14636945439905]]],[[[-0.19758547573689933,36.16269870529429],[-0.20280243542325097,36.160094222307016],[-0.19774244236523783,36.1568698665182],[-0.19758547573689933,36.16269870529429]]]]},"properties":{"speed":0.5563,"dir_deg":32.5,"type":"قوي"}},{"type":"Feature","geometry":{"type":"MultiPolygon","coordinates":[[[[-0.16752648323197938,36.14634267318098],[-0.15986731203090637,36.159239847154865],[-0.1581476888343884,36.15821862432806],[-0.1658068600354614,36.145321450354174],[-0.16752648323197938,36.14634267318098]]],[[[-0.15645444336562306,36.16302829373276],[-0.16158693522742437,36.16026106998167],[-0.1564280656378704,36.15719740150125],[-0.15645444336562306,36.16302829373276]]]]},"properties":{"speed":0.7019,"dir_deg":30.7,"type":"قوي"}},{"type":"Feature","geometry":{"type":"MultiPolygon","coordinates":[[[[-0.12590320582482542,36.1462612694539],[-0.11946509052993318,36.15980935682628],[-0.11765867888028236,36.15895094145363],[-0.1240967941751746,36.145402854081254],[-0.12590320582482542,36.1462612694539]]],[[[-0.11641584627347702,36.16389617826409],[-0.121271502179584,36.160667772198934],[-0.11585226723063154,36.15809252608098],[-0.11641584627347702,36.16389617826409]]]]},"properties":{"speed":0.6717,"dir_deg":25.4,"type":"قوي"}},{"type":"Feature","geometry":{"type":"MultiPolygon","coordinates":[[[[-0.08429283265266872,36.14611378117066],[-0.08006704160642386,36.16050623370779],[-0.07814804793480681,36.159942794901625],[-0.08237383898105168,36.145550342364494],[-0.08429283265266872,36.14611378117066]]],[[[-0.07769894775520038,36.16502199848375],[-0.0819860352780409,36.16106967251396],[-0.07622905426318978,36.15937935609546],[-0.07769894775520038,36.16502199848375]]]]},"properties":{"speed":0.5381,"dir_deg":16.4,"type":"قوي"}},{"type":"Feature","geometry":{"type":"MultiPolygon","coordinates":[[[[-0.042657853721835906,36.14596454075951],[-0.04067066884286976,36.16083232796059],[-0.03868829721605815,36.16056736997673],[-0.04067548209502429,36.14569958277565],[-0.042657853721835906,36.14596454075951]]],[[[-0.039017088069808574,36.16565577803569],[-0.042653040469681366,36.16109728594446],[-0.03670592558924654,36.160302411992866],[-0.039017088069808574,36.16565577803569]]]]},"properties":{"speed":0.3787,"dir_deg":7.6,"type":"متوسط"}},{"type":"Feature","geometry":{"type":"MultiPolygon","coordinates":[[[[-0.0009962223368576622,36.145745222516396],[-0.0022988111045883783,36.16068855756926],[-0.0003063664308730538,36.16086223607162],[0.0009962223368576622,36.14591890101876],[-0.0009962223368576622,36.145745222516396]]],[[[-0.0017367850236409547,36.16575650850473],[-0.004291255778303703,36.160514879066895],[0.0016860782428422705,36.161035914573986],[-0.0017367850236409547,36.16575650850473]]]]},"properties":{"speed":0.2387,"dir_deg":355.0,"type":"متوسط"}},{"type":"Feature","geometry":{"type":"MultiPolygon","coordinates":[[[[0.04082107081460758,36.14529824011672],[0.032813746051819914,36.15798219652406],[0.03450494023946496,36.15904983982577],[0.04251226500225262,36.14636588341843],[0.04082107081460758,36.14529824011672]]],[[[0.030990234891379885,36.16274400364403],[0.031122551864174862,36.15691455322236],[0.03619613442711001,36.16011748312747],[0.030990234891379885,36.16274400364403]]]]},"properties":{"speed":0.1596,"dir_deg":327.7,"type":"ضعيف"}},{"type":"Feature","geometry":{"type":"MultiPolygon","coordinates":[[[[0.08305437301626999,36.14487175985886],[0.06864984438550444,36.149056201867715],[0.06920776998668486,36.150976805685154],[0.08361229861745041,36.1467923636763],[0.08305437301626999,36.14487175985886]]],[[[0.06412729764250613,36.151411317779385],[0.06809191878432401,36.14713559805028],[0.06976569558786529,36.152897409502586],[0.06412729764250613,36.151411317779385]]]]},"properties":{"speed":0.1603,"dir_deg":286.2,"type":"ضعيف"}},{"type":"Feature","geometry":{"type":"MultiPolygon","coordinates":[[[[0.1250229252199841,36.14483232458497],[0.11002686748086636,36.14448844628521],[0.10998101704089815,36.14648792065043],[0.12497707478001589,36.14683179895019],[0.1250229252199841,36.14483232458497]]],[[[0.10500525634784301,36.1453735573679],[0.11007271792083458,36.142488971919995],[0.10993516660092993,36.14848739501564],[0.10500525634784301,36.1453735573679]]]]},"properties":{"speed":0.2233,"dir_deg":268.7,"type":"متوسط"}},{"type":"Feature","geometry":{"type":"MultiPolygon","coordinates":[[[[0.1665869165283607,36.14483524727974],[0.1516346992107506,36.146031573860135],[0.15179420942147,36.14802520283582],[0.1667464267390801,36.14682887625542],[0.1665869165283607,36.14483524727974]]],[[[0.14673038187690696,36.147427163874774],[0.15147518900003118,36.14403794488445],[0.15195371963218943,36.1500188318115],[0.14673038187690696,36.147427163874774]]]]},"properties":{"speed":0.2478,"dir_deg":274.6,"type":"متوسط"}},{"type":"Feature","geometry":{"type":"MultiPolygon","coordinates":[[[[0.20816941674751158,36.14484558673939],[0.1933722913247347,36.14730426102091],[0.19370011456227076,36.14927721107728],[0.20849723998504763,36.14681853679576],[0.20816941674751158,36.14484558673939]]],[[[0.18860382780257712,36.149110294142936],[0.19304446808719863,36.14533131096454],[0.19402793779980684,36.15125016113365],[0.18860382780257712,36.149110294142936]]]]},"properties":{"speed":0.1826,"dir_deg":279.4,"type":"ضعيف"}},{"type":"Feature","geometry":{"type":"MultiPolygon","coordinates":[[[[0.2500519400269357,36.14483341156175],[0.2350721869395036,36.14405431115771],[0.2349683068856322,36.14605161156937],[0.2499480599730643,36.14683071197341],[0.2500519400269357,36.14483341156175]]],[[[0.23002699588342385,36.14479326122886],[0.23517606699337498,36.14205701074605],[0.23486442683176081,36.14804891198103],[0.23002699588342385,36.14479326122886]]]]},"properties":{"speed":0.1187,"dir_deg":267.0,"type":"ضعيف"}},{"type":"Feature","geometry":{"type":"MultiPolygon","coordinates":[[[[-0.41668047103190253,36.188499904578016],[-0.4016819023616903,36.18870711906817],[-0.40165427376300367,36.18670730991214],[-0.4166528424332159,36.186500095421984],[-0.41668047103190253,36.188499904578016]]],[[[-0.3966685651722762,36.187776285986864],[-0.40170953096037704,36.190706928224195],[-0.40162664516431695,36.18470750075611],[-0.3966685651722762,36.187776285986864]]]]},"properties":{"speed":0.2559,"dir_deg":89.2,"type":"متوسط"}},{"type":"Feature","geometry":{"type":"MultiPolygon","coordinates":[[[[-0.37517383667911985,36.188484774496516],[-0.3604022192313476,36.19109232468331],[-0.36005454587310787,36.18912277569028],[-0.37482616332088015,36.186515225503484],[-0.37517383667911985,36.188484774496516]]],[[[-0.355304510069637,36.190976733582396],[-0.3607498925895873,36.19306187367635],[-0.35970687251486816,36.18715322669724],[-0.355304510069637,36.190976733582396]]]]},"properties":{"speed":0.2424,"dir_deg":80.0,"type":"متوسط"}},{"type":"Feature","geometry":{"type":"MultiPolygon","coordinates":[[[[-0.3336496622230272,36.18844865289666],[-0.3194198687731643,36.193193437230455],[-0.31878723086199146,36.191296131437134],[-0.33301702431185437,36.18655134710334],[-0.3336496622230272,36.18844865289666]]],[[[-0.3143602853342903,36.19382637911173],[-0.32005250668433716,36.19509074302377],[-0.3181545929508186,36.18939882564382],[-0.3143602853342903,36.19382637911173]]]]},"properties":{"speed":0.2177,"dir_deg":71.6,"type":"متوسط"}},{"type":"Feature","geometry":{"type":"MultiPolygon","coordinates":[[[[-0.29218594188603053,36.188354601035215],[-0.2793669263578609,36.19614387833729],[-0.27832835605091827,36.19443467626686],[-0.2911473715790879,36.186645398964785],[-0.29218594188603053,36.188354601035215]]],[[[-0.2745746360283331,36.197885703069424],[-0.28040549666480363,36.19785308040771],[-0.27728978574397556,36.192725474196436],[-0.2745746360283331,36.197885703069424]]]]},"properties":{"speed":0.1757,"dir_deg":58.7,"type":"ضعيف"}},{"type":"Feature","geometry":{"type":"MultiPolygon","coordinates":[[[[-0.2507738879567096,36.18813332253273],[-0.24127404996580304,36.19974164188337],[-0.2397262740523839,36.198474996817914],[-0.24922611204329043,36.18686667746727],[-0.2507738879567096,36.18813332253273]]],[[[-0.23733354934545794,36.20297775913419],[-0.24282182587922221,36.20100828694883],[-0.23817849813896472,36.19720835175246],[-0.23733354934545794,36.20297775913419]]]]},"properties":{"speed":0.1774,"dir_deg":39.3,"type":"ضعيف"}},{"type":"Feature","geometry":{"type":"MultiPolygon","coordinates":[[[[-0.20922635215714314,36.18795000945429],[-0.20247621034277083,36.20134536631724],[-0.20069016276104376,36.20044534740866],[-0.20744030457541607,36.18704999054571],[-0.20922635215714314,36.18795000945429]]],[[[-0.19933313928044985,36.20536047581727],[-0.2042622579244979,36.20224538522582],[-0.1989041151793167,36.19954532850008],[-0.19933313928044985,36.20536047581727]]]]},"properties":{"speed":0.3507,"dir_deg":26.7,"type":"متوسط"}},{"type":"Feature","geometry":{"type":"MultiPolygon","coordinates":[[[[-0.167553165942116,36.18796273949602],[-0.16061207350172946,36.201260154121954],[-0.15883908488493825,36.20033467512991],[-0.1657801773253248,36.18703726050398],[-0.167553165942116,36.18796273949602]]],[[[-0.15741188171320503,36.20522988616791],[-0.1623850621185207,36.202185633114006],[-0.15706609626814702,36.19940919613786],[-0.15741188171320503,36.20522988616791]]]]},"properties":{"speed":0.6024,"dir_deg":27.6,"type":"قوي"}},{"type":"Feature","geometry":{"type":"MultiPolygon","coordinates":[[[[-0.12587050344282913,36.1879921623269],[-0.1184880685392829,36.20104971396934],[-0.11674706165362467,36.20006538931554],[-0.12412949655717088,36.1870078376731],[-0.12587050344282913,36.1879921623269]]],[[[-0.11515675346193838,36.204910068856584],[-0.12022907542494113,36.20203403862315],[-0.11500605476796644,36.19908106466173],[-0.11515675346193838,36.204910068856584]]]]},"properties":{"speed":0.7257,"dir_deg":29.5,"type":"قوي"}},{"type":"Feature","geometry":{"type":"MultiPolygon","coordinates":[[[[-0.08423774302678594,36.18792667036297],[-0.07783768758228193,36.201492778511856],[-0.07602887316243045,36.20063943778592],[-0.08242892860693446,36.18707332963703],[-0.08423774302678594,36.18792667036297]]],[[[-0.07479992855752152,36.205588144198515],[-0.07964650200213341,36.20234611923779],[-0.07422005874257898,36.199786097059985],[-0.07479992855752152,36.205588144198515]]]]},"properties":{"speed":0.6852,"dir_deg":25.3,"type":"قوي"}},{"type":"Feature","geometry":{"type":"MultiPolygon","coordinates":[[[[-0.04262393476422602,36.187789206097435],[-0.0382858433026749,36.202148208934375],[-0.03637130959108306,36.201569796739506],[-0.04070940105263418,36.187210793902565],[-0.04262393476422602,36.187789206097435]]],[[[-0.035882545959695276,36.206645337115916],[-0.04020037701426674,36.20272662112925],[-0.03445677587949122,36.20099138454463],[-0.035882545959695276,36.206645337115916]]]]},"properties":{"speed":0.5432,"dir_deg":16.8,"type":"قوي"}},{"type":"Feature","geometry":{"type":"MultiPolygon","coordinates":[[[[-0.0009919245409126072,36.187626829433235],[0.0009105169576480183,36.202505697546925],[0.0028943660394732326,36.202252038680456],[0.0009919245409126072,36.187373170566765],[-0.0009919245409126072,36.187626829433235]]],[[[0.0025365886647475007,36.20733849081825],[-0.0010733321241771956,36.2027593564134],[0.004878215121298447,36.20199837981398],[0.0025365886647475007,36.20733849081825]]]]},"properties":{"speed":0.3743,"dir_deg":7.3,"type":"متوسط"}},{"type":"Feature","geometry":{"type":"MultiPolygon","coordinates":[[[[0.04067562940238464,36.1873664235068],[0.038671982004409064,36.202232001097485],[0.04065405901649999,36.20249915408388],[0.04265770641447556,36.1876335764932],[0.04067562940238464,36.1873664235068]]],[[[0.03899513804446266,36.20732077012091],[0.03668990499231813,36.20196484811109],[0.04263613602859092,36.20276630707028],[0.03899513804446266,36.20732077012091]]]]},"properties":{"speed":0.2354,"dir_deg":352.3,"type":"متوسط"}},{"type":"Feature","geometry":{"type":"MultiPolygon","coordinates":[[[[0.08252684064447789,36.18690875932403],[0.07365823050489524,36.19900618690976],[0.07527122084965986,36.20018866826171],[0.0841398309892425,36.18809124067597],[0.08252684064447789,36.18690875932403]]],[[[0.07150852229741668,36.20362990344765],[0.07204524016013063,36.19782370555782],[0.07688421119442447,36.20137114961365],[0.07150852229741668,36.20362990344765]]]]},"properties":{"speed":0.1601,"dir_deg":323.8,"type":"ضعيف"}},{"type":"Feature","geometry":{"type":"MultiPolygon","coordinates":[[[[0.12459015143081041,36.18658784642174],[0.11090784775690447,36.192735574959585],[0.11172754489528365,36.19455988211611],[0.1254098485691896,36.18841215357826],[0.12459015143081041,36.18658784642174]]],[[[0.10675692843479208,36.19569697138379],[0.11008815061852528,36.19091126780307],[0.11254724203366284,36.19638418927263],[0.10675692843479208,36.19569697138379]]]]},"properties":{"speed":0.1643,"dir_deg":294.2,"type":"ضعيف"}},{"type":"Feature","geometry":{"type":"MultiPolygon","coordinates":[[[[0.16650325228929566,36.18651344330225],[0.1517049018231034,36.18896473346862],[0.15203174051195287,36.19093784686412],[0.16683009097814513,36.18848655669775],[0.16650325228929566,36.18651344330225]]],[[[0.14693553767879736,36.19076838688849],[0.15137806313425395,36.18699162007313],[0.1523585792008023,36.19291096025961],[0.14693553767879736,36.19076838688849]]]]},"properties":{"speed":0.203,"dir_deg":279.4,"type":"متوسط"}},{"type":"Feature","geometry":{"type":"MultiPolygon","coordinates":[[[[0.2082801556591357,36.18650141466904],[0.19330137569468692,36.187299005276195],[0.1934077211089747,36.18929617593812],[0.2083865010734235,36.18849858533096],[0.2082801556591357,36.18650141466904]]],[[[0.1883616217470145,36.18856345414288],[0.19319503028039917,36.185301834614265],[0.19351406652326245,36.19129334660005],[0.1883616217470145,36.18856345414288]]]]},"properties":{"speed":0.1971,"dir_deg":273.0,"type":"ضعيف"}},{"type":"Feature","geometry":{"type":"MultiPolygon","coordinates":[[[[0.2502255236862994,36.18652576231498],[0.23561195841096252,36.18314290702049],[0.2351609110383637,36.18509138239053],[0.2497744763137006,36.18847423768502],[0.2502255236862994,36.18652576231498]]],[[[0.2305152462995508,36.182989526274014],[0.23606300578356137,36.18119443165044],[0.23470986366576485,36.18703985776058],[0.2305152462995508,36.182989526274014]]]]},"properties":{"speed":0.1545,"dir_deg":257.0,"type":"ضعيف"}},{"type":"Feature","geometry":{"type":"MultiPolygon","coordinates":[[[[0.29209094478143205,36.18659447272179],[0.2785080356082714,36.180230151988695],[0.27765945951052573,36.18204120654512],[0.29124236868368636,36.18840552727821],[0.29209094478143205,36.18659447272179]]],[[[0.273556111168345,36.17901423902254],[0.27935661170601706,36.178419097432275],[0.2768108834127801,36.18385226110154],[0.273556111168345,36.17901423902254]]]]},"properties":{"speed":0.1444,"dir_deg":244.9,"type":"ضعيف"}},{"type":"Feature","geometry":{"type":"MultiPolygon","coordinates":[[[[-0.41662389535054584,36.2301670235462],[-0.4016376156438652,36.229525602816],[-0.4017231384078919,36.22752743218844],[-0.41670941811457257,36.22816885291864],[-0.41662389535054584,36.2301670235462]]],[[[-0.396684950456985,36.22831271059216],[-0.4015520928798384,36.231523773443556],[-0.4018086611719187,36.22552926156088],[-0.396684950456985,36.22831271059216]]]]},"properties":{"speed":0.1796,"dir_deg":92.5,"type":"ضعيف"}},{"type":"Feature","geometry":{"type":"MultiPolygon","coordinates":[[[[-0.37527674443998416,36.230128881786925],[-0.3608625911224627,36.23428004838669],[-0.3603091022424944,36.23235816127768],[-0.37472325556001584,36.22820699467792],[-0.37527674443998416,36.230128881786925]]],[[[-0.3557811289099714,36.2347028270321],[-0.3614160800024311,36.236201935495686],[-0.35975561336252604,36.23043627416868],[-0.3557811289099714,36.2347028270321]]]]},"properties":{"speed":0.2051,"dir_deg":73.9,"type":"متوسط"}},{"type":"Feature","geometry":{"type":"MultiPolygon","coordinates":[[[[-0.3338030675703974,36.23005075139454],[-0.32056087013860074,36.237096615938896],[-0.3196214215326875,36.23533098961465],[-0.3328636189644842,36.2282851250703],[-0.3338030675703974,36.23005075139454]]],[[[-0.3156770800250453,36.23856242429155],[-0.321500318744514,36.23886224226313],[-0.31868197292677425,36.23356536329042],[-0.3156770800250453,36.23856242429155]]]]},"properties":{"speed":0.2298,"dir_deg":62.0,"type":"متوسط"}},{"type":"Feature","geometry":{"type":"MultiPolygon","coordinates":[[[[-0.2922831931177564,36.22995526464867],[-0.280473296873979,36.23920331042663],[-0.27924022410358457,36.23762865759413],[-0.291050120347362,36.22838061181617],[-0.2922831931177564,36.22995526464867]]],[[[-0.2759201284075226,36.24149866593637],[-0.2817063696443734,36.240777963259134],[-0.27800715133319015,36.23605400476163],[-0.2759201284075226,36.24149866593637]]]]},"properties":{"speed":0.2202,"dir_deg":51.9,"type":"متوسط"}},{"type":"Feature","geometry":{"type":"MultiPolygon","coordinates":[[[[-0.2507598209249858,36.229818070651206],[-0.24100783464322809,36.241215384525994],[-0.23948819279325648,36.239915119688426],[-0.2492401790750142,36.22851780581364],[-0.2507598209249858,36.229818070651206]]],[[[-0.23699735162432303,36.244364356732135],[-0.24252747649319967,36.24251564936356],[-0.2379685509432849,36.23861485485086],[-0.23699735162432303,36.244364356732135]]]]},"properties":{"speed":0.1841,"dir_deg":40.6,"type":"ضعيف"}},{"type":"Feature","geometry":{"type":"MultiPolygon","coordinates":[[[[-0.20923945382182238,36.2295909472853],[-0.2028943180286408,36.243182829118446],[-0.20108206711755525,36.242336811012684],[-0.20742720291073682,36.22874492917954],[-0.20923945382182238,36.2295909472853]]],[[[-0.19987314730870415,36.247290447343275],[-0.20470656893972636,36.2440288472242],[-0.1992698162064697,36.24149079290693],[-0.19987314730870415,36.247290447343275]]]]},"properties":{"speed":0.2248,"dir_deg":25.0,"type":"متوسط"}},{"type":"Feature","geometry":{"type":"MultiPolygon","coordinates":[[[[-0.1675991115550832,36.229529263284206],[-0.16217923577827653,36.24351586210465],[-0.16031435593555093,36.24279321200108],[-0.1657342317123576,36.22880661318064],[-0.1675991115550832,36.229529263284206]]],[[[-0.15944017059797816,36.24781673665968],[-0.1640441156210021,36.24423851220823],[-0.15844947609282536,36.242070561897506],[-0.15944017059797816,36.24781673665968]]]]},"properties":{"speed":0.413,"dir_deg":21.2,"type":"قوي"}},{"type":"Feature","geometry":{"type":"MultiPolygon","coordinates":[[[[-0.1258983019674393,36.229607316856494],[-0.11930762260630356,36.243081846368085],[-0.11751101867142494,36.24220308911994],[-0.12410169803256069,36.22872855960835],[-0.1258983019674393,36.229607316856494]]],[[[-0.11621242751848568,36.24713397758121],[-0.12110422654118218,36.24396060361624],[-0.11571441473654633,36.24132433187179],[-0.11621242751848568,36.24713397758121]]]]},"properties":{"speed":0.6028,"dir_deg":26.1,"type":"قوي"}},{"type":"Feature","geometry":{"type":"MultiPolygon","coordinates":[[[[-0.08421588433817756,36.22963815957128],[-0.07716256425525779,36.24287638739104],[-0.07539746721262307,36.241935944713326],[-0.08245078729554284,36.22869771689356],[-0.08421588433817756,36.22963815957128]]],[[[-0.07392890903963382,36.24681890865877],[-0.07892766129789253,36.243816830068766],[-0.07363237016998833,36.2409955020356],[-0.07392890903963382,36.24681890865877]]]]},"properties":{"speed":0.6913,"dir_deg":28.0,"type":"قوي"}},{"type":"Feature","geometry":{"type":"MultiPolygon","coordinates":[[[[-0.04257990054214367,36.22957537676364],[-0.03646832257388278,36.24327386626935],[-0.034641857306455644,36.24245898920691],[-0.04075343527471653,36.2287604997012],[-0.04257990054214367,36.22957537676364]]],[[[-0.03351789728408225,36.24743259090669],[-0.03829478784130991,36.24408874333178],[-0.032815392039028515,36.24164411214448],[-0.03351789728408225,36.24743259090669]]]]},"properties":{"speed":0.6601,"dir_deg":24.0,"type":"قوي"}},{"type":"Feature","geometry":{"type":"MultiPolygon","coordinates":[[[[-0.0009523568253518346,36.22947292426031],[0.00362243359294051,36.243758276640584],[0.005527147243644179,36.243148304584814],[0.0009523568253518346,36.22886295220454],[-0.0009523568253518346,36.22947292426031]]],[[[0.006099720557723127,36.248215074739456],[0.001717719942236841,36.244368248696354],[0.007431860894347849,36.242538332529044],[0.006099720557723127,36.248215074739456]]]]},"properties":{"speed":0.5256,"dir_deg":17.8,"type":"قوي"}},{"type":"Feature","geometry":{"type":"MultiPolygon","coordinates":[[[[0.04067715515185941,36.22931238373974],[0.04284383776160429,36.2441550750883],[0.044822863274745675,36.24386618407367],[0.04265618066500079,36.229023492725105],[0.04067715515185941,36.22931238373974]]],[[[0.044555578054756614,36.24895819336383],[0.0408648122484629,36.244443966102935],[0.04680188878788706,36.24357729305903],[0.044555578054756614,36.24895819336383]]]]},"properties":{"speed":0.3635,"dir_deg":8.3,"type":"متوسط"}},{"type":"Feature","geometry":{"type":"MultiPolygon","coordinates":[[[[0.0823382349579169,36.22906907327134],[0.08085526054164596,36.24399558615549],[0.08284546225953257,36.244193316077656],[0.0843284366758035,36.229266803193504],[0.0823382349579169,36.22906907327134]]],[[[0.08135603659516563,36.24906995541129],[0.07886505882375934,36.24379785623332],[0.08483566397741919,36.244391045999826],[0.08135603659516563,36.24906995541129]]]]},"properties":{"speed":0.2342,"dir_deg":354.3,"type":"متوسط"}},{"type":"Feature","geometry":{"type":"MultiPolygon","coordinates":[[[[0.12417890291249667,36.22859714967885],[0.1156170746088546,36.240913605991395],[0.11725926878386127,36.24205518309854],[0.12582109708750333,36.229738726785996],[0.12417890291249667,36.22859714967885]]],[[[0.11358422892847725,36.24558987998249],[0.11397488043384793,36.23977202888424],[0.11890146295886794,36.2431967602057],[0.11358422892847725,36.24558987998249]]]]},"properties":{"speed":0.156,"dir_deg":325.2,"type":"ضعيف"}},{"type":"Feature","geometry":{"type":"MultiPolygon","coordinates":[[[[0.16638583814910346,36.2282081817248],[0.15198949053481148,36.23242068399406],[0.15255115750404535,36.234340197009296],[0.16694750511833734,36.23012769474004],[0.16638583814910346,36.2282081817248]]],[[[0.14747154148133107,36.23478460792476],[0.15142782356557763,36.23050117097882],[0.1531128244732792,36.236259710024534],[0.14747154148133107,36.23478460792476]]]]},"properties":{"speed":0.1814,"dir_deg":286.3,"type":"ضعيف"}},{"type":"Feature","geometry":{"type":"MultiPolygon","coordinates":[[[[0.20836012972203474,36.22816829745328],[0.19336551803485927,36.227766277116956],[0.193311915323349,36.22976555867524],[0.20830652701052446,36.230167579011564],[0.20836012972203474,36.22816829745328]]],[[[0.18834051278337896,36.22863191111732],[0.19341912074636955,36.225766995558665],[0.1932583126118387,36.23176484023353],[0.18834051278337896,36.22863191111732]]]]},"properties":{"speed":0.2233,"dir_deg":268.5,"type":"متوسط"}},{"type":"Feature","geometry":{"type":"MultiPolygon","coordinates":[[[[0.25022712221539756,36.22819407196888],[0.23561912826220868,36.22478723873792],[0.23516488383141357,36.226734971265],[0.24977287778460244,36.230141804495965],[0.25022712221539756,36.22819407196888]]],[[[0.2305226747290815,36.22462549392447],[0.23607337269300382,36.222839506210825],[0.23471063940061843,36.228682703792096],[0.2305226747290815,36.22462549392447]]]]},"properties":{"speed":0.2302,"dir_deg":256.9,"type":"متوسط"}},{"type":"Feature","geometry":{"type":"MultiPolygon","coordinates":[[[[0.2919038390478308,36.22819647307642],[0.2773318617078284,36.22463873834735],[0.27685749707728524,36.22658166865935],[0.2914294744172876,36.23013940338842],[0.2919038390478308,36.22819647307642]]],[[[0.2722373536125561,36.22442429192699],[0.2778062263383716,36.22269580803535],[0.27638313244674206,36.228524598971354],[0.2722373536125561,36.22442429192699]]]]},"properties":{"speed":0.2125,"dir_deg":256.3,"type":"متوسط"}},{"type":"Feature","geometry":{"type":"MultiPolygon","coordinates":[[[[0.3334164519553699,36.22817139774354],[0.3184683446220682,36.2269247674246],[0.31830212724621,36.22891784840237],[0.3332502345795117,36.230164478721306],[0.3334164519553699,36.22817139774354]]],[[[0.31340253348970515,36.22750576447384],[0.31863456199792634,36.22493168644682],[0.31813590987035184,36.230910929380144],[0.31340253348970515,36.22750576447384]]]]},"properties":{"speed":0.1635,"dir_deg":265.2,"type":"ضعيف"}},{"type":"Feature","geometry":{"type":"MultiPolygon","coordinates":[[[[0.3752811151573281,36.228208264189675],[0.3608860045161386,36.22399153682975],[0.3603237742014824,36.225910884915244],[0.3747188848426719,36.23012761227517],[0.3752811151573281,36.228208264189675]]],[[[0.35580651914508066,36.22354563508586],[0.36144823483079486,36.22207218874426],[0.3597615438868262,36.22783023300074],[0.35580651914508066,36.22354563508586]]]]},"properties":{"speed":0.1091,"dir_deg":253.7,"type":"ضعيف"}},{"type":"Feature","geometry":{"type":"MultiPolygon","coordinates":[[[[0.4169205636469501,36.22820070957341],[0.4024121337616901,36.22439210585755],[0.40190431993290826,36.226326563175576],[0.4164127498181683,36.230135166891436],[0.4169205636469501,36.22820070957341]]],[[[0.39732208355221255,36.2240897999446],[0.402919947590472,36.22245764853951],[0.40139650610412636,36.22826102049361],[0.39732208355221255,36.2240897999446]]]]},"properties":{"speed":0.0799,"dir_deg":255.3,"type":"ضعيف"}},{"type":"Feature","geometry":{"type":"MultiPolygon","coordinates":[[[[-0.41617634885804833,36.27170361107094],[-0.4031031093076024,36.26434899295328],[-0.40408372505662415,36.26260589434656],[-0.4171569646070701,36.269960512464216],[-0.41617634885804833,36.27170361107094]]],[[[-0.39923567066529797,36.26102590427736],[-0.4021224935585807,36.266092091560004],[-0.40506434080564585,36.26086279573983],[-0.39923567066529797,36.26102590427736]]]]},"properties":{"speed":0.0826,"dir_deg":119.4,"type":"ضعيف"}},{"type":"Feature","geometry":{"type":"MultiPolygon","coordinates":[[[[-0.37529441196939173,36.271787740370605],[-0.360959232924024,36.27620391991148],[-0.36037040898524053,36.274292562705426],[-0.37470558803060827,36.26987638316455],[-0.37529441196939173,36.271787740370605]]],[[[-0.3558864279395097,36.276720301155414],[-0.36154805686280744,36.27811527711753],[-0.3597815850464571,36.27238120549938],[-0.3558864279395097,36.276720301155414]]]]},"properties":{"speed":0.1026,"dir_deg":72.9,"type":"ضعيف"}},{"type":"Feature","geometry":{"type":"MultiPolygon","coordinates":[[[[-0.3339515231934374,36.27161809839465],[-0.3221609737873947,36.2808907972846],[-0.3209246139354015,36.27931872403046],[-0.3327151633414442,36.27004602514051],[-0.3339515231934374,36.27161809839465]]],[[[-0.3176126107260505,36.28319566028751],[-0.32339733363938794,36.28246287053874],[-0.3196882540834083,36.27774665077632],[-0.3176126107260505,36.28319566028751]]]]},"properties":{"speed":0.1622,"dir_deg":51.8,"type":"ضعيف"}},{"type":"Feature","geometry":{"type":"MultiPolygon","coordinates":[[[[-0.2924152745865942,36.27149506350862],[-0.2824702484710174,36.282724331319145],[-0.2809730127629474,36.28139832783707],[-0.2909180388785242,36.27016906002654],[-0.2924152745865942,36.27149506350862]]],[[[-0.27840662191179016,36.28580441884828],[-0.28396748417908746,36.28405033480122],[-0.27947577705487736,36.28007232435499],[-0.27840662191179016,36.28580441884828]]]]},"properties":{"speed":0.2075,"dir_deg":41.5,"type":"متوسط"}},{"type":"Feature","geometry":{"type":"MultiPolygon","coordinates":[[[[-0.250849522583856,36.27135961402046],[-0.2429362387906581,36.2841024527783],[-0.24123719362294607,36.28304734827253],[-0.249150477416144,36.270304509514695],[-0.250849522583856,36.27135961402046]]],[[[-0.2394489549424028,36.287822513444695],[-0.2446352839583701,36.28515755728406],[-0.23953814845523408,36.28199224376677],[-0.2394489549424028,36.287822513444695]]]]},"properties":{"speed":0.2129,"dir_deg":31.8,"type":"متوسط"}},{"type":"Feature","geometry":{"type":"MultiPolygon","coordinates":[[[[-0.20926120869966552,36.271204939880256],[-0.2036680370094684,36.28512314488105],[-0.20181227634269655,36.28437738865569],[-0.20740544803289368,36.2704591836549],[-0.20926120869966552,36.271204939880256]]],[[[-0.20087576611268343,36.2893896684353],[-0.2055237976762402,36.28586890110641],[-0.19995651567592473,36.28363163243033],[-0.20087576611268343,36.2893896684353]]]]},"properties":{"speed":0.2192,"dir_deg":21.9,"type":"متوسط"}},{"type":"Feature","geometry":{"type":"MultiPolygon","coordinates":[[[[-0.16762081204697016,36.27113142120338],[-0.16313042050994303,36.28544352740212],[-0.1612221396834435,36.28484480853052],[-0.16571253122047064,36.27053270233178],[-0.16762081204697016,36.27113142120338]]],[[[-0.16067948291768422,36.289914870032575],[-0.16503870133644255,36.28604224627373],[-0.159313858856944,36.284246089658915],[-0.16067948291768422,36.289914870032575]]]]},"properties":{"speed":0.2831,"dir_deg":17.4,"type":"متوسط"}},{"type":"Feature","geometry":{"type":"MultiPolygon","coordinates":[[[[-0.1259454602420369,36.271157799285724],[-0.12105939746985597,36.285339702916275],[-0.11916847698578217,36.28468822787998],[-0.1240545397579631,36.27050632424943],[-0.1259454602420369,36.271157799285724]]],[[[-0.11848524963709209,36.28974126660832],[-0.12295031795392979,36.28599117795257],[-0.11727755650170836,36.28403675284369],[-0.11848524963709209,36.28974126660832]]]]},"properties":{"speed":0.4191,"dir_deg":19.0,"type":"قوي"}},{"type":"Feature","geometry":{"type":"MultiPolygon","coordinates":[[[[-0.0842565342734141,36.27121638534195],[-0.0784916806578652,36.28506436219026],[-0.07664528374475739,36.284295715041516],[-0.0824101373603063,36.270447738193205],[-0.0842565342734141,36.27121638534195]]],[[[-0.07564686432946166,36.289296030898655],[-0.08033807757097303,36.285833009339],[-0.07479888683164956,36.28352706789278],[-0.07564686432946166,36.289296030898655]]]]},"properties":{"speed":0.5541,"dir_deg":22.6,"type":"قوي"}},{"type":"Feature","geometry":{"type":"MultiPolygon","coordinates":[[[[-0.042591637246677916,36.27121210350647],[-0.036891011163271356,36.285086643580186],[-0.03504107248677572,36.2843265601024],[-0.04074169857018228,36.270452020028685],[-0.042591637246677916,36.27121210350647]]],[[[-0.03406583313055468,36.289331448532536],[-0.03874094983976698,36.28584672705797],[-0.0331911338102801,36.283566476624614],[-0.03406583313055468,36.289331448532536]]]]},"properties":{"speed":0.6389,"dir_deg":22.3,"type":"قوي"}},{"type":"Feature","geometry":{"type":"MultiPolygon","coordinates":[[[[-0.0009419068714583476,36.27116793591886],[0.004096205397774868,36.285296538990735],[0.005980019140691563,36.28462479068817],[0.0009419068714583476,36.270496187616295],[-0.0009419068714583476,36.27116793591886]]],[[[0.006717483025644288,36.28967019919674],[0.0022123916548581726,36.2859682872933],[0.007863832883608259,36.283953042385605],[0.006717483025644288,36.28967019919674]]]]},"properties":{"speed":0.6162,"dir_deg":19.6,"type":"قوي"}},{"type":"Feature","geometry":{"type":"MultiPolygon","coordinates":[[[[0.040700287692563,36.27108917901395],[0.04455704638810626,36.28558488225195],[0.046489806819840454,36.28507064775921],[0.0426330481242972,36.27057494452121],[0.040700287692563,36.27108917901395]]],[[[0.046809012835821104,36.29015966608492],[0.04262428595637206,36.286099116744694],[0.04842256725157465,36.28455641326647],[0.046809012835821104,36.29015966608492]]]]},"properties":{"speed":0.4986,"dir_deg":14.9,"type":"قوي"}},{"type":"Feature","geometry":{"type":"MultiPolygon","coordinates":[[[[0.08234267966713738,36.27096844502541],[0.08438842853458914,36.28582828727125],[0.08636974083403479,36.28555552075559],[0.08432399196658302,36.270695678509746],[0.08234267966713738,36.27096844502541]]],[[[0.08606100097346255,36.290645184762035],[0.0824071162351435,36.28610105378691],[0.08835105313348042,36.28528275423993],[0.08606100097346255,36.290645184762035]]]]},"properties":{"speed":0.3443,"dir_deg":7.8,"type":"متوسط"}},{"type":"Feature","geometry":{"type":"MultiPolygon","coordinates":[[[[0.1240143289303637,36.27066338295302],[0.12148414671193414,36.28544844899756],[0.12345548885120675,36.285785806626684],[0.1259856710696363,36.27100074058214],[0.1240143289303637,36.27066338295302]]],[[[0.12162642370876059,36.2905454831603],[0.11951280457266154,36.285111091368435],[0.12542683099047935,36.28612316425581],[0.12162642370876059,36.2905454831603]]]]},"properties":{"speed":0.1951,"dir_deg":350.3,"type":"ضعيف"}},{"type":"Feature","geometry":{"type":"MultiPolygon","coordinates":[[[[0.16613923390108212,36.269982468077515],[0.15339532855018528,36.27789403406709],[0.15445020401546183,36.279593221447215],[0.16719410936635867,36.27168165545764],[0.16613923390108212,36.269982468077515]]],[[[0.14967479783252463,36.281380816420345],[0.15234045308490876,36.27619484668697],[0.15550507948073836,36.28129240882733],[0.14967479783252463,36.281380816420345]]]]},"properties":{"speed":0.1628,"dir_deg":301.8,"type":"ضعيف"}},{"type":"Feature","geometry":{"type":"MultiPolygon","coordinates":[[[[0.20827309298710128,36.26983387756659],[0.19330032997233243,36.27073740825426],[0.19342080073068907,36.27273377665624],[0.20839356374545792,36.271830245968566],[0.20827309298710128,36.26983387756659]]],[[[0.1883696443465878,36.272036769351146],[0.1931798592139758,36.268741039852294],[0.1935412714890457,36.27473014505821],[0.1883696443465878,36.272036769351146]]]]},"properties":{"speed":0.2172,"dir_deg":273.5,"type":"متوسط"}},{"type":"Feature","geometry":{"type":"MultiPolygon","coordinates":[[[[0.2501333628583801,36.269840994490345],[0.235267353699865,36.26784055161464],[0.23500062798310478,36.26982268616911],[0.24986663714161989,36.27182312904481],[0.2501333628583801,36.269840994490345]]],[[[0.2301786544553132,36.26816480459998],[0.2355340794166252,36.26585841706017],[0.23473390226634458,36.271804820723574],[0.2301786544553132,36.26816480459998]]]]},"properties":{"speed":0.2334,"dir_deg":262.3,"type":"متوسط"}},{"type":"Feature","geometry":{"type":"MultiPolygon","coordinates":[[[[0.2918681154249531,36.26985256475622],[0.2771756602545856,36.26683068437031],[0.2767727428697978,36.26878967839303],[0.2914651980401653,36.271811558778936],[0.2918681154249531,36.26985256475622]]],[[[0.2720767165054025,36.2668028879197],[0.2775785776393735,36.2648716903476],[0.27636982548500993,36.27074867241574],[0.2720767165054025,36.2668028879197]]]]},"properties":{"speed":0.214,"dir_deg":258.4,"type":"متوسط"}},{"type":"Feature","geometry":{"type":"MultiPolygon","coordinates":[[[[0.3335157023489965,36.26984882976781],[0.318767222352428,36.267113443544474],[0.31840250418931654,36.26907990754401],[0.33315098418588507,36.27181529376735],[0.3335157023489965,36.26984882976781]]],[[[0.3136687032720161,36.26718488013646],[0.3191319405155395,36.26514697954493],[0.318037786026205,36.271046371543555],[0.3136687032720161,36.26718488013646]]]]},"properties":{"speed":0.1768,"dir_deg":259.5,"type":"ضعيف"}},{"type":"Feature","geometry":{"type":"MultiPolygon","coordinates":[[[[0.37524871727698716,36.26986348563938],[0.36072007535391604,36.26613272648457],[0.3602226407999417,36.268069878740974],[0.37475128272301284,36.27180063789578],[0.37524871727698716,36.26986348563938]]],[[[0.3556284774359052,36.265857716227835],[0.36121750990789037,36.26419557422816],[0.3597252062459674,36.270007030997384],[0.3556284774359052,36.265857716227835]]]]},"properties":{"speed":0.1557,"dir_deg":255.6,"type":"ضعيف"}},{"type":"Feature","geometry":{"type":"MultiPolygon","coordinates":[[[[0.41685066006656857,36.26984913614828],[0.40210677577709025,36.26708908613814],[0.4017387691090715,36.26905493737674],[0.41648265339854984,36.271814987386875],[0.41685066006656857,36.26984913614828]]],[[[0.39700814434658815,36.26715199508739],[0.4024747824451089,36.26512323489954],[0.40137076244105285,36.27102078861534],[0.39700814434658815,36.26715199508739]]]]},"properties":{"speed":0.1762,"dir_deg":259.4,"type":"ضعيف"}},{"type":"Feature","geometry":{"type":"MultiPolygon","coordinates":[[[[0.45838683232124383,36.2698334933317],[0.4434083057831382,36.26903115752466],[0.44330132767553215,36.27102829439641],[0.45827985421363776,36.27183063020345],[0.45838683232124383,36.2698334933317]]],[[[0.43836197454996667,36.269762280691516],[0.44351528389074424,36.267034020652915],[0.44319434956792614,36.27302543126815],[0.43836197454996667,36.269762280691516]]]]},"properties":{"speed":0.1757,"dir_deg":266.9,"type":"ضعيف"}},{"type":"Feature","geometry":{"type":"MultiPolygon","coordinates":[[[[0.4997453398786032,36.26986503114626],[0.485239880558806,36.273684932967214],[0.4857492008015996,36.27561899420985],[0.5002546601213967,36.271799092388896],[0.4997453398786032,36.26986503114626]]],[[[0.48065938757360377,36.275925264195514],[0.48473056031601247,36.27175087172457],[0.48625852104439315,36.27755305545249],[0.48065938757360377,36.275925264195514]]]]},"properties":{"speed":0.1571,"dir_deg":284.8,"type":"ضعيف"}},{"type":"Feature","geometry":{"type":"MultiPolygon","coordinates":[[[[-0.4157392630595307,36.31287408685519],[-0.4101279602316671,36.29896318175976],[-0.41198274757772413,36.29821500804938],[-0.4175940504055877,36.31212591314481],[-0.4157392630595307,36.31287408685519]]],[[[-0.4091849196287411,36.29395212653943],[-0.40827317288561,36.299711355470144],[-0.4138375349237812,36.297466834339],[-0.4091849196287411,36.29395212653943]]]]},"properties":{"speed":0.0837,"dir_deg":158.0,"type":"ضعيف"}},{"type":"Feature","geometry":{"type":"MultiPolygon","coordinates":[[[[-0.3746819909294035,36.31344808767054],[-0.3604606758713952,36.30867795161159],[-0.36109669401258815,36.30678177627052],[-0.3753180090705965,36.31155191232946],[-0.3746819909294035,36.31344808767054]]],[[[-0.35603824658932226,36.30613981858807],[-0.3598246577302023,36.31057412695266],[-0.36173271215378106,36.30488560092945],[-0.35603824658932226,36.30613981858807]]]]},"properties":{"speed":0.0479,"dir_deg":108.5,"type":"ضعيف"}},{"type":"Feature","geometry":{"type":"MultiPolygon","coordinates":[[[[-0.3339211773424179,36.313308981520365],[-0.32178645453690824,36.32212649264502],[-0.32061078638695406,36.32050852960429],[-0.3327455091924637,36.311691018479635],[-0.3339211773424179,36.313308981520365]]],[[[-0.3171537128600946,36.32425668149954],[-0.3229621226868625,36.323744455685755],[-0.3194351182369998,36.31889056656355],[-0.3171537128600946,36.32425668149954]]]]},"properties":{"speed":0.085,"dir_deg":54.0,"type":"ضعيف"}},{"type":"Feature","geometry":{"type":"MultiPolygon","coordinates":[[[[-0.2924835070233139,36.31307684972263],[-0.2838307611839194,36.32532960408395],[-0.28219706060241007,36.32417590463869],[-0.2908498064418045,36.31192315027737],[-0.2924835070233139,36.31307684972263]]],[[[-0.2801296622800333,36.328837005815096],[-0.2854644617654287,36.3264833035292],[-0.28056336002090076,36.32302220519344],[-0.2801296622800333,36.328837005815096]]]]},"properties":{"speed":0.1448,"dir_deg":35.2,"type":"ضعيف"}},{"type":"Feature","geometry":{"type":"MultiPolygon","coordinates":[[[[-0.25092453420439176,36.31288109907493],[-0.24520804808049693,36.3267491121408],[-0.2433589796717134,36.325986913990945],[-0.24907546579560824,36.31211890092507],[-0.25092453420439176,36.31288109907493]]],[[[-0.24237801850147356,36.33099068408784],[-0.24705711648928044,36.32751131029065],[-0.2415099112629299,36.325224715841095],[-0.24237801850147356,36.33099068408784]]]]},"properties":{"speed":0.2,"dir_deg":22.4,"type":"متوسط"}},{"type":"Feature","geometry":{"type":"MultiPolygon","coordinates":[[[[-0.2092962585548768,36.312769750721756],[-0.2052499977285286,36.32721370355071],[-0.2033241373513342,36.3266742021072],[-0.2073703981776824,36.312230249278244],[-0.2092962585548768,36.312769750721756]]],[[[-0.20293831393114867,36.331758603771945],[-0.20717585810572298,36.327753204994224],[-0.2013982769741398,36.32613470066369],[-0.20293831393114867,36.331758603771945]]]]},"properties":{"speed":0.2301,"dir_deg":15.6,"type":"متوسط"}},{"type":"Feature","geometry":{"type":"MultiPolygon","coordinates":[[[[-0.1676412455363067,36.31272406630357],[-0.16428025098268312,36.32734267484237],[-0.16233110317751054,36.32689454223522],[-0.1656920977311341,36.31227593369643],[-0.1676412455363067,36.31272406630357]]],[[[-0.16218534556222233,36.33199147805173],[-0.1662293987878557,36.327790807449524],[-0.16038195537233796,36.32644640962807],[-0.16218534556222233,36.33199147805173]]]]},"properties":{"speed":0.2426,"dir_deg":12.9,"type":"متوسط"}},{"type":"Feature","geometry":{"type":"MultiPolygon","coordinates":[[[[-0.12598075507959197,36.31269524209038],[-0.12305212372394533,36.32740656828426],[-0.12109061356476142,36.327016084103505],[-0.12401924492040804,36.31230475790962],[-0.12598075507959197,36.31269524209038]]],[[[-0.12109515819247117,36.33211510159184],[-0.12501363388312928,36.32779705246501],[-0.11912910340557749,36.32662559992276],[-0.12109515819247117,36.33211510159184]]]]},"properties":{"speed":0.2913,"dir_deg":11.3,"type":"متوسط"}},{"type":"Feature","geometry":{"type":"MultiPolygon","coordinates":[[[[-0.08430798242874668,36.31272374981997],[-0.08095173512914318,36.32734344899827],[-0.07900244190537022,36.326895949358324],[-0.08235868920497372,36.31227625018003],[-0.08430798242874668,36.31272374981997]]],[[[-0.07885833941738886,36.33199293223773],[-0.08290102835291614,36.32779094863822],[-0.07705314868159725,36.32644844971838],[-0.07885833941738886,36.33199293223773]]]]},"properties":{"speed":0.4053,"dir_deg":12.9,"type":"قوي"}},{"type":"Feature","geometry":{"type":"MultiPolygon","coordinates":[[[[-0.04263256738701893,36.31275891735605],[-0.038748807046329575,36.327247409534884],[-0.03681700808915192,36.326729574822785],[-0.04070076842984127,36.31224108264395],[-0.04263256738701893,36.31275891735605]]],[[[-0.036488320787510964,36.331817989571775],[-0.04068060600350724,36.327765244246976],[-0.03488520913197426,36.32621174011069],[-0.036488320787510964,36.331817989571775]]]]},"properties":{"speed":0.5409,"dir_deg":15.0,"type":"قوي"}},{"type":"Feature","geometry":{"type":"MultiPolygon","coordinates":[[[[-0.0009636622092328676,36.31276712384113],[0.003043195407615589,36.32722205697962],[0.0049705198260813245,36.32668780929737],[0.0009636622092328676,36.31223287615887],[-0.0009636622092328676,36.31276712384113]]],[[[0.005342476822464609,36.33177324418466],[0.0011158709891498537,36.32775630466187],[0.00689784424454706,36.32615356161512],[0.005342476822464609,36.33177324418466]]]]},"properties":{"speed":0.6105,"dir_deg":15.5,"type":"قوي"}},{"type":"Feature","geometry":{"type":"MultiPolygon","coordinates":[[[[0.04069953461972307,36.31275426993899],[0.04451358370459507,36.3272612692696],[0.04644785028200914,36.326752729391615],[0.04263380119713713,36.31224573006101],[0.04069953461972307,36.31275426993899]]],[[[0.04675206668825944,36.33184266577414],[0.042579317127181014,36.32776980914758],[0.048382116859423195,36.32624418951363],[0.04675206668825944,36.33184266577414]]]]},"properties":{"speed":0.5722,"dir_deg":14.7,"type":"قوي"}},{"type":"Feature","geometry":{"type":"MultiPolygon","coordinates":[[[[0.08235370117758009,36.31270078837995],[0.08536552687681503,36.32739530796915],[0.08732479615537525,36.32699373120925],[0.08431297045614031,36.31229921162005],[0.08235370117758009,36.31270078837995]]],[[[0.08734910341584012,36.3320926927856],[0.08340625759825483,36.32779688472905],[0.08928406543393545,36.32659215444935],[0.08734910341584012,36.3320926927856]]]]},"properties":{"speed":0.4391,"dir_deg":11.6,"type":"قوي"}},{"type":"Feature","geometry":{"type":"MultiPolygon","coordinates":[[[[0.124000422462015,36.312529064506805],[0.12443639006409192,36.32752272757658],[0.12643554514006194,36.32746459856297],[0.12599957753798502,36.312470935493195],[0.124000422462015,36.312529064506805]]],[[[0.12558129013610256,36.3324915507597],[0.1224372349881219,36.32758085659019],[0.12843470021603196,36.32740646954936],[0.12558129013610256,36.3324915507597]]]]},"properties":{"speed":0.2723,"dir_deg":1.7,"type":"متوسط"}},{"type":"Feature","geometry":{"type":"MultiPolygon","coordinates":[[[[0.1658088563093045,36.311986041957745],[0.15809948567549906,36.32485327182398],[0.15981511632433085,36.32588118790849],[0.1675244869581363,36.313013958042255],[0.1658088563093045,36.311986041957745]]],[[[0.15638751078864646,36.32965630648832],[0.15638385502666727,36.32382535573948],[0.16153074697316264,36.326909103992996],[0.15638751078864646,36.32965630648832]]]]},"properties":{"speed":0.1706,"dir_deg":329.1,"type":"ضعيف"}},{"type":"Feature","geometry":{"type":"MultiPolygon","coordinates":[[[[0.20801642043106763,36.311551543696],[0.1937895758710491,36.31630516272418],[0.19442339174147305,36.31820207533218],[0.20865023630149157,36.313448456304],[0.20801642043106763,36.311551543696]]],[[[0.18936420228625492,36.31883815870424],[0.19315576000062515,36.31440825011617],[0.19505720761189702,36.320098987940185],[0.18936420228625492,36.31883815870424]]]]},"properties":{"speed":0.1794,"dir_deg":288.5,"type":"ضعيف"}},{"type":"Feature","geometry":{"type":"MultiPolygon","coordinates":[[[[0.25002101998595205,36.31150022094431],[0.2350243341506457,36.31118492115503],[0.23498229417874153,36.31318447926641],[0.24997898001404792,36.31349977905569],[0.25002101998595205,36.31150022094431]]],[[[0.23000441888625814,36.31207960028096],[0.23506637412254985,36.30918536304366],[0.23494025420683737,36.31518403737778],[0.23000441888625814,36.31207960028096]]]]},"properties":{"speed":0.2094,"dir_deg":268.8,"type":"متوسط"}},{"type":"Feature","geometry":{"type":"MultiPolygon","coordinates":[[[[0.2918415372064914,36.31151541032921],[0.2770726921445585,36.308892203220225],[0.27672293119669406,36.31086138256181],[0.291491776258627,36.31348458967079],[0.2918415372064914,36.31151541032921]]],[[[0.2719748633166486,36.30900239052136],[0.27742245309242286,36.30692302387863],[0.2763731702488297,36.312830561903404],[0.2719748633166486,36.30900239052136]]]]},"properties":{"speed":0.2175,"dir_deg":259.9,"type":"متوسط"}},{"type":"Feature","geometry":{"type":"MultiPolygon","coordinates":[[[[0.3335539161928124,36.31152462951419],[0.3189233589056333,36.30821603563361],[0.3184822130548901,36.310166776605236],[0.3331127703420692,36.31347537048581],[0.3335539161928124,36.31152462951419]]],[[[0.31382593355120203,36.308088541492566],[0.31936450475637645,36.30626529466199],[0.31804106720414693,36.31211751757686],[0.31382593355120203,36.308088541492566]]]]},"properties":{"speed":0.2003,"dir_deg":257.3,"type":"متوسط"}},{"type":"Feature","geometry":{"type":"MultiPolygon","coordinates":[[[[0.37521325896842117,36.311523004292546],[0.3605583233565774,36.308324119766226],[0.36013180541973505,36.310278111181134],[0.37478674103157883,36.313476995707454],[0.37521325896842117,36.311523004292546]]],[[[0.35546008585087496,36.308234820631576],[0.36098484129341973,36.30637012835131],[0.3597052874828927,36.31223210259605],[0.35546008585087496,36.308234820631576]]]]},"properties":{"speed":0.184,"dir_deg":257.7,"type":"ضعيف"}},{"type":"Feature","geometry":{"type":"MultiPolygon","coordinates":[[[[0.41685344353339004,36.31151759952614],[0.402117436425528,36.30871579751368],[0.4017438628238663,36.310680598461396],[0.41647986993172836,36.31348240047386],[0.41685344353339004,36.31151759952614]]],[[[0.39701864725540975,36.308764263983385],[0.4024910100271896,36.30675099656597],[0.4013702892222047,36.31264539940911],[0.39701864725540975,36.308764263983385]]]]},"properties":{"speed":0.1988,"dir_deg":259.2,"type":"متوسط"}},{"type":"Feature","geometry":{"type":"MultiPolygon","coordinates":[[[[0.45841297270785825,36.31150317546568],[0.44346060469308446,36.31030873385942],[0.44330134581224956,36.31230238292806],[0.45825371382702335,36.31349682453432],[0.45841297270785825,36.31150317546568]]],[[[0.43839685258107575,36.31090741119165],[0.4436198635739194,36.308315084790785],[0.4431420869314146,36.3142960319967],[0.43839685258107575,36.31090741119165]]]]},"properties":{"speed":0.2159,"dir_deg":265.4,"type":"متوسط"}},{"type":"Feature","geometry":{"type":"MultiPolygon","coordinates":[[[[0.49997343728218246,36.31150035285124],[0.48497873005079634,36.311898793618504],[0.4850318554864314,36.31389808791602],[0.5000265627178175,36.31349964714876],[0.49997343728218246,36.31150035285124]]],[[[0.4800070570248185,36.31303125435635],[0.4849256046151613,36.309899499320984],[0.4850849809220664,36.31589738221354],[0.4800070570248185,36.31303125435635]]]]},"properties":{"speed":0.2051,"dir_deg":271.5,"type":"متوسط"}},{"type":"Feature","geometry":{"type":"MultiPolygon","coordinates":[[[[0.541852133404668,36.31151734570754],[0.5271123190177958,36.30873564266075],[0.526741425278223,36.310700951245664],[0.5414812396650952,36.31348265429246],[0.541852133404668,36.31151734570754]]],[[[0.5220136006857187,36.30879106260427],[0.5274832127573685,36.306770334075836],[0.5263705315386502,36.31266625983058],[0.5220136006857187,36.30879106260427]]]]},"properties":{"speed":0.1617,"dir_deg":259.3,"type":"ضعيف"}},{"type":"Feature","geometry":{"type":"MultiPolygon","coordinates":[[[[0.5830107213019214,36.31155346194147],[0.568812650423986,36.31639234438943],[0.5694578347503799,36.318285420506484],[0.5836559056283154,36.31344653805853],[0.5830107213019214,36.31155346194147]]],[[[0.5644025522945377,36.31895184326394],[0.568167466097592,36.31449926827237],[0.5701030190767739,36.32017849662354],[0.5644025522945377,36.31895184326394]]]]},"properties":{"speed":0.1325,"dir_deg":288.8,"type":"ضعيف"}},{"type":"Feature","geometry":{"type":"MultiPolygon","coordinates":[[[[-0.4156977021407127,36.354415176981284],[-0.41198912090776046,36.339880858103584],[-0.41392703009145343,36.33938638060586],[-0.4176356113244057,36.35392069948356],[-0.4156977021407127,36.354415176981284]]],[[[-0.4117218817552895,36.33478884639549],[-0.41005121172406744,36.34037533560131],[-0.41586493927514645,36.338891903108134],[-0.4117218817552895,36.33478884639549]]]]},"properties":{"speed":0.1078,"dir_deg":165.7,"type":"ضعيف"}},{"type":"Feature","geometry":{"type":"MultiPolygon","coordinates":[[[[-0.3741599103904915,36.354710385877816],[-0.36602319570954844,36.34210904173519],[-0.3677033749285654,36.341024146444404],[-0.3758400896095085,36.35362549058703],[-0.3741599103904915,36.354710385877816]]],[[[-0.3641510470920759,36.33736614604225],[-0.36434301649053147,36.34319393702599],[-0.3693835541475824,36.33993925115361],[-0.3641510470920759,36.33736614604225]]]]},"properties":{"speed":0.0581,"dir_deg":147.1,"type":"ضعيف"}},{"type":"Feature","geometry":{"type":"MultiPolygon","coordinates":[[[[-0.3335659881987281,36.355140499971306],[-0.31897756211542766,36.35863017394062],[-0.318512272252853,36.35668505046285],[-0.33310069833615347,36.35319537649354],[-0.3335659881987281,36.355140499971306]]],[[[-0.3138821084897069,36.35882083685817],[-0.3194428519780023,36.36057529741839],[-0.31804698239027834,36.354739926985076],[-0.3138821084897069,36.35882083685817]]]]},"properties":{"speed":0.0439,"dir_deg":76.5,"type":"ضعيف"}},{"type":"Feature","geometry":{"type":"MultiPolygon","coordinates":[[[[-0.29252832771471005,36.35467540558952],[-0.2849163173582515,36.36760047032178],[-0.28319297539394983,36.36658553560759],[-0.29080498575040836,36.353660470875326],[-0.29252832771471005,36.35467540558952]]],[[[-0.28151730959061455,36.371401357875435],[-0.2866396593225531,36.36861540503598],[-0.28146963342964826,36.36557060089339],[-0.28151730959061455,36.371401357875435]]]]},"properties":{"speed":0.0909,"dir_deg":30.5,"type":"ضعيف"}},{"type":"Feature","geometry":{"type":"MultiPolygon","coordinates":[[[[-0.2509734349586292,36.35439690194421],[-0.24753897928171986,36.36899842632365],[-0.24559210936446135,36.36854049890007],[-0.24902656504137075,36.35393897452063],[-0.2509734349586292,36.35439690194421]]],[[[-0.2454207257641208,36.373636637405006],[-0.24948584919897837,36.36945635374724],[-0.24364523944720284,36.36808257147648],[-0.2454207257641208,36.373636637405006]]]]},"properties":{"speed":0.1688,"dir_deg":13.2,"type":"ضعيف"}},{"type":"Feature","geometry":{"type":"MultiPolygon","coordinates":[[[[-0.20932400836094575,36.35430414817394],[-0.20728085923817854,36.36916434809393],[-0.20529949924884625,36.3688919282109],[-0.20734264837161345,36.354031728290906],[-0.20932400836094575,36.35430414817394]]],[[[-0.20560912953592334,36.37398153812575],[-0.20926221922751084,36.36943676797697],[-0.20331813925951395,36.36861950832786],[-0.20560912953592334,36.37398153812575]]]]},"properties":{"speed":0.2231,"dir_deg":7.8,"type":"متوسط"}},{"type":"Feature","geometry":{"type":"MultiPolygon","coordinates":[[[[-0.16766107770994118,36.35427356282982],[-0.16607670874899277,36.36918965397313],[-0.1640878965965512,36.36897840477834],[-0.16567226555749962,36.354062313635026],[-0.16766107770994118,36.35427356282982]]],[[[-0.16455417968578917,36.37405605975684],[-0.16806552090143434,36.36940090316792],[-0.16209908444410964,36.36876715558355],[-0.16455417968578917,36.37405605975684]]]]},"properties":{"speed":0.2421,"dir_deg":6.1,"type":"متوسط"}},{"type":"Feature","geometry":{"type":"MultiPolygon","coordinates":[[[[-0.12599619054709094,36.354255141408316],[-0.124688142908623,36.36919799961468],[-0.12269576181444113,36.36902359326289],[-0.12400380945290906,36.35408073505653],[-0.12599619054709094,36.354255141408316]]],[[[-0.12325593648204275,36.37409174917424],[-0.12668052400280486,36.36937240596647],[-0.12070338072025927,36.36884918691109],[-0.12325593648204275,36.37409174917424]]]]},"properties":{"speed":0.2515,"dir_deg":5.0,"type":"متوسط"}},{"type":"Feature","geometry":{"type":"MultiPolygon","coordinates":[[[[-0.08433121815701636,36.354232983103124],[-0.08335554509650686,36.36920121820547],[-0.08135978041619454,36.369071128464064],[-0.08233545347670404,36.35410289336172],[-0.08433121815701636,36.354232983103124]]],[[[-0.08203243840284755,36.37412558503554],[-0.08535130977681919,36.369331307946865],[-0.07936401573588221,36.36894103872267],[-0.08203243840284755,36.37412558503554]]]]},"properties":{"speed":0.3175,"dir_deg":3.7,"type":"متوسط"}},{"type":"Feature","geometry":{"type":"MultiPolygon","coordinates":[[[[-0.04266230651856486,36.35426123216582],[-0.041262897517590984,36.36919581131784],[-0.03927162029732146,36.369009223451044],[-0.04067102929829534,36.354074644299025],[-0.04266230651856486,36.35426123216582]]],[[[-0.03980078924046493,36.374080710435116],[-0.04325417473786051,36.36938239918464],[-0.037280343077051935,36.368822635584245],[-0.03980078924046493,36.374080710435116]]]]},"properties":{"speed":0.4466,"dir_deg":5.4,"type":"قوي"}},{"type":"Feature","geometry":{"type":"MultiPolygon","coordinates":[[[[-0.0009915389805765966,36.354297747515595],[0.0009556002669742357,36.36917083222424],[0.002938678228127429,36.368911213657896],[0.0009915389805765966,36.35403812894925],[-0.0009915389805765966,36.354297747515595]]],[[[0.00259618566340111,36.37399871784395],[-0.001027477694178957,36.36943045079058],[0.004921756189280622,36.368651595091556],[0.00259618566340111,36.37399871784395]]]]},"properties":{"speed":0.5426,"dir_deg":7.5,"type":"قوي"}},{"type":"Feature","geometry":{"type":"MultiPolygon","coordinates":[[[[0.04067767849109166,36.35431592448987],[0.042897472352767016,36.36915076574994],[0.04487545118744389,36.36885479323505],[0.04265565732576854,36.354019951974976],[0.04067767849109166,36.35431592448987]]],[[[0.04462639305733057,36.37394772657919],[0.04091949351809015,36.369446738264834],[0.04685343002212076,36.36855882072016],[0.04462639305733057,36.37394772657919]]]]},"properties":{"speed":0.5595,"dir_deg":8.5,"type":"قوي"}},{"type":"Feature","geometry":{"type":"MultiPolygon","coordinates":[[[[0.08234239906664309,36.35430226751839],[0.08435733835619058,36.36916631877165],[0.0863392118566248,36.36889766019971],[0.08432427256707731,36.35403360894645],[0.08234239906664309,36.35430226751839]]],[[[0.08601992153625684,36.373986673236764],[0.08237546485575638,36.36943497734359],[0.088321085357059,36.36862900162777],[0.08601992153625684,36.373986673236764]]]]},"properties":{"speed":0.4992,"dir_deg":7.7,"type":"قوي"}},{"type":"Feature","geometry":{"type":"MultiPolygon","coordinates":[[[[0.12400329113740644,36.35424900267116],[0.12521925771843329,36.369199635610066],[0.12721267544362042,36.36903750673259],[0.12599670886259356,36.35408687379368],[0.12400329113740644,36.35424900267116]]],[[[0.12662128877470247,36.37410211548429],[0.12322583999324616,36.369361764487536],[0.12920609316880755,36.36887537785512],[0.12662128877470247,36.37410211548429]]]]},"properties":{"speed":0.3682,"dir_deg":4.6,"type":"متوسط"}},{"type":"Feature","geometry":{"type":"MultiPolygon","coordinates":[[[[0.1656744770891659,36.3540432386504],[0.16380398335884613,36.368926156818716],[0.1657883724479551,36.369175555982764],[0.16765886617827488,36.354292637814446],[0.1656744770891659,36.3540432386504]]],[[[0.16417267999329402,36.37401182912351],[0.16181959426973713,36.368676757654676],[0.1677727615370641,36.369424955146805],[0.16417267999329402,36.37401182912351]]]]},"properties":{"speed":0.2302,"dir_deg":352.8,"type":"متوسط"}},{"type":"Feature","geometry":{"type":"MultiPolygon","coordinates":[[[[0.20759717335619682,36.3534911252589],[0.19744497875334088,36.36453345041014],[0.19891728877350645,36.36588707635719],[0.20906948337636239,36.354844751205945],[0.20759717335619682,36.3534911252589]]],[[[0.194797068895805,36.36889103843408],[0.19597266873317534,36.363179824463096],[0.200389598793672,36.36724070230424],[0.194797068895805,36.36889103843408]]]]},"properties":{"speed":0.1498,"dir_deg":317.4,"type":"ضعيف"}},{"type":"Feature","geometry":{"type":"MultiPolygon","coordinates":[[[[0.24988749019726794,36.35317428761763],[0.23498273097529226,36.35486193465861],[0.23520775058075638,36.3568492358882],[0.25011250980273203,36.35516158884722],[0.24988749019726794,36.35317428761763]]],[[[0.23012698770403242,36.35641813428706],[0.23475771136982818,36.35287463342901],[0.23543277018622047,36.358836537117796],[0.23012698770403242,36.35641813428706]]]]},"properties":{"speed":0.1577,"dir_deg":276.5,"type":"ضعيف"}},{"type":"Feature","geometry":{"type":"MultiPolygon","coordinates":[[[[0.2918575528694597,36.35318632799159],[0.2771333992569016,36.35032288593808],[0.27675160698310064,36.35228610641975],[0.2914757605956587,36.35514954847326],[0.2918575528694597,36.35318632799159]]],[[[0.2720344519158151,36.35035001549441],[0.27751519153070253,36.3483596654564],[0.2763698147092997,36.354249326901424],[0.2720344519158151,36.35035001549441]]]]},"properties":{"speed":0.1886,"dir_deg":259.0,"type":"ضعيف"}},{"type":"Feature","geometry":{"type":"MultiPolygon","coordinates":[[[[0.33356807360154517,36.353195877704344],[0.31898716568034446,36.34967492269278],[0.3185177050121357,36.35161904374893],[0.3330986129333364,36.3551399987605],[0.33356807360154517,36.353195877704344]]],[[[0.3138921327058398,36.349473331550335],[0.31945662634855315,36.347730801636615],[0.31804824434392703,36.353563164805095],[0.3138921327058398,36.349473331550335]]]]},"properties":{"speed":0.1883,"dir_deg":256.4,"type":"ضعيف"}},{"type":"Feature","geometry":{"type":"MultiPolygon","coordinates":[[[[0.37520212722694346,36.35318857896018],[0.3605117381433,36.350156670556025],[0.3601074836894131,36.35211538910051],[0.37479787277305654,36.355147297504665],[0.37520212722694346,36.35318857896018]]],[[[0.35541281455514206,36.35012539369355],[0.360915992597187,36.34819795201154],[0.3597032292355261,36.354074107645],[0.35541281455514206,36.35012539369355]]]]},"properties":{"speed":0.1723,"dir_deg":258.3,"type":"ضعيف"}},{"type":"Feature","geometry":{"type":"MultiPolygon","coordinates":[[[[0.41682265710462013,36.353180181236034],[0.4020063021587742,36.35084017565512],[0.40169430141465234,36.3528156896479],[0.4165106563604983,36.35515569522881],[0.41682265710462013,36.353180181236034]]],[[[0.39691151680476466,36.351047930791204],[0.402318302902896,36.34886466166234],[0.40138230067053055,36.35479120364068],[0.39691151680476466,36.351047930791204]]]]},"properties":{"speed":0.1695,"dir_deg":261.0,"type":"ضعيف"}},{"type":"Feature","geometry":{"type":"MultiPolygon","coordinates":[[[[0.4584313762308958,36.35317275506432],[0.4435036287093455,36.3517022606125],[0.4433075627824355,36.3536926269487],[0.4582353103039858,36.35516312140052],[0.4584313762308958,36.35317275506432]]],[[[0.4384296799053737,36.35220727896332],[0.4436996946362555,36.34971189427629],[0.4431114968555255,36.35568299328491],[0.4384296799053737,36.35220727896332]]]]},"properties":{"speed":0.1831,"dir_deg":264.4,"type":"ضعيف"}},{"type":"Feature","geometry":{"type":"MultiPolygon","coordinates":[[[[0.5000704527771408,36.35317042311665],[0.4851077260405644,36.35211363145954],[0.4849668204862828,36.35410866169108],[0.4999295472228592,36.35516545334819],[0.5000704527771408,36.35317042311665]]],[[[0.4800496976845648,36.352758882689606],[0.485248631594846,36.35011860122799],[0.4848259149320012,36.35610369192263],[0.4800496976845648,36.352758882689606]]]]},"properties":{"speed":0.2001,"dir_deg":266.0,"type":"متوسط"}},{"type":"Feature","geometry":{"type":"MultiPolygon","coordinates":[[[[0.5417242258422559,36.353169594990796],[0.5267490772178164,36.352306505380184],[0.5266339986030678,36.35430319186344],[0.5416091472275073,36.35516628147405],[0.5417242258422559,36.353169594990796]]],[[[0.5216998217022957,36.35301715208494],[0.5268641558325649,36.350309818896925],[0.5265189199883193,36.3562998783467],[0.5216998217022957,36.35301715208494]]]]},"properties":{"speed":0.184,"dir_deg":266.7,"type":"ضعيف"}},{"type":"Feature","geometry":{"type":"MultiPolygon","coordinates":[[[[0.5831386904453981,36.35318706011553],[0.5684255186920384,36.35610640541134],[0.568814764731479,36.35806816164512],[0.5835279364848387,36.35514881634931],[0.5831386904453981,36.35318706011553]]],[[[0.5637157511273054,36.358060398626826],[0.5680362726525977,36.354144649177556],[0.5692040107709196,36.360029917878904],[0.5637157511273054,36.358060398626826]]]]},"properties":{"speed":0.1243,"dir_deg":281.2,"type":"ضعيف"}},{"type":"Feature","geometry":{"type":"MultiPolygon","coordinates":[[[[0.6252467776024958,36.35319886609119],[0.6107106954840588,36.349497202053755],[0.6102171402790671,36.35143534633622],[0.6247532223975042,36.35513701037365],[0.6252467776024958,36.35319886609119]]],[[[0.6056185571754172,36.34923238618251],[0.6112042506890504,36.3475590577713],[0.6097235850740755,36.35337349061867],[0.6056185571754172,36.34923238618251]]]]},"properties":{"speed":0.1098,"dir_deg":255.7,"type":"ضعيف"}},{"type":"Feature","geometry":{"type":"MultiPolygon","coordinates":[[[[0.667125778407324,36.353279549436536],[0.653799946469021,36.3463931713499],[0.6528817627241361,36.348169948941674],[0.6662075946624392,36.35505632702831],[0.667125778407324,36.353279549436536]]],[[[0.6488989106171442,36.34498610078357],[0.6547181302139058,36.34461639375813],[0.6519635789792513,36.349946726533446],[0.6488989106171442,36.34498610078357]]]]},"properties":{"speed":0.1427,"dir_deg":242.7,"type":"ضعيف"}},{"type":"Feature","geometry":{"type":"MultiPolygon","coordinates":[[[[0.7090232048264828,36.353444025316726],[0.6981645110910094,36.34309565489626],[0.6967847283682805,36.34454348072765],[0.707643422103754,36.35489185114812],[0.7090232048264828,36.353444025316726]]],[[[0.6938550551511539,36.340370111005136],[0.6995442938137383,36.34164782906486],[0.6954049456455517,36.34599130655905],[0.6938550551511539,36.340370111005136]]]]},"properties":{"speed":0.1273,"dir_deg":226.4,"type":"ضعيف"}},{"type":"Feature","geometry":{"type":"MultiPolygon","coordinates":[[[[0.7506770928727228,36.35343204065687],[0.7396386292393952,36.343275647566024],[0.7382844434939496,36.34474744271713],[0.7493229071272772,36.354903835807974],[0.7506770928727228,36.35343204065687]]],[[[0.7352820484888966,36.340626080777966],[0.7409928149848408,36.34180385241491],[0.736930257748504,36.34621923786824],[0.7352820484888966,36.340626080777966]]]]},"properties":{"speed":0.0821,"dir_deg":227.4,"type":"ضعيف"}},{"type":"Feature","geometry":{"type":"MultiPolygon","coordinates":[[[[-0.41567549582365493,36.395964726957665],[-0.4136855179723909,36.3810973133241],[-0.41566783979019944,36.380831982943924],[-0.4176578176414635,36.39569939657749],[-0.41567549582365493,36.395964726957665]]],[[[-0.4140133529308738,36.376008843589496],[-0.4117031961545824,36.381362643704264],[-0.41765016160800794,36.38056665256376],[-0.4140133529308738,36.376008843589496]]]]},"properties":{"speed":0.1268,"dir_deg":172.4,"type":"ضعيف"}},{"type":"Feature","geometry":{"type":"MultiPolygon","coordinates":[[[[-0.3740257701468642,36.3960576192841],[-0.3706424073990512,36.38144417148706],[-0.37259086710532274,36.38099305645402],[-0.3759742298531358,36.395606504251056],[-0.3740257701468642,36.3960576192841]]],[[[-0.3704888496695827,36.376347464704864],[-0.3686939476927797,36.3818952865201],[-0.37453932681159424,36.38054194142098],[-0.3704888496695827,36.376347464704864]]]]},"properties":{"speed":0.0701,"dir_deg":167.0,"type":"ضعيف"}},{"type":"Feature","geometry":{"type":"MultiPolygon","coordinates":[[[[-0.333347338372527,36.396831963831296],[-0.3183488074167112,36.39704189040759],[-0.31832081720653876,36.39504208628016],[-0.3333193481623546,36.39483215970386],[-0.333347338372527,36.396831963831296]]],[[[-0.3133353019930197,36.3961119638693],[-0.31837679762688365,36.399041694535036],[-0.3182928269963663,36.39304228215271],[-0.3133353019930197,36.3961119638693]]]]},"properties":{"speed":0.0204,"dir_deg":89.2,"type":"ضعيف"}},{"type":"Feature","geometry":{"type":"MultiPolygon","coordinates":[[[[-0.2926330075052186,36.396089289651336],[-0.28877458924890614,36.41058455124123],[-0.2868418877035874,36.41007009547371],[-0.2907003059598998,36.39557483388382],[-0.2926330075052186,36.396089289651336]]],[[[-0.28652209905747594,36.415159077220764],[-0.29070729079422486,36.41109900700874],[-0.28490918615826866,36.409555639706205],[-0.28652209905747594,36.415159077220764]]]]},"properties":{"speed":0.076,"dir_deg":14.9,"type":"ضعيف"}},{"type":"Feature","geometry":{"type":"MultiPolygon","coordinates":[[[[-0.25099897619540334,36.39587730070012],[-0.2503203922072919,36.41086194363117],[-0.24832243981648516,36.41077146576608],[-0.24900102380459663,36.395786822835035],[-0.25099897619540334,36.39587730070012]]],[[[-0.24909522134918471,36.41581158567565],[-0.2523183445980986,36.41095242149625],[-0.24632448742567845,36.410680987901],[-0.24909522134918471,36.41581158567565]]]]},"properties":{"speed":0.1533,"dir_deg":2.6,"type":"ضعيف"}},{"type":"Feature","geometry":{"type":"MultiPolygon","coordinates":[[[[-0.2093322563550662,36.39578577058895],[-0.21002662403448488,36.41076969042075],[-0.2080287680569117,36.410862272778004],[-0.207334400377493,36.395878352946205],[-0.2093322563550662,36.39578577058895]]],[[[-0.20925915193883785,36.41581062154331],[-0.2120244800120581,36.410677108063496],[-0.2060309120793385,36.41095485513526],[-0.20925915193883785,36.41581062154331]]]]},"properties":{"speed":0.2161,"dir_deg":357.3,"type":"متوسط"}},{"type":"Feature","geometry":{"type":"MultiPolygon","coordinates":[[[[-0.16766584861333012,36.395791498688084],[-0.1682742948057294,36.41077915338223],[-0.16627594084650996,36.41086027954122],[-0.16566749465411068,36.39587262484707],[-0.16766584861333012,36.395791498688084]]],[[[-0.1674779332235861,36.415815601359775],[-0.17027264876494885,36.41069802722324],[-0.1642775868872905,36.41094140570021],[-0.1674779332235861,36.415815601359775]]]]},"properties":{"speed":0.2481,"dir_deg":357.7,"type":"متوسط"}},{"type":"Feature","geometry":{"type":"MultiPolygon","coordinates":[[[[-0.12599941013145355,36.39579771953195],[-0.12651454366588677,36.410788871503755],[-0.12451572340297967,36.410857555975014],[-0.12400058986854645,36.39586640400321],[-0.12599941013145355,36.39579771953195]]],[[[-0.12568684471257763,36.41582026439665],[-0.1285133639287939,36.410720187032496],[-0.12251690314007256,36.41092624044627],[-0.12568684471257763,36.41582026439665]]]]},"properties":{"speed":0.2529,"dir_deg":358.0,"type":"متوسط"}},{"type":"Feature","geometry":{"type":"MultiPolygon","coordinates":[[[[-0.08432999717910997,36.395750415402084],[-0.08555469266152486,36.41070033583583],[-0.08356136993702533,36.410863628566815],[-0.08233667445461043,36.39591370813307],[-0.08432999717910997,36.395750415402084]]],[[[-0.08496626312674672,36.415765289012576],[-0.0875480153860244,36.41053704310484],[-0.0815680472125258,36.411026921297804],[-0.08496626312674672,36.415765289012576]]]]},"properties":{"speed":0.2837,"dir_deg":355.3,"type":"متوسط"}},{"type":"Feature","geometry":{"type":"MultiPolygon","coordinates":[[[[-0.042663178579094574,36.39574859630615],[-0.043915160500555245,36.410696256366116],[-0.041922139159226296,36.410863187288975],[-0.040670157237765625,36.39591552722901],[-0.042663178579094574,36.39574859630615]]],[[[-0.04333597713704433,36.41576227518087],[-0.045908181841884194,36.41052932544325],[-0.03992911781789735,36.41103011821184],[-0.04333597713704433,36.41576227518087]]]]},"properties":{"speed":0.368,"dir_deg":355.2,"type":"متوسط"}},{"type":"Feature","geometry":{"type":"MultiPolygon","coordinates":[[[[-0.0009982609422507563,36.39577311186362],[-0.001882509501617564,36.41074702599738],[0.00011401238288394865,36.4108649258053],[0.0009982609422507563,36.39589101167154],[-0.0009982609422507563,36.39577311186362]]],[[[-0.0011789980791557437,36.415797280612594],[-0.0038790313861190766,36.41062912618947],[0.002110534267385461,36.41098282561321],[-0.0011789980791557437,36.415797280612594]]]]},"properties":{"speed":0.4604,"dir_deg":356.6,"type":"قوي"}},{"type":"Feature","geometry":{"type":"MultiPolygon","coordinates":[[[[0.04066671600271804,36.39584186922713],[0.040813827895962246,36.41084114781281],[0.042813731707386365,36.41082153289371],[0.04266661981414216,36.39582225430803],[0.04066671600271804,36.39584186922713]]],[[[0.04186281709942238,36.41583109988182],[0.03881392408453812,36.41086076273191],[0.04481363551881049,36.41080191797462],[0.04186281709942238,36.41583109988182]]]]},"properties":{"speed":0.5141,"dir_deg":0.6,"type":"قوي"}},{"type":"Feature","geometry":{"type":"MultiPolygon","coordinates":[[[[0.08233706516050417,36.39591834490199],[0.08363131217668045,36.410862404747334],[0.08562385348939251,36.410689838478504],[0.08432960647321623,36.39574577863316],[0.08233706516050417,36.39591834490199]]],[[[0.08505899850509523,36.4157574748947],[0.08163877086396838,36.41103497101616],[0.08761639480210458,36.41051727220968],[0.08505899850509523,36.4157574748947]]]]},"properties":{"speed":0.5251,"dir_deg":4.9,"type":"قوي"}},{"type":"Feature","geometry":{"type":"MultiPolygon","coordinates":[[[[0.1240095998853763,36.39597029205714],[0.12608305422885926,36.4108262937765],[0.12806385445810667,36.41054983319737],[0.1259904001146237,36.39569383147801],[0.1240095998853763,36.39597029205714]]],[[[0.1277646057913106,36.41564006406005],[0.12410225399961188,36.41110275435563],[0.13004465468735404,36.41027337261824],[0.1277646057913106,36.41564006406005]]]]},"properties":{"speed":0.4444,"dir_deg":7.9,"type":"قوي"}},{"type":"Feature","geometry":{"type":"MultiPolygon","coordinates":[[[[0.16567361904798114,36.39594973318278],[0.1674386902760698,36.410845521968874],[0.16942479544754832,36.410610179138466],[0.16765972421945965,36.395714390352374],[0.16567361904798114,36.39594973318278]]],[[[0.16902009993783862,36.41569311348236],[0.16545258510459127,36.41108086479929],[0.17141090061902686,36.41037483630805],[0.16902009993783862,36.41569311348236]]]]},"properties":{"speed":0.2997,"dir_deg":6.8,"type":"متوسط"}},{"type":"Feature","geometry":{"type":"MultiPolygon","coordinates":[[[[0.20735313273798886,36.39563403012799],[0.2043826581440998,36.41033696455235],[0.2063430494006813,36.41073302783153],[0.20931352399457034,36.39603009340717],[0.20735313273798886,36.39563403012799]]],[[[0.20437269557442755,36.41543597433339],[0.20242226688751835,36.40994090127317],[0.20830344065726275,36.411129091110716],[0.20437269557442755,36.41543597433339]]]]},"properties":{"speed":0.1576,"dir_deg":348.6,"type":"ضعيف"}},{"type":"Feature","geometry":{"type":"MultiPolygon","coordinates":[[[[0.24964718573065017,36.39489636839294],[0.23561178511106662,36.40018858243319],[0.23631741364976627,36.40205996918246],[0.25035281426934985,36.396767755142214],[0.24964718573065017,36.39489636839294]]],[[[0.2312861325072219,36.40288834715457],[0.23490615657236694,36.39831719568391],[0.23702304218846595,36.40393135593174],[0.2312861325072219,36.40288834715457]]]]},"properties":{"speed":0.1014,"dir_deg":290.7,"type":"ضعيف"}},{"type":"Feature","geometry":{"type":"MultiPolygon","coordinates":[[[[0.29194416590288746,36.394871338779204],[0.27753332107732853,36.39070870122428],[0.276978302736672,36.392630147201025],[0.29138914756223094,36.39679278475595],[0.29194416590288746,36.394871338779204]]],[[[0.27245219696514733,36.390281878361016],[0.27808833941798505,36.388787255247536],[0.2764232843960155,36.394551593177766],[0.27245219696514733,36.390281878361016]]]]},"properties":{"speed":0.1405,"dir_deg":253.9,"type":"ضعيف"}},{"type":"Feature","geometry":{"type":"MultiPolygon","coordinates":[[[[0.3336961998621705,36.39490021677421],[0.3197185249616812,36.38945736785327],[0.31899281177222183,36.39132105784],[0.3329704866727111,36.396763906760945],[0.3336961998621705,36.39490021677421]]],[[[0.31469644340012176,36.38857492987299],[0.3204442381511405,36.38759367786654],[0.31826709858276253,36.39318474782673],[0.31469644340012176,36.38857492987299]]]]},"properties":{"speed":0.1563,"dir_deg":248.7,"type":"ضعيف"}},{"type":"Feature","geometry":{"type":"MultiPolygon","coordinates":[[[[0.37533076606493637,36.394888348988026],[0.3611750743716823,36.38992685801398],[0.36051354224180954,36.39181428357308],[0.37466923393506363,36.39677577454713],[0.37533076606493637,36.394888348988026]]],[[[0.3561257444089946,36.389216740468854],[0.3618366065015551,36.38803943245488],[0.35985201011193674,36.39370170913218],[0.3561257444089946,36.389216740468854]]]]},"properties":{"speed":0.1401,"dir_deg":250.7,"type":"ضعيف"}},{"type":"Feature","geometry":{"type":"MultiPolygon","coordinates":[[[[0.41693713146497247,36.39486933469352],[0.4024962253540893,36.39081221370732],[0.4019552758892628,36.39273766785544],[0.41639618200014594,36.39679478884164],[0.41693713146497247,36.39486933469352]]],[[[0.39741211525138165,36.390422567119316],[0.4030371748189158,36.388886759559206],[0.40141432642443625,36.39466312200356],[0.39741211525138165,36.390422567119316]]]]},"properties":{"speed":0.1121,"dir_deg":254.3,"type":"ضعيف"}},{"type":"Feature","geometry":{"type":"MultiPolygon","coordinates":[[[[0.45853697258024534,36.394853013708],[0.44385125168655,36.39179857401594],[0.4434439930609409,36.39375667013509],[0.45812971395463625,36.396811109827155],[0.45853697258024534,36.394853013708]]],[[[0.438752382075847,36.391759475511485],[0.444258510312159,36.389840477896776],[0.44303673443533187,36.39571476625425],[0.438752382075847,36.391759475511485]]]]},"properties":{"speed":0.0886,"dir_deg":258.3,"type":"ضعيف"}},{"type":"Feature","geometry":{"type":"MultiPolygon","coordinates":[[[[0.5000565316170503,36.39483366095815],[0.4850805194755764,36.39398568670239],[0.48496745624147564,36.39598248832125],[0.4999434683829496,36.39683046257701],[0.5000565316170503,36.39483366095815]]],[[[0.480031983811368,36.39470142942657],[0.48519358270967716,36.39198888508353],[0.4848543930073749,36.39797928994012],[0.480031983811368,36.39470142942657]]]]},"properties":{"speed":0.0703,"dir_deg":266.8,"type":"ضعيف"}},{"type":"Feature","geometry":{"type":"MultiPolygon","coordinates":[[[[0.5417051889333486,36.394832803259824],[0.5267163113170872,36.394255267282816],[0.5266393065201531,36.396253784298324],[0.5416281841364146,36.39683132027533],[0.5417051889333486,36.394832803259824]]],[[[0.5216815163798663,36.39506201379824],[0.5267933161140212,36.392256750267315],[0.526562301723219,36.398252301313825],[0.5216815163798663,36.39506201379824]]]]},"properties":{"speed":0.0517,"dir_deg":267.8,"type":"ضعيف"}},{"type":"Feature","geometry":{"type":"MultiPolygon","coordinates":[[[[0.5833630987302943,36.39483250544701],[0.5683697539218422,36.39438572646937],[0.5683101833914903,36.3963848391105],[0.5833035281999425,36.39683161808814],[0.5833630987302943,36.39483250544701]]],[[[0.5633421870538489,36.39523635646406],[0.568429324452194,36.39238661382825],[0.5682506128611385,36.398383951751626],[0.5633421870538489,36.39523635646406]]]]},"properties":{"speed":0.0311,"dir_deg":268.3,"type":"ضعيف"}},{"type":"Feature","geometry":{"type":"MultiPolygon","coordinates":[[[[0.6257696283567492,36.39519356964352],[0.6161922464958385,36.38364914429228],[0.6146529897823401,36.3849261285404],[0.6242303716432508,36.39647055389164],[0.6257696283567492,36.39519356964352]]],[[[0.6122301575187857,36.3804394946326],[0.6177315032093368,36.382372160044156],[0.6131137330688418,36.38620311278852],[0.6122301575187857,36.3804394946326]]]]},"properties":{"speed":0.0229,"dir_deg":219.7,"type":"ضعيف"}},{"type":"Feature","geometry":{"type":"MultiPolygon","coordinates":[[[[0.6676229502965895,36.396124567524865],[0.6720105366558502,36.381780611099245],[0.6700980091324344,36.38119559958467],[0.6657104227731737,36.39553955601029],[0.6676229502965895,36.396124567524865]]],[[[0.6725168016805625,36.37670678653342],[0.673923064179266,36.38236562261381],[0.6681854816090187,36.380610588070105],[0.6725168016805625,36.37670678653342]]]]},"properties":{"speed":0.03,"dir_deg":163.0,"type":"ضعيف"}},{"type":"Feature","geometry":{"type":"MultiPolygon","coordinates":[[[[0.7089354422973991,36.39663046070879],[0.7209114264156525,36.38759852822458],[0.7197071687510911,36.38600173034215],[0.7077311846328377,36.395033662826364],[0.7089354422973991,36.39663046070879]]],[[[0.7243012922894563,36.383789485121966],[0.722115684080214,36.389195326107014],[0.7185029110865296,36.38440493245972],[0.7243012922894563,36.383789485121966]]]]},"properties":{"speed":0.0504,"dir_deg":127.0,"type":"ضعيف"}},{"type":"Feature","geometry":{"type":"MultiPolygon","coordinates":[[[[0.7499454944901255,36.39683057523739],[0.7649231965372854,36.397648157885506],[0.7650322075570344,36.395651130945886],[0.7500545055098745,36.39483354829777],[0.7499454944901255,36.39683057523739]]],[[[0.7699702693962132,36.396922171965066],[0.7648141855175364,36.399645184825125],[0.7651412185767833,36.393654104006266],[0.7699702693962132,36.396922171965066]]]]},"properties":{"speed":0.0511,"dir_deg":86.9,"type":"ضعيف"}},{"type":"Feature","geometry":{"type":"MultiPolygon","coordinates":[[[[0.7906786187409465,36.39598608135915],[0.7929889126145384,36.41080709826817],[0.7949650482024087,36.41049905908503],[0.7926547543288167,36.39567804217601],[0.7906786187409465,36.39598608135915]]],[[[0.7947470783663375,36.41559341764628],[0.7910127770266683,36.41111513745132],[0.7969411837902788,36.41019101990189],[0.7947470783663375,36.41559341764628]]]]},"properties":{"speed":0.0899,"dir_deg":8.9,"type":"ضعيف"}},{"type":"Feature","geometry":{"type":"MultiPolygon","coordinates":[[[[0.8324641823888917,36.39533747995196],[0.8250454551546651,36.40837444609536],[0.8267837173071184,36.40936360972659],[0.8342024445413451,36.396326643583194],[0.8324641823888917,36.39533747995196]]],[[[0.8234416771528162,36.41321468329211],[0.8233071930022119,36.407385282464126],[0.8285219794595716,36.41035277335782],[0.8234416771528162,36.41321468329211]]]]},"properties":{"speed":0.1248,"dir_deg":330.4,"type":"ضعيف"}},{"type":"Feature","geometry":{"type":"MultiPolygon","coordinates":[[[[0.8746587722572334,36.39489208111482],[0.8605590624658072,36.40001049725632],[0.8612415179513403,36.40189045856184],[0.8753412277427666,36.39677204242034],[0.8746587722572334,36.39489208111482]]],[[[0.856200386944765,36.40265661662291],[0.8598766069802739,36.39813053595079],[0.8619239734368735,36.403770419867364],[0.856200386944765,36.40265661662291]]]]},"properties":{"speed":0.1103,"dir_deg":290.0,"type":"ضعيف"}},{"type":"Feature","geometry":{"type":"MultiPolygon","coordinates":[[[[-0.41566685679976967,36.43747999764029],[-0.4159668921954391,36.42248299864845],[-0.41796649206101816,36.42252300336787],[-0.41766645666534874,36.43752000235971],[-0.41566685679976967,36.43747999764029]]],[[[-0.4170667039267851,36.417504001344206],[-0.41396729232985996,36.422442993929025],[-0.4199660919265973,36.422563008087295],[-0.4170667039267851,36.417504001344206]]]]},"properties":{"speed":0.1425,"dir_deg":181.1,"type":"ضعيف"}},{"type":"Feature","geometry":{"type":"MultiPolygon","coordinates":[[[[-0.3740058784865663,36.437391729890884],[-0.37562993012332924,36.42247990718938],[-0.37761817315019663,36.42269644740761],[-0.3759941215134337,36.437608270109116],[-0.3740058784865663,36.437391729890884]]],[[[-0.37716540218235056,36.41761756973133],[-0.3736416870964619,36.422263366971144],[-0.379606416177064,36.42291298762584],[-0.37716540218235056,36.41761756973133]]]]},"properties":{"speed":0.079,"dir_deg":186.2,"type":"ضعيف"}},{"type":"Feature","geometry":{"type":"MultiPolygon","coordinates":[[[[-0.3340472476822943,36.43679975683762],[-0.3445508951179161,36.447508323060426],[-0.34312308628820903,36.44890880938518],[-0.33261943885258727,36.43820024316238],[-0.3340472476822943,36.43679975683762]]],[[[-0.3473382065149365,36.45177808829707],[-0.34597870394762315,36.44610783673568],[-0.341695277458502,36.45030929570993],[-0.3473382065149365,36.45177808829707]]]]},"properties":{"speed":0.0053,"dir_deg":315.6,"type":"ضعيف"}},{"type":"Feature","geometry":{"type":"MultiPolygon","coordinates":[[[[-0.2926655037252978,36.437548007135895],[-0.29194539668684844,36.45253071202698],[-0.2899477027013712,36.45243469775519],[-0.2906678097398206,36.437451992864105],[-0.2926655037252978,36.437548007135895]]],[[[-0.29070651401462666,36.45747693985477],[-0.2939430906723257,36.452626726298774],[-0.28795000871589393,36.45233868348339],[-0.29070651401462666,36.45747693985477]]]]},"properties":{"speed":0.0842,"dir_deg":2.8,"type":"ضعيف"}},{"type":"Feature","geometry":{"type":"MultiPolygon","coordinates":[[[[-0.25099856339543075,36.43744641693079],[-0.2518023094335607,36.45242486786225],[-0.2498051826426992,36.45253203400067],[-0.24900143660456925,36.43755358306921],[-0.25099856339543075,36.43744641693079]]],[[[-0.2510716613841732,36.457471267908616],[-0.2537994362244222,36.452317701723835],[-0.2478080558518377,36.45263920013908],[-0.2510716613841732,36.457471267908616]]]]},"properties":{"speed":0.1498,"dir_deg":356.9,"type":"ضعيف"}},{"type":"Feature","geometry":{"type":"MultiPolygon","coordinates":[[[[-0.2093197142444023,36.43733555274572],[-0.21178642305859727,36.45213134091756],[-0.20981365130235188,36.452460235426116],[-0.2073469424881569,36.43766444725428],[-0.2093197142444023,36.43733555274572]]],[[[-0.2116222734518729,36.45722771756245],[-0.21375919481484265,36.451802446409],[-0.2078408795461065,36.45278912993468],[-0.2116222734518729,36.45722771756245]]]]},"properties":{"speed":0.2122,"dir_deg":350.5,"type":"متوسط"}},{"type":"Feature","geometry":{"type":"MultiPolygon","coordinates":[[[[-0.16765539178104397,36.43735022526823],[-0.16990201275757885,36.45218102747808],[-0.16792457246293171,36.45248057694162],[-0.16567795148639683,36.43764977473177],[-0.16765539178104397,36.43735022526823]]],[[[-0.16966216626910027,36.457274402946474],[-0.17187945305222596,36.45188147801454],[-0.1659471321682846,36.45278012640516],[-0.16966216626910027,36.457274402946474]]]]},"properties":{"speed":0.2505,"dir_deg":351.4,"type":"متوسط"}},{"type":"Feature","geometry":{"type":"MultiPolygon","coordinates":[[[[-0.12598577480265927,36.43733192847225],[-0.12850684771899218,36.45211855051214],[-0.12653529811367364,36.452454693567645],[-0.12401422519734073,36.43766807152775],[-0.12598577480265927,36.43733192847225]]],[[[-0.12836143055511057,36.45721549605319],[-0.1304783973243107,36.451782407456626],[-0.1245637485083551,36.45279083662316],[-0.12836143055511057,36.45721549605319]]]]},"properties":{"speed":0.2571,"dir_deg":350.3,"type":"متوسط"}},{"type":"Feature","geometry":{"type":"MultiPolygon","coordinates":[[[[-0.08430396191699531,36.437259407037224],[-0.08791285635860957,36.45181879853925],[-0.08597160415833935,36.4522999844648],[-0.08236270971672509,36.437740592962776],[-0.08430396191699531,36.437259407037224]]],[[[-0.08814519507234587,36.4569125220027],[-0.08985410855887979,36.451337612613706],[-0.08403035195806913,36.452781170390345],[-0.08814519507234587,36.4569125220027]]]]},"properties":{"speed":0.2715,"dir_deg":346.1,"type":"متوسط"}},{"type":"Feature","geometry":{"type":"MultiPolygon","coordinates":[[[[-0.042622937251416235,36.43720751248973],[-0.04701024990548992,36.45155155263452],[-0.04509771121951765,36.452136527655064],[-0.040710398565443964,36.43779248751027],[-0.042622937251416235,36.43720751248973]]],[[[-0.04751641811386168,36.45662538685972],[-0.048922788591462193,36.450966577613976],[-0.04318517253354538,36.45272150267561],[-0.04751641811386168,36.45662538685972]]]]},"properties":{"speed":0.3084,"dir_deg":343.0,"type":"متوسط"}},{"type":"Feature","geometry":{"type":"MultiPolygon","coordinates":[[[[-0.0009643321486975558,36.437235304879174],[-0.004934758961066717,36.45170028710964],[-0.0030060946636716046,36.45222967735129],[0.0009643321486975558,36.437764695120826],[-0.0009643321486975558,36.437235304879174]]],[[[-0.0052939024164922145,36.45678664297395],[-0.006863423258461828,36.45117089686799],[-0.0010774303662764934,36.452759067592936],[-0.0052939024164922145,36.45678664297395]]]]},"properties":{"speed":0.3978,"dir_deg":344.7,"type":"قوي"}},{"type":"Feature","geometry":{"type":"MultiPolygon","coordinates":[[[[0.040670595894844425,36.43741145315504],[0.03934239322052842,36.45235253335883],[0.04133453724769977,36.45252962704874],[0.042662739922015774,36.43758854684496],[0.040670595894844425,36.43741145315504]]],[[[0.03989573100934209,36.457421440271716],[0.03735024919335707,36.45217543966892],[0.04332668127487112,36.45270672073865],[0.03989573100934209,36.457421440271716]]]]},"properties":{"speed":0.4771,"dir_deg":354.9,"type":"قوي"}},{"type":"Feature","geometry":{"type":"MultiPolygon","coordinates":[[[[0.0823386347653602,36.43760280962088],[0.08388077907850947,36.45252332539338],[0.08587018118150946,36.452317706151625],[0.0843280368683602,36.43739719037912],[0.0823386347653602,36.43760280962088]]],[[[0.08538952823439257,36.45739402103],[0.08189137697550947,36.45272894463513],[0.08785958328450946,36.45211208690987],[0.08538952823439257,36.45739402103]]]]},"properties":{"speed":0.5159,"dir_deg":5.9,"type":"قوي"}},{"type":"Feature","geometry":{"type":"MultiPolygon","coordinates":[[[[0.12402336867249625,36.437714921497616],[0.12724719113676247,36.45236439141017],[0.12920045379176998,36.45193454841494],[0.12597663132750375,36.437285078502384],[0.12402336867249625,36.437714921497616]]],[[[0.12929842995235497,36.457032626550074],[0.12529392848175497,36.45279423440541],[0.13115371644677748,36.4515047054197],[0.12929842995235497,36.457032626550074]]]]},"properties":{"speed":0.4783,"dir_deg":12.4,"type":"قوي"}},{"type":"Feature","geometry":{"type":"MultiPolygon","coordinates":[[[[0.1656991488020114,36.43775278364291],[0.16949090344562986,36.45226562611854],[0.17142594910904788,36.451760058832726],[0.1676341944654294,36.43724721635709],[0.1656991488020114,36.43775278364291]]],[[[0.17172234449187834,36.45685045663418],[0.16755585778221185,36.45277119340436],[0.1733609947724659,36.451254491546905],[0.17172234449187834,36.45685045663418]]]]},"properties":{"speed":0.3556,"dir_deg":14.6,"type":"متوسط"}},{"type":"Feature","geometry":{"type":"MultiPolygon","coordinates":[[[[0.20734552311930846,36.43765569455371],[0.20968094142502217,36.45247277325828],[0.21165655191896446,36.452161384150855],[0.20932113361325075,36.43734430544629],[0.20734552311930846,36.43765569455371]]],[[[0.21144721944056455,36.457256104939425],[0.20770533093107987,36.45278416236571],[0.21363216241290675,36.451849995043425],[0.21144721944056455,36.457256104939425]]]]},"properties":{"speed":0.2012,"dir_deg":9.0,"type":"متوسط"}},{"type":"Feature","geometry":{"type":"MultiPolygon","coordinates":[[[[0.24904544263968284,36.43720197274308],[0.24457503378595583,36.45152033314784],[0.24648414850659014,36.452116387661675],[0.25095455736031713,36.43779802725692],[0.24904544263968284,36.43720197274308]]],[[[0.2440394548616973,36.456591147206346],[0.24266591906532153,36.45092427863401],[0.24839326322722444,36.4527124421755],[0.2440394548616973,36.456591147206346]]]]},"properties":{"speed":0.0771,"dir_deg":342.7,"type":"ضعيف"}},{"type":"Feature","geometry":{"type":"MultiPolygon","coordinates":[[[[0.2920371317719634,36.43657115757785],[0.27810449543976984,36.43101403198679],[0.27736354536096147,36.43287171683109],[0.291296181693155,36.43842884242215],[0.2920371317719634,36.43657115757785]]],[[[0.2730898082896345,36.430090499211914],[0.27884544551857815,36.4291563471425],[0.27662259528215316,36.434729401675376],[0.2730898082896345,36.430090499211914]]]]},"properties":{"speed":0.0631,"dir_deg":248.3,"type":"ضعيف"}},{"type":"Feature","geometry":{"type":"MultiPolygon","coordinates":[[[[0.3340358364578047,36.43678830953534],[0.32336047948785895,36.42625091167988],[0.3219554931071311,36.427674292609204],[0.3326308500770769,36.43821169046466],[0.3340358364578047,36.43678830953534]]],[[[0.3190995339741798,36.42345013619272],[0.32476546586858684,36.424827530750555],[0.32055050672640323,36.42909767353853],[0.3190995339741798,36.42345013619272]]]]},"properties":{"speed":0.1077,"dir_deg":225.4,"type":"ضعيف"}},{"type":"Feature","geometry":{"type":"MultiPolygon","coordinates":[[[[0.3757609857386934,36.43685123139294],[0.3660294566328083,36.42543644531254],[0.36450748515542153,36.426733982526656],[0.3742390142613066,36.43814876860706],[0.3757609857386934,36.43685123139294]]],[[[0.3620246278588199,36.42228028522613],[0.3675514281101951,36.42413890809842],[0.3629855136780347,36.42803151974078],[0.3620246278588199,36.42228028522613]]]]},"properties":{"speed":0.1149,"dir_deg":220.4,"type":"ضعيف"}},{"type":"Feature","geometry":{"type":"MultiPolygon","coordinates":[[[[0.41749843627408484,36.436944893889155],[0.4091718446113833,36.42446820076627],[0.407508285528332,36.42557841298796],[0.41583487719103357,36.438055106110845],[0.41749843627408484,36.436944893889155]]],[[[0.4055645345156238,36.42086440916949],[0.4108354036944345,36.42335798854457],[0.4058447264452808,36.42668862520966],[0.4055645345156238,36.42086440916949]]]]},"properties":{"speed":0.0917,"dir_deg":213.7,"type":"ضعيف"}},{"type":"Feature","geometry":{"type":"MultiPolygon","coordinates":[[[[0.45930043576764723,36.437245574969694],[0.4554840603131074,36.4227391874666],[0.45354987531269453,36.42324803752721],[0.45736625076723436,36.437754425030306],[0.45930043576764723,36.437245574969694]]],[[[0.4532448426613877,36.41815814999587],[0.4574182453135202,36.42223033740599],[0.4516156903122817,36.423756887587814],[0.4532448426613877,36.41815814999587]]]]},"properties":{"speed":0.0701,"dir_deg":194.7,"type":"ضعيف"}},{"type":"Feature","geometry":{"type":"MultiPolygon","coordinates":[[[[0.500950100164623,36.437811944990635],[0.5056292750241694,36.423560442521286],[0.5037290746949233,36.422936552540015],[0.4990498998353769,36.437188055009365],[0.500950100164623,36.437811944990635]]],[[[0.5062388998127285,36.418497996707536],[0.5075294753534156,36.42418433250256],[0.5018288743656771,36.42231266255874],[0.5062388998127285,36.418497996707536]]]]},"properties":{"speed":0.0479,"dir_deg":161.8,"type":"ضعيف"}},{"type":"Feature","geometry":{"type":"MultiPolygon","coordinates":[[[[0.542434212791024,36.43814101750844],[0.552049475417687,36.426628123666305],[0.5505144229054022,36.42534608864942],[0.5408991602787392,36.43685898249156],[0.542434212791024,36.43814101750844]]],[[[0.5544870367037656,36.42214947487715],[0.5535845279299718,36.4279101586832],[0.5489793703931174,36.42406405363253],[0.5544870367037656,36.42214947487715]]]]},"properties":{"speed":0.0715,"dir_deg":140.1,"type":"ضعيف"}},{"type":"Feature","geometry":{"type":"MultiPolygon","coordinates":[[[[0.5838326624078831,36.4383664009657],[0.5968286768933302,36.43087616682423],[0.5958299790078008,36.42914336489283],[0.5828339645223537,36.4366335990343],[0.5838326624078831,36.4383664009657]]],[[[0.6006613327790479,36.427513021144705],[0.5978273747788596,36.432608968755616],[0.5948312811222713,36.42741056296144],[0.6006613327790479,36.427513021144705]]]]},"properties":{"speed":0.087,"dir_deg":120.0,"type":"ضعيف"}},{"type":"Feature","geometry":{"type":"MultiPolygon","coordinates":[[[[0.625329922617052,36.43844400798024],[0.639490042320658,36.433495168724455],[0.638830197086554,36.43160715276398],[0.624670077382948,36.43655599201976],[0.625329922617052,36.43844400798024]]],[[[0.6438801596048079,36.43090154765896],[0.640149887554762,36.43538318468494],[0.63817035185245,36.4297191368035],[0.6438801596048079,36.43090154765896]]]]},"properties":{"speed":0.1102,"dir_deg":109.3,"type":"ضعيف"}},{"type":"Feature","geometry":{"type":"MultiPolygon","coordinates":[[[[0.6667283091980865,36.43849809951777],[0.6816998019646878,36.4375737595697],[0.6815765566382781,36.435577560534156],[0.6666050638716767,36.43650190048223],[0.6667283091980865,36.43849809951777]]],[[[0.6866286768903501,36.436267546735905],[0.6818230472910976,36.43956995860525],[0.6814533113118684,36.43358136149861],[0.6866286768903501,36.436267546735905]]]]},"properties":{"speed":0.1384,"dir_deg":93.5,"type":"ضعيف"}},{"type":"Feature","geometry":{"type":"MultiPolygon","coordinates":[[[[0.7082498959000824,36.4384965146812],[0.7231976161180548,36.439747778156736],[0.7233644512481269,36.43775474879434],[0.7084167310301545,36.4365034853188],[0.7082498959000824,36.4384965146812]]],[[[0.7282636070890816,36.43916835130072],[0.7230307809879828,36.44174080751913],[0.7235312863781989,36.435761719431945],[0.7282636070890816,36.43916835130072]]]]},"properties":{"speed":0.1652,"dir_deg":85.2,"type":"ضعيف"}},{"type":"Feature","geometry":{"type":"MultiPolygon","coordinates":[[[[0.749663281570782,36.43844160538413],[0.7637873623327508,36.443492381822395],[0.7644607991911868,36.44160917105414],[0.750336718429218,36.43655839461587],[0.749663281570782,36.43844160538413]]],[[[0.7688321076826251,36.44423436858436],[0.7631139254743148,36.44537559259066],[0.7651342360496228,36.43972596028588],[0.7688321076826251,36.44423436858436]]]]},"properties":{"speed":0.1772,"dir_deg":70.3,"type":"ضعيف"}},{"type":"Feature","geometry":{"type":"MultiPolygon","coordinates":[[[[0.791188886538349,36.43837846864675],[0.8043659162395189,36.44554546859474],[0.8053215162325842,36.443788531301244],[0.7921444865314142,36.43662153135325],[0.791188886538349,36.43837846864675]]],[[[0.8092360594697748,36.447055999930654],[0.8034103162464536,36.44730240588822],[0.8062771162256495,36.44203159400776],[0.8092360594697748,36.447055999930654]]]]},"properties":{"speed":0.164,"dir_deg":61.5,"type":"ضعيف"}},{"type":"Feature","geometry":{"type":"MultiPolygon","coordinates":[[[[0.8325283536862649,36.43809332938106],[0.8414282944021528,36.45016772606387],[0.8430382139598599,36.448981067301744],[0.8341382732439719,36.43690667061894],[0.8325283536862649,36.43809332938106]]],[[[0.8451999010863024,36.45359919557707],[0.8398183748444458,36.45135438482598],[0.844648133517567,36.44779440853963],[0.8451999010863024,36.45359919557707]]]]},"properties":{"speed":0.1531,"dir_deg":36.4,"type":"ضعيف"}},{"type":"Feature","geometry":{"type":"MultiPolygon","coordinates":[[[[0.8740001464935637,36.43751711623986],[0.8742568900915109,36.45251491883641],[0.8762565971043834,36.45248068635669],[0.8759998535064363,36.43748288376014],[0.8740001464935637,36.43751711623986]]],[[[0.8753423247972628,36.457497070128724],[0.8722571830786383,36.452549151316134],[0.878256304117256,36.45244645387696],[0.8753423247972628,36.457497070128724]]]]},"properties":{"speed":0.0927,"dir_deg":1.0,"type":"ضعيف"}},{"type":"Feature","geometry":{"type":"MultiPolygon","coordinates":[[[[0.91569281115403,36.4372729168818],[0.9122865643810361,36.451881047594576],[0.9142343151427392,36.45233521383097],[0.9176405619157332,36.4377270831182],[0.91569281115403,36.4372729168818]]],[[[0.9121250241708897,36.45697750761703],[0.910338813619333,36.451426881358174],[0.9161820659044423,36.45278938006737],[0.9121250241708897,36.45697750761703]]]]},"properties":{"speed":0.2363,"dir_deg":346.9,"type":"متوسط"}},{"type":"Feature","geometry":{"type":"MultiPolygon","coordinates":[[[[-0.4156965910849545,36.47892509540396],[-0.41933923351194163,36.46437411068989],[-0.42127936480715106,36.464859796346815],[-0.4176367223801639,36.479410781060885],[-0.4156965910849545,36.47892509540396]]],[[[-0.4215235133018754,36.45976662528033],[-0.41739910221673227,36.463888425032955],[-0.4232194961023604,36.46534548200375],[-0.4215235133018754,36.45976662528033]]]]},"properties":{"speed":0.1524,"dir_deg":194.1,"type":"ضعيف"}},{"type":"Feature","geometry":{"type":"MultiPolygon","coordinates":[[[[-0.37409572075134134,36.47874099673708],[-0.3804998431814797,36.4651768080072],[-0.38230840167879704,36.46603069099788],[-0.37590427924865866,36.47959487972776],[-0.37409572075134134,36.47874099673708]]],[[[-0.3835388299068512,36.46108235325925],[-0.3786912846841624,36.46432292501651],[-0.38411696017611435,36.46688457398857],[-0.3835388299068512,36.46108235325925]]]]},"properties":{"speed":0.0887,"dir_deg":205.3,"type":"ضعيف"}},{"type":"Feature","geometry":{"type":"MultiPolygon","coordinates":[[[[-0.3334546516358038,36.47817532336261],[-0.3483438746829325,36.479994948888056],[-0.3481012579462065,36.48198017862767],[-0.3332120348990778,36.48016055310223],[-0.3334546516358038,36.47817532336261]]],[[[-0.3531856406636124,36.48159410559968],[-0.34858649141965853,36.47800971914844],[-0.34785864120948046,36.48396540836729],[-0.3531856406636124,36.48159410559968]]]]},"properties":{"speed":0.026,"dir_deg":277.0,"type":"ضعيف"}},{"type":"Feature","geometry":{"type":"MultiPolygon","coordinates":[[[[-0.292659018796488,36.47904457886279],[-0.2945094093409073,36.493930009821725],[-0.29252468521304975,36.49417672856099],[-0.29067429466863043,36.47929129760205],[-0.292659018796488,36.47904457886279]]],[[[-0.2941338441251183,36.499015179511],[-0.29649413346876485,36.49368329108247],[-0.2905399610851922,36.49442344730024],[-0.2941338441251183,36.499015179511]]]]},"properties":{"speed":0.0775,"dir_deg":352.9,"type":"ضعيف"}},{"type":"Feature","geometry":{"type":"MultiPolygon","coordinates":[[[[-0.25098909410355624,36.479020653289844],[-0.2531983682422318,36.49385706484319],[-0.2512201800351193,36.49415163472835],[-0.24901090589644378,36.479315223175],[-0.25098909410355624,36.479020653289844]]],[[[-0.2529456988515674,36.498949820303544],[-0.2551765564493442,36.493562494958034],[-0.24924199182800688,36.4944462046135],[-0.2529456988515674,36.498949820303544]]]]},"properties":{"speed":0.127,"dir_deg":351.5,"type":"ضعيف"}},{"type":"Feature","geometry":{"type":"MultiPolygon","coordinates":[[[[-0.20929999037824606,36.47891188246775],[-0.21314082684830235,36.493411812647246],[-0.21120750282436943,36.49392392417659],[-0.20736666635431314,36.479423993997095],[-0.20929999037824606,36.47891188246775]]],[[[-0.213454443659688,36.49850117847175],[-0.21507415087223528,36.492899701117906],[-0.2092741788004365,36.49443603570593],[-0.213454443659688,36.49850117847175]]]]},"properties":{"speed":0.1857,"dir_deg":345.2,"type":"ضعيف"}},{"type":"Feature","geometry":{"type":"MultiPolygon","coordinates":[[[[-0.16763235928315506,36.478908231929594],[-0.1715279538255966,36.493393546671115],[-0.16959657852672727,36.49391295927677],[-0.16570098398428573,36.47942764453525],[-0.16763235928315506,36.478908231929594]]],[[[-0.17186079769030913,36.498481691221116],[-0.17345932912446596,36.49287413406545],[-0.1676652032278579,36.49443237188243],[-0.17186079769030913,36.498481691221116]]]]},"properties":{"speed":0.2282,"dir_deg":344.9,"type":"متوسط"}},{"type":"Feature","geometry":{"type":"MultiPolygon","coordinates":[[[[-0.12594787755861844,36.47884930343541],[-0.13072739951381385,36.493067466814686],[-0.12883164439657696,36.49370473640871],[-0.12405212244138156,36.47948657302943],[-0.12594787755861844,36.47884930343541]]],[[[-0.13137269594026055,36.49812548940479],[-0.13262315463105073,36.492430197220656],[-0.12693588927934008,36.49434200600274],[-0.13137269594026055,36.49812548940479]]]]},"properties":{"speed":0.2451,"dir_deg":341.4,"type":"متوسط"}},{"type":"Feature","geometry":{"type":"MultiPolygon","coordinates":[[[[-0.08425160226063241,36.47877197518081],[-0.09019104803481322,36.492545971837394],[-0.08835451514726879,36.49333789794061],[-0.08241506937308798,36.47956390128403],[-0.08425160226063241,36.47877197518081]]],[[[-0.09125259684910128,36.49753326710787],[-0.09202758092235765,36.49175404573417],[-0.08651798225972436,36.49412982404384],[-0.09125259684910128,36.49753326710787]]]]},"properties":{"speed":0.2609,"dir_deg":336.7,"type":"متوسط"}},{"type":"Feature","geometry":{"type":"MultiPolygon","coordinates":[[[[-0.04255127860923732,36.47870160797604],[-0.049546232454968316,36.49197076848815],[-0.04777701105335388,36.49290342900091],[-0.04078205720762288,36.4796342684888],[-0.04255127860923732,36.47870160797604]]],[[[-0.05099327303607143,36.496860152248566],[-0.051315453856582746,36.491038107975385],[-0.04600778965173945,36.49383608951368],[-0.05099327303607143,36.496860152248566]]]]},"properties":{"speed":0.2804,"dir_deg":332.2,"type":"متوسط"}},{"type":"Feature","geometry":{"type":"MultiPolygon","coordinates":[[[[-0.0009261893033733771,36.47879087938514],[-0.006582072012665191,36.49268371893574],[-0.004729693405918438,36.49343783663031],[0.0009261893033733771,36.47954499707971],[-0.0009261893033733771,36.47879087938514]]],[[[-0.00754117694572242,36.49769172429989],[-0.008434450619411947,36.49192960124116],[-0.002877314799171683,36.49419195432488],[-0.00754117694572242,36.49769172429989]]]]},"properties":{"speed":0.3577,"dir_deg":337.8,"type":"متوسط"}},{"type":"Feature","geometry":{"type":"MultiPolygon","coordinates":[[[[0.04067268261440212,36.479058424601966],[0.03902997815753026,36.49396820401238],[0.041017948745586216,36.494187231273294],[0.04266065320245808,36.47927745186288],[0.04067268261440212,36.479058424601966]]],[[[0.039476395299267615,36.499047644112984],[0.03704200756947431,36.493749176751464],[0.043005919333642166,36.49440625853421],[0.039476395299267615,36.499047644112984]]]]},"properties":{"speed":0.4378,"dir_deg":353.7,"type":"قوي"}},{"type":"Feature","geometry":{"type":"MultiPolygon","coordinates":[[[[0.08234254589962095,36.47930334628202],[0.08437366664365165,36.494165195040615],[0.08635524647813014,36.49389437894141],[0.08432412573409945,36.47903253018282],[0.08234254589962095,36.47930334628202]]],[[[0.08604149680890112,36.49898373657721],[0.08239208680917313,36.49443601113982],[0.08833682631260865,36.49362356284221],[0.08604149680890112,36.49898373657721]]]]},"properties":{"speed":0.4796,"dir_deg":7.8,"type":"قوي"}},{"type":"Feature","geometry":{"type":"MultiPolygon","coordinates":[[[[0.12403588186511347,36.479433411813],[0.12801798557372754,36.493895183836294],[0.1299462218435006,36.49336423667514],[0.12596411813488653,36.478902464651846],[0.12403588186511347,36.479433411813]]],[[[0.13030947161148543,36.49845030093015],[0.1260897493039545,36.49442613099744],[0.13187445811327364,36.492833289513996],[0.13030947161148543,36.49845030093015]]]]},"properties":{"speed":0.466,"dir_deg":15.4,"type":"قوي"}},{"type":"Feature","geometry":{"type":"MultiPolygon","coordinates":[[[[0.16571793774807622,36.47948401419517],[0.17045907718937728,36.49371502247983],[0.17235654496066563,36.49308287055433],[0.16761540551936457,36.47885186226967],[0.16571793774807622,36.47948401419517]]],[[[0.17298819088878847,36.498142615945305],[0.1685616094180889,36.49434717440534],[0.174254012731954,36.492450718628824],[0.17298819088878847,36.498142615945305]]]]},"properties":{"speed":0.3775,"dir_deg":18.4,"type":"متوسط"}},{"type":"Feature","geometry":{"type":"MultiPolygon","coordinates":[[[[0.2074054519652145,36.47954082613025],[0.21299877043263302,36.49345897214622],[0.2148545232347632,36.49271319635057],[0.2092612047673447,36.4787950503346],[0.2074054519652145,36.47954082613025]]],[[[0.2157910863228376,36.497725466253726],[0.21114301763050286,36.49420474794188],[0.21671027603689336,36.491967420554914],[0.2157910863228376,36.497725466253726]]]]},"properties":{"speed":0.2477,"dir_deg":21.9,"type":"متوسط"}},{"type":"Feature","geometry":{"type":"MultiPolygon","coordinates":[[[[0.24916799342722457,36.47972270400539],[0.2574894800217676,36.49220280259702],[0.25915349316731845,36.491093271051085],[0.25083200657277543,36.478613172459454],[0.24916799342722457,36.47972270400539]]],[[[0.26109531545939063,36.49580806968793],[0.2558254668762167,36.49331233414296],[0.2608175063128693,36.48998373950514],[0.26109531545939063,36.49580806968793]]]]},"properties":{"speed":0.1324,"dir_deg":33.7,"type":"ضعيف"}},{"type":"Feature","geometry":{"type":"MultiPolygon","coordinates":[[[[0.29166152200976436,36.48016792504965],[0.30666132426812465,36.48024494589157],[0.30667159371371433,36.478244972257116],[0.29167179145535405,36.478167951415195],[0.29166152200976436,36.48016792504965]]],[[[0.3116663930770395,36.47927063268832],[0.3066510548225349,36.48224491952602],[0.30668186315930407,36.47624499862267],[0.3116663930770395,36.47927063268832]]]]},"properties":{"speed":0.0456,"dir_deg":89.7,"type":"ضعيف"}},{"type":"Feature","geometry":{"type":"MultiPolygon","coordinates":[[[[0.3343165684016541,36.479350334327364],[0.3370525098258322,36.464601957314166],[0.3350860595574056,36.46423716512428],[0.3323501181332275,36.47898554213748],[0.3343165684016541,36.479350334327364]]],[[[0.3369812651663449,36.45950343554816],[0.33901896009425875,36.46496674950406],[0.33311960928897905,36.46387237293439],[0.3369812651663449,36.45950343554816]]]]},"properties":{"speed":0.0882,"dir_deg":169.5,"type":"ضعيف"}},{"type":"Feature","geometry":{"type":"MultiPolygon","coordinates":[[[[0.3759996905681241,36.479192813280235],[0.37637281628531705,36.46419745475838],[0.37437343514906885,36.46414770466275],[0.3740003094318759,36.47914306318461],[0.3759996905681241,36.479192813280235]]],[[[0.3754975009562572,36.45917412686994],[0.3783721974215653,36.464247204854004],[0.3723740540128206,36.46409795456712],[0.3754975009562572,36.45917412686994]]]]},"properties":{"speed":0.1377,"dir_deg":178.6,"type":"ضعيف"}},{"type":"Feature","geometry":{"type":"MultiPolygon","coordinates":[[[[0.417662748203587,36.47925626592539],[0.41898766359816053,36.46431489385998],[0.4169954806561049,36.464138238474035],[0.4156705652615314,36.47907961053945],[0.417662748203587,36.47925626592539]]],[[[0.41843321059199057,36.45924610881187],[0.42097984654021614,36.46449154924592],[0.4150032977140493,36.46396158308809],[0.41843321059199057,36.45924610881187]]]]},"properties":{"speed":0.1482,"dir_deg":174.9,"type":"ضعيف"}},{"type":"Feature","geometry":{"type":"MultiPolygon","coordinates":[[[[0.4593043755507449,36.4794068865632],[0.4628886005124033,36.46484140231364],[0.46094653594579515,36.46436350565209],[0.4573623109841367,36.47892898990165],[0.4593043755507449,36.4794068865632]]],[[[0.46311230988298535,36.45974729256634],[0.46483066507901155,36.465319298975196],[0.45900447137918693,36.46388560899053],[0.46311230988298535,36.45974729256634]]]]},"properties":{"speed":0.1648,"dir_deg":166.2,"type":"ضعيف"}},{"type":"Feature","geometry":{"type":"MultiPolygon","coordinates":[[[[0.5008770096447307,36.47964841100277],[0.508084101200005,36.46649326633181],[0.5063300819105436,36.46553232079111],[0.4991229903552693,36.47868746546207],[0.5008770096447307,36.47964841100277]]],[[[0.5096094554070325,36.46162774533781],[0.5098381204894664,36.467454211872514],[0.5045760626210822,36.46457137525041],[0.5096094554070325,36.46162774533781]]]]},"properties":{"speed":0.1519,"dir_deg":151.3,"type":"ضعيف"}},{"type":"Feature","geometry":{"type":"MultiPolygon","coordinates":[[[[0.5424789583258841,36.47975121735732],[0.5512281451993505,36.46756714049228],[0.5496036016173454,36.466400582242485],[0.5408544147438791,36.478584659107526],[0.5424789583258841,36.47975121735732]]],[[[0.5533322690328367,36.46292250241237],[0.5528526887813556,36.46873369874208],[0.5479790580353403,36.465234023992686],[0.5533322690328367,36.46292250241237]]]]},"properties":{"speed":0.1839,"dir_deg":144.3,"type":"ضعيف"}},{"type":"Feature","geometry":{"type":"MultiPolygon","coordinates":[[[[0.5839809576555353,36.47992988114539],[0.5954101013500274,36.470215218289134],[0.5941148129691937,36.4686913324632],[0.5826856692747016,36.478405995319456],[0.5839809576555353,36.47992988114539]]],[[[0.5985721717244411,36.46621505442408],[0.5967053897308611,36.471739104115066],[0.59281952458836,36.46716744663727],[0.5985721717244411,36.46621505442408]]]]},"properties":{"speed":0.1903,"dir_deg":130.4,"type":"ضعيف"}},{"type":"Feature","geometry":{"type":"MultiPolygon","coordinates":[[[[0.6255467649051932,36.480005224407186],[0.6381060575266363,36.47180375082929],[0.6370125277162498,36.47012917847976],[0.6244532350948068,36.47833065205766],[0.6255467649051932,36.480005224407186]]],[[[0.6417457234952574,36.468232640128555],[0.6391995873370228,36.47347832317881],[0.6359189979058634,36.46845460613024],[0.6417457234952574,36.468232640128555]]]]},"properties":{"speed":0.2144,"dir_deg":123.1,"type":"متوسط"}},{"type":"Feature","geometry":{"type":"MultiPolygon","coordinates":[[[[0.6670208998660391,36.48010310287891],[0.6810483695632731,36.474789902911546],[0.6803399429009581,36.472919573618576],[0.6663124732037241,36.47823277358594],[0.6670208998660391,36.48010310287891]]],[[[0.6853699794645269,36.47208367160927],[0.6817567962255882,36.47666023220451],[0.679631516238643,36.47104924432561],[0.6853699794645269,36.47208367160927]]]]},"properties":{"speed":0.2292,"dir_deg":110.7,"type":"متوسط"}},{"type":"Feature","geometry":{"type":"MultiPolygon","coordinates":[[[[0.7085295371212216,36.48014849739779],[0.7232379246017286,36.477205142556244],[0.7228454772895223,36.4752440242255],[0.7081370898090152,36.47818737906705],[0.7085295371212216,36.48014849739779]]],[[[0.7279444967724612,36.47524346511036],[0.723630371913935,36.47916626088698],[0.722453029977316,36.47328290589477],[0.7279444967724612,36.47524346511036]]]]},"properties":{"speed":0.2412,"dir_deg":101.3,"type":"متوسط"}},{"type":"Feature","geometry":{"type":"MultiPolygon","coordinates":[[[[0.7498762930228907,36.48016025702385],[0.7647610748942605,36.48201586168049],[0.765008488848479,36.48003122409764],[0.7501237069771093,36.478175619441],[0.7498762930228907,36.48016025702385]]],[[[0.7698463758284929,36.48164207777461],[0.7645136609400418,36.48400049926334],[0.7652559028026977,36.478046586514786],[0.7698463758284929,36.48164207777461]]]]},"properties":{"speed":0.2536,"dir_deg":82.9,"type":"متوسط"}},{"type":"Feature","geometry":{"type":"MultiPolygon","coordinates":[[[[0.7914923242492824,36.48015261980195],[0.8062625477921453,36.48276805408594],[0.8066112723633437,36.480798690946884],[0.7918410488204808,36.478183256662895],[0.7914923242492824,36.48015261980195]]],[[[0.8113603179253656,36.4826551839444],[0.8059138232209471,36.484737417224984],[0.806959996934542,36.47882932780784],[0.8113603179253656,36.4826551839444]]]]},"properties":{"speed":0.2697,"dir_deg":80.0,"type":"متوسط"}},{"type":"Feature","geometry":{"type":"MultiPolygon","coordinates":[[[[0.8328490648209217,36.480042868658565],[0.8459730212130909,36.48730659832152],[0.8469415185014844,36.48555673746923],[0.8338175621093151,36.47829300780628],[0.8328490648209217,36.480042868658565]]],[[[0.8508319219880107,36.48885291111635],[0.8450045239246974,36.48905645917381],[0.8479100157898779,36.48380687661694],[0.8508319219880107,36.48885291111635]]]]},"properties":{"speed":0.3041,"dir_deg":61.0,"type":"متوسط"}},{"type":"Feature","geometry":{"type":"MultiPolygon","coordinates":[[[[0.8745055127252748,36.48003712310064],[0.8875432857485076,36.48745443222151],[0.8885322602979581,36.48571606248508],[0.8754944872747252,36.47829875336421],[0.8745055127252748,36.48003712310064]]],[[[0.8923836973643104,36.48905768372693],[0.8865543111990573,36.48919280195794],[0.8895212348474084,36.48397769274865],[0.8923836973643104,36.48905768372693]]]]},"properties":{"speed":0.2967,"dir_deg":60.4,"type":"متوسط"}},{"type":"Feature","geometry":{"type":"MultiPolygon","coordinates":[[[[0.9159986588541248,36.47991207465657],[0.9271607052163338,36.48993248986792],[0.9284967605778474,36.48844421701963],[0.9173347142156384,36.478423801808276],[0.9159986588541248,36.47991207465657]]],[[[0.931549415017827,36.49252849184756],[0.9258246498548202,36.49142076271622],[0.929832815939361,36.48695594417133],[0.931549415017827,36.49252849184756]]]]},"properties":{"speed":0.364,"dir_deg":48.1,"type":"متوسط"}},{"type":"Feature","geometry":{"type":"MultiPolygon","coordinates":[[[[0.9575865486871376,36.47983302647196],[0.9675628722801558,36.49103449814167],[0.9690564018361175,36.4897043216626],[0.9590800782430993,36.478502849992886],[0.9575865486871376,36.47983302647196]]],[[[0.9716350782558094,36.49410323379204],[0.966069342724194,36.49236467462074],[0.9705499313920793,36.488374145183535],[0.9716350782558094,36.49410323379204]]]]},"properties":{"speed":0.3106,"dir_deg":41.7,"type":"متوسط"}},{"type":"Feature","geometry":{"type":"MultiPolygon","coordinates":[[[[0.9990555299764822,36.479496535820175],[1.0039844937927582,36.49366358617294],[1.0058734338397937,36.49300639099744],[1.0009444700235177,36.47883934064467],[0.9990555299764822,36.479496535820175]]],[[[1.0065719517550347,36.49805733870278],[1.0020955537457226,36.49432078134844],[1.0077623738868293,36.49234919582194],[1.0065719517550347,36.49805733870278]]]]},"properties":{"speed":0.3645,"dir_deg":19.2,"type":"متوسط"}},{"type":"Feature","geometry":{"type":"MultiPolygon","coordinates":[[[[-0.41576378876252934,36.52040214383507],[-0.4222125577501878,36.506859124284624],[-0.4240182936902475,36.50771896014964],[-0.41756952470258907,36.521261979700085],[-0.41576378876252934,36.52040214383507]]],[[[-0.4252650153827705,36.50277470236698],[-0.42040682181012806,36.5059992884196],[-0.42582402963030724,36.50857879601466],[-0.4252650153827705,36.50277470236698]]]]},"properties":{"speed":0.1605,"dir_deg":205.5,"type":"ضعيف"}},{"type":"Feature","geometry":{"type":"MultiPolygon","coordinates":[[[[-0.3742275962882821,36.52019692988669],[-0.38375457450165085,36.508610874210916],[-0.3852993819250866,36.5098811379727],[-0.3757724037117179,36.52146719364847],[-0.3742275962882821,36.52019692988669]]],[[[-0.38770263761782503,36.50538398753322],[-0.38220976707821513,36.507340610449134],[-0.3868441893485223,36.51115140173448],[-0.38770263761782503,36.50538398753322]]]]},"properties":{"speed":0.1028,"dir_deg":219.4,"type":"ضعيف"}},{"type":"Feature","geometry":{"type":"MultiPolygon","coordinates":[[[[-0.3331505955000189,36.51984890193647],[-0.34789799296662366,36.51710768542514],[-0.34826348850146743,36.519074005087354],[-0.3335160910348627,36.521815221598686],[-0.3331505955000189,36.51984890193647]]],[[[-0.35299653988958046,36.51717710641914],[-0.34753249743177983,36.51514136576292],[-0.34862898403631126,36.52104032474957],[-0.35299653988958046,36.51717710641914]]]]},"properties":{"speed":0.0497,"dir_deg":259.5,"type":"ضعيف"}},{"type":"Feature","geometry":{"type":"MultiPolygon","coordinates":[[[[-0.2924928962241005,36.520268742761495],[-0.30094268131538826,36.53266233513462],[-0.29929020233230563,36.533788973146784],[-0.2908404172410179,36.52139538077366],[-0.2924928962241005,36.520268742761495]]],[[[-0.3029330368542762,36.5373568515984],[-0.3025951602984709,36.53153569712244],[-0.297637723349223,36.53491561115896],[-0.3029330368542762,36.5373568515984]]]]},"properties":{"speed":0.0593,"dir_deg":325.7,"type":"ضعيف"}},{"type":"Feature","geometry":{"type":"MultiPolygon","coordinates":[[[[-0.25089199013142544,36.52038000689763],[-0.25767281318057733,36.53375985886901],[-0.25588883291772646,36.5346639686089],[-0.24910800986857454,36.521284116637524],[-0.25089199013142544,36.52038000689763]]],[[[-0.25904109739886916,36.538671864396086],[-0.25945679344342826,36.532855749129126],[-0.25410485265487553,36.53556807834879],[-0.25904109739886916,36.538671864396086]]]]},"properties":{"speed":0.092,"dir_deg":333.1,"type":"ضعيف"}},{"type":"Feature","geometry":{"type":"MultiPolygon","coordinates":[[[[-0.20920569250127416,36.52034320512604],[-0.2165385421243346,36.53342866715096],[-0.21479381385434548,36.534406380434035],[-0.20746096423128504,36.52132091840912],[-0.20920569250127416,36.52034320512604]]],[[[-0.21811046119702687,36.53827934446747],[-0.21828327039432371,36.53245095386789],[-0.21304908558435637,36.535384093717106],[-0.21811046119702687,36.53827934446747]]]]},"properties":{"speed":0.1455,"dir_deg":330.7,"type":"ضعيف"}},{"type":"Feature","geometry":{"type":"MultiPolygon","coordinates":[[[[-0.16753357742753525,36.52033358975768],[-0.17501065757598283,36.53333717666491],[-0.17327684598835313,36.5343341206847],[-0.16579976583990555,36.52133053377747],[-0.16753357742753525,36.52033358975768]]],[[[-0.1766361118316505,36.53817017764388],[-0.1767444691636125,36.53234023264511],[-0.17154303440072347,36.53533106470449],[-0.1766361118316505,36.53817017764388]]]]},"properties":{"speed":0.189,"dir_deg":330.1,"type":"ضعيف"}},{"type":"Feature","geometry":{"type":"MultiPolygon","coordinates":[[[[-0.12585880560432944,36.520319760163076],[-0.13354332967181554,36.53320184422802],[-0.13182571846315666,36.53422644743702],[-0.12414119439567055,36.52134436337208],[-0.12585880560432944,36.520319760163076]]],[[[-0.13524603208998148,36.538008173854166],[-0.13526094088047444,36.53217724101902],[-0.13010810725449776,36.53525105064602],[-0.13524603208998148,36.538008173854166]]]]},"properties":{"speed":0.226,"dir_deg":329.2,"type":"متوسط"}},{"type":"Feature","geometry":{"type":"MultiPolygon","coordinates":[[[[-0.08419602294864058,36.52032632377943],[-0.09178209277092822,36.53326663075613],[-0.09005671850736746,36.53427810673243],[-0.08247064868507982,36.52133779975573],[-0.08419602294864058,36.52032632377943]]],[[[-0.09344809557991039,36.53808580440319],[-0.09350746703448896,36.532255154779826],[-0.08833134424380672,36.535289582708735],[-0.09344809557991039,36.53808580440319]]]]},"properties":{"speed":0.2498,"dir_deg":329.6,"type":"متوسط"}},{"type":"Feature","geometry":{"type":"MultiPolygon","coordinates":[[[[-0.042529079139928996,36.52032585344308],[-0.050122204007302495,36.53326202191557],[-0.0483973815443047,36.53427443856456],[-0.0408042566769312,36.52133827009207],[-0.042529079139928996,36.52032585344308]]],[[[-0.05179083439826144,36.53808028639756],[-0.05184702647030028,36.532249605266585],[-0.046672559081306915,36.53528685521354],[-0.05179083439826144,36.53808028639756]]]]},"properties":{"speed":0.262,"dir_deg":329.6,"type":"متوسط"}},{"type":"Feature","geometry":{"type":"MultiPolygon","coordinates":[[[[-0.000938081665651214,36.52048564758113],[-0.006134294462297911,36.5345568725659],[-0.004258131130995483,36.53524970093879],[0.000938081665651214,36.521178475954024],[-0.000938081665651214,36.52048564758113]]],[[[-0.006928283728862263,36.539593695080605],[-0.008010457793600339,36.53386404419302],[-0.002381967799693055,36.535942529311676],[-0.006928283728862263,36.539593695080605]]]]},"properties":{"speed":0.3249,"dir_deg":339.7,"type":"متوسط"}},{"type":"Feature","geometry":{"type":"MultiPolygon","coordinates":[[[[0.04066842139218995,36.5207728680786],[0.03978051605757317,36.5357465658222],[0.04177700909005347,36.535864953200154],[0.04266491442467025,36.520891255456554],[0.04066842139218995,36.5207728680786]]],[[[0.04048279412894106,36.54079699209238],[0.03778402302509287,36.535628178444256],[0.04377350212253377,36.5359833405781],[0.04048279412894106,36.54079699209238]]]]},"properties":{"speed":0.4002,"dir_deg":356.6,"type":"قوي"}},{"type":"Feature","geometry":{"type":"MultiPolygon","coordinates":[[[[0.0823483220803871,36.52100453767592],[0.08493546070555623,36.53577974372302],[0.08690548817850242,36.53543479190633],[0.0843183495533333,36.520659585859235],[0.0823483220803871,36.52100453767592]]],[[[0.08678285398375236,36.54053233649704],[0.08296543323261002,36.53612469553971],[0.08887551565144863,36.53508984008964],[0.08678285398375236,36.54053233649704]]]]},"properties":{"speed":0.442,"dir_deg":9.9,"type":"قوي"}},{"type":"Feature","geometry":{"type":"MultiPolygon","coordinates":[[[[0.124052719308002,36.52115246665294],[0.12885879258852456,36.53536167703291],[0.13075335397252058,36.53472086726218],[0.125947280691998,36.52051165688221],[0.124052719308002,36.52115246665294]]],[[[0.13140809770736345,36.53977767560754],[0.12696423120452857,36.536002486803646],[0.13264791535651657,36.534080057491444],[0.13140809770736345,36.53977767560754]]]]},"properties":{"speed":0.4282,"dir_deg":18.7,"type":"قوي"}},{"type":"Feature","geometry":{"type":"MultiPolygon","coordinates":[[[[0.16576544412506403,36.52126540802364],[0.17226563796596092,36.53478382065348],[0.17406809298327366,36.53391712814136],[0.16756789914237677,36.52039871551152],[0.16576544412506403,36.52126540802364]]],[[[0.17533359675491625,36.53885661194071],[0.1704631829486482,36.5356505131656],[0.17587054800058638,36.53305043562924],[0.17533359675491625,36.53885661194071]]]]},"properties":{"speed":0.3697,"dir_deg":25.7,"type":"متوسط"}},{"type":"Feature","geometry":{"type":"MultiPolygon","coordinates":[[[[0.20753562502770168,36.52143511183484],[0.2165813760365937,36.53340066191351],[0.21817678271374955,36.53219456177899],[0.20913103170485753,36.520229011700316],[0.20753562502770168,36.52143511183484]]],[[[0.22039432971146897,36.536786128539134],[0.21498596935943787,36.53460676204803],[0.21977218939090537,36.53098846164447],[0.22039432971146897,36.536786128539134]]]]},"properties":{"speed":0.2946,"dir_deg":37.1,"type":"متوسط"}},{"type":"Feature","geometry":{"type":"MultiPolygon","coordinates":[[[[0.24942652037451626,36.52165128159104],[0.26171481772646393,36.530253475973296],[0.26286177697743135,36.52861503632637],[0.2505734796254837,36.520012841944116],[0.24942652037451626,36.52165128159104]]],[[[0.2663843964692635,36.532301654277255],[0.26056785847549646,36.53189191562022],[0.2640087362283988,36.52697659667945],[0.2663843964692635,36.532301654277255]]]]},"properties":{"speed":0.2269,"dir_deg":55.0,"type":"متوسط"}},{"type":"Feature","geometry":{"type":"MultiPolygon","coordinates":[[[[0.2915423003238833,36.521824299382075],[0.30642586454132725,36.52368964551221],[0.3066745773586791,36.52170517028322],[0.2917910131412351,36.51983982415308],[0.2915423003238833,36.521824299382075]]],[[[0.3115114090224845,36.5233191899411],[0.30617715172397547,36.52567412074121],[0.30692329017603087,36.519720695054225],[0.3115114090224845,36.5233191899411]]]]},"properties":{"speed":0.1596,"dir_deg":82.9,"type":"ضعيف"}},{"type":"Feature","geometry":{"type":"MultiPolygon","coordinates":[[[[0.3338721471273864,36.52167449301137],[0.3465086157841845,36.51359243511219],[0.34543100806429333,36.51190757262461],[0.3327945394074952,36.51998963052379],[0.3338721471273864,36.52167449301137]]],[[[0.35018196814317165,36.510055984568666],[0.34758622350407564,36.51527729759976],[0.3443534003444022,36.510222710137036],[0.35018196814317165,36.510055984568666]]]]},"properties":{"speed":0.1435,"dir_deg":122.6,"type":"ضعيف"}},{"type":"Feature","geometry":{"type":"MultiPolygon","coordinates":[[[[0.3758274274523379,36.52139363439077],[0.3842510168002031,36.5089822226057],[0.38259616189552736,36.50785907735932],[0.3741725725476621,36.52027048914439],[0.3758274274523379,36.52139363439077]]],[[[0.38623145246382035,36.50428351272082],[0.3859058717048789,36.510105367852084],[0.3809413069908516,36.50673593211294],[0.38623145246382035,36.50428351272082]]]]},"properties":{"speed":0.1753,"dir_deg":145.8,"type":"ضعيف"}},{"type":"Feature","geometry":{"type":"MultiPolygon","coordinates":[[[[0.41755962047482337,36.52128219036587],[0.42431154944922417,36.50788773423191],[0.42252562196469584,36.50698747703532],[0.41577369299029504,36.52038193316928],[0.41755962047482337,36.52128219036587]]],[[[0.42566922869842694,36.50297278692229],[0.4260974769337525,36.50878799142849],[0.4207396944801675,36.50608721983873],[0.42566922869842694,36.50297278692229]]]]},"properties":{"speed":0.1962,"dir_deg":153.2,"type":"ضعيف"}},{"type":"Feature","geometry":{"type":"MultiPolygon","coordinates":[[[[0.45925358223007934,36.52122341870395],[0.46512393627557197,36.50741983426437],[0.4632834583502949,36.50663712039163],[0.45741310430480225,36.52044070483121],[0.45925358223007934,36.52122341870395]]],[[[0.4661604819947643,36.50242728251481],[0.4669644142008491,36.5082025481371],[0.46144298042501775,36.5058544065189],[0.4661604819947643,36.50242728251481]]]]},"properties":{"speed":0.2396,"dir_deg":157.0,"type":"متوسط"}},{"type":"Feature","geometry":{"type":"MultiPolygon","coordinates":[[[[0.5008720188240425,36.52132153410644],[0.5082141039070404,36.5082412517458],[0.5064700662589553,36.507262307068075],[0.49912798117595747,36.520342589428715],[0.5008720188240425,36.52132153410644]]],[[[0.5097894467773304,36.50339168528673],[0.5099581415551254,36.509220196423534],[0.5047260286108702,36.50628336239034],[0.5097894467773304,36.50339168528673]]]]},"properties":{"speed":0.2302,"dir_deg":150.7,"type":"متوسط"}},{"type":"Feature","geometry":{"type":"MultiPolygon","coordinates":[[[[0.5425157154466125,36.52136040815684],[0.5504409112855253,36.508624974480874],[0.5487428534620635,36.507568281702355],[0.5408176576231507,36.52030371537832],[0.5425157154466125,36.52136040815684]]],[[[0.5522336143200988,36.50385148353296],[0.5521389691089872,36.5096816672594],[0.5470447956386016,36.50651158892383],[0.5522336143200988,36.50385148353296]]]]},"properties":{"speed":0.2523,"dir_deg":148.1,"type":"متوسط"}},{"type":"Feature","geometry":{"type":"MultiPolygon","coordinates":[[[[0.584054504053254,36.52152479846762],[0.5944455545538792,36.51070693964558],[0.593003173377608,36.5093214662455],[0.5826121228769828,36.52013932506754],[0.584054504053254,36.52152479846762]]],[[[0.597188047465952,36.50640825000487],[0.5958879357301503,36.512092413045664],[0.5915607922013368,36.50793599284542],[0.597188047465952,36.50640825000487]]]]},"properties":{"speed":0.2414,"dir_deg":136.2,"type":"متوسط"}},{"type":"Feature","geometry":{"type":"MultiPolygon","coordinates":[[[[0.6256249675191152,36.52161271252179],[0.6373347288322878,36.51223819973506],[0.6360847937940574,36.51067689822664],[0.6243750324808848,36.52005141101337],[0.6256249675191152,36.52161271252179]]],[[[0.6406130150842302,36.50833271138527],[0.6385846638705182,36.51379950124348],[0.634834858755827,36.50911559671822],[0.6406130150842302,36.50833271138527]]]]},"properties":{"speed":0.2738,"dir_deg":128.7,"type":"متوسط"}},{"type":"Feature","geometry":{"type":"MultiPolygon","coordinates":[[[[0.6671381400973745,36.521713952655624],[0.6803665034180147,36.51464214921823],[0.679423596293029,36.51287836744214],[0.6661952329723887,36.51995017087953],[0.6671381400973745,36.521713952655624]]],[[[0.6843045042957352,36.511402990517716],[0.6813094105430006,36.51640593099432],[0.678480689168043,36.51111458566606],[0.6843045042957352,36.511402990517716]]]]},"properties":{"speed":0.3152,"dir_deg":118.1,"type":"متوسط"}},{"type":"Feature","geometry":{"type":"MultiPolygon","coordinates":[[[[0.7086591705483735,36.52177748080763],[0.7228404561491508,36.5168896245588],[0.7221887419826407,36.5149987864787],[0.7080074563818634,36.51988664272753],[0.7086591705483735,36.52177748080763]]],[[[0.7272416942661549,36.51431492010248],[0.7234921703156609,36.51878046263891],[0.7215370278161306,36.51310794839859],[0.7272416942661549,36.51431492010248]]]]},"properties":{"speed":0.3383,"dir_deg":109.0,"type":"متوسط"}},{"type":"Feature","geometry":{"type":"MultiPolygon","coordinates":[[[[0.750069491066988,36.52182964434141],[0.7650332296744349,36.52078727833659],[0.764894247540459,36.51879211318893],[0.749930508933012,36.51983447919375],[0.750069491066988,36.52182964434141]]],[[[0.7699516514765959,36.51944224042782],[0.7651722118084107,36.52278244348425],[0.7647552654064832,36.51679694804127],[0.7699516514765959,36.51944224042782]]]]},"properties":{"speed":0.3428,"dir_deg":94.0,"type":"متوسط"}},{"type":"Feature","geometry":{"type":"MultiPolygon","coordinates":[[[[0.7916527156478859,36.52183196416998],[0.8066512516838203,36.52204152747491],[0.8066791934578118,36.520041722670115],[0.7916806574218773,36.51983215936518],[0.7916527156478859,36.52183196416998]]],[[[0.8116647345827942,36.52111147950749],[0.806623309909829,36.5240413322797],[0.8067071352318032,36.518041917865325],[0.8116647345827942,36.52111147950749]]]]},"properties":{"speed":0.3655,"dir_deg":89.2,"type":"متوسط"}},{"type":"Feature","geometry":{"type":"MultiPolygon","coordinates":[[[[0.8330080990958134,36.52177770208715],[0.847192703889372,36.52665591762673],[0.8478431326279819,36.524764636987584],[0.8336585278344234,36.51988642144801],[0.8330080990958134,36.52177770208715]]],[[[0.8522461198565299,36.52733634915368],[0.8465422751507619,36.52854719826587],[0.848493561366592,36.52287335634844],[0.8522461198565299,36.52733634915368]]]]},"properties":{"speed":0.4215,"dir_deg":71.0,"type":"قوي"}},{"type":"Feature","geometry":{"type":"MultiPolygon","coordinates":[[[[0.8746904592745376,36.52178294795387],[0.8889537520689116,36.5264260588358],[0.8895728335198364,36.524524286463226],[0.8753095407254624,36.51988117558129],[0.8746904592745376,36.52178294795387]]],[[[0.8940177237258319,36.527022876276824],[0.8883346706179867,36.52832783120839],[0.8901919149707613,36.52262251409064],[0.8940177237258319,36.527022876276824]]]]},"properties":{"speed":0.4416,"dir_deg":72.0,"type":"قوي"}},{"type":"Feature","geometry":{"type":"MultiPolygon","coordinates":[[[[0.9161650744969643,36.52169715445823],[0.9291414648567171,36.52922133502699],[0.9301446889325518,36.527491149645684],[0.9171682985727989,36.519966969076926],[0.9161650744969643,36.52169715445823]]],[[[0.9339685403478853,36.53086430252593],[0.9281382407808824,36.53095152040829],[0.9311479130083865,36.525760964264386],[0.9339685403478853,36.53086430252593]]]]},"properties":{"speed":0.4943,"dir_deg":59.9,"type":"قوي"}},{"type":"Feature","geometry":{"type":"MultiPolygon","coordinates":[[[[0.9578790551023618,36.52172293175802],[0.9712421049589545,36.52853680719937],[0.9721506216844676,36.52675506721849],[0.958787571827875,36.519941191777136],[0.9578790551023618,36.52172293175802]]],[[[0.9761507132739087,36.52991722902271],[0.9703335882334413,36.53031854718025],[0.9730591384099808,36.52497332723761],[0.9761507132739087,36.52991722902271]]]]},"properties":{"speed":0.4885,"dir_deg":63.0,"type":"قوي"}},{"type":"Feature","geometry":{"type":"MultiPolygon","coordinates":[[[[0.9993794335040407,36.521616215594385],[1.0111417409061139,36.53092471303378],[1.0123828738980325,36.52935640538016],[1.0006205664959593,36.52004790794077],[0.9993794335040407,36.521616215594385]]],[[[1.0156830765360976,36.53324339168677],[1.0099006079141952,36.53249302068738],[1.0136240068899511,36.52778809772656],[1.0156830765360976,36.53324339168677]]]]},"properties":{"speed":0.5234,"dir_deg":51.6,"type":"قوي"}},{"type":"Feature","geometry":{"type":"MultiPolygon","coordinates":[[[[-0.4158245574443143,36.561960677472435],[-0.42391439535776565,36.54932918814876],[-0.4255985939342555,36.55040783320389],[-0.4175087560208041,36.563039322527565],[-0.4158245574443143,36.561960677472435]]],[[[-0.4274531072838277,36.5456580142351],[-0.4222301967812758,36.54825054309364],[-0.4272827925107453,36.551486478259015],[-0.4274531072838277,36.5456580142351]]]]},"properties":{"speed":0.1735,"dir_deg":212.6,"type":"ضعيف"}},{"type":"Feature","geometry":{"type":"MultiPolygon","coordinates":[[[[-0.3743138548744936,36.56177253531581],[-0.3852258251373446,36.55148035843322],[-0.3865981153883574,36.552935287801596],[-0.3756861451255064,36.56322746468419],[-0.3743138548744936,36.56177253531581]]],[[[-0.38954929368380137,36.54877709748987],[-0.3838535348863317,36.55002542906484],[-0.3879704056393703,36.554390217169974],[-0.38954929368380137,36.54877709748987]]]]},"properties":{"speed":0.1188,"dir_deg":226.7,"type":"ضعيف"}},{"type":"Feature","geometry":{"type":"MultiPolygon","coordinates":[[[[-0.33301869519230753,36.56155079159885],[-0.34725682120956697,36.55683107047185],[-0.3478861173598335,36.55872948727416],[-0.33364799134257406,36.56344920840115],[-0.33301869519230753,36.56155079159885]]],[[[-0.35231751129045336,36.556207038497334],[-0.34662752505930045,36.55493265366955],[-0.3485154135101,36.560627904076455],[-0.35231751129045336,36.556207038497334]]]]},"properties":{"speed":0.0725,"dir_deg":251.7,"type":"ضعيف"}},{"type":"Feature","geometry":{"type":"MultiPolygon","coordinates":[[[[-0.2920014427456544,36.561557705818],[-0.30613585547569216,36.56657949601443],[-0.3054662834495017,36.568464084378434],[-0.291331870719464,36.563442294182],[-0.2920014427456544,36.561557705818]]],[[[-0.3105125403726095,36.5691957202619],[-0.30680542750188267,36.56469490765042],[-0.3047967114233112,36.57034867274244],[-0.3105125403726095,36.5691957202619]]]]},"properties":{"speed":0.0623,"dir_deg":289.6,"type":"ضعيف"}},{"type":"Feature","geometry":{"type":"MultiPolygon","coordinates":[[[[-0.2505344407273643,36.561654794043484],[-0.2632125300751415,36.56967140495395],[-0.2621436486204129,36.57136181686698],[-0.2494655592726357,36.563345205956516],[-0.2505344407273643,36.561654794043484]]],[[[-0.26690411913036965,36.57318881454729],[-0.2642814115298701,36.56798099304091],[-0.2610747671656843,36.57305222878002],[-0.26690411913036965,36.57318881454729]]]]},"properties":{"speed":0.084,"dir_deg":302.3,"type":"ضعيف"}},{"type":"Feature","geometry":{"type":"MultiPolygon","coordinates":[[[[-0.2089907066833134,36.56174643928692],[-0.22029411737947524,36.57160711404243],[-0.21897936074540764,36.57311423546859],[-0.2076759500492458,36.56325356071308],[-0.2089907066833134,36.56174643928692]]],[[[-0.22340454262782872,36.57564756634068],[-0.22160887401354284,36.57009999261628],[-0.21766460411134003,36.57462135689474],[-0.22340454262782872,36.57564756634068]]]]},"properties":{"speed":0.1396,"dir_deg":311.1,"type":"ضعيف"}},{"type":"Feature","geometry":{"type":"MultiPolygon","coordinates":[[[[-0.16737803101502255,36.56179717154964],[-0.17792045777040083,36.572467562269175],[-0.17649773900779653,36.57387321916989],[-0.16595531225241825,36.56320282845036],[-0.16737803101502255,36.56179717154964]]],[[[-0.18072324064089146,36.57672718762604],[-0.17934317653300516,36.57106190536846],[-0.1750750202451922,36.575278876070605],[-0.18072324064089146,36.57672718762604]]]]},"properties":{"speed":0.1855,"dir_deg":315.3,"type":"ضعيف"}},{"type":"Feature","geometry":{"type":"MultiPolygon","coordinates":[[[[-0.12578396398073796,36.56187919368809],[-0.13509605865936591,36.573638653399165],[-0.13352813069789,36.57488026602298],[-0.12421603601926202,36.56312080631191],[-0.12578396398073796,36.56187919368809]]],[[[-0.13741612623817062,36.57817927961476],[-0.13666398662084187,36.57239704077535],[-0.13196020273641404,36.576121878646795],[-0.13741612623817062,36.57817927961476]]]]},"properties":{"speed":0.2286,"dir_deg":321.6,"type":"متوسط"}},{"type":"Feature","geometry":{"type":"MultiPolygon","coordinates":[[[[-0.084191752298718,36.56198704664571],[-0.09188605261303162,36.57486329387358],[-0.09016921964931601,36.575889200582154],[-0.0824749193350024,36.56301295335429],[-0.084191752298718,36.56198704664571]]],[[[-0.09359240290261168,36.57966832963716],[-0.09360288557674723,36.573837387165],[-0.0884523866856004,36.57691510729073],[-0.09359240290261168,36.57966832963716]]]]},"properties":{"speed":0.2555,"dir_deg":329.1,"type":"متوسط"}},{"type":"Feature","geometry":{"type":"MultiPolygon","coordinates":[[[[-0.04258247122121961,36.56209837294379],[-0.04860687706444141,36.57583542263563],[-0.04677527043886239,36.576638676748054],[-0.04075086459564059,36.56290162705621],[-0.04258247122121961,36.56209837294379]]],[[[-0.04969920903272583,36.58081606625579],[-0.050438483690020436,36.575032168523194],[-0.044943663813283366,36.57744193086049],[-0.04969920903272583,36.58081606625579]]]]},"properties":{"speed":0.2444,"dir_deg":336.3,"type":"متوسط"}},{"type":"Feature","geometry":{"type":"MultiPolygon","coordinates":[[[[-0.0009750063527849921,36.56227782301643],[-0.004307661106356709,36.57690291830821],[-0.0023576484007867245,36.57734727227535],[0.0009750063527849921,36.56272217698357],[-0.0009750063527849921,36.56227782301643]]],[[[-0.0044435396714289565,36.5820001270557],[-0.006257673811926693,36.57645856434106],[-0.00040763569521674045,36.577791626242494],[-0.0044435396714289565,36.5820001270557]]]]},"properties":{"speed":0.283,"dir_deg":347.2,"type":"متوسط"}},{"type":"Feature","geometry":{"type":"MultiPolygon","coordinates":[[[[0.0406666797976974,36.56250487630939],[0.04073982443850837,36.57750469797038],[0.04273980065997377,36.5774949453516],[0.0426666560191628,36.56249512369061],[0.0406666797976974,36.56250487630939]]],[[[0.041764194096178056,36.58249976221465],[0.03873984821704297,36.577514450589156],[0.044739776881439174,36.57748519273283],[0.041764194096178056,36.58249976221465]]]]},"properties":{"speed":0.3576,"dir_deg":0.3,"type":"متوسط"}},{"type":"Feature","geometry":{"type":"MultiPolygon","coordinates":[[[[0.08235721763798468,36.56271724019165],[0.08561582051275567,36.57735901287479],[0.08756805687050671,36.57692453249148],[0.08430945399573572,36.56228275980835],[0.08235721763798468,36.56271724019165]]],[[[0.0876781396498882,36.58202236357751],[0.08366358415500463,36.57779349325809],[0.08952029322825775,36.57649005210818],[0.0876781396498882,36.58202236357751]]]]},"properties":{"speed":0.4069,"dir_deg":12.5,"type":"قوي"}},{"type":"Feature","geometry":{"type":"MultiPolygon","coordinates":[[[[0.12408619685589155,36.56290615737568],[0.13017855749105892,36.5766132045373],[0.13200616377927585,36.575800889785945],[0.12591380314410847,36.56209384262432],[0.12408619685589155,36.56290615737568]]],[[[0.1331231475135565,36.58077606288217],[0.128350951202842,36.57742551928866],[0.13383377006749275,36.57498857503459],[0.1331231475135565,36.58077606288217]]]]},"properties":{"speed":0.3954,"dir_deg":24.0,"type":"متوسط"}},{"type":"Feature","geometry":{"type":"MultiPolygon","coordinates":[[[[0.1658465567700216,36.5630721989255],[0.17442954065248187,36.57537392188098],[0.17606977037987945,36.57422952402999],[0.1674867864974192,36.5619278010745],[0.1658465567700216,36.5630721989255]]],[[[0.17811065014366742,36.57890229727398],[0.17278931092508432,36.576518319731974],[0.177710000107277,36.573085126178995],[0.17811065014366742,36.57890229727398]]]]},"properties":{"speed":0.3698,"dir_deg":34.9,"type":"متوسط"}},{"type":"Feature","geometry":{"type":"MultiPolygon","coordinates":[[[[0.2076606076077804,36.56323989646646],[0.2187590546047239,36.57333070784395],[0.22010449612172228,36.571850914911025],[0.2090060491247788,36.56176010353354],[0.2076606076077804,36.56323989646646]]],[[[0.22313125769553757,36.57595441516998],[0.21741361308772553,36.57481050077688],[0.22144993763872065,36.5703711219781],[0.22313125769553757,36.57595441516998]]]]},"properties":{"speed":0.3393,"dir_deg":47.7,"type":"متوسط"}},{"type":"Feature","geometry":{"type":"MultiPolygon","coordinates":[[[[0.249562679901096,36.5633993059163],[0.2630522686456163,36.56995910739986],[0.26392690884342423,36.56816049556726],[0.25043732009890396,36.5616006940837],[0.249562679901096,36.5633993059163]]],[[[0.26798611832602703,36.57124640197808],[0.26217762844780834,36.571757719232465],[0.2648015490412322,36.56636188373466],[0.26798611832602703,36.57124640197808]]]]},"properties":{"speed":0.2977,"dir_deg":64.1,"type":"متوسط"}},{"type":"Feature","geometry":{"type":"MultiPolygon","coordinates":[[[[0.29157894815040547,36.56349614617633],[0.30652114079535325,36.564811774908634],[0.3066965579596607,36.56281948255598],[0.29175436531471294,36.56150385382367],[0.29157894815040547,36.56349614617633]]],[[[0.31158958025915623,36.56425417164307],[0.3063457236310458,36.566804067261295],[0.3068719751239682,36.56082719020332],[0.31158958025915623,36.56425417164307]]]]},"properties":{"speed":0.2537,"dir_deg":85.0,"type":"متوسط"}},{"type":"Feature","geometry":{"type":"MultiPolygon","coordinates":[[[[0.3336446760304169,36.56345030095796],[0.34789919039980066,36.55878030951332],[0.3472765248738484,36.556879707597396],[0.33302201050446467,36.56154969904204],[0.3336446760304169,36.56345030095796]]],[[[0.3523393624266191,36.556273344740475],[0.34852185592575297,36.56068091142923],[0.3466538593478961,36.55497910568148],[0.3523393624266191,36.556273344740475]]]]},"properties":{"speed":0.2342,"dir_deg":108.1,"type":"متوسط"}},{"type":"Feature","geometry":{"type":"MultiPolygon","coordinates":[[[[0.37556442246224736,36.563325486089596],[0.38794671380613427,36.55485914915589],[0.38681786888163955,36.553208176976696],[0.37443557753775264,36.561674513910404],[0.37556442246224736,36.563325486089596]]],[[[0.3915097217918492,36.551211550755056],[0.38907555873062893,36.55651012133507],[0.3856890239571449,36.55155720479751],[0.3915097217918492,36.551211550755056]]]]},"properties":{"speed":0.2353,"dir_deg":124.4,"type":"متوسط"}},{"type":"Feature","geometry":{"type":"MultiPolygon","coordinates":[[[[0.4173614120837918,36.56321924613446],[0.42815010410067095,36.552797915865966],[0.42676059339820577,36.55135942359705],[0.4159719013813266,36.56178075386554],[0.4173614120837918,36.56321924613446]]],[[[0.4310515794217314,36.54860489297535],[0.4295396148031362,36.554236408134884],[0.42537108269574053,36.54992093132813],[0.4310515794217314,36.54860489297535]]]]},"properties":{"speed":0.2417,"dir_deg":134.0,"type":"متوسط"}},{"type":"Feature","geometry":{"type":"MultiPolygon","coordinates":[[[[0.45914858172175205,36.563079125429084],[0.46783546315801844,36.55085054861441],[0.46620498624939594,36.549692297756245],[0.45751810481312954,36.561920874570916],[0.45914858172175205,36.563079125429084]]],[[[0.4699158518491293,36.546195230913774],[0.4694659400666409,36.55200879947258],[0.4645745093407735,36.54853404689808],[0.4699158518491293,36.546195230913774]]]]},"properties":{"speed":0.2841,"dir_deg":144.6,"type":"متوسط"}},{"type":"Feature","geometry":{"type":"MultiPolygon","coordinates":[[[[0.5008036242488689,36.563095137015004],[0.5097306794739539,36.55104077328197],[0.508123430976216,36.54985049925196],[0.49919637575113107,36.561904862984996],[0.5008036242488689,36.563095137015004]]],[[[0.5119027403001133,36.54642751502262],[0.5113379279716918,36.552231047311984],[0.5065161824784782,36.548660225221944],[0.5119027403001133,36.54642751502262]]]]},"properties":{"speed":0.2738,"dir_deg":143.5,"type":"متوسط"}},{"type":"Feature","geometry":{"type":"MultiPolygon","coordinates":[[[[0.542466589497904,36.56310012936085],[0.5514685299105746,36.55110158491551],[0.5498687239845297,36.54990132619381],[0.5408667835718591,36.56189987063915],[0.542466589497904,36.56310012936085]]],[[[0.5536692737517757,36.54650194073955],[0.5530683358366195,36.552301843637196],[0.5482689180584848,36.54870106747212],[0.5536692737517757,36.54650194073955]]]]},"properties":{"speed":0.2772,"dir_deg":143.1,"type":"متوسط"}},{"type":"Feature","geometry":{"type":"MultiPolygon","coordinates":[[[[0.584027240983035,36.56322004485963],[0.5948279138774688,36.55281113209087],[0.5934400588416355,36.55137104237162],[0.5826393859472018,36.56177995514037],[0.584027240983035,36.56322004485963]]],[[[0.5977342106576967,36.548621449641665],[0.5962157689133022,36.554251221810134],[0.5920522038058021,36.54993095265236],[0.5977342106576967,36.548621449641665]]]]},"properties":{"speed":0.2738,"dir_deg":133.9,"type":"متوسط"}},{"type":"Feature","geometry":{"type":"MultiPolygon","coordinates":[[[[0.6255426499281889,36.56333995896057],[0.6381420343366926,36.55520021003774],[0.6370567344803149,36.5535202921166],[0.6244573500718111,36.56166004103943],[0.6255426499281889,36.56333995896057]]],[[[0.6417991792113383,36.55164700143622],[0.6392273341930702,36.55688012795887],[0.6359714346239372,36.55184037419547],[0.6417991792113383,36.55164700143622]]]]},"properties":{"speed":0.3019,"dir_deg":122.9,"type":"متوسط"}},{"type":"Feature","geometry":{"type":"MultiPolygon","coordinates":[[[[0.667052006120651,36.56342278319058],[0.6808937539793957,36.557642989404044],[0.6801231148078569,36.55579742302288],[0.6662813669491122,36.56157721680942],[0.667052006120651,36.56342278319058]]],[[[0.6851223503465412,36.55479360828461],[0.6816643931509344,36.55948855578521],[0.6793524756363182,36.55395185664172],[0.6851223503465412,36.55479360828461]]]]},"properties":{"speed":0.3606,"dir_deg":112.7,"type":"متوسط"}},{"type":"Feature","geometry":{"type":"MultiPolygon","coordinates":[[[[0.7085801349417583,36.56346906096747],[0.723116049453773,36.55976673881787],[0.7226224065004931,36.55782861688293],[0.7080864919884785,36.56153093903253],[0.7085801349417583,36.56346906096747]]],[[[0.7277145328144713,36.5575635704672],[0.7236096924070526,36.561704860752805],[0.7221287635472134,36.555890494947995],[0.7277145328144713,36.5575635704672]]]]},"properties":{"speed":0.4124,"dir_deg":104.3,"type":"قوي"}},{"type":"Feature","geometry":{"type":"MultiPolygon","coordinates":[[[[0.7501196189403062,36.56349281987748],[0.7650119171025109,36.56169853577289],[0.7647726792218985,36.55971289601793],[0.7498803810596938,36.56150718012252],[0.7501196189403062,36.56349281987748]]],[[[0.7698563975496062,36.56010762119388],[0.7652511549831233,36.56368417552785],[0.7645334413412861,36.55772725626297],[0.7698563975496062,36.56010762119388]]]]},"properties":{"speed":0.4425,"dir_deg":96.9,"type":"قوي"}},{"type":"Feature","geometry":{"type":"MultiPolygon","coordinates":[[[[0.7917580148402644,36.563495820837616],[0.8066953274045471,36.56212589625687],[0.8065126707937814,36.56013425458164],[0.7915753582294988,36.561504179162384],[0.7917580148402644,36.563495820837616]]],[[[0.8115831032872585,36.56067343389234],[0.8068779840153127,36.56411753793211],[0.8063300141830158,36.5581426129064],[0.8115831032872585,36.56067343389234]]]]},"properties":{"speed":0.4493,"dir_deg":95.2,"type":"قوي"}},{"type":"Feature","geometry":{"type":"MultiPolygon","coordinates":[[[[0.8332330844525114,36.563494964393854],[0.8481575503602805,36.56499839958296],[0.8483580083854945,36.56300847079525],[0.8334335424777254,36.561505035606146],[0.8332330844525114,36.563494964393854]]],[[[0.8532326013421438,36.56450458025214],[0.8479570923350666,36.56698832837066],[0.8485584664107084,36.56101854200755],[0.8532326013421438,36.56450458025214]]]]},"properties":{"speed":0.4499,"dir_deg":84.2,"type":"قوي"}},{"type":"Feature","geometry":{"type":"MultiPolygon","coordinates":[[[[0.8748641976693972,36.56349073595221],[0.8897252369525577,36.56552777091125],[0.8899968416137634,36.56354629900684],[0.8751358023306028,36.56150926404779],[0.8748641976693972,36.56349073595221]]],[[[0.8948147190442141,36.56521604661206],[0.8894536322913521,36.567509242815674],[0.8902684462749689,36.561564827102416],[0.8948147190442141,36.56521604661206]]]]},"properties":{"speed":0.4502,"dir_deg":82.2,"type":"قوي"}},{"type":"Feature","geometry":{"type":"MultiPolygon","coordinates":[[[[0.9162816361136403,36.56342289553748],[0.9301250691758521,36.5691986518561],[0.9308951700183347,36.56735286078114],[0.9170517369561229,36.56157710446252],[0.9162816361136403,36.56342289553748]]],[[[0.9351245972844974,36.570201008424824],[0.9293549683333697,36.57104444293106],[0.9316652708608171,36.56550706970618],[0.9351245972844974,36.570201008424824]]]]},"properties":{"speed":0.4657,"dir_deg":67.4,"type":"قوي"}},{"type":"Feature","geometry":{"type":"MultiPolygon","coordinates":[[[[0.9579299526098974,36.563415040993874],[0.9716555675180526,36.56946545382219],[0.9724622892284945,36.56763537183444],[0.9587366743203394,36.561584959006126],[0.9579299526098974,36.563415040993874]]],[[[0.9766341333426587,36.57056721710442],[0.9708488458076108,36.571295535809945],[0.9732690109389364,36.565805289846686],[0.9766341333426587,36.57056721710442]]]]},"properties":{"speed":0.4696,"dir_deg":66.2,"type":"قوي"}},{"type":"Feature","geometry":{"type":"MultiPolygon","coordinates":[[[[0.999516670890037,36.563375438730844],[1.012648251852703,36.57062537538029],[1.0136149100726286,36.5688744979186],[1.0004833291099628,36.561624561269156],[0.999516670890037,36.563375438730844]]],[[[1.0175087746168876,36.57216658219926],[1.011681593632777,36.57237625284198],[1.0145815682925545,36.56712362045691],[1.0175087746168876,36.57216658219926]]]]},"properties":{"speed":0.5011,"dir_deg":61.1,"type":"قوي"}},{"type":"Feature","geometry":{"type":"MultiPolygon","coordinates":[[[[-0.4158563104747247,36.60358198691839],[-0.424645580185177,36.59142679305088],[-0.426266272700846,36.59259869567894],[-0.4174770029903937,36.60475388954645],[-0.4158563104747247,36.60358198691839]]],[[[-0.42838568301316227,36.587961013075734],[-0.4230248876695081,36.59025489042282],[-0.4278869652165149,36.593770598306996],[-0.42838568301316227,36.587961013075734]]]]},"properties":{"speed":0.1986,"dir_deg":215.9,"type":"متوسط"}},{"type":"Feature","geometry":{"type":"MultiPolygon","coordinates":[[[[-0.37435787018392497,36.60340134231585],[-0.38585680893253027,36.59376939507472],[-0.38714106856468034,36.59530258690787],[-0.37564212981607503,36.604934534148995],[-0.37435787018392497,36.60340134231585]]],[[[-0.39033191833147374,36.591325341910924],[-0.3845725493003802,36.592236203241576],[-0.3884253281968304,36.59683577874102],[-0.39033191833147374,36.591325341910924]]]]},"properties":{"speed":0.141,"dir_deg":230.0,"type":"ضعيف"}},{"type":"Feature","geometry":{"type":"MultiPolygon","coordinates":[[[[-0.33300840636531814,36.60322220253486],[-0.34719444182871523,36.598348149003016],[-0.34784431563296053,36.60023962039814],[-0.33365828016956345,36.605113673929985],[-0.33300840636531814,36.60322220253486]]],[[[-0.3522480572186369,36.59766920018997],[-0.3465445680244699,36.5964566776079],[-0.34849418943720584,36.60213109179326],[-0.3522480572186369,36.59766920018997]]]]},"properties":{"speed":0.0942,"dir_deg":251.0,"type":"ضعيف"}},{"type":"Feature","geometry":{"type":"MultiPolygon","coordinates":[[[[-0.2917689708149375,36.60317318608814],[-0.3066902529791181,36.60470789732382],[-0.3064856248143615,36.60669740161238],[-0.2915643426501809,36.6051626903767],[-0.2917689708149375,36.60317318608814]]],[[[-0.3115616996181333,36.60621421987999],[-0.30689488114387475,36.60271839303526],[-0.30628099664960484,36.60868690590094],[-0.3115616996181333,36.60621421987999]]]]},"properties":{"speed":0.0835,"dir_deg":275.9,"type":"ضعيف"}},{"type":"Feature","geometry":{"type":"MultiPolygon","coordinates":[[[[-0.2503169307938286,36.603219489566484],[-0.26454366078292696,36.60797345147392],[-0.26390979919526975,36.60987034880579],[-0.24968306920617137,36.60511638689836],[-0.2503169307938286,36.603219489566484]]],[[[-0.2689689733187978,36.610506554108994],[-0.26517752237058423,36.606076554142035],[-0.2632759376076125,36.611767246137674],[-0.2689689733187978,36.610506554108994]]]]},"properties":{"speed":0.1009,"dir_deg":288.5,"type":"ضعيف"}},{"type":"Feature","geometry":{"type":"MultiPolygon","coordinates":[[[[-0.20895237645951895,36.6033825851537],[-0.22073267264033578,36.612668306552294],[-0.2194945764538571,36.61423901270973],[-0.20771428027304026,36.60495329131114],[-0.20895237645951895,36.6033825851537]]],[[[-0.22404038994070205,36.61654890009721],[-0.22197076882681444,36.61109760039485],[-0.21825648026737843,36.615809718867176],[-0.22404038994070205,36.61654890009721]]]]},"properties":{"speed":0.158,"dir_deg":308.2,"type":"ضعيف"}},{"type":"Feature","geometry":{"type":"MultiPolygon","coordinates":[[[[-0.16741158856317184,36.60350078100341],[-0.17741894699828079,36.61467453494518],[-0.1759291131393779,36.6160088494032],[-0.16592175470426895,36.60483509546143],[-0.16741158856317184,36.60350078100341]]],[[[-0.18000981621386564,36.61906627682145],[-0.17890878085718365,36.61334022048717],[-0.17443927928047503,36.617343163861214],[-0.18000981621386564,36.61906627682145]]]]},"properties":{"speed":0.1996,"dir_deg":318.2,"type":"متوسط"}},{"type":"Feature","geometry":{"type":"MultiPolygon","coordinates":[[[[-0.1258297985894601,36.60360987524231],[-0.13420074344110358,36.61605685408421],[-0.13254114626218336,36.61717298006443],[-0.1241702014105399,36.60472600122253],[-0.1258297985894601,36.60360987524231]]],[[[-0.1361612598021913,36.62076391002162],[-0.13586034062002378,36.614940728103996],[-0.13088154908326316,36.61828910604465],[-0.1361612598021913,36.62076391002162]]]]},"properties":{"speed":0.237,"dir_deg":326.1,"type":"متوسط"}},{"type":"Feature","geometry":{"type":"MultiPolygon","coordinates":[[[[-0.0842467345341761,36.60376087216505],[-0.09035272554475532,36.617461852924784],[-0.08852592811012353,36.61827598505953],[-0.0824199370995443,36.6045750042998],[-0.0842467345341761,36.60376087216505]]],[[[-0.09147465716429916,36.62243591257874],[-0.09217952297938713,36.61664772079004],[-0.08669913067549172,36.619090117194276],[-0.09147465716429916,36.62243591257874]]]]},"properties":{"speed":0.2787,"dir_deg":336.0,"type":"متوسط"}},{"type":"Feature","geometry":{"type":"MultiPolygon","coordinates":[[[[-0.042651186724405,36.603992659309014],[-0.04528037057553805,36.61876044154864],[-0.04331133294358824,36.61911099939545],[-0.0406821490924552,36.60434321715583],[-0.042651186724405,36.603992659309014]]],[[[-0.04517224637660749,36.62385831455192],[-0.04724940820748786,36.618409883701815],[-0.04134229531163843,36.619461557242275],[-0.04517224637660749,36.62385831455192]]]]},"properties":{"speed":0.2505,"dir_deg":349.9,"type":"متوسط"}},{"type":"Feature","geometry":{"type":"MultiPolygon","coordinates":[[[[-0.0009999988473304532,36.60416641989855],[-0.0010227738554989432,36.619166402608506],[0.0009772238391619632,36.619169439276256],[0.0009999988473304532,36.6041694565663],[-0.0009999988473304532,36.60416641989855]]],[[[-3.036667755798661e-05,36.62416791517903],[-0.0030227715501598496,36.61916336594075],[0.00297722153382287,36.61917247594401],[-3.036667755798661e-05,36.62416791517903]]]]},"properties":{"speed":0.2413,"dir_deg":359.9,"type":"متوسط"}},{"type":"Feature","geometry":{"type":"MultiPolygon","coordinates":[[[[0.04067145247492906,36.604265643098834],[0.04213702547116691,36.61919387460135],[0.044127456338168995,36.618998464868525],[0.04266188334193114,36.60407023336601],[0.04067145247492906,36.604265643098834]]],[[[0.04362076523674724,36.62407224690244],[0.04014659460416484,36.61938928433418],[0.04611788720517107,36.61880305513569],[0.04362076523674724,36.62407224690244]]]]},"properties":{"speed":0.2948,"dir_deg":5.6,"type":"متوسط"}},{"type":"Feature","geometry":{"type":"MultiPolygon","coordinates":[[[[0.08237351295319063,36.60444854484385],[0.08658261212461177,36.61884588779889],[0.0885022578519509,36.61828467457604],[0.08429315868052976,36.603887331620996],[0.08237351295319063,36.60444854484385]]],[[[0.08894546804542172,36.62336439550581],[0.08466296639727262,36.61940710102175],[0.09042190357929004,36.61772346135318],[0.08894546804542172,36.62336439550581]]]]},"properties":{"speed":0.3538,"dir_deg":16.3,"type":"متوسط"}},{"type":"Feature","geometry":{"type":"MultiPolygon","coordinates":[[[[0.12412523067091293,36.60465247782924],[0.13139332462324466,36.61777401776555],[0.13314286328141883,36.61680493857191],[0.1258747693290871,36.6036833986356],[0.12412523067091293,36.60465247782924]]],[[[0.13469079193644232,36.621663324814165],[0.1296437859650705,36.61874309695919],[0.13489240193959298,36.615835859378265],[0.13469079193644232,36.621663324814165]]]]},"properties":{"speed":0.3557,"dir_deg":29.0,"type":"متوسط"}},{"type":"Feature","geometry":{"type":"MultiPolygon","coordinates":[[[[0.165912011041937,36.604824053611914],[0.1757537417343537,36.616143962488664],[0.1772630629179205,36.61483173172968],[0.1674213322255038,36.60351182285293],[0.165912011041937,36.604824053611914]]],[[[0.1797889792236093,36.61926115006809],[0.17424442055078693,36.617456193247655],[0.17877238410148727,36.61351950097069],[0.1797889792236093,36.61926115006809]]]]},"properties":{"speed":0.354,"dir_deg":41.0,"type":"متوسط"}},{"type":"Feature","geometry":{"type":"MultiPolygon","coordinates":[[[[0.2077624881533426,36.604988999406324],[0.22007840576191576,36.61355160260038],[0.22122008618778974,36.61190948025258],[0.2089041685792166,36.60334687705852],[0.2077624881533426,36.604988999406324]]],[[[0.22475455184437715,36.61558474249116],[0.21893672533604178,36.61519372494819],[0.22236176661366372,36.61026735790477],[0.22475455184437715,36.61558474249116]]]]},"properties":{"speed":0.3501,"dir_deg":55.2,"type":"متوسط"}},{"type":"Feature","geometry":{"type":"MultiPolygon","coordinates":[[[[0.24968563970711424,36.60511724198057],[0.2639251959294048,36.60983264637386],[0.26455391651517635,36.60793403887756],[0.2503143602928858,36.60321863448427],[0.24968563970711424,36.60511724198057]]],[[[0.2689860749630541,36.61045514409014],[0.26329647534363326,36.61173125387017],[0.26518263710094786,36.60603543138125],[0.2689860749630541,36.61045514409014]]]]},"properties":{"speed":0.3448,"dir_deg":71.7,"type":"متوسط"}},{"type":"Feature","geometry":{"type":"MultiPolygon","coordinates":[[[[0.2916464308953335,36.605167733669255],[0.3066433624478017,36.60547112122764],[0.30668381412225315,36.60347153035397],[0.2916868825697849,36.60316814279559],[0.2916464308953335,36.605167733669255]]],[[[0.3116625654691835,36.60457245497694],[0.3066029107733503,36.607470712101296],[0.3067242657967046,36.60147193948031],[0.3116625654691835,36.60457245497694]]]]},"properties":{"speed":0.3351,"dir_deg":88.8,"type":"متوسط"}},{"type":"Feature","geometry":{"type":"MultiPolygon","coordinates":[[[[0.3336176952683908,36.60512665818087],[0.347998494495139,36.60086137816662],[0.34742979049323897,36.59894393826972],[0.3330489912664908,36.60320921828397],[0.3336176952683908,36.60512665818087]]],[[[0.3525077422364383,36.598480898213424],[0.34856719849703893,36.60277881806352],[0.346861086491339,36.59702649837282],[0.3525077422364383,36.598480898213424]]]]},"properties":{"speed":0.32,"dir_deg":106.5,"type":"متوسط"}},{"type":"Feature","geometry":{"type":"MultiPolygon","coordinates":[[[[0.37549574966394644,36.605036403701334],[0.38852273169766505,36.59760015874214],[0.38753123236977216,36.595863227804315],[0.37450425033605356,36.60329947276351],[0.37549574966394644,36.605036403701334]]],[[[0.3923693093782915,36.594252944953496],[0.3895142310255579,36.59933708967997],[0.38653973304187933,36.594126296866484],[0.3923693093782915,36.594252944953496]]]]},"properties":{"speed":0.3085,"dir_deg":119.7,"type":"متوسط"}},{"type":"Feature","geometry":{"type":"MultiPolygon","coordinates":[[[[0.41728364598006323,36.60495490981289],[0.42908821968708444,36.59570007110033],[0.4278542411920764,36.5941261279394],[0.4160496674850552,36.603380966651955],[0.41728364598006323,36.60495490981289]]],[[[0.4324060883419208,36.59182815328234],[0.43032219818209244,36.59727401426127],[0.4266202626970684,36.59255218477846],[0.4324060883419208,36.59182815328234]]]]},"properties":{"speed":0.3079,"dir_deg":128.1,"type":"متوسط"}},{"type":"Feature","geometry":{"type":"MultiPolygon","coordinates":[[[[0.4590726498974877,36.60484130715565],[0.469173183745902,36.593751707704946],[0.4676945704858082,36.592404969858485],[0.4575940366373939,36.60349456930919],[0.4590726498974877,36.60484130715565]]],[[[0.47180072173199317,36.58938180563148],[0.47065179700599574,36.5950984455514],[0.46621595722571446,36.59105823201203],[0.47180072173199317,36.58938180563148]]]]},"properties":{"speed":0.3367,"dir_deg":137.7,"type":"متوسط"}},{"type":"Feature","geometry":{"type":"MultiPolygon","coordinates":[[[[0.5007625805921225,36.604814831454306],[0.5104659789203662,36.593376122572465],[0.5089408177361211,36.5920823361287],[0.49923741940787747,36.60352104501054],[0.5007625805921225,36.604814831454306]]],[[[0.5129378644376582,36.58891632638997],[0.5119911401046112,36.59466990901623],[0.507415656551876,36.59078854968493],[0.5129378644376582,36.58891632638997]]]]},"properties":{"speed":0.3256,"dir_deg":139.7,"type":"متوسط"}},{"type":"Feature","geometry":{"type":"MultiPolygon","coordinates":[[[[0.5424128803610615,36.60483366698632],[0.5523988116695808,36.593640759593626],[0.550906424017221,36.59230930208582],[0.5409204927087017,36.60350220947852],[0.5424128803610615,36.60483366698632]]],[[[0.5549812616129073,36.589244061708825],[0.5538911993219408,36.59497221710143],[0.5494140363648611,36.59097784457802],[0.5549812616129073,36.589244061708825]]]]},"properties":{"speed":0.3087,"dir_deg":138.3,"type":"متوسط"}},{"type":"Feature","geometry":{"type":"MultiPolygon","coordinates":[[[[0.5839985651379923,36.60491455742032],[0.595197852956473,36.59493578232721],[0.5938673496107252,36.59344254395141],[0.5826680617922445,36.60342131904452],[0.5839985651379923,36.60491455742032]]],[[[0.5982656972230928,36.590862904774944],[0.5965283563022207,36.596429020703006],[0.5925368462649775,36.59194930557562],[0.5982656972230928,36.590862904774944]]]]},"properties":{"speed":0.3139,"dir_deg":131.7,"type":"متوسط"}},{"type":"Feature","geometry":{"type":"MultiPolygon","coordinates":[[[[0.6254505711751086,36.60506067874128],[0.6388416788080225,36.598302111114656],[0.6379405364578052,36.596516630096936],[0.6245494288248914,36.60327519772356],[0.6254505711751086,36.60506067874128]]],[[[0.6428548101772183,36.59515651473025],[0.6397428211582397,36.600087592132375],[0.637039394107588,36.594731149079216],[0.6428548101772183,36.59515651473025]]]]},"properties":{"speed":0.3132,"dir_deg":116.8,"type":"متوسط"}},{"type":"Feature","geometry":{"type":"MultiPolygon","coordinates":[[[[0.666904549222584,36.60513923702363],[0.6814740310906797,36.601571296708094],[0.6809983057152749,36.59962869912568],[0.6664288238471792,36.603196639441215],[0.666904549222584,36.60513923702363]]],[[[0.6860926623590091,36.59941068447837],[0.6819497564660846,36.60351389429051],[0.68052258033987,36.59768610154327],[0.6860926623590091,36.59941068447837]]]]},"properties":{"speed":0.3265,"dir_deg":103.8,"type":"متوسط"}},{"type":"Feature","geometry":{"type":"MultiPolygon","coordinates":[[[[0.7084239422506867,36.605163822976365],[0.7233622134098919,36.60380439119284],[0.7231809558387553,36.60181262170495],[0.7082426846795501,36.60317205348848],[0.7084239422506867,36.605163822976365]]],[[[0.7282510083440586,36.60235536252105],[0.7235434709810287,36.60579616068073],[0.7229996982676186,36.59982085221706],[0.7282510083440586,36.60235536252105]]]]},"properties":{"speed":0.3504,"dir_deg":95.2,"type":"متوسط"}},{"type":"Feature","geometry":{"type":"MultiPolygon","coordinates":[[[[0.7500001629019754,36.605167938219154],[0.7650001627029475,36.60516549468952],[0.7649998368989968,36.60316549471606],[0.7499998370980246,36.60316793824569],[0.7500001629019754,36.605167938219154]]],[[[0.7699999997346295,36.604164680192916],[0.7650004885068983,36.607165494662986],[0.7649995110950459,36.601165494742595],[0.7699999997346295,36.604164680192916]]]]},"properties":{"speed":0.3807,"dir_deg":90.0,"type":"متوسط"}},{"type":"Feature","geometry":{"type":"MultiPolygon","coordinates":[[[[0.7916426004424552,36.605167648120414],[0.806638248762355,36.60552893950681],[0.8066864209472079,36.60352951973083],[0.791690772627308,36.60316822834443],[0.7916426004424552,36.605167648120414]]],[[[0.811660884294748,36.60464966008095],[0.8065900765775021,36.6075283592828],[0.8067345931320608,36.601530099954836],[0.811660884294748,36.60464966008095]]]]},"properties":{"speed":0.4083,"dir_deg":88.6,"type":"قوي"}},{"type":"Feature","geometry":{"type":"MultiPolygon","coordinates":[[[[0.8332470966740271,36.60516421463229],[0.8481912426720468,36.60645746649866],[0.8483636762542295,36.604464913698926],[0.8334195302562097,36.603171661832555],[0.8332470966740271,36.60516421463229]]],[[[0.8532588414624781,36.60589227405425],[0.8480188090898642,36.608450019298395],[0.8485361098364121,36.60247236089919],[0.8532588414624781,36.60589227405425]]]]},"properties":{"speed":0.4404,"dir_deg":85.1,"type":"قوي"}},{"type":"Feature","geometry":{"type":"MultiPolygon","coordinates":[[[[0.8749246767307586,36.60516509739981],[0.8898820642416151,36.60629494643843],[0.8900327107800979,36.60430062810365],[0.8750753232692414,36.60317077906503],[0.8749246767307586,36.60516509739981]]],[[[0.8949431833478088,36.60567440361725],[0.8897314177031324,36.60828926477321],[0.8901833573185807,36.60230630976887],[0.8949431833478088,36.60567440361725]]]]},"properties":{"speed":0.4253,"dir_deg":85.7,"type":"قوي"}},{"type":"Feature","geometry":{"type":"MultiPolygon","coordinates":[[[[0.9163727246715564,36.605123755381726],[0.9307099819111694,36.60953318333161],[0.9312979056378198,36.607621549033],[0.9169606483982068,36.60321212108312],[0.9163727246715564,36.605123755381726]]],[[[0.9357830295210323,36.61004717549893],[0.930122058184519,36.61144481763022],[0.9318858293644702,36.60570991473438],[0.9357830295210323,36.61004717549893]]]]},"properties":{"speed":0.3947,"dir_deg":72.9,"type":"متوسط"}},{"type":"Feature","geometry":{"type":"MultiPolygon","coordinates":[[[[0.9579459864128305,36.60508988061379],[0.9717751221333787,36.61089978639811],[0.9725497762379546,36.60905590163537],[0.9587206405174064,36.603245995851054],[0.9579459864128305,36.60508988061379]]],[[[0.976772161092516,36.61191447927818],[0.9710004680288029,36.61274367116085],[0.9733244303425304,36.60721201687263],[0.976772161092516,36.61191447927818]]]]},"properties":{"speed":0.4042,"dir_deg":67.2,"type":"قوي"}},{"type":"Feature","geometry":{"type":"MultiPolygon","coordinates":[[[[0.9995961073832175,36.60508274463495],[1.013318203421157,36.61114113388668],[1.0141259886547218,36.60931152108163],[1.0004038926167824,36.603253131829895],[0.9995961073832175,36.60508274463495]]],[[[1.018296128050586,36.612245790568075],[1.012510418187592,36.612970746691744],[1.0149337738882869,36.60748190827657],[1.018296128050586,36.612245790568075]]]]},"properties":{"speed":0.4048,"dir_deg":66.2,"type":"قوي"}},{"type":"Feature","geometry":{"type":"MultiPolygon","coordinates":[[[[-0.41585917477690154,36.64524216949666],[-0.42470755884065187,36.633129940161794],[-0.4263225227519672,36.63430972470363],[-0.41747413868821687,36.646421954038495],[-0.41585917477690154,36.64524216949666]]],[[[-0.428464502150893,36.629682422654426],[-0.4230925949293365,36.63195015561996],[-0.4279374866632826,36.63548950924546],[-0.428464502150893,36.629682422654426]]]]},"properties":{"speed":0.2252,"dir_deg":216.1,"type":"متوسط"}},{"type":"Feature","geometry":{"type":"MultiPolygon","coordinates":[[[[-0.374355894898166,36.64506712476508],[-0.38582994993564357,36.635405548237564],[-0.38711816013931155,36.636935422242566],[-0.375644105101834,36.64659699877008],[-0.374355894898166,36.64506712476508]]],[[[-0.39029874004997006,36.6329499597309],[-0.38454173973197553,36.63387567423257],[-0.3884063703429796,36.63846529624756],[-0.39029874004997006,36.6329499597309]]]]},"properties":{"speed":0.1726,"dir_deg":229.9,"type":"ضعيف"}},{"type":"Feature","geometry":{"type":"MultiPolygon","coordinates":[[[[-0.3329789891004915,36.64489695047775],[-0.3470056584479266,36.639581637973514],[-0.34771436678182516,36.64145186055317],[-0.3336876974343901,36.646767173057405],[-0.3329789891004915,36.64489695047775]]],[[[-0.3520355690640209,36.63874497842859],[-0.34629695011402795,36.63771141539385],[-0.3484230751157238,36.64332208313283],[-0.3520355690640209,36.63874497842859]]]]},"properties":{"speed":0.125,"dir_deg":249.2,"type":"ضعيف"}},{"type":"Feature","geometry":{"type":"MultiPolygon","coordinates":[[[[-0.2917242449203984,36.64483372134436],[-0.30669935126859554,36.64569754416195],[-0.30658417489291717,36.64769422500838],[-0.29160906854472,36.646830402190794],[-0.2917242449203984,36.64483372134436]]],[[[-0.3116334651968221,36.64698382552436],[-0.3068145276442739,36.64370086331552],[-0.3064689985172388,36.649690905854804],[-0.3116334651968221,36.64698382552436]]]]},"properties":{"speed":0.1097,"dir_deg":273.3,"type":"ضعيف"}},{"type":"Feature","geometry":{"type":"MultiPolygon","coordinates":[[[[-0.25036803005553815,36.644902247873176],[-0.26431523847154853,36.65042269870625],[-0.26357917836047223,36.652282326495055],[-0.24963196994446185,36.64676187566198],[-0.25036803005553815,36.644902247873176]]],[[[-0.2685962778880139,36.65319266287834],[-0.26505129858262483,36.64856307091745],[-0.26284311824939594,36.65414195428386],[-0.2685962778880139,36.65319266287834]]]]},"properties":{"speed":0.1226,"dir_deg":291.6,"type":"ضعيف"}},{"type":"Feature","geometry":{"type":"MultiPolygon","coordinates":[[[[-0.20904980367996756,36.64513444932153],[-0.21951399037063007,36.655881579026854],[-0.21808103974325416,36.65727680391895],[-0.20761685305259164,36.646529674213625],[-0.20904980367996756,36.64513444932153]]],[[[-0.22228557728716294,36.66016156804134],[-0.22094694099800602,36.65448635413477],[-0.2166480891158782,36.65867202881103],[-0.22228557728716294,36.66016156804134]]]]},"properties":{"speed":0.1738,"dir_deg":315.8,"type":"ضعيف"}},{"type":"Feature","geometry":{"type":"MultiPolygon","coordinates":[[[[-0.16752578121390205,36.64532027008218],[-0.17520265649483696,36.6582069137849],[-0.17348443733447366,36.6592304971557],[-0.16580756205353875,36.646343853452976],[-0.16752578121390205,36.64532027008218]]],[[[-0.1769025053416336,36.66301425337121],[-0.17692087565520023,36.657183330414114],[-0.1717662181741104,36.660254080526485],[-0.1769025053416336,36.66301425337121]]]]},"properties":{"speed":0.1996,"dir_deg":329.2,"type":"متوسط"}},{"type":"Feature","geometry":{"type":"MultiPolygon","coordinates":[[[[-0.12591397858389283,36.64542629933932],[-0.13200041500775198,36.659135978097716],[-0.1301724578399663,36.65994750295423],[-0.12408602141610717,36.646237824195836],[-0.12591397858389283,36.64542629933932]]],[[[-0.1331152485651455,36.66411163344544],[-0.13382837217553767,36.6583244532412],[-0.12834450067218062,36.66075902781075],[-0.1331152485651455,36.66411163344544]]]]},"properties":{"speed":0.2237,"dir_deg":336.1,"type":"متوسط"}},{"type":"Feature","geometry":{"type":"MultiPolygon","coordinates":[[[[-0.08430089203325089,36.64557940593819],[-0.08809072947407103,36.66009274918405],[-0.08615561704128964,36.66059806084282],[-0.08236577960046951,36.64608471759696],[-0.08430089203325089,36.64557940593819]]],[[[-0.08838645240462038,36.66518318609539],[-0.0900258419068524,36.659587437525275],[-0.08422050460850827,36.6611033725016],[-0.08838645240462038,36.66518318609539]]]]},"properties":{"speed":0.2942,"dir_deg":345.4,"type":"متوسط"}},{"type":"Feature","geometry":{"type":"MultiPolygon","coordinates":[[[[-0.04266612839394291,36.64586490591315],[-0.04217346621032916,36.66085681319584],[-0.040174545239303534,36.6607911249047],[-0.04066720742291729,36.645799217622006],[-0.04266612839394291,36.64586490591315]]],[[[-0.041009784996945096,36.66582127147783],[-0.04417238718135477,36.66092250148699],[-0.03817562426827792,36.660725436613546],[-0.041009784996945096,36.66582127147783]]]]},"properties":{"speed":0.2769,"dir_deg":1.9,"type":"متوسط"}},{"type":"Feature","geometry":{"type":"MultiPolygon","coordinates":[[[[-0.0009714047088718043,36.64606949152894],[0.0025900417115982755,36.660640562162015],[0.0045328511293418845,36.66016570263929],[0.0009714047088718043,36.645594632006215],[-0.0009714047088718043,36.64606949152894]]],[[[0.0047485952272934406,36.66526015594501],[0.0006472322938546669,36.66111542168475],[0.006475660547085493,36.65969084311656],[0.0047485952272934406,36.66526015594501]]]]},"properties":{"speed":0.2267,"dir_deg":13.7,"type":"متوسط"}},{"type":"Feature","geometry":{"type":"MultiPolygon","coordinates":[[[[0.04069873531546573,36.64608327183003],[0.04446688625224962,36.660602260724495],[0.04640275143817836,36.66009984059959],[0.04263460050139447,36.64558085170513],[0.04069873531546573,36.64608327183003]]],[[[0.04669086915747529,36.66519071362686],[0.042531021066320875,36.6611046808494],[0.04833861662410711,36.65959742047469],[0.04669086915747529,36.66519071362686]]]]},"properties":{"speed":0.2383,"dir_deg":14.5,"type":"متوسط"}},{"type":"Feature","geometry":{"type":"MultiPolygon","coordinates":[[[[0.08241841492687858,36.64623569497369],[0.08847291301853999,36.65995950832342],[0.09030275479850322,36.659152241911194],[0.08424825670684181,36.645428428561466],[0.08241841492687858,36.64623569497369]]],[[[0.09140599993907542,36.66413047956721],[0.08664307123857676,36.66076677473564],[0.09213259657846645,36.65834497549897],[0.09140599993907542,36.66413047956721]]]]},"properties":{"speed":0.2966,"dir_deg":23.8,"type":"متوسط"}},{"type":"Feature","geometry":{"type":"MultiPolygon","coordinates":[[[[0.12421707296644222,36.64645417531037],[0.1335487761083125,36.65819808081373],[0.13511463017542807,36.656953853728155],[0.12578292703355778,36.64520994822479],[0.12421707296644222,36.64645417531037]]],[[[0.13744227085582705,36.66149060243873],[0.13198292204119694,36.65944230789932],[0.13668048424254364,36.65570962664257],[0.13744227085582705,36.66149060243873]]]]},"properties":{"speed":0.3198,"dir_deg":38.5,"type":"متوسط"}},{"type":"Feature","geometry":{"type":"MultiPolygon","coordinates":[[[[0.16604762848295537,36.64661741874214],[0.17782798310136366,36.65590306600362],[0.1790660694028937,36.654332352054496],[0.16728571478448542,36.64504670479302],[0.16604762848295537,36.64661741874214]]],[[[0.18237381112493145,36.65821292478288],[0.17658989679983358,36.65747377995274],[0.1803041557044238,36.652761638105375],[0.18237381112493145,36.65821292478288]]]]},"properties":{"speed":0.3469,"dir_deg":51.8,"type":"متوسط"}},{"type":"Feature","geometry":{"type":"MultiPolygon","coordinates":[[[[0.20791637142345235,36.64674098800651],[0.22155026500750716,36.65299534214892],[0.22238417889316167,36.65117748967105],[0.20875028530910686,36.64492313552864],[0.20791637142345235,36.64674098800651]]],[[[0.22651185314501934,36.65417120062413],[0.22071635112185262,36.6548131946268],[0.2232180927788162,36.64935963719317],[0.22651185314501934,36.65417120062413]]]]},"properties":{"speed":0.3717,"dir_deg":65.4,"type":"متوسط"}},{"type":"Feature","geometry":{"type":"MultiPolygon","coordinates":[[[[0.249809286247741,36.646813707459614],[0.26453397162833037,36.6496744137435],[0.26491539913284834,36.647711122359425],[0.250190713752259,36.64485041607554],[0.249809286247741,36.646813707459614]]],[[[0.2696329138407858,36.64964633681276],[0.2641525441238124,36.65163770512758],[0.2652968266373663,36.645747830975345],[0.2696329138407858,36.64964633681276]]]]},"properties":{"speed":0.3847,"dir_deg":79.0,"type":"متوسط"}},{"type":"Feature","geometry":{"type":"MultiPolygon","coordinates":[[[[0.29173604179502194,36.64682965171997],[0.3066998910808536,36.645788875783026],[0.30656112095592813,36.643793695878244],[0.29159727167009647,36.64483447181519],[0.29173604179502194,36.64682965171997]]],[[[0.31161845578033476,36.64444436051832],[0.3068386612057791,36.6477840556878],[0.30642235083100267,36.64179851597347],[0.31161845578033476,36.64444436051832]]]]},"properties":{"speed":0.3867,"dir_deg":94.0,"type":"متوسط"}},{"type":"Feature","geometry":{"type":"MultiPolygon","coordinates":[[[[0.3336580606663035,36.64677787285383],[0.3478452269600727,36.64190711187089],[0.3471957921623473,36.640015489698385],[0.3330086258685781,36.644886250681324],[0.3336580606663035,36.64677787285383]]],[[[0.3522495649924664,36.639337713790326],[0.34849466175779814,36.64379873404339],[0.34654635736462186,36.638123867525884],[0.3522495649924664,36.639337713790326]]]]},"properties":{"speed":0.3846,"dir_deg":108.9,"type":"متوسط"}},{"type":"Feature","geometry":{"type":"MultiPolygon","coordinates":[[[[0.37551317392484856,36.64669034640734],[0.38838744352131477,36.638992737534615],[0.38736109567161764,36.63727616825509],[0.37448682607515144,36.64497377712782],[0.37551317392484856,36.64669034640734]]],[[[0.39216569279528823,36.635568583270604],[0.3894137913710119,36.640709306814145],[0.3863347478219205,36.63555959897556],[0.39216569279528823,36.635568583270604]]]]},"properties":{"speed":0.3815,"dir_deg":120.9,"type":"متوسط"}},{"type":"Feature","geometry":{"type":"MultiPolygon","coordinates":[[[[0.41730706562415704,36.64660009591497],[0.4288275778350596,36.636993962541005],[0.4275467600518639,36.63545789424622],[0.41602624784096137,36.64506402762019],[0.41730706562415704,36.64660009591497]]],[[[0.4320273396804292,36.63302388393562],[0.4301083956182552,36.638530030835796],[0.4262659422686683,36.63392182595143],[0.4320273396804292,36.63302388393562]]]]},"properties":{"speed":0.3741,"dir_deg":129.8,"type":"متوسط"}},{"type":"Feature","geometry":{"type":"MultiPolygon","coordinates":[[[[0.4591145995386998,36.64645627217971],[0.46847775572073347,36.634737428110824],[0.4669152431782154,36.633489007286556],[0.4575520869961818,36.645207851355444],[0.4591145995386998,36.64645627217971]]],[[[0.4708175515101523,36.6302069363424],[0.47004026826325146,36.6359858489351],[0.46535273063569743,36.63224058646228],[0.4708175515101523,36.6302069363424]]]]},"properties":{"speed":0.3695,"dir_deg":141.4,"type":"متوسط"}},{"type":"Feature","geometry":{"type":"MultiPolygon","coordinates":[[[[0.5008703058683684,36.64632457338722],[0.5082579801630144,36.63326998536169],[0.5065173684262775,36.63228496212241],[0.49912969413163155,36.64533955014794],[0.5008703058683684,36.64632457338722]]],[[[0.5098502323928612,36.628425944400206],[0.5099985918997513,36.63425500860098],[0.5047767566895406,36.631299938883124],[0.5098502323928612,36.628425944400206]]]]},"properties":{"speed":0.3533,"dir_deg":150.5,"type":"متوسط"}},{"type":"Feature","geometry":{"type":"MultiPolygon","coordinates":[[[[0.5425378928920653,36.646322978749566],[0.5499016476218599,36.63325488339181],[0.5481592349074924,36.63227304942783],[0.5407954801776979,36.64534114478559],[0.5425378928920653,36.646322978749566]]],[[[0.5514850261746077,36.6284079346239],[0.5516440603362275,36.634236717355776],[0.5464168221931248,36.63129121546386],[0.5514850261746077,36.6284079346239]]]]},"properties":{"speed":0.31,"dir_deg":150.6,"type":"متوسط"}},{"type":"Feature","geometry":{"type":"MultiPolygon","coordinates":[[[[0.5841611132160337,36.64639308545013],[0.5925764684543174,36.6339760891864],[0.5909208689524869,36.6328540418213],[0.5825055137142031,36.64527103808503],[0.5841611132160337,36.64639308545013]]],[[[0.5945537871161635,36.62927606674927],[0.5942320679561481,36.635098136551505],[0.5892652694506562,36.63173199445619],[0.5945537871161635,36.62927606674927]]]]},"properties":{"speed":0.2737,"dir_deg":145.9,"type":"متوسط"}},{"type":"Feature","geometry":{"type":"MultiPolygon","coordinates":[[[[0.6256589923741906,36.646584211387506],[0.6369412366731183,36.63669932577464],[0.635623251924737,36.63519502653479],[0.6243410076258094,36.64507991214765],[0.6256589923741906,36.646584211387506]]],[[[0.6400429923985701,36.632652214283766],[0.6382592214214995,36.6382036250145],[0.6343052671763558,36.63369072729493],[0.6400429923985701,36.632652214283766]]]]},"properties":{"speed":0.2253,"dir_deg":131.2,"type":"متوسط"}},{"type":"Feature","geometry":{"type":"MultiPolygon","coordinates":[[[[0.6669696102245943,36.646785076582894],[0.6812648324543266,36.6422412212372],[0.6806589850749011,36.64033519160657],[0.6663637628451688,36.64487904695226],[0.6669696102245943,36.646785076582894]]],[[[0.6857269828411913,36.63977358797332],[0.6818706798337522,36.64414725086783],[0.6800531376954755,36.638429161975935],[0.6857269828411913,36.63977358797332]]]]},"properties":{"speed":0.2048,"dir_deg":107.6,"type":"متوسط"}},{"type":"Feature","geometry":{"type":"MultiPolygon","coordinates":[[[[0.7083522690249761,36.646831882094816],[0.7233495739334874,36.64654754869695],[0.7233116628137721,36.644547908042476],[0.7083143579052608,36.64483224144034],[0.7083522690249761,36.646831882094816]]],[[[0.7283297200098002,36.64545295057042],[0.7233874850532027,36.64854718935142],[0.7232737516940568,36.64254826738801],[0.7283297200098002,36.64545295057042]]]]},"properties":{"speed":0.2149,"dir_deg":91.1,"type":"متوسط"}},{"type":"Feature","geometry":{"type":"MultiPolygon","coordinates":[[[[0.7498555882810876,36.64682157945587],[0.7646983536054526,36.64898775523955],[0.7649871770432775,36.647008719862974],[0.7501444117189124,36.64484254407929],[0.7498555882810876,36.64682157945587]]],[[[0.76979035376582,36.648720296145825],[0.7644095301676278,36.65096679061614],[0.7652760004811022,36.64502968448639],[0.76979035376582,36.648720296145825]]]]},"properties":{"speed":0.2324,"dir_deg":81.7,"type":"متوسط"}},{"type":"Feature","geometry":{"type":"MultiPolygon","coordinates":[[[[0.7914050846299311,36.646797237628924],[0.8058827225501308,36.650721266203185],[0.8064059263600318,36.64879091448049],[0.7919282884398321,36.64486688590623],[0.7914050846299311,36.646797237628924]]],[[[0.8109702037618145,36.65106409986659],[0.8053595187402297,36.652651617925876],[0.806929130169933,36.6468605627578],[0.8109702037618145,36.65106409986659]]]]},"properties":{"speed":0.2616,"dir_deg":74.8,"type":"متوسط"}},{"type":"Feature","geometry":{"type":"MultiPolygon","coordinates":[[[[0.8330271699282845,36.646784047132414],[0.8473069504007684,36.65137620018492],[0.8479192374744362,36.64947222945525],[0.8336394570019523,36.64488007640274],[0.8330271699282845,36.646784047132414]]],[[[0.8523730207617637,36.65195493250425],[0.8466946633271005,36.653280170914584],[0.8485315245481041,36.647568258725585],[0.8523730207617637,36.65195493250425]]]]},"properties":{"speed":0.2919,"dir_deg":72.2,"type":"متوسط"}},{"type":"Feature","geometry":{"type":"MultiPolygon","coordinates":[[[[0.8747561769150398,36.64680188149477],[0.8893034728228404,36.65045922776917],[0.8897911189927608,36.64851958831479],[0.8752438230849602,36.64486224204039],[0.8747561769150398,36.64680188149477]]],[[[0.8943963945437341,36.65070852346678],[0.88881582665292,36.65239886722354],[0.8902787651626811,36.64657994886042],[0.8943963945437341,36.65070852346678]]]]},"properties":{"speed":0.2874,"dir_deg":75.9,"type":"متوسط"}},{"type":"Feature","geometry":{"type":"MultiPolygon","coordinates":[[[[0.9162908149283185,36.64675873351927],[0.9301908912036647,36.65239680761771],[0.9309426344167908,36.65054346411433],[0.9170425581414446,36.644905390015886],[0.9162908149283185,36.64675873351927]]],[[[0.9352001215686765,36.65334949389884],[0.9294391479905387,36.65425015112109],[0.9316943776299168,36.64869012061095],[0.9352001215686765,36.65334949389884]]]]},"properties":{"speed":0.2918,"dir_deg":67.9,"type":"متوسط"}},{"type":"Feature","geometry":{"type":"MultiPolygon","coordinates":[[[[0.9578732155794796,36.646719929964796],[0.9711912385377454,36.65362139824938],[0.972111434309023,36.65184566185494],[0.9587934113507572,36.64494419357036],[0.9578732155794796,36.646719929964796]]],[[[0.9760906774094728,36.655034019480354],[0.9702710427664676,36.65539713464381],[0.9730316300803008,36.65006992546051],[0.9760906774094728,36.655034019480354]]]]},"properties":{"speed":0.3186,"dir_deg":62.6,"type":"متوسط"}},{"type":"Feature","geometry":{"type":"MultiPolygon","coordinates":[[[[0.9995260272201147,36.64671260126353],[1.0127341196593644,36.65382219296181],[1.013682065219135,36.65206111396991],[1.0004739727798853,36.644951522271626],[0.9995260272201147,36.64671260126353]]],[[[1.0176107899189994,36.655311517365284],[1.011786174099594,36.65558327195371],[1.0146300107789055,36.65030003497801],[1.0176107899189994,36.655311517365284]]]]},"properties":{"speed":0.3371,"dir_deg":61.7,"type":"متوسط"}},{"type":"Feature","geometry":{"type":"MultiPolygon","coordinates":[[[[-0.4158540017919995,36.68691725481762],[-0.42459517952765863,36.674727430709225],[-0.42622048940877805,36.67589292107398],[-0.4174793116731189,36.68808274518238],[-0.4158540017919995,36.68691725481762]]],[[[-0.4283215603801047,36.67124690118881],[-0.42296986964653926,36.67356194034447],[-0.4278457992898974,36.677058411438736],[-0.4283215603801047,36.67124690118881]]]]},"properties":{"speed":0.24,"dir_deg":215.6,"type":"متوسط"}},{"type":"Feature","geometry":{"type":"MultiPolygon","coordinates":[[[[-0.37432073757598466,36.68676610453107],[-0.3853291696099842,36.67657716817084],[-0.3866876944580149,36.6780449591087],[-0.37567926242401534,36.68823389546893],[-0.37432073757598466,36.68676610453107]]],[[[-0.3896779093786661,36.673914751519696],[-0.3839706447619536,36.67510937723297],[-0.3880462193060455,36.67951275004657],[-0.3896779093786661,36.673914751519696]]]]},"properties":{"speed":0.2046,"dir_deg":227.2,"type":"متوسط"}},{"type":"Feature","geometry":{"type":"MultiPolygon","coordinates":[[[[-0.33286084300256286,36.68661866947194],[-0.34608080092346083,36.67953116549877],[-0.3470258014532167,36.68129382655489],[-0.33380584353231874,36.68838133052806],[-0.33286084300256286,36.68661866947194]]],[[[-0.3509599538286381,36.67804999470244],[-0.34513580039370495,36.67776850444265],[-0.3479708019829726,36.68305648761101],[-0.3509599538286381,36.67804999470244]]]]},"properties":{"speed":0.157,"dir_deg":241.8,"type":"ضعيف"}},{"type":"Feature","geometry":{"type":"MultiPolygon","coordinates":[[[[-0.29158221898746367,36.686503571243286],[-0.30652865033814786,36.68523700506685],[-0.3066975258283389,36.68722986258028],[-0.29175109447765474,36.688496428756714],[-0.29158221898746367,36.686503571243286]]],[[[-0.3115952318668048,36.68581124509809],[-0.3063597748479568,36.68324414755343],[-0.30686640131853,36.6892227200937],[-0.3115952318668048,36.68581124509809]]]]},"properties":{"speed":0.1201,"dir_deg":265.2,"type":"ضعيف"}},{"type":"Feature","geometry":{"type":"MultiPolygon","coordinates":[[[[-0.2504733741701639,36.686619138549474],[-0.2636862959280442,36.69371975110193],[-0.2627395475877164,36.69548147400298],[-0.2495266258298361,36.688380861450526],[-0.2504733741701639,36.686619138549474]]],[[[-0.2676172290105071,36.69696748340328],[-0.26463304426837203,36.69195802820088],[-0.2617927992473886,36.69724319690403],[-0.2676172290105071,36.69696748340328]]]]},"properties":{"speed":0.1192,"dir_deg":298.3,"type":"ضعيف"}},{"type":"Feature","geometry":{"type":"MultiPolygon","coordinates":[[[[-0.20918110794501177,36.68696965126013],[-0.21713633904310423,36.699686344941114],[-0.2154407798856399,36.70074704242086],[-0.20748554878754744,36.68803034873987],[-0.20918110794501177,36.68696965126013]]],[[[-0.21894030316373622,36.70445559157464],[-0.2188318982005686,36.69862564746137],[-0.21374522072817553,36.7018077399006],[-0.21894030316373622,36.70445559157464]]]]},"properties":{"speed":0.1665,"dir_deg":328.0,"type":"ضعيف"}},{"type":"Feature","geometry":{"type":"MultiPolygon","coordinates":[[[[-0.16760160831597,36.68714518540027],[-0.17292382731197292,36.70116923563401],[-0.1710539539474737,36.701878864833475],[-0.16573173495147078,36.68785481459973],[-0.16760160831597,36.68714518540027]]],[[[-0.17376296362839094,36.706198733644996],[-0.17479370067647218,36.70045960643454],[-0.16918408058297443,36.702588494032945],[-0.17376296362839094,36.706198733644996]]]]},"properties":{"speed":0.1823,"dir_deg":339.2,"type":"ضعيف"}},{"type":"Feature","geometry":{"type":"MultiPolygon","coordinates":[[[[-0.12594113012335278,36.687161955489735],[-0.13101179777727576,36.701278907340026],[-0.1291295375305702,36.701954996360556],[-0.1240588698766472,36.687838044510265],[-0.12594113012335278,36.687161955489735]]],[[[-0.13176089020523063,36.706322602467054],[-0.13289405802398135,36.7006028183195],[-0.1272472772838646,36.70263108538108],[-0.13176089020523063,36.706322602467054]]]]},"properties":{"speed":0.2011,"dir_deg":340.2,"type":"متوسط"}},{"type":"Feature","geometry":{"type":"MultiPolygon","coordinates":[[[[-0.08431448783645426,36.687306762543884],[-0.08721304967820642,36.70202404283779],[-0.0852507456390183,36.702410517750025],[-0.08235218379726614,36.687693237456116],[-0.08431448783645426,36.687306762543884]]],[[[-0.08719808493919641,36.707123040391885],[-0.08917535371739455,36.70163756792556],[-0.08328844159983018,36.70279699266226],[-0.08719808493919641,36.707123040391885]]]]},"properties":{"speed":0.2904,"dir_deg":348.9,"type":"متوسط"}},{"type":"Feature","geometry":{"type":"MultiPolygon","coordinates":[[[[-0.042659293224551136,36.68762122286004],[-0.04084095032399234,36.702510602601855],[-0.03885569969175027,36.70226815688178],[-0.04067404259230906,36.68737877713996],[-0.042659293224551136,36.68762122286004]]],[[[-0.039242210707685035,36.70735250632242],[-0.04282620095623441,36.70275304832193],[-0.0368704490595082,36.7020257111617],[-0.039242210707685035,36.70735250632242]]]]},"properties":{"speed":0.2904,"dir_deg":7.0,"type":"متوسط"}},{"type":"Feature","geometry":{"type":"MultiPolygon","coordinates":[[[[-0.0009320859559328005,36.68786223717473],[0.004501471664944005,36.70184352651372],[0.006365643576809607,36.701119052164266],[0.0009320859559328005,36.68713776282527],[-0.0009320859559328005,36.68786223717473]]],[[[0.007244743494502408,36.706141719118655],[0.0026372997530784044,36.70256800086317],[0.008229815488675208,36.70039457781482],[0.007244743494502408,36.706141719118655]]]]},"properties":{"speed":0.232,"dir_deg":21.2,"type":"متوسط"}},{"type":"Feature","geometry":{"type":"MultiPolygon","coordinates":[[[[0.040736003921689634,36.68786587503848],[0.04622412949892258,36.70182583483959],[0.04808545747240351,36.70109408476262],[0.042597331895170565,36.68713412496152],[0.040736003921689634,36.68786587503848]]],[[[0.04898416867807403,36.70611327973481],[0.044362801525441656,36.702557584916555],[0.049946785445884434,36.70036233468566],[0.04898416867807403,36.70611327973481]]]]},"properties":{"speed":0.2111,"dir_deg":21.5,"type":"متوسط"}},{"type":"Feature","geometry":{"type":"MultiPolygon","coordinates":[[[[0.08246707179013656,36.68799958646499],[0.08996086876503646,36.700993546865845],[0.09169339681848375,36.699994373935866],[0.08419959984358384,36.68700041353501],[0.08246707179013656,36.68799958646499]]],[[[0.09332506511672675,36.70482528053447],[0.08822834071158916,36.70199271979583],[0.09342592487193105,36.69899520100588],[0.09332506511672675,36.70482528053447]]]]},"properties":{"speed":0.2556,"dir_deg":30.0,"type":"متوسط"}},{"type":"Feature","geometry":{"type":"MultiPolygon","coordinates":[[[[0.12431608016973979,36.68822955717101],[0.13525943773493848,36.698488354624914],[0.13662727739545888,36.69702924028289],[0.1256839198302602,36.68677044282899],[0.12431608016973979,36.68822955717101]]],[[[0.1395911434202649,36.7011783966052],[0.13389159807441806,36.69994746896694],[0.1379951170559793,36.69557012594086],[0.1395911434202649,36.7011783966052]]]]},"properties":{"speed":0.2915,"dir_deg":46.8,"type":"متوسط"}},{"type":"Feature","geometry":{"type":"MultiPolygon","coordinates":[[[[0.16616257653867564,36.68836364815472],[0.17911729885948052,36.695925074580394],[0.18012548904957004,36.694197778270954],[0.16717076672876516,36.68663635184528],[0.16616257653867564,36.68836364815472]]],[[[0.1839396347281269,36.6975819019009],[0.17810910866939103,36.697652370889834],[0.18113367923965953,36.692470481961514],[0.1839396347281269,36.6975819019009]]]]},"properties":{"speed":0.3258,"dir_deg":59.7,"type":"متوسط"}},{"type":"Feature","geometry":{"type":"MultiPolygon","coordinates":[[[[0.20802048065067455,36.68844980329903],[0.22226753013606482,36.6931425190331],[0.22289322556727492,36.691242912435044],[0.20864617608188465,36.68655019670097],[0.20802048065067455,36.68844980329903]]],[[[0.22732939434679997,36.6937569543121],[0.22164183470485474,36.695042125631154],[0.223518920998485,36.68934330583699],[0.22732939434679997,36.6937569543121]]]]},"properties":{"speed":0.3508,"dir_deg":71.8,"type":"متوسط"}},{"type":"Feature","geometry":{"type":"MultiPolygon","coordinates":[[[[0.24991590642450637,36.68849645786191],[0.26486277435314465,36.689757861494314],[0.26503096150413197,36.687764945770496],[0.25008409357549366,36.68650354213809],[0.24991590642450637,36.68849645786191]]],[[[0.26992915723818445,36.689181871509874],[0.2646945872021574,36.69175077721813],[0.26519914865511923,36.68577203004668],[0.26992915723818445,36.689181871509874]]]]},"properties":{"speed":0.377,"dir_deg":85.2,"type":"متوسط"}},{"type":"Feature","geometry":{"type":"MultiPolygon","coordinates":[[[[0.2918330123645058,36.68848606582119],[0.30662399968235987,36.68599073134199],[0.30629128841846665,36.68401859969961],[0.2915003011006126,36.68651393417881],[0.2918330123645058,36.68848606582119]]],[[[0.31138797315636463,36.684172887361065],[0.3069567109462531,36.68796286298437],[0.3059585771545734,36.68204646805723],[0.31138797315636463,36.684172887361065]]]]},"properties":{"speed":0.3996,"dir_deg":99.6,"type":"قوي"}},{"type":"Feature","geometry":{"type":"MultiPolygon","coordinates":[[[[0.3337167489295793,36.68842358004431],[0.347570449594168,36.68267249511223],[0.34680363826989097,36.68082533502361],[0.3329499376053023,36.68657641995569],[0.3337167489295793,36.68842358004431]]],[[[0.35180494415355906,36.67983188675723],[0.3483372609184451,36.68451965520084],[0.3460368269456139,36.678978174935004],[0.35180494415355906,36.67983188675723]]]]},"properties":{"speed":0.4145,"dir_deg":112.5,"type":"قوي"}},{"type":"Feature","geometry":{"type":"MultiPolygon","coordinates":[[[[0.37554967911304193,36.688335375887064],[0.38808031741897947,36.68009018919143],[0.3869809591928956,36.678419437417304],[0.37445032088695807,36.686664624112936],[0.37554967911304193,36.688335375887064]]],[[[0.39170751774125007,36.67650641773916],[0.3891796756450633,36.68176094096555],[0.3858816009668118,36.67674868564318],[0.39170751774125007,36.67650641773916]]]]},"properties":{"speed":0.4244,"dir_deg":123.3,"type":"قوي"}},{"type":"Feature","geometry":{"type":"MultiPolygon","coordinates":[[[[0.4173424745542627,36.68823706870227],[0.4283985050883323,36.67809980137672],[0.4270468694449253,36.676625663972175],[0.4159908389108557,36.68676293129773],[0.4173424745542627,36.68823706870227]]],[[[0.4314080307779854,36.67398364356593],[0.4297501407317394,36.67957393878126],[0.42569523380151825,36.67515152656763],[0.4314080307779854,36.67398364356593]]]]},"properties":{"speed":0.4153,"dir_deg":132.5,"type":"قوي"}},{"type":"Feature","geometry":{"type":"MultiPolygon","coordinates":[[[[0.45916025599647314,36.68806233027534],[0.46759521012657707,36.67565863933986],[0.46594138466851237,36.67453397878917],[0.45750643053840845,36.68693766972466],[0.45916025599647314,36.68806233027534]]],[[[0.46957994877424597,36.670961745419355],[0.4692490355846418,36.67678329989054],[0.4642875592104476,36.67340931823849],[0.46957994877424597,36.670961745419355]]]]},"properties":{"speed":0.3924,"dir_deg":145.8,"type":"متوسط"}},{"type":"Feature","geometry":{"type":"MultiPolygon","coordinates":[[[[0.5009393088227587,36.68784307278453],[0.506085400590764,36.67375344044315],[0.5042067829452466,36.67306729487409],[0.49906069117724133,36.68715692721547],[0.5009393088227587,36.68784307278453]]],[[[0.5068614556906736,36.66871382354483],[0.5079640182362813,36.67443958601222],[0.5023281652997292,36.67238114930502],[0.5068614556906736,36.66871382354483]]]]},"properties":{"speed":0.3732,"dir_deg":159.9,"type":"متوسط"}},{"type":"Feature","geometry":{"type":"MultiPolygon","coordinates":[[[[0.5426471522102101,36.687696690262854],[0.5455975061530569,36.67298970513293],[0.5436365748023999,36.67259632460722],[0.5406862208595531,36.687303309737146],[0.5426471522102101,36.687696690262854]]],[[[0.5456004917920106,36.66789068649343],[0.547558437503714,36.67338308565864],[0.5416756434517428,36.672202944081505],[0.5456004917920106,36.66789068649343]]]]},"properties":{"speed":0.3081,"dir_deg":168.7,"type":"متوسط"}},{"type":"Feature","geometry":{"type":"MultiPolygon","coordinates":[[[[0.584331994294105,36.68755134785112],[0.5851022120609065,36.67257113541632],[0.5831048504029334,36.67246843971408],[0.5823346326361318,36.68744865214888],[0.584331994294105,36.68755134785112]]],[[[0.5843602704875205,36.66752638342027],[0.5870995737188797,36.67267383111856],[0.5811074887449602,36.67236574401184],[0.5843602704875205,36.66752638342027]]]]},"properties":{"speed":0.234,"dir_deg":177.1,"type":"متوسط"}},{"type":"Feature","geometry":{"type":"MultiPolygon","coordinates":[[[[0.6259997725667162,36.687478673611615],[0.6256798767409034,36.67248208511087],[0.6236803316074709,36.67252473788764],[0.6240002274332838,36.687521326388385],[0.6259997725667162,36.687478673611615]]],[[[0.6245734722322495,36.667504548665676],[0.6276794218743359,36.672439432334095],[0.6216807864740385,36.67256739066442],[0.6245734722322495,36.667504548665676]]]]},"properties":{"speed":0.1701,"dir_deg":181.2,"type":"ضعيف"}},{"type":"Feature","geometry":{"type":"MultiPolygon","coordinates":[[[[0.6676614746989006,36.68760196327146],[0.6691909237708671,36.672680140811174],[0.6672013474428291,36.67247621426825],[0.6656718983708626,36.68739803672854],[0.6676614746989006,36.68760196327146]]],[[[0.6687059519641703,36.66760423671962],[0.6711805000989051,36.672884067354104],[0.6652117711147911,36.67227228772532],[0.6687059519641703,36.66760423671962]]]]},"properties":{"speed":0.0943,"dir_deg":174.1,"type":"ضعيف"}},{"type":"Feature","geometry":{"type":"MultiPolygon","coordinates":[[[[0.7091188173058607,36.688118856781635],[0.7184016690304289,36.6763362991705],[0.7168306613489444,36.67509858560723],[0.7075478096243761,36.686881143218365],[0.7091188173058607,36.688118856781635]]],[[[0.7207104490978761,36.67178992318515],[0.7199726767119133,36.67757401273378],[0.7152596536674599,36.67386087204395],[0.7207104490978761,36.67178992318515]]]]},"properties":{"speed":0.0397,"dir_deg":141.8,"type":"ضعيف"}},{"type":"Feature","geometry":{"type":"MultiPolygon","coordinates":[[[[0.7497512836707262,36.68846857637156],[0.7642799292441897,36.69219932131067],[0.7647773619027374,36.69026216856754],[0.7502487163292738,36.68653142362844],[0.7497512836707262,36.68846857637156]]],[[[0.7693715274312847,36.692474326585476],[0.763782496585642,36.6941364740538],[0.7652747945612851,36.68832501582441],[0.7693715274312847,36.692474326585476]]]]},"properties":{"speed":0.0418,"dir_deg":75.6,"type":"ضعيف"}},{"type":"Feature","geometry":{"type":"MultiPolygon","coordinates":[[[[0.791067269330318,36.68830043676507],[0.8030738208063439,36.697291694833524],[0.8042726552154711,36.69569082130339],[0.7922661037394452,36.68669956323493],[0.791067269330318,36.68830043676507]]],[[[0.8076754218362495,36.69948834409127],[0.8018749863972167,36.69889256836366],[0.8054714896245984,36.69408994777325],[0.8076754218362495,36.69948834409127]]]]},"properties":{"speed":0.0801,"dir_deg":53.2,"type":"ضعيف"}},{"type":"Feature","geometry":{"type":"MultiPolygon","coordinates":[[[[0.8327147062295923,36.68828570038065],[0.8445002119393537,36.69756480891355],[0.8457374264104058,36.69599340815224],[0.8339519207006445,36.68671429961935],[0.8327147062295923,36.68828570038065]]],[[[0.8490473210781335,36.699872144710525],[0.8432629974683015,36.69913620967485],[0.846974640881458,36.69442200739094],[0.8490473210781335,36.699872144710525]]]]},"properties":{"speed":0.1136,"dir_deg":51.8,"type":"ضعيف"}},{"type":"Feature","geometry":{"type":"MultiPolygon","coordinates":[[[[0.8744533735831267,36.68833737659412],[0.8870140224948928,36.69653677284722],[0.8881072753286394,36.69486201965898],[0.8755466264168733,36.68666262340588],[0.8744533735831267,36.68833737659412]]],[[[0.8917475318823548,36.69843252833746],[0.8859207696611461,36.69821152603545],[0.8892005281623862,36.693187266470744],[0.8917475318823548,36.69843252833746]]]]},"properties":{"speed":0.1329,"dir_deg":56.9,"type":"ضعيف"}},{"type":"Feature","geometry":{"type":"MultiPolygon","coordinates":[[[[0.9160518241204227,36.688288634396464],[0.9278813400673803,36.697511570613344],[0.929111064896298,36.695934301820415],[0.9172815489493404,36.686711365603536],[0.9160518241204227,36.688288634396464]]],[[[0.9324393744641584,36.69979724828918],[0.9266516152384627,36.69908883940627],[0.9303407897252156,36.69435703302749],[0.9324393744641584,36.69979724828918]]]]},"properties":{"speed":0.1709,"dir_deg":52.1,"type":"ضعيف"}},{"type":"Feature","geometry":{"type":"MultiPolygon","coordinates":[[[[0.9576826884284675,36.68825939914517],[0.969073675605998,36.69801877469493],[0.9703749256792998,36.696499976404596],[0.9589839385017693,36.68674060085483],[0.9576826884284675,36.68825939914517]]],[[[0.9735212963684924,36.70051250073302],[0.967772425532696,36.69953757298527],[0.9716761757526018,36.694981178114254],[0.9735212963684924,36.70051250073302]]]]},"properties":{"speed":0.2176,"dir_deg":49.4,"type":"متوسط"}},{"type":"Feature","geometry":{"type":"MultiPolygon","coordinates":[[[[0.9993639191842786,36.688271622443864],[1.010938255842205,36.69781283467969],[1.0122104174736477,36.69626958979196],[1.0006360808157213,36.686728377556136],[0.9993639191842786,36.688271622443864]]],[[[1.015432448877235,36.70022161631443],[1.0096660942107623,36.69935607956741],[1.0134825791050905,36.69472634490424],[1.015432448877235,36.70022161631443]]]]},"properties":{"speed":0.2605,"dir_deg":50.5,"type":"متوسط"}}]}