{"type":"FeatureCollection","date":"2026-08-30","features":[{"type":"Feature","geometry":{"type":"MultiPolygon","coordinates":[[[[-0.25092120854445465,35.85377886906425],[-0.2567572460670677,35.86759699723107],[-0.25491482897815837,35.86837513556741],[-0.24907879145554537,35.854557007400594],[-0.25092120854445465,35.85377886906425]]],[[[-0.257781383363484,35.87259210912151],[-0.25859966315597693,35.86681885889472],[-0.2530724118892491,35.86915327390376],[-0.257781383363484,35.87259210912151]]]]},"properties":{"speed":0.0568,"dir_deg":337.1,"type":"ضعيف"}},{"type":"Feature","geometry":{"type":"MultiPolygon","coordinates":[[[[-0.20864420459563682,35.85321748782866],[-0.22290096065214013,35.85788063126902],[-0.2222792081934257,35.859781532076546],[-0.2080224521369224,35.855118388636186],[-0.20864420459563682,35.85321748782866]]],[[[-0.22734233644161733,35.860385462819565],[-0.22352271311085456,35.855979730461485],[-0.22165745573471127,35.86168243288408],[-0.22734233644161733,35.860385462819565]]]]},"properties":{"speed":0.0502,"dir_deg":288.1,"type":"ضعيف"}},{"type":"Feature","geometry":{"type":"MultiPolygon","coordinates":[[[[-0.16621805815404186,35.85327421235395],[-0.17962394633112327,35.84654501015877],[-0.18052117329048034,35.84833246191571],[-0.16711528511339893,35.85506166411089],[-0.16621805815404186,35.85327421235395]]],[[[-0.1845411892031623,35.84519566863885],[-0.1787267193717662,35.844757558401824],[-0.1814184002498374,35.85011991367266],[-0.1845411892031623,35.84519566863885]]]]},"properties":{"speed":0.0892,"dir_deg":243.3,"type":"ضعيف"}},{"type":"Feature","geometry":{"type":"MultiPolygon","coordinates":[[[[-0.12430453400071241,35.85344937922731],[-0.13508291907746936,35.84301738923799],[-0.1364738510760445,35.84445450724822],[-0.12569546599928758,35.85488649723754],[-0.12430453400071241,35.85344937922731]]],[[[-0.13937118010234256,35.84025861824667],[-0.13369198707889418,35.841580271227755],[-0.1378647830746197,35.84589162525846],[-0.13937118010234256,35.84025861824667]]]]},"properties":{"speed":0.1014,"dir_deg":225.9,"type":"ضعيف"}},{"type":"Feature","geometry":{"type":"MultiPolygon","coordinates":[[[[-0.08260299276231002,35.85348485769349],[-0.09284920084631958,35.84252971187524],[-0.09430988695541993,35.843895872953105],[-0.08406367887141038,35.854851018771356],[-0.08260299276231002,35.85348485769349]]],[[[-0.09699494659553962,35.83956107714142],[-0.09138851473721923,35.84116355079737],[-0.09577057306452028,35.84526203403097],[-0.09699494659553962,35.83956107714142]]]]},"properties":{"speed":0.0819,"dir_deg":223.1,"type":"ضعيف"}},{"type":"Feature","geometry":{"type":"MultiPolygon","coordinates":[[[[-0.04189651919794131,35.853194712469964],[-0.05649490563479651,35.856642481812635],[-0.05603520305577409,35.85858893333755],[-0.04143681661891889,35.85514116399488],[-0.04189651919794131,35.853194712469964]]],[[[-0.06113118315757037,35.85876496402265],[-0.056954608213818925,35.85469603028772],[-0.05557550047675168,35.860535384862466],[-0.06113118315757037,35.85876496402265]]]]},"properties":{"speed":0.0535,"dir_deg":283.3,"type":"ضعيف"}},{"type":"Feature","geometry":{"type":"MultiPolygon","coordinates":[[[[-0.2925532692398509,35.89536954878191],[-0.29949096402490893,35.908668736391284],[-0.2977177390103255,35.909593762362626],[-0.2907800442252675,35.89629457475325],[-0.2925532692398509,35.89536954878191]]],[[[-0.3009169164459699,35.91356431191341],[-0.3012641890394924,35.90774371041994],[-0.295944513995742,35.91051878833397],[-0.3009169164459699,35.91356431191341]]]]},"properties":{"speed":0.0275,"dir_deg":332.5,"type":"ضعيف"}},{"type":"Feature","geometry":{"type":"MultiPolygon","coordinates":[[[[-0.2509086562084479,35.89541451668636],[-0.25717183242671465,35.90904435981307],[-0.2553545200098189,35.90987944997551],[-0.24909134379155215,35.8962496068488],[-0.2509086562084479,35.89541451668636]]],[[[-0.2583509016243557,35.91400518593654],[-0.25898914484361035,35.90820926965064],[-0.2535372075929232,35.910714540137946],[-0.2583509016243557,35.91400518593654]]]]},"properties":{"speed":0.0466,"dir_deg":335.3,"type":"ضعيف"}},{"type":"Feature","geometry":{"type":"MultiPolygon","coordinates":[[[[-0.20866832230508667,35.89488984148497],[-0.2228016265442435,35.89991475056707],[-0.22213163866662936,35.90179919113229],[-0.20799833442747254,35.89677428205019],[-0.20866832230508667,35.89488984148497]]],[[[-0.22717773401848868,35.90253194054372],[-0.22347161442185765,35.89803031000185],[-0.2214616507890152,35.90368363169751],[-0.22717773401848868,35.90253194054372]]]]},"properties":{"speed":0.0392,"dir_deg":289.6,"type":"ضعيف"}},{"type":"Feature","geometry":{"type":"MultiPolygon","coordinates":[[[[-0.16613587028150906,35.89498456549945],[-0.17884831430342665,35.887022545216276],[-0.17990991700784933,35.888717537752534],[-0.16719747298593174,35.89667955803571],[-0.16613587028150906,35.89498456549945]]],[[[-0.1836165969962772,35.88521603472335],[-0.17778671159900397,35.885327552680025],[-0.18097151971227202,35.890412530288785],[-0.1836165969962772,35.88521603472335]]]]},"properties":{"speed":0.0536,"dir_deg":237.9,"type":"ضعيف"}},{"type":"Feature","geometry":{"type":"MultiPolygon","coordinates":[[[[-0.12409345322902325,35.89540995638733],[-0.13042503393269586,35.881811754822685],[-0.13223812747464933,35.882655965583176],[-0.12590654677097673,35.89625416714782],[-0.12409345322902325,35.89540995638733]]],[[[-0.13344210760489678,35.87770112634804],[-0.12861194039074236,35.880967544062194],[-0.13405122101660283,35.88350017634367],[-0.13344210760489678,35.87770112634804]]]]},"properties":{"speed":0.0743,"dir_deg":205.0,"type":"ضعيف"}},{"type":"Feature","geometry":{"type":"MultiPolygon","coordinates":[[[[-0.08233752247973647,35.89574065171558],[-0.0837086732597243,35.88080345165872],[-0.08570029993397175,35.88098627176272],[-0.08432914915398393,35.89592347181958],[-0.08233752247973647,35.89574065171558]]],[[[-0.08516153685684397,35.8759157950251],[-0.08171704658547682,35.88062063155473],[-0.08769192660821923,35.88116909186672],[-0.08516153685684397,35.8759157950251]]]]},"properties":{"speed":0.0798,"dir_deg":185.2,"type":"ضعيف"}},{"type":"Feature","geometry":{"type":"MultiPolygon","coordinates":[[[[-0.04074125167886088,35.89621101401002],[-0.035056968042269036,35.882329770566486],[-0.03690780050140747,35.8815718660816],[-0.042592084137999316,35.895453109525135],[-0.04074125167886088,35.89621101401002]]],[[[-0.03408762305964098,35.87732373717619],[-0.0332061355831306,35.883087675051364],[-0.03875863296054591,35.88081396159672],[-0.03408762305964098,35.87732373717619]]]]},"properties":{"speed":0.0435,"dir_deg":157.7,"type":"ضعيف"}},{"type":"Feature","geometry":{"type":"MultiPolygon","coordinates":[[[[0.0006329341003972288,35.896606267440866],[0.012246019199746537,35.88711225593491],[0.01098015099895208,35.88556384458833],[-0.0006329341003972288,35.89505785609429],[0.0006329341003972288,35.896606267440866]]],[[[0.015484113465799079,35.88317337975963],[0.013511887400540995,35.88866066728149],[0.009714282798157623,35.88401543324175],[0.015484113465799079,35.88317337975963]]]]},"properties":{"speed":0.0363,"dir_deg":129.3,"type":"ضعيف"}},{"type":"Feature","geometry":{"type":"MultiPolygon","coordinates":[[[[-0.4171119662682669,35.93839537669023],[-0.40368131591481243,35.94507501972585],[-0.402790696843397,35.94328426634539],[-0.4162213471968515,35.93660462330977],[-0.4171119662682669,35.93839537669023]]],[[[-0.3987591229279532,35.94640619071416],[-0.4045719349862279,35.94686577310631],[-0.40190007777198156,35.941493512964925],[-0.3987591229279532,35.94640619071416]]]]},"properties":{"speed":0.2868,"dir_deg":63.6,"type":"متوسط"}},{"type":"Feature","geometry":{"type":"MultiPolygon","coordinates":[[[[-0.37533704649271066,35.93844148800404],[-0.3612147264321088,35.9434971853947],[-0.36054063344668746,35.94161420938662],[-0.37466295350728934,35.93655851199596],[-0.37533704649271066,35.93844148800404]]],[[[-0.3561702399191975,35.94424092985421],[-0.36188881941753004,35.94538016140278],[-0.3598665404612662,35.93973123337854],[-0.3561702399191975,35.94424092985421]]]]},"properties":{"speed":0.1349,"dir_deg":70.3,"type":"ضعيف"}},{"type":"Feature","geometry":{"type":"MultiPolygon","coordinates":[[[[-0.33237111670451036,35.9372277500384],[-0.3364548661285071,35.92279435159445],[-0.338379319254368,35.92333885151764],[-0.33429556983037123,35.9377722499616],[-0.33237111670451036,35.9372277500384]]],[[[-0.3387783424994365,35.91825546874139],[-0.33453041300264624,35.922249851671246],[-0.34030377238022885,35.92388335144084],[-0.3387783424994365,35.91825546874139]]]]},"properties":{"speed":0.0294,"dir_deg":195.8,"type":"ضعيف"}},{"type":"Feature","geometry":{"type":"MultiPolygon","coordinates":[[[[-0.2925749020116118,35.937081561816896],[-0.29885147475816,35.95070524100269],[-0.2970349842000548,35.951542117368895],[-0.2907584114535066,35.937918438183104],[-0.2925749020116118,35.937081561816896]]],[[[-0.30003542039462344,35.95566490558105],[-0.3006679653162651,35.94986836463648],[-0.2952184936419497,35.9523789937351],[-0.30003542039462344,35.95566490558105]]]]},"properties":{"speed":0.0763,"dir_deg":335.3,"type":"ضعيف"}},{"type":"Feature","geometry":{"type":"MultiPolygon","coordinates":[[[[-0.2509820426967264,35.93768865879732],[-0.24815216073692142,35.95241929924821],[-0.24618807534346865,35.95204198165357],[-0.2490179573032736,35.93731134120268],[-0.2509820426967264,35.93768865879732]]],[[[-0.24622682405359336,35.957140853934526],[-0.2501162461303742,35.95279661684285],[-0.24422398995001585,35.95166466405893],[-0.24622682405359336,35.957140853934526]]]]},"properties":{"speed":0.0848,"dir_deg":10.9,"type":"ضعيف"}},{"type":"Feature","geometry":{"type":"MultiPolygon","coordinates":[[[[-0.20933022619687564,35.937578706514046],[-0.20814962848621987,35.95253217397298],[-0.2061558328250278,35.95237476094489],[-0.20733643053568357,35.937421293485954],[-0.20933022619687564,35.937578706514046]]],[[[-0.20675919808540524,35.95743795661192],[-0.21014342414741194,35.95268958700107],[-0.20416203716383574,35.95221734791681],[-0.20675919808540524,35.95743795661192]]]]},"properties":{"speed":0.0277,"dir_deg":4.5,"type":"ضعيف"}},{"type":"Feature","geometry":{"type":"MultiPolygon","coordinates":[[[[-0.16649693819095468,35.936514509990715],[-0.181279288330278,35.93396850834923],[-0.18161875521580945,35.9359394883678],[-0.16683640507648612,35.938485490009285],[-0.16649693819095468,35.936514509990715]]],[[[-0.18637647181948486,35.934105331144686],[-0.1809398214447466,35.931997528330655],[-0.18195822210134086,35.93791046838638],[-0.18637647181948486,35.934105331144686]]]]},"properties":{"speed":0.0234,"dir_deg":260.2,"type":"ضعيف"}},{"type":"Feature","geometry":{"type":"MultiPolygon","coordinates":[[[[-0.12401118541263421,35.93735085003583],[-0.12624843487522022,35.92251863122534],[-0.12822606404995182,35.92281693115368],[-0.1259888145873658,35.93764914996417],[-0.12401118541263421,35.93735085003583]]],[[[-0.12798299928344803,35.91772370825269],[-0.12427080570048867,35.92222033129699],[-0.1302036932246834,35.92311523108203],[-0.12798299928344803,35.91772370825269]]]]},"properties":{"speed":0.0307,"dir_deg":188.6,"type":"ضعيف"}},{"type":"Feature","geometry":{"type":"MultiPolygon","coordinates":[[[[-0.08242338435196023,35.93791471475923],[-0.07620266296345218,35.92426544278573],[-0.07802256589325213,35.92343601326727],[-0.08424328728176017,35.93708528524077],[-0.08242338435196023,35.93791471475923]]],[[[-0.07503904063218281,35.919300970702004],[-0.07438276003365225,35.9250948723042],[-0.07984246882305206,35.9226065837488],[-0.07503904063218281,35.919300970702004]]]]},"properties":{"speed":0.0667,"dir_deg":155.5,"type":"ضعيف"}},{"type":"Feature","geometry":{"type":"MultiPolygon","coordinates":[[[[-0.040774382048145645,35.937951470866764],[-0.034002319046689086,35.9245671829625],[-0.035786890767257995,35.92366424122897],[-0.042558953768714554,35.937048529133236],[-0.040774382048145645,35.937951470866764]]],[[[-0.03263725057315468,35.91965428279431],[-0.03221774732612018,35.92547012469603],[-0.037571462487826904,35.92276129949544],[-0.03263725057315468,35.91965428279431]]]]},"properties":{"speed":0.1009,"dir_deg":153.2,"type":"ضعيف"}},{"type":"Feature","geometry":{"type":"MultiPolygon","coordinates":[[[[0.0009272477822634455,35.937874448327925],[0.006543972701172368,35.923965731593974],[0.004689477136645476,35.923216834938124],[-0.0009272477822634455,35.937125551672075],[0.0009272477822634455,35.937874448327925]]],[[[0.00748896655854523,35.91895504435473],[0.008398468265699259,35.92471462824983],[0.0028349815721185855,35.92246793828227],[0.00748896655854523,35.91895504435473]]]]},"properties":{"speed":0.0791,"dir_deg":158.0,"type":"ضعيف"}},{"type":"Feature","geometry":{"type":"MultiPolygon","coordinates":[[[[0.04266402064467204,35.93757271533202],[0.043754750624964305,35.92261242428839],[0.04176004515248042,35.922466993624354],[0.04066931517218816,35.93742728466798],[0.04266402064467204,35.93757271533202]]],[[[0.04312097454881978,35.91755294527516],[0.045749456097448196,35.92275785495243],[0.03976533967999653,35.92232156296031],[0.04312097454881978,35.91755294527516]]]]},"properties":{"speed":0.1419,"dir_deg":175.8,"type":"ضعيف"}},{"type":"Feature","geometry":{"type":"MultiPolygon","coordinates":[[[[-0.4169274449011595,35.98013333428126],[-0.4024465041685422,35.98404515681027],[-0.4019249278313416,35.98211436471259],[-0.4164058685639589,35.97820254218358],[-0.4169274449011595,35.98013333428126]]],[[[-0.39735873575573616,35.98438370160443],[-0.4029680805057428,35.98597594890795],[-0.401403351494141,35.980183572614905],[-0.39735873575573616,35.98438370160443]]]]},"properties":{"speed":0.6265,"dir_deg":74.9,"type":"قوي"}},{"type":"Feature","geometry":{"type":"MultiPolygon","coordinates":[[[[-0.3752576404248639,35.9801341790986],[-0.3607640274321665,35.983998785471556],[-0.36024874658243866,35.9820663037392],[-0.3747423595751361,35.978201697366245],[-0.3752576404248639,35.9801341790986]]],[[[-0.3556751826764034,35.9843207467297],[-0.3612793082818943,35.98593126720392],[-0.35973346573271087,35.98013382200684],[-0.3556751826764034,35.9843207467297]]]]},"properties":{"speed":0.5353,"dir_deg":75.1,"type":"قوي"}},{"type":"Feature","geometry":{"type":"MultiPolygon","coordinates":[[[[-0.33351844661623564,35.98015065729211],[-0.3187776607209854,35.98292720752403],[-0.3184074540233957,35.98096176940466],[-0.33314823991864595,35.97818521917274],[-0.33351844661623564,35.98015065729211]]],[[[-0.31367896207377377,35.98287000520832],[-0.31914786741857515,35.98489264564339],[-0.31803724732580596,35.978996331285295],[-0.31367896207377377,35.98287000520832]]]]},"properties":{"speed":0.4301,"dir_deg":79.3,"type":"متوسط"}},{"type":"Feature","geometry":{"type":"MultiPolygon","coordinates":[[[[-0.2920588489443471,35.9800878215234],[-0.278260599579739,35.985970704700215],[-0.2774762151561632,35.98413093811826],[-0.2912744645207713,35.978248054941446],[-0.2920588489443471,35.9800878215234]]],[[[-0.27326899091308177,35.98701178246818],[-0.2790449840033148,35.98781047128216],[-0.2766918307325874,35.98229117153632],[-0.27326899091308177,35.98701178246818]]]]},"properties":{"speed":0.2859,"dir_deg":66.9,"type":"متوسط"}},{"type":"Feature","geometry":{"type":"MultiPolygon","coordinates":[[[[-0.250817861529266,35.979743353316465],[-0.2421866352685882,35.992011276255454],[-0.24055091221005626,35.99086044608737],[-0.24918213847073403,35.97859252314838],[-0.250817861529266,35.979743353316465]]],[[[-0.2384916983190963,35.99552516881774],[-0.24382235832712013,35.99316210642355],[-0.23891518915152432,35.989709615919274],[-0.2384916983190963,35.99552516881774]]]]},"properties":{"speed":0.2305,"dir_deg":35.1,"type":"متوسط"}},{"type":"Feature","geometry":{"type":"MultiPolygon","coordinates":[[[[-0.20915772838657995,35.979733945835314],[-0.20066761434323663,35.99209994613982],[-0.19901881430263593,35.99096793093403],[-0.20750892834597925,35.97860193062953],[-0.20915772838657995,35.979733945835314]]],[[[-0.1970131763084885,35.99565593863843],[-0.20231641438383732,35.99323196134559],[-0.19737001426203524,35.98983591572826],[-0.1970131763084885,35.99565593863843]]]]},"properties":{"speed":0.1571,"dir_deg":34.5,"type":"ضعيف"}},{"type":"Feature","geometry":{"type":"MultiPolygon","coordinates":[[[[-0.16729987275529642,35.979941925531826],[-0.15569006326427348,35.98943994235547],[-0.15442366102112143,35.98789196775666],[-0.16603347051214437,35.97839395093302],[-0.16729987275529642,35.979941925531826]]],[[[-0.1511869256456898,35.991831960663944],[-0.1569564655074255,35.99098791695427],[-0.1531572587779694,35.98634399315786],[-0.1511869256456898,35.991831960663944]]]]},"properties":{"speed":0.0696,"dir_deg":50.7,"type":"ضعيف"}},{"type":"Feature","geometry":{"type":"MultiPolygon","coordinates":[[[[-0.12533980899560335,35.98010843270158],[-0.11123239195831103,35.985205567635624],[-0.11055277396710433,35.983324578697314],[-0.12466019100439665,35.97822744376327],[-0.12533980899560335,35.98010843270158]]],[[[-0.10619011061694357,35.98596411814449],[-0.11191200994951771,35.98708655657393],[-0.10987315597589765,35.98144358975901],[-0.10619011061694357,35.98596411814449]]]]},"properties":{"speed":0.0359,"dir_deg":70.1,"type":"ضعيف"}},{"type":"Feature","geometry":{"type":"MultiPolygon","coordinates":[[[[-0.08347037049849201,35.98015850448262],[-0.06861187674553156,35.9822140247071],[-0.06833780738226793,35.98023289220671],[-0.08319630113522838,35.97817737198223],[-0.08347037049849201,35.98015850448262]]],[[[-0.06352201081291292,35.98190863186506],[-0.0688859461087952,35.984195157207495],[-0.06806373801900428,35.97825175970631],[-0.06352201081291292,35.98190863186506]]]]},"properties":{"speed":0.0146,"dir_deg":82.1,"type":"ضعيف"}},{"type":"Feature","geometry":{"type":"MultiPolygon","coordinates":[[[[-0.04067197036894792,35.97906509463783],[-0.04221462428779121,35.9641446315456],[-0.04420401936675556,35.96435031873478],[-0.042661365447912276,35.97927078182701],[-0.04067197036894792,35.97906509463783]]],[[[-0.043723539800221145,35.95927398744278],[-0.040225229208826846,35.96393894435642],[-0.04619341444571992,35.96455600592396],[-0.043723539800221145,35.95927398744278]]]]},"properties":{"speed":0.0384,"dir_deg":185.9,"type":"ضعيف"}},{"type":"Feature","geometry":{"type":"MultiPolygon","coordinates":[[[[0.000916435454030334,35.97876775570082],[-0.005086302519940253,35.96502122389037],[-0.006919173428000922,35.96582158895357],[-0.000916435454030334,35.97956812076402],[0.000916435454030334,35.97876775570082]]],[[[-0.008003650631960783,35.960839229151816],[-0.0032534316118795854,35.964220858827176],[-0.008752044336061589,35.96662195401676],[-0.008003650631960783,35.960839229151816]]]]},"properties":{"speed":0.0884,"dir_deg":203.6,"type":"ضعيف"}},{"type":"Feature","geometry":{"type":"MultiPolygon","coordinates":[[[[0.04241175789347021,35.978500974279726],[0.03240729860306331,35.96732462450412],[0.03091711863298309,35.968658552409515],[0.04092157792338999,35.97983490218512],[0.04241175789347021,35.978500974279726]]],[[[0.02832738885455423,35.96426613853162],[0.03389747857314353,35.96599069659874],[0.02942693866290287,35.9699924803149],[0.02832738885455423,35.96426613853162]]]]},"properties":{"speed":0.162,"dir_deg":221.8,"type":"ضعيف"}},{"type":"Feature","geometry":{"type":"MultiPolygon","coordinates":[[[[0.08398107153109914,35.978406073123296],[0.07255309489425049,35.968690037409715],[0.07125762346577261,35.97021376762797],[0.08268560010262126,35.97992980334155],[0.08398107153109914,35.978406073123296]]],[[[0.06809603363439533,35.96621322394764],[0.07384856632272836,35.96716630719147],[0.06996215203729474,35.97173749784621],[0.06809603363439533,35.96621322394764]]]]},"properties":{"speed":0.1952,"dir_deg":229.6,"type":"ضعيف"}},{"type":"Feature","geometry":{"type":"MultiPolygon","coordinates":[[[[-0.41696177241669047,36.02178752329636],[-0.4026298494849817,36.026214258558326],[-0.4020396181167192,36.02430333550076],[-0.41637154104842794,36.019876600238796],[-0.41696177241669047,36.02178752329636]]],[[[-0.3975574261569475,36.026734375450204],[-0.40322008085324423,36.028125181615884],[-0.40144938674845665,36.0223924124432],[-0.3975574261569475,36.026734375450204]]]]},"properties":{"speed":0.5827,"dir_deg":72.8,"type":"قوي"}},{"type":"Feature","geometry":{"type":"MultiPolygon","coordinates":[[[[-0.37536520609898405,36.02176298845925],[-0.3614013057239245,36.02724107994401],[-0.3606708935259564,36.025379226560666],[-0.37463479390101595,36.019901135075905],[-0.37536520609898405,36.02176298845925]]],[[[-0.3563814661665872,36.02813618374726],[-0.36213171792189264,36.02910293332735],[-0.3599404813279882,36.02351737317733],[-0.3563814661665872,36.02813618374726]]]]},"properties":{"speed":0.6153,"dir_deg":68.6,"type":"قوي"}},{"type":"Feature","geometry":{"type":"MultiPolygon","coordinates":[[[[-0.3337264501819886,36.02175155453739],[-0.31993405863482377,36.02764815825561],[-0.31914784480572816,36.02580917271599],[-0.332940236352893,36.01991256899777],[-0.3337264501819886,36.02175155453739]]],[[[-0.314943487871221,36.02869420005853],[-0.32072027246391943,36.02948714379523],[-0.3183616309766325,36.02397018717637],[-0.314943487871221,36.02869420005853]]]]},"properties":{"speed":0.6361,"dir_deg":66.9,"type":"قوي"}},{"type":"Feature","geometry":{"type":"MultiPolygon","coordinates":[[[[-0.2919927218851905,36.02177740906685],[-0.2778125123961209,36.02666838635632],[-0.27716038209085836,36.02477769175778],[-0.2913405915799279,36.019886714468306],[-0.2919927218851905,36.02177740906685]]],[[[-0.2727597107471331,36.0273533648202],[-0.27846464270138344,36.028559080954864],[-0.27650825178559585,36.02288699715923],[-0.2727597107471331,36.0273533648202]]]]},"properties":{"speed":0.5654,"dir_deg":71.0,"type":"قوي"}},{"type":"Feature","geometry":{"type":"MultiPolygon","coordinates":[[[[-0.25060625494115485,36.0216273321281],[-0.2386771995333197,36.03072115624542],[-0.23746468965101,36.02913061552438],[-0.24939374505884515,36.02003679140706],[-0.25060625494115485,36.0216273321281]]],[[[-0.23409459278955314,36.032957160590676],[-0.23988970941562937,36.03231169696647],[-0.23625217976870033,36.02754007480333],[-0.23409459278955314,36.032957160590676]]]]},"properties":{"speed":0.4608,"dir_deg":52.7,"type":"قوي"}},{"type":"Feature","geometry":{"type":"MultiPolygon","coordinates":[[[[-0.20917102984658142,36.02137819016814],[-0.20097910383815532,36.03394371237267],[-0.19930370087755167,36.03285145557154],[-0.20749562688597778,36.02028593336701],[-0.20917102984658142,36.02137819016814]]],[[[-0.1974107603550448,36.03758609137361],[-0.202654506798759,36.03503596917379],[-0.197628297916948,36.031759198770416],[-0.1974107603550448,36.03758609137361]]]]},"properties":{"speed":0.3809,"dir_deg":33.1,"type":"متوسط"}},{"type":"Feature","geometry":{"type":"MultiPolygon","coordinates":[[[[-0.16749854257909097,36.02138703089307],[-0.15917400569672543,36.03386509507362],[-0.1575102638059843,36.032755156822645],[-0.16583480068834983,36.02027709264209],[-0.16749854257909097,36.02138703089307]]],[[[-0.15556728912389967,36.03746948067499],[-0.16083774758746655,36.034975033324606],[-0.15584652191524317,36.03164521857166],[-0.15556728912389967,36.03746948067499]]]]},"properties":{"speed":0.2558,"dir_deg":33.7,"type":"متوسط"}},{"type":"Feature","geometry":{"type":"MultiPolygon","coordinates":[[[[-0.1256888578800893,36.021556958188484],[-0.11481541156653495,36.03188982638982],[-0.11343769580635636,36.03044003354801],[-0.1243111421199107,36.02010716534667],[-0.1256888578800893,36.021556958188484]]],[[[-0.11050207158192754,36.034609219369365],[-0.11619312732671354,36.033339619231626],[-0.11205998004617777,36.02899024070621],[-0.11050207158192754,36.034609219369365]]]]},"properties":{"speed":0.1691,"dir_deg":46.5,"type":"ضعيف"}},{"type":"Feature","geometry":{"type":"MultiPolygon","coordinates":[[[[-0.08399914394737407,36.02157818476906],[-0.07280729892513271,36.03156530672677],[-0.07147568266410498,36.0300730607238],[-0.08266752768634633,36.020085938766094],[-0.08399914394737407,36.02157818476906]]],[[[-0.06841087578720506,36.03414822437786],[-0.07413891518616043,36.03305755272973],[-0.07014406640307726,36.02858081472084],[-0.06841087578720506,36.03414822437786]]]]},"properties":{"speed":0.0974,"dir_deg":48.3,"type":"ضعيف"}},{"type":"Feature","geometry":{"type":"MultiPolygon","coordinates":[[[[-0.042594502895206915,36.02120505270221],[-0.03699963887582314,36.03512257750386],[-0.03514396890226951,36.034376595634605],[-0.040738832921653284,36.02045907083295],[-0.042594502895206915,36.02120505270221]]],[[[-0.03420684921591839,36.03938876150311],[-0.03885530884937677,36.035868559373114],[-0.033288298928715876,36.033630613765354],[-0.03420684921591839,36.03938876150311]]]]},"properties":{"speed":0.0341,"dir_deg":21.9,"type":"ضعيف"}},{"type":"Feature","geometry":{"type":"MultiPolygon","coordinates":[[[[0.0006016226251375683,36.020033281311555],[-0.011380084215191181,36.01100894193449],[-0.012583329465466317,36.01260650284654],[-0.0006016226251375683,36.0216308422236],[0.0006016226251375683,36.020033281311555]]],[[[-0.01597560912043833,36.00879960926483],[-0.010176838964916043,36.009411381022446],[-0.013786574715741455,36.014204063758584],[-0.01597560912043833,36.00879960926483]]]]},"properties":{"speed":0.0308,"dir_deg":233.0,"type":"ضعيف"}},{"type":"Feature","geometry":{"type":"MultiPolygon","coordinates":[[[[0.04217931640156707,36.01997346318705],[0.029300337693649713,36.01228373578999],[0.028275040707375774,36.01400093295105],[0.041154019415293126,36.021690660348106],[0.04217931640156707,36.01997346318705]]],[[[0.024494696297873625,36.01057909190484],[0.030325634679923653,36.010566538628936],[0.027249743721101834,36.015718130112106],[0.024494696297873625,36.01057909190484]]]]},"properties":{"speed":0.0938,"dir_deg":239.2,"type":"ضعيف"}},{"type":"Feature","geometry":{"type":"MultiPolygon","coordinates":[[[[0.08368832532523601,36.019897191483025],[0.06966527105691785,36.014572348857385],[0.06895529204016622,36.01644208942649],[0.08297834630848439,36.02176693205213],[0.08368832532523601,36.019897191483025]]],[[[0.06463593012576932,36.01373227160006],[0.07037525007366949,36.01270260828827],[0.06824531302341458,36.0183118299956],[0.06463593012576932,36.01373227160006]]]]},"properties":{"speed":0.1235,"dir_deg":249.2,"type":"ضعيف"}},{"type":"Feature","geometry":{"type":"MultiPolygon","coordinates":[[[[-0.41690268157233806,36.06347174702213],[-0.4023264762404742,36.06701211961881],[-0.40185442656091647,36.065068625574554],[-0.41643063189278035,36.06152825297787],[-0.41690268157233806,36.06347174702213]]],[[[-0.39723171629007403,36.06722049679558],[-0.4027985259200319,36.06895561366306],[-0.40138237688135875,36.063125131530306],[-0.39723171629007403,36.06722049679558]]]]},"properties":{"speed":0.3679,"dir_deg":76.3,"type":"متوسط"}},{"type":"Feature","geometry":{"type":"MultiPolygon","coordinates":[[[[-0.3753555423060969,36.063434660188825],[-0.36133563947371455,36.06876779478028],[-0.36062455486152073,36.06689847440263],[-0.3746444576939031,36.061565339811175],[-0.3753555423060969,36.063434660188825]]],[[[-0.3563067962234902,36.06961084612194],[-0.3620467240859083,36.07063711515793],[-0.35991347024932696,36.06502915402498],[-0.3563067962234902,36.06961084612194]]]]},"properties":{"speed":0.4388,"dir_deg":69.2,"type":"قوي"}},{"type":"Feature","geometry":{"type":"MultiPolygon","coordinates":[[[[-0.3338138089880724,36.06337701350691],[-0.3206586063844619,36.07058399931638],[-0.31969767494319873,36.06882997230257],[-0.3328528775468092,36.06162298649309],[-0.3338138089880724,36.06337701350691]]],[[[-0.3157930731292935,36.07210931441263],[-0.3216195378257251,36.0723380263302],[-0.31873674350193554,36.06707594528875],[-0.3157930731292935,36.07210931441263]]]]},"properties":{"speed":0.5555,"dir_deg":61.3,"type":"قوي"}},{"type":"Feature","geometry":{"type":"MultiPolygon","coordinates":[[[[-0.29211438085979546,36.06339417174295],[-0.2787018047155429,36.070110033651495],[-0.2778063564610704,36.0683216901656],[-0.29121893260532294,36.06160582825705],[-0.29211438085979546,36.06339417174295]]],[[[-0.2737832218735558,36.07145448254472],[-0.27959725297001536,36.071898377137394],[-0.2769109082065979,36.0665333466797],[-0.2737832218735558,36.07145448254472]]]]},"properties":{"speed":0.6087,"dir_deg":63.4,"type":"قوي"}},{"type":"Feature","geometry":{"type":"MultiPolygon","coordinates":[[[[-0.25054504672166794,36.06333840567221],[-0.23796896163847228,36.07151410649723],[-0.23687886819513634,36.06983729515281],[-0.24945495327833203,36.06166159432779],[-0.25054504672166794,36.06333840567221]]],[[[-0.2332318865557391,36.07340093443336],[-0.2390590550818082,36.07319091784166],[-0.23578877475180043,36.068160483808384],[-0.2332318865557391,36.07340093443336]]]]},"properties":{"speed":0.5795,"dir_deg":57.0,"type":"قوي"}},{"type":"Feature","geometry":{"type":"MultiPolygon","coordinates":[[[[-0.20912696277618323,36.063108394956764],[-0.20000103842471004,36.07501291110532],[-0.19841376960490278,36.07379612119179],[-0.20753969395637598,36.061891605043236],[-0.20912696277618323,36.063108394956764]]],[[[-0.19616542923098199,36.07837268819807],[-0.20158830724451726,36.076229701018846],[-0.19682650078509556,36.07257933127826],[-0.19616542923098199,36.07837268819807]]]]},"properties":{"speed":0.5766,"dir_deg":37.5,"type":"قوي"}},{"type":"Feature","geometry":{"type":"MultiPolygon","coordinates":[[[[-0.16754683617620797,36.06297466870357],[-0.16042680562267628,36.07617713684088],[-0.15866647653770113,36.07522779943375],[-0.16578650709123283,36.06202533129643],[-0.16754683617620797,36.06297466870357]]],[[[-0.15717329756234483,36.08010329084975],[-0.1621871347076514,36.07712647424802],[-0.15690614745272602,36.07427846202661],[-0.15717329756234483,36.08010329084975]]]]},"properties":{"speed":0.5096,"dir_deg":28.3,"type":"قوي"}},{"type":"Feature","geometry":{"type":"MultiPolygon","coordinates":[[[[-0.12588741244510684,36.06296097630337],[-0.11897276789454371,36.076272162979976],[-0.11719794300433,36.07535021037323],[-0.12411258755489314,36.06203902369663],[-0.12588741244510684,36.06296097630337]]],[[[-0.11578047393258246,36.08024824890214],[-0.12074759278475741,36.077194115586714],[-0.11542311811411629,36.07442825776649],[-0.11578047393258246,36.08024824890214]]]]},"properties":{"speed":0.374,"dir_deg":27.5,"type":"متوسط"}},{"type":"Feature","geometry":{"type":"MultiPolygon","coordinates":[[[[-0.0842090722648045,36.06298278947145],[-0.07696723019307079,36.07611883619061],[-0.0752157572971822,36.07515325724771],[-0.0824575993689159,36.06201721052855],[-0.0842090722648045,36.06298278947145]]],[[[-0.07367754638788193,36.080014728958886],[-0.07871870308895937,36.077084415133506],[-0.07346428440129363,36.07418767830482],[-0.07367754638788193,36.080014728958886]]]]},"properties":{"speed":0.2323,"dir_deg":28.9,"type":"متوسط"}},{"type":"Feature","geometry":{"type":"MultiPolygon","coordinates":[[[[-0.04260375363881652,36.062849099318115],[-0.037367263867139115,36.07690538527391],[-0.03549309240636627,36.07620718663768],[-0.04072958217804368,36.062150900681885],[-0.04260375363881652,36.062849099318115]]],[[[-0.03468468154619356,36.08124171460773],[-0.03924143532791197,36.07760358391013],[-0.03361892094559342,36.07550898800146],[-0.03468468154619356,36.08124171460773]]]]},"properties":{"speed":0.1249,"dir_deg":20.4,"type":"ضعيف"}},{"type":"Feature","geometry":{"type":"MultiPolygon","coordinates":[[[[-0.000997033225156133,36.062423027615765],[-0.002151618988675247,36.077378525993105],[-0.00015755253836298075,36.077532470761575],[0.000997033225156133,36.062576972384235],[-0.000997033225156133,36.062423027615765]]],[[[-0.0015394476846921517,36.082440664503125],[-0.004145685438987512,36.077224581224634],[0.0018365139119492847,36.077686415530046],[-0.0015394476846921517,36.082440664503125]]]]},"properties":{"speed":0.0563,"dir_deg":355.6,"type":"ضعيف"}},{"type":"Feature","geometry":{"type":"MultiPolygon","coordinates":[[[[0.04121577343560457,36.06160742273479],[0.027827114457407306,36.06837083982717],[0.028728903403058365,36.07015599435759],[0.04211756238125563,36.06339257726521],[0.04121577343560457,36.06160742273479]]],[[[0.02381512260416708,36.07151788945651],[0.026925325511756245,36.066585685296744],[0.029630692348709426,36.071941148888016],[0.02381512260416708,36.07151788945651]]]]},"properties":{"speed":0.0577,"dir_deg":296.8,"type":"ضعيف"}},{"type":"Feature","geometry":{"type":"MultiPolygon","coordinates":[[[[0.08274663120891726,36.061690198973196],[0.07059961580680432,36.07049076809234],[0.0717730250226902,36.07211037014595],[0.08392004042480314,36.063309801026804],[0.08274663120891726,36.061690198973196]]],[[[0.06713731528070961,36.07423409215886],[0.06942620659091846,36.068871166038726],[0.07294643423857607,36.073729972199565],[0.06713731528070961,36.07423409215886]]]]},"properties":{"speed":0.065,"dir_deg":305.9,"type":"ضعيف"}},{"type":"Feature","geometry":{"type":"MultiPolygon","coordinates":[[[[0.12401948267620835,36.062303567370975],[0.12107299324087899,36.07701132722785],[0.12303402788846228,36.0774041924859],[0.12598051732379165,36.062696432629025],[0.12401948267620835,36.062303567370975]]],[[[0.12107134741956085,36.08211034647583],[0.11911195859329571,36.07661846196981],[0.12499506253604556,36.07779705774394],[0.12107134741956085,36.08211034647583]]]]},"properties":{"speed":0.1027,"dir_deg":348.7,"type":"ضعيف"}},{"type":"Feature","geometry":{"type":"MultiPolygon","coordinates":[[[[-0.4166906861713259,36.10516764948377],[-0.4016950174011001,36.10552809106527],[-0.40164695852356674,36.103528668562575],[-0.41664262729379253,36.103168226981076],[-0.4166906861713259,36.10516764948377]]],[[[-0.39667243170559147,36.104648527007754],[-0.4017430762786334,36.107527513567966],[-0.4015988996460334,36.101529246059876],[-0.39667243170559147,36.104648527007754]]]]},"properties":{"speed":0.2041,"dir_deg":88.6,"type":"ضعيف"}},{"type":"Feature","geometry":{"type":"MultiPolygon","coordinates":[[[[-0.37522707259889587,36.10514181606605],[-0.36061890509448574,36.10854790504949],[-0.360164759896694,36.10660014938223],[-0.37477292740110413,36.10319406039879],[-0.37522707259889587,36.10514181606605]]],[[[-0.35552244332745314,36.108709390210336],[-0.36107305029227743,36.110495660716744],[-0.3597106146989023,36.10465239371498],[-0.35552244332745314,36.108709390210336]]]]},"properties":{"speed":0.2375,"dir_deg":76.9,"type":"متوسط"}},{"type":"Feature","geometry":{"type":"MultiPolygon","coordinates":[[[[-0.3337998800525875,36.10505244002898],[-0.3205323531042968,36.11205049180618],[-0.3195992795340034,36.11028148821307],[-0.3328668064822941,36.103283436435866],[-0.3337998800525875,36.10505244002898]]],[[[-0.3156433073363865,36.113498673935354],[-0.3214654266745902,36.113819495399284],[-0.31866620596371,36.108512484619965],[-0.3156433073363865,36.113498673935354]]]]},"properties":{"speed":0.338,"dir_deg":62.2,"type":"متوسط"}},{"type":"Feature","geometry":{"type":"MultiPolygon","coordinates":[[[[-0.29219199208956703,36.1050188335037],[-0.27942856302044844,36.11289886385882],[-0.2783778923064328,36.11119707331626],[-0.2911413213755514,36.103317042961145],[-0.29219199208956703,36.1050188335037]]],[[[-0.27464875130706773,36.11467464537258],[-0.28047923373446415,36.114600654401364],[-0.2773272215924171,36.109495282773715],[-0.27464875130706773,36.11467464537258]]]]},"properties":{"speed":0.4648,"dir_deg":58.3,"type":"قوي"}},{"type":"Feature","geometry":{"type":"MultiPolygon","coordinates":[[[[-0.25055608404275515,36.104999064298305],[-0.2380891930544833,36.11334032493963],[-0.23697702496897308,36.11167807280786],[-0.24944391595724488,36.10333681216654],[-0.25055608404275515,36.104999064298305]]],[[[-0.23337747868230427,36.11528961908753],[-0.23920136113999355,36.1150025770714],[-0.23586485688346284,36.11001582067609],[-0.23337747868230427,36.11528961908753]]]]},"properties":{"speed":0.5235,"dir_deg":56.2,"type":"قوي"}},{"type":"Feature","geometry":{"type":"MultiPolygon","coordinates":[[[[-0.2090801660622699,36.10483294459017],[-0.19910507069601993,36.116035510030024],[-0.19761139530403934,36.114705497314525],[-0.2075864906702893,36.10350293187467],[-0.2090801660622699,36.10483294459017]]],[[[-0.19503320121127965,36.11910469215223],[-0.2005987460880005,36.11736552274552],[-0.19611771991205879,36.113375484599025],[-0.19503320121127965,36.11910469215223]]]]},"properties":{"speed":0.6251,"dir_deg":41.7,"type":"قوي"}},{"type":"Feature","geometry":{"type":"MultiPolygon","coordinates":[[[[-0.16751690607207534,36.10469434244958],[-0.15962084281479777,36.1174478590249],[-0.1579203739380879,36.11639505059059],[-0.16581643719536546,36.10364153401527],[-0.16751690607207534,36.10469434244958]]],[[[-0.15613858729068364,36.121172626999524],[-0.16132131169150768,36.1185006674592],[-0.15621990506137798,36.11534224215629],[-0.15613858729068364,36.121172626999524]]]]},"properties":{"speed":0.6976,"dir_deg":31.8,"type":"قوي"}},{"type":"Feature","geometry":{"type":"MultiPolygon","coordinates":[[[[-0.125899278924204,36.104605313833574],[-0.11933864490693404,36.11809449769663],[-0.11754008705852602,36.11721974649433],[-0.12410072107579599,36.10373056263127],[-0.125899278924204,36.104605313833574]]],[[[-0.11625248797697336,36.1221535167165],[-0.12113720275534204,36.118969248898935],[-0.11574152921011802,36.116344995292025],[-0.11625248797697336,36.1221535167165]]]]},"properties":{"speed":0.6111,"dir_deg":25.9,"type":"قوي"}},{"type":"Feature","geometry":{"type":"MultiPolygon","coordinates":[[[[-0.08426072830509834,36.104542028024795],[-0.07864938141946741,36.11845291534837],[-0.07679459644299112,36.117704735763624],[-0.08240594332862206,36.10379384844005],[-0.08426072830509834,36.104542028024795]]],[[[-0.07585153996935229,36.12271578799719],[-0.0805041663959437,36.119201094933125],[-0.07493981146651484,36.11695655617887],[-0.07585153996935229,36.12271578799719]]]]},"properties":{"speed":0.4435,"dir_deg":22.0,"type":"قوي"}},{"type":"Feature","geometry":{"type":"MultiPolygon","coordinates":[[[[-0.04261636961716169,36.10448109420703],[-0.037919029998050996,36.11872661983801],[-0.03601962658058781,36.11810030788879],[-0.04071696619969851,36.10385478225781],[-0.04261636961716169,36.10448109420703]]],[[[-0.03540354841628251,36.123161972407054],[-0.03981843341551417,36.11935293178722],[-0.03412022316312464,36.11747399593958],[-0.03540354841628251,36.123161972407054]]]]},"properties":{"speed":0.2819,"dir_deg":18.2,"type":"متوسط"}},{"type":"Feature","geometry":{"type":"MultiPolygon","coordinates":[[[[-0.0009933261265990237,36.10428327775824],[0.0007367667606618272,36.11918316965723],[0.0027234190138598745,36.11895249060559],[0.0009933261265990237,36.1040525987066],[-0.0009933261265990237,36.10428327775824]]],[[[0.0023067905163478013,36.1240344607644],[-0.00124988549253622,36.11941384870886],[0.0047100712670579215,36.118721811553954],[0.0023067905163478013,36.1240344607644]]]]},"properties":{"speed":0.1639,"dir_deg":6.6,"type":"ضعيف"}},{"type":"Feature","geometry":{"type":"MultiPolygon","coordinates":[[[[0.040734223721597566,36.10380662418835],[0.035314513060547593,36.11779328699084],[0.03717940143421266,36.11851591507898],[0.04259911209526263,36.10452925227649],[0.040734223721597566,36.10380662418835]]],[[[0.03444038702703013,36.122816821969074],[0.03344962468688253,36.1170706589027],[0.039044289807877726,36.11923854316712],[0.03444038702703013,36.122816821969074]]]]},"properties":{"speed":0.0905,"dir_deg":338.8,"type":"ضعيف"}},{"type":"Feature","geometry":{"type":"MultiPolygon","coordinates":[[[[0.08269594463530003,36.10339739784953],[0.07113783889190071,36.11295826557293],[0.07241262125502106,36.11449934633872],[0.08397072699842037,36.10493847861532],[0.08269594463530003,36.10339739784953]]],[[[0.06792252815899444,36.11691576186362],[0.06986305652878039,36.111417184807145],[0.07368740361814138,36.1160404271045],[0.06792252815899444,36.11691576186362]]]]},"properties":{"speed":0.0725,"dir_deg":309.6,"type":"ضعيف"}},{"type":"Feature","geometry":{"type":"MultiPolygon","coordinates":[[[[0.12440649054270188,36.103363111217405],[0.11233408531747936,36.112265753076876],[0.1135211042320756,36.11387540710691],[0.1255935094572981,36.10497276524744],[0.12440649054270188,36.103363111217405]]],[[[0.1089034596997033,36.11603812737838],[0.11114706640288312,36.11065609904685],[0.11470812314667185,36.11548506113694],[0.1089034596997033,36.11603812737838]]]]},"properties":{"speed":0.0812,"dir_deg":306.4,"type":"ضعيف"}},{"type":"Feature","geometry":{"type":"MultiPolygon","coordinates":[[[[0.16690535339653956,36.10319684039178],[0.1523388857869251,36.09961661394949],[0.15186152226128677,36.101558809630774],[0.16642798987090124,36.10513903607306],[0.16690535339653956,36.10319684039178]]],[[[0.1472447148209011,36.09939430297604],[0.15281624931256338,36.09767441826821],[0.15138415873564848,36.103501005312054],[0.1472447148209011,36.09939430297604]]]]},"properties":{"speed":0.0754,"dir_deg":256.2,"type":"ضعيف"}},{"type":"Feature","geometry":{"type":"MultiPolygon","coordinates":[[[[-0.41662145663376743,36.14683103972082],[-0.4016367873350951,36.14615303823894],[-0.40172718753267866,36.14415508233245],[-0.416711856831351,36.14483308381433],[-0.41662145663376743,36.14683103972082]]],[[[-0.39668709766766275,36.144928059791745],[-0.40154638713751156,36.14815099414543],[-0.4018175877302622,36.142157126425964],[-0.39668709766766275,36.144928059791745]]]]},"properties":{"speed":0.2492,"dir_deg":92.6,"type":"متوسط"}},{"type":"Feature","geometry":{"type":"MultiPolygon","coordinates":[[[[-0.37512205678196686,36.146824584886694],[-0.360234209995256,36.148655436616195],[-0.3599900964313223,36.14667039037796],[-0.37487794321803314,36.14483953864846],[-0.37512205678196686,36.146824584886694]]],[[[-0.35514953761771884,36.148273197406915],[-0.3604783235591897,36.15064048285442],[-0.3597459828673886,36.14468534413974],[-0.35514953761771884,36.148273197406915]]]]},"properties":{"speed":0.2244,"dir_deg":83.0,"type":"متوسط"}},{"type":"Feature","geometry":{"type":"MultiPolygon","coordinates":[[[[-0.3336990978123214,36.14676277311536],[-0.3197384275955187,36.152249091288574],[-0.3190069185057575,36.150387668593005],[-0.3329675887225602,36.144901350419794],[-0.3336990978123214,36.14676277311536]]],[[[-0.3147191163117039,36.15314715266519],[-0.3204699366852798,36.15411051398415],[-0.3182754094159964,36.14852624589743],[-0.3147191163117039,36.15314715266519]]]]},"properties":{"speed":0.229,"dir_deg":68.5,"type":"متوسط"}},{"type":"Feature","geometry":{"type":"MultiPolygon","coordinates":[[[[-0.29224446915457536,36.14664823136084],[-0.2800019252556604,36.155315417691085],[-0.2788463004116281,36.15368307850456],[-0.29108884431054305,36.145015892174314],[-0.29224446915457536,36.14664823136084]]],[[[-0.2753432648673393,36.1573883102079],[-0.28115755009969273,36.15694775687761],[-0.2776906755675958,36.152050739318035],[-0.2753432648673393,36.1573883102079]]]]},"properties":{"speed":0.2897,"dir_deg":54.7,"type":"متوسط"}},{"type":"Feature","geometry":{"type":"MultiPolygon","coordinates":[[[[-0.2506371662913524,36.14660278812444],[-0.2390762709383988,36.156160282494724],[-0.23780193835569394,36.154618829781],[-0.24936283370864756,36.145061335410716],[-0.2506371662913524,36.14660278812444]]],[[[-0.23458547286272852,36.158575387594624],[-0.24035060352110366,36.157701735208455],[-0.2365276057729891,36.15307737706727],[-0.23458547286272852,36.158575387594624]]]]},"properties":{"speed":0.3596,"dir_deg":50.4,"type":"متوسط"}},{"type":"Feature","geometry":{"type":"MultiPolygon","coordinates":[[[[-0.2090858833578266,36.146490591178235],[-0.19920794219800078,36.15777891605144],[-0.19770283221490678,36.15646185723013],[-0.2075807733747326,36.14517353235692],[-0.2090858833578266,36.146490591178235]]],[[[-0.19516274015317853,36.16088316159852],[-0.20071305218109478,36.15909597487275],[-0.19619772223181278,36.15514479840882],[-0.19516274015317853,36.16088316159852]]]]},"properties":{"speed":0.4962,"dir_deg":41.2,"type":"قوي"}},{"type":"Feature","geometry":{"type":"MultiPolygon","coordinates":[[[[-0.1675062924654079,36.146375234722534],[-0.15935869814105774,36.15896954719785],[-0.15767945647768272,36.15788320128794],[-0.1658270508020329,36.14528888881262],[-0.1675062924654079,36.146375234722534]]],[[[-0.15580321253458684,36.16262447840133],[-0.16103793980443276,36.16005589310776],[-0.1560002148143077,36.156796855378026],[-0.15580321253458684,36.16262447840133]]]]},"properties":{"speed":0.7099,"dir_deg":32.9,"type":"قوي"}},{"type":"Feature","geometry":{"type":"MultiPolygon","coordinates":[[[[-0.12587581997932862,36.14631469968964],[-0.11863625114845328,36.15945199937957],[-0.11688461118979604,36.15848672353545],[-0.12412418002067138,36.145349423845516],[-0.12587581997932862,36.14631469968964]]],[[[-0.11534724155883287,36.163348461354154],[-0.12038789110711053,36.160417275223686],[-0.11513297123113879,36.15752144769133],[-0.11534724155883287,36.163348461354154]]]]},"properties":{"speed":0.7768,"dir_deg":28.9,"type":"قوي"}},{"type":"Feature","geometry":{"type":"MultiPolygon","coordinates":[[[[-0.08424490030870178,36.14624321888744],[-0.07807754351076507,36.15991668626506],[-0.0762544145270819,36.159094372025336],[-0.08242177132501861,36.145420904647715],[-0.08424490030870178,36.14624321888744]]],[[[-0.07511019341961125,36.16406335160441],[-0.07990067249444825,36.16073900050479],[-0.07443128554339871,36.15827205778561],[-0.07511019341961125,36.16406335160441]]]]},"properties":{"speed":0.6623,"dir_deg":24.3,"type":"قوي"}},{"type":"Feature","geometry":{"type":"MultiPolygon","coordinates":[[[[-0.042606557781752784,36.14617353947699],[-0.03748439214056846,36.16027188757683],[-0.03560461239392309,36.15958893215801],[-0.040726778035107415,36.145490584058166],[-0.042606557781752784,36.14617353947699]]],[[[-0.03483711372018434,36.16462985923403],[-0.039364171887213834,36.16095484299566],[-0.033724832647277714,36.158905976739184],[-0.03483711372018434,36.16462985923403]]]]},"properties":{"speed":0.4759,"dir_deg":20.0,"type":"قوي"}},{"type":"Feature","geometry":{"type":"MultiPolygon","coordinates":[[[[-0.0009714214766322325,36.14606942291591],[0.00258899574835306,36.16064074506539],[0.004531838701617524,36.160166022768735],[0.0009714214766322325,36.14559470061925],[-0.0009714214766322325,36.14606942291591]]],[[[0.004747222966647056,36.165260491300224],[0.0006461527950885949,36.16111546736206],[0.00647468165488199,36.15969130047207],[0.004747222966647056,36.165260491300224]]]]},"properties":{"speed":0.2997,"dir_deg":13.7,"type":"متوسط"}},{"type":"Feature","geometry":{"type":"MultiPolygon","coordinates":[[[[0.040667422375851754,36.14579322408456],[0.040084857130578806,36.16078190707323],[0.0420833481957355,36.16085958243927],[0.042665913441008445,36.1458708994506],[0.040667422375851754,36.14579322408456]]],[[[0.040889914248066164,36.165816972419144],[0.03808636606542212,36.16070423170719],[0.04408183926089218,36.16093725780531],[0.040889914248066164,36.165816972419144]]]]},"properties":{"speed":0.1702,"dir_deg":357.8,"type":"ضعيف"}},{"type":"Feature","geometry":{"type":"MultiPolygon","coordinates":[[[[0.08247170241739492,36.14532453060112],[0.07485873492052962,36.1582490315931],[0.07658200171946018,36.15926409392601],[0.08419496921632548,36.146339592934034],[0.08247170241739492,36.14532453060112]]],[[[0.07318271248770647,36.16306472975688],[0.07313546812159905,36.15723396926018],[0.07830526851839076,36.16027915625893],[0.07318271248770647,36.16306472975688]]]]},"properties":{"speed":0.1084,"dir_deg":329.5,"type":"ضعيف"}},{"type":"Feature","geometry":{"type":"MultiPolygon","coordinates":[[[[0.1247631975238559,36.144860503952884],[0.1101898303034533,36.14841254109505],[0.11066343525574152,36.150355656724436],[0.1252368024761441,36.14680361958227],[0.1247631975238559,36.144860503952884]]],[[[0.10556884370612989,36.15056811129046],[0.1097162253511651,36.14646942546566],[0.11113704020802972,36.152298772353824],[0.10556884370612989,36.15056811129046]]]]},"properties":{"speed":0.1086,"dir_deg":283.7,"type":"ضعيف"}},{"type":"Feature","geometry":{"type":"MultiPolygon","coordinates":[[[[0.1665968658640098,36.144834501165654],[0.1516334568351187,36.145881587711315],[0.1517730683745399,36.14787670891516],[0.166736477403431,36.1468296223695],[0.1665968658640098,36.144834501165654]]],[[[0.14671545959519894,36.14722817716179],[0.15149384529569745,36.14388646650746],[0.15191267991396115,36.14987183011902],[0.14671545959519894,36.14722817716179]]]]},"properties":{"speed":0.1518,"dir_deg":274.0,"type":"ضعيف"}},{"type":"Feature","geometry":{"type":"MultiPolygon","coordinates":[[[[0.20816252763812979,36.14484675617475],[0.19338294374566903,36.147408767097],[0.19372454520196866,36.14937937828265],[0.20850412909442942,36.146817367360406],[0.20816252763812979,36.14484675617475]]],[[[0.18862721650966527,36.14924807633057],[0.19304134228936937,36.145438155911336],[0.19406614665826832,36.151349989468315],[0.18862721650966527,36.14924807633057]]]]},"properties":{"speed":0.1615,"dir_deg":279.8,"type":"ضعيف"}},{"type":"Feature","geometry":{"type":"MultiPolygon","coordinates":[[[[0.24993525552958673,36.144834159891865],[0.23496672739389637,36.145805326948064],[0.2350962163347229,36.14780113069949],[0.25006474447041327,36.14682996364329],[0.24993525552958673,36.144834159891865]]],[[[0.2300419624857462,36.14712695117584],[0.23483723845306984,36.14380952319664],[0.23522570527554945,36.14979693445092],[0.2300419624857462,36.14712695117584]]]]},"properties":{"speed":0.1582,"dir_deg":273.7,"type":"ضعيف"}},{"type":"Feature","geometry":{"type":"MultiPolygon","coordinates":[[[[-0.4167151771499668,36.18849882219093],[-0.4017328442860139,36.18922662845204],[-0.4016358034511987,36.18722898407018],[-0.4166181363151516,36.18650117780907],[-0.4167151771499668,36.18849882219093]]],[[[-0.39669021291395534,36.18847040834815],[-0.4018298851208291,36.1912242728339],[-0.4015387626163835,36.18523133968832],[-0.39669021291395534,36.18847040834815]]]]},"properties":{"speed":0.3192,"dir_deg":87.2,"type":"متوسط"}},{"type":"Feature","geometry":{"type":"MultiPolygon","coordinates":[[[[-0.37521255093336076,36.188477149988856],[-0.3605553011004733,36.19166541398927],[-0.3601301992337518,36.18971111401156],[-0.37478744906663924,36.186522850011144],[-0.37521255093336076,36.188477149988856]]],[[[-0.35545700022281673,36.19175101866722],[-0.36098040296719486,36.19361971396699],[-0.3597050973670302,36.18775681403384],[-0.35545700022281673,36.19175101866722]]]]},"properties":{"speed":0.3146,"dir_deg":77.7,"type":"متوسط"}},{"type":"Feature","geometry":{"type":"MultiPolygon","coordinates":[[[[-0.3336723392142734,36.1884407878337],[-0.31956052170882815,36.19352572703619],[-0.3188825298151629,36.19164415136879],[-0.3329943473206082,36.1865592121663],[-0.3336723392142734,36.1884407878337]]],[[[-0.3145175865935138,36.19427991893665],[-0.32023851360249334,36.19540730270358],[-0.3182045379214977,36.1897625757014],[-0.3145175865935138,36.19427991893665]]]]},"properties":{"speed":0.2961,"dir_deg":70.2,"type":"متوسط"}},{"type":"Feature","geometry":{"type":"MultiPolygon","coordinates":[[[[-0.29220268073244793,36.18834420274315],[-0.2795396395851862,36.196384562741486],[-0.27846759158540874,36.19469615725518],[-0.2911306327326705,36.18665579725685],[-0.29220268073244793,36.18834420274315]]],[[[-0.27478260186954356,36.19822047999777],[-0.2806116875849636,36.198072968227784],[-0.27739554358563134,36.19300775176888],[-0.27478260186954356,36.19822047999777]]]]},"properties":{"speed":0.2703,"dir_deg":57.6,"type":"متوسط"}},{"type":"Feature","geometry":{"type":"MultiPolygon","coordinates":[[[[-0.25070897971557826,36.188205228872704],[-0.24013054662498406,36.198839924606375],[-0.23871258719382754,36.19742946686097],[-0.24929102028442174,36.186794771127296],[-0.25070897971557826,36.188205228872704]]],[[[-0.2358954225458744,36.201679594311564],[-0.2415485060561406,36.20025038235179],[-0.23729462776267102,36.19601900911555],[-0.2358954225458744,36.201679594311564]]]]},"properties":{"speed":0.2679,"dir_deg":44.8,"type":"متوسط"}},{"type":"Feature","geometry":{"type":"MultiPolygon","coordinates":[[[[-0.20911561281501814,36.18812292137647],[-0.19977179216798555,36.19985718810754],[-0.19820722327050846,36.19861134535461],[-0.20755104391754106,36.18687707862353],[-0.20911561281501814,36.18812292137647]]],[[[-0.1958749008369028,36.20314568897477],[-0.20133636106546263,36.20110303086048],[-0.19664265437303138,36.19736550260167],[-0.1958749008369028,36.20314568897477]]]]},"properties":{"speed":0.3347,"dir_deg":38.5,"type":"متوسط"}},{"type":"Feature","geometry":{"type":"MultiPolygon","coordinates":[[[[-0.16752503760830748,36.18801303786768],[-0.15982946959314331,36.200888527486484],[-0.15811273764396916,36.19986245175113],[-0.16580830565913332,36.18698696213232],[-0.16752503760830748,36.18801303786768]]],[[[-0.15640591428016817,36.20466731949174],[-0.16154620154231744,36.20191460322184],[-0.15639600569479503,36.19883637601578],[-0.15640591428016817,36.20466731949174]]]]},"properties":{"speed":0.5565,"dir_deg":30.9,"type":"قوي"}},{"type":"Feature","geometry":{"type":"MultiPolygon","coordinates":[[[[-0.12587590380444752,36.18798248577736],[-0.1186386171440523,36.20112104284407],[-0.11688680953515729,36.20015607128935],[-0.1241240961955525,36.18701751422264],[-0.12587590380444752,36.18798248577736]]],[[[-0.11535028445280639,36.20501807608895],[-0.12039042475294733,36.20208601439879],[-0.11513500192626226,36.199191099734634],[-0.11535028445280639,36.20501807608895]]]]},"properties":{"speed":0.7689,"dir_deg":28.8,"type":"قوي"}},{"type":"Feature","geometry":{"type":"MultiPolygon","coordinates":[[[[-0.08421590623276537,36.18797018024306],[-0.07716320258678544,36.20120873648164],[-0.0753980617549751,36.20026837599551],[-0.08245076540095503,36.18702981975694],[-0.08421590623276537,36.18797018024306]]],[[[-0.07392973095555362,36.2051514083181],[-0.07892834341859578,36.20214909696777],[-0.07363292092316476,36.19932801550938],[-0.07392973095555362,36.2051514083181]]]]},"properties":{"speed":0.8077,"dir_deg":28.0,"type":"قوي"}},{"type":"Feature","geometry":{"type":"MultiPolygon","coordinates":[[[[-0.042564700390224426,36.187939929155256],[-0.03596576306141732,36.201410416382174],[-0.03416969809782867,36.20053055807166],[-0.04076863542663577,36.187060070844744],[-0.042564700390224426,36.187939929155256]]],[[[-0.03286808480335396,36.20546064963589],[-0.03776182802500597,36.20229027469268],[-0.03237363313424002,36.19965069976116],[-0.03286808480335396,36.20546064963589]]]]},"properties":{"speed":0.6767,"dir_deg":26.1,"type":"قوي"}},{"type":"Feature","geometry":{"type":"MultiPolygon","coordinates":[[[[-0.0009227373244391219,36.187885429409995],[0.004858703825443785,36.20172648927658],[0.0067041784743220294,36.20095563045659],[0.0009227373244391219,36.187114570590005],[-0.0009227373244391219,36.187885429409995]]],[[[0.007708588199843876,36.205954746488786],[0.0030132291765655413,36.202497348096564],[0.008549653123200274,36.20018477163661],[0.007708588199843876,36.205954746488786]]]]},"properties":{"speed":0.4773,"dir_deg":22.7,"type":"قوي"}},{"type":"Feature","geometry":{"type":"MultiPolygon","coordinates":[[[[0.04069975655096561,36.18775511257673],[0.04452644520192625,36.2022587829387],[0.04646026791685523,36.20174855778524],[0.04263357926589459,36.18724488742327],[0.04069975655096561,36.18775511257673]]],[[[0.04676891944304429,36.20683822714929],[0.04259262248699728,36.20276900809216],[0.0483940906317842,36.201238332631775],[0.04676891944304429,36.20683822714929]]]]},"properties":{"speed":0.2911,"dir_deg":14.8,"type":"متوسط"}},{"type":"Feature","geometry":{"type":"MultiPolygon","coordinates":[[[[0.08233443019165523,36.18745322872747],[0.08163286110373907,36.20243681310554],[0.083630672354149,36.2025303556506],[0.08433224144206516,36.18754677127253],[0.08233443019165523,36.18745322872747]]],[[[0.08239791036630532,36.2074781125041],[0.07963504985332913,36.20234327056049],[0.08562848360455895,36.202623898195654],[0.08239791036630532,36.2074781125041]]]]},"properties":{"speed":0.1825,"dir_deg":357.3,"type":"ضعيف"}},{"type":"Feature","geometry":{"type":"MultiPolygon","coordinates":[[[[0.12415336446598091,36.186967826839705],[0.1161707670615863,36.19966735984999],[0.11786403812962448,36.20073170617058],[0.1258466355340191,36.188032173160295],[0.12415336446598091,36.186967826839705]]],[[[0.11435653679414053,36.20443271068038],[0.11447749599354812,36.19860301352941],[0.11955730919766266,36.20179605249116],[0.11435653679414053,36.20443271068038]]]]},"properties":{"speed":0.1103,"dir_deg":327.8,"type":"ضعيف"}},{"type":"Feature","geometry":{"type":"MultiPolygon","coordinates":[[[[0.16625332151208846,36.18658942782991],[0.15259473896070172,36.19278967965439],[0.1534214392039656,36.19461082399457],[0.16708002175535233,36.18841057217009],[0.16625332151208846,36.18658942782991]]],[[[0.1484552282318714,36.19576700243264],[0.15176803871743788,36.190968535314205],[0.15424813944722943,36.19643196833476],[0.1484552282318714,36.19576700243264]]]]},"properties":{"speed":0.1209,"dir_deg":294.4,"type":"ضعيف"}},{"type":"Feature","geometry":{"type":"MultiPolygon","coordinates":[[[[0.2080888496797427,36.18653034533372],[0.19354402968561527,36.190197525631774],[0.19403298705868907,36.19213683496433],[0.2085778070528165,36.18846965466628],[0.2080888496797427,36.18653034533372]]],[[[0.18894023504077637,36.192389573730736],[0.1930550723125415,36.188258216299225],[0.19452194443176285,36.19407614429688],[0.18894023504077637,36.192389573730736]]]]},"properties":{"speed":0.1376,"dir_deg":284.2,"type":"ضعيف"}},{"type":"Feature","geometry":{"type":"MultiPolygon","coordinates":[[[[0.24990284148403463,36.18650473108017],[0.23497380768661602,36.18796210881965],[0.23516812471854676,36.18995264665931],[0.25009715851596537,36.18849526891983],[0.24990284148403463,36.18650473108017]]],[[[0.23009462160344185,36.18944317031931],[0.2347794906546853,36.185971570979994],[0.23536244175047746,36.19194318449896],[0.23009462160344185,36.18944317031931]]]]},"properties":{"speed":0.1019,"dir_deg":275.6,"type":"ضعيف"}},{"type":"Feature","geometry":{"type":"MultiPolygon","coordinates":[[[[0.29197599951663383,36.186549049400895],[0.27771174053003667,36.18190890763977],[0.2770930549618874,36.18381080883798],[0.2913573139484846,36.188450950599105],[0.29197599951663383,36.186549049400895]]],[[[0.27264764475042963,36.18131314431851],[0.27833042609818587,36.180007006441556],[0.2764743693937382,36.1857127100362],[0.27264764475042963,36.18131314431851]]]]},"properties":{"speed":0.0811,"dir_deg":252.0,"type":"ضعيف"}},{"type":"Feature","geometry":{"type":"MultiPolygon","coordinates":[[[[-0.41682229281883243,36.230155752693065],[-0.402005075909232,36.23249029398716],[-0.40169380373668556,36.230514665065876],[-0.416511020646286,36.22818012377178],[-0.41682229281883243,36.230155752693065]]],[[[-0.39691036751975867,36.23228065995789],[-0.4023163480817785,36.23446592290844],[-0.40138253156413906,36.228539036144596],[-0.39691036751975867,36.23228065995789]]]]},"properties":{"speed":0.2594,"dir_deg":81.0,"type":"متوسط"}},{"type":"Feature","geometry":{"type":"MultiPolygon","coordinates":[[[[-0.3753505365176376,36.2301044872967],[-0.3613023005534476,36.23536253506126],[-0.36060122751817236,36.23348943693271],[-0.3746494634823624,36.228231389168144],[-0.3753505365176376,36.2301044872967]]],[[[-0.3562690187144133,36.236178668585175],[-0.3620033735887228,36.237235633189826],[-0.35990015448289714,36.231616338804145],[-0.3562690187144133,36.236178668585175]]]]},"properties":{"speed":0.2985,"dir_deg":69.5,"type":"متوسط"}},{"type":"Feature","geometry":{"type":"MultiPolygon","coordinates":[[[[-0.33379158557296157,36.230056765543786],[-0.3204591759024639,36.236930400126596],[-0.3195426912914224,36.23515274550387],[-0.33287510096192,36.22827911092106],[-0.33379158557296157,36.230056765543786]]],[[[-0.31555679704011064,36.23833278434284],[-0.3213756605135054,36.23870805474933],[-0.3186262066803809,36.23337509088113],[-0.31555679704011064,36.23833278434284]]]]},"properties":{"speed":0.3209,"dir_deg":62.7,"type":"متوسط"}},{"type":"Feature","geometry":{"type":"MultiPolygon","coordinates":[[[[-0.2922517867469563,36.22997887772847],[-0.28008769430622626,36.23875582794442],[-0.2789174342774321,36.23713394895233],[-0.2910815267181621,36.22835699873637],[-0.2922517867469563,36.22997887772847]]],[[[-0.2754478668115859,36.24087053852036],[-0.28125795433502043,36.24037770693652],[-0.27774717424863793,36.23551206996023],[-0.2754478668115859,36.24087053852036]]]]},"properties":{"speed":0.3111,"dir_deg":54.2,"type":"متوسط"}},{"type":"Feature","geometry":{"type":"MultiPolygon","coordinates":[[[[-0.2507314299939735,36.229849854769775],[-0.24050268193367377,36.24082130467938],[-0.2390398219457268,36.23945747160467],[-0.2492685700060265,36.22848602169507],[-0.2507314299939735,36.229849854769775]]],[[[-0.2363616692529337,36.243796538111894],[-0.24196554192162076,36.242185137754085],[-0.2375769619577798,36.23809363852997],[-0.2363616692529337,36.243796538111894]]]]},"properties":{"speed":0.2834,"dir_deg":43.0,"type":"متوسط"}},{"type":"Feature","geometry":{"type":"MultiPolygon","coordinates":[[[[-0.209157801252496,36.229733839690184],[-0.2006692793861075,36.242100932983426],[-0.19902033361367472,36.2409691300679],[-0.2075088554800632,36.22860203677466],[-0.209157801252496,36.229733839690184]]],[[[-0.19701529921109495,36.24565739595675],[-0.20231822515854028,36.24323273589894],[-0.19737138784124195,36.23983732715239],[-0.19701529921109495,36.24565739595675]]]]},"properties":{"speed":0.2719,"dir_deg":34.5,"type":"متوسط"}},{"type":"Feature","geometry":{"type":"MultiPolygon","coordinates":[[[[-0.1675604299610135,36.22961648706186],[-0.16083219751937583,36.243022861971255],[-0.15904468086478962,36.24212576431238],[-0.1657729133064273,36.22871938940298],[-0.1675604299610135,36.22961648706186]]],[[[-0.1576956950448702,36.247043104778285],[-0.162619714173962,36.24391995963014],[-0.15725716421020344,36.24122866665349],[-0.1576956950448702,36.247043104778285]]]]},"properties":{"speed":0.3886,"dir_deg":26.7,"type":"متوسط"}},{"type":"Feature","geometry":{"type":"MultiPolygon","coordinates":[[[[-0.1259043737162101,36.22959467958433],[-0.11950325343758911,36.243160285327484],[-0.1176945060051689,36.242306802623666],[-0.1240956262837899,36.22874119688051],[-0.1259043737162101,36.22959467958433]]],[[[-0.11646517296183867,36.247255412556626],[-0.12131200087000932,36.2440137680313],[-0.11588575857274869,36.24145331991985],[-0.11646517296183867,36.247255412556626]]]]},"properties":{"speed":0.6061,"dir_deg":25.3,"type":"قوي"}},{"type":"Feature","geometry":{"type":"MultiPolygon","coordinates":[[[[-0.08422076606576041,36.2296288802606],[-0.07730663564315464,36.2429403339941],[-0.07553177514535421,36.242018449937746],[-0.08244590556795998,36.228706996204245],[-0.08422076606576041,36.2296288802606]]],[[[-0.07411449525338584,36.246916543210425],[-0.07908149614095507,36.243862218050445],[-0.07375691464755378,36.2410965658814],[-0.07411449525338584,36.246916543210425]]]]},"properties":{"speed":0.7723,"dir_deg":27.4,"type":"قوي"}},{"type":"Feature","geometry":{"type":"MultiPolygon","coordinates":[[[[-0.04253753032517047,36.22965946508938],[-0.03516462747082936,36.24272240134048],[-0.033422902637348616,36.24173934762657],[-0.04079580549168973,36.22867641137547],[-0.04253753032517047,36.22965946508938]]],[[[-0.03183613076930862,36.24658518656723],[-0.03690635230431011,36.243705455054396],[-0.031681177803867866,36.24075629391265],[-0.03183613076930862,36.24658518656723]]]]},"properties":{"speed":0.787,"dir_deg":29.4,"type":"قوي"}},{"type":"Feature","geometry":{"type":"MultiPolygon","coordinates":[[[[-0.0008658363340777137,36.22966826556787],[0.006639073697557894,36.24265581057903],[0.00837074636571332,36.24165515590814],[0.0008658363340777137,36.22866761089698],[-0.0008658363340777137,36.22966826556787]]],[[[0.010006546708847477,36.24648466491398],[0.004907401029402466,36.24365646524991],[0.01010241903386875,36.24065450123726],[0.010006546708847477,36.24648466491398]]]]},"properties":{"speed":0.6545,"dir_deg":30.0,"type":"قوي"}},{"type":"Feature","geometry":{"type":"MultiPolygon","coordinates":[[[[0.04077108680788281,36.229612836526805],[0.04744456122358726,36.243046553035015],[0.04923572342468185,36.24215675644625],[0.04256224900897739,36.22872303993804],[0.04077108680788281,36.229612836526805]]],[[[0.05056463379603605,36.24707956024337],[0.04565339902249267,36.24393634962377],[0.05102688562577644,36.24126695985749],[0.05056463379603605,36.24707956024337]]]]},"properties":{"speed":0.4571,"dir_deg":26.4,"type":"قوي"}},{"type":"Feature","geometry":{"type":"MultiPolygon","coordinates":[[[[0.08235677408939339,36.22938317575807],[0.08558533697411197,36.24403160167007],[0.08753846042904559,36.24360112661877],[0.08430989754432701,36.22895270070677],[0.08235677408939339,36.22938317575807]]],[[[0.08763808632981832,36.248699172781755],[0.08363221351917834,36.24446207672137],[0.08949158388397922,36.243170651567475],[0.08763808632981832,36.248699172781755]]]]},"properties":{"speed":0.3027,"dir_deg":12.4,"type":"متوسط"}},{"type":"Feature","geometry":{"type":"MultiPolygon","coordinates":[[[[0.1240062707528715,36.229056125069505],[0.12232907330912166,36.24396206377643],[0.12431653180337865,36.24418569010226],[0.1259937292471285,36.22927975139534],[0.1240062707528715,36.229056125069505]]],[[[0.12276373674166688,36.24904252317499],[0.12034161481486466,36.243738437450595],[0.12630399029763564,36.2444093164281],[0.12276373674166688,36.24904252317499]]]]},"properties":{"speed":0.1831,"dir_deg":353.6,"type":"ضعيف"}},{"type":"Feature","geometry":{"type":"MultiPolygon","coordinates":[[[[0.1659109549388951,36.2285130395554],[0.15608747478359764,36.239848789977785],[0.15759890817324823,36.241158587331824],[0.1674223883285457,36.22982283690944],[0.1659109549388951,36.2285130395554]]],[[[0.15356869809332377,36.24428227212893],[0.15457604139394704,36.238538992623745],[0.15911034156289883,36.242468384685864],[0.15356869809332377,36.24428227212893]]]]},"properties":{"speed":0.1165,"dir_deg":319.1,"type":"ضعيف"}},{"type":"Feature","geometry":{"type":"MultiPolygon","coordinates":[[[[0.20801017564963326,36.228221591402914],[0.1938149732069796,36.23306888215261],[0.1944612786402723,36.234961575811624],[0.20865648108292595,36.23011428506193],[0.20801017564963326,36.228221591402914]]],[[[0.1894063917760747,36.23563099256535],[0.19316866777368694,36.231176188493585],[0.19510758407356496,36.23685426947065],[0.1894063917760747,36.23563099256535]]]]},"properties":{"speed":0.1305,"dir_deg":288.9,"type":"ضعيف"}},{"type":"Feature","geometry":{"type":"MultiPolygon","coordinates":[[[[0.2499378592853776,36.2281698708341],[0.2349668483106004,36.229101981553434],[0.23509112973984522,36.231098116350076],[0.2500621407146224,36.23016600563074],[0.2499378592853776,36.2281698708341]]],[[[0.23003865203363044,36.23041075252487],[0.23484256688135557,36.2271058467568],[0.23521541116909006,36.23309425114671],[0.23003865203363044,36.23041075252487]]]]},"properties":{"speed":0.1451,"dir_deg":273.6,"type":"ضعيف"}},{"type":"Feature","geometry":{"type":"MultiPolygon","coordinates":[[[[0.2917243628602707,36.22816960461943],[0.27674935866542916,36.22730401270376],[0.27663394641000616,36.22930067992974],[0.2916089506048477,36.23016627184541],[0.2917243628602707,36.22816960461943]]],[[[0.27169998447277044,36.22801381567819],[0.27686477092085215,36.22530734547778],[0.27651853415458316,36.231297347155724],[0.27169998447277044,36.22801381567819]]]]},"properties":{"speed":0.1499,"dir_deg":266.7,"type":"ضعيف"}},{"type":"Feature","geometry":{"type":"MultiPolygon","coordinates":[[[[0.33314780970494823,36.2281853003046],[0.3184082407876601,36.23096830374199],[0.31877930791264525,36.23293357959763],[0.33351887682993336,36.23015057616024],[0.33314780970494823,36.2281853003046]]],[[[0.31368058471105664,36.23287860948227],[0.31803717366267503,36.22900302788635],[0.31915037503763033,36.23489885545327],[0.31368058471105664,36.23287860948227]]]]},"properties":{"speed":0.1378,"dir_deg":280.7,"type":"ضعيف"}},{"type":"Feature","geometry":{"type":"MultiPolygon","coordinates":[[[[0.37488491731018614,36.2281745823171],[0.3599845785803562,36.22990082266431],[0.36021474395998393,36.23188753449495],[0.37511508268981386,36.23016129414774],[0.37488491731018614,36.2281745823171]]],[[[0.35513288169356005,36.2314695920287],[0.35975441320072843,36.227914110833666],[0.3604449093396117,36.2338742463256],[0.35513288169356005,36.2314695920287]]]]},"properties":{"speed":0.1116,"dir_deg":276.6,"type":"ضعيف"}},{"type":"Feature","geometry":{"type":"MultiPolygon","coordinates":[[[[0.416448161645028,36.22819210018401],[0.4018105909188773,36.23146952649698],[0.40224758109393965,36.2334212025938],[0.4168851518200904,36.23014377628083],[0.416448161645028,36.22819210018401]]],[[[0.3971498957643582,36.23353783998304],[0.4013736007438149,36.229517850400164],[0.40268457126900203,36.23537287869062],[0.3971498957643582,36.23353783998304]]]]},"properties":{"speed":0.1021,"dir_deg":282.6,"type":"ضعيف"}},{"type":"Feature","geometry":{"type":"MultiPolygon","coordinates":[[[[-0.4168774660119077,36.27180958897832],[-0.4022145578507813,36.27497172816855],[-0.40179293929208426,36.273016673747065],[-0.4164558474532107,36.269854534556835],[-0.4168774660119077,36.27180958897832]]],[[[-0.397116112517724,36.27504824735455],[-0.4026361764094783,36.27692678259003],[-0.40137132073338727,36.271061619325586],[-0.397116112517724,36.27504824735455]]]]},"properties":{"speed":0.153,"dir_deg":77.8,"type":"ضعيف"}},{"type":"Feature","geometry":{"type":"MultiPolygon","coordinates":[[[[-0.37547469972742153,36.27171220957834],[-0.36227248256601907,36.27883270548966],[-0.361323083111176,36.27707240986814],[-0.37452530027257847,36.26995191395682],[-0.37547469972742153,36.27171220957834]]],[[[-0.3573970437847967,36.28032605631601],[-0.36322188202086214,36.28059300111118],[-0.36037368365633293,36.275312114246624],[-0.3573970437847967,36.28032605631601]]]]},"properties":{"speed":0.2024,"dir_deg":61.7,"type":"ضعيف"}},{"type":"Feature","geometry":{"type":"MultiPolygon","coordinates":[[[[-0.33394342818185774,36.27162439780563],[-0.32205838761103117,36.28077567152189],[-0.3208382177821973,36.27919099944578],[-0.33272325835302385,36.270039725729525],[-0.33394342818185774,36.27162439780563]]],[[[-0.3174866225063387,36.283033760055915],[-0.3232785574398651,36.282360343598],[-0.31961804795336335,36.27760632736967],[-0.3174866225063387,36.283033760055915]]]]},"properties":{"speed":0.2493,"dir_deg":52.4,"type":"متوسط"}},{"type":"Feature","geometry":{"type":"MultiPolygon","coordinates":[[[[-0.29238466920559436,36.27152809200296],[-0.281944215674864,36.282298279098484],[-0.2805081907287937,36.28090621862772],[-0.29094864425952405,36.270136031532196],[-0.29238466920559436,36.27152809200296]]],[[[-0.27774605202491875,36.28519231122828],[-0.28338024062093425,36.28369033956925],[-0.2790721657827234,36.27951415815696],[-0.27774605202491875,36.28519231122828]]]]},"properties":{"speed":0.2837,"dir_deg":44.1,"type":"متوسط"}},{"type":"Feature","geometry":{"type":"MultiPolygon","coordinates":[[[[-0.2508107645043238,36.271417434228944],[-0.2420301775837976,36.2835789017938],[-0.2404086485751499,36.28240815687107],[-0.24918923549567615,36.27024668930621],[-0.2508107645043238,36.271417434228944]]],[[[-0.23829255077263167,36.287047351854056],[-0.24365170659244528,36.28474964671654],[-0.23878711956650223,36.28123741194833],[-0.23829255077263167,36.287047351854056]]]]},"properties":{"speed":0.2967,"dir_deg":35.8,"type":"متوسط"}},{"type":"Feature","geometry":{"type":"MultiPolygon","coordinates":[[[[-0.20921985712541621,36.27129473525852],[-0.2022797547612334,36.28459266664557],[-0.20050669724296016,36.283667319663685],[-0.207446799607143,36.270369388276634],[-0.20921985712541621,36.27129473525852]]],[[[-0.19907985854736918,36.28856263695031],[-0.20405281227950658,36.28551801362747],[-0.19873363972468697,36.28274197268179],[-0.19907985854736918,36.28856263695031]]]]},"properties":{"speed":0.2826,"dir_deg":27.6,"type":"متوسط"}},{"type":"Feature","geometry":{"type":"MultiPolygon","coordinates":[[[[-0.16759962097829717,36.2711920694348],[-0.1621995059700685,36.285186309603446],[-0.16033360728091495,36.28446629426901],[-0.16573372228914363,36.27047205410036],[-0.16759962097829717,36.2711920694348]]],[[[-0.1594665182894155,36.289491048659116],[-0.16406540465922204,36.285906324937876],[-0.1584677085917614,36.28374627893458],[-0.1594665182894155,36.289491048659116]]]]},"properties":{"speed":0.3083,"dir_deg":21.1,"type":"متوسط"}},{"type":"Feature","geometry":{"type":"MultiPolygon","coordinates":[[[[-0.1259456383466398,36.271157281873606],[-0.12106733675623121,36.285341857073206],[-0.11917606006295164,36.28469141686115],[-0.12405436165336022,36.27050684166155],[-0.1259456383466398,36.271157281873606]]],[[[-0.11849559787945524,36.28974482870037],[-0.1229586134495108,36.28599229728526],[-0.11728478336967206,36.284040976649095],[-0.11849559787945524,36.28974482870037]]]]},"properties":{"speed":0.4226,"dir_deg":19.0,"type":"متوسط"}},{"type":"Feature","geometry":{"type":"MultiPolygon","coordinates":[[[[-0.08425934061433059,36.271209573509196],[-0.0785966644900135,36.28509964547125],[-0.07674465489507272,36.28434462198801],[-0.08240733101938981,36.27045455002596],[-0.08425934061433059,36.271209573509196]]],[[[-0.07578310098443741,36.28935215771698],[-0.08044867408495428,36.28585466895449],[-0.07489264530013194,36.28358959850477],[-0.07578310098443741,36.28935215771698]]]]},"properties":{"speed":0.5957,"dir_deg":22.2,"type":"قوي"}},{"type":"Feature","geometry":{"type":"MultiPolygon","coordinates":[[[[-0.042558642477229985,36.271284147344225],[-0.035777358827491654,36.284663765876225],[-0.03399340968989188,36.28375959472293],[-0.040774693339630214,36.27037997619093],[-0.042558642477229985,36.271284147344225]]],[[[-0.03262495637544565,36.28867155314357],[-0.03756130796509142,36.285567937029526],[-0.03220946055229212,36.28285542356963],[-0.03262495637544565,36.28867155314357]]]]},"properties":{"speed":0.7257,"dir_deg":26.9,"type":"قوي"}},{"type":"Feature","geometry":{"type":"MultiPolygon","coordinates":[[[[-0.000868056067268975,36.271328527943744],[0.006578936575230555,36.28434936895278],[0.008315048709768505,36.28335643660045],[0.000868056067268975,36.27033559559141],[-0.000868056067268975,36.271328527943744]]],[[[0.009929323523332707,36.28819318311296],[0.004842824440692605,36.285342301305114],[0.010051160844306455,36.28236350424812],[0.009929323523332707,36.28819318311296]]]]},"properties":{"speed":0.7144,"dir_deg":29.8,"type":"قوي"}},{"type":"Feature","geometry":{"type":"MultiPolygon","coordinates":[[[[0.040784464596117856,36.271302930449636],[0.04784749482702393,36.28453598013432],[0.04961190145164842,36.28359424277021],[0.04254887122074234,36.27036119308552],[0.040784464596117856,36.271302930449636]]],[[[0.0510840415496382,36.288476128013826],[0.04608308820239944,36.285477717498445],[0.051376308076272914,36.282652505406084],[0.0510840415496382,36.288476128013826]]]]},"properties":{"speed":0.5839,"dir_deg":28.1,"type":"قوي"}},{"type":"Feature","geometry":{"type":"MultiPolygon","coordinates":[[[[0.08238272629782029,36.27114245110746],[0.08703856639600965,36.285401593893056],[0.08893978543408948,36.284780815213296],[0.08428394533590011,36.2705216724277],[0.08238272629782029,36.27114245110746]]],[[[0.08954112261444602,36.28984425214838],[0.08513734735792983,36.286022372572816],[0.0908410044721693,36.284160036533535],[0.08954112261444602,36.28984425214838]]]]},"properties":{"speed":0.4317,"dir_deg":18.1,"type":"متوسط"}},{"type":"Feature","geometry":{"type":"MultiPolygon","coordinates":[[[[0.12400323381604955,36.27091241831388],[0.1252085820105111,36.285863911073136],[0.127202114378412,36.28570319798054],[0.12599676618395045,36.27075170522128],[0.12400323381604955,36.27091241831388]]],[[[0.12660713092594875,36.290767385446586],[0.1232150496426102,36.28602462416573],[0.1291956467463129,36.28554248488795],[0.12660713092594875,36.290767385446586]]]]},"properties":{"speed":0.2847,"dir_deg":4.6,"type":"متوسط"}},{"type":"Feature","geometry":{"type":"MultiPolygon","coordinates":[[[[0.1657127754380688,36.2705319250522],[0.161210724707311,36.28484036798697],[0.16311851709861416,36.285440641417736],[0.16762056782937199,36.27113219848296],[0.1657127754380688,36.2705319250522]]],[[[0.1606639373260433,36.28990998568061],[0.15930293231600778,36.2842400945562],[0.16502630948991737,36.286040914848506],[0.1606639373260433,36.28990998568061]]]]},"properties":{"speed":0.1694,"dir_deg":342.5,"type":"ضعيف"}},{"type":"Feature","geometry":{"type":"MultiPolygon","coordinates":[[[[0.20779938891231153,36.26998653905381],[0.19511654820580315,36.27799563086333],[0.1961844271137393,36.279686676290865],[0.20886726782024767,36.271677584481345],[0.20779938891231153,36.26998653905381]]],[[[0.19142287409093509,36.28151085084694],[0.19404866929786704,36.276304585435796],[0.1972523060216754,36.2813777217184],[0.19142287409093509,36.28151085084694]]]]},"properties":{"speed":0.133,"dir_deg":302.3,"type":"ضعيف"}},{"type":"Feature","geometry":{"type":"MultiPolygon","coordinates":[[[[0.24987943475867086,36.26983935636184],[0.23498885367258726,36.27164783498178],[0.23522998415524554,36.27363324579325],[0.25012056524132914,36.271824767173314],[0.24987943475867086,36.26983935636184]]],[[[0.2301458918852219,36.27324336659416],[0.23474772318992898,36.2696624241703],[0.23547111463790382,36.27561865660473],[0.2301458918852219,36.27324336659416]]]]},"properties":{"speed":0.1504,"dir_deg":276.9,"type":"ضعيف"}},{"type":"Feature","geometry":{"type":"MultiPolygon","coordinates":[[[[0.2916595232608542,36.269832087211114],[0.27665990491384873,36.26993908928669],[0.27667417185725873,36.271939038399616],[0.2916737902042642,36.27183203632404],[0.2916595232608542,36.269832087211114]]],[[[0.2716671656032186,36.270974731201676],[0.2766456379704388,36.26793914017375],[0.2766884388006687,36.27393898751255],[0.2716671656032186,36.270974731201676]]]]},"properties":{"speed":0.1534,"dir_deg":270.4,"type":"ضعيف"}},{"type":"Feature","geometry":{"type":"MultiPolygon","coordinates":[[[[0.33328960167635285,36.26983301888902],[0.31830395849789545,36.27048914275534],[0.31839144168007133,36.27248722851246],[0.33337708485852874,36.27183110464614],[0.33328960167635285,36.26983301888902]]],[[[0.31335248569616425,36.27170689358934],[0.31821647531571956,36.26849105699821],[0.3184789248622472,36.27448531426959],[0.31335248569616425,36.27170689358934]]]]},"properties":{"speed":0.1342,"dir_deg":272.5,"type":"ضعيف"}},{"type":"Feature","geometry":{"type":"MultiPolygon","coordinates":[[[[0.3749850101685508,36.26983217412141],[0.35998669547607776,36.27005702159315],[0.36001667513897617,36.27205679688549],[0.3750149898314492,36.271831949413745],[0.3749850101685508,36.26983217412141]]],[[[0.3550022470767026,36.271131858396565],[0.3599567158131793,36.26805724630083],[0.36004665480187464,36.27405657217781],[0.3550022470767026,36.271131858396565]]]]},"properties":{"speed":0.1067,"dir_deg":270.9,"type":"ضعيف"}},{"type":"Feature","geometry":{"type":"MultiPolygon","coordinates":[[[[0.41648361444073717,36.269848956727714],[0.4017370388427883,36.27259459110505],[0.40210312342643234,36.274560801184776],[0.41684969902438124,36.27181516680744],[0.41648361444073717,36.269848956727714]]],[[[0.397004555935294,36.27449290760402],[0.40137095425914426,36.270628381025325],[0.40246920801007635,36.2765270112645],[0.397004555935294,36.27449290760402]]]]},"properties":{"speed":0.0897,"dir_deg":280.5,"type":"ضعيف"}},{"type":"Feature","geometry":{"type":"MultiPolygon","coordinates":[[[[0.45823150702995347,36.269837260591096],[0.44330948938268994,36.27136480415341],[0.4435131618576646,36.27335440650637],[0.4584351795049281,36.27182686294406],[0.45823150702995347,36.269837260591096]]],[[[0.43843731973775607,36.27286878651733],[0.4431058169077152,36.269375201800436],[0.4437168343326393,36.27534400885934],[0.43843731973775607,36.27286878651733]]]]},"properties":{"speed":0.0943,"dir_deg":275.8,"type":"ضعيف"}},{"type":"Feature","geometry":{"type":"MultiPolygon","coordinates":[[[[0.4998453906707694,36.26984408608199],[0.48502575538693593,36.272163226020446],[0.48533497404539716,36.274139177391625],[0.5001546093292306,36.27182003745317],[0.4998453906707694,36.26984408608199]]],[[[0.480240486288222,36.27392424835219],[0.48471653672847465,36.27018727464927],[0.48564419270385845,36.276115128762804],[0.480240486288222,36.27392424835219]]]]},"properties":{"speed":0.1055,"dir_deg":278.9,"type":"ضعيف"}},{"type":"Feature","geometry":{"type":"MultiPolygon","coordinates":[[[[-0.41652321759994915,36.313489659140934],[-0.4016783304859251,36.311338072151784],[-0.4019652087511452,36.309358753869915],[-0.41681009586516926,36.311510340859066],[-0.41652321759994915,36.313489659140934]]],[[[-0.39687347391386046,36.3096312173478],[-0.40139145222070505,36.31331739043365],[-0.4022520870163653,36.30737943558805],[-0.39687347391386046,36.3096312173478]]]]},"properties":{"speed":0.083,"dir_deg":98.2,"type":"ضعيف"}},{"type":"Feature","geometry":{"type":"MultiPolygon","coordinates":[[[[-0.37540858562565543,36.31341271999349],[-0.3617177857233762,36.31954150437832],[-0.36090061447206534,36.31771606439135],[-0.37459141437434457,36.31158728000651],[-0.37540858562565543,36.31341271999349]]],[[[-0.3567456001302944,36.32067171251311],[-0.362534956974687,36.32136694436529],[-0.36008344322075453,36.31589062440438],[-0.3567456001302944,36.32067171251311]]]]},"properties":{"speed":0.105,"dir_deg":65.9,"type":"ضعيف"}},{"type":"Feature","geometry":{"type":"MultiPolygon","coordinates":[[[[-0.33403271245296423,36.313214760618905],[-0.3233113031693595,36.323705298401755],[-0.32191256479831265,36.322275777163945],[-0.33263397408191736,36.311785239381095],[-0.33403271245296423,36.313214760618905]]],[[[-0.31903813088930116,36.32648738371047],[-0.3247100415404064,36.32513481963957],[-0.3205138264272658,36.32084625592613],[-0.31903813088930116,36.32648738371047]]]]},"properties":{"speed":0.1469,"dir_deg":45.6,"type":"ضعيف"}},{"type":"Feature","geometry":{"type":"MultiPolygon","coordinates":[[[[-0.2925136225072235,36.31303164741751],[-0.28453891124454267,36.32573613403748],[-0.28284497969521405,36.32467283920246],[-0.2908196909578949,36.31196835258249],[-0.2925136225072235,36.31303164741751]]],[[[-0.28103370838231806,36.32943931549329],[-0.28623284279387134,36.326799428872505],[-0.2811510481458854,36.32360954436743],[-0.28103370838231806,36.32943931549329]]]]},"properties":{"speed":0.2005,"dir_deg":32.1,"type":"ضعيف"}},{"type":"Feature","geometry":{"type":"MultiPolygon","coordinates":[[[[-0.25092086429016586,36.31288988326342],[-0.24507261533882202,36.32670284761591],[-0.2432308867584903,36.325923081089066],[-0.24907913570983414,36.31211011673658],[-0.25092086429016586,36.31288988326342]]],[[[-0.24220233473154154,36.33091728580332],[-0.24691434391915376,36.32748261414276],[-0.24138915817815856,36.32514331456222],[-0.24220233473154154,36.33091728580332]]]]},"properties":{"speed":0.2641,"dir_deg":22.9,"type":"متوسط"}},{"type":"Feature","geometry":{"type":"MultiPolygon","coordinates":[[[[-0.20928770052795878,36.312798619786705],[-0.2048084037273818,36.327114202211895],[-0.20289965940402344,36.326516962638486],[-0.20737895620460042,36.312201380213295],[-0.20928770052795878,36.312798619786705]]],[[[-0.20236093263217694,36.33158744323358],[-0.20671714805074015,36.327711441785304],[-0.20099091508066508,36.32591972306508],[-0.20236093263217694,36.33158744323358]]]]},"properties":{"speed":0.2943,"dir_deg":17.4,"type":"متوسط"}},{"type":"Feature","geometry":{"type":"MultiPolygon","coordinates":[[[[-0.16764271129185676,36.31271759270609],[-0.1643788207004553,36.32735818757814],[-0.1624267413841826,36.326923002165955],[-0.16569063197558404,36.31228240729391],[-0.16764271129185676,36.31271759270609]]],[[[-0.1623148175118518,36.33202079316273],[-0.166330900016728,36.32779337299033],[-0.1604746620679099,36.32648781675377],[-0.1623148175118518,36.33202079316273]]]]},"properties":{"speed":0.2942,"dir_deg":12.6,"type":"متوسط"}},{"type":"Feature","geometry":{"type":"MultiPolygon","coordinates":[[[[-0.12598477803357455,36.31267381664071],[-0.1233775284228682,36.32744548714433],[-0.12140797235571907,36.32709785386291],[-0.12401522196642543,36.31232618335929],[-0.12598477803357455,36.31267381664071]]],[[[-0.12152366718572484,36.332195560671494],[-0.12534708449001733,36.32779312042576],[-0.11943841628856994,36.32675022058148],[-0.12152366718572484,36.332195560671494]]]]},"properties":{"speed":0.3231,"dir_deg":10.0,"type":"متوسط"}},{"type":"Feature","geometry":{"type":"MultiPolygon","coordinates":[[[[-0.08429829137422173,36.31276241336155],[-0.08036209095105375,36.32723674672197],[-0.07843217983633068,36.32671191999888],[-0.08236838025949866,36.31223758663845],[-0.08429829137422173,36.31276241336155]]],[[[-0.07808506858596954,36.331799111147234],[-0.0822920020657768,36.32776157344506],[-0.07650226872160762,36.32618709327579],[-0.07808506858596954,36.331799111147234]]]]},"properties":{"speed":0.4239,"dir_deg":15.2,"type":"متوسط"}},{"type":"Feature","geometry":{"type":"MultiPolygon","coordinates":[[[[-0.04259991803148717,36.31285922723701],[-0.037211509476251084,36.32685797908287],[-0.03534500923013695,36.32613952460884],[-0.04073341778537303,36.31214077276299],[-0.04259991803148717,36.31285922723701]]],[[[-0.034482123168115324,36.33116500246114],[-0.03907800972236523,36.3275764335569],[-0.033478508984022805,36.32542107013481],[-0.034482123168115324,36.33116500246114]]]]},"properties":{"speed":0.5656,"dir_deg":21.1,"type":"قوي"}},{"type":"Feature","geometry":{"type":"MultiPolygon","coordinates":[[[[-0.0009139580618882341,36.312905808650854],[0.005173171700950582,36.32661517957918],[0.007001087824727051,36.32580356227747],[0.0009139580618882341,36.312094191349146],[-0.0009139580618882341,36.312905808650854]]],[[[0.008116173017118422,36.330779161237764],[0.0033452555771741146,36.32742679688089],[0.008829003948503519,36.32499194497576],[0.008116173017118422,36.330779161237764]]]]},"properties":{"speed":0.6409,"dir_deg":23.9,"type":"قوي"}},{"type":"Feature","geometry":{"type":"MultiPolygon","coordinates":[[[[0.0407468052709952,36.31289224065094],[0.04663041503512361,36.32669018021246],[0.0484701403099934,36.32590569891058],[0.042586530545864996,36.31210775934906],[0.0407468052709952,36.31289224065094]]],[[[0.04951148092726797,36.3308972527487],[0.04479068976025382,36.327474661514344],[0.05030986558486319,36.3251212176087],[0.04951148092726797,36.3308972527487]]]]},"properties":{"speed":0.6077,"dir_deg":23.1,"type":"قوي"}},{"type":"Feature","geometry":{"type":"MultiPolygon","coordinates":[[[[0.08238125441353475,36.31280584473421],[0.0869689254266323,36.32708706578409],[0.0888730882332832,36.32647537631568],[0.08428541722018565,36.31219415526579],[0.08238125441353475,36.31280584473421]]],[[[0.08945023050099027,36.33154162806651],[0.08506476261998142,36.327698755252506],[0.09077725103993409,36.32586368684726],[0.08945023050099027,36.33154162806651]]]]},"properties":{"speed":0.519,"dir_deg":17.8,"type":"قوي"}},{"type":"Feature","geometry":{"type":"MultiPolygon","coordinates":[[[[0.12401921714215472,36.31269510250064],[0.1269457546517874,36.32740684536832],[0.12890732036747796,36.32701664036704],[0.12598078285784528,36.31230489749936],[0.12401921714215472,36.31269510250064]]],[[[0.12890205001284358,36.332115657156905],[0.12498418893609682,36.32779705036961],[0.13086888608316855,36.32662643536575],[0.12890205001284358,36.332115657156905]]]]},"properties":{"speed":0.3864,"dir_deg":11.3,"type":"متوسط"}},{"type":"Feature","geometry":{"type":"MultiPolygon","coordinates":[[[[0.16566753068310447,36.31245855894786],[0.16504591490103188,36.3274456732071],[0.16704419680226373,36.32752855531138],[0.16766581258433633,36.31254144105214],[0.16566753068310447,36.31245855894786]]],[[[0.16583785059095696,36.33248281901232],[0.16304763299980005,36.32736279110283],[0.16904247870349556,36.327611437415655],[0.16583785059095696,36.33248281901232]]]]},"properties":{"speed":0.2531,"dir_deg":357.6,"type":"متوسط"}},{"type":"Feature","geometry":{"type":"MultiPolygon","coordinates":[[[[0.20748099014203808,36.311977009033065],[0.19963612563799607,36.32476208239669],[0.20134080208647911,36.32580806433056],[0.20918566659052112,36.313022990966935],[0.20748099014203808,36.311977009033065]]],[[[0.1978735090275569,36.32954676448483],[0.197931449189513,36.32371610046282],[0.2030454785349622,36.32685404626443],[0.1978735090275569,36.32954676448483]]]]},"properties":{"speed":0.1591,"dir_deg":328.5,"type":"ضعيف"}},{"type":"Feature","geometry":{"type":"MultiPolygon","coordinates":[[[[0.24968377547282697,36.31155131562234],[0.23545350980794244,36.31629468352993],[0.2360859588622885,36.318192052285255],[0.25031622452717306,36.31344868437766],[0.24968377547282697,36.31155131562234]]],[[[0.23102631244682062,36.31882449054346],[0.23482106075359635,36.31439731477462],[0.2367184079166346,36.32008942104057],[0.23102631244682062,36.31882449054346]]]]},"properties":{"speed":0.1446,"dir_deg":288.4,"type":"ضعيف"}},{"type":"Feature","geometry":{"type":"MultiPolygon","coordinates":[[[[0.2916889919783778,36.31150024946272],[0.27669273391915844,36.311165220775436],[0.2766480634275213,36.31316472185],[0.29164432148674063,36.31349975053728],[0.2916889919783778,36.31150024946272]]],[[[0.27167164598693344,36.31205329508363],[0.27673740441079553,36.30916571970087],[0.2766033929358842,36.315164222924565],[0.27167164598693344,36.31205329508363]]]]},"properties":{"speed":0.1698,"dir_deg":268.7,"type":"ضعيف"}},{"type":"Feature","geometry":{"type":"MultiPolygon","coordinates":[[[[0.333406594198774,36.311502686458],[0.3184468910687572,36.310403922488],[0.3183003892060908,36.312398549572],[0.3332600923361076,36.313497313542],[0.333406594198774,36.311502686458]]],[[[0.31338707242741837,36.31103498137334],[0.3185933929314235,36.308409295404],[0.3181538873434244,36.314393176656004],[0.31338707242741837,36.31103498137334]]]]},"properties":{"speed":0.1684,"dir_deg":265.8,"type":"ضعيف"}},{"type":"Feature","geometry":{"type":"MultiPolygon","coordinates":[[[[0.37503833441239953,36.311500735033725],[0.360049359918264,36.310925718847734],[0.3599726910934649,36.312924248780284],[0.37496166558760047,36.313499264966275],[0.37503833441239953,36.311500735033725]]],[[[0.35501470067448593,36.31173331175201],[0.360126028743063,36.308927188915185],[0.3598960222686659,36.314922778712834],[0.35501470067448593,36.31173331175201]]]]},"properties":{"speed":0.1464,"dir_deg":267.8,"type":"ضعيف"}},{"type":"Feature","geometry":{"type":"MultiPolygon","coordinates":[[[[0.4165664889901527,36.31150502943592],[0.4016419305289865,36.31300754557202],[0.4018422660137995,36.31499748670018],[0.4167668244749657,36.31349497056408],[0.4165664889901527,36.31150502943592]]],[[[0.3967672454510043,36.31450335484813],[0.40144159504417354,36.31101760444387],[0.4020426014986125,36.31698742782833],[0.3967672454510043,36.31450335484813]]]]},"properties":{"speed":0.1378,"dir_deg":275.7,"type":"ضعيف"}},{"type":"Feature","geometry":{"type":"MultiPolygon","coordinates":[[[[0.45814096721442554,36.311518678720184],[0.44342114801713534,36.31440431951541],[0.44380590012316584,36.316366962075044],[0.45852571932045605,36.313481321279816],[0.45814096721442554,36.311518678720184]]],[[[0.4387069176710539,36.31634752106031],[0.4430363959111049,36.31244167695577],[0.4441906522291963,36.318329604634684],[0.4387069176710539,36.31634752106031]]]]},"properties":{"speed":0.1454,"dir_deg":281.1,"type":"ضعيف"}},{"type":"Feature","geometry":{"type":"MultiPolygon","coordinates":[[[[0.49972602238938374,36.31153826392972],[0.48529998133515734,36.315647928088964],[0.48584793655638986,36.317571400229525],[0.5002739776106163,36.31346173607028],[0.49972602238938374,36.31153826392972]]],[[[0.48076527859436485,36.31797955221233],[0.4847520261139248,36.313724455948396],[0.4863958917776224,36.31949487237009],[0.48076527859436485,36.31797955221233]]]]},"properties":{"speed":0.1398,"dir_deg":285.9,"type":"ضعيف"}},{"type":"Feature","geometry":{"type":"MultiPolygon","coordinates":[[[[0.541358652819189,36.31154862455887],[0.5270880212021495,36.316169130294256],[0.5277040886335346,36.31807188117652],[0.5419747202505741,36.31345137544113],[0.541358652819189,36.31154862455887]]],[[[0.5226391777121622,36.31866067431385],[0.5264719537707645,36.31426637941198],[0.5283201560649196,36.319974632058795],[0.5226391777121622,36.31866067431385]]]]},"properties":{"speed":0.1187,"dir_deg":287.9,"type":"ضعيف"}},{"type":"Feature","geometry":{"type":"MultiPolygon","coordinates":[[[[0.5829726319554883,36.311567310958246],[0.5689822963291545,36.316977533602696],[0.5697036593484147,36.318842911686204],[0.5836939949747485,36.313432689041754],[0.5829726319554883,36.311567310958246]]],[[[0.5646795326300067,36.3197136301926],[0.5682609333098944,36.31511215551918],[0.5704250223676749,36.32070828976972],[0.5646795326300067,36.3197136301926]]]]},"properties":{"speed":0.1087,"dir_deg":291.1,"type":"ضعيف"}},{"type":"Feature","geometry":{"type":"MultiPolygon","coordinates":[[[[-0.41583079231680464,36.35471687418358],[-0.4075967530494134,36.342178907947265],[-0.4092684818809225,36.34108103604495],[-0.41750252114831377,36.35361900228126],[-0.41583079231680464,36.35471687418358]]],[[[-0.40568793770937084,36.33745064991733],[-0.4059250242179043,36.34327677984958],[-0.41094021071243164,36.33998316414263],[-0.40568793770937084,36.33745064991733]]]]},"properties":{"speed":0.0824,"dir_deg":146.7,"type":"ضعيف"}},{"type":"Feature","geometry":{"type":"MultiPolygon","coordinates":[[[[-0.37469709938940854,36.35512096038332],[-0.36040176712593014,36.350577451224446],[-0.36100756834711306,36.348671406922655],[-0.37530290061059146,36.35321491608153],[-0.37469709938940854,36.35512096038332]]],[[[-0.3559395569820288,36.34810992602059],[-0.3597959659047472,36.35248349552624],[-0.361613369568296,36.34676536262086],[-0.3559395569820288,36.34810992602059]]]]},"properties":{"speed":0.0525,"dir_deg":107.6,"type":"ضعيف"}},{"type":"Feature","geometry":{"type":"MultiPolygon","coordinates":[[[[-0.3340129183664825,36.35490154417894],[-0.32300882916875434,36.36509517066456],[-0.3216496789706709,36.36362795877153],[-0.3326537681683991,36.35343433228591],[-0.3340129183664825,36.35490154417894]]],[[[-0.31866122433713656,36.367759440213256],[-0.3243679793668377,36.36656238255759],[-0.32029052877258757,36.3621607468785],[-0.31866122433713656,36.367759440213256]]]]},"properties":{"speed":0.0689,"dir_deg":47.2,"type":"ضعيف"}},{"type":"Feature","geometry":{"type":"MultiPolygon","coordinates":[[[[-0.29261339011383913,36.35448995671756],[-0.2877831128367762,36.368690957436755],[-0.28588964607421635,36.36804692046648],[-0.2907199233512793,36.353845919747286],[-0.29261339011383913,36.35448995671756]]],[[[-0.2852262870298086,36.37310260585802],[-0.28967657959933607,36.36933499440703],[-0.2839961793116565,36.367402883496204],[-0.2852262870298086,36.37310260585802]]]]},"properties":{"speed":0.1291,"dir_deg":18.8,"type":"ضعيف"}},{"type":"Feature","geometry":{"type":"MultiPolygon","coordinates":[[[[-0.2509874226251717,36.35432604123461],[-0.24861587759243975,36.36913738061218],[-0.24664103234209633,36.36882117460781],[-0.2490125773748283,36.35400983523024],[-0.2509874226251717,36.35432604123461]]],[[[-0.2468379399563574,36.37391639073586],[-0.25059072284278316,36.369453586616544],[-0.2446661870917529,36.368504968603446],[-0.2468379399563574,36.37391639073586]]]]},"properties":{"speed":0.2184,"dir_deg":9.1,"type":"ضعيف"}},{"type":"Feature","geometry":{"type":"MultiPolygon","coordinates":[[[[-0.20932835677320127,36.35426752974521],[-0.20783448408141564,36.36919295584903],[-0.2058444272675723,36.36899377282346],[-0.20733829995935793,36.354068346719636],[-0.20932835677320127,36.35426752974521]]],[[[-0.20634149811056543,36.374068506370854],[-0.20982454089525895,36.3693921388746],[-0.20385437045372898,36.368794589797886],[-0.20634149811056543,36.374068506370854]]]]},"properties":{"speed":0.2854,"dir_deg":5.7,"type":"متوسط"}},{"type":"Feature","geometry":{"type":"MultiPolygon","coordinates":[[[[-0.16766448715802224,36.35423400016899],[-0.1666735581095973,36.369201233033515],[-0.16467792706099363,36.369069109160385],[-0.16566885610941856,36.35410187629586],[-0.16766448715802224,36.35423400016899]]],[[[-0.16534543290248715,36.37412424871846],[-0.16866918915820095,36.36933335690664],[-0.16268229601238998,36.36893698528726],[-0.16534543290248715,36.37412424871846]]]]},"properties":{"speed":0.3003,"dir_deg":3.8,"type":"متوسط"}},{"type":"Feature","geometry":{"type":"MultiPolygon","coordinates":[[[[-0.12599828927171028,36.3542264064288],[-0.12512126632598136,36.36920074550446],[-0.12312468778256079,36.3690838091117],[-0.12400171072828972,36.35410947003604],[-0.12599828927171028,36.3542264064288]]],[[[-0.12383063607236143,36.374133723666624],[-0.12711784486940192,36.36931768189722],[-0.12112810923914022,36.368966872718936],[-0.12383063607236143,36.374133723666624]]]]},"properties":{"speed":0.2978,"dir_deg":3.4,"type":"متوسط"}},{"type":"Feature","geometry":{"type":"MultiPolygon","coordinates":[[[[-0.08432544124115894,36.35429334487928],[-0.08244434153823797,36.369174926243765],[-0.08046013068964049,36.36892411295005],[-0.08234123039256146,36.35404253158556],[-0.08432544124115894,36.35429334487928]]],[[[-0.08082520287963224,36.374010046718396],[-0.08442855238683544,36.36942573953749],[-0.07847591984104302,36.36867329965632],[-0.08082520287963224,36.374010046718396]]]]},"properties":{"speed":0.323,"dir_deg":7.2,"type":"متوسط"}},{"type":"Feature","geometry":{"type":"MultiPolygon","coordinates":[[[[-0.04264851138686135,36.35435763109961],[-0.0398031183790404,36.36908528327608],[-0.037839431422177904,36.3687058975417],[-0.04068482442999885,36.353978245365234],[-0.04264851138686135,36.35435763109961]]],[[[-0.03787281056466883,36.373804807801044],[-0.04176680533590289,36.369464669010455],[-0.03587574446531541,36.368326511807325],[-0.03787281056466883,36.373804807801044]]]]},"properties":{"speed":0.4111,"dir_deg":10.9,"type":"متوسط"}},{"type":"Feature","geometry":{"type":"MultiPolygon","coordinates":[[[[-0.0009778188805026446,36.35437739046309],[0.0021639645795443483,36.36904467367063],[0.004119602340549637,36.36862576920929],[0.0009778188805026446,36.35395848600175],[-0.0009778188805026446,36.35437739046309]]],[[[0.0041890446133959905,36.37372431584247],[0.000208326818539059,36.36946357813197],[0.006075240101554927,36.36820686474795],[0.0041890446133959905,36.37372431584247]]]]},"properties":{"speed":0.52,"dir_deg":12.1,"type":"قوي"}},{"type":"Feature","geometry":{"type":"MultiPolygon","coordinates":[[[[0.04069297170986224,36.354395788430786],[0.04411072468532181,36.36900123140931],[0.04605811708245753,36.36854553101258],[0.04264036410699796,36.35394008803406],[0.04069297170986224,36.354395788430786]]],[[[0.04622367187570953,36.373641862203776],[0.04216333228818609,36.369456931806035],[0.04800550947959325,36.36808983061585],[0.04622367187570953,36.373641862203776]]]]},"properties":{"speed":0.568,"dir_deg":13.2,"type":"قوي"}},{"type":"Feature","geometry":{"type":"MultiPolygon","coordinates":[[[[0.08236255670287877,36.35440791304747],[0.08596217892860253,36.368969599757186],[0.08790373715656538,36.368489650127096],[0.08430411493084163,36.35392796341738],[0.08236255670287877,36.35440791304747]]],[[[0.08813283211782522,36.37358352051205],[0.08402062070063969,36.369449549387284],[0.08984529538452822,36.368009700497],[0.08813283211782522,36.37358352051205]]]]},"properties":{"speed":0.5636,"dir_deg":13.9,"type":"قوي"}},{"type":"Feature","geometry":{"type":"MultiPolygon","coordinates":[[[[0.12402600009096981,36.35439448663168],[0.1274242260799334,36.36900448526713],[0.12937222589799377,36.36855138846861],[0.1259739999090302,36.35394138983316],[0.12402600009096981,36.35439448663168]]],[[[0.12953096798528477,36.37364793641303],[0.12547622626187302,36.369457582065664],[0.13132022571605415,36.36809829167008],[0.12953096798528477,36.37364793641303]]]]},"properties":{"speed":0.4793,"dir_deg":13.1,"type":"قوي"}},{"type":"Feature","geometry":{"type":"MultiPolygon","coordinates":[[[[0.1656715829975642,36.35426692614175],[0.1671564016374589,36.36919325568409],[0.16914657890977128,36.36899527986544],[0.1676617602698766,36.3540689503231],[0.1656715829975642,36.35426692614175]]],[[[0.16864642982024666,36.374069710955546],[0.1651662243651465,36.36939123150274],[0.17113675618208368,36.36879730404679],[0.16864642982024666,36.374069710955546]]]]},"properties":{"speed":0.3435,"dir_deg":5.7,"type":"متوسط"}},{"type":"Feature","geometry":{"type":"MultiPolygon","coordinates":[[[[0.20735390110077598,36.35396614073098],[0.20432693857915066,36.36865754971354],[0.2062857931101579,36.36906114471642],[0.20931275563178323,36.35436973573386],[0.20735390110077598,36.35396614073098]]],[[[0.20429737833744582,36.37375648354249],[0.20236808404814344,36.36825395471065],[0.20824464764116513,36.369464739719305],[0.20429737833744582,36.37375648354249]]]]},"properties":{"speed":0.2074,"dir_deg":348.4,"type":"ضعيف"}},{"type":"Feature","geometry":{"type":"MultiPolygon","coordinates":[[[[0.24944082619593955,36.353338887777475],[0.2370050693716917,36.36172649483838],[0.2381234169798126,36.36338459574827],[0.25055917380406045,36.35499698868737],[0.24944082619593955,36.353338887777475]]],[[[0.23341899090100285,36.36535141431363],[0.23588672176357078,36.36006839392848],[0.2392417645879335,36.36504269665817],[0.23341899090100285,36.36535141431363]]]]},"properties":{"speed":0.1279,"dir_deg":304.0,"type":"ضعيف"}},{"type":"Feature","geometry":{"type":"MultiPolygon","coordinates":[[[[0.2917203379874441,36.353169380110494],[0.276741966158482,36.35236416128722],[0.2766346036487122,36.354361277531076],[0.2916129754776743,36.35516649635435],[0.2917203379874441,36.353169380110494]]],[[[0.2716954942939431,36.353094313134726],[0.2768493286682518,36.350367045043356],[0.2765272411389424,36.35635839377494],[0.2716954942939431,36.353094313134726]]]]},"properties":{"speed":0.1567,"dir_deg":266.9,"type":"ضعيف"}},{"type":"Feature","geometry":{"type":"MultiPolygon","coordinates":[[[[0.3334410862196635,36.35317375944757],[0.3185284044469096,36.35155761516423],[0.3183129185424642,36.35354597273393],[0.3332256003152181,36.35516211701727],[0.3334410862196635,36.35317375944757]]],[[[0.3134497675704356,36.35201307918797],[0.318743890351355,36.34956925759453],[0.3180974326380188,36.355534330303634],[0.3134497675704356,36.35201307918797]]]]},"properties":{"speed":0.166,"dir_deg":263.8,"type":"ضعيف"}},{"type":"Feature","geometry":{"type":"MultiPolygon","coordinates":[[[[0.3750150611528007,36.35316805165802],[0.3600167625367186,36.352942134366],[0.3599866402311172,36.354941907514814],[0.3749849388471993,36.35516782480683],[0.3750150611528007,36.35316805165802]]],[[[0.3550022685118905,36.35386671517641],[0.36004688484231995,36.35094236121719],[0.35995651792551586,36.356941680663624],[0.3550022685118905,36.35386671517641]]]]},"properties":{"speed":0.1445,"dir_deg":269.1,"type":"ضعيف"}},{"type":"Feature","geometry":{"type":"MultiPolygon","coordinates":[[[[0.41656570059122616,36.35317304735523],[0.4016423374332913,36.354687389475224],[0.4018442497159574,36.35667717122961],[0.41676761287389225,36.35516282910962],[0.41656570059122616,36.35317304735523]]],[[[0.396768839188646,36.35618706105908],[0.4014404251506253,36.352697607720835],[0.4020461619986234,36.358666952984],[0.396768839188646,36.35618706105908]]]]},"properties":{"speed":0.1242,"dir_deg":275.8,"type":"ضعيف"}},{"type":"Feature","geometry":{"type":"MultiPolygon","coordinates":[[[[0.4580618529714577,36.35320549705542],[0.44362523531644327,36.35727785149517],[0.4441682159084095,36.35920273384917],[0.4586048335634239,36.355130379409424],[0.4580618529714577,36.35320549705542]]],[[[0.4390845197274216,36.35959774415208],[0.443082254724477,36.355352969141165],[0.44471119650037577,36.36112761620318],[0.4390845197274216,36.35959774415208]]]]},"properties":{"speed":0.1214,"dir_deg":285.8,"type":"ضعيف"}},{"type":"Feature","geometry":{"type":"MultiPolygon","coordinates":[[[[0.4996001881739571,36.353251340990575],[0.4858512295462951,36.359248518381214],[0.48665085319838086,36.36108171286491],[0.5003998118260429,36.35508453547427],[0.4996001881739571,36.353251340990575]]],[[[0.48166805516311734,36.36216417475328],[0.48505160589420937,36.35741532389753],[0.4874504768504666,36.362914907348596],[0.48166805516311734,36.36216417475328]]]]},"properties":{"speed":0.1249,"dir_deg":293.6,"type":"ضعيف"}},{"type":"Feature","geometry":{"type":"MultiPolygon","coordinates":[[[[0.5412856062895591,36.35324339626657],[0.5274174768017506,36.35895959994641],[0.5281796372923955,36.36080868387811],[0.542047766780204,36.35509248019827],[0.5412856062895591,36.35324339626657]]],[[[0.5231758472178035,36.36178954313887],[0.5266553163111057,36.3571105160147],[0.5289417977830403,36.36265776780982],[0.5231758472178035,36.36178954313887]]]]},"properties":{"speed":0.1105,"dir_deg":292.4,"type":"ضعيف"}},{"type":"Feature","geometry":{"type":"MultiPolygon","coordinates":[[[[0.5827228231830479,36.35337591448562],[0.5708424669810248,36.362533268716675],[0.5720634475451658,36.36411731621028],[0.5839438037471889,36.354959961979226],[0.5827228231830479,36.35337591448562]]],[[[0.5674928385290876,36.366377743873834],[0.5696214864168839,36.36094922122307],[0.5732844281093067,36.365701363703884],[0.5674928385290876,36.366377743873834]]]]},"properties":{"speed":0.0789,"dir_deg":307.6,"type":"ضعيف"}},{"type":"Feature","geometry":{"type":"MultiPolygon","coordinates":[[[[0.624178846216027,36.35359723124712],[0.6156182414365715,36.36591453800671],[0.6172605490045174,36.367055951977314],[0.625821153783973,36.35473864521772],[0.624178846216027,36.35359723124712]]],[[[0.6135858602940593,36.370591013911884],[0.6139759338686255,36.36477312403612],[0.6189028565724635,36.36819736594791],[0.6135858602940593,36.370591013911884]]]]},"properties":{"speed":0.0601,"dir_deg":325.2,"type":"ضعيف"}},{"type":"Feature","geometry":{"type":"MultiPolygon","coordinates":[[[[0.6659386137876274,36.35348243836028],[0.6556561157055083,36.364403529569095],[0.6571122612000166,36.36577452931338],[0.6673947592821358,36.35485343810456],[0.6659386137876274,36.35348243836028]]],[[[0.6529566890920561,36.3687293931775],[0.6541999702109998,36.363032529824814],[0.6585684066945251,36.36714552905766],[0.6529566890920561,36.3687293931775]]]]},"properties":{"speed":0.0518,"dir_deg":316.7,"type":"ضعيف"}},{"type":"Feature","geometry":{"type":"MultiPolygon","coordinates":[[[[0.7076396446032491,36.35344764418825],[0.6968352339406347,36.36385267711629],[0.6982225716643733,36.365293265204635],[0.7090269823269877,36.35488823227659],[0.7076396446032491,36.35344764418825]]],[[[0.6939274325816326,36.36804131546981],[0.6954478962168962,36.36241208902794],[0.6996099093881119,36.366733853292985],[0.6939274325816326,36.36804131546981]]]]},"properties":{"speed":0.0353,"dir_deg":313.9,"type":"ضعيف"}},{"type":"Feature","geometry":{"type":"MultiPolygon","coordinates":[[[[0.749079711500645,36.35377669779745],[0.7432111049761078,36.36758102528778],[0.7450516819748177,36.36836350615772],[0.750920288499355,36.354559178667394],[0.749079711500645,36.35377669779745]]],[[[0.7421751913006169,36.37257370821952],[0.7413705279773977,36.36679854441784],[0.7468922589735278,36.36914598702766],[0.7421751913006169,36.37257370821952]]]]},"properties":{"speed":0.0396,"dir_deg":337.0,"type":"ضعيف"}},{"type":"Feature","geometry":{"type":"MultiPolygon","coordinates":[[[[-0.4156825695318103,36.39600974795534],[-0.41301727671534744,36.38124843994411],[-0.4149854511168452,36.380893067568586],[-0.4176507439333081,36.39565437557982],[-0.4156825695318103,36.39600974795534]]],[[[-0.41311293297727536,36.3761503177526],[-0.4110491023138496,36.38160381231964],[-0.41695362551834303,36.380537695193055],[-0.41311293297727536,36.3761503177526]]]]},"properties":{"speed":0.1129,"dir_deg":169.8,"type":"ضعيف"}},{"type":"Feature","geometry":{"type":"MultiPolygon","coordinates":[[[[-0.3740739213517738,36.39620939230875],[-0.3684139632342262,36.38231821258535],[-0.3702661205306786,36.381563551503014],[-0.3759260786482262,36.39545473122641],[-0.3740739213517738,36.39620939230875]]],[[[-0.3674533891766032,36.377310488803055],[-0.36656180593777377,36.38307287366769],[-0.372118277827131,36.380808890420674],[-0.3674533891766032,36.377310488803055]]]]},"properties":{"speed":0.0563,"dir_deg":157.8,"type":"ضعيف"}},{"type":"Feature","geometry":{"type":"MultiPolygon","coordinates":[[[[-0.33399125733501417,36.39658515477623],[-0.3226948622051489,36.406453865789835],[-0.3213790340700022,36.404947679772526],[-0.3326754291998674,36.395078968758924],[-0.33399125733501417,36.39658515477623]]],[[[-0.31827148309428716,36.408990343119044],[-0.3240106903402956,36.40796005180715],[-0.3200632059348555,36.40344149375521],[-0.31827148309428716,36.408990343119044]]]]},"properties":{"speed":0.028,"dir_deg":48.9,"type":"ضعيف"}},{"type":"Feature","geometry":{"type":"MultiPolygon","coordinates":[[[[-0.29266586825502233,36.39587176483266],[-0.2920703222787948,36.410859937669606],[-0.29007189923386856,36.41078053153944],[-0.2906674452100961,36.395792358702494],[-0.29266586825502233,36.39587176483266]]],[[[-0.29087259543092253,36.41581629221684],[-0.2940687453237211,36.41093934379977],[-0.28807347618894225,36.410701125409275],[-0.29087259543092253,36.41581629221684]]]]},"properties":{"speed":0.0978,"dir_deg":2.3,"type":"ضعيف"}},{"type":"Feature","geometry":{"type":"MultiPolygon","coordinates":[[[[-0.25099466742186494,36.395728927292836],[-0.25254168454301074,36.41064893862081],[-0.25055234969928086,36.41085520757029],[-0.24900533257813504,36.39593519624232],[-0.25099466742186494,36.395728927292836]]],[[[-0.25206268949486105,36.41572541020488],[-0.25453101938674066,36.41044266967132],[-0.24856301485555093,36.411061476519784],[-0.25206268949486105,36.41572541020488]]]]},"properties":{"speed":0.1841,"dir_deg":354.1,"type":"ضعيف"}},{"type":"Feature","geometry":{"type":"MultiPolygon","coordinates":[[[[-0.2093253924316652,36.39570632835845],[-0.2112113935685648,36.41058728933923],[-0.2092272654377936,36.41083875615749],[-0.207341264300894,36.395957795176706],[-0.2093253924316652,36.39570632835845]]],[[[-0.2108479965488124,36.41567334307529],[-0.21319552169933598,36.41033582252098],[-0.20724313730702243,36.411090222975744],[-0.2108479965488124,36.41567334307529]]]]},"properties":{"speed":0.2638,"dir_deg":352.8,"type":"متوسط"}},{"type":"Feature","geometry":{"type":"MultiPolygon","coordinates":[[[[-0.1676629659857198,36.39574605267402],[-0.16895310238903766,36.41069046795401],[-0.16696051368503884,36.41086248614113],[-0.165670377281721,36.395918070861136],[-0.1676629659857198,36.39574605267402]]],[[[-0.16838685350481086,36.41575794880757],[-0.17094569109303648,36.410518449766904],[-0.16496792498104002,36.411034504328235],[-0.16838685350481086,36.41575794880757]]]]},"properties":{"speed":0.296,"dir_deg":355.1,"type":"متوسط"}},{"type":"Feature","geometry":{"type":"MultiPolygon","coordinates":[[[[-0.12599674746186934,36.395751473323884],[-0.12720557411727887,36.41070268525193],[-0.1252120791935402,36.410863862139315],[-0.12400325253813066,36.39591265021127],[-0.12599674746186934,36.395751473323884]]],[[[-0.12661176887387937,36.41576701100497],[-0.12919906904101758,36.41054150836454],[-0.12321858426980149,36.411025039026704],[-0.12661176887387937,36.41576701100497]]]]},"properties":{"speed":0.2857,"dir_deg":355.4,"type":"متوسط"}},{"type":"Feature","geometry":{"type":"MultiPolygon","coordinates":[[[[-0.08432739738585679,36.39572324266519],[-0.08595968392164285,36.41063416620014],[-0.08397156078364967,36.41085180440491],[-0.08233927424786361,36.395940880869965],[-0.08432739738585679,36.39572324266519]]],[[[-0.08550971786457495,36.41571329314751],[-0.08794780705963604,36.410416527995366],[-0.08198343764565649,36.41106944260969],[-0.08550971786457495,36.41571329314751]]]]},"properties":{"speed":0.2802,"dir_deg":353.8,"type":"متوسط"}},{"type":"Feature","geometry":{"type":"MultiPolygon","coordinates":[[[[-0.042660923016465416,36.39572502541793],[-0.04426646826116499,36.41063885203846],[-0.042277958045094356,36.41085292473775],[-0.04067241280039478,36.395939098117225],[-0.042660923016465416,36.39572502541793]]],[[[-0.043807394901362866,36.415717163928285],[-0.04625497847723563,36.410424779339166],[-0.04028944782902372,36.41106699743705],[-0.043807394901362866,36.415717163928285]]]]},"properties":{"speed":0.3197,"dir_deg":353.9,"type":"متوسط"}},{"type":"Feature","geometry":{"type":"MultiPolygon","coordinates":[[[[-0.0009985686242936056,36.395778576231436],[-0.001800851666420643,36.41075710559584],[0.00019628558216656803,36.410864076668126],[0.0009985686242936056,36.39588554730372],[-0.0009985686242936056,36.395778576231436]]],[[[-0.00106971072283605,36.41580343425345],[-0.003797988915007854,36.41065013452356],[0.002193422830753779,36.41097104774041],[-0.00106971072283605,36.41580343425345]]]]},"properties":{"speed":0.4336,"dir_deg":356.9,"type":"متوسط"}},{"type":"Feature","geometry":{"type":"MultiPolygon","coordinates":[[[[0.040669546730886796,36.39590788628403],[0.04180691447761452,36.410864703947176],[0.043801156832701124,36.410713054914275],[0.0426637890859734,36.39575623725113],[0.040669546730886796,36.39590788628403]]],[[[0.0431831582374004,36.415774485318444],[0.039812672122527905,36.41101635298007],[0.04579539918778774,36.41056140588138],[0.0431831582374004,36.415774485318444]]]]},"properties":{"speed":0.5356,"dir_deg":4.3,"type":"قوي"}},{"type":"Feature","geometry":{"type":"MultiPolygon","coordinates":[[[[0.0823531193178373,36.39602999007541],[0.08532204393539487,36.410733237560756],[0.08728247693344067,36.41033738094509],[0.0843135523158831,36.395634133459744],[0.0823531193178373,36.39602999007541]]],[[[0.08729190197360362,36.41543639174804],[0.08336161093734906,36.41112909417643],[0.08924290993148648,36.40994152432941],[0.08729190197360362,36.41543639174804]]]]},"properties":{"speed":0.5805,"dir_deg":11.4,"type":"قوي"}},{"type":"Feature","geometry":{"type":"MultiPolygon","coordinates":[[[[0.1240276250215702,36.396065486062206],[0.12752898944102498,36.410651110738655],[0.12947373939788454,36.4101842621494],[0.12597237497842978,36.39559863747295],[0.1240276250215702,36.396065486062206]]],[[[0.12966848589260632,36.41527956133618],[0.1255842394841654,36.41111795932792],[0.13141848935474412,36.40971741356014],[0.12966848589260632,36.41527956133618]]]]},"properties":{"speed":0.5347,"dir_deg":13.5,"type":"قوي"}},{"type":"Feature","geometry":{"type":"MultiPolygon","coordinates":[[[[0.16567747808038857,36.39597867729898],[0.16787671105133883,36.410816580598954],[0.16985509815800248,36.410523349536156],[0.16765586518705222,36.39568544623618],[0.16567747808038857,36.39597867729898]]],[[[0.1695989822616541,36.415615932834214],[0.16589832394467513,36.411109811661746],[0.17183348526466619,36.410230118473365],[0.1695989822616541,36.415615932834214]]]]},"properties":{"speed":0.402,"dir_deg":8.4,"type":"متوسط"}},{"type":"Feature","geometry":{"type":"MultiPolygon","coordinates":[[[[0.20733537795797577,36.39576806971677],[0.206375497195904,36.41073732584133],[0.20837139801251167,36.41086530994294],[0.20933127877458343,36.39589605381838],[0.20733537795797577,36.39576806971677]]],[[[0.20705348735018392,36.415791069933654],[0.2043795963792963,36.41060934173972],[0.21036729882911936,36.41099329404455],[0.20705348735018392,36.415791069933654]]]]},"properties":{"speed":0.2507,"dir_deg":356.3,"type":"متوسط"}},{"type":"Feature","geometry":{"type":"MultiPolygon","coordinates":[[[[0.24918225523155815,36.39525648076226],[0.24054854015174784,36.40752265228888],[0.24218402968863154,36.408673814299526],[0.2508177447684419,36.3964076427729],[0.24918225523155815,36.39525648076226]]],[[[0.23848837989358626,36.41218695713641],[0.23891305061486412,36.40637149027824],[0.24381951922551526,36.40982497631017],[0.23848837989358626,36.41218695713641]]]]},"properties":{"speed":0.1277,"dir_deg":324.9,"type":"ضعيف"}},{"type":"Feature","geometry":{"type":"MultiPolygon","coordinates":[[[[0.2916301711222581,36.39483272758912],[0.27664015844533835,36.39538001174363],[0.2767131296659406,36.39737868010055],[0.2917031423428603,36.39683139594604],[0.2916301711222581,36.39483272758912]]],[[[0.27167997316333287,36.3965617739736],[0.27656718722473617,36.39338134338671],[0.27678610088654276,36.39937734845748],[0.27167997316333287,36.3965617739736]]]]},"properties":{"speed":0.1271,"dir_deg":272.1,"type":"ضعيف"}},{"type":"Feature","geometry":{"type":"MultiPolygon","coordinates":[[[[0.33352497562498495,36.394850594987936],[0.3188029739303456,36.39197610962477],[0.3184197092152573,36.393939043184055],[0.33314171090989664,36.39681352854722],[0.33352497562498495,36.394850594987936]]],[[[0.31370400767458834,36.39199941461669],[0.319186238645434,36.39001317606549],[0.31803644450016894,36.39590197674334],[0.31370400767458834,36.39199941461669]]]]},"properties":{"speed":0.1554,"dir_deg":259.0,"type":"ضعيف"}},{"type":"Feature","geometry":{"type":"MultiPolygon","coordinates":[[[[0.37514345663423265,36.39484240516345],[0.36029860757230914,36.39269055564996],[0.36001169430384383,36.394669868858216],[0.37485654336576735,36.396821718371704],[0.37514345663423265,36.39484240516345]]],[[[0.3552068679174353,36.39296292908293],[0.3605855208407745,36.390711242441704],[0.35972478103537847,36.396649182066476],[0.3552068679174353,36.39296292908293]]]]},"properties":{"speed":0.145,"dir_deg":261.8,"type":"ضعيف"}},{"type":"Feature","geometry":{"type":"MultiPolygon","coordinates":[[[[0.4166956584529589,36.39483248240594],[0.4017019680283797,36.39439745659994],[0.4016439645875803,36.39639661532322],[0.4166376550121595,36.39683164112922],[0.4166956584529589,36.39483248240594]]],[[[0.3966750694997869,36.39525202735958],[0.4017599714691791,36.39239829787666],[0.4015859611467809,36.3983957740465],[0.3966750694997869,36.39525202735958]]]]},"properties":{"speed":0.1087,"dir_deg":268.3,"type":"ضعيف"}},{"type":"Feature","geometry":{"type":"MultiPolygon","coordinates":[[[[0.45812691817845036,36.39485359936021],[0.4434499820679081,36.39794997569507],[0.44386283224588896,36.399906900509805],[0.45853976835643123,36.396810524174946],[0.45812691817845036,36.39485359936021]]],[[[0.4387640951200511,36.39996056354739],[0.4430371318899272,36.39599305088033],[0.44427568242386983,36.40186382532455],[0.4387640951200511,36.39996056354739]]]]},"properties":{"speed":0.0653,"dir_deg":281.9,"type":"ضعيف"}},{"type":"Feature","geometry":{"type":"MultiPolygon","coordinates":[[[[0.4990988483743847,36.3953985577334],[0.492596287861676,36.40891583211763],[0.4943985911129066,36.40978284018598],[0.5009011516256153,36.396265565801755],[0.4990988483743847,36.3953985577334]]],[[[0.4913299193163884,36.41385509427988],[0.49079398461044527,36.40804882404927],[0.49620089436413733,36.410649848254344],[0.4913299193163884,36.41385509427988]]]]},"properties":{"speed":0.0372,"dir_deg":334.3,"type":"ضعيف"}},{"type":"Feature","geometry":{"type":"MultiPolygon","coordinates":[[[[0.5409008549963291,36.39647510302174],[0.5505464738088076,36.40796257610003],[0.5520781368859126,36.4066764935917],[0.5424325180734341,36.39518902051341],[0.5409008549963291,36.39647510302174]]],[[[0.5545275116181863,36.411148692538625],[0.5490148107317028,36.40924865860836],[0.5536097999630174,36.405390411083374],[0.5545275116181863,36.411148692538625]]]]},"properties":{"speed":0.0501,"dir_deg":40.0,"type":"ضعيف"}},{"type":"Feature","geometry":{"type":"MultiPolygon","coordinates":[[[[0.582746477060222,36.396641767290525],[0.5948920599044021,36.40544431336397],[0.5960657327141949,36.40382490231808],[0.5839201498700148,36.39502235624463],[0.582746477060222,36.396641767290525]]],[[[0.5995274239240252,36.40756878986551],[0.5937183870946091,36.40706372440986],[0.5972394055239879,36.40220549127219],[0.5995274239240252,36.40756878986551]]]]},"properties":{"speed":0.0938,"dir_deg":54.1,"type":"ضعيف"}},{"type":"Feature","geometry":{"type":"MultiPolygon","coordinates":[[[[0.6245862296871448,36.39674244307681],[0.638241949325631,36.40294899776964],[0.6390694899513414,36.40112823515118],[0.6254137703128552,36.394921680458346],[0.6245862296871448,36.39674244307681]]],[[[0.6432076261846483,36.404107468024684],[0.6374144086999207,36.404769760388106],[0.6398970305770517,36.39930747253271],[0.6432076261846483,36.404107468024684]]]]},"properties":{"speed":0.1174,"dir_deg":65.6,"type":"ضعيف"}},{"type":"Feature","geometry":{"type":"MultiPolygon","coordinates":[[[[0.666252506195598,36.39674225660746],[0.6799054287938533,36.402954961696715],[0.6807337894724206,36.40113457201695],[0.6670808668741652,36.394921866927696],[0.666252506195598,36.39674225660746]]],[[[0.6848705833325553,36.40411566855325],[0.679077068115286,36.404775351376486],[0.6815621501509879,36.39931418233718],[0.6848705833325553,36.40411566855325]]]]},"properties":{"speed":0.1287,"dir_deg":65.5,"type":"ضعيف"}},{"type":"Feature","geometry":{"type":"MultiPolygon","coordinates":[[[[0.7079522257926394,36.39675660067205],[0.7218203093597375,36.40247291575923],[0.7225824847046955,36.40062383795029],[0.7087144011375974,36.39490752286311],[0.7079522257926394,36.39675660067205]]],[[[0.7268240915545826,36.40345381521716],[0.7210581340147795,36.40432199356818],[0.7233446600496536,36.39877476014134],[0.7268240915545826,36.40345381521716]]]]},"properties":{"speed":0.1239,"dir_deg":67.6,"type":"ضعيف"}},{"type":"Feature","geometry":{"type":"MultiPolygon","coordinates":[[[[0.7494647469356943,36.39667675352032],[0.7621351232268329,36.4047055494849],[0.7632056293554442,36.40301616597942],[0.7505352530643057,36.39498737001484],[0.7494647469356943,36.39667675352032]]],[[[0.7668938350548514,36.406537123053695],[0.7610646170982214,36.40639493299039],[0.7642761354840557,36.40132678247394],[0.7668938350548514,36.406537123053695]]]]},"properties":{"speed":0.1295,"dir_deg":57.6,"type":"ضعيف"}},{"type":"Feature","geometry":{"type":"MultiPolygon","coordinates":[[[[0.7908974894624538,36.39647107339796],[0.8004826639182427,36.408009029484376],[0.8020210580630984,36.40673100622361],[0.7924358836073094,36.395193050137195],[0.7908974894624538,36.39647107339796]]],[[[0.8044469191426001,36.41121600321613],[0.7989442697733872,36.40928705274515],[0.803559452207954,36.405452982962835],[0.8044469191426001,36.41121600321613]]]]},"properties":{"speed":0.1579,"dir_deg":39.7,"type":"ضعيف"}},{"type":"Feature","geometry":{"type":"MultiPolygon","coordinates":[[[[0.8324167434839667,36.396231936084895],[0.8384148582437544,36.40998048580217],[0.8402479982060579,36.40918073716754],[0.8342498834462702,36.39543218745026],[0.8324167434839667,36.396231936084895]]],[[[0.841330799811502,36.414163461390615],[0.8365817182814509,36.410780234436814],[0.8420811381683614,36.4083809885329],[0.841330799811502,36.414163461390615]]]]},"properties":{"speed":0.1451,"dir_deg":23.6,"type":"ضعيف"}},{"type":"Feature","geometry":{"type":"MultiPolygon","coordinates":[[[[0.8740517495676235,36.3961495851801],[0.8788146007554141,36.410373341665746],[0.880711101620167,36.40973829484071],[0.8759482504323765,36.39551453835506],[0.8740517495676235,36.3961495851801]]],[[[0.8813504682503873,36.414797070415105],[0.8769180998906613,36.411008388490785],[0.8826076024849198,36.40910324801567],[0.8813504682503873,36.414797070415105]]]]},"properties":{"speed":0.0682,"dir_deg":18.5,"type":"ضعيف"}},{"type":"Feature","geometry":{"type":"MultiPolygon","coordinates":[[[[-0.41566717192284786,36.43746790459291],[-0.41614860302920326,36.42247563244724],[-0.41814757264862595,36.422539823261424],[-0.41766614154227055,36.43753209540709],[-0.41566717192284786,36.43746790459291]]],[[[-0.4173085648743664,36.41751030380577],[-0.4141496334097806,36.42241144163306],[-0.4201465422680486,36.4226040140756],[-0.4173085648743664,36.41751030380577]]]]},"properties":{"speed":0.1304,"dir_deg":181.8,"type":"ضعيف"}},{"type":"Feature","geometry":{"type":"MultiPolygon","coordinates":[[[[-0.37400755859827617,36.437377280547004],[-0.375848350393267,36.422490659521145],[-0.37783323319671464,36.42273609842714],[-0.37599244140172383,36.437622719452996],[-0.37400755859827617,36.437377280547004]]],[[[-0.3774543890599878,36.417651171965524],[-0.37386346758981936,36.422245220615146],[-0.37981811600016224,36.422981537333136],[-0.3774543890599878,36.417651171965524]]]]},"properties":{"speed":0.0682,"dir_deg":187.0,"type":"ضعيف"}},{"type":"Feature","geometry":{"type":"MultiPolygon","coordinates":[[[[-0.33362473481786203,36.43654339612987],[-0.34797379286977614,36.44091426938619],[-0.34739100976893367,36.44282747712645],[-0.33304195171701956,36.43845660387013],[-0.33362473481786203,36.43654339612987]]],[[[-0.352465420669993,36.443327831008425],[-0.34855657597061857,36.43900106164594],[-0.34680822666809125,36.4447406848667],[-0.352465420669993,36.443327831008425]]]]},"properties":{"speed":0.0136,"dir_deg":286.9,"type":"ضعيف"}},{"type":"Feature","geometry":{"type":"MultiPolygon","coordinates":[[[[-0.2925752614116606,36.43708234279952],[-0.298840119418901,36.45071141298604],[-0.29702291006069814,36.451546727387],[-0.2907580520534578,36.43791765720048],[-0.2925752614116606,36.43708234279952]]],[[[-0.300019800742213,36.45567209358203],[-0.30065732877710377,36.44987609858507],[-0.29520570070249535,36.45238204178796],[-0.300019800742213,36.45567209358203]]]]},"properties":{"speed":0.0821,"dir_deg":335.3,"type":"ضعيف"}},{"type":"Feature","geometry":{"type":"MultiPolygon","coordinates":[[[[-0.2509132252910548,36.437092545011346],[-0.25702505012084403,36.450790924377166],[-0.2551985995387344,36.451605834354474],[-0.24908677470894522,36.437907454988654],[-0.2509132252910548,36.437092545011346]]],[[[-0.2581490997730523,36.455764505821094],[-0.2588515007029536,36.449976014399866],[-0.25337214895662485,36.452420744331775],[-0.2581490997730523,36.455764505821094]]]]},"properties":{"speed":0.1558,"dir_deg":336.0,"type":"ضعيف"}},{"type":"Feature","geometry":{"type":"MultiPolygon","coordinates":[[[[-0.20927179526305803,36.437154630800954],[-0.21445233324877777,36.45123163425263],[-0.21257539945522091,36.45192237265072],[-0.20739486146950117,36.437845369199046],[-0.20927179526305803,36.437154630800954]]],[[[-0.21524071234723927,36.45626933793557],[-0.21632926704233466,36.45054089585453],[-0.21069846566166403,36.45261311104882],[-0.21524071234723927,36.45626933793557]]]]},"properties":{"speed":0.2339,"dir_deg":339.8,"type":"متوسط"}},{"type":"Feature","geometry":{"type":"MultiPolygon","coordinates":[[[[-0.16763242506428255,36.43724053842027],[-0.1715243487602737,36.4517268398787],[-0.1695928418991494,36.452245763038164],[-0.16570091820315824,36.43775946157973],[-0.16763242506428255,36.43724053842027]]],[[[-0.17185590322837527,36.45681506861124],[-0.17345585562139804,36.451207916719234],[-0.16766133503802505,36.45276468619763],[-0.17185590322837527,36.45681506861124]]]]},"properties":{"speed":0.2727,"dir_deg":345.0,"type":"متوسط"}},{"type":"Feature","geometry":{"type":"MultiPolygon","coordinates":[[[[-0.12595712723222163,36.43721033215343],[-0.13030214493085543,36.45156724063675],[-0.12838789046641216,36.452146576329895],[-0.12404287276777835,36.43778966784657],[-0.12595712723222163,36.43721033215343]]],[[[-0.13079335693151173,36.45664254464443],[-0.13221639939529872,36.450987904943595],[-0.12647363600196887,36.45272591202305],[-0.13079335693151173,36.45664254464443]]]]},"properties":{"speed":0.2703,"dir_deg":343.2,"type":"متوسط"}},{"type":"Feature","geometry":{"type":"MultiPolygon","coordinates":[[[[-0.08426814076874746,36.437144838484734],[-0.08959556349775903,36.45116691276304],[-0.08772595359398451,36.451877235793575],[-0.08239853086497294,36.437855161515266],[-0.08426814076874746,36.437144838484734]]],[[[-0.09043656612220896,36.45619609903775],[-0.09146517340153354,36.450456589732504],[-0.08585634369021,36.45258755882411],[-0.09043656612220896,36.45619609903775]]]]},"properties":{"speed":0.275,"dir_deg":339.2,"type":"متوسط"}},{"type":"Feature","geometry":{"type":"MultiPolygon","coordinates":[[[[-0.04259301943942735,36.43712333988661],[-0.04824292114027886,36.45101861285157],[-0.046390218078284355,36.45177193307835],[-0.04074031637743285,36.43787666011339],[-0.04259301943942735,36.43712333988661]]],[[[-0.04919987017623211,36.45602703061994],[-0.05009562420227337,36.45026529262479],[-0.044537515016289844,36.452525253305126],[-0.04919987017623211,36.45602703061994]]]]},"properties":{"speed":0.293,"dir_deg":337.9,"type":"متوسط"}},{"type":"Feature","geometry":{"type":"MultiPolygon","coordinates":[[[[-0.0009708409407394959,36.4372602754335],[-0.004566709438253191,36.451822889544594],[-0.002625027556774199,36.45230233867759],[0.0009708409407394959,36.4377397245665],[-0.0009708409407394959,36.4372602754335]]],[[[-0.00479449133001826,36.45691681881479],[-0.006508391319732182,36.45134344041159],[-0.0006833456752952075,36.45278178781059],[-0.00479449133001826,36.45691681881479]]]]},"properties":{"speed":0.3946,"dir_deg":346.1,"type":"متوسط"}},{"type":"Feature","geometry":{"type":"MultiPolygon","coordinates":[[[[0.04066671459249355,36.43750966260563],[0.04081165367689055,36.45250896234467],[0.04281156030876365,36.45248963713342],[0.04266662122436665,36.43749033739437],[0.04066671459249355,36.43750966260563]]],[[[0.04185992002095943,36.45749906631873],[0.03881174704501744,36.45252828755593],[0.04481146694063676,36.45247031192216],[0.04185992002095943,36.45749906631873]]]]},"properties":{"speed":0.5073,"dir_deg":0.6,"type":"قوي"}},{"type":"Feature","geometry":{"type":"MultiPolygon","coordinates":[[[[0.08235437545391501,36.43770405050302],[0.0854151329991968,36.4523884559472],[0.08737305372508718,36.451980354941156],[0.08431229617980539,36.43729594949698],[0.08235437545391501,36.43770405050302]]],[[[0.08741434587723591,36.45707920725891],[0.08345721227330641,36.45279655695324],[0.08933097445097757,36.45157225393512],[0.08741434587723591,36.45707920725891]]]]},"properties":{"speed":0.5612,"dir_deg":11.8,"type":"قوي"}},{"type":"Feature","geometry":{"type":"MultiPolygon","coordinates":[[[[0.12403487832994076,36.43776180176084],[0.1279619047426304,36.452238626811734],[0.12989214808274888,36.45171502329005],[0.12596512167005924,36.43723819823916],[0.12403487832994076,36.43776180176084]]],[[[0.1302360352169195,36.45680243340119],[0.1260316614025119,36.45276223033343],[0.13182239142286736,36.45119141976836],[0.1302360352169195,36.45680243340119]]]]},"properties":{"speed":0.5334,"dir_deg":15.2,"type":"قوي"}},{"type":"Feature","geometry":{"type":"MultiPolygon","coordinates":[[[[0.16568792910679203,36.437705092822846],[0.16876432144944348,36.45238623072677],[0.1707218065033002,36.45197604508108],[0.16764541416064876,36.437294907177154],[0.16568792910679203,36.437705092822846]]],[[[0.17076852809058898,36.45707485053857],[0.16680683639558677,36.45279641637246],[0.17267929155715692,36.4515658594354],[0.17076852809058898,36.45707485053857]]]]},"properties":{"speed":0.4261,"dir_deg":11.8,"type":"متوسط"}},{"type":"Feature","geometry":{"type":"MultiPolygon","coordinates":[[[[0.20733988282655705,36.437614306428536],[0.2090544792546451,36.45251598952437],[0.2110413703340902,36.4522873766673],[0.20932677390600216,36.437385693571464],[0.20733988282655705,36.437614306428536]]],[[[0.2106194569370637,36.45736891079445],[0.20706758817520002,36.45274460238145],[0.21302826141353529,36.45205876381022],[0.2106194569370637,36.45736891079445]]]]},"properties":{"speed":0.2959,"dir_deg":6.6,"type":"متوسط"}},{"type":"Feature","geometry":{"type":"MultiPolygon","coordinates":[[[[0.24900176744556632,36.437440571326206],[0.24811033733867216,36.45241405964271],[0.2501068024475395,36.4525329169903],[0.2509982325544337,36.437559428673794],[0.24900176744556632,36.437440571326206]]],[[[0.24881142652414112,36.45746465108867],[0.24611387222980477,36.452295202295126],[0.25210326755640694,36.45265177433789],[0.24881142652414112,36.45746465108867]]]]},"properties":{"speed":0.1611,"dir_deg":356.6,"type":"ضعيف"}},{"type":"Feature","geometry":{"type":"MultiPolygon","coordinates":[[[[0.29116878811678143,36.436632747533054],[0.27816000111259476,36.44410077676972],[0.2791557383441503,36.445835281703616],[0.292164525348337,36.438367252466946],[0.29116878811678143,36.436632747533054]]],[[[0.27432160739364364,36.447457372315554],[0.27716426388103926,36.44236627183583],[0.2801514755757058,36.44756978663751],[0.27432160739364364,36.447457372315554]]]]},"properties":{"speed":0.0829,"dir_deg":299.9,"type":"ضعيف"}},{"type":"Feature","geometry":{"type":"MultiPolygon","coordinates":[[[[0.3336469985350128,36.436550463074376],[0.31940394465064587,36.4318456340608],[0.3187766341155019,36.43374470791205],[0.3330196879998688,36.438449536925624],[0.3336469985350128,36.436550463074376]]],[[[0.31434260475495157,36.43122689464856],[0.3200312551857898,36.42994656020955],[0.31814932358035797,36.4356437817633],[0.31434260475495157,36.43122689464856]]]]},"properties":{"speed":0.1256,"dir_deg":251.7,"type":"ضعيف"}},{"type":"Feature","geometry":{"type":"MultiPolygon","coordinates":[[[[0.3754805933403371,36.43662305642073],[0.362326439651281,36.42941415631567],[0.36136525297060673,36.431168043474216],[0.3745194066596629,36.43837694357927],[0.3754805933403371,36.43662305642073]]],[[[0.3574611284145918,36.42788813319326],[0.36328762633195527,36.42766026915713],[0.36040406628993243,36.43292193063276],[0.3574611284145918,36.42788813319326]]]]},"properties":{"speed":0.1417,"dir_deg":241.3,"type":"ضعيف"}},{"type":"Feature","geometry":{"type":"MultiPolygon","coordinates":[[[[0.41717925192166166,36.436641369595165],[0.40429979584911996,36.428952441758625],[0.40327460547091504,36.430669702568295],[0.41615406154345674,36.438358630404835],[0.41717925192166166,36.436641369595165]]],[[[0.39949404863583693,36.42724809621795],[0.4053249862273248,36.427235180948955],[0.40224941509271017,36.432386963377965],[0.39949404863583693,36.42724809621795]]]]},"properties":{"speed":0.1077,"dir_deg":239.2,"type":"ضعيف"}},{"type":"Feature","geometry":{"type":"MultiPolygon","coordinates":[[[[0.4590232852377843,36.4367761353182],[0.44816531501077245,36.426427005763045],[0.44678543107008545,36.42787473512665],[0.4576434012970973,36.4382238646818],[0.4590232852377843,36.4367761353182]]],[[[0.443856049631425,36.42370116059313],[0.4495451989514594,36.42497927639945],[0.4454055471293985,36.42932246449025],[0.443856049631425,36.42370116059313]]]]},"properties":{"speed":0.0526,"dir_deg":226.4,"type":"ضعيف"}},{"type":"Feature","geometry":{"type":"MultiPolygon","coordinates":[[[[0.5000645183687095,36.4384979165196],[0.5150332661627732,36.43753014098896],[0.5149042294253543,36.43553430794976],[0.4999354816312905,36.4365020834804],[0.5000645183687095,36.4384979165196]]],[[[0.519958330392085,36.43620963262581],[0.5151623029001923,36.43952597402817],[0.5147751926879353,36.43353847491055],[0.519958330392085,36.43620963262581]]]]},"properties":{"speed":0.0332,"dir_deg":93.7,"type":"ضعيف"}},{"type":"Feature","geometry":{"type":"MultiPolygon","coordinates":[[[[0.5417947234711297,36.43849176940009],[0.5566712644724897,36.436571215356366],[0.5564151905999936,36.43458767655619],[0.5415386495986335,36.43650823059991],[0.5417947234711297,36.43849176940009]]],[[[0.561502074536695,36.43493926127504],[0.5569273383449858,36.43855475415655],[0.5561591167274975,36.43260413775601],[0.561502074536695,36.43493926127504]]]]},"properties":{"speed":0.1015,"dir_deg":97.4,"type":"ضعيف"}},{"type":"Feature","geometry":{"type":"MultiPolygon","coordinates":[[[[0.5831959852691011,36.438490525601175],[0.5980538692866924,36.44055044854144],[0.598328525678727,36.43856939733909],[0.5834706416611357,36.436509474398825],[0.5831959852691011,36.438490525601175]]],[[[0.6031438254885734,36.44024656392035],[0.5977792128946579,36.44253149974378],[0.5986031820707615,36.436588346136745],[0.6031438254885734,36.44024656392035]]]]},"properties":{"speed":0.1554,"dir_deg":82.1,"type":"ضعيف"}},{"type":"Feature","geometry":{"type":"MultiPolygon","coordinates":[[[[0.6249714031046556,36.438499591025156],[0.6399652684820274,36.43892854445532],[0.6400224622727162,36.43692936240501],[0.6250285968953444,36.436500408974844],[0.6249714031046556,36.438499591025156]]],[[[0.6449918205031624,36.43807193790689],[0.6399080746913387,36.44092772650564],[0.6400796560634049,36.43493018035469],[0.6449918205031624,36.43807193790689]]]]},"properties":{"speed":0.1975,"dir_deg":88.4,"type":"ضعيف"}},{"type":"Feature","geometry":{"type":"MultiPolygon","coordinates":[[[[0.6664388015244731,36.4384736880517],[0.6810441223000331,36.44189196320783],[0.6814998923208501,36.43994458710443],[0.6668945715452901,36.4365263119483],[0.6664388015244731,36.4384736880517]]],[[[0.6861404475689615,36.44205770020817],[0.6805883522792161,36.44383933931124],[0.681955662341667,36.43799721100102],[0.6861404475689615,36.44205770020817]]]]},"properties":{"speed":0.235,"dir_deg":76.8,"type":"متوسط"}},{"type":"Feature","geometry":{"type":"MultiPolygon","coordinates":[[[[0.7081167768782072,36.43847627450368],[0.722760894433355,36.44172432330735],[0.7231939676071775,36.43977177429999],[0.7085498500520296,36.43652372549632],[0.7081167768782072,36.43847627450368]]],[[[0.7278588035386488,36.44183073173822],[0.7223278212595325,36.4436768723147],[0.7236270407809999,36.43781922529264],[0.7278588035386488,36.44183073173822]]]]},"properties":{"speed":0.2635,"dir_deg":77.5,"type":"متوسط"}},{"type":"Feature","geometry":{"type":"MultiPolygon","coordinates":[[[[0.7496244892541104,36.43842681804024],[0.7635267598577679,36.444059479228585],[0.764277781349547,36.4422058431481],[0.7503755107458896,36.43657318195976],[0.7496244892541104,36.43842681804024]]],[[[0.7685363608048765,36.445010214917794],[0.7627757383659886,36.445913115309075],[0.7650288028413263,36.44035220706761],[0.7685363608048765,36.445010214917794]]]]},"properties":{"speed":0.2974,"dir_deg":67.9,"type":"متوسط"}},{"type":"Feature","geometry":{"type":"MultiPolygon","coordinates":[[[[0.7912187693561548,36.43839407505334],[0.804629895156225,36.44511283273424],[0.8055257295136786,36.44332468262756],[0.7921146037136084,36.43660592494666],[0.7912187693561548,36.43839407505334]]],[[[0.8095481876016418,36.446458343574534],[0.8037340607987712,36.446900982840916],[0.8064215638711324,36.441536532520885],[0.8095481876016418,36.446458343574534]]]]},"properties":{"speed":0.3054,"dir_deg":63.4,"type":"متوسط"}},{"type":"Feature","geometry":{"type":"MultiPolygon","coordinates":[[[[0.8327039623711774,36.43827712109774],[0.844360778837303,36.447717387506856],[0.845619481025185,36.446163145311374],[0.8339626645590594,36.43672287890226],[0.8327039623711774,36.43827712109774]]],[[[0.8488757354199525,36.45008702187882],[0.843102076649421,36.44927162970234],[0.846878183213067,36.44460890311589],[0.8488757354199525,36.45008702187882]]]]},"properties":{"speed":0.2951,"dir_deg":51.0,"type":"متوسط"}},{"type":"Feature","geometry":{"type":"MultiPolygon","coordinates":[[[[0.8742531078896287,36.438164945242455],[0.8842272865264716,36.449368326898025],[0.8857210707472142,36.448038436413114],[0.8757468921103713,36.436835054757545],[0.8742531078896287,36.438164945242455]]],[[[0.888298904849124,36.452437842207424],[0.8827335023057291,36.450698217382936],[0.8872148549679567,36.4467085459282],[0.888298904849124,36.452437842207424]]]]},"properties":{"speed":0.2193,"dir_deg":41.7,"type":"متوسط"}},{"type":"Feature","geometry":{"type":"MultiPolygon","coordinates":[[[[0.9157177563364012,36.4378154860986],[0.9204500478154514,36.45204943907581],[0.9223479082124122,36.45141846687861],[0.917615616733362,36.4371845139014],[0.9157177563364012,36.4378154860986]]],[[[0.9229764085069485,36.45647860396961],[0.9185521874184907,36.452680411273015],[0.9242457686093729,36.4507874946814],[0.9229764085069485,36.45647860396961]]]]},"properties":{"speed":0.3113,"dir_deg":18.4,"type":"متوسط"}},{"type":"Feature","geometry":{"type":"MultiPolygon","coordinates":[[[[-0.4157134769100532,36.47886553415512],[-0.42024953806954873,36.46456783681753],[-0.4221558977145607,36.465172644972135],[-0.4176198365550652,36.479470342309725],[-0.4157134769100532,36.47886553415512]]],[[[-0.4227147382785532,36.460104341782305],[-0.4183431784245368,36.46396302866293],[-0.42406225735957265,36.465777453126734],[-0.4227147382785532,36.460104341782305]]]]},"properties":{"speed":0.1428,"dir_deg":197.6,"type":"ضعيف"}},{"type":"Feature","geometry":{"type":"MultiPolygon","coordinates":[[[[-0.3741557252450815,36.478632027663195],[-0.38219438378346016,36.465967906339415],[-0.38388293329329715,36.46703972747787],[-0.3758442747549185,36.47970384880165],[-0.3741557252450815,36.478632027663195]]],[[[-0.38571821138450485,36.46228244313405],[-0.38050583427362317,36.46489608520096],[-0.38557148280313414,36.46811154861632],[-0.38571821138450485,36.46228244313405]]]]},"properties":{"speed":0.0905,"dir_deg":212.4,"type":"ضعيف"}},{"type":"Feature","geometry":{"type":"MultiPolygon","coordinates":[[[[-0.3331364408509637,36.4781875151409],[-0.34784278722376266,36.47523397889375],[-0.3482365920567168,36.477194825076786],[-0.33353024568391787,36.48014836132394],[-0.3331364408509637,36.4781875151409]]],[[[-0.3529418050978394,36.475229889902884],[-0.34744898239080857,36.47327313271071],[-0.3486303968896709,36.479155671259825],[-0.3529418050978394,36.475229889902884]]]]},"properties":{"speed":0.0665,"dir_deg":258.6,"type":"ضعيف"}},{"type":"Feature","geometry":{"type":"MultiPolygon","coordinates":[[[[-0.2920956891025488,36.4782646491173],[-0.30564502582940545,36.48470013466714],[-0.30478696108942627,36.48650671289739],[-0.2912376243625696,36.480071227347544],[-0.2920956891025488,36.4782646491173]]],[[[-0.3097324390350347,36.48774858563221],[-0.3065030905693847,36.48289355643689],[-0.30392889634944703,36.48831329112764],[-0.3097324390350347,36.48774858563221]]]]},"properties":{"speed":0.1018,"dir_deg":295.4,"type":"ضعيف"}},{"type":"Feature","geometry":{"type":"MultiPolygon","coordinates":[[[[-0.25064304637135293,36.478402110990615],[-0.2621304549984199,36.48804780656091],[-0.26084436225571406,36.48957946104452],[-0.24935695362864707,36.47993376547423],[-0.25064304637135293,36.478402110990615]]],[[[-0.2653165448360893,36.49202886565948],[-0.2634165477411258,36.4865161520773],[-0.2595582695130082,36.49111111552813],[-0.2653165448360893,36.49202886565948]]]]},"properties":{"speed":0.1518,"dir_deg":310.0,"type":"ضعيف"}},{"type":"Feature","geometry":{"type":"MultiPolygon","coordinates":[[[[-0.20913361428923857,36.478568319652396],[-0.2181278929896449,36.490572608496784],[-0.21652732114372697,36.491771845656835],[-0.20753304244332063,36.47976755681245],[-0.20913361428923857,36.478568319652396]]],[[[-0.2203256999668214,36.4951736566916],[-0.21972846483556285,36.489373371336725],[-0.21492674929780903,36.492971082816894],[-0.2203256999668214,36.4951736566916]]]]},"properties":{"speed":0.2117,"dir_deg":323.2,"type":"ضعيف"}},{"type":"Feature","geometry":{"type":"MultiPolygon","coordinates":[[[[-0.1675443861861946,36.47868875438005],[-0.17473214397178932,36.491854472667164],[-0.1729767148668409,36.492812840371904],[-0.1657889570812462,36.47964712208479],[-0.1675443861861946,36.47868875438005]]],[[[-0.17625034868118003,36.49672222928191],[-0.1764875730767377,36.49089610496242],[-0.17122128576189252,36.49377120807665],[-0.17625034868118003,36.49672222928191]]]]},"properties":{"speed":0.2489,"dir_deg":331.4,"type":"متوسط"}},{"type":"Feature","geometry":{"type":"MultiPolygon","coordinates":[[[[-0.12588069512658578,36.478694254694595],[-0.1329859481939864,36.49190468159338],[-0.13122455794081483,36.492852048669036],[-0.1241193048734142,36.47964162177025],[-0.12588069512658578,36.478694254694595]]],[[[-0.13447367075653416,36.496781840764136],[-0.134747338447158,36.49095731451773],[-0.12946316768764324,36.49379941574469],[-0.13447367075653416,36.496781840764136]]]]},"properties":{"speed":0.2655,"dir_deg":331.7,"type":"متوسط"}},{"type":"Feature","geometry":{"type":"MultiPolygon","coordinates":[[[[-0.0842140014419313,36.47869419984806],[-0.09132007720736472,36.491904184224126],[-0.08955874595722253,36.492851660992855],[-0.0824526701917891,36.47964167661679],[-0.0842140014419313,36.47869419984806]]],[[[-0.09280810350410477,36.49678125073385],[-0.09308140845750691,36.4909567074554],[-0.08779741470708034,36.49379913776158],[-0.09280810350410477,36.49678125073385]]]]},"properties":{"speed":0.2831,"dir_deg":331.7,"type":"متوسط"}},{"type":"Feature","geometry":{"type":"MultiPolygon","coordinates":[[[[-0.042553316457616674,36.47870549434369],[-0.04948997478859284,36.49200522258149],[-0.04771667769021969,36.49293011035895],[-0.040780019359243525,36.47963038212115],[-0.042553316457616674,36.47870549434369]]],[[[-0.05091554568306499,36.49690090921615],[-0.051263271886966,36.491080334804025],[-0.045943380591846536,36.49385499813641],[-0.05091554568306499,36.49690090921615]]]]},"properties":{"speed":0.2926,"dir_deg":332.5,"type":"متوسط"}},{"type":"Feature","geometry":{"type":"MultiPolygon","coordinates":[[[[-0.0009609490518062137,36.47889121288152],[-0.005111829315360707,36.49330544865862],[-0.0031899312117482795,36.49385889936042],[0.0009609490518062137,36.47944466358332],[-0.0009609490518062137,36.47889121288152]]],[[[-0.005534507018072659,36.49838691926855],[-0.007033727418973134,36.49275199795681],[-0.0012680331081358523,36.49441235006223],[-0.005534507018072659,36.49838691926855]]]]},"properties":{"speed":0.3726,"dir_deg":343.9,"type":"متوسط"}},{"type":"Feature","geometry":{"type":"MultiPolygon","coordinates":[[[[0.04066669075652835,36.47917469809],[0.040768088620189755,36.49417435536852],[0.04276804292399325,36.49416083565337],[0.04266664506033185,36.479161178374845],[0.04066669075652835,36.47917469809]]],[[[0.041801865059978634,36.499167481270455],[0.03876813431638625,36.494187875083675],[0.04476799722779675,36.494147315938214],[0.041801865059978634,36.499167481270455]]]]},"properties":{"speed":0.4579,"dir_deg":0.4,"type":"قوي"}},{"type":"Feature","geometry":{"type":"MultiPolygon","coordinates":[[[[0.08235584697281166,36.47937892534046],[0.08552065359346701,36.49404125800119],[0.08747563128156409,36.49361928378511],[0.08431082466090874,36.47895695112438],[0.08235584697281166,36.47937892534046]]],[[[0.087553077977734,36.49871771511339],[0.08356567590536992,36.49446323221728],[0.08943060896966118,36.49319730956902],[0.087553077977734,36.49871771511339]]]]},"properties":{"speed":0.5045,"dir_deg":12.2,"type":"قوي"}},{"type":"Feature","geometry":{"type":"MultiPolygon","coordinates":[[[[0.12403720614780904,36.47943817516214],[0.128090760093576,36.493880082945005],[0.1300163477979579,36.493339609085574],[0.12596279385219095,36.47889770130271],[0.12403720614780904,36.47943817516214]]],[[[0.13040473859435595,36.49842381527624],[0.12616517238919409,36.49442055680444],[0.13194193550233982,36.492799135226136],[0.13040473859435595,36.49842381527624]]]]},"properties":{"speed":0.4925,"dir_deg":15.7,"type":"قوي"}},{"type":"Feature","geometry":{"type":"MultiPolygon","coordinates":[[[[0.1656973300238086,36.4794136552308],[0.16938308499953061,36.493953779379474],[0.17132176821935421,36.49346234538272],[0.1676360132436322,36.47892222123404],[0.1656973300238086,36.4794136552308]]],[[[0.17158101160134975,36.49855477043066],[0.16744440177970701,36.49444521337624],[0.17326045143917781,36.49297091138595],[0.17158101160134975,36.49855477043066]]]]},"properties":{"speed":0.4348,"dir_deg":14.2,"type":"متوسط"}},{"type":"Feature","geometry":{"type":"MultiPolygon","coordinates":[[[[0.20736584050324988,36.47942085567921],[0.21115960220508237,36.493933173624654],[0.2130945779311418,36.49342733873108],[0.20930081622930932,36.478915020785635],[0.20736584050324988,36.47942085567921]]],[[[0.21339167730205627,36.498517695493014],[0.20922462647902293,36.494439008518235],[0.21502955365720125,36.4929215038375],[0.21339167730205627,36.498517695493014]]]]},"properties":{"speed":0.3387,"dir_deg":14.7,"type":"متوسط"}},{"type":"Feature","geometry":{"type":"MultiPolygon","coordinates":[[[[0.24903485642636486,36.47942965923324],[0.25296067143868134,36.493906812837764],[0.2548909585859516,36.49338337083613],[0.25096514357363514,36.478906217231604],[0.24903485642636486,36.47942965923324]]],[[[0.25523442001642194,36.498470809705125],[0.25103038429141106,36.49443025483941],[0.2568212457332219,36.492859928834484],[0.25523442001642194,36.498470809705125]]]]},"properties":{"speed":0.2069,"dir_deg":15.2,"type":"ضعيف"}},{"type":"Feature","geometry":{"type":"MultiPolygon","coordinates":[[[[0.2906682276271514,36.479111908584244],[0.28982778290453,36.49408834516536],[0.2918246411153456,36.494200404461715],[0.292665085837967,36.4792239678806],[0.2906682276271514,36.479111908584244]]],[[[0.290546063769064,36.49913652034058],[0.2878309246937144,36.49397628586901],[0.2938214993261612,36.494312463758064],[0.290546063769064,36.49913652034058]]]]},"properties":{"speed":0.07,"dir_deg":356.8,"type":"ضعيف"}},{"type":"Feature","geometry":{"type":"MultiPolygon","coordinates":[[[[0.3338528405654076,36.4783134661396],[0.3210357591731341,36.470521006670104],[0.3199967645772005,36.47222995085574],[0.332813845969474,36.48002241032524],[0.3338528405654076,36.4783134661396]]],[[[0.3162439014110761,36.46877799227308],[0.32207475376906775,36.46881206248447],[0.31895776998126685,36.47393889504138],[0.3162439014110761,36.46877799227308]]]]},"properties":{"speed":0.0598,"dir_deg":238.7,"type":"ضعيف"}},{"type":"Feature","geometry":{"type":"MultiPolygon","coordinates":[[[[0.3758300463907966,36.478610243881434],[0.3674646311259549,36.46615954801948],[0.3658045383443617,36.46727493672146],[0.3741699536092034,36.47972563258341],[0.3758300463907966,36.478610243881434]]],[[[0.3638461129802111,36.46256701041649],[0.3691247239075481,36.4650441593175],[0.36414444556276854,36.46839032542344],[0.3638461129802111,36.46256701041649]]]]},"properties":{"speed":0.117,"dir_deg":213.9,"type":"ضعيف"}},{"type":"Feature","geometry":{"type":"MultiPolygon","coordinates":[[[[0.4175954690902057,36.47879738782521],[0.4120372129820618,36.464865202460516],[0.41017958826676887,36.46560630327494],[0.41573784437491274,36.47953848863963],[0.4175954690902057,36.47879738782521]]],[[[0.4092556485883674,36.46059169107949],[0.41389483769735474,36.4641241016461],[0.40832196355147593,36.466347404089355],[0.4092556485883674,36.46059169107949]]]]},"properties":{"speed":0.1226,"dir_deg":201.7,"type":"ضعيف"}},{"type":"Feature","geometry":{"type":"MultiPolygon","coordinates":[[[[0.4593327802515271,36.47920148990661],[0.4598360553642766,36.46420993514531],[0.457837181396104,36.46414283179694],[0.4573339062833545,36.479134386558236],[0.4593327802515271,36.47920148990661]]],[[[0.4590043767511068,36.45917919855069],[0.4618349293324492,36.46427703849368],[0.4558383074279314,36.46407572844858],[0.4590043767511068,36.45917919855069]]]]},"properties":{"speed":0.1278,"dir_deg":178.1,"type":"ضعيف"}},{"type":"Feature","geometry":{"type":"MultiPolygon","coordinates":[[[[0.5007732187897019,36.479802077572984],[0.5102853088981724,36.468203795727455],[0.5087388713187685,36.46693551704633],[0.499226781210298,36.47853379889186],[0.5007732187897019,36.479802077572984]]],[[[0.5126827868112939,36.46370356243838],[0.5118317464775763,36.469472074408586],[0.5071924337393645,36.4656672383652],[0.5126827868112939,36.46370356243838]]]]},"properties":{"speed":0.1161,"dir_deg":140.6,"type":"ضعيف"}},{"type":"Feature","geometry":{"type":"MultiPolygon","coordinates":[[[[0.5423285776216883,36.479917538251904],[0.5535725779139031,36.469989171949805],[0.5522487957402897,36.46848997191084],[0.5410047954480749,36.47841833821294],[0.5423285776216883,36.479917538251904]]],[[[0.5566586869245014,36.46593011649629],[0.5548963600875164,36.47148837198877],[0.5509250135666764,36.46699077187188],[0.5566586869245014,36.46593011649629]]]]},"properties":{"speed":0.1859,"dir_deg":131.4,"type":"ضعيف"}},{"type":"Feature","geometry":{"type":"MultiPolygon","coordinates":[[[[0.5836775887840248,36.48010680696914],[0.5977606198348386,36.474942677185545],[0.5970720691970259,36.47306493971211],[0.5829890381462121,36.478229069495704],[0.5836775887840248,36.48010680696914]]],[[[0.602110688199537,36.472282431854296],[0.5984491704726512,36.47682041465899],[0.5963835185592133,36.47118720223867],[0.602110688199537,36.472282431854296]]]]},"properties":{"speed":0.205,"dir_deg":110.1,"type":"ضعيف"}},{"type":"Feature","geometry":{"type":"MultiPolygon","coordinates":[[[[0.6254169298475233,36.480076876900455],[0.6390510098680064,36.473822929187605],[0.6382171501729599,36.47200505185154],[0.6245830701524767,36.47825899956439],[0.6254169298475233,36.480076876900455]]],[[[0.6431787733606442,36.470829341281956],[0.6398848695630531,36.47564080652367],[0.6373832904779132,36.47018717451547],[0.6431787733606442,36.470829341281956]]]]},"properties":{"speed":0.253,"dir_deg":114.6,"type":"متوسط"}},{"type":"Feature","geometry":{"type":"MultiPolygon","coordinates":[[[[0.6667904919608771,36.480160244745804],[0.6816750896615595,36.47830316335587],[0.6814274788095684,36.476318550329104],[0.666542881108886,36.47817563171904],[0.6667904919608771,36.480160244745804]]],[[[0.6865128168024581,36.47669182971251],[0.6819227005135508,36.480287776382625],[0.6811798679575772,36.47433393730235],[0.6865128168024581,36.47669182971251]]]]},"properties":{"speed":0.2669,"dir_deg":97.1,"type":"متوسط"}},{"type":"Feature","geometry":{"type":"MultiPolygon","coordinates":[[[[0.7084184019876034,36.48016431162796],[0.723364002920714,36.478887983790685],[0.723193825875744,36.47689523699961],[0.7082482249426334,36.478171564836884],[0.7084184019876034,36.48016431162796]]],[[[0.7282607813759325,36.47746616778272],[0.723534179965684,36.48088073058177],[0.723023648830774,36.47490249020853],[0.7282607813759325,36.47746616778272]]]]},"properties":{"speed":0.3014,"dir_deg":94.9,"type":"متوسط"}},{"type":"Feature","geometry":{"type":"MultiPolygon","coordinates":[[[[0.7497919370995998,36.48014605368035],[0.7644636688185326,36.483266997186355],[0.764879794619333,36.4813107662905],[0.7502080629004002,36.47818982278449],[0.7497919370995998,36.48014605368035]]],[[[0.7695623089585769,36.483329196240426],[0.7640475430177321,36.48522322808221],[0.7652959204201334,36.47935453539464],[0.7695623089585769,36.483329196240426]]]]},"properties":{"speed":0.3369,"dir_deg":78.0,"type":"متوسط"}},{"type":"Feature","geometry":{"type":"MultiPolygon","coordinates":[[[[0.7914352131957502,36.480140779480145],[0.8060278319115958,36.48361287956712],[0.8064907785898586,36.48166719707167],[0.791898159874013,36.4781950969847],[0.7914352131957502,36.480140779480145]]],[[[0.8111235114893424,36.48379740501505],[0.8055648852333328,36.485558562062565],[0.8069537252681216,36.47972151457623],[0.8111235114893424,36.48379740501505]]]]},"properties":{"speed":0.3669,"dir_deg":76.6,"type":"متوسط"}},{"type":"Feature","geometry":{"type":"MultiPolygon","coordinates":[[[[0.8328372646912225,36.48003623289089],[0.845861684568176,36.48747696449933],[0.8468537821159677,36.485740375182395],[0.8338293622390143,36.478299643573955],[0.8328372646912225,36.48003623289089]]],[[[0.8506992066343898,36.48908891371034],[0.8448695870203842,36.489213553816256],[0.8478458796637596,36.48400378586547],[0.8506992066343898,36.48908891371034]]]]},"properties":{"speed":0.414,"dir_deg":60.3,"type":"متوسط"}},{"type":"Feature","geometry":{"type":"MultiPolygon","coordinates":[[[[0.8744257587739452,36.479986624383706],[0.8867060510431589,36.488600242774524],[0.8878545334952684,36.486962870471956],[0.8755742412260548,36.47834925208114],[0.8744257587739452,36.479986624383706]]],[[[0.8913737230256182,36.49065276275352],[0.8855575685910495,36.490237615077085],[0.8890030159473779,36.485325498169395],[0.8913737230256182,36.49065276275352]]]]},"properties":{"speed":0.4232,"dir_deg":55.0,"type":"متوسط"}},{"type":"Feature","geometry":{"type":"MultiPolygon","coordinates":[[[[0.9159926217401885,36.479906610455096],[0.9270727050803503,36.49001758237549],[0.9284208346697366,36.488540237930145],[0.9173407513295747,36.47842926600975],[0.9159926217401885,36.479906610455096]]],[[[0.9314401309884308,36.49264923412628],[0.925724575490964,36.49149492682085],[0.9297689642591229,36.48706289348479],[0.9314401309884308,36.49264923412628]]]]},"properties":{"speed":0.4833,"dir_deg":47.6,"type":"قوي"}},{"type":"Feature","geometry":{"type":"MultiPolygon","coordinates":[[[[0.957664890601679,36.47991171970277],[0.9688216126568838,36.48993806265436],[0.9701584583837626,36.488450499713664],[0.9590017363285578,36.478424156762074],[0.957664890601679,36.47991171970277]]],[[[0.9732089428720582,36.49253639550121],[0.9674847669300051,36.491425625595056],[0.9714953041106413,36.48696293677297],[0.9732089428720582,36.49253639550121]]]]},"properties":{"speed":0.3434,"dir_deg":48.1,"type":"متوسط"}},{"type":"Feature","geometry":{"type":"MultiPolygon","coordinates":[[[[0.999062387390702,36.4795156199761],[1.0042776135458358,36.493579809115566],[1.006152838764432,36.49288444562821],[1.0009376126092981,36.478820256488746],[0.999062387390702,36.4795156199761]]],[[[1.0069536348735117,36.497920190418384],[1.0024023883272397,36.49427517260292],[1.0080280639830281,36.49218908214086],[1.0069536348735117,36.497920190418384]]]]},"properties":{"speed":0.3969,"dir_deg":20.3,"type":"متوسط"}},{"type":"Feature","geometry":{"type":"MultiPolygon","coordinates":[[[[-0.4157898198611706,36.520351273767545],[-0.42300163986163003,36.507198720696714],[-0.42475531360440727,36.50816029669678],[-0.4175434936039478,36.52131284976761],[-0.4157898198611706,36.520351273767545]]],[[[-0.42628241673317174,36.5032953243398],[-0.42124796611885285,36.506237144696655],[-0.42650898734718445,36.50912187269684],[-0.42628241673317174,36.5032953243398]]]]},"properties":{"speed":0.1641,"dir_deg":208.7,"type":"ضعيف"}},{"type":"Feature","geometry":{"type":"MultiPolygon","coordinates":[[[[-0.37430253812397524,36.520115439878786],[-0.3850518664558154,36.509653511738414],[-0.38644679020786493,36.511086755516],[-0.37569746187602476,36.52154868365637],[-0.37430253812397524,36.520115439878786]]],[[[-0.3893324377757869,36.506882824247086],[-0.3836569427037659,36.50822026796084],[-0.38784171395991446,36.51251999929357],[-0.3893324377757869,36.506882824247086]]]]},"properties":{"speed":0.1236,"dir_deg":225.8,"type":"ضعيف"}},{"type":"Feature","geometry":{"type":"MultiPolygon","coordinates":[[[[-0.3330941110605751,36.51986109938355],[-0.3476585468210017,36.51627261628056],[-0.34813701123473306,36.51821454104862],[-0.33357257547430647,36.52180302415161],[-0.3330941110605751,36.51986109938355]]],[[[-0.3527525909480096,36.51604741763027],[-0.34718008240727044,36.514330691512505],[-0.34861547564846435,36.520156465816676],[-0.3527525909480096,36.51604741763027]]]]},"properties":{"speed":0.12,"dir_deg":256.2,"type":"ضعيف"}},{"type":"Feature","geometry":{"type":"MultiPolygon","coordinates":[[[[-0.2918333875269695,36.51984605931211],[-0.3066234243590381,36.52234702122826],[-0.30628996277021747,36.5243190261392],[-0.2914999259381489,36.52181806422305],[-0.2918333875269695,36.51984605931211]]],[[[-0.31138670584198397,36.524166677655785],[-0.3069568859478587,36.52037501631732],[-0.3059565011813969,36.52629103105015],[-0.31138670584198397,36.524166677655785]]]]},"properties":{"speed":0.1481,"dir_deg":279.6,"type":"ضعيف"}},{"type":"Feature","geometry":{"type":"MultiPolygon","coordinates":[[[[-0.2504177765487968,36.519923511958666],[-0.26404602368248825,36.526190160190616],[-0.2632104705848946,36.52800725980844],[-0.24958222345120318,36.52174061157649],[-0.2504177765487968,36.519923511958666]]],[[[-0.26817099617825524,36.52918759274351],[-0.2648815767800819,36.52437306057279],[-0.26237491748730096,36.529824359426264],[-0.26817099617825524,36.52918759274351]]]]},"properties":{"speed":0.1806,"dir_deg":294.7,"type":"ضعيف"}},{"type":"Feature","geometry":{"type":"MultiPolygon","coordinates":[[[[-0.20897238217462377,36.52006289973651],[-0.2205098126406845,36.52964870686167],[-0.21923170502399617,36.53118703092381],[-0.20769427455793543,36.52160122379865],[-0.20897238217462377,36.52006289973651]]],[[[-0.2237165689876939,36.53361313793446],[-0.22178792025737282,36.528110382799525],[-0.21795359740730785,36.532725354985956],[-0.2237165689876939,36.53361313793446]]]]},"properties":{"speed":0.224,"dir_deg":309.7,"type":"متوسط"}},{"type":"Feature","geometry":{"type":"MultiPolygon","coordinates":[[[[-0.16742586654766395,36.520181198431196],[-0.17718881659334693,36.53156912214035],[-0.17567042676545983,36.53287084881311],[-0.16590747671977685,36.52148292510396],[-0.16742586654766395,36.520181198431196]]],[[[-0.1796839383612977,36.53601596004645],[-0.17870720642123405,36.53026739546759],[-0.1741520369375727,36.53417257548587],[-0.1796839383612977,36.53601596004645]]]]},"properties":{"speed":0.2527,"dir_deg":319.4,"type":"متوسط"}},{"type":"Feature","geometry":{"type":"MultiPolygon","coordinates":[[[[-0.12582774360073803,36.52027095524343],[-0.13424434146290196,36.5326871092545],[-0.1325888542614259,36.533809322302794],[-0.12417225639926198,36.52139316829172],[-0.12582774360073803,36.52027095524343]]],[[[-0.13622213048288523,36.53738693378234],[-0.135899828664378,36.53156489620621],[-0.13093336705994985,36.534931535351085],[-0.13622213048288523,36.53738693378234]]]]},"properties":{"speed":0.2757,"dir_deg":325.9,"type":"متوسط"}},{"type":"Feature","geometry":{"type":"MultiPolygon","coordinates":[[[[-0.08421304379419067,36.52035654744117],[-0.09134575869034016,36.53355216710113],[-0.08958634273567921,36.53450319575395],[-0.08245362783952973,36.52130757609399],[-0.08421304379419067,36.52035654744117]]],[[[-0.09284362234505951,36.53842622131419],[-0.09310517464500111,36.53260113844831],[-0.08782692678101826,36.53545422440677],[-0.09284362234505951,36.53842622131419]]]]},"properties":{"speed":0.2877,"dir_deg":331.6,"type":"متوسط"}},{"type":"Feature","geometry":{"type":"MultiPolygon","coordinates":[[[[-0.04258186749729553,36.52042906088354],[-0.048626880757961274,36.534157054716516],[-0.04679648158023042,36.5349630564846],[-0.04075146831956467,36.52123506265162],[-0.04258186749729553,36.52042906088354]]],[[[-0.04972668558931776,36.53913605354489],[-0.05045727993569213,36.533351052948426],[-0.044966082402499566,36.53576905825269],[-0.04972668558931776,36.53913605354489]]]]},"properties":{"speed":0.2879,"dir_deg":336.2,"type":"متوسط"}},{"type":"Feature","geometry":{"type":"MultiPolygon","coordinates":[[[[-0.0009783079021532717,36.52062490567043],[-0.004085649359332471,36.53529952420273],[-0.002129033555025928,36.53571383639702],[0.0009783079021532717,36.521039217864725],[-0.0009783079021532717,36.52062490567043]]],[[[-0.0041431219429055996,36.54039821981064],[-0.0060422651636390145,36.53488521200844],[-0.00017241775071938446,36.53612814859131],[-0.0041431219429055996,36.54039821981064]]]]},"properties":{"speed":0.3468,"dir_deg":348.0,"type":"متوسط"}},{"type":"Feature","geometry":{"type":"MultiPolygon","coordinates":[[[[0.0406684452220687,36.52089165596556],[0.041562358191838934,36.53586499626098],[0.04355880356456173,36.53574580786501],[0.0426648905947915,36.52077246756959],[0.0406684452220687,36.52089165596556]]],[[[0.04285855186812374,36.540796515494804],[0.039565912819116145,36.535984184656954],[0.04555524893728452,36.53562661946904],[0.04285855186812374,36.540796515494804]]]]},"properties":{"speed":0.4014,"dir_deg":3.4,"type":"متوسط"}},{"type":"Feature","geometry":{"type":"MultiPolygon","coordinates":[[[[0.08235932277882822,36.52105855371389],[0.08575670197349196,36.53566874928437],[0.08770472804955591,36.53521576539174],[0.08430734885489218,36.520605569821264],[0.08235932277882822,36.52105855371389]]],[[[0.08786317474307852,36.540312322528216],[0.08380867589742799,36.53612173317699],[0.08965275412561988,36.53476278149912],[0.08786317474307852,36.540312322528216]]]]},"properties":{"speed":0.4374,"dir_deg":13.1,"type":"متوسط"}},{"type":"Feature","geometry":{"type":"MultiPolygon","coordinates":[[[[0.12403883579152902,36.521108038875965],[0.12817849241735316,36.53552550200303],[0.1301008208342951,36.53497354778626],[0.12596116420847098,36.52055608465919],[0.12403883579152902,36.521108038875965]]],[[[0.13051954216776554,36.540055345937],[0.1262561640004112,36.53607745621981],[0.13202314925123707,36.53442159356948],[0.13051954216776554,36.540055345937]]]]},"properties":{"speed":0.4355,"dir_deg":16.0,"type":"متوسط"}},{"type":"Feature","geometry":{"type":"MultiPolygon","coordinates":[[[[0.16571252650772753,36.521131406182164],[0.1702026927265225,36.53544358307206],[0.17211098297850824,36.53484489424289],[0.16762081675971327,36.52053271735299],[0.16571252650772753,36.521131406182164]]],[[[0.17265355992544704,36.53991496428743],[0.16829440247453673,36.53604227190123],[0.17401927323049401,36.534246205413716],[0.17265355992544704,36.53991496428743]]]]},"properties":{"speed":0.4086,"dir_deg":17.4,"type":"متوسط"}},{"type":"Feature","geometry":{"type":"MultiPolygon","coordinates":[[[[0.20740420661289402,36.5212018357085],[0.21295081572673838,36.53513866200929],[0.21480905923350954,36.53439911412744],[0.20926245011966518,36.52046228782665],[0.20740420661289402,36.5212018357085]]],[[[0.21572880718473875,36.53941449683529],[0.2110925722199672,36.53587820989113],[0.21666730274028073,36.533659566245596],[0.21572880718473875,36.53941449683529]]]]},"properties":{"speed":0.341,"dir_deg":21.7,"type":"متوسط"}},{"type":"Feature","geometry":{"type":"MultiPolygon","coordinates":[[[[0.24912585309944066,36.521317723374295],[0.25641077720025035,36.53442992688269],[0.2581590710013691,36.53345860366925],[0.25087414690055937,36.52034640016086],[0.24912585309944066,36.521317723374295]]],[[[0.259713232134413,36.53831499977876],[0.25466248339913167,36.53540125009613],[0.2599073648024878,36.53248728045581],[0.259713232134413,36.53831499977876]]]]},"properties":{"speed":0.2398,"dir_deg":29.1,"type":"متوسط"}},{"type":"Feature","geometry":{"type":"MultiPolygon","coordinates":[[[[0.2909051048013398,36.52148016566053],[0.3006266631955783,36.53290344462882],[0.3021497670580171,36.53160723684292],[0.2924282086637786,36.52018395787463],[0.2909051048013398,36.52148016566053]]],[[[0.3046287345915439,36.536063100391964],[0.2991035593331394,36.53419965241472],[0.303672870920456,36.530311029057025],[0.3046287345915439,36.536063100391964]]]]},"properties":{"speed":0.1277,"dir_deg":40.4,"type":"ضعيف"}},{"type":"Feature","geometry":{"type":"MultiPolygon","coordinates":[[[[0.3333595974107521,36.521831717068146],[0.3483544269193118,36.52143790491848],[0.34830191863268917,36.51943859431734],[0.3333070891241295,36.51983240646701],[0.3333595974107521,36.521831717068146]]],[[[0.3533264492788537,36.52030697890135],[0.34840693520593435,36.52343721551962],[0.3482494103460666,36.5174392837162],[0.3533264492788537,36.52030697890135]]]]},"properties":{"speed":0.0464,"dir_deg":91.5,"type":"ضعيف"}},{"type":"Feature","geometry":{"type":"MultiPolygon","coordinates":[[[[0.3759371892283416,36.5211808831406],[0.381169509823748,36.50712304471548],[0.37929513136706483,36.50642540196943],[0.3740628107716584,36.520483240394555],[0.3759371892283416,36.5211808831406]]],[[[0.3819764274605419,36.50208827720075],[0.3830438882804312,36.50782068746153],[0.37742075291038163,36.505727759223376],[0.3819764274605419,36.50208827720075]]]]},"properties":{"speed":0.0868,"dir_deg":159.6,"type":"ضعيف"}},{"type":"Feature","geometry":{"type":"MultiPolygon","coordinates":[[[[0.4176076346901862,36.521170529614295],[0.42268465239091696,36.50705586024989],[0.420802696475663,36.50637892455646],[0.4157256787749322,36.52049359392086],[0.4176076346901862,36.521170529614295]]],[[[0.4234360136668669,36.50201250261504],[0.42456660830617093,36.50773279594332],[0.418920740560409,36.50570198886303],[0.4234360136668669,36.50201250261504]]]]},"properties":{"speed":0.1255,"dir_deg":160.2,"type":"ضعيف"}},{"type":"Feature","geometry":{"type":"MultiPolygon","coordinates":[[[[0.45924687573683043,36.52123882758149],[0.4653483629455736,36.50753584054065],[0.4635212980067943,36.50672230891282],[0.45741981079805116,36.520425295953665],[0.45924687573683043,36.52123882758149]]],[[[0.466468659545765,36.502561412379784],[0.4671754278843528,36.50834937216848],[0.4616942330680151,36.505908777284986],[0.466468659545765,36.502561412379784]]]]},"properties":{"speed":0.194,"dir_deg":156.0,"type":"ضعيف"}},{"type":"Feature","geometry":{"type":"MultiPolygon","coordinates":[[[[0.5007817042869536,36.5214557110342],[0.5101364432862864,36.50973014672989],[0.5085730347123792,36.50848284819665],[0.49921829571304643,36.520208412500956],[0.5007817042869536,36.5214557110342]]],[[[0.5124729853324437,36.505197976028505],[0.5116998518601935,36.51097744526314],[0.5070096261384721,36.507235549663406],[0.5124729853324437,36.505197976028505]]]]},"properties":{"speed":0.2082,"dir_deg":141.4,"type":"ضعيف"}},{"type":"Feature","geometry":{"type":"MultiPolygon","coordinates":[[[[0.5424045658134403,36.52150699448295],[0.5525285565439554,36.51043880530457],[0.5510527979868379,36.50908893987383],[0.5409288072563229,36.52015712905221],[0.5424045658134403,36.52150699448295]]],[[[0.5551653408422349,36.5060744761964],[0.554004315101073,36.5117886707353],[0.5495770394297204,36.507739074443094],[0.5551653408422349,36.5060744761964]]]]},"properties":{"speed":0.2675,"dir_deg":137.6,"type":"متوسط"}},{"type":"Feature","geometry":{"type":"MultiPolygon","coordinates":[[[[0.5838738647158066,36.521673372854735],[0.5964935310232168,36.51356510409441],[0.5954124285218404,36.5118824819201],[0.5827927622144302,36.51999075068042],[0.5838738647158066,36.521673372854735]]],[[[0.600159535208332,36.51002103675381],[0.5975746335245931,36.51524772626873],[0.5943313260204641,36.510199859745775],[0.600159535208332,36.51002103675381]]]]},"properties":{"speed":0.2747,"dir_deg":122.7,"type":"متوسط"}},{"type":"Feature","geometry":{"type":"MultiPolygon","coordinates":[[[[0.6255325231737835,36.52167847719122],[0.6382287545284527,36.51369062958447],[0.6371637081808857,36.51199779873718],[0.6244674768262165,36.51998564634393],[0.6255325231737835,36.52167847719122]]],[[[0.6419283084728924,36.51018159829191],[0.6392938008760198,36.51538346043176],[0.6360986618333186,36.51030496788989],[0.6419283084728924,36.51018159829191]]]]},"properties":{"speed":0.3344,"dir_deg":122.2,"type":"متوسط"}},{"type":"Feature","geometry":{"type":"MultiPolygon","coordinates":[[[[0.6670236390451505,36.52176618429991],[0.6810354770301499,36.51641189664588],[0.6803215720096121,36.51454365158121],[0.6663097340246127,36.51989793923524],[0.6670236390451505,36.52176618429991]]],[[[0.6853491371815473,36.513693011562204],[0.6817493820506876,36.51828014171054],[0.6796076669890744,36.51267540651654],[0.6853491371815473,36.513693011562204]]]]},"properties":{"speed":0.3721,"dir_deg":110.9,"type":"متوسط"}},{"type":"Feature","geometry":{"type":"MultiPolygon","coordinates":[[[[0.7086320125440225,36.521786409115386],[0.7229472227610926,36.517305922931826],[0.7223498246032843,36.51539722823621],[0.7080346143862143,36.51987771441977],[0.7086320125440225,36.521786409115386]]],[[[0.7274202604212118,36.5148580801895],[0.7235446209189009,36.51921461762743],[0.721752426445476,36.5134885335406],[0.7274202604212118,36.5148580801895]]]]},"properties":{"speed":0.4133,"dir_deg":107.4,"type":"متوسط"}},{"type":"Feature","geometry":{"type":"MultiPolygon","coordinates":[[[[0.7500104949698324,36.52183200669386],[0.7650096688641457,36.521674582146375],[0.7649886789244809,36.519674692293805],[0.7499895050301676,36.51983211684129],[0.7500104949698324,36.52183200669386]]],[[[0.769998898525751,36.52062216237093],[0.7650306588038106,36.52367447199895],[0.7649676889848159,36.51767480244123],[0.769998898525751,36.52062216237093]]]]},"properties":{"speed":0.4252,"dir_deg":90.6,"type":"متوسط"}},{"type":"Feature","geometry":{"type":"MultiPolygon","coordinates":[[[[0.7916880987505629,36.52183183249981],[0.8066846597339822,36.521510649264584],[0.8066418353026196,36.51951110780013],[0.7916452743192003,36.51983229103535],[0.7916880987505629,36.52183183249981]]],[[[0.8116621011794407,36.52040381745395],[0.8067274841653447,36.52351019072904],[0.8065990108712571,36.51751156633567],[0.8116621011794407,36.52040381745395]]]]},"properties":{"speed":0.4515,"dir_deg":91.2,"type":"قوي"}},{"type":"Feature","geometry":{"type":"MultiPolygon","coordinates":[[[[0.833052202001259,36.52179173689223],[0.8474473288711248,36.526008408850124],[0.8480095517988437,36.524089058600815],[0.8336144249289779,36.51987238664292],[0.833052202001259,36.52179173689223]]],[[[0.852526815958273,36.526454291044764],[0.846885105943406,36.52792775909944],[0.8485717747265625,36.5221697083515],[0.852526815958273,36.526454291044764]]]]},"properties":{"speed":0.5077,"dir_deg":73.7,"type":"قوي"}},{"type":"Feature","geometry":{"type":"MultiPolygon","coordinates":[[[[0.8746727154745829,36.521776987605634],[0.8888466030453965,36.52668625548689],[0.8895011720962307,36.524796403810775],[0.8753272845254171,36.51988713592952],[0.8746727154745829,36.521776987605634]]],[[[0.8938985167610849,36.52737775227592],[0.8881920339945624,36.52857610716299],[0.8901557411470649,36.52290655213467],[0.8938985167610849,36.52737775227592]]]]},"properties":{"speed":0.5316,"dir_deg":70.9,"type":"قوي"}},{"type":"Feature","geometry":{"type":"MultiPolygon","coordinates":[[[[0.916139162885781,36.521681602113674],[0.9288822680771741,36.529594456850184],[0.9299373153753753,36.52789537615799],[0.9171942101839822,36.51998252142148],[0.916139162885781,36.521681602113674]]],[[[0.9336574934567391,36.53138253474959],[0.927827220778973,36.53129353754237],[0.9309923626735764,36.52619629546581],[0.9336574934567391,36.53138253474959]]]]},"properties":{"speed":0.6354,"dir_deg":58.2,"type":"قوي"}},{"type":"Feature","geometry":{"type":"MultiPolygon","coordinates":[[[[0.9579156942559639,36.521740683909144],[0.9715450263794639,36.52800497204646],[0.972380264797773,36.52618772776333],[0.9587509326742729,36.51992343962601],[0.9579156942559639,36.521740683909144]]],[[[0.9765057562964518,36.52918444595067],[0.970709787961155,36.52982221632959],[0.9732155032160819,36.5243704834802],[0.9765057562964518,36.52918444595067]]]]},"properties":{"speed":0.611,"dir_deg":65.3,"type":"قوي"}},{"type":"Feature","geometry":{"type":"MultiPolygon","coordinates":[[[[0.9993928797140155,36.52162667170858],[1.0113120288291109,36.530733475998346],[1.01252626940108,36.52914425611634],[1.0006071202859845,36.520037451826575],[0.9993928797140155,36.52162667170858]]],[[[1.015892198820127,36.532974467487264],[1.010097788257142,36.53232269588036],[1.0137405099730488,36.527555036234325],[1.015892198820127,36.532974467487264]]]]},"properties":{"speed":0.6777,"dir_deg":52.6,"type":"قوي"}},{"type":"Feature","geometry":{"type":"MultiPolygon","coordinates":[[[[-0.41583379296109224,36.561946521962334],[-0.42413596352607197,36.54945356539033],[-0.4258016910690059,36.55056052146566],[-0.41749952050402617,36.563053478037666],[-0.41583379296109224,36.561946521962334]]],[[[-0.4277362174858655,36.54584272457066],[-0.4224702359831381,36.548346609315],[-0.42746741861193976,36.551667477540995],[-0.4277362174858655,36.54584272457066]]]]},"properties":{"speed":0.1919,"dir_deg":213.6,"type":"ضعيف"}},{"type":"Feature","geometry":{"type":"MultiPolygon","coordinates":[[[[-0.37434068941792537,36.561748129295445],[-0.3856187499862143,36.551858470564326],[-0.3869373711503636,36.553362211973436],[-0.37565931058207463,36.563251870704555],[-0.37434068941792537,36.561748129295445]]],[[[-0.3900374140910519,36.54931378835851],[-0.38430012882206505,36.550354729155224],[-0.38825599231451285,36.55486595338254],[-0.3900374140910519,36.54931378835851]]]]},"properties":{"speed":0.1479,"dir_deg":228.8,"type":"ضعيف"}},{"type":"Feature","geometry":{"type":"MultiPolygon","coordinates":[[[[-0.333083473884143,36.56153172044776],[-0.34760766716777625,36.5577836796983],[-0.34810740593437184,36.559720238802775],[-0.3335832126507386,36.56346827955224],[-0.333083473884143,36.56153172044776]]],[[[-0.35269893431228516,36.55750261233405],[-0.3471079284011807,36.55584712059381],[-0.3486071447009674,36.56165679790726],[-0.35269893431228516,36.55750261233405]]]]},"properties":{"speed":0.1406,"dir_deg":255.5,"type":"ضعيف"}},{"type":"Feature","geometry":{"type":"MultiPolygon","coordinates":[[[[-0.29181593517929894,36.561511204801114],[-0.3066478631625811,36.56375038150221],[-0.3063493062691016,36.56572797189998],[-0.2915173782858195,36.563488795198886],[-0.29181593517929894,36.561511204801114]]],[[[-0.31144256071026877,36.5654855689348],[-0.3069464200560606,36.56177279110444],[-0.3060507493756221,36.56770556229775],[-0.31144256071026877,36.5654855689348]]]]},"properties":{"speed":0.1625,"dir_deg":278.6,"type":"ضعيف"}},{"type":"Feature","geometry":{"type":"MultiPolygon","coordinates":[[[[-0.2504045528810533,36.56158548539299],[-0.2641222719861772,36.567653778608786],[-0.26331316622407064,36.56948280782281],[-0.2495954471189467,36.56341451460701],[-0.2504045528810533,36.56158548539299]]],[[[-0.2682902921401652,36.570591057621066],[-0.26493137774828385,36.56582474939477],[-0.262504060461964,36.57131183703682],[-0.2682902921401652,36.570591057621066]]]]},"properties":{"speed":0.1925,"dir_deg":293.9,"type":"ضعيف"}},{"type":"Feature","geometry":{"type":"MultiPolygon","coordinates":[[[[-0.2089568733981078,36.561718212565154],[-0.22068368492079068,36.571071388042576],[-0.21943659485713427,36.57263496291227],[-0.2077097833344514,36.563281787434846],[-0.2089568733981078,36.561718212565154]]],[[[-0.2239690770631901,36.574970900636565],[-0.22193077498444713,36.56950781317288],[-0.21818950479347782,36.57419853778196],[-0.2239690770631901,36.574970900636565]]]]},"properties":{"speed":0.243,"dir_deg":308.6,"type":"متوسط"}},{"type":"Feature","geometry":{"type":"MultiPolygon","coordinates":[[[[-0.16740425438836073,36.561824743248785],[-0.17753310565653824,36.57288848456839],[-0.17605794014725756,36.57423899807082],[-0.16592908887908006,36.563175256751215],[-0.16740425438836073,36.561824743248785]]],[[[-0.18017180665795707,36.57725165509281],[-0.17900827116581894,36.571537971065965],[-0.17458277463797686,36.57558951157324],[-0.18017180665795707,36.57725165509281]]]]},"properties":{"speed":0.2705,"dir_deg":317.5,"type":"متوسط"}},{"type":"Feature","geometry":{"type":"MultiPolygon","coordinates":[[[[-0.125838716184928,36.56195543121542],[-0.13400724795363977,36.57453617398934],[-0.13232981558378376,36.575625311558504],[-0.12416128381507198,36.56304456878458],[-0.125838716184928,36.56195543121542]]],[[[-0.13589137569161566,36.57927432369856],[-0.13568468032349582,36.57344703642018],[-0.13065238321392772,36.576714449127664],[-0.13589137569161566,36.57927432369856]]]]},"properties":{"speed":0.2902,"dir_deg":327.0,"type":"متوسط"}},{"type":"Feature","geometry":{"type":"MultiPolygon","coordinates":[[[[-0.08425222695018564,36.56210548880232],[-0.0901698949154045,36.5758888558022],[-0.08833211264875362,36.576677878197565],[-0.08241444468353476,36.56289451119768],[-0.08425222695018564,36.56210548880232]]],[[[-0.09122355977048537,36.58087782266651],[-0.09200767718205537,36.57509983340684],[-0.08649433038210276,36.577466900592924],[-0.09122355977048537,36.58087782266651]]]]},"properties":{"speed":0.2951,"dir_deg":336.8,"type":"متوسط"}},{"type":"Feature","geometry":{"type":"MultiPolygon","coordinates":[[[[-0.04261955431004976,36.562196672609865],[-0.047169465162129706,36.57648996863416],[-0.045263692358890384,36.57709662341443],[-0.04071378150681044,36.562803327390135],[-0.04261955431004976,36.562196672609865]]],[[[-0.047733215711203356,36.581557728032394],[-0.04907523796536903,36.57588331385388],[-0.04335791955565106,36.577703278194704],[-0.047733215711203356,36.581557728032394]]]]},"properties":{"speed":0.2706,"dir_deg":342.3,"type":"متوسط"}},{"type":"Feature","geometry":{"type":"MultiPolygon","coordinates":[[[[-0.0009864465564644498,36.56233591712082],[-0.003447689744138429,36.57713261546779],[-0.0014747966312095295,36.57746078122615],[0.0009864465564644498,36.56266408287918],[-0.0009864465564644498,36.56233591712082]]],[[[-0.003281657583565306,36.582228931129286],[-0.005420582857067329,36.576804449709435],[0.0004980964817193696,36.577788946984505],[-0.003281657583565306,36.582228931129286]]]]},"properties":{"speed":0.3023,"dir_deg":350.6,"type":"متوسط"}},{"type":"Feature","geometry":{"type":"MultiPolygon","coordinates":[[[[0.04067036222892771,36.562585877779384],[0.041958528919631186,36.57753046297192],[0.04395114027863596,36.577358707413154],[0.04266297358793249,36.562414122220616],[0.04067036222892771,36.562585877779384]]],[[[0.04338422349603473,36.582426113590046],[0.0399659175606264,36.57770221853068],[0.045943751637640744,36.577186951854394],[0.04338422349603473,36.582426113590046]]]]},"properties":{"speed":0.3418,"dir_deg":4.9,"type":"متوسط"}},{"type":"Feature","geometry":{"type":"MultiPolygon","coordinates":[[[[0.08236865227638009,36.56276341159186],[0.08631982615429498,36.57723366469906],[0.08824919323525521,36.57670684151534],[0.08429801935734031,36.56223658840814],[0.08236865227638009,36.56276341159186]]],[[[0.08860156765408006,36.5817936708096],[0.08439045907333474,36.577760487882784],[0.09017856031621545,36.57618001833161],[0.08860156765408006,36.5817936708096]]]]},"properties":{"speed":0.3713,"dir_deg":15.3,"type":"متوسط"}},{"type":"Feature","geometry":{"type":"MultiPolygon","coordinates":[[[[0.12406388873041174,36.56285170398199],[0.1293394484603092,36.57689337302582],[0.13121167099948572,36.576189965061836],[0.12593611126958826,36.56214829601801],[0.12406388873041174,36.56285170398199]]],[[[0.13203407963986327,36.58122222539176],[0.12746722592113266,36.57759678098981],[0.13308389353866226,36.57548655709785],[0.13203407963986327,36.58122222539176]]]]},"properties":{"speed":0.375,"dir_deg":20.6,"type":"متوسط"}},{"type":"Feature","geometry":{"type":"MultiPolygon","coordinates":[[[[0.16576425367975714,36.562930861736945],[0.17222717973395857,36.57646713104639],[0.17403201564188508,36.5756054075725],[0.16756908958768366,36.562069138263055],[0.16576425367975714,36.562930861736945]]],[[[0.17528390637265565,36.580548359079266],[0.17042234382603208,36.57732885452029],[0.17583685154981157,36.57474368409861],[0.17528390637265565,36.580548359079266]]]]},"properties":{"speed":0.3674,"dir_deg":25.5,"type":"متوسط"}},{"type":"Feature","geometry":{"type":"MultiPolygon","coordinates":[[[[0.20748822125500643,36.563034597016895],[0.2155071765084664,36.57571120368599],[0.21719739073101274,36.5746420096522],[0.20917843547755277,36.561965402983105],[0.20748822125500643,36.563034597016895]]],[[[0.21902526870422623,36.57940214222546],[0.21381696228592006,36.57678039771979],[0.21888760495355908,36.573572815618405],[0.21902526870422623,36.57940214222546]]]]},"properties":{"speed":0.3347,"dir_deg":32.3,"type":"متوسط"}},{"type":"Feature","geometry":{"type":"MultiPolygon","coordinates":[[[[0.24926078093234508,36.56317346504736],[0.25936275664274255,36.57426175106219],[0.26084119477805245,36.57291482096746],[0.25073921906765495,36.56182653495264],[0.24926078093234508,36.56317346504736]]],[[[0.26346930094719667,36.577284381353095],[0.2578843185074327,36.57560868115691],[0.2623196329133623,36.57156789087274],[0.26346930094719667,36.577284381353095]]]]},"properties":{"speed":0.2732,"dir_deg":42.3,"type":"متوسط"}},{"type":"Feature","geometry":{"type":"MultiPolygon","coordinates":[[[[0.2911346036261308,36.563346710984895],[0.30383526839953817,36.57132750758132],[0.30489937461239497,36.56963408561153],[0.2921987098389876,36.561653289015105],[0.2911346036261308,36.563346710984895]]],[[[0.3086008764304357,36.57314106212857],[0.3027711621866813,36.573020929551106],[0.3059634808252518,36.56794066364175],[0.3086008764304357,36.57314106212857]]]]},"properties":{"speed":0.1861,"dir_deg":57.9,"type":"ضعيف"}},{"type":"Feature","geometry":{"type":"MultiPolygon","coordinates":[[[[0.33331223676191835,36.5634997772329],[0.3483088952554142,36.56381637481574],[0.3483511082664591,36.56181682034994],[0.33335444977296325,36.5615002227671],[0.33331223676191835,36.5634997772329]]],[[[0.3533288879254353,36.56292213011045],[0.3482666822443693,36.565815929281534],[0.348393321277504,36.55981726588414],[0.3533288879254353,36.56292213011045]]]]},"properties":{"speed":0.1222,"dir_deg":88.8,"type":"ضعيف"}},{"type":"Feature","geometry":{"type":"MultiPolygon","coordinates":[[[[0.37553096966738836,36.563347390826195],[0.3882418320602609,36.55538284581537],[0.3871798927254842,36.55368806416298],[0.37446903033261164,36.561652609173805],[0.37553096966738836,36.563347390826195]]],[[[0.3919478165238301,36.55188060665223],[0.3893037713950376,36.557077627467756],[0.38611795339070754,36.5519932825106],[0.3919478165238301,36.55188060665223]]]]},"properties":{"speed":0.1318,"dir_deg":122.1,"type":"ضعيف"}},{"type":"Feature","geometry":{"type":"MultiPolygon","coordinates":[[[[0.41726948374424977,36.56329787191577],[0.4292375624808158,36.554255466740415],[0.42803190845743466,36.55265972290887],[0.41606382972086864,36.56170212808423],[0.41726948374424977,36.56329787191577]]],[[[0.4326240950479806,36.550443459766186],[0.430443216504197,36.55585121057196],[0.4268262544340535,36.55106397907733],[0.4326240950479806,36.550443459766186]]]]},"properties":{"speed":0.1647,"dir_deg":127.1,"type":"ضعيف"}},{"type":"Feature","geometry":{"type":"MultiPolygon","coordinates":[[[[0.45904136805235085,36.563206187584115],[0.46963418181402117,36.55258581581047],[0.46821813224420106,36.55117344064224],[0.45762531848253074,36.561793812415885],[0.45904136805235085,36.563206187584115]]],[[[0.4724570949496679,36.5483395043018],[0.47105023138384133,36.55399819097869],[0.4668020826743809,36.549761065474016],[0.4724570949496679,36.5483395043018]]]]},"properties":{"speed":0.2399,"dir_deg":135.1,"type":"متوسط"}},{"type":"Feature","geometry":{"type":"MultiPolygon","coordinates":[[[[0.500636846407716,36.56327099069578],[0.5122017068444148,36.55371829458004],[0.5109280140289828,36.55217631318848],[0.499363153592284,36.56172900930422],[0.500636846407716,36.56327099069578]]],[[[0.5154198139155984,36.54976307184568],[0.5134753996598469,36.5552602759716],[0.5096543212135507,36.55063433179692],[0.5154198139155984,36.54976307184568]]]]},"properties":{"speed":0.2814,"dir_deg":129.6,"type":"متوسط"}},{"type":"Feature","geometry":{"type":"MultiPolygon","coordinates":[[[[0.5422561445748093,36.56330779899676],[0.5543731295261917,36.554465928397846],[0.5531942134463362,36.552850330404326],[0.5410772284949539,36.56169220100324],[0.5422561445748093,36.56330779899676]]],[[[0.5578226664700581,36.55071083920144],[0.5555520456060471,36.55608152639136],[0.5520152973664808,36.55123473241081],[0.5578226664700581,36.55071083920144]]]]},"properties":{"speed":0.3199,"dir_deg":126.1,"type":"متوسط"}},{"type":"Feature","geometry":{"type":"MultiPolygon","coordinates":[[[[0.5838262981570645,36.563370037983944],[0.5968768679162367,36.55597526760475],[0.5958908985323444,36.55423519163686],[0.5828403287731723,36.561629962016056],[0.5838262981570645,36.563370037983944]]],[[[0.6007340731440146,36.552640306161074],[0.597862837300129,36.55771534357264],[0.5949049291484522,36.552495115668975],[0.6007340731440146,36.552640306161074]]]]},"properties":{"speed":0.3551,"dir_deg":119.5,"type":"متوسط"}},{"type":"Feature","geometry":{"type":"MultiPolygon","coordinates":[[[[0.6254259149008681,36.56340476322716],[0.6389973633082479,36.55701603971414],[0.6381455335065117,36.55520651325982],[0.6245740850991319,36.56159523677284],[0.6254259149008681,36.56340476322716]]],[[[0.643095264543173,36.553981701982636],[0.639849193109984,36.55882556616846],[0.6372937037047756,36.5533969868055],[0.643095264543173,36.553981701982636]]]]},"properties":{"speed":0.4221,"dir_deg":115.2,"type":"متوسط"}},{"type":"Feature","geometry":{"type":"MultiPolygon","coordinates":[[[[0.6670003899394791,36.56344267811991],[0.6811405617381528,36.55843712705095],[0.6804731549289579,36.556551770811126],[0.6663329831302841,36.56155732188009],[0.6670003899394791,36.56344267811991]]],[[[0.6855202489331133,36.55582593190805],[0.6818079685473478,36.560322483290776],[0.6798057481197629,36.5546664145713],[0.6855202489331133,36.55582593190805]]]]},"properties":{"speed":0.4985,"dir_deg":109.5,"type":"قوي"}},{"type":"Feature","geometry":{"type":"MultiPolygon","coordinates":[[[[0.7086436054133965,36.563450641313445],[0.7229032251151137,36.558796262089274],[0.7222826412185575,36.556894979462385],[0.7080230215168403,36.561549358686555],[0.7086436054133965,36.563450641313445]]],[[[0.7273461397340746,36.55629416103444],[0.7235238090116699,36.56069754471617],[0.7216620573220013,36.55499369683549],[0.7273461397340746,36.55629416103444]]]]},"properties":{"speed":0.5604,"dir_deg":108.1,"type":"قوي"}},{"type":"Feature","geometry":{"type":"MultiPolygon","coordinates":[[[[0.7501685047459977,36.563485700842335],[0.7649540173809946,36.56095812965237],[0.7646170078889991,36.5589867279677],[0.7498314952540023,36.561514299157665],[0.7501685047459977,36.563485700842335]]],[[[0.7697140168466624,36.55912990508004],[0.7652910268729901,36.56292953133703],[0.7642799983970036,36.557015326283036],[0.7697140168466624,36.55912990508004]]]]},"properties":{"speed":0.5754,"dir_deg":99.7,"type":"قوي"}},{"type":"Feature","geometry":{"type":"MultiPolygon","coordinates":[[[[0.7918470365481177,36.563483602497314],[0.8066010740078535,36.56077835229877],[0.8062403739813813,36.55881114730414],[0.7914863365216455,36.561516397502686],[0.7918470365481177,36.563483602497314]]],[[[0.8113387364811959,36.55889299973528],[0.8069617740343259,36.562745557293404],[0.8058796739549089,36.556843942309506],[0.8113387364811959,36.55889299973528]]]]},"properties":{"speed":0.567,"dir_deg":100.4,"type":"قوي"}},{"type":"Feature","geometry":{"type":"MultiPolygon","coordinates":[[[[0.8333216577261293,36.56349993206957],[0.8483206387696349,36.56367476815441],[0.8483439502476131,36.56167490401527],[0.8333449692041075,36.56150006793043],[0.8333216577261293,36.56349993206957]]],[[[0.8533319548564592,36.56273311477978],[0.8482973272916569,36.565674632293536],[0.8483672617255912,36.55967503987614],[0.8533319548564592,36.56273311477978]]]]},"properties":{"speed":0.5493,"dir_deg":89.3,"type":"قوي"}},{"type":"Feature","geometry":{"type":"MultiPolygon","coordinates":[[[[0.8749975631206216,36.5634999970308],[0.8899975185826972,36.56353655022148],[0.890002392341454,36.56153655615987],[0.8750024368793784,36.5615000029692],[0.8749975631206216,36.5634999970308]]],[[[0.8949999406161008,36.56254873758757],[0.8899926448239402,36.56553654428309],[0.8900072661002109,36.55953656209826],[0.8949999406161008,36.56254873758757]]]]},"properties":{"speed":0.5356,"dir_deg":89.9,"type":"قوي"}},{"type":"Feature","geometry":{"type":"MultiPolygon","coordinates":[[[[0.9163835646785742,36.56345908394548],[0.9307698238608021,36.56770591179009],[0.9313360675734169,36.56578774389913],[0.916949808391189,36.56154091605452],[0.9163835646785742,36.56345908394548]]],[[[0.9358483654445188,36.56816243712615],[0.9302035801481873,36.569624079681056],[0.9319023112860317,36.563869576008166],[0.9358483654445188,36.56816243712615]]]]},"properties":{"speed":0.5583,"dir_deg":73.6,"type":"قوي"}},{"type":"Feature","geometry":{"type":"MultiPolygon","coordinates":[[[[0.9579821563982269,36.56343631656739],[0.9720269049091023,36.56870367257076],[0.9727292190428852,36.56683103943598],[0.9586844705320099,36.56156368343261],[0.9579821563982269,36.56343631656739]]],[[[0.9770596448129522,36.56952314133783],[0.9713245907753192,36.57057630570555],[0.9734315331766683,36.564958406301194],[0.9770596448129522,36.56952314133783]]]]},"properties":{"speed":0.5734,"dir_deg":69.4,"type":"قوي"}},{"type":"Feature","geometry":{"type":"MultiPolygon","coordinates":[[[[0.9994794916576375,36.5633538565837],[1.0122873404131658,36.57116148171914],[1.0133283570978908,36.56945376855173],[1.0005205083423625,36.5616461434163],[0.9994794916576375,36.5633538565837]]],[[[1.0170771316740377,36.57291016684725],[1.0112463237284408,36.57286919488654],[1.0143693737826158,36.567746055384326],[1.0170771316740377,36.57291016684725]]]]},"properties":{"speed":0.6616,"dir_deg":58.6,"type":"قوي"}},{"type":"Feature","geometry":{"type":"MultiPolygon","coordinates":[[[[-0.41585692110584566,36.60358114336636],[-0.42465884409669974,36.59143510896566],[-0.42627831535012684,36.59260869869778],[-0.41747639235927275,36.60475473309848],[-0.41585692110584566,36.60358114336636]]],[[[-0.428402554053698,36.58797322569815],[-0.4230393728432726,36.59026151923355],[-0.427897786603554,36.59378228842989],[-0.428402554053698,36.58797322569815]]]]},"properties":{"speed":0.2238,"dir_deg":215.9,"type":"متوسط"}},{"type":"Feature","geometry":{"type":"MultiPolygon","coordinates":[[[[-0.3743302042852373,36.60342539281261],[-0.38546838558243457,36.59337845709117],[-0.38680797701196,36.59486354793079],[-0.3756697957147627,36.60491048365223],[-0.3743302042852373,36.60342539281261]]],[[[-0.3898509083962631,36.59077202393717],[-0.3841287941529091,36.59189336625154],[-0.38814756844148546,36.59634863877042],[-0.3898509083962631,36.59077202393717]]]]},"properties":{"speed":0.1618,"dir_deg":227.9,"type":"ضعيف"}},{"type":"Feature","geometry":{"type":"MultiPolygon","coordinates":[[[[-0.3330511438974598,36.603208582450875],[-0.3474414806206233,36.59897559190116],[-0.34800587936058525,36.60089430346425],[-0.33361554263742177,36.60512729401397],[-0.3330511438974598,36.603208582450875]]],[[[-0.35252045889832545,36.5985239508328],[-0.34687708188066135,36.59705688033807],[-0.3485702781005472,36.60281301502734],[-0.35252045889832545,36.5985239508328]]]]},"properties":{"speed":0.1255,"dir_deg":253.6,"type":"ضعيف"}},{"type":"Feature","geometry":{"type":"MultiPolygon","coordinates":[[[[-0.2918912127348999,36.60319347704704],[-0.30650813051560427,36.60656181708215],[-0.30605901851092293,36.60851073945291],[-0.29144210073021853,36.6051423994178],[-0.2918912127348999,36.60319347704704]]],[[[-0.31115588044016507,36.60865905827924],[-0.30695724252028567,36.60461289471139],[-0.30560990650624154,36.610459661823676],[-0.31115588044016507,36.60865905827924]]]]},"properties":{"speed":0.1374,"dir_deg":283.0,"type":"ضعيف"}},{"type":"Feature","geometry":{"type":"MultiPolygon","coordinates":[[[[-0.2504966458665147,36.603299984959904],[-0.26351594495427727,36.610749672957624],[-0.26252265322124785,36.61248557950266],[-0.2495033541334853,36.60503589150494],[-0.2504966458665147,36.603299984959904]]],[[[-0.2673590654503501,36.61410085556272],[-0.2645092366873067,36.60901376641259],[-0.2615293614882184,36.6142214860477],[-0.2673590654503501,36.61410085556272]]]]},"properties":{"speed":0.174,"dir_deg":299.8,"type":"ضعيف"}},{"type":"Feature","geometry":{"type":"MultiPolygon","coordinates":[[[[-0.20905215481886175,36.60347274866758],[-0.2194799982915235,36.61425514545631],[-0.21804234538635922,36.615645524586],[-0.20761450191369746,36.604863127797266],[-0.20905215481886175,36.60347274866758]]],[[[-0.22223711966316195,36.61854446728407],[-0.22091765119668783,36.612864766326624],[-0.2166046924811949,36.61703590371569],[-0.22223711966316195,36.61854446728407]]]]},"properties":{"speed":0.236,"dir_deg":316.0,"type":"متوسط"}},{"type":"Feature","geometry":{"type":"MultiPolygon","coordinates":[[[[-0.1674897972276667,36.60360007886903],[-0.17600768767852823,36.615946962778224],[-0.17436143649063565,36.61708268150501],[-0.1658435460397741,36.604735797595815],[-0.1674897972276667,36.60360007886903]]],[[[-0.1780238589015358,36.62063045011135],[-0.1776539388664208,36.614811244051445],[-0.17271518530274307,36.61821840023179],[-0.1780238589015358,36.62063045011135]]]]},"properties":{"speed":0.2629,"dir_deg":325.4,"type":"متوسط"}},{"type":"Feature","geometry":{"type":"MultiPolygon","coordinates":[[[[-0.12590059998495817,36.60373328933147],[-0.13242033349914395,36.617242289105846],[-0.1306191335292276,36.618111586907744],[-0.12409940001504181,36.60460258713337],[-0.12590059998495817,36.60373328933147]]],[[[-0.1336929780189144,36.622179937931584],[-0.13422153346906032,36.616372991303955],[-0.12881793355931123,36.618980884709636],[-0.1336929780189144,36.622179937931584]]]]},"properties":{"speed":0.2836,"dir_deg":334.2,"type":"متوسط"}},{"type":"Feature","geometry":{"type":"MultiPolygon","coordinates":[[[[-0.0842986718062603,36.603906927834984],[-0.0882138277677785,36.61838696767599],[-0.0862831557889783,36.618908988470864],[-0.0823679998274601,36.60442894862986],[-0.0842986718062603,36.603906927834984]]],[[[-0.08855354376555113,36.62347465802042],[-0.09014449974657869,36.61786494688112],[-0.08435248381017811,36.61943100926573],[-0.08855354376555113,36.62347465802042]]]]},"properties":{"speed":0.3099,"dir_deg":344.9,"type":"متوسط"}},{"type":"Feature","geometry":{"type":"MultiPolygon","coordinates":[[[[-0.042655446771025694,36.604018551616946],[-0.044896246003205534,36.61885023455588],[-0.042918688278014344,36.61914900778683],[-0.040677889045834505,36.6043173248479],[-0.042655446771025694,36.604018551616946]]],[[[-0.04465440021800322,36.623943515484335],[-0.04687380372839672,36.61855146132492],[-0.04094113055282316,36.61944778101779],[-0.04465440021800322,36.623943515484335]]]]},"properties":{"speed":0.2551,"dir_deg":351.4,"type":"متوسط"}},{"type":"Feature","geometry":{"type":"MultiPolygon","coordinates":[[[[-0.000993859004288845,36.60405728435949],[-0.002653667098210172,36.618965169423824],[-0.0006659490896324819,36.619186477169684],[0.000993859004288845,36.60427859210535],[-0.000993859004288845,36.60405728435949]]],[[[-0.002213077458561769,36.6240451183182],[-0.004641385106787863,36.61874386167797],[0.0013217689189452086,36.61940778491554],[-0.002213077458561769,36.6240451183182]]]]},"properties":{"speed":0.2444,"dir_deg":353.6,"type":"متوسط"}},{"type":"Feature","geometry":{"type":"MultiPolygon","coordinates":[[[[0.040669252781304094,36.6042397926977],[0.04174706976045625,36.61920101960459],[0.04374190001470826,36.61905731067404],[0.042664083035556105,36.604096083767146],[0.040669252781304094,36.6042397926977]]],[[[0.043103757213966316,36.62411624077494],[0.03975223950620424,36.61934472853515],[0.045736730268960274,36.61891360174348],[0.043103757213966316,36.62411624077494]]]]},"properties":{"speed":0.2728,"dir_deg":4.1,"type":"متوسط"}},{"type":"Feature","geometry":{"type":"MultiPolygon","coordinates":[[[[0.08238026723991725,36.60447069273304],[0.08692158474917412,36.61876672138718],[0.08882772190306003,36.61816121238595],[0.08428640439380315,36.603865183731806],[0.08238026723991725,36.60447069273304]]],[[[0.0893884258292027,36.62322930977128],[0.0850154475952882,36.619372230388414],[0.09073385905694595,36.61755570338472],[0.0893884258292027,36.62322930977128]]]]},"properties":{"speed":0.2996,"dir_deg":17.6,"type":"متوسط"}},{"type":"Feature","geometry":{"type":"MultiPolygon","coordinates":[[[[0.12410743445574998,36.60461885590697],[0.13087119957393492,36.61800733907072],[0.13265633066243496,36.617105503721625],[0.12589256554425002,36.60371702055787],[0.12410743445574998,36.60461885590697]]],[[[0.13401835349091323,36.62201924911742],[0.12908606848543488,36.61890917441981],[0.134441461750935,36.616203668372535],[0.13401835349091323,36.62201924911742]]]]},"properties":{"speed":0.3063,"dir_deg":26.8,"type":"متوسط"}},{"type":"Feature","geometry":{"type":"MultiPolygon","coordinates":[[[[0.1658267179164987,36.60471059627661],[0.17396658857936734,36.61730990203494],[0.17564649601381074,36.61622458594656],[0.1675066253509421,36.60362528018823],[0.1658267179164987,36.60471059627661]]],[[[0.17751983251754527,36.620967012576855],[0.17228668114492396,36.618395218123325],[0.17732640344825412,36.615139269858176],[0.17751983251754527,36.620967012576855]]]]},"properties":{"speed":0.3133,"dir_deg":32.9,"type":"متوسط"}},{"type":"Feature","geometry":{"type":"MultiPolygon","coordinates":[[[[0.20757416954612778,36.604818843667786],[0.2173377510765799,36.61620622597006],[0.21885606871688354,36.61490441509933],[0.20909248718643142,36.60351703279706],[0.20757416954612778,36.604818843667786]]],[[[0.2213514370735491,36.61935111463546],[0.2158194334362763,36.61750803684079],[0.22037438635718715,36.6136026042286],[0.2213514370735491,36.61935111463546]]]]},"properties":{"speed":0.3012,"dir_deg":40.6,"type":"متوسط"}},{"type":"Feature","geometry":{"type":"MultiPolygon","coordinates":[[[[0.24940657337594183,36.604972826325174],[0.2614798947672681,36.61387422568605],[0.2626667480153845,36.61226444950054],[0.2505934266240582,36.60336305013967],[0.24940657337594183,36.604972826325174]]],[[[0.2660977618551017,36.61603647071359],[0.2602930415191517,36.61548400187156],[0.2638536012635008,36.61065467331503],[0.2660977618551017,36.61603647071359]]]]},"properties":{"speed":0.2653,"dir_deg":53.6,"type":"متوسط"}},{"type":"Feature","geometry":{"type":"MultiPolygon","coordinates":[[[[0.2913757277451514,36.60512468288189],[0.3057268974871732,36.60948861769301],[0.30630875546198877,36.60757512839407],[0.291957585719967,36.60321119358295],[0.2913757277451514,36.60512468288189]]],[[[0.3108015497219216,36.60998651798058],[0.3051450395123576,36.611402106991946],[0.30689061343680435,36.60566163909513],[0.3108015497219216,36.60998651798058]]]]},"properties":{"speed":0.2138,"dir_deg":73.1,"type":"ضعيف"}},{"type":"Feature","geometry":{"type":"MultiPolygon","coordinates":[[[[0.3334909334780191,36.605155442827616],[0.3483035024059338,36.60279158966894],[0.34798832198477714,36.60081658047855],[0.3331757530568625,36.60318043363723],[0.3334909334780191,36.605155442827616]]],[[[0.353083435171327,36.60101613402085],[0.3486186828270904,36.60476659885933],[0.3476731415636205,36.59884157128816],[0.353083435171327,36.60101613402085]]]]},"properties":{"speed":0.1788,"dir_deg":99.1,"type":"ضعيف"}},{"type":"Feature","geometry":{"type":"MultiPolygon","coordinates":[[[[0.3755003432887848,36.60503376534759],[0.388487750016373,36.59752861601582],[0.3874870634388034,36.59579696178548],[0.3744996567112152,36.60330211111725],[0.3755003432887848,36.60503376534759]]],[[[0.3923165423034509,36.59416107245673],[0.3894884365939426,36.59926027024617],[0.38648637686123377,36.594065307555134],[0.3923165423034509,36.59416107245673]]]]},"properties":{"speed":0.1884,"dir_deg":120.0,"type":"ضعيف"}},{"type":"Feature","geometry":{"type":"MultiPolygon","coordinates":[[[[0.41721202985153194,36.605006131623654],[0.42978493071998475,36.59682553483906],[0.4286941844820393,36.5951491480566],[0.41612128361358647,36.60332974484119],[0.41721202985153194,36.605006131623654]]],[[[0.43343052455716297,36.593260475852965],[0.43087567695793016,36.59850192162152],[0.42760343824409386,36.59347276127414],[0.43343052455716297,36.593260475852965]]]]},"properties":{"speed":0.2177,"dir_deg":123.1,"type":"ضعيف"}},{"type":"Feature","geometry":{"type":"MultiPolygon","coordinates":[[[[0.45894699881948164,36.60495751208169],[0.47079060655851623,36.59575267880108],[0.46956329545443454,36.59417353110254],[0.45771968771539995,36.603378364383154],[0.45894699881948164,36.60495751208169]]],[[[0.47412482025282027,36.5918948271916],[0.472017917662598,36.59733182649961],[0.4683359843503528,36.592594383404005],[0.47412482025282027,36.5918948271916]]]]},"properties":{"speed":0.2809,"dir_deg":127.9,"type":"متوسط"}},{"type":"Feature","geometry":{"type":"MultiPolygon","coordinates":[[[[0.5006015256575541,36.60496679171292],[0.5125843278650274,36.595943906849605],[0.5113812765499192,36.59434619988861],[0.4993984743424459,36.603369084751925],[0.5006015256575541,36.60496679171292]]],[[[0.5159770696099644,36.59213742508134],[0.5137873791801355,36.597541613810606],[0.510178225234811,36.59274849292761],[0.5159770696099644,36.59213742508134]]]]},"properties":{"speed":0.3375,"dir_deg":127.0,"type":"متوسط"}},{"type":"Feature","geometry":{"type":"MultiPolygon","coordinates":[[[[0.542175411087712,36.60502886757293],[0.5550893511953322,36.59739799928048],[0.5540719020896715,36.59567614059946],[0.5411579619820512,36.60330700889191],[0.542175411087712,36.60502886757293]]],[[[0.5588852733450419,36.59399344717581],[0.5561068003009929,36.5991198579615],[0.5530544529840108,36.59395428191844],[0.5588852733450419,36.59399344717581]]]]},"properties":{"speed":0.3726,"dir_deg":120.6,"type":"متوسط"}},{"type":"Feature","geometry":{"type":"MultiPolygon","coordinates":[[[[0.5837801547833543,36.60506255146523],[0.5971993532754916,36.5983599316917],[0.5963056706390197,36.59657070522608],[0.5828864721468825,36.60327332499961],[0.5837801547833543,36.60506255146523]]],[[[0.6012255781213014,36.595231111867704],[0.5980930359119633,36.600149158157315],[0.595411988002548,36.59478147876046],[0.6012255781213014,36.595231111867704]]]]},"properties":{"speed":0.4297,"dir_deg":116.5,"type":"متوسط"}},{"type":"Feature","geometry":{"type":"MultiPolygon","coordinates":[[[[0.6253518532810626,36.60510399339565],[0.6393926807294803,36.59982619417971],[0.6386889741673552,36.59795408385325],[0.6246481467189374,36.60323188306919],[0.6253518532810626,36.60510399339565]]],[[[0.6437211032645569,36.59713087261117],[0.6400963872916055,36.601698304506165],[0.63798526760523,36.5960819735268],[0.6437211032645569,36.59713087261117]]]]},"properties":{"speed":0.4933,"dir_deg":110.6,"type":"قوي"}},{"type":"Feature","geometry":{"type":"MultiPolygon","coordinates":[[[[0.666912261639487,36.60513731579973],[0.6814529251490922,36.60145368923065],[0.6809617749398813,36.599514934096035],[0.6664211114302762,36.60319856066511],[0.666912261639487,36.60513731579973]]],[[[0.6860542378810217,36.599256436140315],[0.6819440753583029,36.60339244436526],[0.6804706247306705,36.597576178961425],[0.6860542378810217,36.599256436140315]]]]},"properties":{"speed":0.5511,"dir_deg":104.2,"type":"قوي"}},{"type":"Feature","geometry":{"type":"MultiPolygon","coordinates":[[[[0.7085426781053951,36.60514577587099],[0.7232102426839272,36.60200530626684],[0.7227915134033739,36.60004963098971],[0.7081239488248418,36.60319010059386],[0.7085426781053951,36.60514577587099]]],[[[0.7278900662364945,36.59998064542689],[0.7236289719644805,36.60396098154398],[0.7223727841228206,36.59809395571257],[0.7278900662364945,36.59998064542689]]]]},"properties":{"speed":0.5915,"dir_deg":102.1,"type":"قوي"}},{"type":"Feature","geometry":{"type":"MultiPolygon","coordinates":[[[[0.7501567983337398,36.605155568873165],[0.7649712579449001,36.602803593867066],[0.7646576612774204,36.60082833258558],[0.7498432016662602,36.60318030759168],[0.7501567983337398,36.605155568873165]]],[[[0.7697526128148803,36.601031971557624],[0.7652848546123796,36.60477885514855],[0.7643440646099409,36.59885307130409],[0.7697526128148803,36.601031971557624]]]]},"properties":{"speed":0.6085,"dir_deg":99.0,"type":"قوي"}},{"type":"Feature","geometry":{"type":"MultiPolygon","coordinates":[[[[0.7918217173298653,36.6051558478703],[0.8066403618979935,36.602830385945545],[0.8063303003080261,36.60085456666979],[0.7915116557398979,36.603180028594544],[0.7918217173298653,36.6051558478703]]],[[[0.8114248792923858,36.601067322332746],[0.8069504234879608,36.604806205221294],[0.8060202387180588,36.59887874739404],[0.8114248792923858,36.601067322332746]]]]},"properties":{"speed":0.5902,"dir_deg":98.9,"type":"قوي"}},{"type":"Feature","geometry":{"type":"MultiPolygon","coordinates":[[[[0.8333944269047475,36.605166069059266],[0.8483663893074106,36.60424936746483],[0.8482441624281524,36.602253105811144],[0.8332722000254893,36.60316980740558],[0.8333944269047475,36.605166069059266]]],[[[0.8532959300020025,36.60294566943984],[0.8484886161866689,36.60624562911852],[0.848121935548894,36.60025684415746],[0.8532959300020025,36.60294566943984]]]]},"properties":{"speed":0.5866,"dir_deg":93.5,"type":"قوي"}},{"type":"Feature","geometry":{"type":"MultiPolygon","coordinates":[[[[0.8751019229321525,36.60516273053029],[0.8900238074002021,36.603633886548],[0.8898199615358972,36.60164430195227],[0.8748980770678475,36.603173145934555],[0.8751019229321525,36.60516273053029]]],[[[0.8948958459573996,36.60212947958937],[0.8902276532645073,36.605623471143744],[0.889616115671592,36.59965471735653],[0.8948958459573996,36.60212947958937]]]]},"properties":{"speed":0.6038,"dir_deg":95.8,"type":"قوي"}},{"type":"Feature","geometry":{"type":"MultiPolygon","coordinates":[[[[0.9166773285636689,36.60516788160443],[0.9316764791437931,36.60500825117262],[0.9316551950862185,36.603008364428604],[0.9166560445060943,36.603167994860414],[0.9166773285636689,36.60516788160443]]],[[[0.9366655539750472,36.60395509765667],[0.9316977632013677,36.60700813791664],[0.931633911028644,36.60100847768459],[0.9366655539750472,36.60395509765667]]]]},"properties":{"speed":0.5389,"dir_deg":90.6,"type":"قوي"}},{"type":"Feature","geometry":{"type":"MultiPolygon","coordinates":[[[[0.9581380849794349,36.605148696020244],[0.9728494517967972,36.6080771233055],[0.9732399087681642,36.606115607729855],[0.958528541950802,36.6031871804446],[0.9581380849794349,36.605148696020244]]],[[[0.9779484692216015,36.60807250794609],[0.9724589948254302,36.61003863888115],[0.9736303657395312,36.604154092154204],[0.9779484692216015,36.60807250794609]]]]},"properties":{"speed":0.4958,"dir_deg":78.7,"type":"قوي"}},{"type":"Feature","geometry":{"type":"MultiPolygon","coordinates":[[[[0.999663666760957,36.60510968127185],[1.0137898123524065,36.610154679857494],[1.0144624788304928,36.60827119377864],[1.0003363332390431,36.603226195192995],[0.999663666760957,36.60510968127185]]],[[[1.0188348607885995,36.610894603013286],[1.0131171458743204,36.612038165936355],[1.0151351453085788,36.60638770769978],[1.0188348607885995,36.610894603013286]]]]},"properties":{"speed":0.5285,"dir_deg":70.3,"type":"قوي"}},{"type":"Feature","geometry":{"type":"MultiPolygon","coordinates":[[[[-0.41586365544788234,36.64523608447203],[-0.4248033148810849,36.63319106520188],[-0.42640931745043864,36.63438301979297],[-0.41746965801723607,36.646428039063125],[-0.41586365544788234,36.64523608447203]]],[[[-0.42858620264349595,36.629772036074044],[-0.4231973123117312,36.631999110610785],[-0.42801532001979237,36.63557497438406],[-0.42858620264349595,36.629772036074044]]]]},"properties":{"speed":0.2403,"dir_deg":216.6,"type":"متوسط"}},{"type":"Feature","geometry":{"type":"MultiPolygon","coordinates":[[[[-0.37430129920902017,36.64511664775829],[-0.3850325093483261,36.634636135893594],[-0.3864299109302858,36.636066963912164],[-0.37569870079097983,36.64654747577686],[-0.37430129920902017,36.64511664775829]]],[[[-0.38930828018574126,36.63185804594798],[-0.3836351077663665,36.633205307875016],[-0.3878273125122454,36.63749779193074],[-0.38930828018574126,36.63185804594798]]]]},"properties":{"speed":0.1681,"dir_deg":225.7,"type":"ضعيف"}},{"type":"Feature","geometry":{"type":"MultiPolygon","coordinates":[[[[-0.3329541323886303,36.64490675149022],[-0.3468337865490605,36.63921858830806],[-0.34759220830668147,36.64106920886278],[-0.3337125541462513,36.64675737204494],[-0.3329541323886303,36.64490675149022]]],[[[-0.35183954881468105,36.63824784419137],[-0.34607536479143947,36.637367967753335],[-0.3483506300643025,36.64291982941751],[-0.35183954881468105,36.63824784419137]]]]},"properties":{"speed":0.1088,"dir_deg":247.7,"type":"ضعيف"}},{"type":"Feature","geometry":{"type":"MultiPolygon","coordinates":[[[[-0.2919573362929267,36.64487524130731],[-0.30630964319692383,36.64923543471282],[-0.30572828407618885,36.651149075633356],[-0.2913759771721917,36.646788882227845],[-0.2919573362929267,36.64487524130731]]],[[[-0.3108030659378887,36.65164565297493],[-0.30689100231765887,36.64732179379229],[-0.3051469249554538,36.65306271655389],[-0.3108030659378887,36.65164565297493]]]]},"properties":{"speed":0.1038,"dir_deg":286.9,"type":"ضعيف"}},{"type":"Feature","geometry":{"type":"MultiPolygon","coordinates":[[[[-0.25062443283108815,36.64505098325714],[-0.2623406104875733,36.65441747572346],[-0.261091744825397,36.655979632744334],[-0.24937556716891182,36.64661314027801],[-0.25062443283108815,36.64505098325714]]],[[[-0.26562157020864685,36.65832071838934],[-0.26358947614974965,36.6528553187026],[-0.25984287916322063,36.6575417897652],[-0.26562157020864685,36.65832071838934]]]]},"properties":{"speed":0.1448,"dir_deg":308.6,"type":"ضعيف"}},{"type":"Feature","geometry":{"type":"MultiPolygon","coordinates":[[[[-0.20915599539734772,36.64526353827994],[-0.2176838477118844,36.657603543745964],[-0.21603851364974816,36.65874059072124],[-0.20751066133521148,36.646400585255215],[-0.20915599539734772,36.64526353827994]]],[[[-0.21970379811899515,36.66228540238894],[-0.21932918177402067,36.65646649677069],[-0.2143931795876119,36.65987763769651],[-0.21970379811899515,36.66228540238894]]]]},"properties":{"speed":0.208,"dir_deg":325.4,"type":"ضعيف"}},{"type":"Feature","geometry":{"type":"MultiPolygon","coordinates":[[[[-0.16757788073237356,36.64542011762266],[-0.17375704290613408,36.659088254102464],[-0.17193462470882775,36.659912142392294],[-0.16575546253506723,36.64624400591249],[-0.16757788073237356,36.64542011762266]]],[[[-0.17490555453206777,36.66405624374064],[-0.1755794611034404,36.65826436581263],[-0.17011220651152145,36.66073603068213],[-0.17490555453206777,36.66405624374064]]]]},"properties":{"speed":0.2284,"dir_deg":335.7,"type":"متوسط"}},{"type":"Feature","geometry":{"type":"MultiPolygon","coordinates":[[[[-0.12596049856801017,36.64555377684012],[-0.13013477247988273,36.65996125536027],[-0.12821377534386239,36.660517825215194],[-0.12403950143198983,36.64611034669504],[-0.12596049856801017,36.64555377684012]]],[[[-0.1305656985491634,36.66504203312778],[-0.1320557696159031,36.65940468550536],[-0.12629277820784202,36.66107439507011],[-0.1305656985491634,36.66504203312778]]]]},"properties":{"speed":0.2463,"dir_deg":343.8,"type":"متوسط"}},{"type":"Feature","geometry":{"type":"MultiPolygon","coordinates":[[[[-0.08432633381133493,36.64571393055676],[-0.08609830197359476,36.66060890047388],[-0.0841123059846453,36.66084516289552],[-0.08234033782238546,36.6459501929784],[-0.08432633381133493,36.64571393055676]]],[[[-0.08569596003320665,36.66569202165707],[-0.08808429796254422,36.66037263805225],[-0.08212630999569584,36.66108142531715],[-0.08569596003320665,36.66569202165707]]]]},"properties":{"speed":0.3135,"dir_deg":353.2,"type":"متوسط"}},{"type":"Feature","geometry":{"type":"MultiPolygon","coordinates":[[[[-0.04266574754117311,36.64587495567668],[-0.04202233890463657,36.660861150167825],[-0.04002417963915055,36.66077536234962],[-0.04066758827568709,36.645789167858474],[-0.04266574754117311,36.64587495567668]]],[[[-0.040808789726381384,36.665813654422436],[-0.0440204981701226,36.660946937986026],[-0.038026020373664524,36.66068957453142],[-0.040808789726381384,36.665813654422436]]]]},"properties":{"speed":0.2601,"dir_deg":2.5,"type":"متوسط"}},{"type":"Feature","geometry":{"type":"MultiPolygon","coordinates":[[[[-0.0009970263374884853,36.645909123316706],[0.0001588968994597087,36.660864518379036],[0.002152949574436679,36.66071039528078],[0.0009970263374884853,36.64575500021845],[-0.0009970263374884853,36.645909123316706]]],[[[0.001541230982597592,36.66577258851735],[-0.001835155775517262,36.6610186414773],[0.00414700224941365,36.66055627218252],[0.001541230982597592,36.66577258851735]]]]},"properties":{"speed":0.2092,"dir_deg":4.4,"type":"ضعيف"}},{"type":"Feature","geometry":{"type":"MultiPolygon","coordinates":[[[[0.040675790246587344,36.64596682622603],[0.042697257123321564,36.66082999115367],[0.044679012447007074,36.66056046223677],[0.042657545570272855,36.64569729730913],[0.040675790246587344,36.64596682622603]]],[[[0.04436195707740905,36.66564961500443],[0.04071550179963606,36.661099520070564],[0.04666076777069258,36.66029093331987],[0.04436195707740905,36.66564961500443]]]]},"properties":{"speed":0.2202,"dir_deg":7.7,"type":"متوسط"}},{"type":"Feature","geometry":{"type":"MultiPolygon","coordinates":[[[[0.08241084612281775,36.646218083482495],[0.08820117184653431,36.66005542889313],[0.0900461512346192,36.6592833854633],[0.08425582551090265,36.64544604005266],[0.08241084612281775,36.646218083482495]]],[[[0.09105377011514894,36.664281855648426],[0.08635619245844943,36.66082747232296],[0.09189113062270408,36.65851134203347],[0.09105377011514894,36.664281855648426]]]]},"properties":{"speed":0.2448,"dir_deg":22.7,"type":"متوسط"}},{"type":"Feature","geometry":{"type":"MultiPolygon","coordinates":[[[[0.12419751251849152,36.64642873072271],[0.13314754684552008,36.658466042945335],[0.13475252180853706,36.65727270503507],[0.1258024874815085,36.645235392812445],[0.12419751251849152,36.64642873072271]]],[[[0.13693337910270478,36.66188181139775],[0.13154257188250312,36.65965938085561],[0.136357496771554,36.656079367124796],[0.13693337910270478,36.66188181139775]]]]},"properties":{"speed":0.2556,"dir_deg":36.6,"type":"متوسط"}},{"type":"Feature","geometry":{"type":"MultiPolygon","coordinates":[[[[0.1659660279051945,36.646545573060884],[0.17666869730480655,36.657055228988774],[0.17806998476185837,36.65562820640216],[0.1673673153622463,36.64511855047427],[0.1659660279051945,36.646545573060884]]],[[[0.18093689749986983,36.6598449363381],[0.1752674098477547,36.65848225157539],[0.1794712722189102,36.654201183815545],[0.18093689749986983,36.6598449363381]]]]},"properties":{"speed":0.2726,"dir_deg":45.5,"type":"متوسط"}},{"type":"Feature","geometry":{"type":"MultiPolygon","coordinates":[[[[0.20776267686150998,36.64665325410808],[0.22008056196908585,36.655213026679625],[0.2212218649786251,36.65357064199862],[0.20890397987104922,36.645010869427075],[0.20776267686150998,36.64665325410808]]],[[[0.22475717517638077,36.65724509186297],[0.21893925895954663,36.65685541136064],[0.2223631679881643,36.65192825731761],[0.22475717517638077,36.65724509186297]]]]},"properties":{"speed":0.2762,"dir_deg":55.2,"type":"متوسط"}},{"type":"Feature","geometry":{"type":"MultiPolygon","coordinates":[[[[0.2496351006846858,36.64676310875333],[0.26360080547100884,36.65223659848304],[0.2643306041016372,36.65037450451153],[0.2503648993153142,36.64490101478182],[0.2496351006846858,36.64676310875333]]],[[[0.2686209397150974,36.65313004807386],[0.2628710068403804,36.65409869245455],[0.26506040273226567,36.64851241054002],[0.2686209397150974,36.65313004807386]]]]},"properties":{"speed":0.2617,"dir_deg":68.6,"type":"متوسط"}},{"type":"Feature","geometry":{"type":"MultiPolygon","coordinates":[[[[0.29160366365601936,36.646830075731565],[0.3065738731157868,36.64777497187966],[0.3066998592688665,36.64577894395169],[0.29172964980909905,36.64483404780359],[0.29160366365601936,36.646830075731565]]],[[[0.3116269360122491,36.647091923298376],[0.3064478869627072,36.64977099980763],[0.30682584542194613,36.643782916023724],[0.3116269360122491,36.647091923298376]]]]},"properties":{"speed":0.2334,"dir_deg":86.4,"type":"متوسط"}},{"type":"Feature","geometry":{"type":"MultiPolygon","coordinates":[[[[0.3336417032492358,36.64678333150936],[0.3479107493759453,36.642157931782435],[0.34729402941235527,36.64025539229887],[0.3330249832856458,36.644880792025795],[0.3336417032492358,36.64678333150936]]],[[[0.35235873810305346,36.63966486213168],[0.34852746933953527,36.644060471265995],[0.3466773094487653,36.63835285281531],[0.35235873810305346,36.63966486213168]]]]},"properties":{"speed":0.2152,"dir_deg":108.0,"type":"ضعيف"}},{"type":"Feature","geometry":{"type":"MultiPolygon","coordinates":[[[[0.37556413219414203,36.646657746251826],[0.387949399457904,36.638195763339695],[0.38682113506961996,36.6365443943712],[0.37443586780585797,36.64500637728333],[0.37556413219414203,36.646657746251826]]],[[[0.391513689685016,36.634549417884735],[0.3890776638461881,36.6398471323082],[0.3856928706813359,36.6348930254027],[0.391513689685016,36.634549417884735]]]]},"properties":{"speed":0.2352,"dir_deg":124.3,"type":"متوسط"}},{"type":"Feature","geometry":{"type":"MultiPolygon","coordinates":[[[[0.41729793418631644,36.646607618842445],[0.4289312903093363,36.63713845703609],[0.4276687354018218,36.63558734288635],[0.41603537927880196,36.64505650469271],[0.41729793418631644,36.646607618842445]]],[[[0.43217779822991903,36.63320651269243],[0.4301938452168507,36.63868957118582],[0.4264061804943074,36.63403622873662],[0.43217779822991903,36.63320651269243]]]]},"properties":{"speed":0.2669,"dir_deg":129.1,"type":"متوسط"}},{"type":"Feature","geometry":{"type":"MultiPolygon","coordinates":[[[[0.4590140416288002,36.64656462558107],[0.4700024988312276,36.63635415016068],[0.46864110210850873,36.63488902253369],[0.4576526449060814,36.645099497954085],[0.4590140416288002,36.64656462558107]]],[[[0.47298461953734394,36.63221809454039],[0.4713638955539465,36.63781927778767],[0.46727970538578983,36.6334238949067],[0.47298461953734394,36.63221809454039]]]]},"properties":{"speed":0.2962,"dir_deg":132.9,"type":"متوسط"}},{"type":"Feature","geometry":{"type":"MultiPolygon","coordinates":[[[[0.5007280809440646,36.646517552933744],[0.511010448436536,36.63559633877277],[0.5095542865484067,36.63422535644044],[0.4992719190559353,36.64514657060141],[0.5007280809440646,36.646517552933744]]],[[[0.5137098233232952,36.63127044288628],[0.5124666103246653,36.6369673211051],[0.5080981246602774,36.63285437410811],[0.5137098233232952,36.63127044288628]]]]},"properties":{"speed":0.3368,"dir_deg":136.7,"type":"متوسط"}},{"type":"Feature","geometry":{"type":"MultiPolygon","coordinates":[[[[0.5423252638811561,36.64658457480997],[0.5536129595170759,36.63670591461585],[0.5522958048245269,36.63520088853107],[0.5410081091886071,36.645079548725185],[0.5423252638811561,36.64658457480997]]],[[[0.5567169473827747,36.63266051484209],[0.5549301142096249,36.638210940700645],[0.5509786501319779,36.633695862446274],[0.5567169473827747,36.63266051484209]]]]},"properties":{"speed":0.3639,"dir_deg":131.2,"type":"متوسط"}},{"type":"Feature","geometry":{"type":"MultiPolygon","coordinates":[[[[0.5838908609845203,36.64666220679322],[0.5963430363692469,36.6382989940022],[0.5952279413304432,36.63663870395091],[0.5827757659457166,36.64500191674193],[0.5838908609845203,36.64666220679322]]],[[[0.5999362139780873,36.63468111137954],[0.5974581314080506,36.639959284053496],[0.5941128462916395,36.63497841389961],[0.5999362139780873,36.63468111137954]]]]},"properties":{"speed":0.3979,"dir_deg":123.9,"type":"متوسط"}},{"type":"Feature","geometry":{"type":"MultiPolygon","coordinates":[[[[0.6254470513855419,36.646726570045175],[0.6388646755494592,36.64002079926205],[0.6379705727783754,36.63823178270685],[0.6245529486144581,36.64493755348998],[0.6254470513855419,36.646726570045175]]],[[[0.6428901655518898,36.63689103405674],[0.6397587783205431,36.64180981581723],[0.6370764700072916,36.63644276615167],[0.6428901655518898,36.63689103405674]]]]},"properties":{"speed":0.427,"dir_deg":116.6,"type":"متوسط"}},{"type":"Feature","geometry":{"type":"MultiPolygon","coordinates":[[[[0.6669473557251926,36.64679186633394],[0.6813444242206289,36.64258182847928],[0.6807830858400069,36.64066221934655],[0.6663860173445706,36.644872257201214],[0.6669473557251926,36.64679186633394]]],[[[0.6858627778621299,36.64021867796136],[0.681905762601251,36.644501437612],[0.6802217474593848,36.63874261021383],[0.6858627778621299,36.64021867796136]]]]},"properties":{"speed":0.4508,"dir_deg":106.3,"type":"قوي"}},{"type":"Feature","geometry":{"type":"MultiPolygon","coordinates":[[[[0.7084871668211075,36.64682015545992],[0.7233085722062744,36.644512355120085],[0.7230008654942963,36.6425361677354],[0.7081794601091294,36.644843968075236],[0.7084871668211075,36.64682015545992]]],[[[0.7280951873120077,36.642754994647795],[0.7236162789182524,36.64648854250478],[0.7226931587823183,36.64055998035071],[0.7280951873120077,36.642754994647795]]]]},"properties":{"speed":0.4777,"dir_deg":98.9,"type":"قوي"}},{"type":"Feature","geometry":{"type":"MultiPolygon","coordinates":[[[[0.7500864414355574,36.64682831870142],[0.7650302954431161,36.64553169716806],[0.7648574125720013,36.64353918330038],[0.7499135585644426,36.64483580483374],[0.7500864414355574,36.64682831870142]]],[[[0.769925138676745,36.644103233056434],[0.7652031783142307,36.64752421103574],[0.7646845297008867,36.64154666943271],[0.769925138676745,36.644103233056434]]]]},"properties":{"speed":0.485,"dir_deg":95.0,"type":"قوي"}},{"type":"Feature","geometry":{"type":"MultiPolygon","coordinates":[[[[0.7917104176861093,36.64683110510318],[0.8066960677201508,36.64617513783477],[0.8066086054176954,36.64417705116356],[0.7916229553836539,36.644833018431974],[0.7917104176861093,36.64683110510318]]],[[[0.8116475532469369,36.64495743874302],[0.8067835300226063,36.648173224505975],[0.8065211431152399,36.64217896449235],[0.8116475532469369,36.64495743874302]]]]},"properties":{"speed":0.464,"dir_deg":92.5,"type":"قوي"}},{"type":"Feature","geometry":{"type":"MultiPolygon","coordinates":[[[[0.8332862109828378,36.64683095182968],[0.8482695619143443,36.647537489063886],[0.8483637668789055,36.64553970893969],[0.833380415947399,36.64483317170548],[0.8332862109828378,36.64683095182968]]],[[[0.8533111147071272,36.64677411141319],[0.8481753569497833,36.649535269188085],[0.8484579718434665,36.64354192881549],[0.8533111147071272,36.64677411141319]]]]},"properties":{"speed":0.4703,"dir_deg":87.3,"type":"قوي"}},{"type":"Feature","geometry":{"type":"MultiPolygon","coordinates":[[[[0.8749898199588222,36.64683200994962],[0.889989042689396,36.64698471056729],[0.8900094027717517,36.644984814203205],[0.8750101800411778,36.64483211358554],[0.8749898199588222,36.64683200994962]]],[[[0.8949989636407651,36.64603566259114],[0.8899686826070403,36.648984606931364],[0.8900297628541074,36.64298491783913],[0.8949989636407651,36.64603566259114]]]]},"properties":{"speed":0.4788,"dir_deg":89.4,"type":"قوي"}},{"type":"Feature","geometry":{"type":"MultiPolygon","coordinates":[[[[0.9166508079983398,36.64683193569567],[0.9316489169197135,36.6470701137438],[0.9316806739927972,36.64507036588761],[0.9166825650714234,36.644832187839484],[0.9166508079983398,36.64683193569567]]],[[[0.9366641650967132,36.646149632498414],[0.9316171598466298,36.64906986159998],[0.9317124310658809,36.64307061803143],[0.9366641650967132,36.646149632498414]]]]},"properties":{"speed":0.4397,"dir_deg":89.1,"type":"قوي"}},{"type":"Feature","geometry":{"type":"MultiPolygon","coordinates":[[[[0.9581575532814354,36.64681649478096],[0.97292404848213,36.6494528975362],[0.9732755688494961,36.64748403150944],[0.9585090736488014,36.6448476287542],[0.9581575532814354,36.64681649478096]]],[[[0.9780219737327113,36.649347265441236],[0.972572528114764,36.65142176356296],[0.973627089216862,36.645515165482685],[0.9780219737327113,36.649347265441236]]]]},"properties":{"speed":0.422,"dir_deg":79.9,"type":"متوسط"}},{"type":"Feature","geometry":{"type":"MultiPolygon","coordinates":[[[[0.9997514270525716,36.646800674946206],[1.0142806247319522,36.65052926915763],[1.014777770626809,36.648592042800374],[1.0002485729474284,36.64486344858895],[0.9997514270525716,36.646800674946206]]],[[[1.0193722635725075,36.650803520716146],[1.0137834788370954,36.65246649551488],[1.015274916521666,36.646654816443125],[1.0193722635725075,36.650803520716146]]]]},"properties":{"speed":0.4422,"dir_deg":75.6,"type":"قوي"}},{"type":"Feature","geometry":{"type":"MultiPolygon","coordinates":[[[[-0.4158611955195988,36.68690735150855],[-0.42475092289132843,36.67482543331415],[-0.4263618453172492,36.676010730297044],[-0.4174721179455196,36.68809264849145],[-0.4158611955195988,36.68690735150855]]],[[[-0.42851962656153203,36.67139077574079],[-0.4231400004654076,36.67364013633125],[-0.42797276774317,36.67719602727994],[-0.42851962656153203,36.67139077574079]]]]},"properties":{"speed":0.231,"dir_deg":216.3,"type":"متوسط"}},{"type":"Feature","geometry":{"type":"MultiPolygon","coordinates":[[[[-0.374274478064182,36.68681180095855],[-0.38459746368586867,36.67592897192128],[-0.38604850755750464,36.67730537000418],[-0.375725521935818,36.68818819904145],[-0.374274478064182,36.68681180095855]]],[[[-0.38876398082891556,36.67298956128364],[-0.38314641981423264,36.67455257383839],[-0.38749955142914067,36.67868176808707],[-0.38876398082891556,36.67298956128364]]]]},"properties":{"speed":0.1707,"dir_deg":223.5,"type":"ضعيف"}},{"type":"Feature","geometry":{"type":"MultiPolygon","coordinates":[[[[-0.3328005228425839,36.68665377166506],[-0.34549394786668347,36.6786614652922],[-0.3465595887163973,36.68035392196209],[-0.3338661636922977,36.68834622833494],[-0.3328005228425839,36.68665377166506]]],[[[-0.3502579099662403,36.67684359150286],[-0.3444283070169696,36.67696900862232],[-0.3476252295661112,36.682046378631966],[-0.3502579099662403,36.67684359150286]]]]},"properties":{"speed":0.1075,"dir_deg":237.8,"type":"ضعيف"}},{"type":"Feature","geometry":{"type":"MultiPolygon","coordinates":[[[[-0.2917994815864317,36.68650886047491],[-0.3066665744627675,36.688501233283],[-0.3064009247550225,36.69048351233318],[-0.2915338318786867,36.68849113952509],[-0.2917994815864317,36.68650886047491]]],[[[-0.31148944723434024,36.69015649707745],[-0.30693222417051247,36.686518954232824],[-0.30613527504727756,36.692465791383356],[-0.31148944723434024,36.69015649707745]]]]},"properties":{"speed":0.0738,"dir_deg":277.6,"type":"ضعيف"}},{"type":"Feature","geometry":{"type":"MultiPolygon","coordinates":[[[[-0.2507447187341747,36.68683262154143],[-0.26075539561279215,36.69800340255405],[-0.25926595814444275,36.699338159471196],[-0.24925528126582533,36.68816737845857],[-0.2507447187341747,36.68683262154143]]],[[[-0.26334756917148994,36.70239437468349],[-0.2622448330811415,36.6966686456369],[-0.2577765206760934,36.70067291638835],[-0.26334756917148994,36.70239437468349]]]]},"properties":{"speed":0.1057,"dir_deg":318.1,"type":"ضعيف"}},{"type":"Feature","geometry":{"type":"MultiPolygon","coordinates":[[[[-0.209258456465757,36.68712034489394],[-0.21495328305665562,36.7009972663861],[-0.21310302685770083,36.70175657659822],[-0.2074082002668022,36.68787965510606],[-0.209258456465757,36.68712034489394]]],[[[-0.21592643048747778,36.70600256198955],[-0.21680353925561038,36.700237956173986],[-0.21125277065874606,36.70251588681034],[-0.21592643048747778,36.70600256198955]]]]},"properties":{"speed":0.1625,"dir_deg":337.7,"type":"ضعيف"}},{"type":"Feature","geometry":{"type":"MultiPolygon","coordinates":[[[[-0.16762790010032314,36.68722424678607],[-0.17176419830926803,36.701642673785116],[-0.16984174137606256,36.70219418021297],[-0.16570544316711766,36.68777575321393],[-0.16762790010032314,36.68722424678607]]],[[[-0.17218173591231362,36.70672456933205],[-0.17368665524247354,36.701091167357255],[-0.16791928444285706,36.70274568664083],[-0.17218173591231362,36.70672456933205]]]]},"properties":{"speed":0.1774,"dir_deg":344.0,"type":"ضعيف"}},{"type":"Feature","geometry":{"type":"MultiPolygon","coordinates":[[[[-0.12597802865199165,36.687291529484376],[-0.12910508638631166,36.70196195926425],[-0.12714902908232836,36.7023789002955],[-0.12402197134800837,36.687708470515624],[-0.12597802865199165,36.687291529484376]]],[[[-0.1291694103124267,36.70706057303983],[-0.13106114369029492,36.70154501823301],[-0.1251929717783451,36.70279584132674],[-0.1291694103124267,36.70706057303983]]]]},"properties":{"speed":0.197,"dir_deg":348.0,"type":"ضعيف"}},{"type":"Feature","geometry":{"type":"MultiPolygon","coordinates":[[[[-0.08433193525856122,36.68744709295856],[-0.08512554088022885,36.702426084584076],[-0.0831283419968268,36.70253189866696],[-0.08233473637515917,36.68755290704144],[-0.08433193525856122,36.68744709295856]]],[[[-0.08439147664575036,36.70747198883402],[-0.08712273976363089,36.70232027050118],[-0.08113114311342476,36.702637712749855],[-0.08439147664575036,36.70747198883402]]]]},"properties":{"speed":0.2881,"dir_deg":357.0,"type":"متوسط"}},{"type":"Feature","geometry":{"type":"MultiPolygon","coordinates":[[[[-0.042651562536803446,36.68767315476026],[-0.04005424113287615,36.70244657418586],[-0.03808445187612946,36.70210026466534],[-0.04068177328005675,36.68732684523974],[-0.042651562536803446,36.68767315476026]]],[[[-0.03820357270319371,36.707197892567464],[-0.042024030389622845,36.70279288370639],[-0.036114662619382766,36.70175395514482],[-0.03820357270319371,36.707197892567464]]]]},"properties":{"speed":0.2618,"dir_deg":10.0,"type":"متوسط"}},{"type":"Feature","geometry":{"type":"MultiPolygon","coordinates":[[[[-0.0009580177848680585,36.68778670877886],[0.0033426138980608747,36.70215697555188],[0.005258649467796992,36.70158355799416],[0.0009580177848680585,36.68721329122114],[-0.0009580177848680585,36.68778670877886]]],[[[0.0057341755772385775,36.70666035569736],[0.0014265783283247575,36.702730393109604],[0.007174685037533109,36.70101014043644],[0.0057341755772385775,36.70666035569736]]]]},"properties":{"speed":0.2025,"dir_deg":16.7,"type":"ضعيف"}},{"type":"Feature","geometry":{"type":"MultiPolygon","coordinates":[[[[0.04069752903418011,36.68774651539996],[0.04439526003358102,36.70228359851371],[0.04633353778208099,36.70179056771379],[0.042635806782680086,36.68725348460004],[0.04069752903418011,36.68774651539996]]],[[[0.04659697590763131,36.706882777485],[0.042456982285081046,36.70277662931363],[0.048271815530580964,36.70129753691387],[0.04659697590763131,36.706882777485]]]]},"properties":{"speed":0.1968,"dir_deg":14.3,"type":"ضعيف"}},{"type":"Feature","geometry":{"type":"MultiPolygon","coordinates":[[[[0.08244613577281994,36.68796138496059],[0.08936691018161011,36.70126938562119],[0.09114131026969063,36.70034661570001],[0.08422053586090046,36.68703861503941],[0.08244613577281994,36.68796138496059]]],[[[0.09256103502858044,36.7052440008808],[0.08759251009352959,36.702192155542356],[0.09291571035777116,36.699423845778846],[0.09256103502858044,36.7052440008808]]]]},"properties":{"speed":0.2194,"dir_deg":27.5,"type":"متوسط"}},{"type":"Feature","geometry":{"type":"MultiPolygon","coordinates":[[[[0.12427722749456215,36.68819108603327],[0.13464351799363622,36.69903267361484],[0.13608906300451196,36.697650501548296],[0.12572277250543787,36.68680891396673],[0.12427722749456215,36.68819108603327]]],[[[0.1388217206654321,36.701955450108755],[0.1331979729827605,36.70041484568138],[0.13753460801538767,36.696268329481754],[0.1388217206654321,36.701955450108755]]]]},"properties":{"speed":0.2285,"dir_deg":43.7,"type":"متوسط"}},{"type":"Feature","geometry":{"type":"MultiPolygon","coordinates":[[[[0.16606870566107745,36.688301521487894],[0.17809152797953762,36.69727101107754],[0.1792874599248235,36.69566796810175],[0.16726463760636334,36.686698478512106],[0.16606870566107745,36.688301521487894]]],[[[0.18269710139166728,36.699459319452856],[0.1768955960342517,36.698874054053334],[0.18048339187010942,36.69406492512596],[0.18269710139166728,36.699459319452856]]]]},"properties":{"speed":0.2355,"dir_deg":53.3,"type":"متوسط"}},{"type":"Feature","geometry":{"type":"MultiPolygon","coordinates":[[[[0.20787358823435273,36.68838805349563],[0.2211943906687621,36.69528415547453],[0.22211387093261584,36.693508048483274],[0.20879306849820647,36.68661194650437],[0.20787358823435273,36.68838805349563]]],[[[0.2260943982788254,36.69669480263854],[0.22027491040490832,36.69706026246578],[0.2230333511964696,36.69173194149202],[0.2260943982788254,36.69669480263854]]]]},"properties":{"speed":0.2299,"dir_deg":62.6,"type":"متوسط"}},{"type":"Feature","geometry":{"type":"MultiPolygon","coordinates":[[[[0.24978245191381418,36.688476049604375],[0.26442319597941066,36.691739270897166],[0.26485829215178236,36.689787171688415],[0.25021754808618585,36.686523950395625],[0.24978245191381418,36.688476049604375]]],[[[0.269520992087462,36.691850961723716],[0.263988099807039,36.69369137010591],[0.265293388324154,36.68783507247967],[0.269520992087462,36.691850961723716]]]]},"properties":{"speed":0.2211,"dir_deg":77.4,"type":"متوسط"}},{"type":"Feature","geometry":{"type":"MultiPolygon","coordinates":[[[[0.29179165975931487,36.68849215636031],[0.30667400516395227,36.68661711095898],[0.30642399911044094,36.684632798238354],[0.29154165370580354,36.68650784363969],[0.29179165975931487,36.68849215636031]]],[[[0.31150978393874235,36.68499993946489],[0.30692401121746365,36.68860142367959],[0.30617399305692955,36.68264848551774],[0.31150978393874235,36.68499993946489]]]]},"properties":{"speed":0.2115,"dir_deg":97.2,"type":"ضعيف"}},{"type":"Feature","geometry":{"type":"MultiPolygon","coordinates":[[[[0.3337756066084112,36.68839688524195],[0.3472288852377112,36.681762935127395],[0.3463443585557704,36.679969164643495],[0.3328910799264704,36.68660311475805],[0.3337756066084112,36.68839688524195]]],[[[0.35127104810650744,36.67865473318059],[0.34811341191965206,36.6835567056113],[0.34545983187382956,36.67817539415959],[0.35127104810650744,36.67865473318059]]]]},"properties":{"speed":0.2173,"dir_deg":116.2,"type":"ضعيف"}},{"type":"Feature","geometry":{"type":"MultiPolygon","coordinates":[[[[0.375615961162992,36.68828777652014],[0.38743260896510756,36.67904835907526],[0.38620068663912355,36.67747280603498],[0.374384038837008,36.68671222347986],[0.375615961162992,36.68828777652014]]],[[[0.3907555304028207,36.67518077674016],[0.38866453129109163,36.68062391211554],[0.3849687643131395,36.675897252994694],[0.3907555304028207,36.67518077674016]]]]},"properties":{"speed":0.2555,"dir_deg":128.0,"type":"متوسط"}},{"type":"Feature","geometry":{"type":"MultiPolygon","coordinates":[[[[0.4173567732064426,36.68822369831592],[0.42821224794533885,36.67787195120767],[0.42683201499757206,36.676424554575824],[0.4159765402586758,36.68677630168408],[0.4173567732064426,36.68822369831592]]],[[[0.4311406230510875,36.67369767052233],[0.4295924808931057,36.679319347839524],[0.4254517820498052,36.67497715794397],[0.4311406230510875,36.67369767052233]]]]},"properties":{"speed":0.2956,"dir_deg":133.6,"type":"متوسط"}},{"type":"Feature","geometry":{"type":"MultiPolygon","coordinates":[[[[0.4590865706996368,36.68815776016555],[0.46895297318292123,36.67685934868261],[0.4674465183185292,36.67554382835151],[0.45758011583524477,36.68684223983445],[0.4590865706996368,36.68815776016555]]],[[[0.4714885465784867,36.67243545135608],[0.4704594280473133,36.678174869013716],[0.46594006345413713,36.6742283080204],[0.4714885465784867,36.67243545135608]]]]},"properties":{"speed":0.3136,"dir_deg":138.9,"type":"متوسط"}},{"type":"Feature","geometry":{"type":"MultiPolygon","coordinates":[[[[0.5008175979112155,36.68807578959315],[0.5094544418084165,36.67581182092492],[0.5078192459859855,36.67466024173862],[0.4991824020887845,36.68692421040685],[0.5008175979112155,36.68807578959315]]],[[[0.5115157918629347,36.67114804177569],[0.5110896376308475,36.67696340011121],[0.5061840501635545,36.67350866255233],[0.5115157918629347,36.67114804177569]]]]},"properties":{"speed":0.3439,"dir_deg":144.8,"type":"متوسط"}},{"type":"Feature","geometry":{"type":"MultiPolygon","coordinates":[[[[0.5424621207204688,36.68810603997921],[0.5515527204085978,36.6761745271954],[0.5499618520374233,36.67496244723698],[0.5408712523492943,36.68689396002079],[0.5424621207204688,36.68810603997921]]],[[[0.5537874861190536,36.67159131628826],[0.5531435887797723,36.677386607153814],[0.5483709836662488,36.673750367278565],[0.5537874861190536,36.67159131628826]]]]},"properties":{"speed":0.3634,"dir_deg":142.7,"type":"متوسط"}},{"type":"Feature","geometry":{"type":"MultiPolygon","coordinates":[[[[0.584035611238257,36.68821188330353],[0.5947138607912053,36.67767741670645],[0.5933092652449281,36.67625365009939],[0.5826310156919798,36.68678811669647],[0.584035611238257,36.68821188330353]]],[[[0.5975709795357161,36.67345404453723],[0.5961184563374824,36.67910118331351],[0.591904669698651,36.67482988349233],[0.5975709795357161,36.67345404453723]]]]},"properties":{"speed":0.3542,"dir_deg":134.6,"type":"متوسط"}},{"type":"Feature","geometry":{"type":"MultiPolygon","coordinates":[[[[0.6256220091778232,36.68828300995058],[0.6373671584364888,36.67895287228323],[0.6361231400808425,36.67738685238207],[0.6243779908221768,36.68671699004942],[0.6256220091778232,36.68828300995058]]],[[[0.6406601990115541,36.675059816443536],[0.6386111767921353,36.68051889218439],[0.634879121725196,36.675820832480916],[0.6406601990115541,36.675059816443536]]]]},"properties":{"speed":0.3407,"dir_deg":128.5,"type":"متوسط"}},{"type":"Feature","geometry":{"type":"MultiPolygon","coordinates":[[[[0.6672059469863486,36.68834213904166],[0.6798380326112088,36.680253232269656],[0.6787595117082748,36.67856895418634],[0.6661274260834146,36.68665786095834],[0.6672059469863486,36.68834213904166]]],[[[0.6835094673680284,36.67671479097066],[0.6809165535141429,36.68193751035297],[0.6776809908053406,36.67688467610303],[0.6835094673680284,36.67671479097066]]]]},"properties":{"speed":0.3118,"dir_deg":122.6,"type":"متوسط"}},{"type":"Feature","geometry":{"type":"MultiPolygon","coordinates":[[[[0.708753051854114,36.68840764513154],[0.722367728827174,36.68211156929661],[0.7215282520491829,36.68029627903353],[0.7079135750761228,36.68659235486846],[0.708753051854114,36.68840764513154]]],[[[0.7264862160958652,36.67910523222009],[0.723207205605165,36.68392685955968],[0.7206887752711919,36.67848098877045],[0.7264862160958652,36.67910523222009]]]]},"properties":{"speed":0.2861,"dir_deg":114.8,"type":"متوسط"}},{"type":"Feature","geometry":{"type":"MultiPolygon","coordinates":[[[[0.7502955562894449,36.688455325326665],[0.7646254361894353,36.684021980984994],[0.7640343236105456,36.682111330331665],[0.7497044437105551,36.686544674673335],[0.7502955562894449,36.688455325326665]]],[[[0.7691065065333206,36.6815888742111],[0.7652165487683252,36.68593263163833],[0.7634432110316557,36.68020067967833],[0.7691065065333206,36.6815888742111]]]]},"properties":{"speed":0.2759,"dir_deg":107.2,"type":"متوسط"}},{"type":"Feature","geometry":{"type":"MultiPolygon","coordinates":[[[[0.7918149136085483,36.688488953353115],[0.8066492139052338,36.68626554724811],[0.8063527597579004,36.68428764054188],[0.7915184594612149,36.686511046646885],[0.7918149136085483,36.688488953353115]]],[[[0.8114457535971289,36.68453545852667],[0.8069456680525673,36.688243453954335],[0.806056305610567,36.68230973383566],[0.8114457535971289,36.68453545852667]]]]},"properties":{"speed":0.267,"dir_deg":98.5,"type":"متوسط"}},{"type":"Feature","geometry":{"type":"MultiPolygon","coordinates":[[[[0.8333302934847427,36.68849999543985],[0.8483302250824758,36.68854529514548],[0.8483362650432271,36.686545304265785],[0.8333363334454941,36.68650000456015],[0.8333302934847427,36.68849999543985]]],[[[0.8533332222620957,36.68756039960751],[0.8483241851217244,36.69054528602518],[0.8483423050039786,36.68454531338609],[0.8533332222620957,36.68756039960751]]]]},"properties":{"speed":0.2654,"dir_deg":89.8,"type":"متوسط"}},{"type":"Feature","geometry":{"type":"MultiPolygon","coordinates":[[[[0.8749755623263972,36.68849970135546],[0.8899710826582996,36.688866266459506],[0.8900199580055053,36.686866863748584],[0.8750244376736028,36.68650029864454],[0.8749755623263972,36.68849970135546]]],[[[0.8949940271092032,36.687988753472055],[0.8899222073110938,36.69086566917043],[0.890068833352711,36.68486746103766],[0.8949940271092032,36.687988753472055]]]]},"properties":{"speed":0.2631,"dir_deg":88.6,"type":"متوسط"}},{"type":"Feature","geometry":{"type":"MultiPolygon","coordinates":[[[[0.9165468335449648,36.68849279165025],[0.931438708298729,36.690290586499],[0.9316784142785626,36.68830500319851],[0.9167865395247984,36.68650720834975],[0.9165468335449648,36.68849279165025]]],[[[0.9365225195399005,36.689897059798334],[0.9311990023188954,36.692276169799506],[0.9319181202583962,36.686319419898005],[0.9365225195399005,36.689897059798334]]]]},"properties":{"speed":0.2648,"dir_deg":83.1,"type":"متوسط"}},{"type":"Feature","geometry":{"type":"MultiPolygon","coordinates":[[[[0.9580593935242692,36.68846175249727],[0.9724856809833199,36.692570551610004],[0.9730335208650184,36.69064704661547],[0.9586072334059677,36.68653824750273],[0.9580593935242692,36.68846175249727]]],[[[0.9775683634105193,36.69297839881698],[0.9719378411016215,36.69449405660455],[0.9735813607467168,36.688723541620924],[0.9775683634105193,36.69297839881698]]]]},"properties":{"speed":0.2921,"dir_deg":74.1,"type":"متوسط"}},{"type":"Feature","geometry":{"type":"MultiPolygon","coordinates":[[[[0.9996631903869796,36.688441572771794],[1.0137867819638353,36.6934937169671],[1.0144604011898763,36.69161057142351],[1.0003368096130205,36.686558427228206],[0.9996631903869796,36.688441572771794]]],[[[1.0188314554358078,36.694236192260405],[1.0131131627377945,36.69537686251068],[1.0151340204159172,36.68972742587993],[1.0188314554358078,36.694236192260405]]]]},"properties":{"speed":0.3353,"dir_deg":70.3,"type":"متوسط"}}]}