{"type":"FeatureCollection","date":"2026-08-28","features":[{"type":"Feature","geometry":{"type":"MultiPolygon","coordinates":[[[[-0.24906871763944924,35.85453223641376],[-0.24360424491936172,35.8405630010055],[-0.24546680964046325,35.83983440464282],[-0.25093128236055073,35.85380364005108],[-0.24906871763944924,35.85453223641376]]],[[[-0.24271403637321665,35.835542291021405],[-0.24174168019826023,35.841291597368176],[-0.24732937436156474,35.839105808280145],[-0.24271403637321665,35.835542291021405]]]]},"properties":{"speed":0.1127,"dir_deg":158.6,"type":"ضعيف"}},{"type":"Feature","geometry":{"type":"MultiPolygon","coordinates":[[[[-0.2074016460842867,35.85453121240632],[-0.20195253347583242,35.840555978176425],[-0.2038158980398182,35.839829429828626],[-0.2092650106482725,35.85380466405852],[-0.2074016460842867,35.85453121240632]]],[[[-0.20106784488834054,35.83553429259256],[-0.20008916891184664,35.84128252652422],[-0.20567926260380398,35.839102881480834],[-0.20106784488834054,35.83553429259256]]]]},"properties":{"speed":0.1159,"dir_deg":158.7,"type":"ضعيف"}},{"type":"Feature","geometry":{"type":"MultiPolygon","coordinates":[[[[-0.1658126815292861,35.854688227480366],[-0.15800834281009515,35.84187837591385],[-0.15971632301896374,35.84083779741796],[-0.1675206617381547,35.85364764898448],[-0.1658126815292861,35.854688227480366]]],[[[-0.15626088667479912,35.837088136143734],[-0.15630036260122654,35.84291895440975],[-0.16142430322783236,35.839797218922065],[-0.15626088667479912,35.837088136143734]]]]},"properties":{"speed":0.101,"dir_deg":148.6,"type":"ضعيف"}},{"type":"Feature","geometry":{"type":"MultiPolygon","coordinates":[[[[-0.1243052054281732,35.854887146479705],[-0.1135170817189269,35.844465227902305],[-0.11490667086258051,35.84302681140774],[-0.1256947945718268,35.85344872998514],[-0.1243052054281732,35.854887146479705]]],[[[-0.11061583505433828,35.84027204679589],[-0.1121274925752733,35.84590364439687],[-0.11629626000623411,35.841588394913174],[-0.11061583505433828,35.84027204679589]]]]},"properties":{"speed":0.0947,"dir_deg":134.0,"type":"ضعيف"}},{"type":"Feature","geometry":{"type":"MultiPolygon","coordinates":[[[[-0.08297473300519326,35.8551014284699],[-0.06897237944304066,35.8497223862949],[-0.06968958506637454,35.84785540581994],[-0.08369193862852714,35.85323444799494],[-0.08297473300519326,35.8551014284699]]],[[[-0.06466353106732341,35.846995881999085],[-0.06825517381970679,35.85158936676985],[-0.07040679068970841,35.84598842534499],[-0.06466353106732341,35.846995881999085]]]]},"properties":{"speed":0.0783,"dir_deg":111.0,"type":"ضعيف"}},{"type":"Feature","geometry":{"type":"MultiPolygon","coordinates":[[[[-0.04181755556671212,35.85515648914895],[-0.026989291818717624,35.85741980402318],[-0.02668751650215358,35.85544270219012],[-0.04151578025014808,35.85317938731589],[-0.04181755556671212,35.85515648914895]]],[[[-0.02189564957777077,35.857185691398065],[-0.027291067135281663,35.85939690585625],[-0.02638574118558954,35.85346560035705],[-0.02189564957777077,35.857185691398065]]]]},"properties":{"speed":0.0729,"dir_deg":81.3,"type":"ضعيف"}},{"type":"Feature","geometry":{"type":"MultiPolygon","coordinates":[[[[-0.2912550590333721,35.89674342740991],[-0.27758457439838646,35.890569461922105],[-0.27840776979676063,35.88874673063744],[-0.2920782544317463,35.89492069612525],[-0.2912550590333721,35.89674342740991]]],[[[-0.2734393438859117,35.88760010778384],[-0.2767613790000123,35.892392193206774],[-0.2792309651951348,35.886923999352774],[-0.2734393438859117,35.88760010778384]]]]},"properties":{"speed":0.0572,"dir_deg":114.3,"type":"ضعيف"}},{"type":"Feature","geometry":{"type":"MultiPolygon","coordinates":[[[[-0.24908185551910028,35.89622830754004],[-0.2431381689321821,35.882456140326546],[-0.24497445789398153,35.88166364878162],[-0.2509181444808997,35.895435815995114],[-0.24908185551910028,35.89622830754004]]],[[[-0.24207508455077575,35.87746917214958],[-0.24130187997038266,35.88324863187147],[-0.24681074685578097,35.8808711572367],[-0.24207508455077575,35.87746917214958]]]]},"properties":{"speed":0.1005,"dir_deg":156.7,"type":"ضعيف"}},{"type":"Feature","geometry":{"type":"MultiPolygon","coordinates":[[[[-0.20734592392207765,35.8959902782761],[-0.20497267629418392,35.88117921161307],[-0.20694748518258782,35.880862778596025],[-0.20932073281048155,35.895673845259054],[-0.20734592392207765,35.8959902782761]]],[[[-0.20516899819575463,35.87608397288354],[-0.20299786740578002,35.88149564463013],[-0.20892229407099172,35.88054634557897],[-0.20516899819575463,35.87608397288354]]]]},"properties":{"speed":0.1034,"dir_deg":170.9,"type":"ضعيف"}},{"type":"Feature","geometry":{"type":"MultiPolygon","coordinates":[[[[-0.16566674117801033,35.895843855144676],[-0.16548984052149837,35.88084489830902],[-0.1674897014329185,35.880821311554826],[-0.16766660208943046,35.89582026839048],[-0.16566674117801033,35.895843855144676]]],[[[-0.16643080409170447,35.875833452653374],[-0.16348997961007822,35.880868485063225],[-0.16948956234433865,35.88079772480062],[-0.16643080409170447,35.875833452653374]]]]},"properties":{"speed":0.1046,"dir_deg":179.3,"type":"ضعيف"}},{"type":"Feature","geometry":{"type":"MultiPolygon","coordinates":[[[[-0.12401629891397545,35.89601187326152],[-0.12131912650482649,35.88125635697115],[-0.12328652867687559,35.88089673398326],[-0.12598370108602455,35.895652250273635],[-0.12401629891397545,35.89601187326152]]],[[[-0.12140377012113472,35.87615804004709],[-0.11935172433277737,35.88161597995904],[-0.1252539308489247,35.88053711099538],[-0.12140377012113472,35.87615804004709]]]]},"properties":{"speed":0.0934,"dir_deg":169.6,"type":"ضعيف"}},{"type":"Feature","geometry":{"type":"MultiPolygon","coordinates":[[[[-0.08266070160896138,35.896572036917405],[-0.0715610743615275,35.886482523798925],[-0.07290634277732513,35.88500257349927],[-0.08400597002475901,35.89509208661775],[-0.08266070160896138,35.896572036917405]]],[[[-0.06853383282028169,35.8823793776096],[-0.07021580594572989,35.887962474098586],[-0.07425161119312275,35.88352262319961],[-0.06853383282028169,35.8823793776096]]]]},"properties":{"speed":0.085,"dir_deg":132.3,"type":"ضعيف"}},{"type":"Feature","geometry":{"type":"MultiPolygon","coordinates":[[[[-0.04168709652655294,35.896831853081586],[-0.026690226816464838,35.89713828235343],[-0.026649369580219157,35.895138699725415],[-0.04164623929030726,35.89483227045357],[-0.04168709652655294,35.896831853081586]]],[[[-0.021670841628312627,35.89624063413004],[-0.02673108405271052,35.89913786498144],[-0.026608512343973476,35.893139117097405],[-0.021670841628312627,35.89624063413004]]]]},"properties":{"speed":0.0925,"dir_deg":88.8,"type":"ضعيف"}},{"type":"Feature","geometry":{"type":"MultiPolygon","coordinates":[[[[-0.00041259859880557736,35.896742974714165],[0.013251095600031232,35.902931953696246],[0.014076292797642389,35.90111012780307],[0.00041259859880557736,35.89492114882099],[-0.00041259859880557736,35.896742974714165]]],[[[0.018218258931782413,35.904084033743686],[0.012425898402420078,35.90475377958943],[0.014901489995253543,35.89928830190989],[0.018218258931782413,35.904084033743686]]]]},"properties":{"speed":0.1047,"dir_deg":65.6,"type":"ضعيف"}},{"type":"Feature","geometry":{"type":"MultiPolygon","coordinates":[[[[-0.41694371268335306,35.93846085378707],[-0.40253090587727997,35.942616693048976],[-0.40197679397569225,35.940694985474835],[-0.41638960078176535,35.93653914621293],[-0.41694371268335306,35.93846085378707]]],[[[-0.39744958099112837,35.943041119015874],[-0.4030850177788676,35.94453840062312],[-0.4014226820741046,35.938773277900694],[-0.39744958099112837,35.943041119015874]]]]},"properties":{"speed":0.5002,"dir_deg":73.9,"type":"متوسط"}},{"type":"Feature","geometry":{"type":"MultiPolygon","coordinates":[[[[-0.37501214935716604,35.938499926193835],[-0.3600132564496178,35.938682166551324],[-0.3599889577352857,35.936682314163654],[-0.37498785064283396,35.936500073806165],[-0.37501214935716604,35.938499926193835]]],[[[-0.355001476123269,35.937742987143324],[-0.36003755516394986,35.940682018939],[-0.35996465902095365,35.93468246177598],[-0.355001476123269,35.937742987143324]]]]},"properties":{"speed":0.3551,"dir_deg":89.3,"type":"متوسط"}},{"type":"Feature","geometry":{"type":"MultiPolygon","coordinates":[[[[-0.3326030947993675,35.93818318165584],[-0.32235536996176367,35.92722945463474],[-0.32381586689791025,35.925863091323066],[-0.3340635917355141,35.93681681834416],[-0.3326030947993675,35.93818318165584]]],[[[-0.31966971015063567,35.922895030638536],[-0.32089487302561714,35.92859581794642],[-0.3252763638340568,35.924496728011384],[-0.31966971015063567,35.922895030638536]]]]},"properties":{"speed":0.2797,"dir_deg":136.9,"type":"متوسط"}},{"type":"Feature","geometry":{"type":"MultiPolygon","coordinates":[[[[-0.2917787045920085,35.93849370281131],[-0.27687316242245336,35.940174420703045],[-0.27664906670355477,35.93818701508043],[-0.2915546088731099,35.93650629718869],[-0.2917787045920085,35.93849370281131]]],[[[-0.2717926005064857,35.93974095718899],[-0.277097258141352,35.94216182632565],[-0.2764249709846561,35.93619960945782],[-0.2717926005064857,35.93974095718899]]]]},"properties":{"speed":0.1049,"dir_deg":83.6,"type":"ضعيف"}},{"type":"Feature","geometry":{"type":"MultiPolygon","coordinates":[[[[-0.24945392379604137,35.93833773550687],[-0.2368878911929969,35.93014659244749],[-0.23798004360091418,35.92847112143375],[-0.25054607620395863,35.93666226449313],[-0.24945392379604137,35.93833773550687]]],[[[-0.23324528986260737,35.92657847592083],[-0.23579573878507962,35.93182206346123],[-0.23907219600883148,35.92679565042001],[-0.23324528986260737,35.92657847592083]]]]},"properties":{"speed":0.0719,"dir_deg":123.1,"type":"ضعيف"}},{"type":"Feature","geometry":{"type":"MultiPolygon","coordinates":[[[[-0.2073369705614378,35.93758527089029],[-0.20605790720708944,35.92263990381766],[-0.20805062281677306,35.922469362037084],[-0.2093296861711214,35.93741472910971],[-0.2073369705614378,35.93758527089029]]],[[[-0.20662791056048177,35.917572843903166],[-0.20406519159740585,35.922810445598245],[-0.21004333842645664,35.9222988202565],[-0.20662791056048177,35.917572843903166]]]]},"properties":{"speed":0.082,"dir_deg":175.1,"type":"ضعيف"}},{"type":"Feature","geometry":{"type":"MultiPolygon","coordinates":[[[[-0.1656873837364965,35.93729752725035],[-0.1687244749812455,35.92260820879199],[-0.1706830507756933,35.92301315429129],[-0.1676459595309443,35.93770247274965],[-0.1656873837364965,35.93729752725035]]],[[[-0.17071612662671903,35.917914242055524],[-0.1667658991867977,35.922203263292694],[-0.17264162657014107,35.92341809979059],[-0.17071612662671903,35.917914242055524]]]]},"properties":{"speed":0.1217,"dir_deg":191.7,"type":"ضعيف"}},{"type":"Feature","geometry":{"type":"MultiPolygon","coordinates":[[[[-0.1240141637078843,35.937332289519865],[-0.12652982090992967,35.92254474513813],[-0.1285014934941611,35.9228801660984],[-0.1259858362921157,35.937667710480135],[-0.1240141637078843,35.937332289519865]]],[[[-0.12835420960272717,35.917783274157685],[-0.12455814832569828,35.92220932417786],[-0.1304731660783925,35.92321558705868],[-0.12835420960272717,35.917783274157685]]]]},"properties":{"speed":0.1291,"dir_deg":189.7,"type":"ضعيف"}},{"type":"Feature","geometry":{"type":"MultiPolygon","coordinates":[[[[-0.08235186687916571,35.93769162130451],[-0.07947754731156571,35.922969587239095],[-0.0814404851869547,35.922586344630076],[-0.08431480475455469,35.93730837869549],[-0.08235186687916571,35.93769162130451]]],[[[-0.07950090972672687,35.91787062124611],[-0.07751460943617672,35.923352829848106],[-0.08340342306234369,35.922203102021065],[-0.07950090972672687,35.91787062124611]]]]},"properties":{"speed":0.1141,"dir_deg":169.0,"type":"ضعيف"}},{"type":"Feature","geometry":{"type":"MultiPolygon","coordinates":[[[[-0.04117872626563072,35.9383728762531],[-0.028085582469162134,35.93105375161111],[-0.029061465754760905,35.929307999104914],[-0.04215460955122948,35.9366271237469],[-0.04117872626563072,35.9383728762531]]],[[[-0.024209142846471993,35.92774116714401],[-0.027109699183563367,35.932799504117305],[-0.030037349040359672,35.92756224659872],[-0.024209142846471993,35.92774116714401]]]]},"properties":{"speed":0.1031,"dir_deg":119.2,"type":"ضعيف"}},{"type":"Feature","geometry":{"type":"MultiPolygon","coordinates":[[[[-0.00018583894700424262,35.9384825802185],[0.014552864330410625,35.941270164423564],[0.01492454222441911,35.93930500398657],[0.00018583894700424262,35.9365174197815],[-0.00018583894700424262,35.9384825802185]]],[[[0.019651604369886493,35.94121677894009],[0.01418118643640214,35.94323532486055],[0.015296220118427595,35.93733984354958],[0.019651604369886493,35.94121677894009]]]]},"properties":{"speed":0.1268,"dir_deg":79.3,"type":"ضعيف"}},{"type":"Feature","geometry":{"type":"MultiPolygon","coordinates":[[[[0.04132475613899104,35.938439732058576],[0.05542073701765948,35.943568408600164],[0.056104560556537605,35.94168894448301],[0.04200857967786916,35.936560267941424],[0.04132475613899104,35.938439732058576]]],[[[0.06046130907998802,35.944338235388784],[0.05473691347878136,35.945447872717324],[0.05678838409541573,35.93980948036585],[0.06046130907998802,35.944338235388784]]]]},"properties":{"speed":0.1306,"dir_deg":70.0,"type":"ضعيف"}},{"type":"Feature","geometry":{"type":"MultiPolygon","coordinates":[[[[-0.41686151520747505,35.9801487696016],[-0.4021490446698825,35.983071646725335],[-0.4017593277200508,35.98110998398698],[-0.41647179825764336,35.978187106863246],[-0.41686151520747505,35.9801487696016]]],[[[-0.39705002934910244,35.98306510773074],[-0.40253876161971425,35.98503330946368],[-0.40136961077021904,35.97914832124864],[-0.39705002934910244,35.98306510773074]]]]},"properties":{"speed":0.669,"dir_deg":78.8,"type":"قوي"}},{"type":"Feature","geometry":{"type":"MultiPolygon","coordinates":[[[[-0.3751372648732878,35.980158472610704],[-0.3602792491990368,35.98221744571002],[-0.3600047194524612,35.98023637695346],[-0.3748627351267122,35.97817740385414],[-0.3751372648732878,35.980158472610704]]],[[[-0.355189312434332,35.98191323569818],[-0.36055377894561247,35.98419851446659],[-0.35973018970588555,35.978255308196886],[-0.355189312434332,35.98191323569818]]]]},"properties":{"speed":0.6656,"dir_deg":82.1,"type":"قوي"}},{"type":"Feature","geometry":{"type":"MultiPolygon","coordinates":[[[[-0.3332968265229028,35.980167271273686],[-0.31830683090389483,35.979619520105615],[-0.3183798643929708,35.97762085402309],[-0.33336986001197877,35.97816860519116],[-0.3332968265229028,35.980167271273686]]],[[[-0.31334668244209685,35.97843760334166],[-0.31823379741481883,35.98161818618815],[-0.3184528978820468,35.97562218794055],[-0.31334668244209685,35.97843760334166]]]]},"properties":{"speed":0.6277,"dir_deg":92.1,"type":"قوي"}},{"type":"Feature","geometry":{"type":"MultiPolygon","coordinates":[[[[-0.2918049946233037,35.980158323323174],[-0.2769492182620199,35.98223339168434],[-0.27667254248053086,35.980252621502835],[-0.2915283188418147,35.97817755314167],[-0.2918049946233037,35.980158323323174]]],[[[-0.27185895491751405,35.98193469604731],[-0.27722589404350895,35.98421416186584],[-0.2763958666990418,35.97827185132133],[-0.27185895491751405,35.98193469604731]]]]},"properties":{"speed":0.5628,"dir_deg":82.0,"type":"قوي"}},{"type":"Feature","geometry":{"type":"MultiPolygon","coordinates":[[[[-0.2500688833171445,35.98016556295576],[-0.23510451246704486,35.98119881271293],[-0.2349667458327558,35.97920356326625],[-0.24993111668285548,35.97817031350908],[-0.2500688833171445,35.98016556295576]]],[[[-0.23004750553320044,35.98054560457531],[-0.23524227910133388,35.98319406215961],[-0.2348289791984668,35.977208313819574],[-0.23004750553320044,35.98054560457531]]]]},"properties":{"speed":0.4174,"dir_deg":86.1,"type":"متوسط"}},{"type":"Feature","geometry":{"type":"MultiPolygon","coordinates":[[[[-0.20824142606334858,35.98016370626099],[-0.19330490563484534,35.97878517171702],[-0.19348871024070738,35.97679363565989],[-0.20842523066921062,35.978172170203855],[-0.20824142606334858,35.98016370626099]]],[[[-0.18841796779494197,35.9773298921738],[-0.1931211010289833,35.980776707774154],[-0.19367251484656942,35.974802099602755],[-0.18841796779494197,35.9773298921738]]]]},"properties":{"speed":0.2531,"dir_deg":95.3,"type":"ضعيف"}},{"type":"Feature","geometry":{"type":"MultiPolygon","coordinates":[[[[-0.16626669658700038,35.980084464261516],[-0.1525188061506353,35.974084838560714],[-0.15331875624407532,35.972251786502525],[-0.1670666466804404,35.97825141220333],[-0.16626669658700038,35.980084464261516]]],[[[-0.14833615105190026,35.97116843729802],[-0.1517188560571953,35.975917890618895],[-0.15411870633751532,35.970418734444344],[-0.14833615105190026,35.97116843729802]]]]},"properties":{"speed":0.1282,"dir_deg":113.6,"type":"ضعيف"}},{"type":"Feature","geometry":{"type":"MultiPolygon","coordinates":[[[[-0.12409072678409007,35.97958413796672],[-0.11784773076963637,35.96594503972807],[-0.11966627720145623,35.96511264025948],[-0.12590927321590992,35.978751738498126],[-0.12409072678409007,35.97958413796672]]],[[[-0.11667600531406172,35.96098247391422],[-0.11602918433781652,35.96677743919666],[-0.12148482363327608,35.964280240790885],[-0.11667600531406172,35.96098247391422]]]]},"properties":{"speed":0.0985,"dir_deg":155.4,"type":"ضعيف"}},{"type":"Feature","geometry":{"type":"MultiPolygon","coordinates":[[[[-0.08234617798515034,35.97932768620672],[-0.07994995837060548,35.964520318731076],[-0.08192427403402519,35.96420082278247],[-0.08432049364857006,35.97900819025812],[-0.08234617798515034,35.97932768620672]]],[[[-0.08013837633080037,35.95942478159822],[-0.0779756427071858,35.964839814679685],[-0.08389858969744488,35.963881326833864],[-0.08013837633080037,35.95942478159822]]]]},"properties":{"speed":0.1189,"dir_deg":170.8,"type":"ضعيف"}},{"type":"Feature","geometry":{"type":"MultiPolygon","coordinates":[[[[-0.04075572141734534,35.97958046276549],[-0.03456785342137263,35.965916265399215],[-0.036389746403542145,35.96509121633308],[-0.04257761439951486,35.97875541369935],[-0.04075572141734534,35.97958046276549]]],[[[-0.033416177247133146,35.96094900841073],[-0.032745960439203116,35.966741314465345],[-0.038211639385711656,35.96426616726695],[-0.033416177247133146,35.96094900841073]]]]},"properties":{"speed":0.1156,"dir_deg":155.6,"type":"ضعيف"}},{"type":"Feature","geometry":{"type":"MultiPolygon","coordinates":[[[[0.0003457885684221114,35.980106250688884],[0.014420475415326806,35.97491942216255],[0.013728898278482584,35.973042797249626],[-0.0003457885684221114,35.97822962577596],[0.0003457885684221114,35.980106250688884]]],[[[0.018766249129206262,35.97225216686398],[0.015112052552171028,35.97679604707547],[0.013037321141638362,35.97116617233671],[0.018766249129206262,35.97225216686398]]]]},"properties":{"speed":0.0948,"dir_deg":110.2,"type":"ضعيف"}},{"type":"Feature","geometry":{"type":"MultiPolygon","coordinates":[[[[0.041419556908153694,35.98013692541167],[0.055954364596838085,35.983843590415816],[0.056448586597390896,35.98190561605732],[0.041913778908706505,35.97819895105317],[0.041419556908153694,35.98013692541167]]],[[[0.061046411493342626,35.98411015823795],[0.05546014259628528,35.98578156477431],[0.0569428085979437,35.97996764169883],[0.061046411493342626,35.98411015823795]]]]},"properties":{"speed":0.0966,"dir_deg":75.7,"type":"ضعيف"}},{"type":"Feature","geometry":{"type":"MultiPolygon","coordinates":[[[[0.08288986043844924,35.98006422478746],[0.0963341587640307,35.98671635546363],[0.09722110952085261,35.98492378235355],[0.08377681119527115,35.97827165167738],[0.08288986043844924,35.98006422478746]]],[[[0.10125906691763548,35.98803744580064],[0.09544720800720878,35.9885089285737],[0.09810806027767453,35.983131209243474],[0.10125906691763548,35.98803744580064]]]]},"properties":{"speed":0.0919,"dir_deg":63.7,"type":"ضعيف"}},{"type":"Feature","geometry":{"type":"MultiPolygon","coordinates":[[[[-0.4169195413081625,36.02179955822309],[-0.40240709447553175,36.025592826857135],[-0.40190132532432515,36.02365783394612],[-0.4164137721569559,36.01986456531207],[-0.4169195413081625,36.02179955822309]]],[[[-0.3973167276223849,36.02588975327964],[-0.4029128636267384,36.02752781976815],[-0.4013955561731185,36.0217228410351],[-0.3973167276223849,36.02588975327964]]]]},"properties":{"speed":0.4417,"dir_deg":75.4,"type":"متوسط"}},{"type":"Feature","geometry":{"type":"MultiPolygon","coordinates":[[[[-0.3752862727673996,36.02179020993078],[-0.3609140503193852,36.02608430144177],[-0.360341504784586,36.02416800511537],[-0.3747137272326004,36.01987391360438],[-0.3752862727673996,36.02179020993078]]],[[[-0.35583703673598077,36.02655751711557],[-0.3614865958541844,36.02800059776818],[-0.3597689592497868,36.022251708788964],[-0.35583703673598077,36.02655751711557]]]]},"properties":{"speed":0.5238,"dir_deg":73.4,"type":"متوسط"}},{"type":"Feature","geometry":{"type":"MultiPolygon","coordinates":[[[[-0.333597900604324,36.02179643172538],[-0.3191323512373698,36.02576479177863],[-0.31860323656360345,36.02383605186303],[-0.3330687859305576,36.01986769180978],[-0.333597900604324,36.02179643172538]]],[[[-0.31404594411150194,36.02612320850524],[-0.3196614659111362,36.02769353169422],[-0.3180741218898371,36.02190731194744],[-0.31404594411150194,36.02612320850524]]]]},"properties":{"speed":0.586,"dir_deg":74.7,"type":"قوي"}},{"type":"Feature","geometry":{"type":"MultiPolygon","coordinates":[[[[-0.29190750113668323,36.02180262550737],[-0.27734904503977914,36.02541529156923],[-0.2768673562315311,36.02347416408965],[-0.2914258123284352,36.01986149802779],[-0.29190750113668323,36.02180262550737]]],[[[-0.2722553819366871,36.02564894985006],[-0.27783073384802714,36.02735641904882],[-0.2763856674232831,36.02153303661006],[-0.2722553819366871,36.02564894985006]]]]},"properties":{"speed":0.5883,"dir_deg":76.1,"type":"قوي"}},{"type":"Feature","geometry":{"type":"MultiPolygon","coordinates":[[[[-0.2502392580486767,36.021803017784165],[-0.23567491779989547,36.025391888514314],[-0.23519640170254208,36.02344997648114],[-0.2497607419513233,36.01986110575099],[-0.2502392580486767,36.021803017784165]]],[[[-0.2305808796682917,36.02561722274111],[-0.23615343389724888,36.02733380054748],[-0.23471788560518866,36.02150806444797],[-0.2305808796682917,36.02561722274111]]]]},"properties":{"speed":0.5389,"dir_deg":76.2,"type":"متوسط"}},{"type":"Feature","geometry":{"type":"MultiPolygon","coordinates":[[[[-0.20854642633581175,36.02180909260403],[-0.19389096378900736,36.025005562147015],[-0.19346476784994307,36.02305150047411],[-0.20812023039674746,36.019855030931126],[-0.20854642633581175,36.02180909260403]]],[[[-0.1887927116372071,36.025094021158225],[-0.19431715972807168,36.02695962381993],[-0.19303857191087875,36.0210974388012],[-0.1887927116372071,36.025094021158225]]]]},"properties":{"speed":0.4872,"dir_deg":77.7,"type":"متوسط"}},{"type":"Feature","geometry":{"type":"MultiPolygon","coordinates":[[[[-0.16685506231308167,36.02181415593411],[-0.15212364981515045,36.02464001612453],[-0.1517468684564279,36.02267582779147],[-0.16647828095435913,36.01984996760105],[-0.16685506231308167,36.02181415593411]]],[[[-0.14702478830314544,36.0245998753548],[-0.15250043117387302,36.026604204457584],[-0.15137008709770533,36.02071163945841],[-0.14702478830314544,36.0245998753548]]]]},"properties":{"speed":0.3715,"dir_deg":79.1,"type":"متوسط"}},{"type":"Feature","geometry":{"type":"MultiPolygon","coordinates":[[[[-0.12515287544062612,36.021820307232865],[-0.11032919346137383,36.02411343884226],[-0.1100234425801216,36.02213694791168],[-0.12484712455937388,36.01984381630229],[-0.12515287544062612,36.021820307232865]]],[[[-0.10523509069433029,36.0238895705801],[-0.11063494434262605,36.02608992977282],[-0.10971769169886939,36.02016045698112],[-0.10523509069433029,36.0238895705801]]]]},"properties":{"speed":0.2104,"dir_deg":81.2,"type":"ضعيف"}},{"type":"Feature","geometry":{"type":"MultiPolygon","coordinates":[[[[-0.08301012516110884,36.02177838881042],[-0.06881521951852089,36.01693022897415],[-0.06946164083002361,36.01503757488847],[-0.08365654647261156,36.01988573472474],[-0.08301012516110884,36.02177838881042]]],[[[-0.06440679496007626,36.014367848652554],[-0.06816879820701818,36.018822883059826],[-0.07010806214152632,36.01314492080279],[-0.06440679496007626,36.014367848652554]]]]},"properties":{"speed":0.1042,"dir_deg":108.9,"type":"ضعيف"}},{"type":"Feature","geometry":{"type":"MultiPolygon","coordinates":[[[[-0.04078806293532206,36.02130961103334],[-0.03362482394889209,36.00813053643672],[-0.03538203389510816,36.0071754379052],[-0.042545272881538136,36.02035451250182],[-0.04078806293532206,36.02130961103334]]],[[[-0.03211568259319013,36.003259962305414],[-0.03186761400267601,36.009085634968244],[-0.03713924384132424,36.00622033937367],[-0.03211568259319013,36.003259962305414]]]]},"properties":{"speed":0.0993,"dir_deg":151.5,"type":"ضعيف"}},{"type":"Feature","geometry":{"type":"MultiPolygon","coordinates":[[[[0.0008307208626566722,36.02138875095226],[0.00918105863295463,36.00892793801241],[0.007519616907641287,36.007814559643045],[-0.0008307208626566722,36.020275372582894],[0.0008307208626566722,36.02138875095226]]],[[[0.011133783693730612,36.00421764451445],[0.010842500358267976,36.01004131638179],[0.005858175182327941,36.00670118127367],[0.011133783693730612,36.00421764451445]]]]},"properties":{"speed":0.0849,"dir_deg":146.2,"type":"ضعيف"}},{"type":"Feature","geometry":{"type":"MultiPolygon","coordinates":[[[[0.04174176496928732,36.021829237996464],[0.056699408402541986,36.0207027820836],[0.05654921428082755,36.01870842962583],[0.04159157084757288,36.01983488553869],[0.04174176496928732,36.021829237996464]]],[[[0.06161019248610299,36.019330120550435],[0.05684960252425643,36.02269713454137],[0.056399020159113106,36.01671407716807],[0.06161019248610299,36.019330120550435]]]]},"properties":{"speed":0.0529,"dir_deg":94.3,"type":"ضعيف"}},{"type":"Feature","geometry":{"type":"MultiPolygon","coordinates":[[[[0.08273772818550987,36.02163533728039],[0.09478686087763266,36.030569451750644],[0.09597807614033332,36.02896290072503],[0.08392894344821053,36.02002878625477],[0.08273772818550987,36.02163533728039]]],[[[0.09939884607302392,36.03274421439458],[0.09359564561493201,36.03217600277626],[0.09716929140303397,36.02735634969941],[0.09939884607302392,36.03274421439458]]]]},"properties":{"speed":0.065,"dir_deg":53.4,"type":"ضعيف"}},{"type":"Feature","geometry":{"type":"MultiPolygon","coordinates":[[[[-0.4170179438719182,36.063436267774584],[-0.4029739272531864,36.06870557486497],[-0.4022713529744684,36.0668330393158],[-0.4163153695932002,36.061563732225416],[-0.4170179438719182,36.063436267774584]]],[[[-0.3979413012409168,36.06952574278718],[-0.4036765015319045,36.07057811041413],[-0.40156877869575036,36.06496050376664],[-0.3979413012409168,36.06952574278718]]]]},"properties":{"speed":0.3263,"dir_deg":69.4,"type":"متوسط"}},{"type":"Feature","geometry":{"type":"MultiPolygon","coordinates":[[[[-0.37538910648889784,36.06342119278129],[-0.36157121476957416,36.06925779011476],[-0.3607930017917785,36.06741540455218],[-0.37461089351110216,36.06157880721871],[-0.37538910648889784,36.06342119278129]]],[[[-0.35657614437423507,36.07028212977796],[-0.3623494277473699,36.07110017567734],[-0.36001478881398274,36.0655730189896],[-0.35657614437423507,36.07028212977796]]]]},"properties":{"speed":0.3761,"dir_deg":67.1,"type":"متوسط"}},{"type":"Feature","geometry":{"type":"MultiPolygon","coordinates":[[[[-0.33376164756982396,36.06340363456361],[-0.3202071291155956,36.06982819909936],[-0.3193505205108293,36.068020929972135],[-0.33290503896505763,36.06159636543639],[-0.33376164756982396,36.06340363456361]]],[[[-0.3152606519951363,36.071066086047665],[-0.32106373772036195,36.071635468226596],[-0.31849391190606297,36.0662136608449],[-0.3152606519951363,36.071066086047665]]]]},"properties":{"speed":0.4234,"dir_deg":64.6,"type":"متوسط"}},{"type":"Feature","geometry":{"type":"MultiPolygon","coordinates":[[[[-0.29209941929490163,36.06340150793931],[-0.2785768002052862,36.069892946374445],[-0.27771127508060134,36.06808993049582],[-0.2912338941702168,36.06159849206069],[-0.29209941929490163,36.06340150793931]]],[[[-0.27363649794640527,36.07115525124685],[-0.27944232532997104,36.07169596225306],[-0.2768457499559165,36.06628691461721],[-0.27363649794640527,36.07115525124685]]]]},"properties":{"speed":0.4638,"dir_deg":64.4,"type":"متوسط"}},{"type":"Feature","geometry":{"type":"MultiPolygon","coordinates":[[[[-0.25044927727969124,36.06339339236954],[-0.23704839173658332,36.07013255156491],[-0.23614983717720084,36.06834576682583],[-0.24955072272030876,36.06160660763046],[-0.25044927727969124,36.06339339236954]]],[[[-0.23213215260918946,36.07148554559382],[-0.2379469462959658,36.07191933630399],[-0.23525128261781836,36.06655898208675],[-0.23213215260918946,36.07148554559382]]]]},"properties":{"speed":0.4982,"dir_deg":63.3,"type":"متوسط"}},{"type":"Feature","geometry":{"type":"MultiPolygon","coordinates":[[[[-0.20878600271202893,36.063391675914616],[-0.19541086399283822,36.07018179110086],[-0.19450551530133955,36.068398439271625],[-0.20788065402053027,36.061608324085384],[-0.20878600271202893,36.063391675914616]]],[[[-0.1904998100740253,36.071553486914986],[-0.19631621268433685,36.07196514293008],[-0.19360016660984092,36.0666150874424],[-0.1904998100740253,36.071553486914986]]]]},"properties":{"speed":0.513,"dir_deg":63.1,"type":"متوسط"}},{"type":"Feature","geometry":{"type":"MultiPolygon","coordinates":[[[[-0.16708323289680874,36.063409107647146],[-0.1534466181896607,36.069657526593474],[-0.15261349566348403,36.06783931129918],[-0.16625011037063206,36.061590892352854],[-0.16708323289680874,36.063409107647146]]],[[[-0.14848451869085635,36.07083122526177],[-0.1542797407158374,36.07147574188776],[-0.15178037313730736,36.066021096004896],[-0.14848451869085635,36.07083122526177]]]]},"properties":{"speed":0.4883,"dir_deg":65.4,"type":"متوسط"}},{"type":"Feature","geometry":{"type":"MultiPolygon","coordinates":[[[[-0.12539842972071316,36.06341719886483],[-0.11164044674820603,36.06939364467553],[-0.1108435873067797,36.06755924694586],[-0.12460157027928684,36.06158280113517],[-0.12539842972071316,36.06341719886483]]],[[[-0.10665602270332383,36.070468594414265],[-0.11243730618963237,36.071228042405195],[-0.11004672786535337,36.065724849216195],[-0.10665602270332383,36.070468594414265]]]]},"properties":{"speed":0.4269,"dir_deg":66.5,"type":"متوسط"}},{"type":"Feature","geometry":{"type":"MultiPolygon","coordinates":[[[[-0.08369082673355034,36.06343391661538],[-0.06968207750284063,36.06879628036573],[-0.06896709566946034,36.06692844713497],[-0.08297584490017006,36.06156608338462],[-0.08369082673355034,36.06343391661538]]],[[[-0.06465500350924724,36.0696498183338],[-0.0703970593362209,36.07066411359649],[-0.06825211383608007,36.06506061390421],[-0.06465500350924724,36.0696498183338]]]]},"properties":{"speed":0.279,"dir_deg":69.1,"type":"متوسط"}},{"type":"Feature","geometry":{"type":"MultiPolygon","coordinates":[[[[-0.041744376225575766,36.06349697613685],[-0.026789734172840522,36.06466260089403],[-0.02663431753854919,36.06266864862034],[-0.04158895959128443,36.06150302386315],[-0.041744376225575766,36.06349697613685]]],[[[-0.021727145171449774,36.06405416634291],[-0.02694515080713186,36.06665655316773],[-0.026478900904257852,36.06067469634664],[-0.021727145171449774,36.06405416634291]]]]},"properties":{"speed":0.1186,"dir_deg":85.5,"type":"ضعيف"}},{"type":"Feature","geometry":{"type":"MultiPolygon","coordinates":[[[[0.0005804970745840462,36.06331426233267],[0.01279443206458039,36.054606806213904],[0.011633437915412296,36.05297828154857],[-0.0005804970745840462,36.06168573766733],[0.0005804970745840462,36.06331426233267]]],[[[0.016285246653328457,36.05089005850832],[0.01395542621374848,36.05623533087923],[0.010472443766244205,36.05134975688324],[0.016285246653328457,36.05089005850832]]]]},"properties":{"speed":0.0791,"dir_deg":125.5,"type":"ضعيف"}},{"type":"Feature","geometry":{"type":"MultiPolygon","coordinates":[[[[0.041976063906892166,36.0634509332869],[0.05624006321040183,36.05880999330997],[0.055621271213477694,36.05690812673617],[0.04135727190996803,36.0615490667131],[0.041976063906892166,36.0634509332869]]],[[[0.06068533364644298,36.05631208003076],[0.056858855207325955,36.060711859883774],[0.05500247921655357,36.055006260162365],[0.06068533364644298,36.05631208003076]]]]},"properties":{"speed":0.0628,"dir_deg":108.0,"type":"ضعيف"}},{"type":"Feature","geometry":{"type":"MultiPolygon","coordinates":[[[[0.08306544816381646,36.063463450157165],[0.09751720052133393,36.067481764952824],[0.09805297582742141,36.06555486463849],[0.08360122346990394,36.061536549842835],[0.08306544816381646,36.063463450157165]]],[[[0.10260233896021682,36.06785775306088],[0.09698142521524647,36.06940866526716],[0.09858875113350887,36.063627964324155],[0.10260233896021682,36.06785775306088]]]]},"properties":{"speed":0.0512,"dir_deg":74.5,"type":"ضعيف"}},{"type":"Feature","geometry":{"type":"MultiPolygon","coordinates":[[[[0.12538176948086105,36.06342425757421],[0.13924563309399915,36.05769771536129],[0.13848209413227705,36.05584920021287],[0.12461823051913895,36.06157574242579],[0.12538176948086105,36.06342425757421]]],[[[0.14348515148418411,36.05486461038278],[0.14000917205572125,36.05954623050971],[0.13771855517055495,36.05400068506445],[0.14348515148418411,36.05486461038278]]]]},"properties":{"speed":0.0394,"dir_deg":112.4,"type":"ضعيف"}},{"type":"Feature","geometry":{"type":"MultiPolygon","coordinates":[[[[-0.4170743156880895,36.10508107249198],[-0.40337730179474096,36.11119595682493],[-0.40256198388368036,36.10936968830582],[-0.4162589977770289,36.10325480397287],[-0.4170743156880895,36.10508107249198]]],[[[-0.3984039715414278,36.11232111734303],[-0.4041926197058016,36.11302222534405],[-0.4017466659726197,36.1075434197867],[-0.3984039715414278,36.11232111734303]]]]},"properties":{"speed":0.2703,"dir_deg":65.9,"type":"ضعيف"}},{"type":"Feature","geometry":{"type":"MultiPolygon","coordinates":[[[[-0.3754987732946862,36.105034670717394],[-0.36249778602008736,36.11251627013769],[-0.361500239430715,36.110782805167744],[-0.3745012267053138,36.10330120574745],[-0.3754987732946862,36.105034670717394]]],[[[-0.3576653503005349,36.114143404126146],[-0.36349533260945965,36.114249735107634],[-0.36050269284134273,36.1090493401978],[-0.3576653503005349,36.114143404126146]]]]},"properties":{"speed":0.329,"dir_deg":60.1,"type":"متوسط"}},{"type":"Feature","geometry":{"type":"MultiPolygon","coordinates":[[[[-0.33390533872710537,36.1049881950179],[-0.3216014869449319,36.113568126912874],[-0.32045749602560275,36.11192761334191],[-0.3327613478077762,36.10334768144694],[-0.33390533872710537,36.1049881950179]]],[[[-0.3169282075578762,36.115607847425714],[-0.3227454778642611,36.11520864048383],[-0.31931350510627354,36.11028709977096],[-0.3169282075578762,36.115607847425714]]]]},"properties":{"speed":0.3796,"dir_deg":55.1,"type":"متوسط"}},{"type":"Feature","geometry":{"type":"MultiPolygon","coordinates":[[[[-0.2922730063325039,36.104963136423216],[-0.2803450334705485,36.114058380422385],[-0.2791323342706591,36.1124679840408],[-0.2910603071326145,36.10337274004163],[-0.2922730063325039,36.104963136423216]]],[[[-0.27576269291661865,36.11629493023132],[-0.281557732670438,36.11564877680398],[-0.2779196350707696,36.1108775876592],[-0.27576269291661865,36.11629493023132]]]]},"properties":{"speed":0.412,"dir_deg":52.7,"type":"متوسط"}},{"type":"Feature","geometry":{"type":"MultiPolygon","coordinates":[[[[-0.2506236604621332,36.10494963358739],[-0.23889823013767753,36.114304540519385],[-0.2376509092134112,36.11274114980945],[-0.24937633953786684,36.103386242877455],[-0.2506236604621332,36.10494963358739]]],[[[-0.23436609290072583,36.116641147475086],[-0.24014555106194388,36.11586793122931],[-0.23640358828914484,36.111177759099526],[-0.23436609290072583,36.116641147475086]]]]},"properties":{"speed":0.4439,"dir_deg":51.4,"type":"متوسط"}},{"type":"Feature","geometry":{"type":"MultiPolygon","coordinates":[[[[-0.20896075467431907,36.10494661417785],[-0.19728061549297826,36.11435800879844],[-0.19602576287689932,36.11280065690759],[-0.20770590205824013,36.103389262286996],[-0.20896075467431907,36.10494661417785]]],[[[-0.1927598094578252,36.116716464393214],[-0.19853546810905717,36.115915360689286],[-0.1947709102608204,36.11124330501674],[-0.1927598094578252,36.116716464393214]]]]},"properties":{"speed":0.4876,"dir_deg":51.1,"type":"متوسط"}},{"type":"Feature","geometry":{"type":"MultiPolygon","coordinates":[[[[-0.16727559405879427,36.10496116801013],[-0.15537714739317945,36.114095004386236],[-0.1541593025430317,36.112508544830824],[-0.16605774920864652,36.103374708454716],[-0.16727559405879427,36.10496116801013]]],[[[-0.1508020760795673,36.1163463867339],[-0.15659499224332724,36.115681463941655],[-0.15294145769288392,36.110922085275405],[-0.1508020760795673,36.1163463867339]]]]},"properties":{"speed":0.5282,"dir_deg":52.5,"type":"متوسط"}},{"type":"Feature","geometry":{"type":"MultiPolygon","coordinates":[[[[-0.1255600884797443,36.104996371026836],[-0.11313359656356013,36.113397698223],[-0.11201341960407156,36.11174083263417],[-0.12443991152025571,36.10333950543801],[-0.1255600884797443,36.104996371026836]]],[[[-0.10843134411175445,36.115369707827305],[-0.1142537735230487,36.11505456381182],[-0.11089324264458299,36.11008396704535],[-0.10843134411175445,36.115369707827305]]]]},"properties":{"speed":0.5151,"dir_deg":55.9,"type":"متوسط"}},{"type":"Feature","geometry":{"type":"MultiPolygon","coordinates":[[[[-0.08385537143247614,36.10502086191953],[-0.0710615161258686,36.112851396153765],[-0.07001744489463672,36.111145548779554],[-0.08281130020124426,36.103315014545316],[-0.08385537143247614,36.10502086191953]]],[[[-0.06627486207471682,36.11460865054474],[-0.07210558735710047,36.11455724352798],[-0.06897337366340485,36.109439701405336],[-0.06627486207471682,36.11460865054474]]]]},"properties":{"speed":0.4379,"dir_deg":58.5,"type":"متوسط"}},{"type":"Feature","geometry":{"type":"MultiPolygon","coordinates":[[[[-0.04219999973818787,36.10501384434977],[-0.029511407977963762,36.11301382179614],[-0.028444744318448227,36.11132200956144],[-0.04113333607867233,36.103322032115074],[-0.04219999973818787,36.10501384434977]]],[[[-0.02474854556146463,36.114834574827576],[-0.0305780716374793,36.114705634030834],[-0.02737808065893269,36.109630197326744],[-0.02474854556146463,36.114834574827576]]]]},"properties":{"speed":0.2773,"dir_deg":57.8,"type":"متوسط"}},{"type":"Feature","geometry":{"type":"MultiPolygon","coordinates":[[[[-0.00038816194633320054,36.105089529412616],[0.013435705756637441,36.110911958607616],[0.014212029649303843,36.10906877624723],[0.00038816194633320054,36.10324634705223],[-0.00038816194633320054,36.105089529412616]]],[[[0.018431823603960857,36.111931177159086],[0.01265938186397104,36.11275514096801],[0.014988353541970244,36.10722559388683],[0.018431823603960857,36.111931177159086]]]]},"properties":{"speed":0.1009,"dir_deg":67.2,"type":"ضعيف"}},{"type":"Feature","geometry":{"type":"MultiPolygon","coordinates":[[[[0.04187929005469904,36.10514507272824],[0.05653630749195746,36.10195574053421],[0.05611106319941959,36.10000147154257],[0.04145404576216116,36.1031908037366],[0.04187929005469904,36.10514507272824]]],[[[0.06120935782477467,36.099915495307044],[0.05696155178449534,36.10391000952584],[0.05568581890688171,36.09804720255094],[0.06120935782477467,36.099915495307044]]]]},"properties":{"speed":0.0434,"dir_deg":102.3,"type":"ضعيف"}},{"type":"Feature","geometry":{"type":"MultiPolygon","coordinates":[[[[0.0835054560398639,36.105153014183216],[0.09828159530177734,36.102571210838164],[0.09793735485576995,36.100601058936576],[0.0831612155938565,36.10318286228163],[0.0835054560398639,36.105153014183216]]],[[[0.1030348548327448,36.10072553377235],[0.09862583574778475,36.10454136273975],[0.09759311440976254,36.09863090703499],[0.1030348548327448,36.10072553377235]]]]},"properties":{"speed":0.0349,"dir_deg":99.9,"type":"ضعيف"}},{"type":"Feature","geometry":{"type":"MultiPolygon","coordinates":[[[[0.12545600315338132,36.105057916391765],[0.1388056755435156,36.098217869091044],[0.13789366923675297,36.09643791277236],[0.12454399684661867,36.10327796007308],[0.12545600315338132,36.105057916391765]]],[[[0.14279956318684572,36.095047875164795],[0.13971768185027827,36.09999782540973],[0.1369816629299903,36.09465795645367],[0.14279956318684572,36.095047875164795]]]]},"properties":{"speed":0.04,"dir_deg":117.1,"type":"ضعيف"}},{"type":"Feature","geometry":{"type":"MultiPolygon","coordinates":[[[[0.16693076547546698,36.10513243522192],[0.18139822031794342,36.10117102759572],[0.18087003263445026,36.099242033616726],[0.16640257779197382,36.103203441242925],[0.16693076547546698,36.10513243522192]]],[[[0.185956611423689,36.098886061397494],[0.18192640800143658,36.10310002157472],[0.1803418449509571,36.097313039637726],[0.185956611423689,36.098886061397494]]]]},"properties":{"speed":0.0408,"dir_deg":105.3,"type":"ضعيف"}},{"type":"Feature","geometry":{"type":"MultiPolygon","coordinates":[[[[-0.41700806133419294,36.14677197819896],[-0.4029093148634515,36.15189304722347],[-0.40222650566018403,36.1500132143607],[-0.41632525213092547,36.14489214533619],[-0.41700806133419294,36.14677197819896]]],[[[-0.39786832810490397,36.152660153800255],[-0.403592124066719,36.15377288008623],[-0.4015436964569165,36.148133381497935],[-0.39786832810490397,36.152660153800255]]]]},"properties":{"speed":0.2745,"dir_deg":70.0,"type":"متوسط"}},{"type":"Feature","geometry":{"type":"MultiPolygon","coordinates":[[[[-0.3755087475974895,36.146692977490545],[-0.36259501175301173,36.154324191452886],[-0.3615775165580328,36.15260236000695],[-0.3744912524025105,36.14497114604461],[-0.3755087475974895,36.146692977490545]]],[[[-0.35778168554069634,36.15600701371737],[-0.36361250694799074,36.15604602289881],[-0.36056002136305376,36.150880528561025],[-0.35778168554069634,36.15600701371737]]]]},"properties":{"speed":0.302,"dir_deg":59.4,"type":"متوسط"}},{"type":"Feature","geometry":{"type":"MultiPolygon","coordinates":[[[[-0.33395884403693044,36.14661228531719],[-0.32225549079276267,36.15599479685953],[-0.3210044892537834,36.15443434976031],[-0.33270784249795116,36.14505183821797],[-0.33395884403693044,36.14661228531719]]],[[[-0.31772887227521707,36.15834207715737],[-0.32350649233174195,36.157555243958754],[-0.3197534877148041,36.152873902661085],[-0.31772887227521707,36.15834207715737]]]]},"properties":{"speed":0.3505,"dir_deg":51.3,"type":"متوسط"}},{"type":"Feature","geometry":{"type":"MultiPolygon","coordinates":[[[[-0.29235403612141714,36.1465583603121],[-0.28145955795360217,36.156869051144966],[-0.2800847991758863,36.155416454055924],[-0.29097927734370127,36.14510576322306],[-0.29235403612141714,36.1465583603121]]],[[[-0.27714068584213924,36.15957964954474],[-0.282834316731318,36.15832164823401],[-0.2787100403981705,36.15396385696688],[-0.27714068584213924,36.15957964954474]]]]},"properties":{"speed":0.4025,"dir_deg":46.6,"type":"متوسط"}},{"type":"Feature","geometry":{"type":"MultiPolygon","coordinates":[[[[-0.2507306850849919,36.14651477642728],[-0.24048996518948054,36.15747505270216],[-0.23902859501949666,36.156109623382754],[-0.24926931491500806,36.145149347107875],[-0.2507306850849919,36.14651477642728]]],[[[-0.23634570680598482,36.160445763467415],[-0.24195133535946442,36.15884048202156],[-0.2375672248495128,36.154744194063355],[-0.23634570680598482,36.160445763467415]]]]},"properties":{"speed":0.4465,"dir_deg":43.1,"type":"متوسط"}},{"type":"Feature","geometry":{"type":"MultiPolygon","coordinates":[[[[-0.2090693207561878,36.146509051576956],[-0.19891447361556727,36.15754893742558],[-0.19744248883575086,36.156194957806825],[-0.2075973359763714,36.1451550719582],[-0.2090693207561878,36.146509051576956]]],[[[-0.19479353217878556,36.16055190956574],[-0.20038645839538372,36.15890291704433],[-0.1959705040559344,36.154840978188076],[-0.19479353217878556,36.16055190956574]]]]},"properties":{"speed":0.4798,"dir_deg":42.6,"type":"متوسط"}},{"type":"Feature","geometry":{"type":"MultiPolygon","coordinates":[[[[-0.16739038624135544,36.146522161156575],[-0.15703889540638272,36.1573778802711],[-0.15559146619111264,36.155997681493105],[-0.16594295702608536,36.14514196237858],[-0.16739038624135544,36.146522161156575]]],[[[-0.15286468385375676,36.16030635392028],[-0.1584863246216528,36.15875807904909],[-0.15414403697584256,36.15461748271511],[-0.15286468385375676,36.16030635392028]]]]},"properties":{"speed":0.5262,"dir_deg":43.6,"type":"متوسط"}},{"type":"Feature","geometry":{"type":"MultiPolygon","coordinates":[[[[-0.1256962230280033,36.146549887300196],[-0.11492884003873717,36.15699323272025],[-0.11353639398273062,36.15555758165501],[-0.12430377697199672,36.14511423623496],[-0.1256962230280033,36.146549887300196]]],[[[-0.11064348934764519,36.15975652232764],[-0.11632128609474374,36.15842888378548],[-0.11214394792672405,36.154121930589774],[-0.11064348934764519,36.15975652232764]]]]},"properties":{"speed":0.5503,"dir_deg":45.9,"type":"قوي"}},{"type":"Feature","geometry":{"type":"MultiPolygon","coordinates":[[[[-0.08399917258713578,36.14657815921118],[-0.07280771093311046,36.156565710765314],[-0.0714760373925593,36.15507351587811],[-0.08266749904658462,36.145085964323975],[-0.08399917258713578,36.14657815921118]]],[[[-0.06841138694482643,36.15914879717309],[-0.07413938447366164,36.15805790565251],[-0.07014436385200812,36.15358132099091],[-0.06841138694482643,36.15914879717309]]]]},"properties":{"speed":0.505,"dir_deg":48.3,"type":"متوسط"}},{"type":"Feature","geometry":{"type":"MultiPolygon","coordinates":[[[[-0.042331359515453526,36.146579179608054],[-0.03112459190836279,36.156549553713404],[-0.029795208694315938,36.15505531803245],[-0.04100197630140667,36.1450849439271],[-0.042331359515453526,36.146579179608054]]],[[[-0.026724311098975786,36.15912589390805],[-0.03245397512240965,36.15804378939435],[-0.028465825480269085,36.15356108235151],[-0.026724311098975786,36.15912589390805]]]]},"properties":{"speed":0.4128,"dir_deg":48.3,"type":"متوسط"}},{"type":"Feature","geometry":{"type":"MultiPolygon","coordinates":[[[[-0.0006918640345541262,36.14655408957708],[0.01013855310793672,36.15693205009539],[0.011522281177044971,36.15548799447639],[0.0006918640345541262,36.145110033958076],[-0.0006918640345541262,36.14655408957708]]],[[[0.014440556189987795,36.15966934245866],[0.008754825038828467,36.15837610571439],[0.012906009246153224,36.15404393885739],[0.014440556189987795,36.15966934245866]]]]},"properties":{"speed":0.2472,"dir_deg":46.2,"type":"ضعيف"}},{"type":"Feature","geometry":{"type":"MultiPolygon","coordinates":[[[[0.04094502618881146,36.14652432849977],[0.05132902717175712,36.15734895429405],[0.0527723106109944,36.15596442082966],[0.04238830962804874,36.145139795035384],[0.04094502618881146,36.14652432849977]]],[[[0.05551200255235765,36.16026489615995],[0.04988574373251984,36.15873348775845],[0.05421559405023168,36.154579887365266],[0.05551200255235765,36.16026489615995]]]]},"properties":{"speed":0.0881,"dir_deg":43.8,"type":"ضعيف"}},{"type":"Feature","geometry":{"type":"MultiPolygon","coordinates":[[[[0.08266288365692215,36.14657401452971],[0.09379217508889309,36.15663079692878],[0.0951330794087692,36.15514689140451],[0.08400378797679825,36.145090109005444],[0.08266288365692215,36.14657401452971]]],[[[0.09817239105948813,36.15924110496634],[0.092451270769017,36.15811470245304],[0.09647398372864528,36.15366298588025],[0.09817239105948813,36.15924110496634]]]]},"properties":{"speed":0.0411,"dir_deg":47.9,"type":"ضعيف"}},{"type":"Feature","geometry":{"type":"MultiPolygon","coordinates":[[[[0.1252114565937522,36.146809449156976],[0.13987226743475656,36.14363760025069],[0.13944935424725213,36.1416828254719],[0.12478854340624779,36.14485467437818],[0.1252114565937522,36.146809449156976]]],[[[0.1445477477880058,36.141602929892535],[0.14029518062226096,36.145592375029494],[0.13902644105974774,36.139728050693094],[0.1445477477880058,36.141602929892535]]]]},"properties":{"speed":0.0403,"dir_deg":102.2,"type":"ضعيف"}},{"type":"Feature","geometry":{"type":"MultiPolygon","coordinates":[[[[0.16718970494284985,36.14668437400939],[0.1799743885700167,36.138838874372446],[0.1789283219517578,36.137134249888824],[0.16614363832459095,36.14497974952577],[0.16718970494284985,36.14668437400939]]],[[[0.1837129164699429,36.13537139558499],[0.1810204551882756,36.14054349885607],[0.17788225533349894,36.1354296254052],[0.1837129164699429,36.13537139558499]]]]},"properties":{"speed":0.0497,"dir_deg":121.5,"type":"ضعيف"}},{"type":"Feature","geometry":{"type":"MultiPolygon","coordinates":[[[[0.20911502224246026,36.14645572408321],[0.2184699569769664,36.1347303159405],[0.21690656922460508,36.133482991309236],[0.20755163449009895,36.145208399451946],[0.20911502224246026,36.14645572408321]]],[[[0.22080657467895445,36.130198184243966],[0.22003334472932773,36.13597764057177],[0.21534318147224374,36.13223566667797],[0.22080657467895445,36.130198184243966]]]]},"properties":{"speed":0.0462,"dir_deg":141.4,"type":"ضعيف"}},{"type":"Feature","geometry":{"type":"MultiPolygon","coordinates":[[[[0.25046404637512565,36.14671787267388],[0.26375120996973334,36.139757177046995],[0.26282311721948204,36.13798555523439],[0.24953595362487435,36.144946250861274],[0.25046404637512565,36.14671787267388]]],[[[0.26771621812614355,36.13655113426506],[0.26467930271998463,36.14152879885961],[0.26189502446923074,36.13621393342177],[0.26771621812614355,36.13655113426506]]]]},"properties":{"speed":0.0248,"dir_deg":117.6,"type":"ضعيف"}},{"type":"Feature","geometry":{"type":"MultiPolygon","coordinates":[[[[-0.4170634416752265,36.1884179116021],[-0.40329476764370453,36.19436968574211],[-0.4025011977583699,36.19253386253791],[-0.4162698717898919,36.1865820883979],[-0.4170634416752265,36.1884179116021]]],[[[-0.39830842469052985,36.195435698853345],[-0.4040883375290392,36.19620550894631],[-0.4017076278730352,36.190698039333704],[-0.39830842469052985,36.195435698853345]]]]},"properties":{"speed":0.2727,"dir_deg":66.6,"type":"ضعيف"}},{"type":"Feature","geometry":{"type":"MultiPolygon","coordinates":[[[[-0.37553704902292173,36.18834355103401],[-0.36288378351277656,36.19639928637783],[-0.3618096854669331,36.194712184309815],[-0.37446295097707827,36.18665644896599],[-0.37553704902292173,36.18834355103401]]],[[[-0.3581289793198064,36.198240980458436],[-0.3639578815586201,36.19808638844585],[-0.3607355874210896,36.193025082241796],[-0.3581289793198064,36.198240980458436]]]]},"properties":{"speed":0.2941,"dir_deg":57.5,"type":"متوسط"}},{"type":"Feature","geometry":{"type":"MultiPolygon","coordinates":[[[[-0.3340020779087973,36.18824350116304],[-0.3228495604631177,36.19827452078339],[-0.32151209118040464,36.196787518457306],[-0.33266460862608427,36.18675649883696],[-0.3340020779087973,36.18824350116304]]],[[[-0.3184633200065346,36.20087469282713],[-0.3241870297458308,36.19976152310949],[-0.3201746218976915,36.19530051613121],[-0.3184633200065346,36.20087469282713]]]]},"properties":{"speed":0.3296,"dir_deg":48.0,"type":"متوسط"}},{"type":"Feature","geometry":{"type":"MultiPolygon","coordinates":[[[[-0.29241147156034253,36.18816727121346],[-0.28240240335842326,36.199339493630205],[-0.2809127737028566,36.19800495120329],[-0.2909218419047759,36.18683272878654],[-0.29241147156034253,36.18816727121346]]],[[[-0.2783212324633335,36.20239629655567],[-0.2838920330139899,36.20067403605713],[-0.27942314404728996,36.19667040877636],[-0.2783212324633335,36.20239629655567]]]]},"properties":{"speed":0.3787,"dir_deg":41.9,"type":"متوسط"}},{"type":"Feature","geometry":{"type":"MultiPolygon","coordinates":[[[[-0.2507972133295617,36.18810369769518],[-0.24174174790181796,36.20006189763861],[-0.24014732124269456,36.198854502248246],[-0.2492027866704383,36.18689630230482],[-0.2507972133295617,36.18810369769518]]],[[[-0.2379260460963417,36.203444266591234],[-0.24333617456094134,36.20126929302898],[-0.23855289458357118,36.19764710685788],[-0.2379260460963417,36.203444266591234]]]]},"properties":{"speed":0.4483,"dir_deg":37.1,"type":"متوسط"}},{"type":"Feature","geometry":{"type":"MultiPolygon","coordinates":[[[[-0.20913636181452425,36.18809593395691],[-0.20019735246085033,36.20014143568058],[-0.19859128556436104,36.19894956776676],[-0.20753029491803496,36.18690406604309],[-0.20913636181452425,36.18809593395691]]],[[[-0.1964146492280477,36.20356066896489],[-0.20180341935733961,36.2013333035944],[-0.19698521866787175,36.197757699852936],[-0.1964146492280477,36.20356066896489]]]]},"properties":{"speed":0.4845,"dir_deg":36.6,"type":"متوسط"}},{"type":"Feature","geometry":{"type":"MultiPolygon","coordinates":[[[[-0.1674611502724115,36.1881072920983],[-0.15835176879783844,36.20002447167867],[-0.1567628115204562,36.198809887482064],[-0.16587219299502928,36.1868927079017],[-0.1674611502724115,36.1881072920983]]],[[[-0.15452082966762296,36.20338957277382],[-0.15994072607522064,36.20123905587528],[-0.155173854243074,36.19759530328545],[-0.15452082966762296,36.20338957277382]]]]},"properties":{"speed":0.5113,"dir_deg":37.4,"type":"متوسط"}},{"type":"Feature","geometry":{"type":"MultiPolygon","coordinates":[[[[-0.1257834841831863,36.188121411727195],[-0.11646230827524433,36.19987367447499],[-0.1148953399088717,36.1986308510206],[-0.12421651581681369,36.186878588272805],[-0.1257834841831863,36.188121411727195]]],[[[-0.11257176545607735,36.203169683663724],[-0.11802927664161694,36.201116497929384],[-0.11332837154249908,36.19738802756621],[-0.11257176545607735,36.203169683663724]]]]},"properties":{"speed":0.5537,"dir_deg":38.4,"type":"قوي"}},{"type":"Feature","geometry":{"type":"MultiPolygon","coordinates":[[[[-0.0841027966793969,36.18813869396507],[-0.07452238720325936,36.19968060690312],[-0.07298346547818597,36.19840321897298],[-0.0825638749543235,36.18686130603493],[-0.0841027966793969,36.18813869396507]]],[[[-0.0705594565153435,36.202889217250735],[-0.07606130892833274,36.200957994833274],[-0.0714445437531126,36.197125831042825],[-0.0705594565153435,36.202889217250735]]]]},"properties":{"speed":0.5462,"dir_deg":39.7,"type":"متوسط"}},{"type":"Feature","geometry":{"type":"MultiPolygon","coordinates":[[[[-0.04242834489307235,36.18814795692069],[-0.03270899108276608,36.19957311169032],[-0.031185637113481577,36.198277197848945],[-0.04090499092378785,36.18685204307931],[-0.04242834489307235,36.18814795692069]]],[[[-0.028707529494688397,36.202733539692844],[-0.034232345052050576,36.200869025531695],[-0.029662283144197076,36.19698128400757],[-0.028707529494688397,36.202733539692844]]]]},"properties":{"speed":0.4924,"dir_deg":40.4,"type":"متوسط"}},{"type":"Feature","geometry":{"type":"MultiPolygon","coordinates":[[[[-0.0007956292297543088,36.18810578389609],[0.008291129211578178,36.20004022234241],[0.009882387671086795,36.198828654550226],[0.0007956292297543088,36.18689421610391],[-0.0007956292297543088,36.18810578389609]]],[[[0.012115677921776648,36.203412584595085],[0.0066998707520695595,36.201251790134584],[0.011473646130595413,36.19761708675805],[0.012115677921776648,36.203412584595085]]]]},"properties":{"speed":0.3722,"dir_deg":37.3,"type":"متوسط"}},{"type":"Feature","geometry":{"type":"MultiPolygon","coordinates":[[[[0.040820528665140444,36.18803296189448],[0.04881495708230529,36.200725050543824],[0.0505072355688846,36.19965912675487],[0.042512807151719754,36.18696703810552],[0.040820528665140444,36.18803296189448]]],[[[0.05232590579798322,36.20442278486579],[0.047122678595725984,36.20179097433278],[0.0521995140554639,36.19859320296591],[0.05232590579798322,36.20442278486579]]]]},"properties":{"speed":0.2148,"dir_deg":32.2,"type":"ضعيف"}},{"type":"Feature","geometry":{"type":"MultiPolygon","coordinates":[[[[0.08249526927837651,36.18804556803157],[0.09067878975196496,36.20061656610883],[0.09235492282893233,36.19952543004569],[0.08417140235534389,36.18695443196843],[0.08249526927837651,36.18804556803157]]],[[[0.09424469644831146,36.204261330769675],[0.08900265667499757,36.20170770217197],[0.09403105590589972,36.198434293982544],[0.09424469644831146,36.204261330769675]]]]},"properties":{"speed":0.1221,"dir_deg":33.1,"type":"ضعيف"}},{"type":"Feature","geometry":{"type":"MultiPolygon","coordinates":[[[[0.12442075801768956,36.18831515564522],[0.13664809269594394,36.19700378537988],[0.1378065766605648,36.195373474089436],[0.12557924198231044,36.18668484435478],[0.12442075801768956,36.18831515564522]]],[[[0.1413031129043392,36.19908483964621],[0.13548960873132307,36.19863409667031],[0.13896506062518568,36.193743162799],[0.1413031129043392,36.19908483964621]]]]},"properties":{"speed":0.064,"dir_deg":54.6,"type":"ضعيف"}},{"type":"Feature","geometry":{"type":"MultiPolygon","coordinates":[[[[0.16714169308647447,36.1883799742152],[0.18034130631453024,36.18125465242389],[0.1793912634090221,36.179494703993484],[0.16619165018096632,36.1866200257848],[0.16714169308647447,36.1883799742152]]],[[[0.18426615593779477,36.17799957094492],[0.18129134922003842,36.1830146008543],[0.1784412205035139,36.17773475556307],[0.18426615593779477,36.17799957094492]]]]},"properties":{"speed":0.0478,"dir_deg":118.4,"type":"ضعيف"}},{"type":"Feature","geometry":{"type":"MultiPolygon","coordinates":[[[[0.20904746875791672,36.188200002500736],[0.21954750626891123,36.17748789662618],[0.218119225485637,36.17608789162471],[0.2076191879746425,36.186799997499264],[0.20904746875791672,36.188200002500736]]],[[[0.22233337838093895,36.17321719216726],[0.22097578705218543,36.17888790162765],[0.2166909447023628,36.174687886623246],[0.22233337838093895,36.17321719216726]]]]},"properties":{"speed":0.0507,"dir_deg":135.6,"type":"ضعيف"}},{"type":"Feature","geometry":{"type":"MultiPolygon","coordinates":[[[[0.2500739371877879,36.18849726290027],[0.2650328806918912,36.18738820508345],[0.26488500631631534,36.18539367928291],[0.2499260628122121,36.18650273709973],[0.2500739371877879,36.18849726290027]]],[[[0.26994525800547103,36.18602125624424],[0.26518075506746697,36.189382730884],[0.26473713194073956,36.18339915348236],[0.26994525800547103,36.18602125624424]]]]},"properties":{"speed":0.0392,"dir_deg":94.2,"type":"ضعيف"}},{"type":"Feature","geometry":{"type":"MultiPolygon","coordinates":[[[[0.29100151666289126,36.188246718613485],[0.30220229586513797,36.1982238196585],[0.30353257600447386,36.19673038243153],[0.29233179680222715,36.186753281386515],[0.29100151666289126,36.188246718613485]]],[[[0.30660102900222147,36.20080280139336],[0.30087201572580213,36.199717256885464],[0.3048628561438097,36.19523694520457],[0.30660102900222147,36.20080280139336]]]]},"properties":{"speed":0.0538,"dir_deg":48.3,"type":"ضعيف"}},{"type":"Feature","geometry":{"type":"MultiPolygon","coordinates":[[[[-0.41720171769936926,36.23001275168035],[-0.4045295159804819,36.2380386661825],[-0.4034593940468618,36.236349039286644],[-0.41613159576574915,36.228323124784495],[-0.41720171769936926,36.23001275168035]]],[[[-0.3997703877740428,36.23986915756862],[-0.405599637914102,36.23972829307835],[-0.40238927211324177,36.23465941239079],[-0.3997703877740428,36.23986915756862]]]]},"properties":{"speed":0.2429,"dir_deg":57.7,"type":"ضعيف"}},{"type":"Feature","geometry":{"type":"MultiPolygon","coordinates":[[[[-0.3756160840052587,36.229955618686965],[-0.3638008771871583,36.239196878765846],[-0.3625687091766409,36.23762151785676],[-0.3743839159947413,36.22838025777788],[-0.3756160840052587,36.229955618686965]]],[[[-0.3592463909091995,36.241489618337596],[-0.36503304519767577,36.240772239674925],[-0.36133654116612346,36.23604615694768],[-0.3592463909091995,36.241489618337596]]]]},"properties":{"speed":0.2838,"dir_deg":52.0,"type":"متوسط"}},{"type":"Feature","geometry":{"type":"MultiPolygon","coordinates":[[[[-0.33405134993636865,36.22986397445517],[-0.3236108065951721,36.24063407448909],[-0.3221747932573164,36.23924200204359],[-0.33261533659851295,36.22847190200967],[-0.33405134993636865,36.22986397445517]]],[[[-0.31941261881251204,36.24352807161098],[-0.3250468199330278,36.24202614693458],[-0.3207387799194607,36.2378499295981],[-0.31941261881251204,36.24352807161098]]]]},"properties":{"speed":0.3318,"dir_deg":44.1,"type":"متوسط"}},{"type":"Feature","geometry":{"type":"MultiPolygon","coordinates":[[[[-0.29245219981074616,36.22978674520743],[-0.28317009518569836,36.24156989138023],[-0.28159900902932444,36.24033227743022],[-0.29088111365437225,36.22854913125742],[-0.29245219981074616,36.22978674520743]]],[[[-0.2792905172324954,36.24487879979616],[-0.2847411813420722,36.242807505330234],[-0.2800279228729506,36.239094663480216],[-0.2792905172324954,36.24487879979616]]]]},"properties":{"speed":0.375,"dir_deg":38.2,"type":"متوسط"}},{"type":"Feature","geometry":{"type":"MultiPolygon","coordinates":[[[[-0.25084131892029016,36.229708477291474],[-0.2427332330344959,36.24232826109583],[-0.24105059519391564,36.24124718297772],[-0.24915868107970987,36.22862739917337],[-0.25084131892029016,36.229708477291474]]],[[[-0.23918921881894104,36.245994316638225],[-0.24441587087507616,36.24340933921393],[-0.23936795735333538,36.24016610485962],[-0.23918921881894104,36.245994316638225]]]]},"properties":{"speed":0.4495,"dir_deg":32.7,"type":"متوسط"}},{"type":"Feature","geometry":{"type":"MultiPolygon","coordinates":[[[[-0.20918232581652643,36.22969633517552],[-0.2012563716700698,36.24243129692922],[-0.19955837676957613,36.241374503043026],[-0.20748433091603277,36.228639541289326],[-0.20918232581652643,36.22969633517552]]],[[[-0.19776538950433742,36.246147887237356],[-0.20295436657056348,36.24348809081541],[-0.19786038186908245,36.240317709156834],[-0.19776538950433742,36.246147887237356]]]]},"properties":{"speed":0.4933,"dir_deg":31.9,"type":"متوسط"}},{"type":"Feature","geometry":{"type":"MultiPolygon","coordinates":[[[[-0.16750474059879034,36.22971350253641],[-0.15932127603896082,36.24228453701246],[-0.15764513810882094,36.24119340840448],[-0.16582860266865046,36.22862237392843],[-0.16750474059879034,36.22971350253641]]],[[[-0.15575538555394772,36.24592931753382],[-0.1609974139691007,36.243375665620434],[-0.15596900017868107,36.2401022797965],[-0.15575538555394772,36.24592931753382]]]]},"properties":{"speed":0.5105,"dir_deg":33.1,"type":"متوسط"}},{"type":"Feature","geometry":{"type":"MultiPolygon","coordinates":[[[[-0.12583154693046736,36.2297233927332],[-0.11749972941885425,36.242196596690206],[-0.11583663555791954,36.24108568768865],[-0.12416845306953264,36.228612483731645],[-0.12583154693046736,36.2297233927332]]],[[[-0.11389090998451586,36.24579887684177],[-0.11916282327978896,36.24330750569175],[-0.11417354169698483,36.239974778687106],[-0.11389090998451586,36.24579887684177]]]]},"properties":{"speed":0.5456,"dir_deg":33.7,"type":"متوسط"}},{"type":"Feature","geometry":{"type":"MultiPolygon","coordinates":[[[[-0.0841668695743542,36.22972040676105],[-0.0758798416450216,36.242223413123455],[-0.0742127741300336,36.241118476066205],[-0.0824998020593662,36.2286154697038],[-0.0841668695743542,36.22972040676105]]],[[[-0.07228396524441673,36.245838613382304],[-0.07754690916000957,36.2433283501807],[-0.07254570661504563,36.24001353900896],[-0.07228396524441673,36.245838613382304]]]]},"properties":{"speed":0.5677,"dir_deg":33.5,"type":"قوي"}},{"type":"Feature","geometry":{"type":"MultiPolygon","coordinates":[[[[-0.04250078148909471,36.229719530957674],[-0.03422689061031566,36.24223123466764],[-0.03255866344898644,36.24112804921714],[-0.04083255432776549,36.22861634550717],[-0.04250078148909471,36.229719530957674]]],[[[-0.030634813403391366,36.24585020984571],[-0.03589511777164489,36.243334420118146],[-0.03089043628765721,36.240024863766635],[-0.030634813403391366,36.24585020984571]]]]},"properties":{"speed":0.5439,"dir_deg":33.5,"type":"متوسط"}},{"type":"Feature","geometry":{"type":"MultiPolygon","coordinates":[[[[-0.0008087755762774755,36.2297560556248],[0.008012985309386647,36.24188768926896],[0.009630536461941596,36.240711454484206],[0.0008087755762774755,36.22857982084005],[-0.0008087755762774755,36.2297560556248]]],[[[0.011762347847552162,36.24534344975797],[0.006395434156831695,36.243063924053715],[0.011248087614496548,36.23953521969945],[0.011762347847552162,36.24534344975797]]]]},"properties":{"speed":0.475,"dir_deg":36.0,"type":"متوسط"}},{"type":"Feature","geometry":{"type":"MultiPolygon","coordinates":[[[[0.040856914824007495,36.22975470900732],[0.04965847644739668,36.241901005273654],[0.05127798261624189,36.240727463723864],[0.042476420992852704,36.22858116745753],[0.040856914824007495,36.22975470900732]]],[[[0.053402083406282344,36.24536299992087],[0.04803897027855147,36.243074546823436],[0.052897488785087106,36.23955392217408],[0.053402083406282344,36.24536299992087]]]]},"properties":{"speed":0.3587,"dir_deg":35.9,"type":"متوسط"}},{"type":"Feature","geometry":{"type":"MultiPolygon","coordinates":[[[[0.08249838522790633,36.22971826314918],[0.09075325897928826,36.24224252198349],[0.09242316015719601,36.241141872149974],[0.08416828640581407,36.22861761331566],[0.08249838522790633,36.22971826314918]]],[[[0.09433983415203612,36.2458669500115],[0.0890833578013805,36.24334317181701],[0.09409306133510377,36.24004122231646],[0.09433983415203612,36.2458669500115]]]]},"properties":{"speed":0.2348,"dir_deg":33.4,"type":"ضعيف"}},{"type":"Feature","geometry":{"type":"MultiPolygon","coordinates":[[[[0.12423943363065676,36.229817198425124],[0.13397833652114752,36.24122569396527],[0.135499469259834,36.239927173579865],[0.12576056636934324,36.22851867803972],[0.12423943363065676,36.229817198425124]]],[[[0.1379852038539877,36.24437926561929],[0.13245720378246104,36.24252421435067],[0.13702060199852048,36.23862865319447],[0.1379852038539877,36.24437926561929]]]]},"properties":{"speed":0.1417,"dir_deg":40.5,"type":"ضعيف"}},{"type":"Feature","geometry":{"type":"MultiPolygon","coordinates":[[[[0.1664527331312431,36.23014478536333],[0.18110544009482143,36.233353862900486],[0.18153331709977605,36.23140016863867],[0.1668806101361977,36.228191091101515],[0.1664527331312431,36.23014478536333]]],[[[0.18620361425182486,36.23344670828197],[0.1806775630898668,36.235307557162294],[0.1819611941047307,36.229446474376864],[0.18620361425182486,36.23344670828197]]]]},"properties":{"speed":0.0767,"dir_deg":77.6,"type":"ضعيف"}},{"type":"Feature","geometry":{"type":"MultiPolygon","coordinates":[[[[0.20880226120154344,36.23005117206104],[0.22205076863078133,36.22301717953208],[0.22111290296025365,36.221250711874845],[0.20786439553101577,36.228284704403805],[0.20880226120154344,36.23005117206104]]],[[[0.22599800493859679,36.21978928152715],[0.22298863430130897,36.22478364718931],[0.220175037289726,36.21948424421761],[0.22599800493859679,36.21978928152715]]]]},"properties":{"speed":0.074,"dir_deg":118.0,"type":"ضعيف"}},{"type":"Feature","geometry":{"type":"MultiPolygon","coordinates":[[[[0.2499887054465835,36.23016787444692],[0.26498774866404246,36.23033729274817],[0.2650103377708755,36.22833742031917],[0.25001129455341653,36.228168002017924],[0.2499887054465835,36.23016787444692]]],[[[0.2699987242899453,36.229393829300754],[0.26496515955720945,36.232337165177164],[0.2650329268777085,36.226337547890175],[0.2699987242899453,36.229393829300754]]]]},"properties":{"speed":0.0565,"dir_deg":89.4,"type":"ضعيف"}},{"type":"Feature","geometry":{"type":"MultiPolygon","coordinates":[[[[0.2911080691647482,36.22999738378765],[0.30354975249316357,36.23837619730482],[0.3046669276287856,36.236717306194365],[0.2922252443003702,36.228338492677196],[0.2911080691647482,36.22999738378765]]],[[[0.30825556783711305,36.240339689588644],[0.30243257735754153,36.240035088415276],[0.30578410276440765,36.235058415083905],[0.30825556783711305,36.240339689588644]]]]},"properties":{"speed":0.0639,"dir_deg":56.0,"type":"ضعيف"}},{"type":"Feature","geometry":{"type":"MultiPolygon","coordinates":[[[[0.3327677997943103,36.22999265671773],[0.3451385770738467,36.238475808814684],[0.34626966402010767,36.236826371844074],[0.3338988867405713,36.22834321974712],[0.3327677997943103,36.22999265671773]]],[[[0.3498277129734893,36.240478807695034],[0.3440074901275858,36.240125245785286],[0.3474007509663686,36.23517693487347],[0.3498277129734893,36.240478807695034]]]]},"properties":{"speed":0.0426,"dir_deg":55.6,"type":"ضعيف"}},{"type":"Feature","geometry":{"type":"MultiPolygon","coordinates":[[[[0.3740611508910274,36.22951226707318],[0.37922608350247605,36.243595003707775],[0.3811037817204212,36.24290634602625],[0.3759388491089726,36.22882360939166],[0.3740611508910274,36.22951226707318]]],[[[0.3818865768152649,36.247944920411875],[0.37734838528453085,36.244283661389304],[0.3829814799383664,36.242217688344724],[0.3818865768152649,36.247944920411875]]]]},"properties":{"speed":0.0399,"dir_deg":20.1,"type":"ضعيف"}},{"type":"Feature","geometry":{"type":"MultiPolygon","coordinates":[[[[0.41568444407252475,36.229355710143174],[0.41850102273382833,36.24408890004369],[0.42046544805389724,36.24371335622219],[0.41764886939259366,36.22898016632167],[0.41568444407252475,36.229355710143174]]],[[[0.4204220949476306,36.24881219143311],[0.4165365974137594,36.2444644438652],[0.42242987337396615,36.24333781240068],[0.4204220949476306,36.24881219143311]]]]},"properties":{"speed":0.0544,"dir_deg":10.8,"type":"ضعيف"}},{"type":"Feature","geometry":{"type":"MultiPolygon","coordinates":[[[[-0.41726895391553087,36.27163033371584],[-0.4052948746915782,36.28066479146042],[-0.4040902803256349,36.27906824756389],[-0.41606435954958754,36.270033789819315],[-0.41726895391553087,36.27163033371584]]],[[[-0.40070121776728895,36.28287800542701],[-0.4064994690575215,36.28226133535694],[-0.4028856859596916,36.277471703667366],[-0.40070121776728895,36.28287800542701]]]]},"properties":{"speed":0.2326,"dir_deg":53.0,"type":"ضعيف"}},{"type":"Feature","geometry":{"type":"MultiPolygon","coordinates":[[[[-0.3756858495470826,36.271559805128085],[-0.364769699139431,36.281847548334326],[-0.3633980000452658,36.28039206161331],[-0.3743141504529174,36.27010431840707],[-0.3756858495470826,36.271559805128085]]],[[[-0.36044513278979784,36.28454905270923],[-0.3661413982335963,36.28330303505535],[-0.3620263009511005,36.27893657489229],[-0.36044513278979784,36.28454905270923]]]]},"properties":{"speed":0.2809,"dir_deg":46.7,"type":"متوسط"}},{"type":"Feature","geometry":{"type":"MultiPolygon","coordinates":[[[[-0.3340991431211567,36.27147514075499],[-0.3244529583100009,36.28296213856073],[-0.32292135860256915,36.28167598058591],[-0.3325675434137249,36.27018898278017],[-0.3340991431211567,36.27147514075499]]],[[[-0.3204717635192331,36.286148058841896],[-0.32598455801743265,36.28424829653555],[-0.32138975889513743,36.280389822611085],[-0.3204717635192331,36.286148058841896]]]]},"properties":{"speed":0.3462,"dir_deg":40.0,"type":"متوسط"}},{"type":"Feature","geometry":{"type":"MultiPolygon","coordinates":[[[[-0.2924778182636149,36.27141688393759],[-0.2837054857134631,36.28358430690343],[-0.2820831626513517,36.282414662563404],[-0.2908554952015035,36.270247239597566],[-0.2924778182636149,36.27141688393759]]],[[[-0.2799702133323568,36.28705529238869],[-0.28532780877557457,36.284753951243445],[-0.28046083958924023,36.28124501822339],[-0.2799702133323568,36.28705529238869]]]]},"properties":{"speed":0.3907,"dir_deg":35.8,"type":"متوسط"}},{"type":"Feature","geometry":{"type":"MultiPolygon","coordinates":[[[[-0.25086555475476446,36.27133287607099],[-0.2433533402035456,36.28431619739246],[-0.24162223069401667,36.28331456878563],[-0.24913444524523554,36.27033124746416],[-0.25086555475476446,36.27133287607099]]],[[[-0.23998371393170817,36.288143156862866],[-0.2450844497130745,36.285317825999286],[-0.23989112118448777,36.2823129401788],[-0.23998371393170817,36.288143156862866]]]]},"properties":{"speed":0.4538,"dir_deg":30.1,"type":"متوسط"}},{"type":"Feature","geometry":{"type":"MultiPolygon","coordinates":[[[[-0.20921564585465735,36.27130271647084],[-0.20215582530572518,36.28453747879651],[-0.20039119032896968,36.28359616938998],[-0.20745101087790185,36.270361407064314],[-0.20921564585465735,36.27130271647084]]],[[[-0.1989202343010367,36.28847841153513],[-0.20392046028248068,36.28547878820303],[-0.19862655535221418,36.28265485998346],[-0.1989202343010367,36.28847841153513]]]]},"properties":{"speed":0.4977,"dir_deg":28.1,"type":"متوسط"}},{"type":"Feature","geometry":{"type":"MultiPolygon","coordinates":[[[[-0.16754604608484616,36.27130819260538],[-0.16040408351779695,36.284498809372266],[-0.15864533461554542,36.28354654769666],[-0.16578729718259463,36.270355930929775],[-0.16754604608484616,36.27130819260538]]],[[[-0.1571440548776548,36.288419550790096],[-0.16216283242004847,36.28545107104787],[-0.1568865857132939,36.28259428602105],[-0.1571440548776548,36.288419550790096]]]]},"properties":{"speed":0.5197,"dir_deg":28.4,"type":"متوسط"}},{"type":"Feature","geometry":{"type":"MultiPolygon","coordinates":[[[[-0.1258747971828905,36.2713165510748],[-0.11860745757464691,36.284438508818155],[-0.11685786320886593,36.28346953020372],[-0.12412520281710951,36.27034757246036],[-0.1258747971828905,36.2713165510748]]],[[[-0.11531021385567522,36.288328005425385],[-0.12035705194042788,36.285407487432586],[-0.11510826884308496,36.28250055158929],[-0.11531021385567522,36.288328005425385]]]]},"properties":{"speed":0.53,"dir_deg":29.0,"type":"متوسط"}},{"type":"Feature","geometry":{"type":"MultiPolygon","coordinates":[[[[-0.08421842656066497,36.271297480262305],[-0.07723714913980573,36.28457384141938],[-0.07546696765219618,36.283643004429926],[-0.08244824507305543,36.27036664327285],[-0.08421842656066497,36.271297480262305]]],[[[-0.07402496592238121,36.288533876643676],[-0.07900733062741529,36.28550467840883],[-0.07369678616458662,36.28271216744048],[-0.07402496592238121,36.288533876643676]]]]},"properties":{"speed":0.5581,"dir_deg":27.7,"type":"قوي"}},{"type":"Feature","geometry":{"type":"MultiPolygon","coordinates":[[[[-0.042549295411211295,36.27130213483778],[-0.03549819935809991,36.2845415473795],[-0.03373294435253752,36.28360140123909],[-0.040784040405648904,36.270361988697374],[-0.042549295411211295,36.27130213483778]]],[[[-0.03226520650428158,36.2884846118232],[-0.037263454363662296,36.28548169351991],[-0.03196768934697514,36.282661255098674],[-0.03226520650428158,36.2884846118232]]]]},"properties":{"speed":0.5753,"dir_deg":28.0,"type":"قوي"}},{"type":"Feature","geometry":{"type":"MultiPolygon","coordinates":[[[[-0.000849656114091685,36.27135939893466],[0.007060401392146117,36.28410424064604],[0.008759713620329486,36.28304956631187],[0.000849656114091685,36.27030472460049],[-0.000849656114091685,36.27135939893466]]],[[[0.010546743341650401,36.28782518404941],[0.0053610891639627465,36.2851589149802],[0.010459025848512857,36.2819948919777],[0.010546743341650401,36.28782518404941]]]]},"properties":{"speed":0.5339,"dir_deg":31.8,"type":"متوسط"}},{"type":"Feature","geometry":{"type":"MultiPolygon","coordinates":[[[[0.04087856679524054,36.271447607570416],[0.05011175383778497,36.28326912426826],[0.05168795606416409,36.282038032662584],[0.04245476902161966,36.27021651596474],[0.04087856679524054,36.271447607570416]]],[[[0.05397758396515601,36.28659408403137],[0.04853555161140585,36.28450021587393],[0.053264158290543206,36.28080694105691],[0.05397758396515601,36.28659408403137]]]]},"properties":{"speed":0.4677,"dir_deg":38.0,"type":"متوسط"}},{"type":"Feature","geometry":{"type":"MultiPolygon","coordinates":[[[[0.08257527223152934,36.271484242417856],[0.0923579819856798,36.282855196197815],[0.0938741091563415,36.28155083489726],[0.08409139940219106,36.2701798811173],[0.08257527223152934,36.271484242417856]]],[[[0.09637694882239414,36.285993333474195],[0.0908418548150181,36.28415955749837],[0.0953902363270032,36.280246473596705],[0.09637694882239414,36.285993333474195]]]]},"properties":{"speed":0.3649,"dir_deg":40.7,"type":"متوسط"}},{"type":"Feature","geometry":{"type":"MultiPolygon","coordinates":[[[[0.1242495500837243,36.271492989088216],[0.13416345989324974,36.282749737832354],[0.13566435972580115,36.28142788319108],[0.1257504499162757,36.27017113444694],[0.1242495500837243,36.271492989088216]]],[[[0.1382185464127006,36.28584106009309],[0.13266256006069835,36.28407159247362],[0.13716525955835254,36.28010602854981],[0.1382185464127006,36.28584106009309]]]]},"properties":{"speed":0.2429,"dir_deg":41.4,"type":"ضعيف"}},{"type":"Feature","geometry":{"type":"MultiPolygon","coordinates":[[[[0.16619254737203096,36.27171251970779],[0.1793994164751691,36.27882438363313],[0.18034766499854799,36.277063467752704],[0.16714079589540984,36.269951603827366],[0.16619254737203096,36.27171251970779]]],[[[0.1842758304379046,36.28031454700137],[0.17845116795179022,36.28058529951355],[0.18129591352192687,36.27530255187229],[0.1842758304379046,36.28031454700137]]]]},"properties":{"speed":0.1425,"dir_deg":61.7,"type":"ضعيف"}},{"type":"Feature","geometry":{"type":"MultiPolygon","coordinates":[[[[0.20843162196618958,36.27182721922659],[0.22335898385129058,36.27035281522794],[0.2231623966514706,36.26836250030992],[0.20823503476636962,36.26983690430857],[0.20843162196618958,36.27182721922659]]],[[[0.22823647754641424,36.268866189769376],[0.22355557105111054,36.27234313014595],[0.22296580945165065,36.26637218539191],[0.22823647754641424,36.268866189769376]]]]},"properties":{"speed":0.1014,"dir_deg":95.6,"type":"ضعيف"}},{"type":"Feature","geometry":{"type":"MultiPolygon","coordinates":[[[[0.24968335970370742,36.27178060745586],[0.26391154502797987,36.27653021190025],[0.264544825620565,36.27463312052369],[0.2503166402962926,36.2698835160793],[0.24968335970370742,36.27178060745586]]],[[[0.2689709137656966,36.27716486769343],[0.2632782644353947,36.27842730327682],[0.2651781062131502,36.27273602914712],[0.2689709137656966,36.27716486769343]]]]},"properties":{"speed":0.0673,"dir_deg":71.5,"type":"ضعيف"}},{"type":"Feature","geometry":{"type":"MultiPolygon","coordinates":[[[[0.29069924207312126,36.271085259075434],[0.294497201690931,36.285596478967],[0.2964320310098069,36.28509008435129],[0.29263407139199715,36.27057886445972],[0.29069924207312126,36.271085259075434]]],[[[0.2967306028896389,36.29018035495634],[0.29256237237205507,36.286102873582706],[0.29836686032868287,36.284583689735584],[0.2967306028896389,36.29018035495634]]]]},"properties":{"speed":0.0747,"dir_deg":14.7,"type":"ضعيف"}},{"type":"Feature","geometry":{"type":"MultiPolygon","coordinates":[[[[0.33240640649888115,36.27045684419457],[0.3267781429037976,36.28436089572296],[0.3286320164409169,36.28511133086898],[0.33426028003600045,36.27120727934059],[0.33240640649888115,36.27045684419457]]],[[[0.32582899180732944,36.28937079713877],[0.3249242693666783,36.28361046057695],[0.3304858899780362,36.28586176601499],[0.32582899180732944,36.28937079713877]]]]},"properties":{"speed":0.0772,"dir_deg":338.0,"type":"ضعيف"}},{"type":"Feature","geometry":{"type":"MultiPolygon","coordinates":[[[[0.374224076559706,36.270201234679696],[0.3647616702415152,36.281840086284106],[0.36631351712210314,36.28310174045987],[0.375775923440294,36.27146288885546],[0.374224076559706,36.270201234679696]]],[[[0.3623834582424122,36.28635053057346],[0.3632098233609273,36.28057843210835],[0.36786536400269104,36.284363394635626],[0.3623834582424122,36.28635053057346]]]]},"properties":{"speed":0.0945,"dir_deg":320.9,"type":"ضعيف"}},{"type":"Feature","geometry":{"type":"MultiPolygon","coordinates":[[[[0.4157866369305619,36.27035712477377],[0.40866258202335953,36.28355742180373],[0.41042262162735416,36.28450729579135],[0.4175466765345565,36.27130699876139],[0.4157866369305619,36.27035712477377]]],[[[0.4071679168562894,36.288432457807524],[0.40690254241936485,36.2826075478161],[0.41218266123134883,36.28545716977898],[0.4071679168562894,36.288432457807524]]]]},"properties":{"speed":0.0698,"dir_deg":331.6,"type":"ضعيف"}},{"type":"Feature","geometry":{"type":"MultiPolygon","coordinates":[[[[0.45880429848746157,36.27171421888552],[0.4720366552565869,36.26464989058521],[0.47109474481654534,36.262885576349326],[0.45786238804742,36.269949904649636],[0.45880429848746157,36.27171421888552]]],[[[0.4759764856262746,36.26141295736716],[0.47297856569662844,36.266414204821096],[0.4701528343765038,36.26112126211344],[0.4759764856262746,36.26141295736716]]]]},"properties":{"speed":0.0172,"dir_deg":118.1,"type":"ضعيف"}},{"type":"Feature","geometry":{"type":"MultiPolygon","coordinates":[[[[0.4993638086861669,36.27160359310991],[0.5109367788211733,36.281146462817404],[0.5122091614488394,36.27960340013274],[0.5006361913138331,36.27006053042525],[0.4993638086861669,36.27160359310991]]],[[[0.5154306268466752,36.28355588804424],[0.5096643961935071,36.28268952550207],[0.5134815440765056,36.278060337448075],[0.5154306268466752,36.28355588804424]]]]},"properties":{"speed":0.0442,"dir_deg":50.5,"type":"ضعيف"}},{"type":"Feature","geometry":{"type":"MultiPolygon","coordinates":[[[[-0.4173037675663019,36.3132707722008],[-0.40574218455428585,36.322827434706944],[-0.4044679628868005,36.32128589030534],[-0.4160295458988165,36.3117292277992],[-0.4173037675663019,36.3132707722008]]],[[[-0.4012512127165378,36.32524221667485],[-0.40701640622177115,36.32436897910855],[-0.40319374121931517,36.319744345903736],[-0.4012512127165378,36.32524221667485]]]]},"properties":{"speed":0.2208,"dir_deg":50.4,"type":"ضعيف"}},{"type":"Feature","geometry":{"type":"MultiPolygon","coordinates":[[[[-0.375734542623516,36.31317856254998],[-0.36555610437378444,36.32419670190272],[-0.3640870191267524,36.322839576802764],[-0.374265457376484,36.31182143745002],[-0.375734542623516,36.31317856254998]]],[[[-0.36142874900035793,36.32719085247032],[-0.3670251896208164,36.325553827002686],[-0.3626179338797204,36.3214824517028],[-0.36142874900035793,36.32719085247032]]]]},"properties":{"speed":0.2835,"dir_deg":42.7,"type":"متوسط"}},{"type":"Feature","geometry":{"type":"MultiPolygon","coordinates":[[[[-0.33413764851928346,36.31309421634264],[-0.3252244033797109,36.32515879512028],[-0.3236157928760256,36.323970362435],[-0.33252903801559813,36.31190578365736],[-0.33413764851928346,36.31309421634264]]],[[[-0.32144901641467744,36.328586105036855],[-0.3268330138833963,36.326347227805556],[-0.3220071823723402,36.32278192974972],[-0.32144901641467744,36.328586105036855]]]]},"properties":{"speed":0.355,"dir_deg":36.5,"type":"متوسط"}},{"type":"Feature","geometry":{"type":"MultiPolygon","coordinates":[[[[-0.2924979316335044,36.313055861528674],[-0.28416000870341124,36.325524985042854],[-0.28249745890152084,36.324413261985505],[-0.290835381831614,36.311944138471326],[-0.2924979316335044,36.313055861528674]]],[[[-0.2805494261591016,36.329125498018904],[-0.28582255850530164,36.326636708100196],[-0.28083490909963044,36.32330153892816],[-0.2805494261591016,36.329125498018904]]]]},"properties":{"speed":0.3982,"dir_deg":33.8,"type":"متوسط"}},{"type":"Feature","geometry":{"type":"MultiPolygon","coordinates":[[[[-0.25088026538970887,36.312974481657896],[-0.24376304052125364,36.32617846250353],[-0.2420025097418359,36.325229499187735],[-0.24911973461029113,36.312025518342104],[-0.25088026538970887,36.312974481657896]]],[[[-0.2405103668420597,36.33010530779418],[-0.24552357130067137,36.32712742581932],[-0.24024197896241817,36.32428053587194],[-0.2405103668420597,36.33010530779418]]]]},"properties":{"speed":0.4515,"dir_deg":28.3,"type":"متوسط"}},{"type":"Feature","geometry":{"type":"MultiPolygon","coordinates":[[[[-0.2092451750276372,36.31291053095641],[-0.20308721068148564,36.32658823087677],[-0.20126351735877043,36.32576716896396],[-0.207421481704922,36.31208946904359],[-0.2092451750276372,36.31291053095641]]],[[[-0.20012270923807748,36.33073693322715],[-0.20491090400420084,36.327409292789596],[-0.19943982403605523,36.32494610705113],[-0.20012270923807748,36.33073693322715]]]]},"properties":{"speed":0.4936,"dir_deg":24.2,"type":"متوسط"}},{"type":"Feature","geometry":{"type":"MultiPolygon","coordinates":[[[[-0.16758046408237104,36.312906181438265],[-0.1614877425084318,36.32661306816802],[-0.1596601576111305,36.32580070529149],[-0.16575287918506976,36.312093818561735],[-0.16758046408237104,36.312906181438265]]],[[[-0.15854304286846807,36.33077584897301],[-0.16331532740573304,36.327425431044546],[-0.15783257271382925,36.32498834241497],[-0.15854304286846807,36.33077584897301]]]]},"properties":{"speed":0.5285,"dir_deg":24.0,"type":"متوسط"}},{"type":"Feature","geometry":{"type":"MultiPolygon","coordinates":[[[[-0.12589839391464247,36.31293919058976],[-0.11931053506824865,36.32641509930939],[-0.11751374723896371,36.325536718129875],[-0.12410160608535753,36.31206080941024],[-0.12589839391464247,36.31293919058976]]],[[[-0.11621618820480824,36.33046787829285],[-0.12110732289753359,36.32729348048891],[-0.11571695940967877,36.32465833695036],[-0.11621618820480824,36.33046787829285]]]]},"properties":{"speed":0.515,"dir_deg":26.1,"type":"متوسط"}},{"type":"Feature","geometry":{"type":"MultiPolygon","coordinates":[[[[-0.08424721876408549,36.31290597778113],[-0.07815755204714334,36.32661422198951],[-0.07632978615269276,36.32580226642725],[-0.08241945286963491,36.31209402221887],[-0.08424721876408549,36.31290597778113]]],[[[-0.07521378019427066,36.330777658944506],[-0.07998531794159393,36.32742617755177],[-0.07450202025824217,36.32499031086499],[-0.07521378019427066,36.330777658944506]]]]},"properties":{"speed":0.546,"dir_deg":24.0,"type":"متوسط"}},{"type":"Feature","geometry":{"type":"MultiPolygon","coordinates":[[[[-0.04258104100704572,36.31290487261766],[-0.03650795174219736,36.326620469096895],[-0.034679205544966125,36.32581072386158],[-0.04075229480981448,36.31209512738234],[-0.04258104100704572,36.31290487261766]]],[[[-0.03356921555529896,36.330787461972314],[-0.0383366979394286,36.3274302143322],[-0.03285045934773489,36.32500097862627],[-0.03356921555529896,36.330787461972314]]]]},"properties":{"speed":0.5911,"dir_deg":23.9,"type":"قوي"}},{"type":"Feature","geometry":{"type":"MultiPolygon","coordinates":[[[[-0.0008877526588935248,36.312960320775794],[0.006017058978014633,36.3262766106592],[0.007792564295801684,36.32535596910761],[0.0008877526588935248,36.312039679224206],[-0.0008877526588935248,36.312960320775794]]],[[[0.009206415515877545,36.33025505317787],[0.004241553660227584,36.32719725221079],[0.009568069613588734,36.324435327556024],[0.009206415515877545,36.33025505317787]]]]},"properties":{"speed":0.5837,"dir_deg":27.4,"type":"قوي"}},{"type":"Feature","geometry":{"type":"MultiPolygon","coordinates":[[[[0.040848004736297225,36.31307427398565],[0.04946211452103412,36.32535422156764],[0.05109944086529988,36.324205673596346],[0.042485331080562974,36.31192572601435],[0.040848004736297225,36.31307427398565]]],[[[0.05315214762141263,36.32887326344266],[0.04782478817676837,36.32650276953894],[0.05273676720956563,36.32305712562505],[0.05315214762141263,36.32887326344266]]]]},"properties":{"speed":0.5263,"dir_deg":35.0,"type":"متوسط"}},{"type":"Feature","geometry":{"type":"MultiPolygon","coordinates":[[[[0.08260248748873562,36.31318253990453],[0.09284058605670428,36.3241452648264],[0.09430228271295343,36.322780185017336],[0.08406418414498477,36.31181746009547],[0.08260248748873562,36.31318253990453]]],[[[0.09698413390748507,36.32711696656249],[0.09137888940045515,36.32551034463546],[0.09576397936920257,36.321415105208274],[0.09698413390748507,36.32711696656249]]]]},"properties":{"speed":0.4481,"dir_deg":43.0,"type":"متوسط"}},{"type":"Feature","geometry":{"type":"MultiPolygon","coordinates":[[[[0.12427694541321072,36.31319079089783],[0.13463880888064111,36.32403660969967],[0.13608491805421968,36.32265502790401],[0.12572305458678928,36.31180920910217],[0.12427694541321072,36.31319079089783]]],[[[0.13881581795657386,36.32696109173578],[0.13319269970706255,36.325418191495324],[0.13753102722779825,36.32127344610836],[0.13881581795657386,36.32696109173578]]]]},"properties":{"speed":0.3354,"dir_deg":43.7,"type":"متوسط"}},{"type":"Feature","geometry":{"type":"MultiPolygon","coordinates":[[[[0.16600319896322957,36.31324820051825],[0.1772262067370018,36.32320029057561],[0.17855315207798345,36.32170388953911],[0.16733014430421123,36.31175179948175],[0.16600319896322957,36.31324820051825]]],[[[0.18163068199875002,36.32576945340982],[0.17589926139602016,36.32469669161212],[0.17988009741896507,36.320207488502604],[0.18163068199875002,36.32576945340982]]]]},"properties":{"speed":0.2099,"dir_deg":48.4,"type":"ضعيف"}},{"type":"Feature","geometry":{"type":"MultiPolygon","coordinates":[[[[0.20788457003112226,36.3133936531523],[0.22128936731571539,36.32012502817966],[0.22218688398603006,36.318337721875054],[0.20878208670143694,36.3116063468477],[0.20788457003112226,36.3133936531523]]],[[[0.22620639141240378,36.321475166703145],[0.22039185064540073,36.321912334484274],[0.22308440065634472,36.31655041557044],[0.22620639141240378,36.321475166703145]]]]},"properties":{"speed":0.1225,"dir_deg":63.3,"type":"ضعيف"}},{"type":"Feature","geometry":{"type":"MultiPolygon","coordinates":[[[[0.24911974826410682,36.312974506987786],[0.2562373530808859,36.32617828302618],[0.25799785655267227,36.32522926905061],[0.2508802517358932,36.312025493012214],[0.24911974826410682,36.312974506987786]]],[[[0.25949013975570545,36.33010503471786],[0.25447684960909955,36.32712729700175],[0.2597583600244586,36.32428025507504],[0.25949013975570545,36.33010503471786]]]]},"properties":{"speed":0.1047,"dir_deg":28.3,"type":"ضعيف"}},{"type":"Feature","geometry":{"type":"MultiPolygon","coordinates":[[[[0.29066871118605747,36.312435932174864],[0.28970769380905836,36.32740511537239],[0.29170358490206183,36.327533251022665],[0.29266460227906094,36.312564067825136],[0.29066871118605747,36.312435932174864]]],[[[0.2903853002298938,36.332458910930036],[0.28771180271605484,36.32727697972213],[0.29369947599506535,36.32766138667293],[0.2903853002298938,36.332458910930036]]]]},"properties":{"speed":0.1526,"dir_deg":356.3,"type":"ضعيف"}},{"type":"Feature","geometry":{"type":"MultiPolygon","coordinates":[[[[0.33242256322177843,36.312087108115335],[0.3262291849517843,36.32574880880027],[0.32805074504310905,36.3265745925696],[0.33424412331310316,36.312912891884665],[0.33242256322177843,36.312087108115335]]],[[[0.3250755055741153,36.330715600913244],[0.3244076248604596,36.324923025030934],[0.3298723051344338,36.327400376338936],[0.3250755055741153,36.330715600913244]]]]},"properties":{"speed":0.1635,"dir_deg":335.6,"type":"ضعيف"}},{"type":"Feature","geometry":{"type":"MultiPolygon","coordinates":[[[[0.37430471049910535,36.31178127021076],[0.3635237636604566,36.32221061272418],[0.36491434266224587,36.32364807230266],[0.37569528950089465,36.31321872978924],[0.37430471049910535,36.31178127021076]]],[[[0.36062540421513495,36.326405790017894],[0.36213318465866723,36.32077315314569],[0.3663049216640352,36.32508553188115],[0.36062540421513495,36.326405790017894]]]]},"properties":{"speed":0.1602,"dir_deg":314.1,"type":"ضعيف"}},{"type":"Feature","geometry":{"type":"MultiPolygon","coordinates":[[[[0.41635465212825923,36.31154991941032],[0.40210344328298886,36.31622998847482],[0.4027274524915888,36.31813014965418],[0.4169786613368592,36.31345008058968],[0.41635465212825923,36.31154991941032]]],[[[0.39766504493886534,36.318740092086],[0.4014794340743889,36.314329827295445],[0.40335146170018876,36.32003031083355],[0.39766504493886534,36.318740092086]]]]},"properties":{"speed":0.1568,"dir_deg":288.2,"type":"ضعيف"}},{"type":"Feature","geometry":{"type":"MultiPolygon","coordinates":[[[[0.458503883524281,36.31151464929046],[0.4437236228811362,36.30895654543786],[0.4433825423674558,36.31092724685694],[0.4581628030106006,36.31348535070954],[0.458503883524281,36.31151464929046]]],[[[0.438626329076581,36.3090891948632],[0.4440647033948167,36.30698584401877],[0.4430414618537753,36.31289794827603],[0.438626329076581,36.3090891948632]]]]},"properties":{"speed":0.1785,"dir_deg":260.2,"type":"ضعيف"}},{"type":"Feature","geometry":{"type":"MultiPolygon","coordinates":[[[[0.5001786872703615,36.31151609408],[0.4854200984703636,36.30883578502458],[0.48506272392964067,36.31080359686458],[0.49982131272963853,36.31348390592],[0.5001786872703615,36.31151609408]]],[[[0.48032188160000283,36.30892625459277],[0.48577747301108654,36.30686797318458],[0.48470534938891774,36.31277140870458],[0.48032188160000283,36.30892625459277]]]]},"properties":{"speed":0.163,"dir_deg":259.7,"type":"ضعيف"}},{"type":"Feature","geometry":{"type":"MultiPolygon","coordinates":[[[[0.5425742665874794,36.31208012091249],[0.5362760802748595,36.298466420123525],[0.5344609201696638,36.299306178298544],[0.5407591064822838,36.31291987908751],[0.5425742665874794,36.31208012091249]]],[[[0.5332691047847218,36.294348398948046],[0.5380912403800552,36.29762666194851],[0.5326457600644682,36.300145936473555],[0.5332691047847218,36.294348398948046]]]]},"properties":{"speed":0.1651,"dir_deg":204.8,"type":"ضعيف"}},{"type":"Feature","geometry":{"type":"MultiPolygon","coordinates":[[[[0.5843326548417591,36.31246371208281],[0.5837883360839166,36.2974735914332],[0.5817896533306351,36.29754616726758],[0.5823339720884777,36.31253628791719],[0.5843326548417591,36.31246371208281]]],[[[0.5826075551213283,36.29251317246719],[0.5857870188371979,36.29740101559882],[0.5797909705773538,36.297618743101964],[0.5826075551213283,36.29251317246719]]]]},"properties":{"speed":0.1209,"dir_deg":182.1,"type":"ضعيف"}},{"type":"Feature","geometry":{"type":"MultiPolygon","coordinates":[[[[-0.41734808870108925,36.35489981969295],[-0.4063698667931624,36.3651212992209],[-0.4050070028561023,36.36365753629984],[-0.41598522476402916,36.35343605677189],[-0.41734808870108925,36.35489981969295]]],[[[-0.4020290275219901,36.36779657760302],[-0.4077327307302225,36.36658506214196],[-0.4036441389190422,36.362193773378785],[-0.4020290275219901,36.36779657760302]]]]},"properties":{"speed":0.2034,"dir_deg":47.0,"type":"ضعيف"}},{"type":"Feature","geometry":{"type":"MultiPolygon","coordinates":[[[[-0.37578789025725273,36.35478375390495],[-0.3665506551693928,36.36660210776374],[-0.3649748746548873,36.36537047641869],[-0.37421210974274727,36.3535521225599],[-0.37578789025725273,36.35478375390495]]],[[[-0.36268368654952005,36.36992574337748],[-0.3681264356838983,36.36783373910879],[-0.3633990941403818,36.36413884507364],[-0.36268368654952005,36.36992574337748]]]]},"properties":{"speed":0.274,"dir_deg":38.0,"type":"ضعيف"}},{"type":"Feature","geometry":{"type":"MultiPolygon","coordinates":[[[[-0.3341752002672758,36.35470763888262],[-0.32607969051424124,36.36733549388015],[-0.3243959765145712,36.36625609257975],[-0.3324914862676058,36.35362823758222],[-0.3341752002672758,36.35470763888262]]],[[[-0.32253933026339465,36.371005078229125],[-0.3277634045139112,36.36841489518056],[-0.3227122625149012,36.36517669127934],[-0.32253933026339465,36.371005078229125]]]]},"properties":{"speed":0.3446,"dir_deg":32.7,"type":"متوسط"}},{"type":"Feature","geometry":{"type":"MultiPolygon","coordinates":[[[[-0.2925279133274776,36.35467610855594],[-0.28490535847463005,36.36759495747972],[-0.2831828452847933,36.366578616832676],[-0.29080540013764083,36.3536597679089],[-0.2925279133274776,36.35467610855594]]],[[[-0.2815032502620959,36.371393070130786],[-0.28662787166446674,36.368611298126766],[-0.28146033209495663,36.36556227618563],[-0.2815032502620959,36.371393070130786]]]]},"properties":{"speed":0.3864,"dir_deg":30.5,"type":"متوسط"}},{"type":"Feature","geometry":{"type":"MultiPolygon","coordinates":[[[[-0.2509053923860301,36.35459251405288],[-0.24453675507914094,36.368173399843336],[-0.24272597030708068,36.367324248202415],[-0.24909460761396987,36.35374336241196],[-0.2509053923860301,36.35459251405288]]],[[[-0.24150848359081442,36.37227578595302],[-0.2463475398512012,36.36902255148426],[-0.24091518553502042,36.366475096561494],[-0.24150848359081442,36.37227578595302]]]]},"properties":{"speed":0.4323,"dir_deg":25.1,"type":"متوسط"}},{"type":"Feature","geometry":{"type":"MultiPolygon","coordinates":[[[[-0.20927447537134694,36.35450593573959],[-0.20420451276380536,36.3686231408156],[-0.20232221875367068,36.36794714580127],[-0.20739218136121226,36.353829940725255],[-0.20927447537134694,36.35450593573959]]],[[[-0.20157337822289084,36.372990878333766],[-0.20608680677394006,36.36929913582994],[-0.20043992474353597,36.36727115078693],[-0.20157337822289084,36.372990878333766]]]]},"properties":{"speed":0.4772,"dir_deg":19.8,"type":"متوسط"}},{"type":"Feature","geometry":{"type":"MultiPolygon","coordinates":[[[[-0.16761019586743967,36.35449924174944],[-0.16264064311226067,36.36865210525523],[-0.16075359464482214,36.3679894982212],[-0.16572314740000113,36.35383663471541],[-0.16761019586743967,36.35449924174944]]],[[[-0.16004060129348172,36.37303842290681],[-0.1645276915796992,36.36931471228925],[-0.1588665461773836,36.367326891187176],[-0.16004060129348172,36.37303842290681]]]]},"properties":{"speed":0.5191,"dir_deg":19.3,"type":"متوسط"}},{"type":"Feature","geometry":{"type":"MultiPolygon","coordinates":[[[[-0.1259236135116473,36.354551263265655],[-0.12017373801316279,36.36840546594036],[-0.1183265109898682,36.367638815873896],[-0.1240763864883527,36.35378461319919],[-0.1259236135116473,36.354551263265655]]],[[[-0.11733349933535399,36.37264020846537],[-0.12202096503645739,36.36917211600683],[-0.1164792839665736,36.36687216580743],[-0.11733349933535399,36.37264020846537]]]]},"properties":{"speed":0.4959,"dir_deg":22.5,"type":"متوسط"}},{"type":"Feature","geometry":{"type":"MultiPolygon","coordinates":[[[[-0.08427102778995194,36.354515405876384],[-0.0790590131305472,36.36858078547276],[-0.07718362918436372,36.367885850184834],[-0.08239564384376846,36.35382047058846],[-0.08427102778995194,36.354515405876384]]],[[[-0.07638398293765387,36.37292177769426],[-0.08093439707673065,36.369275720760676],[-0.07530824523818026,36.367190914896916],[-0.07638398293765387,36.37292177769426]]]]},"properties":{"speed":0.534,"dir_deg":20.3,"type":"متوسط"}},{"type":"Feature","geometry":{"type":"MultiPolygon","coordinates":[[[[-0.042604357180086455,36.35451541316651],[-0.03739223316874244,36.36858075224136],[-0.03551685462542973,36.36788580237318],[-0.040728978636773744,36.353820463298334],[-0.042604357180086455,36.35451541316651]]],[[[-0.03471716922663808,36.37292172366555],[-0.03926761171205515,36.36927570210954],[-0.03364147608211702,36.367190852505],[-0.03471716922663808,36.37292172366555]]]]},"properties":{"speed":0.5909,"dir_deg":20.3,"type":"قوي"}},{"type":"Feature","geometry":{"type":"MultiPolygon","coordinates":[[[[-0.0009088137082408278,36.35458514039411],[0.005349218717014734,36.36821734601772],[0.0071668461334963894,36.36738294169435],[0.0009088137082408278,36.35375073607074],[-0.0009088137082408278,36.35458514039411]]],[[[0.008344043233674084,36.37234421239724],[0.0035315913005330786,36.369051750341086],[0.008984473549978046,36.36654853737099],[0.008344043233674084,36.37234421239724]]]]},"properties":{"speed":0.6211,"dir_deg":24.7,"type":"قوي"}},{"type":"Feature","geometry":{"type":"MultiPolygon","coordinates":[[[[0.04082097688055027,36.354701611058566],[0.0488260692726968,36.367386976476766],[0.050517451328456454,36.36631963082448],[0.042512358936309926,36.35363426540628],[0.04082097688055027,36.354701611058566]]],[[[0.052340124431292136,36.37108175879002],[0.04713468721693715,36.368454322129054],[0.052208833384216106,36.36525228517219],[0.052340124431292136,36.37108175879002]]]]},"properties":{"speed":0.5684,"dir_deg":32.3,"type":"قوي"}},{"type":"Feature","geometry":{"type":"MultiPolygon","coordinates":[[[[0.08258215163468284,36.35482803089595],[0.09248354158763741,36.36609579362861],[0.09398590995199213,36.36477560830155],[0.08408451999903756,36.35350784556889],[0.08258215163468284,36.35482803089595]]],[[[0.09653518908746629,36.36919162187597],[0.0909811732232827,36.36741597895567],[0.09548827831634685,36.36345542297449],[0.09653518908746629,36.36919162187597]]]]},"properties":{"speed":0.4903,"dir_deg":41.3,"type":"متوسط"}},{"type":"Feature","geometry":{"type":"MultiPolygon","coordinates":[[[[0.12427334635760372,36.35485494222367],[0.1345784062263404,36.365754746859615],[0.136031713511133,36.364380738877124],[0.1257266536423963,36.353480934241176],[0.12427334635760372,36.35485494222367]]],[[[0.13874007982498227,36.36870101108035],[0.13312509894154784,36.36712875484211],[0.13748502079592556,36.363006730894625],[0.13874007982498227,36.36870101108035]]]]},"properties":{"speed":0.3958,"dir_deg":43.4,"type":"متوسط"}},{"type":"Feature","geometry":{"type":"MultiPolygon","coordinates":[[[[0.1659108773472425,36.35482274736226],[0.17573301429490598,36.36615966165943],[0.17724460286786178,36.36485004339975],[0.1674224659201983,36.35351312910258],[0.1659108773472425,36.35482274736226]]],[[[0.17976285423060503,36.36928382396198],[0.17422142572195018,36.36746927991912],[0.17875619144081759,36.36354042514006],[0.17976285423060503,36.36928382396198]]]]},"properties":{"speed":0.3022,"dir_deg":40.9,"type":"متوسط"}},{"type":"Feature","geometry":{"type":"MultiPolygon","coordinates":[[[[0.20760260547983667,36.35485061243234],[0.2178427184785499,36.36581145572898],[0.21930416425143578,36.36444610732915],[0.20906405125272254,36.35348526403251],[0.20760260547983667,36.35485061243234]]],[[[0.22198681236456394,36.36878239596128],[0.21638127270566407,36.36717680412881],[0.22076561002432163,36.36308075892932],[0.22198681236456394,36.36878239596128]]]]},"properties":{"speed":0.2044,"dir_deg":43.1,"type":"ضعيف"}},{"type":"Feature","geometry":{"type":"MultiPolygon","coordinates":[[[[0.24906174670677309,36.35451388730056],[0.2542509827289146,36.368587686698966],[0.2561274893153684,36.367895788562684],[0.2509382532932269,36.35382198916428],[0.24906174670677309,36.35451388730056]]],[[[0.25691898136285535,36.37293300409696],[0.2523744761424608,36.369279584835255],[0.2580039959018222,36.367203890426396],[0.25691898136285535,36.37293300409696]]]]},"properties":{"speed":0.1915,"dir_deg":20.2,"type":"ضعيف"}},{"type":"Feature","geometry":{"type":"MultiPolygon","coordinates":[[[[0.29067112392758265,36.35426235451394],[0.29208736815034253,36.36919534658859],[0.29407843376029563,36.36900651402555],[0.29266218953753576,36.3540735219509],[0.29067112392758265,36.35426235451394]]],[[[0.2935549823629057,36.374078594331955],[0.2900963025403895,36.36938417915162],[0.2960694993702487,36.36881768146252],[0.2935549823629057,36.374078594331955]]]]},"properties":{"speed":0.2333,"dir_deg":5.4,"type":"ضعيف"}},{"type":"Feature","geometry":{"type":"MultiPolygon","coordinates":[[[[0.33233346813830367,36.354183740957914],[0.33257050902072377,36.36918186789497],[0.33457025927899803,36.36915026244399],[0.3343332183965779,36.35415213550693],[0.33233346813830367,36.354183740957914]]],[[[0.33364939777733427,36.37416544081516],[0.33057075876244957,36.369213473345965],[0.33657000953727223,36.369118656992995],[0.33364939777733427,36.37416544081516]]]]},"properties":{"speed":0.2064,"dir_deg":0.9,"type":"ضعيف"}},{"type":"Feature","geometry":{"type":"MultiPolygon","coordinates":[[[[0.3740041388511482,36.354077050542344],[0.37264082349999383,36.36901496777512],[0.37463254579769745,36.36919674315528],[0.3759958611488518,36.3542588259225],[0.3740041388511482,36.354077050542344]]],[[[0.37318224619846085,36.37408516120946],[0.37064910120229017,36.368833192394966],[0.3766242680954011,36.369378518535434],[0.37318224619846085,36.37408516120946]]]]},"properties":{"speed":0.1298,"dir_deg":354.8,"type":"ضعيف"}},{"type":"Feature","geometry":{"type":"MultiPolygon","coordinates":[[[[0.4157892621406495,36.35368816877728],[0.40859272031351423,36.36684908765593],[0.4103475094973337,36.36780862656621],[0.4175440513244689,36.35464770768756],[0.4157892621406495,36.35368816877728]]],[[[0.4070712676297122,36.37171583007061],[0.4068379311296948,36.36588954874564],[0.4121022986811531,36.368768165476496],[0.4070712676297122,36.37171583007061]]]]},"properties":{"speed":0.0453,"dir_deg":331.3,"type":"ضعيف"}},{"type":"Feature","geometry":{"type":"MultiPolygon","coordinates":[[[[0.45926655596133525,36.35380861377187],[0.4538766890529881,36.33981042336345],[0.4520102636651992,36.34052907228456],[0.45740013057354634,36.354527262692976],[0.45926655596133525,36.35380861377187]]],[[[0.4511468540563113,36.335503684354535],[0.4557431144407771,36.33909177444234],[0.4501438382774102,36.341247721205676],[0.4511468540563113,36.335503684354535]]]]},"properties":{"speed":0.0486,"dir_deg":201.1,"type":"ضعيف"}},{"type":"Feature","geometry":{"type":"MultiPolygon","coordinates":[[[[0.500994556040152,36.354063735147065],[0.4994315097598503,36.339145394544786],[0.49744239767954634,36.3393538007155],[0.499005443959848,36.35427214131778],[0.500994556040152,36.354063735147065]]],[[[0.49791593829293107,36.334276817429384],[0.5014206218401543,36.33893698837408],[0.49545328559924234,36.33956220688621],[0.49791593829293107,36.334276817429384]]]]},"properties":{"speed":0.1006,"dir_deg":186.0,"type":"ضعيف"}},{"type":"Feature","geometry":{"type":"MultiPolygon","coordinates":[[[[0.5426633124421519,36.354085860214916],[0.5414321421795815,36.33913647160586],[0.5394388903650408,36.339300627640874],[0.5406700606276112,36.35425001624993],[0.5426633124421519,36.354085860214916]]],[[[0.5400251261847876,36.33423542008701],[0.5434253939941223,36.33897231557086],[0.5374456385505,36.33946478367588],[0.5400251261847876,36.33423542008701]]]]},"properties":{"speed":0.1947,"dir_deg":184.7,"type":"ضعيف"}},{"type":"Feature","geometry":{"type":"MultiPolygon","coordinates":[[[[0.5843112990591892,36.35395926581501],[0.5811812127979555,36.33928948190395],[0.5792252416098139,36.33970682673878],[0.5823553278710476,36.35437661064984],[0.5843112990591892,36.35395926581501]]],[[[0.5791598651168068,36.33460822635101],[0.583137183986097,36.33887213706912],[0.5772692704216724,36.340124171573606],[0.5791598651168068,36.33460822635101]]]]},"properties":{"speed":0.1856,"dir_deg":192.0,"type":"ضعيف"}},{"type":"Feature","geometry":{"type":"MultiPolygon","coordinates":[[[[0.6259995019931521,36.3541994939876],[0.6264728383208501,36.339206964090316],[0.6244738343345458,36.33914385257996],[0.6240004980068479,36.35413638247724],[0.6259995019931521,36.3541994939876]]],[[[0.6256311151035974,36.33417789836938],[0.6284718423071542,36.33927007560068],[0.6224748303482417,36.339080741069594],[0.6256311151035974,36.33417789836938]]]]},"properties":{"speed":0.1863,"dir_deg":178.2,"type":"ضعيف"}},{"type":"Feature","geometry":{"type":"MultiPolygon","coordinates":[[[[0.6673483189876397,36.35489963297707],[0.6783237401573752,36.3446751461857],[0.676960475251859,36.3432117566964],[0.6659850540821235,36.35343624348777],[0.6673483189876397,36.35489963297707]]],[[[0.6813005814278622,36.34053528917726],[0.6796870050628913,36.346138535674996],[0.6755972103463429,36.3417483672071],[0.6813005814278622,36.34053528917726]]]]},"properties":{"speed":0.1346,"dir_deg":133.0,"type":"ضعيف"}},{"type":"Feature","geometry":{"type":"MultiPolygon","coordinates":[[[[0.7082455667508768,36.35516408105057],[0.7231877090230363,36.35648028176419],[0.7233632024515195,36.3544879961279],[0.70842106017936,36.353171795414276],[0.7082455667508768,36.35516408105057]]],[[[0.7282561698279978,36.355922872517255],[0.7230122155945531,36.358472567400476],[0.7235386958800027,36.35249571049162],[0.7282561698279978,36.355922872517255]]]]},"properties":{"speed":0.1288,"dir_deg":85.0,"type":"ضعيف"}},{"type":"Feature","geometry":{"type":"MultiPolygon","coordinates":[[[[0.7491531351160206,36.3546997463447],[0.7571302568001603,36.36740271960439],[0.7588239865681192,36.366339103379836],[0.7508468648839794,36.353636130120144],[0.7491531351160206,36.3546997463447]]],[[[0.7606361622455198,36.37110523591201],[0.7554365270322015,36.36846633582894],[0.760517716336078,36.36527548715529],[0.7606361622455198,36.37110523591201]]]]},"properties":{"speed":0.2375,"dir_deg":32.1,"type":"ضعيف"}},{"type":"Feature","geometry":{"type":"MultiPolygon","coordinates":[[[[-0.41740436543819637,36.396507180916785],[-0.4072775782000783,36.40757281150134],[-0.405802160788804,36.406222573202925],[-0.41592894802692204,36.39515694261837],[-0.41740436543819637,36.396507180916785]]],[[[-0.4031642737484018,36.410586235880324],[-0.4087529956113526,36.40892304979975],[-0.4043267433775297,36.40487233490451],[-0.4031642737484018,36.410586235880324]]]]},"properties":{"speed":0.1743,"dir_deg":42.5,"type":"ضعيف"}},{"type":"Feature","geometry":{"type":"MultiPolygon","coordinates":[[[[-0.37585616906088753,36.39634875755736],[-0.3681057322141507,36.40919129347068],[-0.36639339409237565,36.40815790189111],[-0.37414383093911247,36.395315365977794],[-0.37585616906088753,36.39634875755736]]],[[[-0.3646660842043509,36.41295544298533],[-0.36981807033592584,36.41022468505024],[-0.3646810559706005,36.40712451031155],[-0.3646660842043509,36.41295544298533]]]]},"properties":{"speed":0.2484,"dir_deg":31.1,"type":"ضعيف"}},{"type":"Feature","geometry":{"type":"MultiPolygon","coordinates":[[[[-0.3342310646527859,36.396272625400094],[-0.3276226101650738,36.40973844618027],[-0.3258271673943836,36.40885731891524],[-0.3324356218820957,36.39539149813506],[-0.3342310646527859,36.396272625400094]]],[[[-0.32452207061715804,36.41378648947448],[-0.32941805293576404,36.410619573445295],[-0.3240317246236934,36.407976191650214],[-0.32452207061715804,36.41378648947448]]]]},"properties":{"speed":0.3163,"dir_deg":26.1,"type":"متوسط"}},{"type":"Feature","geometry":{"type":"MultiPolygon","coordinates":[[[[-0.29257596958874854,36.3962481748887],[-0.28633427277193774,36.409887867731534],[-0.28451564705955906,36.409055641489296],[-0.29075734387636987,36.39541594864646],[-0.29257596958874854,36.3962481748887]]],[[[-0.28334439431014474,36.414018318891365],[-0.28815289848431636,36.41072009397378],[-0.28269702134718044,36.40822341524705],[-0.28334439431014474,36.414018318891365]]]]},"properties":{"speed":0.3664,"dir_deg":24.6,"type":"متوسط"}},{"type":"Feature","geometry":{"type":"MultiPolygon","coordinates":[[[[-0.2509387748044421,36.39617659313994],[-0.24577080421894454,36.410258215206575],[-0.2438932546100604,36.40956915246185],[-0.24906122519555793,36.395487530395215],[-0.2509387748044421,36.39617659313994]]],[[[-0.24310937255266996,36.41460755785642],[-0.24764835382782868,36.41094727795131],[-0.24201570500117625,36.408880089717115],[-0.24310937255266996,36.41460755785642]]]]},"properties":{"speed":0.4116,"dir_deg":20.2,"type":"متوسط"}},{"type":"Feature","geometry":{"type":"MultiPolygon","coordinates":[[[[-0.20929756235609842,36.39609711423951],[-0.2053217752770957,36.41056062408679],[-0.20339330729745805,36.41003051914293],[-0.20736909437646078,36.39556700929565],[-0.20929756235609842,36.39609711423951]]],[[[-0.20303227892760928,36.415116741563956],[-0.20725024325673336,36.41109072903066],[-0.2014648393178204,36.40950041419906],[-0.20303227892760928,36.415116741563956]]]]},"properties":{"speed":0.4593,"dir_deg":15.4,"type":"متوسط"}},{"type":"Feature","geometry":{"type":"MultiPolygon","coordinates":[[[[-0.1676282414543141,36.396106622289366],[-0.16350983362752422,36.410530169598275],[-0.16158669398633682,36.4099810485547],[-0.1657051018131267,36.39555750124579],[-0.1676282414543141,36.396106622289366]]],[[[-0.16117546119800058,36.41506345817945],[-0.16543297326871162,36.411079290641844],[-0.15966355434514942,36.40943192751113],[-0.16117546119800058,36.41506345817945]]]]},"properties":{"speed":0.5014,"dir_deg":15.9,"type":"متوسط"}},{"type":"Feature","geometry":{"type":"MultiPolygon","coordinates":[[[[-0.12594346646738824,36.39616352975233],[-0.12097144669614446,36.41031552676315],[-0.11908451376136797,36.40965259079365],[-0.12405653353261176,36.39550059378283],[-0.12594346646738824,36.39616352975233]]],[[[-0.11837064030500828,36.414701391115344],[-0.12285837963092094,36.41097846273265],[-0.11719758082659149,36.40898965482415],[-0.11837064030500828,36.414701391115344]]]]},"properties":{"speed":0.4916,"dir_deg":19.4,"type":"متوسط"}},{"type":"Feature","geometry":{"type":"MultiPolygon","coordinates":[[[[-0.08428486242351951,36.39613962821051],[-0.07967136577950118,36.4104125273104],[-0.07776831256618255,36.40979739442453],[-0.08238180921020088,36.39552449532464],[-0.08428486242351951,36.39613962821051]]],[[[-0.07718200695816908,36.414862593900764],[-0.0815744189928198,36.41102766019627],[-0.07586525935286394,36.40918226153866],[-0.07718200695816908,36.414862593900764]]]]},"properties":{"speed":0.5283,"dir_deg":17.9,"type":"متوسط"}},{"type":"Feature","geometry":{"type":"MultiPolygon","coordinates":[[[[-0.04262033823518691,36.39613291539954],[-0.038107533755786016,36.41043797030089],[-0.03620019310227239,36.409836263036965],[-0.04071299758167329,36.395531208135615],[-0.04262033823518691,36.39613291539954]]],[[[-0.0356495952692289,36.41490546830271],[-0.040014874409299635,36.41103967756481],[-0.03429285244875877,36.40923455577305],[-0.0356495952692289,36.41490546830271]]]]},"properties":{"speed":0.5835,"dir_deg":17.5,"type":"قوي"}},{"type":"Feature","geometry":{"type":"MultiPolygon","coordinates":[[[[-0.0009261054427054812,36.396209326540635],[0.004732866153180032,36.41010090818122],[0.006585077038590995,36.40934637863511],[0.0009261054427054812,36.39545479699452],[-0.0009261054427054812,36.396209326540635]]],[[[0.007545295461180684,36.414354170621685],[0.0028806552677690697,36.41085543772734],[0.008437287924001956,36.408591849088985],[0.007545295461180684,36.414354170621685]]]]},"properties":{"speed":0.6325,"dir_deg":22.2,"type":"قوي"}},{"type":"Feature","geometry":{"type":"MultiPolygon","coordinates":[[[[0.04079792193066759,36.39632731970656],[0.04822679101534858,36.40935850937299],[0.049964282970873596,36.408367993495034],[0.042535413886192606,36.3953368038286],[0.04079792193066759,36.39632731970656]]],[[[0.05157182668800476,36.41320698132283],[0.04648929905982356,36.41034902525095],[0.051701774926398616,36.407377477617075],[0.05157182668800476,36.41320698132283]]]]},"properties":{"speed":0.6001,"dir_deg":29.7,"type":"قوي"}},{"type":"Feature","geometry":{"type":"MultiPolygon","coordinates":[[[[0.08253692602176489,36.396436819105915],[0.09160828609686707,36.40838296603234],[0.09320110568705768,36.40717345135567],[0.0841297456119555,36.39522730442924],[0.08253692602176489,36.396436819105915]]],[[[0.09542848258366311,36.411760257669485],[0.09001546650667647,36.40959248070902],[0.09479392527724828,36.40596393667899],[0.09542848258366311,36.411760257669485]]]]},"properties":{"speed":0.5171,"dir_deg":37.2,"type":"متوسط"}},{"type":"Feature","geometry":{"type":"MultiPolygon","coordinates":[[[[0.12424396638966512,36.396486594562816],[0.13406195831825726,36.40782709871784],[0.13557402553892703,36.40651803312736],[0.12575603361033488,36.39517752897234],[0.12424396638966512,36.396486594562816]]],[[[0.13809065590478953,36.41095273397428],[0.1325498910975875,36.40913616430832],[0.1370860927595968,36.40520896753688],[0.13809065590478953,36.41095273397428]]]]},"properties":{"speed":0.4354,"dir_deg":40.9,"type":"متوسط"}},{"type":"Feature","geometry":{"type":"MultiPolygon","coordinates":[[[[0.16587018226061404,36.39643671429468],[0.1749399701671168,36.40838405489127],[0.17653294891332952,36.40717474983707],[0.16746316100682676,36.395227409240476],[0.16587018226061404,36.39643671429468]]],[[[0.17875972217572406,36.411761849229705],[0.17334699142090407,36.40959335994547],[0.17812592765954224,36.40596544478287],[0.17875972217572406,36.411761849229705]]]]},"properties":{"speed":0.3788,"dir_deg":37.2,"type":"متوسط"}},{"type":"Feature","geometry":{"type":"MultiPolygon","coordinates":[[[[0.2075095877021486,36.39639902853755],[0.21601408925178867,36.408755138499515],[0.21766157058005065,36.40762120495957],[0.2091570690304106,36.395265094997605],[0.2075095877021486,36.39639902853755]]],[[[0.2196726637657997,36.4123068750502],[0.21436660792352666,36.40988907203947],[0.21930905190831265,36.406487271419614],[0.2196726637657997,36.4123068750502]]]]},"properties":{"speed":0.29,"dir_deg":34.5,"type":"متوسط"}},{"type":"Feature","geometry":{"type":"MultiPolygon","coordinates":[[[[0.24908327659826282,36.39623158423842],[0.255076113660888,36.40998243526448],[0.2569095604643623,36.409183390322795],[0.25091672340173715,36.395432539296735],[0.24908327659826282,36.39623158423842]]],[[[0.2579904494168335,36.41416652980232],[0.25324266685741365,36.41078148020616],[0.25874300726783667,36.408384345381116],[0.2579904494168335,36.41416652980232]]]]},"properties":{"speed":0.2624,"dir_deg":23.5,"type":"ضعيف"}},{"type":"Feature","geometry":{"type":"MultiPolygon","coordinates":[[[[0.29070741289594604,36.39611464142346],[0.2949461077342089,36.41050329897266],[0.2968645954074352,36.409938139660895],[0.29262590056917237,36.3955494821117],[0.29070741289594604,36.39611464142346]]],[[[0.29731824985024297,36.41501693849984],[0.2930276200609825,36.411068458284426],[0.2987830830806616,36.409372980349126],[0.29731824985024297,36.41501693849984]]]]},"properties":{"speed":0.2884,"dir_deg":16.4,"type":"متوسط"}},{"type":"Feature","geometry":{"type":"MultiPolygon","coordinates":[[[[0.33239317483429437,36.39617277178697],[0.33750382512519356,36.41027529828417],[0.3393841619914864,36.40959387824538],[0.3342735117005872,36.395491351748184],[0.33239317483429437,36.39617277178697]]],[[[0.34014754365530636,36.41463543043051],[0.33562348825890065,36.41095671832296],[0.3412644988577793,36.40891245820659],[0.34014754365530636,36.41463543043051]]]]},"properties":{"speed":0.2626,"dir_deg":19.9,"type":"ضعيف"}},{"type":"Feature","geometry":{"type":"MultiPolygon","coordinates":[[[[0.3741510185589872,36.39636048443251],[0.38207735853299474,36.4090952060477],[0.38377532141502035,36.40803836071783],[0.3758489814410128,36.39530363910264],[0.3741510185589872,36.39636048443251]]],[[[0.3855684532986767,36.41281169058784],[0.38037939565096907,36.410152051377565],[0.385473284297046,36.40698151538797],[0.3855684532986767,36.41281169058784]]]]},"properties":{"speed":0.1878,"dir_deg":31.9,"type":"ضعيف"}},{"type":"Feature","geometry":{"type":"MultiPolygon","coordinates":[[[[0.41608585629459566,36.39664610774371],[0.42829654593661826,36.40535811431317],[0.42945814681254535,36.4037300223609],[0.41724745717052275,36.39501801579144],[0.41608585629459566,36.39664610774371]]],[[[0.432947576255256,36.40744807052685],[0.4271349450606911,36.40698620626544],[0.4306197476884725,36.40210193040863],[0.432947576255256,36.40744807052685]]]]},"properties":{"speed":0.1217,"dir_deg":54.5,"type":"ضعيف"}},{"type":"Feature","geometry":{"type":"MultiPolygon","coordinates":[[[[0.4585646992754348,36.39680493092505],[0.47315773663755184,36.39333459080514],[0.4726950246215638,36.391388852490195],[0.4581019872594468,36.394859192610106],[0.4585646992754348,36.39680493092505]]],[[[0.4777907264169302,36.3912049416077],[0.4736204486535398,36.39528032912009],[0.47223231260557585,36.38944311417524],[0.4777907264169302,36.3912049416077]]]]},"properties":{"speed":0.1153,"dir_deg":103.4,"type":"ضعيف"}},{"type":"Feature","geometry":{"type":"MultiPolygon","coordinates":[[[[0.500508027645297,36.39669340253151],[0.5134281391043033,36.38907298785205],[0.5124120838137093,36.38735030632419],[0.499491972354703,36.394970721003645],[0.500508027645297,36.39669340253151]]],[[[0.5172268152786751,36.38567150886164],[0.5144441943948973,36.39079566937992],[0.5113960285231153,36.38562762479632],[0.5172268152786751,36.38567150886164]]]]},"properties":{"speed":0.1667,"dir_deg":120.5,"type":"ضعيف"}},{"type":"Feature","geometry":{"type":"MultiPolygon","coordinates":[[[[0.5424413618790265,36.39646442093069],[0.5519267493257339,36.38484429076852],[0.5503773986374442,36.383579572442294],[0.5408920111907367,36.395199702604465],[0.5424413618790265,36.39646442093069]]],[[[0.5543138697971582,36.38033855488468],[0.5534761000140237,36.386109009094746],[0.5488280479491544,36.38231485411607],[0.5543138697971582,36.38033855488468]]]]},"properties":{"speed":0.2869,"dir_deg":140.8,"type":"متوسط"}},{"type":"Feature","geometry":{"type":"MultiPolygon","coordinates":[[[[0.5840947903339018,36.396480253852],[0.593817671600239,36.385058100820245],[0.5922947178626723,36.38376171665141],[0.582571836596335,36.39518386968316],[0.5840947903339018,36.396480253852]]],[[[0.5962971551535682,36.38060252439191],[0.5953406253378056,36.38635448498909],[0.5907717641251057,36.38246533248256],[0.5962971551535682,36.38060252439191]]]]},"properties":{"speed":0.3059,"dir_deg":139.6,"type":"متوسط"}},{"type":"Feature","geometry":{"type":"MultiPolygon","coordinates":[[[[0.6256840609951605,36.39656148657858],[0.6366254331601355,36.38630057165117],[0.6352573111698145,36.38484172202917],[0.6243159390048395,36.39510263695658],[0.6256840609951605,36.39656148657858]]],[[[0.6395884962199667,36.382150841864366],[0.6379935551504566,36.38775942127317],[0.6338891891794934,36.383382872407175],[0.6395884962199667,36.382150841864366]]]]},"properties":{"speed":0.3064,"dir_deg":133.2,"type":"متوسط"}},{"type":"Feature","geometry":{"type":"MultiPolygon","coordinates":[[[[0.6670342920402321,36.39676204359129],[0.6809840193959222,36.39124796101103],[0.6802488083852212,36.38938799736361],[0.6662990810295311,36.39490207994387],[0.6670342920402321,36.39676204359129]]],[[[0.685266323009135,36.388479951660564],[0.6817192304066234,36.39310792465846],[0.67951359737452,36.38752803371619],[0.685266323009135,36.388479951660564]]]]},"properties":{"speed":0.2902,"dir_deg":111.6,"type":"متوسط"}},{"type":"Feature","geometry":{"type":"MultiPolygon","coordinates":[[[[0.7084690490582759,36.396822806865345],[0.7233302255247872,36.39478677296798],[0.7230587543384722,36.39280528277245],[0.7081975778719609,36.39484131666981],[0.7084690490582759,36.396822806865345]]],[[[0.7281482154204667,36.39311734990443],[0.7236016967111023,36.396768263163516],[0.7227872831521571,36.39082379257692],[0.7281482154204667,36.39311734990443]]]]},"properties":{"speed":0.2958,"dir_deg":97.8,"type":"متوسط"}},{"type":"Feature","geometry":{"type":"MultiPolygon","coordinates":[[[[0.7495509847646659,36.396725585868225],[0.762953846274378,36.40346081439824],[0.7638518767450463,36.40167376619694],[0.7504490152353341,36.39493853766693],[0.7495509847646659,36.396725585868225]]],[[[0.7678704820129495,36.40481236647426],[0.7620558158037098,36.40524786259953],[0.7647499072157145,36.39988671799565],[0.7678704820129495,36.40481236647426]]]]},"properties":{"speed":0.3849,"dir_deg":63.3,"type":"متوسط"}},{"type":"Feature","geometry":{"type":"MultiPolygon","coordinates":[[[[0.7911820076224492,36.39670675391447],[0.8043023898259046,36.40397693760096],[0.8052717476507695,36.40222755330717],[0.792151365447314,36.394957369620684],[0.7911820076224492,36.39670675391447]]],[[[0.8091605294728221,36.40552564001623],[0.8033330320010398,36.405726321894754],[0.8062411054756343,36.400478169013375],[0.8091605294728221,36.40552564001623]]]]},"properties":{"speed":0.4289,"dir_deg":61.0,"type":"متوسط"}},{"type":"Feature","geometry":{"type":"MultiPolygon","coordinates":[[[[0.83299747615737,36.39677398177624],[0.8471262762873516,36.40181154139247],[0.8477979509028485,36.39992770137514],[0.8336691507728669,36.394890141758914],[0.83299747615737,36.39677398177624]]],[[[0.8521717136384273,36.40254880792255],[0.8464546016718548,36.403695381409804],[0.8484696255183453,36.398043861357806],[0.8521717136384273,36.40254880792255]]]]},"properties":{"speed":0.3343,"dir_deg":70.4,"type":"متوسط"}},{"type":"Feature","geometry":{"type":"MultiPolygon","coordinates":[[[[0.8743624924676122,36.39660250589024],[0.8859191543075849,36.40616511887606],[0.8871941693723605,36.40462423063073],[0.8756375075323878,36.39506161764491],[0.8743624924676122,36.39660250589024]]],[[[0.890408882453297,36.40858221241533],[0.8846441392428093,36.40770600712139],[0.8884691844371362,36.4030833423854],[0.890408882453297,36.40858221241533]]]]},"properties":{"speed":0.3467,"dir_deg":50.4,"type":"متوسط"}},{"type":"Feature","geometry":{"type":"MultiPolygon","coordinates":[[[[-0.4174366705757181,36.43813802717916],[-0.4078662628883558,36.44968823482654],[-0.40632623520203803,36.448412180468225],[-0.4158966428894003,36.43686197282084],[-0.4174366705757181,36.43813802717916]]],[[[-0.4039061131494095,36.452900276863176],[-0.40940629057467365,36.45096428918485],[-0.4047862075157202,36.44713612610991],[-0.4039061131494095,36.452900276863176]]]]},"properties":{"speed":0.1345,"dir_deg":39.6,"type":"ضعيف"}},{"type":"Feature","geometry":{"type":"MultiPolygon","coordinates":[[[[-0.3759068570561793,36.43792143834621],[-0.3695852818630019,36.4515242941889],[-0.36777156775064324,36.45068141749648],[-0.3740931429438207,36.43707856165379],[-0.3759068570561793,36.43792143834621]]],[[[-0.3665712330757634,36.45563714112359],[-0.3713989959753605,36.452367170881324],[-0.3659578536382846,36.44983854080406],[-0.3665712330757634,36.45563714112359]]]]},"properties":{"speed":0.2144,"dir_deg":24.9,"type":"ضعيف"}},{"type":"Feature","geometry":{"type":"MultiPolygon","coordinates":[[[[-0.33428067889467855,36.43782024242281],[-0.3294770425525562,36.45203027683137],[-0.3275823712980807,36.451389791985754],[-0.33238600764020304,36.43717975757719],[-0.33428067889467855,36.43782024242281]]],[[[-0.32692849481127767,36.45644671254475],[-0.33137171380703173,36.45267076167699],[-0.3256877000436052,36.450749307140136],[-0.32692849481127767,36.45644671254475]]]]},"properties":{"speed":0.2891,"dir_deg":18.7,"type":"متوسط"}},{"type":"Feature","geometry":{"type":"MultiPolygon","coordinates":[[[[-0.29262393963171607,36.437789152988884],[-0.28828664479842164,36.45214839647624],[-0.2863720790001079,36.45157009049847],[-0.29070937383340234,36.437210847011116],[-0.29262393963171607,36.437789152988884]]],[[[-0.2858835969548333,36.45664565798314],[-0.2902012105967353,36.452726702454015],[-0.28445751320179424,36.450991784520696],[-0.2858835969548333,36.45664565798314]]]]},"properties":{"speed":0.3525,"dir_deg":16.8,"type":"متوسط"}},{"type":"Feature","geometry":{"type":"MultiPolygon","coordinates":[[[[-0.25096792876417756,36.43775122481461],[-0.2471995565449715,36.45227015627727],[-0.24526369901661638,36.45176770664805],[-0.24903207123582244,36.43724877518539],[-0.25096792876417756,36.43775122481461]]],[[[-0.24497550370772525,36.456858575283555],[-0.24913541407332662,36.4527726059065],[-0.24332784148826125,36.45126525701882],[-0.24497550370772525,36.456858575283555]]]]},"properties":{"speed":0.4042,"dir_deg":14.6,"type":"متوسط"}},{"type":"Feature","geometry":{"type":"MultiPolygon","coordinates":[[[[-0.20930891543976524,36.43771961298242],[-0.20601472070345475,36.4523534190847],[-0.20406354655648348,36.45191419311986],[-0.20735774129279397,36.43728038701758],[-0.20930891543976524,36.43771961298242]]],[[[-0.2039410687178656,36.457011741469714],[-0.20796589485042605,36.45279264504954],[-0.2021123724095122,36.45147496715502],[-0.2039410687178656,36.457011741469714]]]]},"properties":{"speed":0.454,"dir_deg":12.7,"type":"متوسط"}},{"type":"Feature","geometry":{"type":"MultiPolygon","coordinates":[[[[-0.16763510969654966,36.437749254324864],[-0.16389629482358659,36.4522758252673],[-0.16195941869792807,36.45177731661757],[-0.16569823357089114,36.437250745675136],[-0.16763510969654966,36.437749254324864]]],[[[-0.16168158513643632,36.45686876125659],[-0.1658331709492451,36.45277433391703],[-0.16002254257226955,36.451278807967846],[-0.16168158513643632,36.45686876125659]]]]},"properties":{"speed":0.4963,"dir_deg":14.4,"type":"متوسط"}},{"type":"Feature","geometry":{"type":"MultiPolygon","coordinates":[[[[-0.12595633043057392,36.43779228771366],[-0.12157201472562934,36.45213724417227],[-0.11965935386448154,36.451552668744945],[-0.1240436695694261,36.43720771228634],[-0.12595633043057392,36.43779228771366]]],[[[-0.11915424572674059,36.45662660861148],[-0.12348467558677716,36.452721819599596],[-0.11774669300333372,36.45096809331762],[-0.11915424572674059,36.45662660861148]]]]},"properties":{"speed":0.5072,"dir_deg":17.0,"type":"متوسط"}},{"type":"Feature","geometry":{"type":"MultiPolygon","coordinates":[[[[-0.08429131887623312,36.43778682478616],[-0.07998894708386514,36.45215657067675],[-0.0780729809651193,36.45158292110443],[-0.08237535275748728,36.43721317521384],[-0.08429131887623312,36.43778682478616]]],[[[-0.0775968400937029,36.45665966118746],[-0.08190491320261098,36.452730220249066],[-0.07615701484637347,36.451009271532115],[-0.0775968400937029,36.45665966118746]]]]},"properties":{"speed":0.539,"dir_deg":16.7,"type":"متوسط"}},{"type":"Feature","geometry":{"type":"MultiPolygon","coordinates":[[[[-0.04262134099938933,36.43779765632766],[-0.038156496084431196,36.45211775269205],[-0.03624714990251274,36.451522440036726],[-0.04071199481747087,36.43720234367234],[-0.04262134099938933,36.43779765632766]]],[[[-0.03571354135515259,36.45659346181918],[-0.04006584226634967,36.452713065347375],[-0.034337803720594265,36.4509271273814],[-0.03571354135515259,36.45659346181918]]]]},"properties":{"speed":0.5902,"dir_deg":17.3,"type":"قوي"}},{"type":"Feature","geometry":{"type":"MultiPolygon","coordinates":[[[[-0.0009287446549227581,36.43787072006413],[0.00463205630710525,36.451801889887975],[0.006489545616950766,36.45106044975971],[0.0009287446549227581,36.43712927993587],[-0.0009287446549227581,36.43787072006413]]],[[[0.0074144012827040105,36.45607489309845],[0.0027745669972597336,36.45254333001625],[0.008347034926796282,36.450319009631436],[0.0074144012827040105,36.45607489309845]]]]},"properties":{"speed":0.6351,"dir_deg":21.8,"type":"قوي"}},{"type":"Feature","geometry":{"type":"MultiPolygon","coordinates":[[[[0.040795486590795814,36.4379909614158],[0.04815990782780576,36.451058681180314],[0.049902270463074334,36.450076758348715],[0.042537849226064385,36.4370090385842],[0.040795486590795814,36.4379909614158]]],[[[0.05148589622444337,36.45492362635269],[0.04641754519253719,36.45204060401191],[0.051644633098342906,36.449094835517116],[0.05148589622444337,36.45492362635269]]]]},"properties":{"speed":0.637,"dir_deg":29.4,"type":"قوي"}},{"type":"Feature","geometry":{"type":"MultiPolygon","coordinates":[[[[0.08253021163027785,36.438095811665654],[0.09146738661505074,36.45014267446439],[0.09307363498821544,36.44895105113308],[0.08413646000344255,36.436904188334346],[0.08253021163027785,36.438095811665654]]],[[[0.09524956912989072,36.453562483731645],[0.08986113824188606,36.45133429779569],[0.09467988336138013,36.44775942780178],[0.09524956912989072,36.453562483731645]]]]},"properties":{"speed":0.567,"dir_deg":36.6,"type":"قوي"}},{"type":"Feature","geometry":{"type":"MultiPolygon","coordinates":[[[[0.1242368928981482,36.438146272041095],[0.13393097351459932,36.44959287856887],[0.1354571877183029,36.44830033448668],[0.1257631071018518,36.436853727958905],[0.1242368928981482,36.438146272041095]]],[[[0.1379254408219348,36.45276214203704],[0.1324047593108957,36.45088542265107],[0.1369834019220065,36.447007790404484],[0.1379254408219348,36.45276214203704]]]]},"properties":{"speed":0.4857,"dir_deg":40.3,"type":"متوسط"}},{"type":"Feature","geometry":{"type":"MultiPolygon","coordinates":[[[[0.16588477516559777,36.43812340830371],[0.17523589972128106,36.44985185532555],[0.17679969265752632,36.44860503871813],[0.16744856810184303,36.43687659169629],[0.16588477516559777,36.43812340830371]]],[[[0.1791348377079648,36.453137929362455],[0.17367210678503578,36.451098671932975],[0.1783634855937716,36.4473582221107],[0.1791348377079648,36.453137929362455]]]]},"properties":{"speed":0.4399,"dir_deg":38.6,"type":"متوسط"}},{"type":"Feature","geometry":{"type":"MultiPolygon","coordinates":[[[[0.20752986269431503,36.438095351084634],[0.21646012896382072,36.4501473361641],[0.21806706030774986,36.44895663399483],[0.20913679403824417,36.436904648915366],[0.20752986269431503,36.438095351084634]]],[[[0.22024035005895384,36.45356931343929],[0.2148531976198916,36.45133803833337],[0.21967399165167897,36.447765931825565],[0.22024035005895384,36.45356931343929]]]]},"properties":{"speed":0.3753,"dir_deg":36.5,"type":"متوسط"}},{"type":"Feature","geometry":{"type":"MultiPolygon","coordinates":[[[[0.2491659174333639,36.43805163962152],[0.2574405117562047,36.45056287812106],[0.25910867688947686,36.44945959887802],[0.2508340825666361,36.43694836037848],[0.2491659174333639,36.43805163962152]]],[[[0.26103279243045435,36.454181651332725],[0.25577234662293247,36.45166615736411],[0.2607768420227491,36.448356319634975],[0.26103279243045435,36.454181651332725]]]]},"properties":{"speed":0.3315,"dir_deg":33.5,"type":"متوسط"}},{"type":"Feature","geometry":{"type":"MultiPolygon","coordinates":[[[[0.2908004734164775,36.43799972638808],[0.298296369237651,36.4509924761293],[0.3000287358698144,36.449993023353144],[0.2925328400486409,36.43700027361192],[0.2908004734164775,36.43799972638808]]],[[[0.3016611844941239,36.45482366632164],[0.2965640026054876,36.45199192890546],[0.3017611025019778,36.44899357057699],[0.3016611844941239,36.45482366632164]]]]},"properties":{"speed":0.3239,"dir_deg":30.0,"type":"متوسط"}},{"type":"Feature","geometry":{"type":"MultiPolygon","coordinates":[[[[0.3325067032490974,36.438062731090376],[0.3409476696047046,36.45046233136553],[0.3426009496413913,36.449336869184776],[0.33415998328578417,36.436937268909624],[0.3325067032490974,36.438062731090376]]],[[[0.344587965074917,36.45403280036687],[0.3392943895680179,36.451587793546274],[0.344254229678078,36.44821140700403],[0.344587965074917,36.45403280036687]]]]},"properties":{"speed":0.3041,"dir_deg":34.2,"type":"متوسط"}},{"type":"Feature","geometry":{"type":"MultiPolygon","coordinates":[[[[0.3743463547734695,36.4382568011085],[0.38569837140103946,36.44806147950646],[0.38700566185410046,36.446547877289454],[0.3756536452265305,36.4367431988915],[0.3743463547734695,36.4382568011085]]],[[[0.39013602217009324,36.45057290453061],[0.38439108094797847,36.44957508172347],[0.38831295230716145,36.445034275072445],[0.39013602217009324,36.45057290453061]]]]},"properties":{"speed":0.2519,"dir_deg":49.2,"type":"ضعيف"}},{"type":"Feature","geometry":{"type":"MultiPolygon","coordinates":[[[[0.4162412177600076,36.43840498711628],[0.4298160245042196,36.444786571704554],[0.43066690244932276,36.442976597472],[0.4170920957051108,36.43659501288372],[0.4162412177600076,36.43840498711628]]],[[[0.43476639905817516,36.446008779451034],[0.42896514655911633,36.44659654593712],[0.431517780394426,36.44116662323943],[0.43476639905817516,36.446008779451034]]]]},"properties":{"speed":0.228,"dir_deg":64.8,"type":"ضعيف"}},{"type":"Feature","geometry":{"type":"MultiPolygon","coordinates":[[[[0.4584155079711379,36.438496618764354],[0.47336478943647703,36.4372641482089],[0.47320046002908284,36.43527091068019],[0.4582511785637437,36.436503381235646],[0.4584155079711379,36.438496618764354]]],[[[0.4782657185545597,36.43585670592606],[0.4735291188438712,36.43925738573761],[0.47303613062168864,36.43327767315147],[0.4782657185545597,36.43585670592606]]]]},"properties":{"speed":0.2382,"dir_deg":94.7,"type":"ضعيف"}},{"type":"Feature","geometry":{"type":"MultiPolygon","coordinates":[[[[0.5002654224437352,36.43846413221415],[0.5147274056559843,36.434482795558125],[0.5141965607685139,36.432554531129824],[0.4997345775562649,36.43653586778585],[0.5002654224437352,36.43846413221415]]],[[[0.5192826442829988,36.4321915511253],[0.5152582505434545,36.436411059986426],[0.5136657158810437,36.43062626670152],[0.5192826442829988,36.4321915511253]]]]},"properties":{"speed":0.2806,"dir_deg":105.4,"type":"متوسط"}},{"type":"Feature","geometry":{"type":"MultiPolygon","coordinates":[[[[0.5422512353643631,36.438311358531074],[0.5544216133305215,36.42954312608885],[0.5532525156715584,36.427920409026704],[0.5410821377054,36.436688641468926],[0.5422512353643631,36.438311358531074]]],[[[0.557893857156426,36.425809023410366],[0.5555907109894845,36.43116584315101],[0.5520834180125954,36.42629769196455],[0.557893857156426,36.425809023410366]]]]},"properties":{"speed":0.3896,"dir_deg":125.8,"type":"متوسط"}},{"type":"Feature","geometry":{"type":"MultiPolygon","coordinates":[[[[0.583917527688817,36.438311599495336],[0.596091520118844,36.42954838613986],[0.5949230916714469,36.427925187149185],[0.5827490992414198,36.436688400504664],[0.583917527688817,36.438311599495336]]],[[[0.5995653033718211,36.42581571552603],[0.5972599485662412,36.43117158513053],[0.5937546632240497,36.426301988158514],[0.5995653033718211,36.42581571552603]]]]},"properties":{"speed":0.4312,"dir_deg":125.7,"type":"متوسط"}},{"type":"Feature","geometry":{"type":"MultiPolygon","coordinates":[[[[0.6255606686063386,36.43832804028517],[0.637981272883906,36.42991801119009],[0.6368599356712288,36.42826193061975],[0.6244393313936614,36.43667195971483],[0.6255606686063386,36.43832804028517]]],[[[0.6415608057034232,36.426286627873225],[0.6391026100965832,36.43157409176043],[0.6357385984585516,36.426605850049405],[0.6415608057034232,36.426286627873225]]]]},"properties":{"speed":0.4527,"dir_deg":124.1,"type":"متوسط"}},{"type":"Feature","geometry":{"type":"MultiPolygon","coordinates":[[[[0.6669610858013547,36.43845568251627],[0.6812963235453727,36.434039693519175],[0.6807075250124265,36.432128328486634],[0.6663722872684085,36.43654431748373],[0.6669610858013547,36.43845568251627]]],[[[0.685780336860239,36.431612014670534],[0.681885122078319,36.43595105855171],[0.6801187264794802,36.4302169634541],[0.685780336860239,36.431612014670534]]]]},"properties":{"speed":0.4184,"dir_deg":107.1,"type":"متوسط"}},{"type":"Feature","geometry":{"type":"MultiPolygon","coordinates":[[[[0.7085719680091338,36.43847110453022],[0.7231385359624878,36.43489128636999],[0.722661226874457,36.432949077309544],[0.708094658921103,36.43652889546978],[0.7085719680091338,36.43847110453022]]],[[[0.7277554040695904,36.432726909119694],[0.7236158450505187,36.436833495430434],[0.7221839177864261,36.4310068682491],[0.7277554040695904,36.432726909119694]]]]},"properties":{"speed":0.4244,"dir_deg":103.8,"type":"متوسط"}},{"type":"Feature","geometry":{"type":"MultiPolygon","coordinates":[[[[0.7497900745067765,36.438477717386206],[0.7644558352999076,36.44162659978456],[0.7648756862863546,36.43967116501215],[0.7502099254932235,36.436522282613794],[0.7497900745067765,36.438477717386206]]],[[[0.7695543477241747,36.44169850986447],[0.7640359843134604,36.44358203455698],[0.7652955372728018,36.43771573023973],[0.7695543477241747,36.44169850986447]]]]},"properties":{"speed":0.4832,"dir_deg":77.9,"type":"متوسط"}},{"type":"Feature","geometry":{"type":"MultiPolygon","coordinates":[[[[0.7913515523808003,36.43844904713525],[0.8055872594095922,36.44317605944647],[0.8062175277177547,36.44127796517597],[0.7919818206889628,36.43655095286475],[0.7913515523808003,36.43844904713525]]],[[[0.8106476292399374,36.44380268308162],[0.8049569911014298,36.44507415371698],[0.806847796025917,36.43937987090546],[0.8106476292399374,36.44380268308162]]]]},"properties":{"speed":0.5539,"dir_deg":71.6,"type":"قوي"}},{"type":"Feature","geometry":{"type":"MultiPolygon","coordinates":[[[[0.833009551981202,36.43844613873271],[0.8472016329718371,36.443302560991455],[0.84784915593967,36.44141028352604],[0.8336570749490348,36.43655386126729],[0.833009551981202,36.43844613873271]]],[[[0.8522560881192986,36.44397522967833],[0.8465541100040043,36.44519483845687],[0.8484966789075029,36.439518006060624],[0.8522560881192986,36.44397522967833]]]]},"properties":{"speed":0.5522,"dir_deg":71.1,"type":"قوي"}},{"type":"Feature","geometry":{"type":"MultiPolygon","coordinates":[[[[0.8745625972769966,36.43839926573264],[0.8880515832666686,36.44496030657769],[0.8889263887126754,36.44316177511241],[0.8754374027230034,36.43660073426736],[0.8745625972769966,36.43839926573264]]],[[[0.892985314652896,36.44624805446007],[0.8871767778206617,36.44675883804298],[0.8898011941586822,36.44136324364712],[0.892985314652896,36.44624805446007]]]]},"properties":{"speed":0.5408,"dir_deg":64.1,"type":"متوسط"}},{"type":"Feature","geometry":{"type":"MultiPolygon","coordinates":[[[[0.9158975096670041,36.438139035950414],[0.9254830489232218,36.44967668896857],[0.9270214026589767,36.448398617067745],[0.9174358634027591,36.436860964049586],[0.9158975096670041,36.438139035950414]]],[[[0.9294474055431717,36.45288353735755],[0.9239446951874668,36.4509547608694],[0.9285597563947317,36.44712054516692],[0.9294474055431717,36.45288353735755]]]]},"properties":{"speed":0.7231,"dir_deg":39.7,"type":"قوي"}},{"type":"Feature","geometry":{"type":"MultiPolygon","coordinates":[[[[-0.41731201795184986,36.47993181577276],[-0.4058538548467518,36.489612234062115],[-0.4045631324081705,36.48808447898144],[-0.41602129551326855,36.478404060692085],[-0.41731201795184986,36.47993181577276]]],[[[-0.4013891059257618,36.492075162618235],[-0.4071445772853331,36.491139989142795],[-0.4032724099695892,36.48655672390076],[-0.4013891059257618,36.492075162618235]]]]},"properties":{"speed":0.0962,"dir_deg":49.8,"type":"ضعيف"}},{"type":"Feature","geometry":{"type":"MultiPolygon","coordinates":[[[[-0.37591162207093154,36.4795789676715],[-0.3697461804847297,36.493253298735475],[-0.3679229363428666,36.49243123985732],[-0.37408837792906846,36.47875690879334],[-0.37591162207093154,36.4795789676715]]],[[[-0.3667794112183976,36.497400379651054],[-0.3715694246265927,36.49407535761364],[-0.3660996922010036,36.491609180979154],[-0.3667794112183976,36.497400379651054]]]]},"properties":{"speed":0.1732,"dir_deg":24.3,"type":"ضعيف"}},{"type":"Feature","geometry":{"type":"MultiPolygon","coordinates":[[[[-0.33430142103503585,36.47941858825913],[-0.33054167063443374,36.49393975477305],[-0.32860551509924363,36.49343845471964],[-0.33236526549984574,36.478917288205714],[-0.33430142103503585,36.47941858825913]]],[[[-0.3283203427333046,36.49852949358432],[-0.3324778261696239,36.49444105482647],[-0.32666935956405346,36.49293715466622],[-0.3283203427333046,36.49852949358432]]]]},"properties":{"speed":0.2627,"dir_deg":14.5,"type":"ضعيف"}},{"type":"Feature","geometry":{"type":"MultiPolygon","coordinates":[[[[-0.2926482948575142,36.479358690930006],[-0.2897870043937834,36.49408326280433],[-0.2878237281438734,36.49370175740916],[-0.2906850186076042,36.47897718553484],[-0.2926482948575142,36.479358690930006]]],[[[-0.28785160278091815,36.49880070073152],[-0.2917502806436934,36.49446476819949],[-0.2858604518939634,36.493320252014],[-0.28785160278091815,36.49880070073152]]]]},"properties":{"speed":0.3448,"dir_deg":11.0,"type":"متوسط"}},{"type":"Feature","geometry":{"type":"MultiPolygon","coordinates":[[[[-0.25098557876011784,36.47933715557079],[-0.24844731868458947,36.494120836972556],[-0.24647616116435372,36.49378240229582],[-0.24901442123988213,36.478998720894054],[-0.25098557876011784,36.47933715557079]]],[[[-0.24661565323262877,36.49887951343478],[-0.25041847620482516,36.49445927164929],[-0.244505003644118,36.493443967619086],[-0.24661565323262877,36.49887951343478]]]]},"properties":{"speed":0.4051,"dir_deg":9.7,"type":"متوسط"}},{"type":"Feature","geometry":{"type":"MultiPolygon","coordinates":[[[[-0.20931556733289408,36.479355572484266],[-0.20650105355527207,36.494089156983485],[-0.2045365756220431,36.493713888479796],[-0.20735108939966512,36.47898030398058],[-0.20931556733289408,36.479355572484266]]],[[[-0.20458064332945025,36.49881271756471],[-0.20846553148850105,36.494464425487166],[-0.20257209768881412,36.493338619976115],[-0.20458064332945025,36.49881271756471]]]]},"properties":{"speed":0.4547,"dir_deg":10.8,"type":"متوسط"}},{"type":"Feature","geometry":{"type":"MultiPolygon","coordinates":[[[[-0.16763779341619114,36.4794065225647],[-0.16405902843194797,36.49397334930176],[-0.16211678486700648,36.4934961806372],[-0.16569554985124965,36.47892935390014],[-0.16763779341619114,36.4794065225647]]],[[[-0.16189498498806282,36.49859037388184],[-0.16600127199688944,36.49445051796633],[-0.16017454130206502,36.493019011972635],[-0.16189498498806282,36.49859037388184]]]]},"properties":{"speed":0.4997,"dir_deg":13.8,"type":"متوسط"}},{"type":"Feature","geometry":{"type":"MultiPolygon","coordinates":[[[[-0.12596367534693836,36.47943501467411],[-0.1219575287216608,36.493890144878186],[-0.12003017802778407,36.49335599199481],[-0.12403632465306164,36.478900861790734],[-0.12596367534693836,36.47943501467411]]],[[[-0.11965847116629656,36.49844144517119],[-0.12388487941553754,36.494424297761554],[-0.11810282733390733,36.49282183911144],[-0.11965847116629656,36.49844144517119]]]]},"properties":{"speed":0.5245,"dir_deg":15.5,"type":"متوسط"}},{"type":"Feature","geometry":{"type":"MultiPolygon","coordinates":[[[[-0.08429863431417886,36.47942908725324],[-0.08038139900190525,36.49390856471302],[-0.07845080200726792,36.493386266671386],[-0.08236803731954154,36.47890678921161],[-0.08429863431417886,36.47942908725324]]],[[[-0.07811035540049538,36.498473908178795],[-0.08231199599654258,36.494430862754655],[-0.07652020501263058,36.49286396862975],[-0.07811035540049538,36.498473908178795]]]]},"properties":{"speed":0.5569,"dir_deg":15.1,"type":"قوي"}},{"type":"Feature","geometry":{"type":"MultiPolygon","coordinates":[[[[-0.042623366893203306,36.47945901734973],[-0.0382571801335545,36.49380950212133],[-0.03634378216400809,36.49322734388671],[-0.04070996892365689,36.47887685911511],[-0.042623366893203306,36.47945901734973]]],[[[-0.0358450855622317,36.49830191792788],[-0.04017057810310091,36.49439166035595],[-0.034430384194461684,36.49264518565209],[-0.0358450855622317,36.49830191792788]]]]},"properties":{"speed":0.6045,"dir_deg":16.9,"type":"قوي"}},{"type":"Feature","geometry":{"type":"MultiPolygon","coordinates":[[[[-0.0009264935513931019,36.47954424887435],[0.004718166077501675,36.49344165214524],[0.006571153180287879,36.49268903086139],[0.0009264935513931019,36.478791627590496],[-0.0009264935513931019,36.47954424887435]]],[[[0.00752621283852637,36.49769780926028],[0.0028651789747154714,36.494194273429095],[0.008424140283074083,36.49193640957754],[0.00752621283852637,36.49769780926028]]]]},"properties":{"speed":0.6359,"dir_deg":22.1,"type":"قوي"}},{"type":"Feature","geometry":{"type":"MultiPolygon","coordinates":[[[[0.04078716390045118,36.47964382971159],[0.04792553608803917,36.492836389831275],[0.04968454410399701,36.49188460687294],[0.04254617191640902,36.47869204675325],[0.04078716390045118,36.47964382971159]]],[[[0.051184497491880754,36.496758018392],[0.04616652807208134,36.49378817278962],[0.05144355211995484,36.49093282391459],[0.051184497491880754,36.496758018392]]]]},"properties":{"speed":0.6557,"dir_deg":28.4,"type":"قوي"}},{"type":"Feature","geometry":{"type":"MultiPolygon","coordinates":[[[[0.08251783613381733,36.479746695752425],[0.09119919893382293,36.491979190998066],[0.09283019829990867,36.49082167595806],[0.08414883549990307,36.47858918071242],[0.08251783613381733,36.479746695752425]]],[[[0.09490848621686766,36.49547793189328],[0.08956819956773719,36.493136706038065],[0.09446119766599441,36.48966416091806],[0.09490848621686766,36.49547793189328]]]]},"properties":{"speed":0.6046,"dir_deg":35.4,"type":"قوي"}},{"type":"Feature","geometry":{"type":"MultiPolygon","coordinates":[[[[0.1242340837898775,36.479810878633295],[0.13387818980293575,36.49129962178513],[0.13541002222318077,36.490013740983386],[0.1257659162101225,36.47852499783155],[0.1242340837898775,36.479810878633295]]],[[[0.13785880801741102,36.49448626243487],[0.13234635738269077,36.49258550258687],[0.13694185464342576,36.48872786018165],[0.13785880801741102,36.49448626243487]]]]},"properties":{"speed":0.5296,"dir_deg":40.0,"type":"متوسط"}},{"type":"Feature","geometry":{"type":"MultiPolygon","coordinates":[[[[0.1659191081659053,36.479832128612955],[0.17588196387385163,36.49104558063018],[0.17737709080948183,36.48971719986911],[0.1674142351015355,36.47850374785189],[0.1659191081659053,36.479832128612955]]],[[[0.1799504792443155,36.494119207588724],[0.17438683693822143,36.49237396139124],[0.17887221774511203,36.48838881910805],[0.1799504792443155,36.494119207588724]]]]},"properties":{"speed":0.4809,"dir_deg":41.6,"type":"متوسط"}},{"type":"Feature","geometry":{"type":"MultiPolygon","coordinates":[[[[0.20759677729750584,36.47984432016823],[0.2177425063346352,36.49089258619984],[0.21921560847218274,36.48953982232822],[0.20906987943505337,36.47849155629661],[0.20759677729750584,36.47984432016823]]],[[[0.2218609670824521,36.4938989596079],[0.21626940419708768,36.49224535007146],[0.22068871060973028,36.4881870584566],[0.2218609670824521,36.4938989596079]]]]},"properties":{"speed":0.4411,"dir_deg":42.6,"type":"متوسط"}},{"type":"Feature","geometry":{"type":"MultiPolygon","coordinates":[[[[0.2492782395598048,36.47986008118512],[0.2596603838502716,36.490686487788054],[0.2611039047306621,36.48930220188265],[0.25072176044019523,36.47847579527972],[0.2492782395598048,36.47986008118512]]],[[[0.26384285905395577,36.493603147036325],[0.2582168629698812,36.49207077369345],[0.2625474256110525,36.487917915977256],[0.26384285905395577,36.493603147036325]]]]},"properties":{"speed":0.4074,"dir_deg":43.8,"type":"متوسط"}},{"type":"Feature","geometry":{"type":"MultiPolygon","coordinates":[[[[0.2909695527078918,36.47988490823095],[0.3017241026858462,36.49034146860096],[0.303118310735181,36.4889075286039],[0.2923637607572266,36.47845096823389],[0.2909695527078918,36.47988490823095]]],[[[0.30600605670316505,36.49311001872577],[0.30032989463651144,36.49177540859802],[0.30451251878451574,36.48747358860684],[0.30600605670316505,36.49311001872577]]]]},"properties":{"speed":0.3758,"dir_deg":45.8,"type":"متوسط"}},{"type":"Feature","geometry":{"type":"MultiPolygon","coordinates":[[[[0.33269751588021595,36.47993976951817],[0.3442749851663914,36.48947718032654],[0.34554663994084106,36.487933517755046],[0.33396917065466564,36.478396106946676],[0.33269751588021595,36.47993976951817]]],[[[0.34876996898234136,36.49188448597692],[0.3430033303919417,36.491020842898024],[0.34681829471529074,36.48638985518356],[0.34876996898234136,36.49188448597692]]]]},"properties":{"speed":0.3501,"dir_deg":50.5,"type":"متوسط"}},{"type":"Feature","geometry":{"type":"MultiPolygon","coordinates":[[[[0.3745577040729047,36.480064807405086],[0.3880107416628637,36.48669924631152],[0.38889533351705435,36.48490550796619],[0.3754422959270953,36.47827106905976],[0.3745577040729047,36.480064807405086]]],[[[0.39293738345327867,36.48801385677433],[0.38712614980867305,36.488492984656844],[0.389779925371245,36.48311176962086],[0.39293738345327867,36.48801385677433]]]]},"properties":{"speed":0.3114,"dir_deg":63.7,"type":"متوسط"}},{"type":"Feature","geometry":{"type":"MultiPolygon","coordinates":[[[[0.41635371152555445,36.48011770941403],[0.4306002792496719,36.4848118875191],[0.43122616966368144,36.48291234515588],[0.41697960193956396,36.47821816705081],[0.41635371152555445,36.48011770941403]]],[[[0.4356620803647158,36.48542684237252],[0.42997438883566236,36.48671142988231],[0.431852060077691,36.48101280279267],[0.4356620803647158,36.48542684237252]]]]},"properties":{"speed":0.3127,"dir_deg":71.8,"type":"متوسط"}},{"type":"Feature","geometry":{"type":"MultiPolygon","coordinates":[[[[0.4584418190574847,36.480162037323545],[0.4733533054243506,36.47853490047289],[0.4731363538442628,36.47654670229064],[0.4582248674773969,36.4781738391413],[0.4584418190574847,36.480162037323545]]],[[[0.47821532508992864,36.47699842243154],[0.4735702570044385,36.480523098655134],[0.4729194022641749,36.474558504108394],[0.47821532508992864,36.47699842243154]]]]},"properties":{"speed":0.3493,"dir_deg":96.2,"type":"متوسط"}},{"type":"Feature","geometry":{"type":"MultiPolygon","coordinates":[[[[0.5003201130945637,36.48011531756864],[0.5145308031378018,36.475313621150185],[0.5138905769486743,36.47341886247775],[0.49967988690543624,36.478220558896204],[0.5003201130945637,36.48011531756864]]],[[[0.5189475867243174,36.47276567634115],[0.5151710293269293,36.47720837982261],[0.5132503507595468,36.47152410380532],[0.5189475867243174,36.47276567634115]]]]},"properties":{"speed":0.4186,"dir_deg":108.7,"type":"متوسط"}},{"type":"Feature","geometry":{"type":"MultiPolygon","coordinates":[[[[0.5421733108788528,36.480030105138596],[0.5551058144714113,36.472430739979025],[0.5540925657834689,36.47070640616668],[0.5411600621909104,36.47830577132625],[0.5421733108788528,36.480030105138596]]],[[[0.558910024658293,36.469035451352994],[0.5561190631593538,36.474155073791366],[0.5530793170955264,36.468982072354336],[0.558910024658293,36.469035451352994]]]]},"properties":{"speed":0.5194,"dir_deg":120.4,"type":"متوسط"}},{"type":"Feature","geometry":{"type":"MultiPolygon","coordinates":[[[[0.5838459289894895,36.480026556496945],[0.5967252029573452,36.47233732363138],[0.595699971908603,36.47062008710233],[0.5828206979407473,36.4783093199679],[0.5838459289894895,36.480026556496945]]],[[[0.6005056787555927,36.468915627745],[0.5977504340060875,36.474054560160425],[0.5946747408598607,36.468902850573286],[0.6005056787555927,36.468915627745]]]]},"properties":{"speed":0.5491,"dir_deg":120.8,"type":"قوي"}},{"type":"Feature","geometry":{"type":"MultiPolygon","coordinates":[[[[0.625505986377438,36.48003047970148],[0.6384441084133287,36.47244068403991],[0.6374321356584526,36.47071560110179],[0.624494013622562,36.47830539676336],[0.625505986377438,36.48003047970148]]],[[[0.6422508293811875,36.46904821068366],[0.6394560811682048,36.474165766978025],[0.6364201629035764,36.46899051816367],[0.6422508293811875,36.46904821068366]]]]},"properties":{"speed":0.5386,"dir_deg":120.4,"type":"متوسط"}},{"type":"Feature","geometry":{"type":"MultiPolygon","coordinates":[[[[0.6669209226045419,36.480135080425114],[0.6814280554949109,36.47632153938021],[0.6809195833555902,36.474387254994824],[0.6664124504652212,36.47820079603973],[0.6669209226045419,36.480135080425114]]],[[[0.6860095303887068,36.47408321683921],[0.6819365276342316,36.478255823765586],[0.6804111112162695,36.472452970609446],[0.6860095303887068,36.47408321683921]]]]},"properties":{"speed":0.4733,"dir_deg":104.7,"type":"متوسط"}},{"type":"Feature","geometry":{"type":"MultiPolygon","coordinates":[[[[0.7086012061319015,36.4801313869955],[0.7230529375781287,36.476112996993756],[0.7225171522445626,36.474186099467595],[0.7080654207983353,36.47820448946934],[0.7086012061319015,36.4801313869955]]],[[[0.7276022887267547,36.47381008489676],[0.7235887229116947,36.478039894519924],[0.7219813669109966,36.47225920194143],[0.7276022887267547,36.47381008489676]]]]},"properties":{"speed":0.4842,"dir_deg":105.5,"type":"متوسط"}},{"type":"Feature","geometry":{"type":"MultiPolygon","coordinates":[[[[0.7498721656106754,36.48015973376019],[0.7647490985272362,36.48207724960006],[0.7650047673058854,36.480093658544526],[0.7501278343893246,36.478176142704655],[0.7498721656106754,36.48015973376019]]],[[[0.7698359105554143,36.48172462601892],[0.7644934297485869,36.4840608406556],[0.7652604360845346,36.478110067488984],[0.7698359105554143,36.48172462601892]]]]},"properties":{"speed":0.4986,"dir_deg":82.7,"type":"متوسط"}},{"type":"Feature","geometry":{"type":"MultiPolygon","coordinates":[[[[0.7915649001075971,36.480162744506636],[0.8064869942208457,36.4816895409159],[0.8066905670754148,36.479699928367474],[0.7917684729621661,36.47817313195821],[0.7915649001075971,36.480162744506636]]],[[[0.8115628120192131,36.481203666778114],[0.8062834213662767,36.48367915346434],[0.8068941399299837,36.47771031581904],[0.8115628120192131,36.481203666778114]]]]},"properties":{"speed":0.5141,"dir_deg":84.2,"type":"متوسط"}},{"type":"Feature","geometry":{"type":"MultiPolygon","coordinates":[[[[0.8328971543239165,36.48006780778049],[0.8463951975449863,36.48661019489852],[0.84726751582739,36.484810455802375],[0.8337694726063203,36.47826806868435],[0.8328971543239165,36.48006780778049]]],[[[0.8513307044265447,36.48789112105646],[0.8455228792625826,36.48840993399466],[0.8481398341097937,36.48301071670623],[0.8513307044265447,36.48789112105646]]]]},"properties":{"speed":0.6385,"dir_deg":64.1,"type":"قوي"}},{"type":"Feature","geometry":{"type":"MultiPolygon","coordinates":[[[[0.8747128862506285,36.48012583472731],[0.8890813336739727,36.48443254096789],[0.8896555611727157,36.48251674797811],[0.8752871137493715,36.47821004173753],[0.8747128862506285,36.48012583472731]]],[[[0.8941579298977922,36.484910213219855],[0.8885071061752295,36.486348333957665],[0.8902297886714589,36.48060095498833],[0.8941579298977922,36.484910213219855]]]]},"properties":{"speed":0.6236,"dir_deg":73.3,"type":"قوي"}},{"type":"Feature","geometry":{"type":"MultiPolygon","coordinates":[[[[0.9160199779647366,36.47993067542524],[0.9274610358569378,36.48963130397741],[0.9287544529972279,36.48810582959178],[0.9173133951050266,36.47840520103961],[0.9160199779647366,36.47993067542524]]],[[[0.9319214303911499,36.492102109635326],[0.9261676187166477,36.491156778363035],[0.9300478701375181,36.48658035520616],[0.9319214303911499,36.492102109635326]]]]},"properties":{"speed":0.9133,"dir_deg":49.7,"type":"قوي"}},{"type":"Feature","geometry":{"type":"MultiPolygon","coordinates":[[[[0.9577896723091942,36.48000725598726],[0.9703794386317565,36.48816187332612],[0.9714667209436049,36.486483237816444],[0.9588769546210426,36.47832862047758],[0.9577896723091942,36.48000725598726]]],[[[0.975119668561868,36.490040761350905],[0.9692921563199082,36.4898405088358],[0.9725540032554532,36.48480460230677],[0.975119668561868,36.490040761350905]]]]},"properties":{"speed":0.823,"dir_deg":57.1,"type":"قوي"}},{"type":"Feature","geometry":{"type":"MultiPolygon","coordinates":[[[[0.9992761700756633,36.47985791666733],[1.0096258465992465,36.49071536553238],[1.0110735064479197,36.48933540866257],[1.0007238299243366,36.478477959797516],[0.9992761700756633,36.47985791666733]]],[[[1.0137995686981107,36.49364453671916],[1.008178186750573,36.49209532240219],[1.0125211662965932,36.48795545179276],[1.0137995686981107,36.49364453671916]]]]},"properties":{"speed":0.8085,"dir_deg":43.6,"type":"قوي"}},{"type":"Feature","geometry":{"type":"MultiPolygon","coordinates":[[[[-0.41675994937146016,36.52182770049901],[-0.40182536839998484,36.52322709008252],[-0.40163878312218293,36.52123581261966],[-0.41657336409365825,36.519836423036146],[-0.41675994937146016,36.52182770049901]]],[[[-0.3967538821039255,36.522697914545596],[-0.4020119536777867,36.525218367545385],[-0.4014521978443811,36.519244535156794],[-0.3967538821039255,36.522697914545596]]]]},"properties":{"speed":0.0784,"dir_deg":84.6,"type":"ضعيف"}},{"type":"Feature","geometry":{"type":"MultiPolygon","coordinates":[[[[-0.3758123202658109,36.52141527338076],[-0.36706414606804827,36.53360007736792],[-0.36543950553642646,36.532433654141556],[-0.3741876797341891,36.520248850154395],[-0.3758123202658109,36.52141527338076]]],[[[-0.3633357677363165,36.537078467083795],[-0.3686887865996701,36.534766500594294],[-0.36381486500480464,36.531267230915184],[-0.3633357677363165,36.537078467083795]]]]},"properties":{"speed":0.1307,"dir_deg":35.7,"type":"ضعيف"}},{"type":"Feature","geometry":{"type":"MultiPolygon","coordinates":[[[[-0.3342821128528875,36.52114803055358],[-0.32954258106277007,36.53537957433528],[-0.32764504189187665,36.53474763676327],[-0.3323845736819941,36.52051609298157],[-0.3342821128528875,36.52114803055358]]],[[[-0.3270139675472842,36.53980745347651],[-0.33144012023366354,36.5360115119073],[-0.3257475027209832,36.534115699191254],[-0.3270139675472842,36.53980745347651]]]]},"properties":{"speed":0.225,"dir_deg":18.4,"type":"ضعيف"}},{"type":"Feature","geometry":{"type":"MultiPolygon","coordinates":[[[[-0.2926485490547987,36.521021501645976],[-0.2898069508788427,36.53574988647957],[-0.2878431662343637,36.53537100672278],[-0.2906847644103197,36.52064262188918],[-0.2926485490547987,36.521021501645976]]],[[[-0.28787785916461783,36.540469908212366],[-0.2917707355233217,36.53612876623637],[-0.28587938158988463,36.53499212696598],[-0.28787785916461783,36.540469908212366]]]]},"properties":{"speed":0.3246,"dir_deg":10.9,"type":"متوسط"}},{"type":"Feature","geometry":{"type":"MultiPolygon","coordinates":[[[[-0.2509880843303534,36.52098597523713],[-0.2486793822870473,36.53580724019243],[-0.24670321362634048,36.535499413253326],[-0.2490119156696466,36.520678148298025],[-0.2509880843303534,36.52098597523713]]],[[[-0.2469217306089252,36.54059374837465],[-0.2506555509477541,36.53611506713154],[-0.2447270449656337,36.53519158631422],[-0.2469217306089252,36.54059374837465]]]]},"properties":{"speed":0.3934,"dir_deg":8.9,"type":"متوسط"}},{"type":"Feature","geometry":{"type":"MultiPolygon","coordinates":[[[[-0.20931327938256838,36.521031300332304],[-0.20632470091165905,36.535730565576635],[-0.2043647988790815,36.535332088447184],[-0.20735337734999082,36.52063282320285],[-0.20931327938256838,36.521031300332304]]],[[[-0.20434855707173383,36.540431082093356],[-0.20828460294423662,36.536129042706094],[-0.20240489684650392,36.534933611317726],[-0.20434855707173383,36.540431082093356]]]]},"properties":{"speed":0.4478,"dir_deg":11.5,"type":"متوسط"}},{"type":"Feature","geometry":{"type":"MultiPolygon","coordinates":[[[[-0.1676297016944247,36.52110145572107],[-0.1635887923919947,36.53554690663164],[-0.16166273227058608,36.53500811872465],[-0.1657036415730161,36.52056266781408],[-0.1676297016944247,36.52110145572107]]],[[[-0.1612787925638137,36.540092662981664],[-0.16551485251340334,36.53608569453863],[-0.15973667214917744,36.53446933081766],[-0.1612787925638137,36.540092662981664]]]]},"properties":{"speed":0.5018,"dir_deg":15.6,"type":"متوسط"}},{"type":"Feature","geometry":{"type":"MultiPolygon","coordinates":[[[[-0.1259560262878735,36.52112534275383],[-0.121556811494148,36.53546573707193],[-0.119644758918401,36.534879175099434],[-0.1240439737121265,36.52053878078133],[-0.1259560262878735,36.52112534275383]]],[[[-0.11913438027503268,36.53995258752505],[-0.123468864069895,36.53605229904443],[-0.117732706342654,36.53429261312694],[-0.11913438027503268,36.53995258752505]]]]},"properties":{"speed":0.5403,"dir_deg":17.1,"type":"متوسط"}},{"type":"Feature","geometry":{"type":"MultiPolygon","coordinates":[[[[-0.08429180656202417,36.52111725263465],[-0.08001394355585116,36.535494313812116],[-0.07809700206552321,36.534923932077966],[-0.08237486507169622,36.5205468709005],[-0.08429180656202417,36.52111725263465]]],[[[-0.07762951847529619,36.54000147667086],[-0.08193088504617911,36.53606469554627],[-0.07618006057519526,36.53435355034381],[-0.07762951847529619,36.54000147667086]]]]},"properties":{"speed":0.5765,"dir_deg":16.6,"type":"قوي"}},{"type":"Feature","geometry":{"type":"MultiPolygon","coordinates":[[[[-0.04261657018979739,36.5211446088134],[-0.0379283645024398,36.53539314303391],[-0.03602855993970521,36.53476804894226],[-0.040716765627062806,36.520519514721755],[-0.04261657018979739,36.5211446088134]]],[[[-0.035415726991953306,36.53983010739493],[-0.03982816906517439,36.53601823712555],[-0.03412875537697062,36.534142954850616],[-0.035415726991953306,36.53983010739493]]]]},"properties":{"speed":0.6204,"dir_deg":18.2,"type":"قوي"}},{"type":"Feature","geometry":{"type":"MultiPolygon","coordinates":[[[[-0.0009162529592559604,36.52123266196061],[0.00509274993617574,36.53497645634945],[0.006925255854687661,36.53417525596338],[0.0009162529592559604,36.520431461574546],[-0.0009162529592559604,36.52123266196061]]],[[[0.0080120038605756,36.539157120952694],[0.0032602440176638194,36.535777656735505],[0.008757761773199582,36.533374055577326],[0.0080120038605756,36.539157120952694]]]]},"properties":{"speed":0.6434,"dir_deg":23.6,"type":"قوي"}},{"type":"Feature","geometry":{"type":"MultiPolygon","coordinates":[[[[0.040795530969724735,36.52132310192278],[0.04816113329778893,36.53439015600336],[0.04990340717519966,36.533408075692954],[0.042537804847135464,36.520341021612374],[0.040795530969724735,36.52132310192278]]],[[[0.05148747101251569,36.53825480054169],[0.0464188594203782,36.53537223631377],[0.05164568105261039,36.532425995382546],[0.05148747101251569,36.53825480054169]]]]},"properties":{"speed":0.6645,"dir_deg":29.4,"type":"قوي"}},{"type":"Feature","geometry":{"type":"MultiPolygon","coordinates":[[[[0.08251792861433144,36.52141094957542],[0.09120124573191103,36.53364205761335],[0.09283206013696856,36.53248428199767],[0.08414874301938896,36.52025317395974],[0.08251792861433144,36.52141094957542]]],[[[0.09491109197363298,36.537140205818154],[0.08957043132685352,36.53479983322902],[0.09446287454202607,36.531326506381994],[0.09491109197363298,36.537140205818154]]]]},"properties":{"speed":0.6262,"dir_deg":35.4,"type":"قوي"}},{"type":"Feature","geometry":{"type":"MultiPolygon","coordinates":[[[[0.12424567714192003,36.52148856540487],[0.13409323170130513,36.532803408276074],[0.13560187741746507,36.531490401001484],[0.12575432285807997,36.52017555813028],[0.12424567714192003,36.52148856540487]]],[[[0.1381300727458468,36.53591851892918],[0.1325845859851452,36.534116415550656],[0.137110523133625,36.5301773937269],[0.1381300727458468,36.53591851892918]]]]},"properties":{"speed":0.5643,"dir_deg":41.0,"type":"قوي"}},{"type":"Feature","geometry":{"type":"MultiPolygon","coordinates":[[[[0.16596686756767717,36.521546396611434],[0.17668189022554429,36.532043457602086],[0.17808149835763074,36.530614787914374],[0.16736647569976362,36.52011772692372],[0.16596686756767717,36.521546396611434]]],[[[0.18095336851087654,36.53482814308844],[0.1752822820934578,36.533472127289805],[0.1794811064897172,36.529186118226654],[0.18095336851087654,36.53482814308844]]]]},"properties":{"speed":0.5134,"dir_deg":45.6,"type":"متوسط"}},{"type":"Feature","geometry":{"type":"MultiPolygon","coordinates":[[[[0.207678969554843,36.521588245968616],[0.21902173257037114,36.53140362814017],[0.22033045019324435,36.52989125973809],[0.2089876871777162,36.52007587756654],[0.207678969554843,36.521588245968616]]],[[[0.22345701238698382,36.53391923799631],[0.2177130149474979,36.532915996542236],[0.2216391678161176,36.528378891336025],[0.22345701238698382,36.53391923799631]]]]},"properties":{"speed":0.4814,"dir_deg":49.1,"type":"متوسط"}},{"type":"Feature","geometry":{"type":"MultiPolygon","coordinates":[[[[0.2493910858002681,36.521625297859394],[0.26128962717755827,36.53075901085537],[0.2625074555770221,36.52917253867174],[0.2506089141997319,36.52003882567576],[0.2493910858002681,36.521625297859394]]],[[[0.2658647218363869,36.533010345762214],[0.2600717987780944,36.53234548303901],[0.263725283976486,36.5275860664881],[0.2658647218363869,36.533010345762214]]]]},"properties":{"speed":0.4656,"dir_deg":52.5,"type":"متوسط"}},{"type":"Feature","geometry":{"type":"MultiPolygon","coordinates":[[[[0.2911337328235929,36.5216782249358],[0.3038261803468925,36.52967208357029],[0.30489202816482514,36.52797975723385],[0.2921995806415255,36.51998589859936],[0.2911337328235929,36.5216782249358]]],[[[0.3085899200969587,36.5314905399469],[0.3027603325289599,36.53136440990673],[0.30595787598275775,36.52628743089741],[0.3085899200969587,36.5314905399469]]]]},"properties":{"speed":0.4346,"dir_deg":57.8,"type":"متوسط"}},{"type":"Feature","geometry":{"type":"MultiPolygon","coordinates":[[[[0.3328746943785633,36.52172067934378],[0.3462039580215625,36.528600412676944],[0.34712125579931746,36.52682317752454],[0.3337919921563183,36.51994344419138],[0.3328746943785633,36.52172067934378]]],[[[0.3511056947914397,36.53000503954513],[0.3452866602438076,36.53037764782934],[0.34803855357707236,36.525045942372145],[0.3511056947914397,36.53000503954513]]]]},"properties":{"speed":0.4107,"dir_deg":62.7,"type":"متوسط"}},{"type":"Feature","geometry":{"type":"MultiPolygon","coordinates":[[[[0.3747032656669468,36.52178702183773],[0.38902766671924843,36.52623803683353],[0.38962113538535487,36.524328116693226],[0.3752967343330532,36.519877101697425],[0.3747032656669468,36.52178702183773]]],[[[0.3940992014030688,36.52676674842864],[0.388434198053142,36.52814795697384],[0.3902146040514613,36.52241819655292],[0.3940992014030688,36.52676674842864]]]]},"properties":{"speed":0.3847,"dir_deg":72.7,"type":"متوسط"}},{"type":"Feature","geometry":{"type":"MultiPolygon","coordinates":[[[[0.4165130053098609,36.521820186881264],[0.43133488201519515,36.52412495822174],[0.43164218486059175,36.52214870799437],[0.4168203081552575,36.51984393665389],[0.4165130053098609,36.521820186881264]]],[[[0.43642915900633816,36.52390509022155],[0.4310275791697986,36.52610120844912],[0.4319494877059883,36.52017245776699],[0.43642915900633816,36.52390509022155]]]]},"properties":{"speed":0.4085,"dir_deg":81.2,"type":"متوسط"}},{"type":"Feature","geometry":{"type":"MultiPolygon","coordinates":[[[[0.45849612083702274,36.52181872455842],[0.47329606269972013,36.519377061014694],[0.47297050756055625,36.51740373543301],[0.45817056569785886,36.519845398976734],[0.45849612083702274,36.52181872455842]]],[[[0.47806659908437066,36.51757651037594],[0.47362161783888407,36.52135038659639],[0.4726449524213923,36.51543040985131],[0.47806659908437066,36.51757651037594]]]]},"properties":{"speed":0.4753,"dir_deg":99.4,"type":"متوسط"}},{"type":"Feature","geometry":{"type":"MultiPolygon","coordinates":[[[[0.5003763031445386,36.52175855836413],[0.5142737520927207,36.516114011196045],[0.5135211458036435,36.51426101800295],[0.4996236968554614,36.51990556517103],[0.5003763031445386,36.52175855836413]]],[[[0.5185299319309095,36.5133059988768],[0.515026358381798,36.517967004389135],[0.5127685395145662,36.51240802480986],[0.5185299319309095,36.5133059988768]]]]},"properties":{"speed":0.5427,"dir_deg":112.1,"type":"متوسط"}},{"type":"Feature","geometry":{"type":"MultiPolygon","coordinates":[[[[0.542140090492731,36.521712907209576],[0.5553527721227337,36.514611847841834],[0.5544059642070348,36.51285015695784],[0.5411932825770321,36.51995121632558],[0.542140090492731,36.521712907209576]]],[[[0.5592835953748851,36.51136398261059],[0.5562995800384326,36.51637353872584],[0.5534591562913359,36.511088466073836],[0.5592835953748851,36.51136398261059]]]]},"properties":{"speed":0.5854,"dir_deg":118.3,"type":"قوي"}},{"type":"Feature","geometry":{"type":"MultiPolygon","coordinates":[[[[0.5838141786612216,36.521708856306326],[0.5969660967424264,36.51449587836478],[0.5960043663502199,36.51274228928728],[0.5828524482690152,36.51995526722883],[0.5838141786612216,36.521708856306326]]],[[[0.6008692042400581,36.511214757845515],[0.597927827134633,36.51624946744227],[0.5950426359580133,36.510988700209786],[0.6008692042400581,36.511214757845515]]]]},"properties":{"speed":0.5818,"dir_deg":118.7,"type":"قوي"}},{"type":"Feature","geometry":{"type":"MultiPolygon","coordinates":[[[[0.625466201692385,36.52171674023008],[0.6387363786299357,36.51472371484431],[0.6378039752451657,36.5129543579193],[0.624533798307615,36.51994738330507],[0.625466201692385,36.52171674023008]]],[[[0.6426935692500677,36.51150802791988],[0.6396687820147058,36.51649307176931],[0.6368715718603957,36.511185000994296],[0.6426935692500677,36.51150802791988]]]]},"properties":{"speed":0.5602,"dir_deg":117.8,"type":"قوي"}},{"type":"Feature","geometry":{"type":"MultiPolygon","coordinates":[[[[0.6669478701691786,36.52179171574887],[0.6813426798885115,36.51757396123441],[0.6807803126199176,36.51565465327183],[0.6663855029005846,36.51987240778629],[0.6669478701691786,36.52179171574887]]],[[[0.6858597661606589,36.51520838908164],[0.6819050471571053,36.519493269196985],[0.6802179453513237,36.51373534530926],[0.6858597661606589,36.51520838908164]]]]},"properties":{"speed":0.5208,"dir_deg":106.3,"type":"متوسط"}},{"type":"Feature","geometry":{"type":"MultiPolygon","coordinates":[[[[0.7086526692268431,36.52177969666428],[0.722867192677419,36.51698936023841],[0.7222284811539695,36.515094090445004],[0.7080139577033937,36.519884426870874],[0.7086526692268431,36.52177969666428]]],[[[0.7272860113992194,36.51444494653308],[0.7235059042008685,36.51888463003182],[0.72158976963052,36.513198820651596],[0.7272860113992194,36.51444494653308]]]]},"properties":{"speed":0.5482,"dir_deg":108.6,"type":"متوسط"}},{"type":"Feature","geometry":{"type":"MultiPolygon","coordinates":[[[[0.7499394378312544,36.52183022619477],[0.7649119042391742,36.522738658725956],[0.7650330285766654,36.52074232987157],[0.7500605621687456,36.51983389734038],[0.7499394378312544,36.52183022619477]]],[[[0.7699632885438931,36.52204330514249],[0.764790779901683,36.524734987580345],[0.7651541529141567,36.51874600101718],[0.7699632885438931,36.52204330514249]]]]},"properties":{"speed":0.5552,"dir_deg":86.5,"type":"قوي"}},{"type":"Feature","geometry":{"type":"MultiPolygon","coordinates":[[[[0.7917595954072701,36.52182773638382],[0.8066947146509215,36.520434103297994],[0.8065088969061444,36.51844275406551],[0.791573777662493,36.51983638715134],[0.7917595954072701,36.52182773638382]]],[[[0.81158017885975,36.518973884319806],[0.8068805323956986,36.522425452530484],[0.8063230791613673,36.51645140483302],[0.81158017885975,36.518973884319806]]]]},"properties":{"speed":0.5647,"dir_deg":95.3,"type":"قوي"}},{"type":"Feature","geometry":{"type":"MultiPolygon","coordinates":[[[[0.8329625379159175,36.52176078427302],[0.8468933754975496,36.52732241751104],[0.8476349265959515,36.52546497250015],[0.8337040890143194,36.519903339262136],[0.8329625379159175,36.52176078427302]]],[[[0.8519077635739614,36.528247572751596],[0.8461518243991477,36.52917986252192],[0.8483764776943534,36.52360752748927],[0.8519077635739614,36.528247572751596]]]]},"properties":{"speed":0.7096,"dir_deg":68.2,"type":"قوي"}},{"type":"Feature","geometry":{"type":"MultiPolygon","coordinates":[[[[0.8748598255631829,36.52182218859141],[0.8897117279205975,36.523924805143665],[0.8899920767942318,36.521944551496006],[0.8751401744368171,36.51984193494375],[0.8748598255631829,36.52182218859141]]],[[[0.8948025364765528,36.52363555050392],[0.8894313790469633,36.52590505879132],[0.8902724256678659,36.519964297848354],[0.8948025364765528,36.52363555050392]]]]},"properties":{"speed":0.6838,"dir_deg":81.9,"type":"قوي"}},{"type":"Feature","geometry":{"type":"MultiPolygon","coordinates":[[[[0.9161005534936919,36.52165637565177],[0.9284652617565867,36.53014837126962],[0.9295975278389661,36.52849974350123],[0.9172328195760713,36.52000774788338],[0.9161005534936919,36.52165637565177]]],[[[0.9331529642187414,36.53215472259137],[0.9273329956742073,36.531796999038],[0.9307297939213455,36.526851115732846],[0.9331529642187414,36.53215472259137]]]]},"properties":{"speed":0.9209,"dir_deg":55.5,"type":"قوي"}},{"type":"Feature","geometry":{"type":"MultiPolygon","coordinates":[[[[0.9579578650137545,36.52175890504471],[0.9718605141707639,36.52739063181517],[0.9726114110734918,36.5255369452609],[0.9587087619164824,36.51990521849044],[0.9579578650137545,36.52175890504471]]],[[[0.9768701790077976,36.528341030794856],[0.971109617268036,36.52924431836944],[0.9733623079762197,36.52368325870663],[0.9768701790077976,36.528341030794856]]]]},"properties":{"speed":0.9996,"dir_deg":67.9,"type":"قوي"}},{"type":"Feature","geometry":{"type":"MultiPolygon","coordinates":[[[[0.9995001301908356,36.52169816232403],[1.0124916385376115,36.529196209461496],[1.01349137815594,36.527464008348595],[1.0004998698091643,36.51996596121113],[0.9995001301908356,36.52169816232403]]],[[[1.0173220111290342,36.530829457950865],[1.0114918989192827,36.5309284105744],[1.0144911177742688,36.525731807235694],[1.0173220111290342,36.530829457950865]]]]},"properties":{"speed":1.1316,"dir_deg":60.0,"type":"قوي"}},{"type":"Feature","geometry":{"type":"MultiPolygon","coordinates":[[[[-0.41611086815120807,36.563331323675136],[-0.4036410130241855,36.55499449495487],[-0.40475259018688775,36.553331847604596],[-0.41722244531391034,36.561668676324864],[-0.41611086815120807,36.563331323675136]]],[[[-0.4000401832298624,36.551384228372974],[-0.4025294358614832,36.556657142305134],[-0.40586416734959,36.55166920025433],[-0.4000401832298624,36.551384228372974]]]]},"properties":{"speed":0.0962,"dir_deg":123.8,"type":"ضعيف"}},{"type":"Feature","geometry":{"type":"MultiPolygon","coordinates":[[[[-0.37550016849514,36.56336592810121],[-0.3625112469769535,36.57086845552831],[-0.3615109099866735,36.56913659932589],[-0.37449983150486,36.56163407189879],[-0.37550016849514,36.56336592810121]]],[[[-0.35768143797575136,36.5725033699028],[-0.3635115839672336,36.57260031173074],[-0.36051057299639344,36.56740474312346],[-0.35768143797575136,36.5725033699028]]]]},"properties":{"speed":0.0936,"dir_deg":60.0,"type":"ضعيف"}},{"type":"Feature","geometry":{"type":"MultiPolygon","coordinates":[[[[-0.3342286870683465,36.562945375659616],[-0.3275480521740839,36.576375532673204],[-0.32575736457227245,36.57548478135397],[-0.3324379994665351,36.562054624340384],[-0.3342286870683465,36.562945375659616]]],[[[-0.3244258300750906,36.58040687601812],[-0.3293387397758953,36.57726628399244],[-0.32396667697046105,36.57459403003474],[-0.3244258300750906,36.58040687601812]]]]},"properties":{"speed":0.1759,"dir_deg":26.4,"type":"ضعيف"}},{"type":"Feature","geometry":{"type":"MultiPolygon","coordinates":[[[[-0.29263376348965625,36.5627543708324],[-0.2888182010036164,36.57726097218886],[-0.2868839874894223,36.57675223052406],[-0.29069954997546216,36.5622456291676],[-0.29263376348965625,36.5627543708324]]],[[[-0.2865792400845061,36.58184213514194],[-0.2907524145178105,36.57776971385367],[-0.2849497739752282,36.57624348885925],[-0.2865792400845061,36.58184213514194]]]]},"properties":{"speed":0.2769,"dir_deg":14.7,"type":"متوسط"}},{"type":"Feature","geometry":{"type":"MultiPolygon","coordinates":[[[[-0.2509801619629588,36.56269819819971],[-0.24800718896729168,36.577400627644096],[-0.24604686504137407,36.57700423124467],[-0.2490198380370412,36.56230180180029],[-0.2509801619629588,36.56269819819971]]],[[[-0.24603603600577717,36.582103239259176],[-0.2499675128932093,36.57779702404352],[-0.24408654111545647,36.57660783484525],[-0.24603603600577717,36.582103239259176]]]]},"properties":{"speed":0.3514,"dir_deg":11.4,"type":"متوسط"}},{"type":"Feature","geometry":{"type":"MultiPolygon","coordinates":[[[[-0.20930492724462066,36.56273663393587],[-0.205755418206537,36.57731061711099],[-0.2038122204498549,36.57683734923925],[-0.20736172948793855,36.56226336606413],[-0.20930492724462066,36.56273663393587]]],[[[-0.20360064964883473,36.581931977566825],[-0.20769861596321915,36.577783884982736],[-0.20186902269317275,36.5763640813675],[-0.20360064964883473,36.581931977566825]]]]},"properties":{"speed":0.4193,"dir_deg":13.7,"type":"متوسط"}},{"type":"Feature","geometry":{"type":"MultiPolygon","coordinates":[[[[-0.16761295425826062,36.56282334067868],[-0.16276284407796757,36.577017580046785],[-0.16087027882888713,36.57637089868942],[-0.16572038900918018,36.56217665932132],[-0.16761295425826062,36.56282334067868]]],[[[-0.16019985805999631,36.58142565249081],[-0.16465540932704803,36.57766426140416],[-0.15897771357980667,36.575724217332045],[-0.16019985805999631,36.58142565249081]]]]},"properties":{"speed":0.4895,"dir_deg":18.9,"type":"متوسط"}},{"type":"Feature","geometry":{"type":"MultiPolygon","coordinates":[[[[-0.12593202991418856,36.5628623813448],[-0.12049630974221694,36.57684283005763],[-0.11863224991383985,36.57611806736803],[-0.12406797008581145,36.5621376186552],[-0.12593202991418856,36.5628623813448]]],[[[-0.11775237310403786,36.581140598283774],[-0.12236036957059404,36.57756759274722],[-0.11676819008546274,36.575393304678435],[-0.11775237310403786,36.581140598283774]]]]},"properties":{"speed":0.5411,"dir_deg":21.2,"type":"متوسط"}},{"type":"Feature","geometry":{"type":"MultiPolygon","coordinates":[[[[-0.08426479741229362,36.56286383965731],[-0.07880720255261954,36.57683576358881],[-0.0769442793617527,36.57610808427419],[-0.08240187422142678,36.56213616034269],[-0.08426479741229362,36.56286383965731]]],[[[-0.0760565426706281,36.58112923190867],[-0.08067012574348638,36.57756344290343],[-0.07508135617088586,36.57538040495957],[-0.0760565426706281,36.58112923190867]]]]},"properties":{"speed":0.5885,"dir_deg":21.3,"type":"قوي"}},{"type":"Feature","geometry":{"type":"MultiPolygon","coordinates":[[[[-0.04258909142520368,36.56288617982301],[-0.03679639407999494,36.576722532574614],[-0.034951547046447776,36.57595017292859],[-0.04074424439165652,36.56211382017699],[-0.04258909142520368,36.56288617982301]]],[[[-0.03394307144815178,36.58094847033547],[-0.0386412411135421,36.57749489222064],[-0.033106700012900614,36.575177813282565],[-0.03394307144815178,36.58094847033547]]]]},"properties":{"speed":0.6351,"dir_deg":22.7,"type":"قوي"}},{"type":"Feature","geometry":{"type":"MultiPolygon","coordinates":[[[[-0.0008932109716726836,36.56294963780989],[0.005851356176691739,36.57634780238499],[0.007637778120037106,36.5754485267652],[0.0008932109716726836,36.56205036219011],[-0.0008932109716726836,36.56294963780989]]],[[[0.008992756197819229,36.580364219433456],[0.004064934233346371,36.57724707800477],[0.009424200063382474,36.57454925114542],[0.008992756197819229,36.580364219433456]]]]},"properties":{"speed":0.6657,"dir_deg":26.7,"type":"قوي"}},{"type":"Feature","geometry":{"type":"MultiPolygon","coordinates":[[[[0.0408154168802083,36.56302475869402],[0.04868679729053341,36.575793524117344],[0.050389299346977,36.574744006729304],[0.0425179189366519,36.56197524130598],[0.0408154168802083,36.56302475869402]]],[[[0.05216184178886357,36.57952502056444],[0.04698429523408981,36.57684304150539],[0.052091801403420596,36.57369448934126],[0.05216184178886357,36.57952502056444]]]]},"properties":{"speed":0.676,"dir_deg":31.7,"type":"قوي"}},{"type":"Feature","geometry":{"type":"MultiPolygon","coordinates":[[[[0.08253559682321054,36.5631030029005],[0.09158064033070326,36.57506908780524],[0.09317611831800257,36.573863082004245],[0.08413107481050985,36.5618969970995],[0.08253559682321054,36.5631030029005]]],[[[0.0953933938268505,36.57845477987299],[0.08998516234340394,36.57627509360624],[0.0947715963053019,36.57265707620324],[0.0953933938268505,36.57845477987299]]]]},"properties":{"speed":0.6355,"dir_deg":37.1,"type":"قوي"}},{"type":"Feature","geometry":{"type":"MultiPolygon","coordinates":[[[[0.12427800650567086,36.563191899844014],[0.13465650416587885,36.574021802258954],[0.13610049115453712,36.572638002570926],[0.12572199349432914,36.561808100155986],[0.12427800650567086,36.563191899844014]]],[[[0.1388379968802773,36.57693986988658],[0.1332125171772206,36.57540560194698],[0.13754447814319537,36.5712542028829],[0.1388379968802773,36.57693986988658]]]]},"properties":{"speed":0.5931,"dir_deg":43.8,"type":"قوي"}},{"type":"Feature","geometry":{"type":"MultiPolygon","coordinates":[[[[0.16602990742597232,36.563271058586444],[0.1775957862226512,36.57282252170267],[0.17886931463814737,36.57128040452978],[0.16730343584146848,36.561728941413556],[0.16602990742597232,36.563271058586444]]],[[[0.1820878433626256,36.575235284154964],[0.17632225780715505,36.57436463887556],[0.18014284305364353,36.56973828735689],[0.1820878433626256,36.575235284154964]]]]},"properties":{"speed":0.562,"dir_deg":50.4,"type":"قوي"}},{"type":"Feature","geometry":{"type":"MultiPolygon","coordinates":[[[[0.20777929952941118,36.563332497476225],[0.2202667616727613,36.57164293002925],[0.22137481934649814,36.5699779350768],[0.20888735720314802,36.561667502523775],[0.20777929952941118,36.563332497476225]]],[[[0.2249832778907464,36.57358057673737],[0.21915870399902448,36.57330792498169],[0.22248287702023495,36.56831294012436],[0.2249832778907464,36.57358057673737]]]]},"properties":{"speed":0.5303,"dir_deg":56.4,"type":"متوسط"}},{"type":"Feature","geometry":{"type":"MultiPolygon","coordinates":[[[[0.2495207809049061,36.56337769531097],[0.26268621056944447,36.570565981737374],[0.2636446487596323,36.56881059111544],[0.2504792190950939,36.56162230468903],[0.2495207809049061,36.56337769531097]]],[[[0.2675539062193845,36.57208438190188],[0.2617277723792566,36.57232137235931],[0.26460308694982015,36.5670552004935],[0.2675539062193845,36.57208438190188]]]]},"properties":{"speed":0.5094,"dir_deg":61.4,"type":"متوسط"}},{"type":"Feature","geometry":{"type":"MultiPolygon","coordinates":[[[[0.29128510018806125,36.56342434549999],[0.3051502826879034,36.56914769366746],[0.3059133957768993,36.56729900266748],[0.29204821327705716,36.56157565450001],[0.29128510018806125,36.56342434549999]]],[[[0.3101535667323488,36.57013113088996],[0.30438716959890755,36.57099638466744],[0.30667650886589515,36.565450311667504],[0.3101535667323488,36.57013113088996]]]]},"properties":{"speed":0.4815,"dir_deg":67.6,"type":"متوسط"}},{"type":"Feature","geometry":{"type":"MultiPolygon","coordinates":[[[[0.33302527347358113,36.56345136375909],[0.3472957298599423,36.568072410666986],[0.3479118694476616,36.5661696831488],[0.33364141306130046,36.56154863624091],[0.33302527347358113,36.56345136375909]]],[[[0.35236061844925565,36.56866139587719],[0.346679590272223,36.569975138185164],[0.3485280090353809,36.56426695563062],[0.35236061844925565,36.56866139587719]]]]},"properties":{"speed":0.4624,"dir_deg":72.1,"type":"متوسط"}},{"type":"Feature","geometry":{"type":"MultiPolygon","coordinates":[[[[0.37482879109854866,36.56348523474973],[0.38960731234440954,36.5660533682715],[0.3899497301473122,36.56408289877204],[0.37517120890145134,36.56151476525027],[0.37482879109854866,36.56348523474973]]],[[[0.3947046949944812,36.56592417802903],[0.3892648945415069,36.568023837770944],[0.39029214795021483,36.562112429272595],[0.3947046949944812,36.56592417802903]]]]},"properties":{"speed":0.4652,"dir_deg":80.1,"type":"متوسط"}},{"type":"Feature","geometry":{"type":"MultiPolygon","coordinates":[[[[0.4166981697773984,36.563499503340665],[0.4316907198874069,36.56302680766808],[0.4316276937977286,36.56102780098675],[0.41663514368772003,36.561500496659335],[0.4166981697773984,36.563499503340665]]],[[[0.4366567235459039,36.561869739103216],[0.43175374597708527,36.56502581434942],[0.43156466770805024,36.55902879430541],[0.4366567235459039,36.561869739103216]]]]},"properties":{"speed":0.5002,"dir_deg":91.8,"type":"متوسط"}},{"type":"Feature","geometry":{"type":"MultiPolygon","coordinates":[[[[0.45858350422707733,36.56346820426268],[0.4731065681672928,36.559715789868136],[0.4726062462480197,36.55777938134277],[0.45808318230780426,36.56153179573732],[0.45858350422707733,36.56346820426268]]],[[[0.4776974285210614,36.55749678080727],[0.4736068900865659,36.561652198393496],[0.4721059243287466,36.55584297281741],[0.4776974285210614,36.55749678080727]]]]},"properties":{"speed":0.5532,"dir_deg":104.5,"type":"قوي"}},{"type":"Feature","geometry":{"type":"MultiPolygon","coordinates":[[[[0.5004016343095046,36.563415800131814],[0.5141386362867004,36.557391285489246],[0.5133353676676913,36.55555968522562],[0.4995983656904955,36.561584199868186],[0.5004016343095046,36.563415800131814]]],[[[0.5183160026362612,36.55446731380991],[0.5149419049057095,36.559222885752874],[0.5125320990486822,36.55372808496199],[0.5183160026362612,36.55446731380991]]]]},"properties":{"speed":0.5935,"dir_deg":113.7,"type":"قوي"}},{"type":"Feature","geometry":{"type":"MultiPolygon","coordinates":[[[[0.5421263740141684,36.563388080751615],[0.5554475852883758,36.556492768562315],[0.5545282103298022,36.554716607059085],[0.5412069990555948,36.561611919248385],[0.5421263740141684,36.563388080751615]]],[[[0.5594283015671582,36.553306250414266],[0.5563669602469493,36.558268930065545],[0.5536088353712286,36.552940445555855],[0.5594283015671582,36.553306250414266]]]]},"properties":{"speed":0.6036,"dir_deg":117.4,"type":"قوي"}},{"type":"Feature","geometry":{"type":"MultiPolygon","coordinates":[[[[0.5838130356975069,36.5633774204122],[0.5969743418805669,36.55618158692638],[0.59601489741579,36.554426746101974],[0.58285359123273,36.5616225795878],[0.5838130356975069,36.5633774204122]]],[[[0.6008817217091983,36.55290555535223],[0.5979337863453438,36.55793642775079],[0.595055452951013,36.55267190527756],[0.6008817217091983,36.55290555535223]]]]},"properties":{"speed":0.5991,"dir_deg":118.7,"type":"قوي"}},{"type":"Feature","geometry":{"type":"MultiPolygon","coordinates":[[[[0.6254654373515893,36.56338508082781],[0.6387416497686431,36.556403520553964],[0.6378107750654645,36.55463335889835],[0.6245345626484107,36.56161491917219],[0.6254654373515893,36.56338508082781]]],[[[0.6427016165560717,36.55319125296821],[0.6396725244718219,36.55817368220957],[0.6368799003622857,36.55286319724274],[0.6427016165560717,36.55319125296821]]]]},"properties":{"speed":0.59,"dir_deg":117.7,"type":"قوي"}},{"type":"Feature","geometry":{"type":"MultiPolygon","coordinates":[[[[0.6670511130913954,36.56342315557879],[0.6808984467732115,36.55765675723108],[0.6801295936601839,36.5558104460735],[0.6662822599783678,36.56157684442121],[0.6670511130913954,36.56342315557879]]],[[[0.6851297981106363,36.55481146886972],[0.6816672998862392,36.55950306838865],[0.6793607405471562,36.55396413491593],[0.6851297981106363,36.55481146886972]]]]},"properties":{"speed":0.5745,"dir_deg":112.6,"type":"قوي"}},{"type":"Feature","geometry":{"type":"MultiPolygon","coordinates":[[[[0.7087274514074277,36.56341905129478],[0.7225132208290906,36.55750698216014],[0.7217249449444721,36.55566887957058],[0.7079391755228092,36.56158094870522],[0.7087274514074277,36.56341905129478]]],[[[0.7267143393606691,36.554617241153814],[0.723301496713709,36.559345084749694],[0.7209366690598538,36.55383077698103],[0.7267143393606691,36.554617241153814]]]]},"properties":{"speed":0.5819,"dir_deg":113.2,"type":"قوي"}},{"type":"Feature","geometry":{"type":"MultiPolygon","coordinates":[[[[0.7501355429898715,36.56349077146603],[0.7649971149803023,36.56145762661796],[0.7647260290005593,36.5594760836859],[0.7498644570101285,36.56150922853397],[0.7501355429898715,36.56349077146603]]],[[[0.7698154293205743,36.55978914020257],[0.7652682009600453,36.563439169550016],[0.7644549430208163,36.557494540753844],[0.7698154293205743,36.55978914020257]]]]},"properties":{"speed":0.5693,"dir_deg":97.8,"type":"قوي"}},{"type":"Feature","geometry":{"type":"MultiPolygon","coordinates":[[[[0.7918012545246895,36.56349090436275],[0.8066648199659552,36.56147238451563],[0.8063956839863393,36.55949057579013],[0.7915321185450737,36.56150909563725],[0.7918012545246895,36.56349090436275]]],[[[0.8114847737899026,36.55980864020384],[0.8069339559455709,36.563454193241135],[0.8061265480067236,36.557508767064625],[0.8114847737899026,36.55980864020384]]]]},"properties":{"speed":0.6108,"dir_deg":97.7,"type":"قوي"}},{"type":"Feature","geometry":{"type":"MultiPolygon","coordinates":[[[[0.8331456200993763,36.56348222767242],[0.8478790351855908,36.566297628158544],[0.848254421917075,36.56433317281371],[0.8335210068308605,36.56151777232758],[0.8331456200993763,36.56348222767242]]],[[[0.8529778669134045,36.56625386731484],[0.8475036484541068,36.56826208350337],[0.8486298086485591,36.562368717468885],[0.8529778669134045,36.56625386731484]]]]},"properties":{"speed":0.7081,"dir_deg":79.2,"type":"قوي"}},{"type":"Feature","geometry":{"type":"MultiPolygon","coordinates":[[[[0.8748876814798645,36.563493672254836],[0.8897927653024325,36.56517845005687],[0.8900174023427034,36.5631911055472],[0.8751123185201355,36.561506327745164],[0.8748876814798645,36.563493672254836]]],[[[0.8948734450967573,36.56474637040271],[0.8895681282621614,36.56716579456655],[0.8902420393829745,36.56120376103752],[0.8948734450967573,36.56474637040271]]]]},"properties":{"speed":0.7365,"dir_deg":83.6,"type":"قوي"}},{"type":"Feature","geometry":{"type":"MultiPolygon","coordinates":[[[[0.9162865948818636,36.56342494882848],[0.9301608273090598,36.56912632362375],[0.9309210106150958,36.567276425966796],[0.9170467781878996,36.56157505117152],[0.9162865948818636,36.56342494882848]]],[[[0.9351656631044766,36.570101833060356],[0.9294006440030239,36.57097622128071],[0.9316811939211317,36.565426528309835],[0.9351656631044766,36.570101833060356]]]]},"properties":{"speed":0.8683,"dir_deg":67.7,"type":"قوي"}},{"type":"Feature","geometry":{"type":"MultiPolygon","coordinates":[[[[0.9580459690269488,36.56345782731943],[0.9724133788184499,36.56776799389198],[0.9729880676947891,36.56585233925311],[0.958620657903288,36.56154217268057],[0.9580459690269488,36.56345782731943]]],[[[0.9774898598537866,36.56824688876339],[0.9718386899421106,36.56968364853085],[0.9735627565711283,36.56393668461424],[0.9774898598537866,36.56824688876339]]]]},"properties":{"speed":0.9438,"dir_deg":73.3,"type":"قوي"}},{"type":"Feature","geometry":{"type":"MultiPolygon","coordinates":[[[[0.9995937381603494,36.563413756705934],[1.0133000887493944,36.569507684300696],[1.0141126124286959,36.56768017088883],[1.0004062618396508,36.561586243294066],[0.9995937381603494,36.563413756705934]]],[[[1.0182751341187268,36.57062523679301],[1.012487565070093,36.57133519771257],[1.0149251361079972,36.56585265747695],[1.0182751341187268,36.57062523679301]]]]},"properties":{"speed":1.0503,"dir_deg":66.0,"type":"قوي"}},{"type":"Feature","geometry":{"type":"MultiPolygon","coordinates":[[[[-0.4157886824550286,36.604646646043086],[-0.4086080652950079,36.591477031880125],[-0.41036401385006915,36.590519616258796],[-0.4175446310100898,36.60368923042176],[-0.4157886824550286,36.604646646043086]]],[[[-0.4070925005191983,36.58660845268181],[-0.4068521167399467,36.59243444750146],[-0.4121199624051304,36.58956220063746],[-0.4070925005191983,36.58660845268181]]]]},"properties":{"speed":0.1311,"dir_deg":151.4,"type":"ضعيف"}},{"type":"Feature","geometry":{"type":"MultiPolygon","coordinates":[[[[-0.3747515874455567,36.605136592558175],[-0.36022177255930066,36.60141040424153],[-0.36071859766818726,36.59947309559002],[-0.3752484125544433,36.60319928390667],[-0.3747515874455567,36.605136592558175]]],[[[-0.3556269134849919,36.59919968714355],[-0.3597249474504141,36.603347712893026],[-0.3612154227770738,36.59753578693852],[-0.3556269134849919,36.59919968714355]]]]},"properties":{"speed":0.0673,"dir_deg":104.4,"type":"ضعيف"}},{"type":"Feature","geometry":{"type":"MultiPolygon","coordinates":[[[[-0.334143293801206,36.60475443642752],[-0.3253458208747331,36.616903694434],[-0.3237259198072027,36.615730698043805],[-0.3325233927336756,36.603581440037324],[-0.334143293801206,36.60475443642752]]],[[[-0.321603379365477,36.62036694890772],[-0.3269657219422636,36.618076690824196],[-0.32210601873967226,36.61455770165361],[-0.321603379365477,36.62036694890772]]]]},"properties":{"speed":0.1152,"dir_deg":35.9,"type":"ضعيف"}},{"type":"Feature","geometry":{"type":"MultiPolygon","coordinates":[[[[-0.29259755302687024,36.60453322180615],[-0.28711829942089917,36.618496666220814],[-0.2852565068322771,36.61776609907336],[-0.29073576043824817,36.60380265465869],[-0.29259755302687024,36.60453322180615]]],[[[-0.28436098525793113,36.62278586411864],[-0.28898009200952124,36.61922723336828],[-0.28339471424365503,36.61703553192589],[-0.28436098525793113,36.62278586411864]]]]},"properties":{"speed":0.2113,"dir_deg":21.4,"type":"ضعيف"}},{"type":"Feature","geometry":{"type":"MultiPolygon","coordinates":[[[[-0.2509532173001598,36.60447022415448],[-0.24641892846924976,36.61876848365688],[-0.24451249386893018,36.61816391181276],[-0.2490467826998402,36.60386565231036],[-0.2509532173001598,36.60447022415448]]],[[[-0.24395428155878662,36.62323228423562],[-0.24832536306956934,36.619373055501],[-0.2426060592686106,36.617559339968636],[-0.24395428155878662,36.62323228423562]]]]},"properties":{"speed":0.2911,"dir_deg":17.6,"type":"متوسط"}},{"type":"Feature","geometry":{"type":"MultiPolygon","coordinates":[[[[-0.2092834246834232,36.6044798949412],[-0.20460407405178788,36.61873133969836],[-0.20270388141750068,36.6181074262808],[-0.207383232049136,36.603855981523644],[-0.2092834246834232,36.6044798949412]]],[[[-0.20209419419076582,36.623169864575296],[-0.20650426668607508,36.619355253115906],[-0.20080368878321347,36.61748351286325],[-0.20209419419076582,36.623169864575296]]]]},"properties":{"speed":0.3756,"dir_deg":18.2,"type":"متوسط"}},{"type":"Feature","geometry":{"type":"MultiPolygon","coordinates":[[[[-0.16758374291069109,36.604566661536175],[-0.1616028933544028,36.618322730690736],[-0.15976875080046143,36.61752528408323],[-0.1657496003567497,36.60376921492867],[-0.16758374291069109,36.604566661536175]]],[[[-0.15869220555866936,36.62250936377183],[-0.16343703590834419,36.61912017729824],[-0.15793460824652006,36.61672783747572],[-0.15869220555866936,36.62250936377183]]]]},"properties":{"speed":0.4627,"dir_deg":23.5,"type":"متوسط"}},{"type":"Feature","geometry":{"type":"MultiPolygon","coordinates":[[[[-0.12589508554898893,36.60461383268181],[-0.11920666880823379,36.61804011591664],[-0.1174164977102559,36.61714832701787],[-0.12410491445101106,36.60372204378304],[-0.12589508554898893,36.60461383268181]]],[[[-0.11608211101232645,36.6220696492122],[-0.12099683990621166,36.61893190481541],[-0.11562632661227804,36.6162565381191],[-0.11608211101232645,36.6220696492122]]]]},"properties":{"speed":0.5167,"dir_deg":26.5,"type":"متوسط"}},{"type":"Feature","geometry":{"type":"MultiPolygon","coordinates":[[[[-0.08422904994194334,36.60461256864763],[-0.07755959371384853,36.61804828052388],[-0.07576816546368224,36.61715901969346],[-0.08243762169177705,36.60372330781721],[-0.08422904994194334,36.60461256864763]]],[[[-0.07444072751273378,36.622082220734086],[-0.0793510219640148,36.61893754135429],[-0.07397673721351597,36.61626975886305],[-0.07444072751273378,36.622082220734086]]]]},"properties":{"speed":0.5669,"dir_deg":26.4,"type":"قوي"}},{"type":"Feature","geometry":{"type":"MultiPolygon","coordinates":[[[[-0.042548763145468675,36.604639009344666],[-0.03548269646175994,36.617870437900244],[-0.033718505987682786,36.616928295675756],[-0.040784572671391524,36.60369686712018],[-0.042548763145468675,36.604639009344666]]],[[[-0.03224524566348512,36.62180984297319],[-0.03724688693583709,36.61881258012474],[-0.031954315513605634,36.61598615345126],[-0.03224524566348512,36.62180984297319]]]]},"properties":{"speed":0.6254,"dir_deg":28.1,"type":"قوي"}},{"type":"Feature","geometry":{"type":"MultiPolygon","coordinates":[[[[-0.0008518177523055123,36.6046917764869],[0.0070057560649020995,36.61746904277148],[0.008709391569513125,36.61642136626252],[0.0008518177523055123,36.60364409997794],[-0.0008518177523055123,36.6046917764869]]],[[[0.01047676508961015,36.62120429327853],[0.005302120560291075,36.61851671928044],[0.01041302707412415,36.61537368975356],[0.01047676508961015,36.62120429327853]]]]},"properties":{"speed":0.6754,"dir_deg":31.6,"type":"قوي"}},{"type":"Feature","geometry":{"type":"MultiPolygon","coordinates":[[[[0.0408504628296552,36.604745700527296],[0.04951689725281709,36.61698877670892],[0.051149307410366884,36.615833252119174],[0.042482872987204996,36.60359017593755],[0.0408504628296552,36.604745700527296]]],[[[0.053221913805979286,36.62049203980792],[0.047884487095267304,36.61814430129868],[0.05278171756791667,36.61467772752942],[0.053221913805979286,36.62049203980792]]]]},"properties":{"speed":0.6856,"dir_deg":35.3,"type":"قوي"}},{"type":"Feature","geometry":{"type":"MultiPolygon","coordinates":[[[[0.08256747641162569,36.604810946297235],[0.0922125973838123,36.61629883737575],[0.09374431619428131,36.615012821246125],[0.0840991952220947,36.60352493016761],[0.08256747641162569,36.604810946297235]]],[[[0.09619349711310901,36.61948512633711],[0.09068087857334327,36.61758485350538],[0.09527603500475033,36.6137268051165],[0.09619349711310901,36.61948512633711]]]]},"properties":{"speed":0.6425,"dir_deg":40.0,"type":"قوي"}},{"type":"Feature","geometry":{"type":"MultiPolygon","coordinates":[[[[0.12430791127352794,36.604889750669756],[0.13513509783354047,36.61527108156684],[0.13651927528648458,36.61382745669217],[0.12569208872647206,36.60344612579509],[0.12430791127352794,36.604889750669756]]],[[[0.13943624874668337,36.61800971276186],[0.13375092038059636,36.616714706441506],[0.1379034527394287,36.6123838318175],[0.13943624874668337,36.61800971276186]]]]},"properties":{"speed":0.6151,"dir_deg":46.2,"type":"قوي"}},{"type":"Feature","geometry":{"type":"MultiPolygon","coordinates":[[[[0.16607111955994552,36.60497125493673],[0.17812087012458583,36.61390453604335],[0.17931197427213558,36.61229790263474],[0.16726222370749527,36.603364621528115],[0.16607111955994552,36.60497125493673]]],[[[0.18273300571990747,36.61607897970792],[0.17692976597703608,36.61551116945197],[0.18050307841968533,36.610691269226116],[0.18273300571990747,36.61607897970792]]]]},"properties":{"speed":0.5974,"dir_deg":53.4,"type":"قوي"}},{"type":"Feature","geometry":{"type":"MultiPolygon","coordinates":[[[[0.2078531271560724,36.605045096597664],[0.2210105026347155,36.61224811475077],[0.2219709050551299,36.610493798020286],[0.2088135295764868,36.60329077986718],[0.2078531271560724,36.605045096597664]]],[[[0.22587649567113707,36.613771962436566],[0.22005010021430113,36.61400243148125],[0.22293130747554427,36.6087394812898],[0.22587649567113707,36.613771962436566]]]]},"properties":{"speed":0.5705,"dir_deg":61.3,"type":"قوي"}},{"type":"Feature","geometry":{"type":"MultiPolygon","coordinates":[[[[0.24964394587969302,36.60510240356801],[0.2636609259134875,36.61044321537262],[0.26437303415410146,36.60857428470144],[0.250356054120307,36.60323347289683],[0.24964394587969302,36.60510240356801]]],[[[0.268689306711726,36.61128902063856],[0.26294881767287354,36.61231214604379],[0.2650851423947154,36.60670535403027],[0.268689306711726,36.61128902063856]]]]},"properties":{"speed":0.5504,"dir_deg":69.1,"type":"قوي"}},{"type":"Feature","geometry":{"type":"MultiPolygon","coordinates":[[[[0.29142263842121113,36.60513770885671],[0.3059691977854917,36.608797983526934],[0.30645723440818784,36.60685844227836],[0.2919106750439073,36.603198167608134],[0.29142263842121113,36.60513770885671]]],[[[0.3110620692182666,36.609048304459385],[0.30548116116279556,36.6107375247755],[0.306945271030884,36.60491890102979],[0.3110620692182666,36.609048304459385]]]]},"properties":{"speed":0.5339,"dir_deg":75.9,"type":"متوسط"}},{"type":"Feature","geometry":{"type":"MultiPolygon","coordinates":[[[[0.33319640578870413,36.605158517924785],[0.3480551011741133,36.60721258010584],[0.34832897613158664,36.60523142072111],[0.33347028074617746,36.60317735854006],[0.33319640578870413,36.605158517924785]]],[[[0.35314493711465306,36.606906687807154],[0.34778122621664,36.60919373949056],[0.34860285108906,36.60325026133639],[0.35314493711465306,36.606906687807154]]]]},"properties":{"speed":0.5251,"dir_deg":82.1,"type":"متوسط"}},{"type":"Feature","geometry":{"type":"MultiPolygon","coordinates":[[[[0.3750027136112887,36.60516793455057],[0.3900026583835403,36.60512723038124],[0.38999723116096296,36.60312723774494],[0.3749972863887113,36.60316794191427],[0.3750027136112887,36.60516793455057]]],[[[0.3949999263630022,36.60411366600665],[0.3900080856061176,36.60712722301754],[0.3899918039383857,36.60112724510864],[0.3949999263630022,36.60411366600665]]]]},"properties":{"speed":0.5365,"dir_deg":90.2,"type":"متوسط"}},{"type":"Feature","geometry":{"type":"MultiPolygon","coordinates":[[[[0.41685871403588604,36.60514932194547],[0.4315794697316286,36.602268462395564],[0.4311953551249749,36.60030569496947],[0.4164745994292324,36.603186554519375],[0.41685871403588604,36.60514932194547]]],[[[0.43629433099354925,36.60032679216589],[0.43196358433828225,36.604231229821664],[0.43081124051832126,36.59834292754337],[0.43629433099354925,36.60032679216589]]]]},"properties":{"speed":0.5637,"dir_deg":101.1,"type":"قوي"}},{"type":"Feature","geometry":{"type":"MultiPolygon","coordinates":[[[[0.45866982554366065,36.605109628031556],[0.4727951725306458,36.60006239388826],[0.4721222079782061,36.59817901428999],[0.45799686099122094,36.60322624843329],[0.45866982554366065,36.605109628031556]]],[[[0.4771671392500877,36.59743829270803],[0.47346813708308544,36.60194577348652],[0.47144924342576644,36.59629563469173],[0.4771671392500877,36.59743829270803]]]]},"properties":{"speed":0.6018,"dir_deg":109.7,"type":"قوي"}},{"type":"Feature","geometry":{"type":"MultiPolygon","coordinates":[[[[0.5004211315283056,36.60507493781118],[0.514026125209674,36.598757964886595],[0.5131838621530628,36.596943965729075],[0.4995788684716944,36.60326093865366],[0.5004211315283056,36.60507493781118]]],[[[0.5181399915751579,36.59574530766631],[0.5148683882662851,36.60057196404411],[0.5123415990964516,36.59512996657156],[0.5181399915751579,36.59574530766631]]]]},"properties":{"speed":0.6224,"dir_deg":114.9,"type":"قوي"}},{"type":"Feature","geometry":{"type":"MultiPolygon","coordinates":[[[[0.5421456001163196,36.60504580028395],[0.5553135308892501,36.59786209656238],[0.554355703726374,36.59610637245932],[0.5411877729534436,36.60329007618089],[0.5421456001163196,36.60504580028395]]],[[[0.5592239275654555,36.59458966660366],[0.5562713580521262,36.599617820665436],[0.5533978765634978,36.59435064835626],[0.5592239275654555,36.59458966660366]]]]},"properties":{"speed":0.636,"dir_deg":118.6,"type":"قوي"}},{"type":"Feature","geometry":{"type":"MultiPolygon","coordinates":[[[[0.583840206059914,36.605029947453566],[0.5967703443771094,36.59742655853163],[0.5957565591875181,36.59570254008934],[0.5828264208703228,36.60330592901128],[0.583840206059914,36.605029947453566]]],[[[0.6005734978880456,36.59403008633651],[0.5977841295667007,36.599150576973926],[0.5947427739979269,36.593978521647045],[0.6005734978880456,36.59403008633651]]]]},"properties":{"speed":0.6462,"dir_deg":120.5,"type":"قوي"}},{"type":"Feature","geometry":{"type":"MultiPolygon","coordinates":[[[[0.6255096124216982,36.605028342311705],[0.6384156736109781,36.597384155986234],[0.6373964487675816,36.59566334782767],[0.6244903875783018,36.60330753415314],[0.6255096124216982,36.605028342311705]]],[[[0.6422080815857065,36.593975689798455],[0.6394348984543746,36.59910496414481],[0.636377223924185,36.593942539669094],[0.6422080815857065,36.593975689798455]]]]},"properties":{"speed":0.6436,"dir_deg":120.6,"type":"قوي"}},{"type":"Feature","geometry":{"type":"MultiPolygon","coordinates":[[[[0.667139513450444,36.60504909355807],[0.6803568433351801,36.597956689824635],[0.6794111895040553,36.59619437917333],[0.6661938596193192,36.60328678290677],[0.667139513450444,36.60504909355807]]],[[[0.6842897930478631,36.594711399921174],[0.681302497166305,36.59971900047593],[0.6784655356729304,36.59443206852204],[0.6842897930478631,36.594711399921174]]]]},"properties":{"speed":0.6426,"dir_deg":118.2,"type":"قوي"}},{"type":"Feature","geometry":{"type":"MultiPolygon","coordinates":[[[[0.7087774527898917,36.605063895965905],[0.7222168187921526,36.59840180609431],[0.7213285401426061,36.59660989062734],[0.7078891741403451,36.60327198049894],[0.7087774527898917,36.605063895965905]]],[[[0.7262524681347997,36.59528515173695],[0.7231050974416993,36.600193721561276],[0.7204402614930594,36.594817975160375],[0.7262524681347997,36.59528515173695]]]]},"properties":{"speed":0.6347,"dir_deg":116.4,"type":"قوي"}},{"type":"Feature","geometry":{"type":"MultiPolygon","coordinates":[[[[0.7503181626325984,36.60511597438111],[0.7645387048629094,36.60034353489213],[0.7639023795977126,36.59844746259476],[0.7496818373674016,36.60321990208374],[0.7503181626325984,36.60511597438111]]],[[[0.768960722973748,36.597804685580456],[0.7651750301281063,36.60223960718951],[0.7632660543325157,36.596551390297385],[0.768960722973748,36.597804685580456]]]]},"properties":{"speed":0.5862,"dir_deg":108.6,"type":"قوي"}},{"type":"Feature","geometry":{"type":"MultiPolygon","coordinates":[[[[0.7918517465116925,36.60515066546059],[0.8065926549342123,36.60237476580843],[0.8062225349805904,36.60040931135209],[0.7914816265580706,36.60318521100425],[0.7918517465116925,36.60515066546059]]],[[[0.8113212310982412,36.600466738696205],[0.8069627748878343,36.60434022026476],[0.8058524150269684,36.598443856895756],[0.8113212310982412,36.600466738696205]]]]},"properties":{"speed":0.5652,"dir_deg":100.7,"type":"قوي"}},{"type":"Feature","geometry":{"type":"MultiPolygon","coordinates":[[[[0.8333143691812429,36.605167758773376],[0.8483116772955146,36.60545192303151],[0.8483495658632656,36.6034522819496],[0.8333522577489939,36.60316811769147],[0.8333143691812429,36.605167758773376]]],[[[0.8533297242841473,36.60454682390993],[0.8482737887277637,36.60745156411341],[0.8483874544310165,36.6014526408677],[0.8533297242841473,36.60454682390993]]]]},"properties":{"speed":0.5893,"dir_deg":88.9,"type":"قوي"}},{"type":"Feature","geometry":{"type":"MultiPolygon","coordinates":[[[[0.8749042353334759,36.60516334223515],[0.8898352953743854,36.606599812233014],[0.8900268247074336,36.604609004227555],[0.8750957646665241,36.60317253422969],[0.8749042353334759,36.60516334223515]]],[[[0.894908080054546,36.606083231562906],[0.8896437660413372,36.608590620238466],[0.8902183540404818,36.6026181962221],[0.894908080054546,36.606083231562906]]]]},"properties":{"speed":0.6291,"dir_deg":84.5,"type":"قوي"}},{"type":"Feature","geometry":{"type":"MultiPolygon","coordinates":[[[[0.9164162799678339,36.605136079002754],[0.9309383915228168,36.60889217750847],[0.9314392046569121,36.60695589596781],[0.9169170931019293,36.60319979746209],[0.9164162799678339,36.605136079002754]]],[[[0.9360295019415253,36.60917606957337],[0.9304375783887214,36.61082845904914],[0.9319400177910074,36.60501961442714],[0.9360295019415253,36.60917606957337]]]]},"properties":{"speed":0.7116,"dir_deg":75.5,"type":"قوي"}},{"type":"Feature","geometry":{"type":"MultiPolygon","coordinates":[[[[0.9580820669240397,36.60513586135726],[0.9726009137966085,36.608904559473444],[0.9731034068787658,36.606968713223765],[0.9585845600061971,36.60320001510758],[0.9580820669240397,36.60513586135726]]],[[[0.9776917759618768,36.609192869054],[0.9720984207144512,36.61084040572312],[0.9736058999609232,36.60503286697409],[0.9776917759618768,36.609192869054]]]]},"properties":{"speed":0.784,"dir_deg":75.4,"type":"قوي"}},{"type":"Feature","geometry":{"type":"MultiPolygon","coordinates":[[[[0.9996843976223923,36.60511682976429],[1.0139177706003923,36.609850865428406],[1.014548975355608,36.607953082364666],[1.0003156023776079,36.60321904670055],[0.9996843976223923,36.60511682976429]]],[[[1.0189778306373336,36.61047998578458],[1.0132865658451768,36.61174864849214],[1.0151801801108236,36.606055299300934],[1.0189778306373336,36.61047998578458]]]]},"properties":{"speed":0.8333,"dir_deg":71.6,"type":"قوي"}},{"type":"Feature","geometry":{"type":"MultiPolygon","coordinates":[[[[-0.41571776618031725,36.64614766709052],[-0.4109836863362661,36.63191430880689],[-0.41288146744075,36.63128309816101],[-0.41761554728480116,36.64551645644464],[-0.41571776618031725,36.64614766709052]]],[[[-0.41035455027382434,36.62685425072274],[-0.40908590523178223,36.63254551945276],[-0.41477924854523385,36.63065188751514],[-0.41035455027382434,36.62685425072274]]]]},"properties":{"speed":0.1755,"dir_deg":161.6,"type":"ضعيف"}},{"type":"Feature","geometry":{"type":"MultiPolygon","coordinates":[[[[-0.3741732647180238,36.646394652892226],[-0.36573439784826284,36.63399362366258],[-0.3673878684122152,36.63286844141329],[-0.3758267352819762,36.64526947064293],[-0.3741732647180238,36.646394652892226]]],[[[-0.36374817750698535,36.629297356128056],[-0.3640809272843105,36.63511880591189],[-0.36904133897616753,36.63174325916398],[-0.36374817750698535,36.629297356128056]]]]},"properties":{"speed":0.0968,"dir_deg":145.8,"type":"ضعيف"}},{"type":"Feature","geometry":{"type":"MultiPolygon","coordinates":[[[[-0.33373276947323877,36.64674882711712],[-0.3199812892301009,36.652740220204095],[-0.31918243681850494,36.65090668950501],[-0.3329339170616428,36.644915296418034],[-0.33373276947323877,36.64674882711712]]],[[[-0.3149980362765903,36.65382058588354],[-0.3207801416416969,36.654573750903175],[-0.31838358440690895,36.649073158805926],[-0.3149980362765903,36.65382058588354]]]]},"properties":{"speed":0.0578,"dir_deg":66.5,"type":"ضعيف"}},{"type":"Feature","geometry":{"type":"MultiPolygon","coordinates":[[[[-0.2925326027892493,36.6463321991756],[-0.285030541668921,36.65932139002595],[-0.2832986495555408,36.6583211152099],[-0.2908007106758691,36.64533192435955],[-0.2925326027892493,36.6463321991756]]],[[[-0.2816639085721215,36.66315098290138],[-0.2867624337823012,36.660321664841995],[-0.2815667574421606,36.65732084039386],[-0.2816639085721215,36.66315098290138]]]]},"properties":{"speed":0.1382,"dir_deg":30.0,"type":"ضعيف"}},{"type":"Feature","geometry":{"type":"MultiPolygon","coordinates":[[[[-0.2509018799486528,36.64626404852457],[-0.24442207859374582,36.65979224775436],[-0.24261831869644024,36.658928274240374],[-0.2490981200513472,36.645400075010585],[-0.2509018799486528,36.64626404852457]]],[[[-0.24136026486012402,36.66386966074064],[-0.24622583849105142,36.66065622126835],[-0.24081455879913463,36.65806430072639],[-0.24136026486012402,36.66386966074064]]]]},"properties":{"speed":0.2248,"dir_deg":25.6,"type":"ضعيف"}},{"type":"Feature","geometry":{"type":"MultiPolygon","coordinates":[[[[-0.2092371797293464,36.64625990836799],[-0.2028194807231985,36.65981767881399],[-0.20101177799706488,36.65896198561317],[-0.2074294770032128,36.64540421516717],[-0.2092371797293464,36.64625990836799]]],[[[-0.1997763963580824,36.66390908902891],[-0.20462718344933212,36.660673372014806],[-0.19920407527093126,36.65810629241235],[-0.1997763963580824,36.66390908902891]]]]},"properties":{"speed":0.3262,"dir_deg":25.3,"type":"متوسط"}},{"type":"Feature","geometry":{"type":"MultiPolygon","coordinates":[[[[-0.16753359406970786,36.646330504833514],[-0.16005694808063947,36.659334341373324],[-0.15832310320866455,36.65833745524145],[-0.16579974919773294,36.64533361870164],[-0.16753359406970786,36.646330504833514]]],[[[-0.15669781031496255,36.663170510487326],[-0.1617907929526144,36.6603312275052],[-0.15658925833668963,36.65734056910957],[-0.15669781031496255,36.663170510487326]]]]},"properties":{"speed":0.4299,"dir_deg":29.9,"type":"متوسط"}},{"type":"Feature","geometry":{"type":"MultiPolygon","coordinates":[[[[-0.1258377252944075,36.64637815363815],[-0.11764634723575824,36.65894403305427],[-0.11597089664694325,36.65785184931312],[-0.1241622747055925,36.645285969897],[-0.1258377252944075,36.64637815363815]]],[[[-0.11407816258846766,36.66258656765573],[-0.11932179782457325,36.660036216795426],[-0.11429544605812825,36.65675966557196],[-0.11407816258846766,36.66258656765573]]]]},"properties":{"speed":0.4845,"dir_deg":33.1,"type":"متوسط"}},{"type":"Feature","geometry":{"type":"MultiPolygon","coordinates":[[[[-0.08417562113264755,36.646371093721],[-0.07609014183133068,36.65900537345781],[-0.07440557119975598,36.65792730955096],[-0.08249105050107285,36.645293029814155],[-0.08417562113264755,36.646371093721]]],[[[-0.07255269674843771,36.66267776808333],[-0.0777747124629054,36.66008343736465],[-0.07272100056818126,36.656849245644125],[-0.07255269674843771,36.66267776808333]]]]},"properties":{"speed":0.5264,"dir_deg":32.6,"type":"متوسط"}},{"type":"Feature","geometry":{"type":"MultiPolygon","coordinates":[[[[-0.04250122538105147,36.64638298265563],[-0.03423741206027387,36.658901344744955],[-0.032568297115031127,36.65779950296885],[-0.04083211043580873,36.645281140879526],[-0.04250122538105147,36.64638298265563]]],[[[-0.030648250147393294,36.662523211220005],[-0.035906527005516616,36.66000318652106],[-0.030899182169788382,36.656697661192744],[-0.030648250147393294,36.662523211220005]]]]},"properties":{"speed":0.5848,"dir_deg":33.4,"type":"قوي"}},{"type":"Feature","geometry":{"type":"MultiPolygon","coordinates":[[[[-0.0008002673257827664,36.64643170516768],[0.008194383675729878,36.658435715054424],[0.00979491832729541,36.65723642825422],[0.0008002673257827664,36.64523241836748],[-0.0008002673257827664,36.64643170516768]]],[[[0.01199286800201686,36.66183740828323],[0.006593849024164345,36.659635001854625],[0.011395452978860942,36.65603714145402],[0.01199286800201686,36.66183740828323]]]]},"properties":{"speed":0.6399,"dir_deg":36.8,"type":"قوي"}},{"type":"Feature","geometry":{"type":"MultiPolygon","coordinates":[[[[0.040898953291287954,36.646472853673444],[0.05051083187931198,36.65798857293058],[0.052046261113596275,36.656706989118845],[0.042434382525572245,36.64519126986171],[0.040898953291287954,36.646472853673444]]],[[[0.05448250602579547,36.66118635411042],[0.04897540264502769,36.659270156742316],[0.053581690347880566,36.655425405307106],[0.05448250602579547,36.66118635411042]]]]},"properties":{"speed":0.6574,"dir_deg":39.9,"type":"قوي"}},{"type":"Feature","geometry":{"type":"MultiPolygon","coordinates":[[[[0.08260242706838139,36.64651453696962],[0.09283955509895495,36.6574781681968],[0.09430137259591256,36.65611321779272],[0.08406424456533901,36.64514958656554],[0.08260242706838139,36.64651453696962]]],[[[0.09698283985762494,36.660450236737155],[0.09137773760199731,36.65884311860088],[0.0957631900928702,36.65474826738865],[0.09698283985762494,36.660450236737155]]]]},"properties":{"speed":0.6345,"dir_deg":43.0,"type":"قوي"}},{"type":"Feature","geometry":{"type":"MultiPolygon","coordinates":[[[[0.12434403874386896,36.646586856329336],[0.1356659571701946,36.6564262751713],[0.1369778796824567,36.654916686047784],[0.12565596125613104,36.64507726720582],[0.12434403874386896,36.646586856329336]]],[[[0.14009589123510088,36.6589512868902],[0.13435403465793255,36.65793586429481],[0.13828980219471876,36.653407096924276],[0.14009589123510088,36.6589512868902]]]]},"properties":{"speed":0.6353,"dir_deg":49.0,"type":"قوي"}},{"type":"Feature","geometry":{"type":"MultiPolygon","coordinates":[[[[0.16612750209513918,36.64667425901803],[0.17876046085189426,36.65476180209674],[0.1798387999290567,36.653077407595845],[0.1672058411723016,36.64498986451713],[0.16612750209513918,36.64667425901803]]],[[[0.18351061664272716,36.6566154525392],[0.1776821217747318,36.65644619659764],[0.18091713900621914,36.651393013094946],[0.18351061664272716,36.6566154525392]]]]},"properties":{"speed":0.6354,"dir_deg":57.4,"type":"قوي"}},{"type":"Feature","geometry":{"type":"MultiPolygon","coordinates":[[[[0.2079246322293003,36.646744732281846],[0.22161468994335307,36.652875174336536],[0.22243208221731167,36.651049833308],[0.2087420245032589,36.64491939125331],[0.2079246322293003,36.646744732281846]]],[[[0.2265867386516833,36.654005984507165],[0.2207972976693945,36.65470051536508],[0.22324947449127025,36.64922449227946],[0.2265867386516833,36.654005984507165]]]]},"properties":{"speed":0.6227,"dir_deg":65.9,"type":"قوي"}},{"type":"Feature","geometry":{"type":"MultiPolygon","coordinates":[[[[0.2497291192322815,36.64679467467508],[0.26416831284473974,36.650857886190856],[0.2647100743801767,36.648932660375856],[0.2502708807677185,36.64486944886008],[0.2497291192322815,36.64679467467508]]],[[[0.2692522581499443,36.651249677121946],[0.26362655130930274,36.65278311200585],[0.2652518359156137,36.64700743456086],[0.2692522581499443,36.651249677121946]]]]},"properties":{"speed":0.6029,"dir_deg":74.3,"type":"قوي"}},{"type":"Feature","geometry":{"type":"MultiPolygon","coordinates":[[[[0.291512245657552,36.6468200684578],[0.30633234601081905,36.649136234582905],[0.3066411681608334,36.64716022120246],[0.2918210678075664,36.64484405507736],[0.291512245657552,36.6468200684578]]],[[[0.3114267905369152,36.64892028326772],[0.3060235238608047,36.65111224796334],[0.30694999031084774,36.64518420782203],[0.3114267905369152,36.64892028326772]]]]},"properties":{"speed":0.5853,"dir_deg":81.1,"type":"قوي"}},{"type":"Feature","geometry":{"type":"MultiPolygon","coordinates":[[[[0.33332885124210426,36.64683205167838],[0.34832869990415366,36.646899432058426],[0.3483376839548267,36.64489945223682],[0.33333783529277733,36.644832071856776],[0.33332885124210426,36.64683205167838]]],[[[0.35333314148350664,36.64592190227431],[0.3483197158534806,36.64889941188003],[0.3483466680054998,36.642899472415216],[0.35333314148350664,36.64592190227431]]]]},"properties":{"speed":0.58,"dir_deg":89.7,"type":"قوي"}},{"type":"Feature","geometry":{"type":"MultiPolygon","coordinates":[[[[0.3751462873631868,36.64682130390547],[0.3899849194314965,36.64462699345767],[0.38969234470512293,36.64264850918189],[0.3748537126368132,36.64484281962969],[0.3751462873631868,36.64682130390547]]],[[[0.3947848427577463,36.64290631450384],[0.39027749415787005,36.646605477733445],[0.38939976997874937,36.640670024906115],[0.3947848427577463,36.64290631450384]]]]},"properties":{"speed":0.5929,"dir_deg":98.4,"type":"قوي"}},{"type":"Feature","geometry":{"type":"MultiPolygon","coordinates":[[[[0.41694167501482465,36.6467935007643],[0.43136325996566993,36.64266822653032],[0.43081322340113903,36.64074534853687],[0.41639163845029376,36.64487062277085],[0.41694167501482465,36.6467935007643]]],[[[0.43589543666701963,36.64033169612227],[0.4319132965302008,36.64459110452376],[0.4302631868366082,36.638822470543424],[0.43589543666701963,36.64033169612227]]]]},"properties":{"speed":0.6107,"dir_deg":106.0,"type":"قوي"}},{"type":"Feature","geometry":{"type":"MultiPolygon","coordinates":[[[[0.4587098511187941,36.64675847519466],[0.4726060525249553,36.64111085742436],[0.4718530368222487,36.6392580305702],[0.4579568354160875,36.6449056483405],[0.4587098511187941,36.64675847519466]]],[[[0.47686161180898906,36.63830190474051],[0.47335906822766194,36.64296368427851],[0.4711000211195421,36.63740520371604],[0.47686161180898906,36.63830190474051]]]]},"properties":{"speed":0.6333,"dir_deg":112.1,"type":"قوي"}},{"type":"Feature","geometry":{"type":"MultiPolygon","coordinates":[[[[0.5004496585344643,36.646725262306305],[0.5138476666153793,36.63998038428934],[0.5129483495464506,36.638193983211885],[0.4995503414655357,36.64493886122885],[0.5004496585344643,36.646725262306305]]],[[[0.5178640107745532,36.63683889107829],[0.5147469836843079,36.64176678536679],[0.512049032477522,36.63640758213443],[0.5178640107745532,36.63683889107829]]]]},"properties":{"speed":0.6555,"dir_deg":116.7,"type":"قوي"}},{"type":"Feature","geometry":{"type":"MultiPolygon","coordinates":[[[[0.542177157665781,36.64669195665913],[0.5550755810390703,36.639034889695644],[0.5540546387772715,36.637315099912534],[0.5411562154039822,36.64497216687602],[0.542177157665781,36.64669195665913]]],[[[0.558864584365934,36.63562263914959],[0.556096523300869,36.640754679478746],[0.5530336965154727,36.63559531012943],[0.558864584365934,36.63562263914959]]]]},"properties":{"speed":0.6832,"dir_deg":120.7,"type":"قوي"}},{"type":"Feature","geometry":{"type":"MultiPolygon","coordinates":[[[[0.5838669147002401,36.64667779796869],[0.5965529577169668,36.638673779441866],[0.5954857552467234,36.63698230703964],[0.5827997122299967,36.644986325566464],[0.5838669147002401,36.64667779796869]]],[[[0.6002480374874207,36.63516003706515],[0.5976201601872101,36.640365251844095],[0.5944185527764801,36.63529083463741],[0.6002480374874207,36.63516003706515]]]]},"properties":{"speed":0.7023,"dir_deg":122.2,"type":"قوي"}},{"type":"Feature","geometry":{"type":"MultiPolygon","coordinates":[[[[0.6255326084043805,36.646678423562314],[0.6382280353253714,36.638689297496605],[0.6371628185166104,36.63699657390713],[0.6244673915956195,36.64498569997284],[0.6255326084043805,36.646678423562314]]],[[[0.6419272358946545,36.63517989367997],[0.6392932521341326,36.64038202108607],[0.6360976017078492,36.63530385031767],[0.6419272358946545,36.63517989367997]]]]},"properties":{"speed":0.7008,"dir_deg":122.2,"type":"قوي"}},{"type":"Feature","geometry":{"type":"MultiPolygon","coordinates":[[[[0.6671791376967744,36.646690778139074],[0.6800598832692102,36.639004010710686],[0.6790349809454246,36.63728657796769],[0.6661542353729888,36.64497334539608],[0.6671791376967744,36.646690778139074]]],[[[0.6838410139647959,36.635583038529724],[0.6810847855929957,36.64072144345368],[0.6780100786216391,36.6355691452247],[0.6838410139647959,36.635583038529724]]]]},"properties":{"speed":0.6808,"dir_deg":120.8,"type":"قوي"}},{"type":"Feature","geometry":{"type":"MultiPolygon","coordinates":[[[[0.708810759184848,36.646710723013285],[0.7219906778704914,36.63954903721734],[0.7210357864310322,36.63779171472593],[0.7078558677453888,36.64495340052187],[0.708810759184848,36.646710723013285]]],[[[0.7259065383793096,36.636283147372986],[0.7229455693099506,36.641306359708764],[0.720080894991573,36.63603439223451],[0.7259065383793096,36.636283147372986]]]]},"properties":{"speed":0.6329,"dir_deg":118.5,"type":"قوي"}},{"type":"Feature","geometry":{"type":"MultiPolygon","coordinates":[[[[0.7503779602438101,36.6467578835939],[0.7642652876386793,36.64108847993675],[0.7635093671510591,36.639236836284105],[0.7496220397561899,36.64490623994126],[0.7503779602438101,36.6467578835939]]],[[[0.7685164365264923,36.638272856891376],[0.7650212081262994,36.6429401235894],[0.762753446663439,36.637385192631456],[0.7685164365264923,36.638272856891376]]]]},"properties":{"speed":0.5538,"dir_deg":112.2,"type":"قوي"}},{"type":"Feature","geometry":{"type":"MultiPolygon","coordinates":[[[[0.791866778766385,36.64681183883349],[0.8065634347551023,36.64381045536094],[0.8061632502920955,36.64185090122911],[0.7914665943033782,36.64485228470166],[0.791866778766385,36.64681183883349]]],[[[0.8112622278531714,36.64183021713751],[0.806963619218109,36.64577000949277],[0.8057630658290887,36.63989134709728],[0.8112622278531714,36.64183021713751]]]]},"properties":{"speed":0.4976,"dir_deg":101.5,"type":"متوسط"}},{"type":"Feature","geometry":{"type":"MultiPolygon","coordinates":[[[[0.8333862901209192,36.64683065751859],[0.8483652263861063,36.64603600768158],[0.8482592730745047,36.64403881617955],[0.8332803368093176,36.644833466016564],[0.8333862901209192,36.64683065751859]]],[[[0.8533052284853678,36.644772528651565],[0.848471179697708,36.6480331991836],[0.848153319762903,36.64204162467753],[0.8533052284853678,36.644772528651565]]]]},"properties":{"speed":0.4835,"dir_deg":93.0,"type":"متوسط"}},{"type":"Feature","geometry":{"type":"MultiPolygon","coordinates":[[[[0.874929194106602,36.64682955188054],[0.8898915458010557,36.647891640281514],[0.8900331575878517,36.645896660055584],[0.875070805893398,36.64483457165461],[0.874929194106602,36.64682955188054]]],[[[0.8949498022592717,36.64724817963554],[0.8897499340142595,36.64988662050744],[0.8901747693746479,36.64390167982966],[0.8949498022592717,36.64724817963554]]]]},"properties":{"speed":0.4947,"dir_deg":85.9,"type":"متوسط"}},{"type":"Feature","geometry":{"type":"MultiPolygon","coordinates":[[[[0.9164958035152728,36.64681735309181],[0.9312751733787721,36.649380598385946],[0.9316169394179896,36.64741001573748],[0.9168375695544904,36.644846770443344],[0.9164958035152728,36.64681735309181]]],[[[0.9363725130195473,36.64924972215975],[0.9309334073395544,36.651351181034414],[0.9319587054572073,36.64543943308901],[0.9363725130195473,36.64924972215975]]]]},"properties":{"speed":0.5305,"dir_deg":80.2,"type":"متوسط"}},{"type":"Feature","geometry":{"type":"MultiPolygon","coordinates":[[[[0.9581222193926275,36.64680952751765],[0.9727842056436722,36.64997593860501],[0.9732063937886539,36.64802100710487],[0.9585444075376093,36.64485459601751],[0.9581222193926275,36.64680952751765]]],[[[0.9778826284665112,36.650053943217394],[0.9723620174986903,36.65193087010515],[0.9736285819336358,36.646066075604736],[0.9778826284665112,36.650053943217394]]]]},"properties":{"speed":0.5748,"dir_deg":77.8,"type":"قوي"}},{"type":"Feature","geometry":{"type":"MultiPolygon","coordinates":[[[[0.9997275217756351,36.64679422371717],[1.0141599510195485,36.65088139708265],[1.0147049074682781,36.64895707318346],[1.0002724782243648,36.644869899817984],[0.9997275217756351,36.64679422371717]]],[[[1.0192432389918844,36.65128162625488],[1.0136149945708186,36.65280572098184],[1.015249863917008,36.64703274928427],[1.0192432389918844,36.65128162625488]]]]},"properties":{"speed":0.6317,"dir_deg":74.2,"type":"قوي"}},{"type":"Feature","geometry":{"type":"MultiPolygon","coordinates":[[[[-0.41569028831277177,36.68771611272253],[-0.41244859747473445,36.67307058642572],[-0.4144013343143093,36.672638360980656],[-0.41764302515234664,36.68728388727747],[-0.41569028831277177,36.68771611272253]]],[[[-0.41234440228184277,36.66797263160425],[-0.41049586063515964,36.6735028118708],[-0.4163540711538841,36.67220613553558],[-0.41234440228184277,36.66797263160425]]]]},"properties":{"speed":0.1988,"dir_deg":167.5,"type":"ضعيف"}},{"type":"Feature","geometry":{"type":"MultiPolygon","coordinates":[[[[-0.3740621873140434,36.6878471417089],[-0.3688550616805248,36.673779951419554],[-0.370730687052438,36.673085668001754],[-0.3759378126859566,36.6871528582911],[-0.3740621873140434,36.6878471417089]]],[[[-0.36805716582197523,36.66874374628087],[-0.36697943630861163,36.674474234837355],[-0.37260631242435116,36.67239138458395],[-0.36805716582197523,36.66874374628087]]]]},"properties":{"speed":0.13,"dir_deg":159.7,"type":"ضعيف"}},{"type":"Feature","geometry":{"type":"MultiPolygon","coordinates":[[[[-0.3327063072207504,36.68827899024137],[-0.3210214536001892,36.678873449541015],[-0.32227552569357,36.67731546905827],[-0.3339603793141312,36.68672100975863],[-0.3327063072207504,36.68827899024137]]],[[[-0.31775353844002585,36.674959279066194],[-0.31976738150680833,36.68043143002375],[-0.32352959778695084,36.675757488575535],[-0.31775353844002585,36.674959279066194]]]]},"properties":{"speed":0.0537,"dir_deg":128.8,"type":"ضعيف"}},{"type":"Feature","geometry":{"type":"MultiPolygon","coordinates":[[[[-0.29239006502266013,36.68819042048479],[-0.2820337577508578,36.6990415448363],[-0.28058694117065597,36.697660703866724],[-0.2909432484424583,36.68680957951521],[-0.29239006502266013,36.68819042048479]]],[[[-0.2778582470368228,36.70196816580202],[-0.28348057433105966,36.70042238580587],[-0.2791401245904541,36.69627986289715],[-0.2778582470368228,36.70196816580202]]]]},"properties":{"speed":0.0781,"dir_deg":43.7,"type":"ضعيف"}},{"type":"Feature","geometry":{"type":"MultiPolygon","coordinates":[[[[-0.2508455291014647,36.68803392933856],[-0.24283658902304744,36.70071686586053],[-0.24114553082011808,36.69964900718341],[-0.24915447089853532,36.68696607066144],[-0.2508455291014647,36.68803392933856]]],[[[-0.239321413228777,36.7044105820293],[-0.24452764722597678,36.70178472453765],[-0.23945447261718875,36.698581148506285],[-0.239321413228777,36.7044105820293]]]]},"properties":{"speed":0.166,"dir_deg":32.3,"type":"ضعيف"}},{"type":"Feature","geometry":{"type":"MultiPolygon","coordinates":[[[[-0.20919595767959864,36.68800583660188],[-0.20160840865138052,36.70094527630167],[-0.19988315002474244,36.699933603097904],[-0.20747069905296056,36.68699416339812],[-0.20919595767959864,36.68800583660188]]],[[[-0.19821659632865543,36.70475258626638],[-0.20333366727801858,36.70195694950543],[-0.19815789139810439,36.69892192989414],[-0.19821659632865543,36.70475258626638]]]]},"properties":{"speed":0.2696,"dir_deg":30.4,"type":"ضعيف"}},{"type":"Feature","geometry":{"type":"MultiPolygon","coordinates":[[[[-0.16750022021464747,36.6880524461632],[-0.1592135277666468,36.7005556748771],[-0.15754643060479265,36.699450782550706],[-0.16583312305279332,36.6869475538368],[-0.16750022021464747,36.6880524461632]]],[[[-0.1556177483697195,36.704170971618545],[-0.16088062492850097,36.701660567203504],[-0.15587933344293847,36.6983458902243],[-0.1556177483697195,36.704170971618545]]]]},"properties":{"speed":0.382,"dir_deg":33.5,"type":"متوسط"}},{"type":"Feature","geometry":{"type":"MultiPolygon","coordinates":[[[[-0.1257760665605375,36.68813065100778],[-0.11631630144381895,36.699771649415844],[-0.11476416832274396,36.69851034740028],[-0.1242239334394625,36.68686934899222],[-0.1257760665605375,36.68813065100778]]],[[[-0.11238697984437526,36.70302133121075],[-0.11786843456489396,36.70103295143141],[-0.11321203520166895,36.697249045384716],[-0.11238697984437526,36.70302133121075]]]]},"properties":{"speed":0.4379,"dir_deg":39.1,"type":"متوسط"}},{"type":"Feature","geometry":{"type":"MultiPolygon","coordinates":[[[[-0.08410976769039176,36.68813020119467],[-0.07465674977033263,36.69977667929764],[-0.0731038860232695,36.69851627690831],[-0.08255690394332864,36.68686979880533],[-0.08410976769039176,36.68813020119467]]],[[[-0.07072931192344802,36.70302863747063],[-0.07620961351739576,36.701037081686984],[-0.07155102227620637,36.697255874518966],[-0.07072931192344802,36.70302863747063]]]]},"properties":{"speed":0.4802,"dir_deg":39.1,"type":"متوسط"}},{"type":"Feature","geometry":{"type":"MultiPolygon","coordinates":[[[[-0.04244583507760847,36.68812681617917],[-0.03304359238999519,36.69981432371684],[-0.03148525805163845,36.6985606913585],[-0.04088750073925173,36.68687318382083],[-0.04244583507760847,36.68812681617917]]],[[[-0.029130344324945726,36.70308334338357],[-0.03460192672835193,36.70106795607519],[-0.029926923713281713,36.69730705900015],[-0.029130344324945726,36.70308334338357]]]]},"properties":{"speed":0.5405,"dir_deg":38.8,"type":"متوسط"}},{"type":"Feature","geometry":{"type":"MultiPolygon","coordinates":[[[[-0.0007417459714934452,36.68817068093291],[0.009318468022203716,36.699296870505314],[0.010801959965190606,36.69795550863949],[0.0007417459714934452,36.68682931906709],[-0.0007417459714934452,36.68817068093291]]],[[[0.013413618658262882,36.702334919429866],[0.007834976079216826,36.70063823237114],[0.012285451908177496,36.69661414677366],[0.013413618658262882,36.702334919429866]]]]},"properties":{"speed":0.5976,"dir_deg":42.1,"type":"قوي"}},{"type":"Feature","geometry":{"type":"MultiPolygon","coordinates":[[[[0.04095964691509184,36.68820719255863],[0.05156753529451355,36.698812507458705],[0.05298157728119007,36.69739812234145],[0.04237368890176836,36.68679280744137],[0.04095964691509184,36.68820719255863]]],[[[0.05581051908099238,36.70164041986676],[0.05015349330783703,36.70022689257596],[0.054395619267866596,36.69598373722419],[0.05581051908099238,36.70164041986676]]]]},"properties":{"speed":0.6182,"dir_deg":45.0,"type":"قوي"}},{"type":"Feature","geometry":{"type":"MultiPolygon","coordinates":[[[[0.082663614776776,36.688242612771546],[0.09380280635001964,36.69828842837281],[0.09514224843018804,36.69680320282972],[0.0840030568569444,36.686757387228454],[0.082663614776776,36.688242612771546]]],[[[0.09818559124785171,36.70089442080168],[0.09246336426985124,36.69977365391591],[0.09648169051035643,36.69531797728662],[0.09818559124785171,36.70089442080168]]]]},"properties":{"speed":0.6228,"dir_deg":48.0,"type":"قوي"}},{"type":"Feature","geometry":{"type":"MultiPolygon","coordinates":[[[[0.12441052761287473,36.68830778852729],[0.1365273555221829,36.697149874334166],[0.1377063002964334,36.695534297279586],[0.12558947238712526,36.68669221147271],[0.12441052761287473,36.68830778852729]]],[[[0.1411557705457442,36.69928944774251],[0.13534841074793236,36.69876545138874],[0.13888524507068395,36.693918720225014],[0.1411557705457442,36.69928944774251]]]]},"properties":{"speed":0.6398,"dir_deg":53.9,"type":"قوي"}},{"type":"Feature","geometry":{"type":"MultiPolygon","coordinates":[[[[0.16619313934934188,36.68838077646179],[0.1794047862762595,36.69548376072747],[0.18035185084501654,36.69372220780389],[0.16714020391809892,36.68661922353821],[0.16619313934934188,36.68838077646179]]],[[[0.18428220086961056,36.69697064568757],[0.17845772170750243,36.69724531365106],[0.1812989154137736,36.6919606548803],[0.18428220086961056,36.69697064568757]]]]},"properties":{"speed":0.6389,"dir_deg":61.7,"type":"قوي"}},{"type":"Feature","geometry":{"type":"MultiPolygon","coordinates":[[[[0.20798090672299022,36.688435841324875],[0.2220185265960945,36.693722165974215],[0.22272336988267327,36.691850483324465],[0.208685750009569,36.686564158675125],[0.20798090672299022,36.688435841324875]]],[[[0.227050154863752,36.69454843286579],[0.22131368330951573,36.695593848623965],[0.22342821316925204,36.689978800674716],[0.227050154863752,36.69454843286579]]]]},"properties":{"speed":0.6249,"dir_deg":69.4,"type":"قوي"}},{"type":"Feature","geometry":{"type":"MultiPolygon","coordinates":[[[[0.24978307875511407,36.688476189107455],[0.26442591536696486,36.69173000778074],[0.2648597578567367,36.68977762956583],[0.2502169212448859,36.686523810892545],[0.24978307875511407,36.688476189107455]]],[[[0.26952378214913436,36.69183842489772],[0.26399207287719306,36.69368238599566],[0.2652936003465085,36.687825251350915],[0.26952378214913436,36.69183842489772]]]]},"properties":{"speed":0.6119,"dir_deg":77.5,"type":"قوي"}},{"type":"Feature","geometry":{"type":"MultiPolygon","coordinates":[[[[0.29158608354594034,36.68849674869531],[0.30653731397555944,36.68970534649459],[0.30669846034879716,36.68771184910398],[0.29174722991917806,36.68650325130469],[0.29158608354594034,36.68849674869531]]],[[[0.311601630638718,36.68911146373238],[0.30637616760232167,36.691698843885206],[0.30685960672203494,36.68571835171336],[0.311601630638718,36.68911146373238]]]]},"properties":{"speed":0.6087,"dir_deg":85.4,"type":"قوي"}},{"type":"Feature","geometry":{"type":"MultiPolygon","coordinates":[[[[0.33340564648438714,36.68849738269727],[0.34836638694347943,36.68741283444307],[0.34822178050958674,36.68541806904853],[0.33326104005049445,36.68650261730273],[0.33340564648438714,36.68849738269727]]],[[[0.3532809972128972,36.68605393566107],[0.3485109933773722,36.68940759983762],[0.348077174075694,36.68342330365398],[0.3532809972128972,36.68605393566107]]]]},"properties":{"speed":0.6184,"dir_deg":94.1,"type":"قوي"}},{"type":"Feature","geometry":{"type":"MultiPolygon","coordinates":[[[[0.37518656686038826,36.6884824422663],[0.38992320085482857,36.68568393936047],[0.38955006713405205,36.683719054827876],[0.37481343313961174,36.6865175577337],[0.37518656686038826,36.6884824422663]]],[[[0.3946488453259204,36.68376866279223],[0.39029633457560514,36.68764882389306],[0.38917693341327547,36.681754170295285],[0.3946488453259204,36.68376866279223]]]]},"properties":{"speed":0.6343,"dir_deg":100.8,"type":"قوي"}},{"type":"Feature","geometry":{"type":"MultiPolygon","coordinates":[[[[0.41694879494507475,36.688459373769206],[0.43133940148314903,36.68422730058147],[0.43077512505811794,36.68230855304306],[0.41638451852004366,36.686540626230794],[0.41694879494507475,36.688459373769206]]],[[[0.43585413211665824,36.68185723574969],[0.4319036779081802,36.68614604811988],[0.4302108486330868,36.680389805504646],[0.43585413211665824,36.68185723574969]]]]},"properties":{"speed":0.6513,"dir_deg":106.4,"type":"قوي"}},{"type":"Feature","geometry":{"type":"MultiPolygon","coordinates":[[[[0.45870418380872696,36.688428696555896],[0.4726346321472112,36.682866088436604],[0.47189295106463885,36.68100869532481],[0.45796250272615463,36.686571303444104],[0.45870418380872696,36.688428696555896]]],[[[0.4769072743854198,36.680083189174276],[0.4733763132297836,36.6847234815484],[0.47115126998206647,36.679151302213015],[0.4769072743854198,36.680083189174276]]]]},"properties":{"speed":0.661,"dir_deg":111.8,"type":"قوي"}},{"type":"Feature","geometry":{"type":"MultiPolygon","coordinates":[[[[0.5004650651323175,36.68838527646682],[0.513744212134594,36.681409299482056],[0.512814081869959,36.67963874654842],[0.4995349348676825,36.68661472353318],[0.5004650651323175,36.68838527646682]]],[[[0.5177055293363687,36.67819869735365],[0.5146743423992289,36.68317985241569],[0.5118839516053241,36.677868193614785],[0.5177055293363687,36.67819869735365]]]]},"properties":{"speed":0.6651,"dir_deg":117.7,"type":"قوي"}},{"type":"Feature","geometry":{"type":"MultiPolygon","coordinates":[[[[0.5421935031814812,36.68834997895319],[0.5549431874793272,36.6804477292542],[0.5538895541861281,36.678747771347815],[0.541139869888282,36.68665002104681],[0.5421935031814812,36.68834997895319]]],[[[0.5586662655986763,36.67696366706801],[0.5559968207725265,36.68214768716057],[0.5528359208929288,36.67704781344144],[0.5586662655986763,36.67696366706801]]]]},"properties":{"speed":0.689,"dir_deg":121.8,"type":"قوي"}},{"type":"Feature","geometry":{"type":"MultiPolygon","coordinates":[[[[0.583872439012263,36.68834222541188],[0.5965058201904591,36.68025534220471],[0.5954275690961698,36.67857089138095],[0.5827941879179738,36.68665777458812],[0.583872439012263,36.68834222541188]]],[[[0.600177821702713,36.676717489057104],[0.5975840712847483,36.68193979302847],[0.5943493180018805,36.67688644055719],[0.600177821702713,36.676717489057104]]]]},"properties":{"speed":0.7119,"dir_deg":122.6,"type":"قوي"}},{"type":"Feature","geometry":{"type":"MultiPolygon","coordinates":[[[[0.6255323073596876,36.68834655116492],[0.6382305748334431,36.68036194076961],[0.637165960114068,36.67866883843977],[0.6244676926403124,36.68665344883508],[0.6255323073596876,36.68834655116492]]],[[[0.6419310232983407,36.676853852806246],[0.6392951895528184,36.68205504309944],[0.6361013453946928,36.67697573610994],[0.6419310232983407,36.676853852806246]]]]},"properties":{"speed":0.7071,"dir_deg":122.2,"type":"قوي"}},{"type":"Feature","geometry":{"type":"MultiPolygon","coordinates":[[[[0.6671763481409159,36.68836037494579],[0.6800819723276914,36.680715450855274],[0.6790626491156229,36.6789947009637],[0.6661570249288473,36.68663962505421],[0.6671763481409159,36.68836037494579]]],[[[0.6838741854505823,36.677306767879315],[0.6811012955397598,36.68243620074684],[0.6780433259035544,36.67727395107213],[0.6838741854505823,36.677306767879315]]]]},"properties":{"speed":0.6632,"dir_deg":120.6,"type":"قوي"}},{"type":"Feature","geometry":{"type":"MultiPolygon","coordinates":[[[[0.7088011483528851,36.688383815884556],[0.7220583866211809,36.68136629256806],[0.7211227168456475,36.679598660798945],[0.7078654785773517,36.686616184115444],[0.7088011483528851,36.688383815884556]]],[[[0.7260096311561796,36.67814330224466],[0.7229940563967144,36.68313392433716],[0.720187047070114,36.67783102902984],[0.7260096311561796,36.67814330224466]]]]},"properties":{"speed":0.5836,"dir_deg":117.9,"type":"قوي"}},{"type":"Feature","geometry":{"type":"MultiPolygon","coordinates":[[[[0.7503878124665858,36.688421738298416],[0.7642138869427753,36.682604551299626],[0.7634382620096036,36.680761074702794],[0.7496121875334142,36.686578261701584],[0.7503878124665858,36.688421738298416]]],[[[0.7684347659682527,36.67974375066829],[0.7649895118759469,36.68444802789645],[0.762662637076432,36.67891759810597],[0.7684347659682527,36.67974375066829]]]]},"properties":{"speed":0.4813,"dir_deg":112.8,"type":"متوسط"}},{"type":"Feature","geometry":{"type":"MultiPolygon","coordinates":[[[[0.7919096138169257,36.688470044501884],[0.8064602813452109,36.68482613527122],[0.8059744267811226,36.682886046267456],[0.7914237592528375,36.686529955498116],[0.7919096138169257,36.688470044501884]]],[[[0.8110675765725952,36.682641454359114],[0.8069461359092992,36.686766224275],[0.8054885722170343,36.68094595726368],[0.8110675765725952,36.682641454359114]]]]},"properties":{"speed":0.3972,"dir_deg":104.1,"type":"متوسط"}},{"type":"Feature","geometry":{"type":"MultiPolygon","coordinates":[[[[0.8334377869429808,36.68849452767303],[0.8483557020384374,36.6869274255051],[0.8481467550827126,36.68493837015904],[0.833228839987256,36.68650547232697],[0.8334377869429808,36.68849452767303]]],[[[0.8532238669257272,36.68541053044275],[0.8485646489941622,36.68891648085116],[0.8479378081269878,36.68294931481297],[0.8532238669257272,36.68541053044275]]]]},"properties":{"speed":0.3671,"dir_deg":96.0,"type":"متوسط"}},{"type":"Feature","geometry":{"type":"MultiPolygon","coordinates":[[[[0.8749642145430208,36.68849935949541],[0.8899546069741907,36.6890361413501],[0.8900261778881492,36.68703742235928],[0.8750357854569792,36.68650064050459],[0.8749642145430208,36.68849935949541]]],[[[0.8949871899082266,36.688215709139584],[0.8898830360602323,36.69103486034093],[0.8900977488021076,36.685038703368456],[0.8949871899082266,36.688215709139584]]]]},"properties":{"speed":0.3751,"dir_deg":87.9,"type":"متوسط"}},{"type":"Feature","geometry":{"type":"MultiPolygon","coordinates":[[[[0.9165340917024682,36.688491170323616],[0.93140164655671,36.690480092809814],[0.9316668362215367,36.68849775216258],[0.9167992813672949,36.686508829676384],[0.9165340917024682,36.688491170323616]]],[[[0.936490093007204,36.69015189664827],[0.9311364568918833,36.692462433457045],[0.9319320258863634,36.68651541151535],[0.936490093007204,36.69015189664827]]]]},"properties":{"speed":0.4066,"dir_deg":82.4,"type":"متوسط"}},{"type":"Feature","geometry":{"type":"MultiPolygon","coordinates":[[[[0.9581591683220188,36.688484719995294],[0.9729299682514516,36.69109689714179],[0.9732782585376509,36.6891274571512],[0.9585074586082181,36.686515280004706],[0.9581591683220188,36.688484719995294]]],[[[0.9780277133710289,36.69098290286199],[0.9725816779652524,36.69306633713238],[0.9736265488238501,36.68715801716061],[0.9780277133710289,36.69098290286199]]]]},"properties":{"speed":0.439,"dir_deg":80.0,"type":"متوسط"}},{"type":"Feature","geometry":{"type":"MultiPolygon","coordinates":[[[[0.9997881913557117,36.688477311157314],[1.014447858715378,36.69165444082164],[1.0148714760039548,36.68969981850701],[1.0002118086442884,36.686522688842686],[0.9997881913557117,36.688477311157314]]],[[[1.019546223146222,36.69173617288577],[1.0140242414268015,36.69360906313626],[1.0152950932925313,36.68774519619239],[1.019546223146222,36.69173617288577]]]]},"properties":{"speed":0.4731,"dir_deg":77.8,"type":"متوسط"}}]}