{"type":"FeatureCollection","date":"2026-09-10","features":[{"type":"Feature","geometry":{"type":"MultiPolygon","coordinates":[[[[-0.24904319881331066,35.854458681227435],[-0.2446820538880959,35.84010666342709],[-0.2465956562614746,35.83952517743707],[-0.25095680118668934,35.85387719523741],[-0.24904319881331066,35.854458681227435]]],[[[-0.24418514009971368,35.835031914498636],[-0.24276845151471727,35.840688149417126],[-0.24850925863485324,35.838943691447035],[-0.24418514009971368,35.835031914498636]]]]},"properties":{"speed":0.0408,"dir_deg":163.1,"type":"ضعيف"}},{"type":"Feature","geometry":{"type":"MultiPolygon","coordinates":[[[[-0.20744266960567256,35.854622610611344],[-0.20062258392185311,35.841262729202235],[-0.2024039014430672,35.84035338444439],[-0.20922398712688664,35.8537132658535],[-0.20744266960567256,35.854622610611344]]],[[[-0.19923988078785365,35.83635476302028],[-0.19884126640063907,35.84217207396008],[-0.20418521896428124,35.83944403968655],[-0.19923988078785365,35.83635476302028]]]]},"properties":{"speed":0.0376,"dir_deg":153.0,"type":"ضعيف"}},{"type":"Feature","geometry":{"type":"MultiPolygon","coordinates":[[[[-0.16601592792196285,35.854927235685075],[-0.15462646613214132,35.84516608000871],[-0.15592795355565642,35.8436474851034],[-0.16731741534547795,35.85340864077977],[-0.16601592792196285,35.854927235685075]]],[[[-0.151480722580625,35.84115306399727],[-0.15332497870862624,35.84668467491402],[-0.1572294409791715,35.84212889019809],[-0.151480722580625,35.84115306399727]]]]},"properties":{"speed":0.0455,"dir_deg":130.6,"type":"ضعيف"}},{"type":"Feature","geometry":{"type":"MultiPolygon","coordinates":[[[[-0.12431094234140912,35.85489264475449],[-0.11344034451029229,35.84455677987563],[-0.11481845982747406,35.84310736683149],[-0.12568905765859087,35.85344323171035],[-0.12431094234140912,35.85489264475449]]],[[[-0.1105058695585109,35.8403867850606],[-0.11206222919311053,35.84600619291978],[-0.11619657514465583,35.84165795378734],[-0.1105058695585109,35.8403867850606]]]]},"properties":{"speed":0.0589,"dir_deg":133.6,"type":"ضعيف"}},{"type":"Feature","geometry":{"type":"MultiPolygon","coordinates":[[[[-0.08245361634640186,35.85464343129578],[-0.07532122039611211,35.8414476392389],[-0.07708065933702879,35.84049665311219],[-0.08421305528731854,35.85369244516907],[-0.08245361634640186,35.85464343129578]]],[[[-0.0738234745498072,35.83657354882325],[-0.07356178145519542,35.842398625365604],[-0.07884009827794548,35.83954566698549],[-0.0738234745498072,35.83657354882325]]]]},"properties":{"speed":0.0454,"dir_deg":151.6,"type":"ضعيف"}},{"type":"Feature","geometry":{"type":"MultiPolygon","coordinates":[[[[-0.04068430464499656,35.85435492063442],[-0.03787956861505591,35.839619471682916],[-0.03984429514192299,35.83924550687892],[-0.04264903117186364,35.85398095583042],[-0.04068430464499656,35.85435492063442]]],[[[-0.037927019868509236,35.83452067296375],[-0.035914842088188834,35.83999343648691],[-0.04180902166879007,35.838871542074926],[-0.037927019868509236,35.83452067296375]]]]},"properties":{"speed":0.0247,"dir_deg":169.2,"type":"ضعيف"}},{"type":"Feature","geometry":{"type":"MultiPolygon","coordinates":[[[[-0.2926626656992083,35.89592131499359],[-0.2913238673089412,35.91086144949333],[-0.28933184937564305,35.9106829430413],[-0.2906706477659101,35.89574280854156],[-0.2926626656992083,35.89592131499359]]],[[[-0.2898815922122031,35.91575224110056],[-0.29331588524223945,35.91103995594537],[-0.2873398314423448,35.910504436589264],[-0.2898815922122031,35.91575224110056]]]]},"properties":{"speed":0.1111,"dir_deg":5.1,"type":"ضعيف"}},{"type":"Feature","geometry":{"type":"MultiPolygon","coordinates":[[[[-0.2509144709613001,35.895427410237325],[-0.2569842439151462,35.90914447465683],[-0.255155301992546,35.909953777717334],[-0.24908552903869988,35.89623671329783],[-0.2509144709613001,35.895427410237325]]],[[[-0.2580930306051281,35.91412148099358],[-0.25881318583774643,35.90833517159631],[-0.25332636006994574,35.91076308077785],[-0.2580930306051281,35.91412148099358]]]]},"properties":{"speed":0.0094,"dir_deg":336.1,"type":"ضعيف"}},{"type":"Feature","geometry":{"type":"MultiPolygon","coordinates":[[[[-0.2081123985502839,35.89485677205862],[-0.22274174418469025,35.89154282481868],[-0.22318360381668165,35.8934934042366],[-0.2085542581822753,35.89680735147654],[-0.2081123985502839,35.89485677205862]]],[[[-0.22783912254548805,35.89141346544766],[-0.22229988455269883,35.889592245400756],[-0.22362546344867307,35.89544398365452],[-0.22783912254548805,35.89141346544766]]]]},"properties":{"speed":0.038,"dir_deg":257.2,"type":"ضعيف"}},{"type":"Feature","geometry":{"type":"MultiPolygon","coordinates":[[[[-0.16624574755425384,35.8949249658965],[-0.17985218562041128,35.8886111047045],[-0.1806940337793444,35.89042529644666],[-0.16708759571318696,35.896739157638656],[-0.16624574755425384,35.8949249658965]]],[[[-0.18480858905526365,35.88741358017825],[-0.17901033746147818,35.886796912962346],[-0.1815358819382775,35.892239488188814],[-0.18480858905526365,35.88741358017825]]]]},"properties":{"speed":0.054,"dir_deg":245.1,"type":"ضعيف"}},{"type":"Feature","geometry":{"type":"MultiPolygon","coordinates":[[[[-0.12417177794402116,35.8952716617087],[-0.1325777788271874,35.88284833086902],[-0.1342342229391451,35.88396913098678],[-0.12582822205597885,35.89639246182646],[-0.12417177794402116,35.8952716617087]]],[[[-0.136208001177555,35.879267620648],[-0.13092133471522974,35.88172753075126],[-0.13589066705110278,35.88508993110453],[-0.136208001177555,35.879267620648]]]]},"properties":{"speed":0.0529,"dir_deg":214.1,"type":"ضعيف"}},{"type":"Feature","geometry":{"type":"MultiPolygon","coordinates":[[[[-0.08235380754306666,35.89563075513371],[-0.08537340705107875,35.880937831026806],[-0.08733246359866582,35.881340444294544],[-0.08431286409065374,35.89603336840145],[-0.08235380754306666,35.89563075513371]]],[[[-0.08735946849420965,35.876241496291705],[-0.08341435050349168,35.880535217759075],[-0.0892915201462529,35.881743057562275],[-0.08735946849420965,35.876241496291705]]]]},"properties":{"speed":0.0553,"dir_deg":191.6,"type":"ضعيف"}},{"type":"Feature","geometry":{"type":"MultiPolygon","coordinates":[[[[-0.04070035374501401,35.896089427145164],[-0.036839873081181,35.881594714693925],[-0.03877250140801318,35.881079983938754],[-0.04263298207184619,35.89557469638999],[-0.04070035374501401,35.896089427145164]]],[[[-0.03651936035665276,35.87650577849926],[-0.034907244754348817,35.8821094454491],[-0.040705129734845365,35.880565253183576],[-0.03651936035665276,35.87650577849926]]]]},"properties":{"speed":0.0443,"dir_deg":165.1,"type":"ضعيف"}},{"type":"Feature","geometry":{"type":"MultiPolygon","coordinates":[[[[0.0008702701704049867,35.896324636462936],[0.008258890600717873,35.883270583906864],[0.0065183502599079,35.88228543451615],[-0.0008702701704049867,35.89533948707222],[0.0008702701704049867,35.896324636462936]]],[[[0.00985149390708385,35.87842665835948],[0.009999430941527845,35.88425573329757],[0.004777809919097926,35.88130028512544],[0.00985149390708385,35.87842665835948]]]]},"properties":{"speed":0.0548,"dir_deg":150.5,"type":"ضعيف"}},{"type":"Feature","geometry":{"type":"MultiPolygon","coordinates":[[[[-0.4170014730513031,35.93844228341421],[-0.40286722183809315,35.94346452819537],[-0.4021975892006054,35.94157996136695],[-0.4163318404138153,35.93655771658579],[-0.4170014730513031,35.93844228341421]]],[[[-0.3978209884482793,35.94419632637488],[-0.40353685447558096,35.9453490950238],[-0.40152795656311757,35.93969539453852],[-0.3978209884482793,35.94419632637488]]]]},"properties":{"speed":0.3106,"dir_deg":70.4,"type":"متوسط"}},{"type":"Feature","geometry":{"type":"MultiPolygon","coordinates":[[[[-0.3752712712137679,35.93846250294991],[-0.3608337269651534,35.94253157115643],[-0.3602911845376176,35.94060656525661],[-0.3747287287862321,35.93653749705009],[-0.3752712712137679,35.93846250294991]]],[[[-0.35574994100184737,35.94292542427536],[-0.3613762693926892,35.94445657705624],[-0.35974864211008184,35.938681559356795],[-0.35574994100184737,35.94292542427536]]]]},"properties":{"speed":0.2538,"dir_deg":74.3,"type":"متوسط"}},{"type":"Feature","geometry":{"type":"MultiPolygon","coordinates":[[[[-0.33363418594724836,35.93845367378175],[-0.3193290792209288,35.942966313978864],[-0.31872739386131366,35.94105896641536],[-0.33303250058763323,35.93654632621825],[-0.33363418594724836,35.93845367378175]]],[[[-0.314259867632348,35.94351685359615],[-0.3199307645805439,35.944873661542374],[-0.3181257085016985,35.93915161885185],[-0.314259867632348,35.94351685359615]]]]},"properties":{"speed":0.1897,"dir_deg":72.5,"type":"ضعيف"}},{"type":"Feature","geometry":{"type":"MultiPolygon","coordinates":[[[[-0.292302117843301,35.93827213287505],[-0.2807201247175337,35.947804049536174],[-0.2794492024960501,35.946259783786076],[-0.2910311956218174,35.93672786712495],[-0.292302117843301,35.93827213287505]]],[[[-0.2762239992315362,35.95020922221484],[-0.2819910469390174,35.94934831528628],[-0.2781782802745664,35.94471551803597],[-0.2762239992315362,35.95020922221484]]]]},"properties":{"speed":0.1957,"dir_deg":50.5,"type":"ضعيف"}},{"type":"Feature","geometry":{"type":"MultiPolygon","coordinates":[[[[-0.25056797470785647,35.93832304600797],[-0.2382222845883061,35.94684266662582],[-0.23708633517259323,35.945196574609874],[-0.24943202529214356,35.93667695399203],[-0.25056797470785647,35.93832304600797]]],[[[-0.23353907984059954,35.94885949415713],[-0.23935823400401898,35.94848875864176],[-0.23595038575688035,35.943550482593935],[-0.23353907984059954,35.94885949415713]]]]},"properties":{"speed":0.1732,"dir_deg":55.4,"type":"ضعيف"}},{"type":"Feature","geometry":{"type":"MultiPolygon","coordinates":[[[[-0.20886273706630096,35.93834836691846],[-0.19613723328936222,35.94628949741878],[-0.1950784158893195,35.94459276358186],[-0.20780391966625825,35.93665163308154],[-0.20886273706630096,35.93834836691846]]],[[[-0.19136598999702795,35.948088174000425],[-0.19719605068940493,35.94798623125571],[-0.1940195984892768,35.94289602974493],[-0.19136598999702795,35.948088174000425]]]]},"properties":{"speed":0.1121,"dir_deg":58.0,"type":"ضعيف"}},{"type":"Feature","geometry":{"type":"MultiPolygon","coordinates":[[[[-0.16708156951514194,35.93840986798383],[-0.1534335497577493,35.94463333620515],[-0.15260375399490622,35.94281360023749],[-0.16625177375229885,35.93659013201617],[-0.16708156951514194,35.93840986798383]]],[[[-0.1484693119571969,35.94579795762843],[-0.15426334552059243,35.9464530721728],[-0.1517739582320631,35.94099386426984],[-0.1484693119571969,35.94579795762843]]]]},"properties":{"speed":0.0627,"dir_deg":65.5,"type":"ضعيف"}},{"type":"Feature","geometry":{"type":"MultiPolygon","coordinates":[[[[-0.12496314652724184,35.93849932068004],[-0.10997333632671648,35.93794651858867],[-0.11004704327223279,35.93594787722859],[-0.12503685347275817,35.93650067931996],[-0.12496314652724184,35.93849932068004]]],[[[-0.10501358639929952,35.93676293054484],[-0.10989962938120015,35.939945159948735],[-0.11012075021774911,35.933949235868525],[-0.10501358639929952,35.93676293054484]]]]},"properties":{"speed":0.0733,"dir_deg":92.1,"type":"ضعيف"}},{"type":"Feature","geometry":{"type":"MultiPolygon","coordinates":[[[[-0.08317306924028574,35.938487073768485],[-0.06836696271299612,35.93608307511987],[-0.06868749586614505,35.9341089275829],[-0.08349360239343466,35.936512926231515],[-0.08317306924028574,35.938487073768485]]],[[[-0.06359186044714071,35.93429466846851],[-0.0680464295598472,35.93805722265684],[-0.06900802901929397,35.93213478004593],[-0.06359186044714071,35.93429466846851]]]]},"properties":{"speed":0.0901,"dir_deg":99.2,"type":"ضعيف"}},{"type":"Feature","geometry":{"type":"MultiPolygon","coordinates":[[[[-0.041138996475069196,35.93834944856137],[-0.028397268054507846,35.930434377060955],[-0.029452610921229652,35.92873547993822],[-0.042194339341791,35.93665055143863],[-0.041138996475069196,35.93834944856137]]],[[[-0.024677696681014966,35.926946571332785],[-0.027341925187786036,35.9321332741837],[-0.030507953787951462,35.927036582815475],[-0.024677696681014966,35.926946571332785]]]]},"properties":{"speed":0.0603,"dir_deg":121.8,"type":"ضعيف"}},{"type":"Feature","geometry":{"type":"MultiPolygon","coordinates":[[[[0.0009442519257581651,35.93782922378514],[0.005882608702860167,35.92366544489877],[0.003994104851343836,35.92300699732849],[-0.0009442519257581651,35.93717077621486],[0.0009442519257581651,35.93782922378514]]],[[[0.00658447570280267,35.918614961484835],[0.007771112554376496,35.92432389246905],[0.002105600999827506,35.92234854975821],[0.00658447570280267,35.918614961484835]]]]},"properties":{"speed":0.0652,"dir_deg":160.8,"type":"ضعيف"}},{"type":"Feature","geometry":{"type":"MultiPolygon","coordinates":[[[[0.04263185117964964,35.93776157456482],[0.04655546965186874,35.923283825496526],[0.04462510310942966,35.92276067636689],[0.04070148463721056,35.93723842543518],[0.04263185117964964,35.93776157456482]]],[[[0.046898159204722234,35.91819633457561],[0.04848583619430782,35.92380697462615],[0.04269473656699058,35.922237527237264],[0.046898159204722234,35.91819633457561]]]]},"properties":{"speed":0.0955,"dir_deg":164.8,"type":"ضعيف"}},{"type":"Feature","geometry":{"type":"MultiPolygon","coordinates":[[[[-0.4169276507831395,35.98013327864158],[-0.4024475446457046,35.98404818940028],[-0.40192555654454404,35.982117508581965],[-0.4164056626819789,35.97820259782326],[-0.4169276507831395,35.98013327864158]]],[[[-0.39735984854931267,35.98438781924403],[-0.4029695327468652,35.98597887021861],[-0.40140356844338343,35.98018682776364],[-0.39735984854931267,35.98438781924403]]]]},"properties":{"speed":0.5321,"dir_deg":74.9,"type":"قوي"}},{"type":"Feature","geometry":{"type":"MultiPolygon","coordinates":[[[[-0.37524741595095445,35.98013684759207],[-0.36071377555623585,35.98384808685639],[-0.36021894365432694,35.98191026813709],[-0.37475258404904555,35.97819902887277],[-0.37524741595095445,35.98013684759207]]],[[[-0.3556218128070419,35.98411625725151],[-0.3612086074581447,35.98578590557568],[-0.3597241117524181,35.9799724494178],[-0.3556218128070419,35.98411625725151]]]]},"properties":{"speed":0.5485,"dir_deg":75.7,"type":"قوي"}},{"type":"Feature","geometry":{"type":"MultiPolygon","coordinates":[[[[-0.3335724112804477,35.98013894105691],[-0.3190073689131796,35.98372496125201],[-0.31852923288716584,35.98178295560304],[-0.3330942752544339,35.97819693540794],[-0.3335724112804477,35.98013894105691]]],[[[-0.31391328677775,35.98394929849256],[-0.3194855049391933,35.98566696690098],[-0.3180510968611521,35.97984094995407],[-0.31391328677775,35.98394929849256]]]]},"properties":{"speed":0.5358,"dir_deg":76.2,"type":"قوي"}},{"type":"Feature","geometry":{"type":"MultiPolygon","coordinates":[[[[-0.2919783056374359,35.980118135559344],[-0.2777253457336101,35.98479286913249],[-0.27710204792385673,35.982892474478646],[-0.29135500782768253,35.9782177409055],[-0.2919783056374359,35.980118135559344]]],[[[-0.2726627101941248,35.98540091632996],[-0.27834864354336336,35.986693263786336],[-0.27647875011410344,35.9809920798248],[-0.2726627101941248,35.98540091632996]]]]},"properties":{"speed":0.5147,"dir_deg":71.8,"type":"قوي"}},{"type":"Feature","geometry":{"type":"MultiPolygon","coordinates":[[[[-0.2503317104875906,35.980111319466296],[-0.2361809919795065,35.98508697678015],[-0.23551757100432522,35.983200214312404],[-0.24966828951240935,35.97822455699855],[-0.2503317104875906,35.980111319466296]]],[[[-0.23113237532255448,35.98580214798424],[-0.23684441295468778,35.986973739247894],[-0.23485415002914395,35.98131345184466],[-0.23113237532255448,35.98580214798424]]]]},"properties":{"speed":0.49,"dir_deg":70.6,"type":"قوي"}},{"type":"Feature","geometry":{"type":"MultiPolygon","coordinates":[[[[-0.20867645148689043,35.98010722866892],[-0.19458709493937507,35.98525407547808],[-0.1939008486981534,35.983375494605085],[-0.20799020524566877,35.97822864779592],[-0.20867645148689043,35.98010722866892]]],[[[-0.18954751963625913,35.98603040064464],[-0.19527334118059675,35.987132656351086],[-0.19321460245693173,35.98149691373208],[-0.18954751963625913,35.98603040064464]]]]},"properties":{"speed":0.4369,"dir_deg":69.9,"type":"قوي"}},{"type":"Feature","geometry":{"type":"MultiPolygon","coordinates":[[[[-0.16708872356212368,35.980074509889675],[-0.15349014870335656,35.986405288815725],[-0.15264604484655,35.98459214550122],[-0.16624461970531712,35.97826136657517],[-0.16708872356212368,35.980074509889675]]],[[[-0.14853523848869757,35.98760897680049],[-0.1543342525601631,35.988218432130225],[-0.15180194098974348,35.98277900218672],[-0.14853523848869757,35.98760897680049]]]]},"properties":{"speed":0.3304,"dir_deg":65.0,"type":"متوسط"}},{"type":"Feature","geometry":{"type":"MultiPolygon","coordinates":[[[[-0.12555968089546102,35.97999664644117],[-0.11312905776415369,35.98839185987309],[-0.11200969597323168,35.98673444345559],[-0.124440319104539,35.97833923002367],[-0.12555968089546102,35.97999664644117]]],[[[-0.10842583582492359,35.99036155614164],[-0.11424841955507571,35.9900492762906],[-0.11089033418230966,35.98507702703808],[-0.10842583582492359,35.99036155614164]]]]},"properties":{"speed":0.2512,"dir_deg":56.0,"type":"متوسط"}},{"type":"Feature","geometry":{"type":"MultiPolygon","coordinates":[[[[-0.08384634879301577,35.98002631908396],[-0.07097063601986796,35.98772151372629],[-0.06994461006755683,35.98600475202321],[-0.08282032284070463,35.97830955738088],[-0.08384634879301577,35.98002631908396]]],[[[-0.06616571878599645,35.98942819775554],[-0.07199666197217909,35.98943827542938],[-0.06891858411524569,35.98428799032013],[-0.06616571878599645,35.98942819775554]]]]},"properties":{"speed":0.2067,"dir_deg":59.1,"type":"ضعيف"}},{"type":"Feature","geometry":{"type":"MultiPolygon","coordinates":[[[[-0.04192177373478647,35.9801348513709],[-0.027418076657634637,35.983961438766244],[-0.026907865004921896,35.98202761248929],[-0.04141156208207373,35.978201025093945],[-0.04192177373478647,35.9801348513709]]],[[[-0.02232840513889432,35.98427005475955],[-0.027928288310347375,35.9858952650432],[-0.026397653352209158,35.980093786212336],[-0.02232840513889432,35.98427005475955]]]]},"properties":{"speed":0.1298,"dir_deg":75.2,"type":"ضعيف"}},{"type":"Feature","geometry":{"type":"MultiPolygon","coordinates":[[[[0.0004588007218815742,35.98005647742548],[0.013786888617758196,35.97317446659726],[0.012869287173995048,35.971397388211145],[-0.0004588007218815742,35.978279399039366],[0.0004588007218815742,35.98005647742548]]],[[[0.017770783861168832,35.969991923794794],[0.014704490061521344,35.97495154498338],[0.0119516857302319,35.969620309825025],[0.017770783861168832,35.969991923794794]]]]},"properties":{"speed":0.0634,"dir_deg":117.3,"type":"ضعيف"}},{"type":"Feature","geometry":{"type":"MultiPolygon","coordinates":[[[[0.042544728293802035,35.97964648808316],[0.04972297605485835,35.966475582302586],[0.04796685528411448,35.965518482601105],[0.040788607523058164,35.97868938838168],[0.042544728293802035,35.97964648808316]]],[[[0.05123766492317185,35.961606730524984],[0.05147909682560222,35.96743268200406],[0.046210734513370606,35.96456138289963],[0.05123766492317185,35.961606730524984]]]]},"properties":{"speed":0.0979,"dir_deg":151.4,"type":"ضعيف"}},{"type":"Feature","geometry":{"type":"MultiPolygon","coordinates":[[[[0.08424553757770828,35.97957767955021],[0.09039165734458328,35.96589465313749],[0.08856725382288712,35.96507517050191],[0.08242113405601212,35.97875819691463],[0.08424553757770828,35.97957767955021]]],[[[0.09152816217269354,35.96092390301546],[0.09221606086627945,35.966714135773074],[0.08674285030119094,35.96425568786633],[0.09152816217269354,35.96092390301546]]]]},"properties":{"speed":0.1513,"dir_deg":155.8,"type":"ضعيف"}},{"type":"Feature","geometry":{"type":"MultiPolygon","coordinates":[[[[-0.416909814590132,36.02180204849754],[-0.4023600136407156,36.025449416361134],[-0.40187369792557004,36.02350944290121],[-0.4164234988749864,36.019862075037615],[-0.416909814590132,36.02180204849754]]],[[[-0.39726692213333736,36.02569521891903],[-0.4028463293558612,36.02738938982105],[-0.40138738221042447,36.02156946944129],[-0.39726692213333736,36.02569521891903]]]]},"properties":{"speed":0.5157,"dir_deg":75.9,"type":"قوي"}},{"type":"Feature","geometry":{"type":"MultiPolygon","coordinates":[[[[-0.3752668685688078,36.02179579470101],[-0.3608108745673198,36.02579882323313],[-0.3602771374297042,36.02387135736626],[-0.3747331314311922,36.01986832883414],[-0.3752668685688078,36.02179579470101]]],[[[-0.3557253413313493,36.026169433143735],[-0.36134461170493537,36.027726289099995],[-0.3597434002920886,36.0219438914994],[-0.3557253413313493,36.026169433143735]]]]},"properties":{"speed":0.556,"dir_deg":74.5,"type":"قوي"}},{"type":"Feature","geometry":{"type":"MultiPolygon","coordinates":[[[[-0.3336094006947658,36.02179320291061],[-0.319192283549365,36.02593406432048],[-0.318640168694715,36.02401178203442],[-0.3330572858401158,36.01987092062455],[-0.3336094006947658,36.02179320291061]]],[[[-0.3141105204069064,36.02635321031408],[-0.319744398404015,36.027856346606534],[-0.31808805384006505,36.02208949974837],[-0.3141105204069064,36.02635321031408]]]]},"properties":{"speed":0.5901,"dir_deg":74.0,"type":"قوي"}},{"type":"Feature","geometry":{"type":"MultiPolygon","coordinates":[[[[-0.2918982637629658,36.02180487119571],[-0.277306122340957,36.02527897665181],[-0.2768429082801438,36.02333335779554],[-0.2914350497021526,36.019859252339444],[-0.2918982637629658,36.02180487119571]]],[[[-0.27221046816988076,36.02546420237571],[-0.2777693364017701,36.02722459550808],[-0.2763796942193307,36.021387738939275],[-0.27221046816988076,36.02546420237571]]]]},"properties":{"speed":0.6072,"dir_deg":76.6,"type":"قوي"}},{"type":"Feature","geometry":{"type":"MultiPolygon","coordinates":[[[[-0.2501999518024632,36.02181186750174],[-0.23550286579007151,36.02481114453869],[-0.23510296218514515,36.022851533070366],[-0.24980004819753682,36.01985225603342],[-0.2501999518024632,36.02181186750174]]],[[[-0.2304038853168111,36.02483109781684],[-0.23590276939499785,36.026770756007004],[-0.2347030585802188,36.02089192160205],[-0.2304038853168111,36.02483109781684]]]]},"properties":{"speed":0.6047,"dir_deg":78.5,"type":"قوي"}},{"type":"Feature","geometry":{"type":"MultiPolygon","coordinates":[[[[-0.2085310778401076,36.02181231436033],[-0.19382728894879903,36.02477855646775],[-0.19343179000114302,36.02281805128224],[-0.2081355788924516,36.019851809174824],[-0.2085310778401076,36.02181231436033]]],[[[-0.1887282765112015,36.02478705124414],[-0.194222787896455,36.02673906165326],[-0.19303629105348705,36.020857546096735],[-0.1887282765112015,36.02478705124414]]]]},"properties":{"speed":0.5727,"dir_deg":78.6,"type":"قوي"}},{"type":"Feature","geometry":{"type":"MultiPolygon","coordinates":[[[[-0.1669210480097728,36.021799167066554],[-0.15241446852514068,36.02561481270734],[-0.15190571577303585,36.02368060210939],[-0.16641229525766799,36.0198649564686],[-0.1669210480097728,36.021799167066554]]],[[[-0.1473245656542109,36.02591958928863],[-0.1529232212772455,36.02754902330529],[-0.15139696302093103,36.021746391511435],[-0.1473245656542109,36.02591958928863]]]]},"properties":{"speed":0.5061,"dir_deg":75.3,"type":"قوي"}},{"type":"Feature","geometry":{"type":"MultiPolygon","coordinates":[[[[-0.12546666688198418,36.0217164949314],[-0.11220016942473071,36.02871649816116],[-0.11126683566076237,36.02694763183352],[-0.12453333311801583,36.01994762860376],[-0.12546666688198418,36.0217164949314]]],[[[-0.10731133672366205,36.03016539940726],[-0.11313350318869907,36.03048536448879],[-0.11033350189679401,36.02517876550589],[-0.10731133672366205,36.03016539940726]]]]},"properties":{"speed":0.4344,"dir_deg":62.2,"type":"قوي"}},{"type":"Feature","geometry":{"type":"MultiPolygon","coordinates":[[[[-0.08389031652633662,36.02166258719721],[-0.07143243508180493,36.03001729783936],[-0.07031847366285209,36.02835624698009],[-0.08277635510738378,36.02000153633794],[-0.08389031652633662,36.02166258719721]]],[[[-0.06672282722415127,36.03197167595711],[-0.07254639650075777,36.03167834869863],[-0.06920451224389924,36.02669519612082],[-0.06672282722415127,36.03197167595711]]]]},"properties":{"speed":0.3648,"dir_deg":56.2,"type":"متوسط"}},{"type":"Feature","geometry":{"type":"MultiPolygon","coordinates":[[[[-0.04215710018917949,36.02170354107198],[-0.029084910623167058,36.02906002528322],[-0.028104046061668282,36.02731706667442],[-0.04117623562768071,36.01996058246318],[-0.04215710018917949,36.02170354107198]]],[[[-0.02423708182041353,36.03064070738257],[-0.030065775184665838,36.03080298389202],[-0.027123181500169503,36.02557410806562],[-0.02423708182041353,36.03064070738257]]]]},"properties":{"speed":0.2985,"dir_deg":60.6,"type":"متوسط"}},{"type":"Feature","geometry":{"type":"MultiPolygon","coordinates":[[[[-0.00036157250805574586,36.02176440576065],[0.01362358738803098,36.02718799338149],[0.014346732404142472,36.02532330539535],[0.00036157250805574586,36.01989971777451],[-0.00036157250805574586,36.02176440576065]]],[[[0.01864687986144897,36.02806351192869],[0.012900442371919488,36.02905268136764],[0.015069877420253964,36.0234586174092],[0.01864687986144897,36.02806351192869]]]]},"properties":{"speed":0.2373,"dir_deg":68.8,"type":"متوسط"}},{"type":"Feature","geometry":{"type":"MultiPolygon","coordinates":[[[[0.04169283859832744,36.02183171925642],[0.05668770093090045,36.02143915890796],[0.05663535955110577,36.01943984393028],[0.04164049721853276,36.01983240427874],[0.04169283859832744,36.02183171925642]]],[[[0.061659817685194115,36.02030864796963],[0.056740042310695134,36.02343847388563],[0.05658301817131108,36.017440528952605],[0.061659817685194115,36.02030864796963]]]]},"properties":{"speed":0.159,"dir_deg":91.5,"type":"ضعيف"}},{"type":"Feature","geometry":{"type":"MultiPolygon","coordinates":[[[[0.08389920489111889,36.02165655688024],[0.0962666315809951,36.01316852076636],[0.09513489343247772,36.01151953054104],[0.0827674667426015,36.02000756665492],[0.08389920489111889,36.02165655688024]]],[[[0.09982323807002848,36.00951468028241],[0.09739836972951249,36.01481751099167],[0.09400315528396033,36.009870540315724],[0.09982323807002848,36.00951468028241]]]]},"properties":{"speed":0.1389,"dir_deg":124.5,"type":"ضعيف"}},{"type":"Feature","geometry":{"type":"MultiPolygon","coordinates":[[[[-0.41679565872998864,36.06349164433375],[-0.401920993723733,36.065426674295196],[-0.40166298972887415,36.06344338562769],[-0.41653765473512977,36.06150835566625],[-0.41679565872998864,36.06349164433375]]],[[[-0.3968337700575517,36.06508003994859],[-0.40217899771859184,36.06740996296269],[-0.40140498573401534,36.0614600969602],[-0.3968337700575517,36.06508003994859]]]]},"properties":{"speed":0.427,"dir_deg":82.6,"type":"قوي"}},{"type":"Feature","geometry":{"type":"MultiPolygon","coordinates":[[[[-0.37514611753205857,36.063489267237316],[-0.36030710897233154,36.065681030218194],[-0.3600148739082144,36.06370249574356],[-0.37485388246794143,36.061510732762684],[-0.37514611753205857,36.063489267237316]]],[[[-0.3552146552536973,36.06542235064117],[-0.3605993440364486,36.067659564692825],[-0.35972263884409733,36.06172396126893],[-0.3552146552536973,36.06542235064117]]]]},"properties":{"speed":0.4613,"dir_deg":81.6,"type":"قوي"}},{"type":"Feature","geometry":{"type":"MultiPolygon","coordinates":[[[[-0.33352961041120066,36.063480550461875],[-0.3188213534830981,36.06642455761828],[-0.31842881919557836,36.064463456694526],[-0.33313707612368093,36.061519449538125],[-0.33352961041120066,36.063480550461875]]],[[[-0.3137223340299707,36.0664253428752],[-0.3192138877706178,36.06838565854202],[-0.31803628490805863,36.06250235577078],[-0.3137223340299707,36.0664253428752]]]]},"properties":{"speed":0.5106,"dir_deg":78.7,"type":"قوي"}},{"type":"Feature","geometry":{"type":"MultiPolygon","coordinates":[[[[-0.29183890737352014,36.063485053154245],[-0.2770631100598412,36.06606881276866],[-0.2767186087779193,36.06409870646017],[-0.29149440609159827,36.061514946845755],[-0.29183890737352014,36.063485053154245]]],[[[-0.271965593647654,36.06594501281922],[-0.2774076113417631,36.06803891907715],[-0.2763741074959974,36.06212860015168],[-0.271965593647654,36.06594501281922]]]]},"properties":{"speed":0.5721,"dir_deg":80.1,"type":"قوي"}},{"type":"Feature","geometry":{"type":"MultiPolygon","coordinates":[[[[-0.25014441551256567,36.063489517134634],[-0.2353016584930851,36.06565574982312],[-0.23501282746795377,36.063676715553854],[-0.24985558448743433,36.061510482865366],[-0.25014441551256567,36.063489517134634]]],[[[-0.23020965730735926,36.065388310251315],[-0.2355904895182164,36.067634784092384],[-0.23472399644282246,36.06169768128459],[-0.23020965730735926,36.065388310251315]]]]},"properties":{"speed":0.6135,"dir_deg":81.7,"type":"قوي"}},{"type":"Feature","geometry":{"type":"MultiPolygon","coordinates":[[[[-0.20845465646743652,36.06349261245805],[-0.19356546959673493,36.0653125339754],[-0.1933228133944211,36.063327309059304],[-0.20821200026512268,36.06150738754195],[-0.20845465646743652,36.06349261245805]]],[[[-0.18848107920534415,36.06492656202314],[-0.19380812579904877,36.06729775889149],[-0.19308015719210725,36.06134208414321],[-0.18848107920534415,36.06492656202314]]]]},"properties":{"speed":0.6186,"dir_deg":83.0,"type":"قوي"}},{"type":"Feature","geometry":{"type":"MultiPolygon","coordinates":[[[[-0.16678319919874615,36.06349318745793],[-0.15188538732979834,36.065241100933314],[-0.15165233219974683,36.063254726017455],[-0.16655014406869464,36.06150681254207],[-0.16678319919874615,36.06349318745793]]],[[[-0.1468029224751233,36.06483055130052],[-0.15211844245984987,36.06722747584917],[-0.1514192770696953,36.061268351101596],[-0.1468029224751233,36.06483055130052]]]]},"properties":{"speed":0.584,"dir_deg":83.3,"type":"قوي"}},{"type":"Feature","geometry":{"type":"MultiPolygon","coordinates":[[[[-0.12526650854465365,36.063463832555804],[-0.110809020207602,36.06746146072561],[-0.11027600311829472,36.065533795614],[-0.12473349145534636,36.061536167444196],[-0.12526650854465365,36.063463832555804]]],[[[-0.10572334888393115,36.067830170893075],[-0.1113420372969093,36.06938912583722],[-0.10974298602898742,36.06360613050239],[-0.10572334888393115,36.067830170893075]]]]},"properties":{"speed":0.5636,"dir_deg":74.5,"type":"قوي"}},{"type":"Feature","geometry":{"type":"MultiPolygon","coordinates":[[[[-0.0837277381231459,36.06341893787646],[-0.06994366997621566,36.06933497247075],[-0.06915486536364425,36.06749709671782],[-0.08293893351057449,36.06158106212354],[-0.0837277381231459,36.06341893787646]]],[[[-0.06495457828761989,36.070388046125714],[-0.07073247458878706,36.071172848223675],[-0.06836606075107285,36.065659220964896],[-0.06495457828761989,36.070388046125714]]]]},"properties":{"speed":0.5647,"dir_deg":66.8,"type":"قوي"}},{"type":"Feature","geometry":{"type":"MultiPolygon","coordinates":[[[[-0.04213156287566581,36.06338536583932],[-0.028851075285831095,36.07035879034786],[-0.02792128535135967,36.068588058669214],[-0.04120177294119439,36.06161463416068],[-0.04213156287566581,36.06338536583932]]],[[[-0.023959351121983812,36.071797899344716],[-0.02978086522030252,36.0721295220265],[-0.026991495416888247,36.066817326990574],[-0.023959351121983812,36.071797899344716]]]]},"properties":{"speed":0.5447,"dir_deg":62.3,"type":"قوي"}},{"type":"Feature","geometry":{"type":"MultiPolygon","coordinates":[[[[-0.0004603753979017091,36.06338772433391],[0.012855489610671325,36.07029335530243],[0.013776240406474743,36.06851790663462],[0.0004603753979017091,36.06161227566609],[-0.0004603753979017091,36.06338772433391]]],[[[0.01775448667809738,36.07170750795803],[0.011934738814867908,36.07206880397024],[0.01469699120227816,36.06674245796681],[0.01775448667809738,36.07170750795803]]]]},"properties":{"speed":0.5019,"dir_deg":62.6,"type":"قوي"}},{"type":"Feature","geometry":{"type":"MultiPolygon","coordinates":[[[[0.04126424449043355,36.06341545365402],[0.05499604930064678,36.069451804923965],[0.05580089613663987,36.06762089761593],[0.042069091326426646,36.06158454634598],[0.04126424449043355,36.06341545365402]]],[[[0.0599757409887144,36.07054846835993],[0.05419120246465369,36.07128271223199],[0.056605742972632954,36.065789990307906],[0.0599757409887144,36.07054846835993]]]]},"properties":{"speed":0.4374,"dir_deg":66.3,"type":"قوي"}},{"type":"Feature","geometry":{"type":"MultiPolygon","coordinates":[[[[0.08304395211059759,36.06345721317926],[0.0974021497995029,36.0677979687732],[0.09798091721202812,36.065883542414674],[0.08362271952312281,36.06154278682074],[0.08304395211059759,36.06345721317926]]],[[[0.10247759940206728,36.06828767412525],[0.09682338238697769,36.06971239513172],[0.09855968462455333,36.06396911605616],[0.10247759940206728,36.06828767412525]]]]},"properties":{"speed":0.2932,"dir_deg":73.2,"type":"متوسط"}},{"type":"Feature","geometry":{"type":"MultiPolygon","coordinates":[[[[0.12447682586610344,36.06335222580671],[0.13726021296674523,36.07119983781516],[0.13830656123453838,36.06949538620174],[0.12552317413389658,36.06164777419329],[0.12447682586610344,36.06335222580671]]],[[[0.14204451613418906,36.072963482677935],[0.1362138646989521,36.07290428942858],[0.1393529095023315,36.06779093458832],[0.14204451613418906,36.072963482677935]]]]},"properties":{"speed":0.2223,"dir_deg":58.5,"type":"متوسط"}},{"type":"Feature","geometry":{"type":"MultiPolygon","coordinates":[[[[-0.41672647417755876,36.10516614756582],[-0.40175333417665754,36.10606340924081],[-0.40163369928665843,36.10406699057402],[-0.41660683928755965,36.103169728899026],[-0.41672647417755876,36.10516614756582]]],[[[-0.39670247006469095,36.10536428713241],[-0.4018729690666567,36.108059827907596],[-0.40151406439665926,36.102070571907234],[-0.39670247006469095,36.10536428713241]]]]},"properties":{"speed":0.3613,"dir_deg":86.6,"type":"متوسط"}},{"type":"Feature","geometry":{"type":"MultiPolygon","coordinates":[[[[-0.37506086737543065,36.10516608409481],[-0.36008867943956635,36.10607909472627],[-0.35996694468870505,36.10408280300149],[-0.37493913262456935,36.10316979237003],[-0.37506086737543065,36.10516608409481]]],[[[-0.35503708275218093,36.105385285741036],[-0.3602104141904277,36.10807538645105],[-0.3598452099378437,36.10208651127671],[-0.35503708275218093,36.105385285741036]]]]},"properties":{"speed":0.3759,"dir_deg":86.5,"type":"متوسط"}},{"type":"Feature","geometry":{"type":"MultiPolygon","coordinates":[[[[-0.33342020386028876,36.105164158708725],[-0.31847689671570817,36.10646706760144],[-0.31830317553001225,36.10447462664884],[-0.33324648267459284,36.10317171775612],[-0.33342020386028876,36.105164158708725]]],[[[-0.31340893374133333,36.10590515008938],[-0.31865061790140403,36.108459508554056],[-0.3181294543443164,36.102482185696225],[-0.31340893374133333,36.10590515008938]]]]},"properties":{"speed":0.3886,"dir_deg":85.0,"type":"متوسط"}},{"type":"Feature","geometry":{"type":"MultiPolygon","coordinates":[[[[-0.291778549988419,36.105161658464326],[-0.27687274650987603,36.10684005730222],[-0.2766489599981564,36.104852616838414],[-0.2915547634766994,36.10317421800052],[-0.291778549988419,36.105161658464326]]],[[[-0.27179225209450186,36.10640580334962],[-0.2770965330215957,36.10882749776603],[-0.27642517348643675,36.10286517637461],[-0.27179225209450186,36.10640580334962]]]]},"properties":{"speed":0.4165,"dir_deg":83.6,"type":"قوي"}},{"type":"Feature","geometry":{"type":"MultiPolygon","coordinates":[[[[-0.2501471062730741,36.105157058924966],[-0.23531029588488747,36.10736365302108],[-0.23501608333873922,36.10538541163599],[-0.24985289372692587,36.10317881753988],[-0.2501471062730741,36.105157058924966]]],[[[-0.23021758614908447,36.1071100636939],[-0.23560450843103575,36.10934189440618],[-0.23472187079259094,36.1034071702509],[-0.23021758614908447,36.1071100636939]]]]},"properties":{"speed":0.4537,"dir_deg":81.5,"type":"قوي"}},{"type":"Feature","geometry":{"type":"MultiPolygon","coordinates":[[[[-0.20849250457069782,36.105155188421556],[-0.19368375173367344,36.10754283148783],[-0.193365399324837,36.10556833110956],[-0.2081741521618614,36.10318068804329],[-0.20849250457069782,36.105155188421556]]],[[[-0.18858832458358044,36.107351462320786],[-0.19400210414250987,36.1095173318661],[-0.19304704691600058,36.103593830731285],[-0.18858832458358044,36.107351462320786]]]]},"properties":{"speed":0.4932,"dir_deg":80.8,"type":"قوي"}},{"type":"Feature","geometry":{"type":"MultiPolygon","coordinates":[[[[-0.16682393404236678,36.105155495083864],[-0.15201058127076186,36.10751443121356],[-0.1516960564534691,36.105539317510676],[-0.166509409225074,36.10318038138098],[-0.16682393404236678,36.105155495083864]]],[[[-0.14691553460491383,36.10731318640535],[-0.15232510608805466,36.109489544916435],[-0.1513815316361763,36.1035642038078],[-0.14691553460491383,36.10731318640535]]]]},"properties":{"speed":0.5081,"dir_deg":81.0,"type":"قوي"}},{"type":"Feature","geometry":{"type":"MultiPolygon","coordinates":[[[[-0.12522724858066245,36.10514177501679],[-0.1106196968151525,36.108550503726725],[-0.11016519965382761,36.10660283015799],[-0.12477275141933755,36.103194101448054],[-0.12522724858066245,36.10514177501679]]],[[[-0.10552326431265341,36.10871290984567],[-0.11107419397647741,36.11049817729546],[-0.1097107024925027,36.10465515658925],[-0.10552326431265341,36.10871290984567]]]]},"properties":{"speed":0.5306,"dir_deg":76.9,"type":"قوي"}},{"type":"Feature","geometry":{"type":"MultiPolygon","coordinates":[[[[-0.08366139218873353,36.10511259638058],[-0.069491519966427,36.11003344195868],[-0.06883540722268033,36.10814412566236],[-0.08300527944498687,36.103223280084265],[-0.08366139218873353,36.10511259638058]]],[[[-0.06444017285378482,36.11072906566989],[-0.07014763271017366,36.111922758254984],[-0.06817929447893367,36.10625480936606],[-0.06444017285378482,36.11072906566989]]]]},"properties":{"speed":0.5618,"dir_deg":70.8,"type":"قوي"}},{"type":"Feature","geometry":{"type":"MultiPolygon","coordinates":[[[[-0.04211154966052666,36.1050635275505],[-0.02867770988938952,36.11173675383195],[-0.027787946385196393,36.109945575195795],[-0.04122178615633354,36.103272348914345],[-0.04211154966052666,36.1050635275505]]],[[[-0.023754881546913912,36.113065573274355],[-0.029567473393582643,36.1135279324681],[-0.02689818288100327,36.10815439655964],[-0.023754881546913912,36.113065573274355]]]]},"properties":{"speed":0.5994,"dir_deg":63.6,"type":"قوي"}},{"type":"Feature","geometry":{"type":"MultiPolygon","coordinates":[[[[-0.0005092556213738668,36.10502855354259],[0.012399974031177104,36.1126673878632],[0.013418485273924839,36.110946157242864],[0.0005092556213738668,36.103307322922255],[-0.0005092556213738668,36.10502855354259]]],[[[0.017212306203401296,36.1143530506599],[0.01138146278842937,36.11438861848354],[0.014436996516672572,36.109224926622524],[0.017212306203401296,36.1143530506599]]]]},"properties":{"speed":0.6412,"dir_deg":59.4,"type":"قوي"}},{"type":"Feature","geometry":{"type":"MultiPolygon","coordinates":[[[[0.04115153762298164,36.105025050120695],[0.05400821594703187,36.112752004402424],[0.055038476517928786,36.11103778062588],[0.04218179819387856,36.10331082634415],[0.04115153762298164,36.105025050120695]]],[[[0.0588089056738304,36.114470543941394],[0.05297795537613496,36.11446622817896],[0.0560687370888257,36.10932355684934],[0.0588089056738304,36.114470543941394]]]]},"properties":{"speed":0.6329,"dir_deg":59.0,"type":"قوي"}},{"type":"Feature","geometry":{"type":"MultiPolygon","coordinates":[[[[0.08287783962223871,36.10505817596285],[0.096231405578724,36.11189061888218],[0.09714239796796698,36.110110143421316],[0.08378883201148168,36.10327770050199],[0.08287783962223871,36.10505817596285]]],[[[0.10113809042550725,36.11327786212485],[0.09532041318948103,36.11367109434305],[0.09805339035720995,36.10832966796045],[0.10113809042550725,36.11327786212485]]]]},"properties":{"speed":0.5671,"dir_deg":62.9,"type":"قوي"}},{"type":"Feature","geometry":{"type":"MultiPolygon","coordinates":[[[[0.12457107512243133,36.105071278395044],[0.13812117756173448,36.111505151558575],[0.13897902731687178,36.10969847123333],[0.12542892487756865,36.1032645980698],[0.12457107512243133,36.105071278395044]]],[[[0.14306680325240417,36.1127464357838],[0.13726332780659714,36.11331183188381],[0.13983687707200912,36.10789179090809],[0.14306680325240417,36.1127464357838]]]]},"properties":{"speed":0.451,"dir_deg":64.6,"type":"قوي"}},{"type":"Feature","geometry":{"type":"MultiPolygon","coordinates":[[[[0.1660613314725643,36.10496390512199],[0.17800083481611212,36.114044007539334],[0.17921151513842432,36.112452073760196],[0.1672720117948765,36.10337197134285],[0.1660613314725643,36.10496390512199]]],[[[0.18258600942511752,36.11627474145554],[0.17679015449379992,36.11563594131847],[0.1804221954607365,36.11086013998106],[0.18258600942511752,36.11627474145554]]]]},"properties":{"speed":0.4232,"dir_deg":52.7,"type":"قوي"}},{"type":"Feature","geometry":{"type":"MultiPolygon","coordinates":[[[[-0.4166871736149715,36.14683185127419],[-0.40169033101575685,36.14713960451038],[-0.4016492972509323,36.14514002549715],[-0.4166461398501469,36.14483227226096],[-0.4166871736149715,36.14683185127419]]],[[[-0.39667086660027306,36.146242399415826],[-0.40173136478058136,36.14913918352361],[-0.4016082634861078,36.14314044648392],[-0.39667086660027306,36.146242399415826]]]]},"properties":{"speed":0.2406,"dir_deg":88.8,"type":"متوسط"}},{"type":"Feature","geometry":{"type":"MultiPolygon","coordinates":[[[[-0.3750010618134507,36.14683206120385],[-0.3600010702693116,36.14684798840561],[-0.35999894664241017,36.14484798953306],[-0.3749989381865493,36.144832062331304],[-0.3750010618134507,36.14683206120385]]],[[[-0.3550000112744812,36.14585329803659],[-0.36000319389621305,36.14884798727817],[-0.3599968230155087,36.142847990660506],[-0.3550000112744812,36.14585329803659]]]]},"properties":{"speed":0.2486,"dir_deg":89.9,"type":"متوسط"}},{"type":"Feature","geometry":{"type":"MultiPolygon","coordinates":[[[[-0.33329934608360934,36.14683148369624],[-0.3183080171536714,36.14632152593877],[-0.3183760115213343,36.144322682081444],[-0.33336734045127225,36.14483263983892],[-0.33329934608360934,36.14683148369624]]],[[[-0.3133449046941902,36.14515211809095],[-0.3182400227860085,36.148320369796096],[-0.31844400588899724,36.142323838224115],[-0.3133449046941902,36.14515211809095]]]]},"properties":{"speed":0.2527,"dir_deg":91.9,"type":"متوسط"}},{"type":"Feature","geometry":{"type":"MultiPolygon","coordinates":[[[[-0.2916445155465844,36.14683181662147],[-0.27664819273818175,36.146499698831846],[-0.2766924751101314,36.14450018912406],[-0.291688797918534,36.144832306913685],[-0.2916445155465844,36.14683181662147]]],[[[-0.27167155965468903,36.14538923804808],[-0.27660391036623216,36.14849920853963],[-0.276736757482081,36.14250067941627],[-0.27167155965468903,36.14538923804808]]]]},"properties":{"speed":0.2606,"dir_deg":91.3,"type":"متوسط"}},{"type":"Feature","geometry":{"type":"MultiPolygon","coordinates":[[[[-0.2500148773625124,36.146831951093496],[-0.23501653747374293,36.14705511153118],[-0.23498678274871823,36.145055332879345],[-0.24998512263748765,36.14483217244166],[-0.2500148773625124,36.146831951093496]]],[[[-0.23000221348164077,36.14612960901783],[-0.23504629219876763,36.14905489018302],[-0.23495702802369353,36.14305555422751],[-0.23000221348164077,36.14612960901783]]]]},"properties":{"speed":0.2743,"dir_deg":89.1,"type":"متوسط"}},{"type":"Feature","geometry":{"type":"MultiPolygon","coordinates":[[[[-0.20838920133735933,36.14683049965303],[-0.19341263305560288,36.147668594219226],[-0.19330088711344343,36.14567171844833],[-0.20827745539519987,36.14483362388213],[-0.20838920133735933,36.14683049965303]]],[[[-0.18836457065727102,36.14694952118917],[-0.19352437899776231,36.149665469990126],[-0.193189141171284,36.14367484267743],[-0.18836457065727102,36.14694952118917]]]]},"properties":{"speed":0.3022,"dir_deg":86.8,"type":"متوسط"}},{"type":"Feature","geometry":{"type":"MultiPolygon","coordinates":[[[[-0.16680862492989876,36.146821935123974],[-0.15196052458394801,36.14895123456665],[-0.1516766179915913,36.14697148785386],[-0.16652471833754204,36.14484218841118],[-0.16680862492989876,36.146821935123974]]],[[[-0.14686920450578608,36.148671127691145],[-0.15224443117630473,36.150930981279444],[-0.15139271139923458,36.14499174114107],[-0.14686920450578608,36.148671127691145]]]]},"properties":{"speed":0.3281,"dir_deg":81.8,"type":"متوسط"}},{"type":"Feature","geometry":{"type":"MultiPolygon","coordinates":[[[[-0.12520020930276948,36.146811814917655],[-0.11050391205162402,36.149814954459195],[-0.11010349344608505,36.14785544815904],[-0.12479979069723052,36.1448523086175],[-0.12520020930276948,36.146811814917655]]],[[[-0.10540493699847271,36.14983624782297],[-0.11090433065716297,36.15177446075935],[-0.1097030748405461,36.14589594185889],[-0.10540493699847271,36.14983624782297]]]]},"properties":{"speed":0.3707,"dir_deg":78.5,"type":"متوسط"}},{"type":"Feature","geometry":{"type":"MultiPolygon","coordinates":[[[[-0.08363376091599242,36.1467858671774],[-0.06932667976861778,36.151292243664386],[-0.06872582957035334,36.14938463284474],[-0.08303291071772798,36.14487825635776],[-0.08363376091599242,36.1467858671774]]],[[[-0.06425722762036068,36.15184056375022],[-0.06992752996688224,36.153199854484036],[-0.06812497937208888,36.14747702202509],[-0.06425722762036068,36.15184056375022]]]]},"properties":{"speed":0.4156,"dir_deg":72.5,"type":"قوي"}},{"type":"Feature","geometry":{"type":"MultiPolygon","coordinates":[[[[-0.042076945515277936,36.14674402244947],[-0.028397535286879074,36.152898186552186],[-0.027576980073183408,36.151074265188406],[-0.04125639030158226,36.14492010108569],[-0.042076945515277936,36.14674402244947]]],[[[-0.02342745427056495,36.154037613904535],[-0.02921809050057474,36.15472210791597],[-0.026756424859487742,36.14925034382462],[-0.02342745427056495,36.154037613904535]]]]},"properties":{"speed":0.4733,"dir_deg":65.8,"type":"قوي"}},{"type":"Feature","geometry":{"type":"MultiPolygon","coordinates":[[[[-0.0005158715874564338,36.146688727691526],[0.012334117271776685,36.15442680150337],[0.013365860446689552,36.152713469655474],[0.0005158715874564338,36.14497539584363],[-0.0005158715874564338,36.146688727691526]]],[[[0.017133318478977495,36.15614949351671],[0.011302374096863818,36.156140133351265],[0.014397603621602419,36.15100013780758],[0.017133318478977495,36.15614949351671]]]]},"properties":{"speed":0.5573,"dir_deg":58.9,"type":"قوي"}},{"type":"Feature","geometry":{"type":"MultiPolygon","coordinates":[[[[0.04112479818338609,36.14667252425995],[0.05373173556893552,36.154800570135606],[0.05481547501902354,36.153119645150866],[0.04220853763347411,36.14499159927521],[0.04112479818338609,36.14667252425995]]],[[[0.058475917755829346,36.15666945626846],[0.0526479961188475,36.156481495120346],[0.055899214469111565,36.15143872016613],[0.058475917755829346,36.15666945626846]]]]},"properties":{"speed":0.632,"dir_deg":57.2,"type":"قوي"}},{"type":"Feature","geometry":{"type":"MultiPolygon","coordinates":[[[[0.0828099275792641,36.14668414381575],[0.0955911583018402,36.154535267379686],[0.0966379747770324,36.15283110328335],[0.0838567440544563,36.14497997971941],[0.0828099275792641,36.14668414381575]]],[[[0.100374976780295,36.1563002265195],[0.094544341826648,36.15623943147603],[0.0976847912522246,36.151126939187],[0.100374976780295,36.1563002265195]]]]},"properties":{"speed":0.6783,"dir_deg":58.4,"type":"قوي"}},{"type":"Feature","geometry":{"type":"MultiPolygon","coordinates":[[[[0.12452447829353634,36.14671176575568],[0.13772003811506062,36.15384459135264],[0.1386710815279879,36.15208518337643],[0.12547552170646364,36.144952357779474],[0.12452447829353634,36.14671176575568]]],[[[0.14259407976203237,36.15534249589685],[0.13676899470213327,36.15560399932884],[0.13962212494091525,36.150325775400226],[0.14259407976203237,36.15534249589685]]]]},"properties":{"speed":0.6481,"dir_deg":61.6,"type":"قوي"}},{"type":"Feature","geometry":{"type":"MultiPolygon","coordinates":[[[[0.16614396184804972,36.14668457245957],[0.17893162222796002,36.15452521924463],[0.17997704179930138,36.15282019786065],[0.16718938141939108,36.144979551075586],[0.16614396184804972,36.14668457245957]]],[[[0.18371688547360082,36.15628625748099],[0.1778862026566187,36.156230240628624],[0.1810224613706427,36.15111517647666],[0.18371688547360082,36.15628625748099]]]]},"properties":{"speed":0.5855,"dir_deg":58.5,"type":"قوي"}},{"type":"Feature","geometry":{"type":"MultiPolygon","coordinates":[[[[0.20766418063731765,36.14657519117544],[0.2188111217552046,36.15661240710987],[0.2201494172131285,36.15512614829415],[0.20900247609524156,36.14508893235972],[0.20766418063731765,36.14657519117544]]],[[[0.22319591652346218,36.15921501634682],[0.21747282629728068,36.158098665925586],[0.2214877126710524,36.153639889478434],[0.22319591652346218,36.15921501634682]]]]},"properties":{"speed":0.417,"dir_deg":48.0,"type":"قوي"}},{"type":"Feature","geometry":{"type":"MultiPolygon","coordinates":[[[[0.24962148580717178,36.146757657254724],[0.2635054181143825,36.152435370147145],[0.264262446500039,36.15058417917285],[0.25037851419282825,36.14490646628043],[0.24962148580717178,36.146757657254724]]],[[[0.26851190974294764,36.153402345624144],[0.26274838972872605,36.15428656112144],[0.26501947488569544,36.14873298819856],[0.26851190974294764,36.153402345624144]]]]},"properties":{"speed":0.1967,"dir_deg":67.8,"type":"ضعيف"}},{"type":"Feature","geometry":{"type":"MultiPolygon","coordinates":[[[[-0.41655506478713167,36.18849375411331],[-0.40164875308751824,36.1868198749319],[-0.4018719369783733,36.18483236670528],[-0.41677824867798674,36.18650624588669],[-0.41655506478713167,36.18849375411331]]],[[[-0.39679157446640795,36.18526816109145],[-0.4014255691966632,36.18880738315851],[-0.40209512086922833,36.18284485847867],[-0.39679157446640795,36.18526816109145]]]]},"properties":{"speed":0.2221,"dir_deg":96.4,"type":"متوسط"}},{"type":"Feature","geometry":{"type":"MultiPolygon","coordinates":[[[[-0.3748687480282066,36.1884913490404],[-0.3599985124222192,36.1865225694635],[-0.36026101636580604,36.184539871382704],[-0.3751312519717934,36.1865086509596],[-0.3748687480282066,36.1884913490404]]],[[[-0.3551730191920168,36.18487496056413],[-0.3597360084786323,36.1885052675443],[-0.36052352030939294,36.1825571733019],[-0.3551730191920168,36.18487496056413]]]]},"properties":{"speed":0.2282,"dir_deg":97.5,"type":"متوسط"}},{"type":"Feature","geometry":{"type":"MultiPolygon","coordinates":[[[[-0.3331827726170531,36.18848859925108],[-0.3183537838508085,36.186230039495264],[-0.3186549251515839,36.1842528409931],[-0.3334839139178285,36.18651140074892],[-0.3331827726170531,36.18848859925108]]],[[[-0.3135613582457813,36.184488586992245],[-0.31805264255003307,36.18820723799743],[-0.3189560664523593,36.182275642490936],[-0.3135613582457813,36.184488586992245]]]]},"properties":{"speed":0.2292,"dir_deg":98.7,"type":"متوسط"}},{"type":"Feature","geometry":{"type":"MultiPolygon","coordinates":[[[[-0.2915478764653272,36.188492920564855],[-0.2766540679924695,36.186711216556375],[-0.2768916285269335,36.184725375426666],[-0.2917854369997912,36.186507079435145],[-0.2915478764653272,36.188492920564855]]],[[[-0.2718082454354156,36.18512439465536],[-0.27641650745800556,36.18869705768609],[-0.27712918906139744,36.18273953429695],[-0.2718082454354156,36.18512439465536]]]]},"properties":{"speed":0.2266,"dir_deg":96.8,"type":"متوسط"}},{"type":"Feature","geometry":{"type":"MultiPolygon","coordinates":[[[[-0.24990142001359067,36.18849512913045],[-0.2349744830567701,36.187016429334314],[-0.23517164302958876,36.18502617107341],[-0.25009857998640933,36.18650487086955],[-0.24990142001359067,36.18849512913045]]],[[[-0.23009741739090592,36.185528400271814],[-0.23477732308395144,36.189006687595224],[-0.23536880300240742,36.1830359128125],[-0.23009741739090592,36.185528400271814]]]]},"properties":{"speed":0.2287,"dir_deg":95.7,"type":"متوسط"}},{"type":"Feature","geometry":{"type":"MultiPolygon","coordinates":[[[[-0.2082751162399523,36.18849830423637],[-0.19330055269444615,36.18762512234146],[-0.19341697694710078,36.18562851386872],[-0.2083915404926069,36.18650169576363],[-0.2082751162399523,36.18849830423637]]],[[[-0.18836724363893806,36.18633575747345],[-0.1931841284417915,36.18962173081419],[-0.19353340119975543,36.18363190539599],[-0.18836724363893806,36.18633575747345]]]]},"properties":{"speed":0.2391,"dir_deg":93.3,"type":"متوسط"}},{"type":"Feature","geometry":{"type":"MultiPolygon","coordinates":[[[[-0.16670930991171826,36.1884990905751],[-0.15172295128525032,36.189138664745066],[-0.1516376747292546,36.18714048359487],[-0.16662403335572254,36.1865009094249],[-0.16670930991171826,36.1884990905751]]],[[[-0.14668486013176313,36.188352765559955],[-0.151808227841246,36.19113684589526],[-0.1515523981732589,36.185142302444675],[-0.14668486013176313,36.188352765559955]]]]},"properties":{"speed":0.2475,"dir_deg":87.6,"type":"متوسط"}},{"type":"Feature","geometry":{"type":"MultiPolygon","coordinates":[[[[-0.1251022457914355,36.1884947591659],[-0.11018085830299834,36.19002844603743],[-0.10997636672012734,36.188038927705634],[-0.1248977542085645,36.1865052408341],[-0.1251022457914355,36.1884947591659]]],[[[-0.10510481668208378,36.18954491582871],[-0.11038534988586933,36.19201796436922],[-0.10977187513725635,36.186049409373844],[-0.10510481668208378,36.18954491582871]]]]},"properties":{"speed":0.2788,"dir_deg":84.1,"type":"متوسط"}},{"type":"Feature","geometry":{"type":"MultiPolygon","coordinates":[[[[-0.08358089366591553,36.188468873114175],[-0.06904779695329107,36.19218224085],[-0.0685526812551804,36.19024449462165],[-0.08308577796780486,36.186531126885825],[-0.08358089366591553,36.188468873114175]]],[[[-0.06395587353336091,36.19245115698111],[-0.06954291265140175,36.19411998707835],[-0.06805756555706971,36.1883067483933],[-0.06395587353336091,36.19245115698111]]]]},"properties":{"speed":0.3092,"dir_deg":75.7,"type":"متوسط"}},{"type":"Feature","geometry":{"type":"MultiPolygon","coordinates":[[[[-0.041994414320431064,36.18844476573256],[-0.02782292833202423,36.193360961912575],[-0.0271674355080223,36.19147143044745],[-0.041338921496429135,36.18655523426744],[-0.041994414320431064,36.18844476573256]]],[[[-0.02277135325722099,36.19405492824002],[-0.028478421156026158,36.19525049337769],[-0.026511942684020375,36.18958189898233],[-0.02277135325722099,36.19405492824002]]]]},"properties":{"speed":0.352,"dir_deg":70.9,"type":"متوسط"}},{"type":"Feature","geometry":{"type":"MultiPolygon","coordinates":[[[[-0.0004624764154305318,36.188386631583676],[0.012836997339698591,36.19532377781513],[0.013761950170559655,36.19355051464778],[0.0004624764154305318,36.186613368416324],[-0.0004624764154305318,36.188386631583676]]],[[[0.0177326316735055,36.19674952830861],[0.011912044508837528,36.197097040982484],[0.014686903001420719,36.19177725148043],[0.0177326316735055,36.19674952830861]]]]},"properties":{"speed":0.4272,"dir_deg":62.5,"type":"قوي"}},{"type":"Feature","geometry":{"type":"MultiPolygon","coordinates":[[[[0.04111750178026348,36.18833571320659],[0.053653199879163234,36.19657320512909],[0.054751532135496474,36.19490177871591],[0.04221583403659672,36.18666428679341],[0.04111750178026348,36.18833571320659]]],[[[0.05838093204029644,36.198483322563334],[0.052554867622829994,36.19824463154228],[0.055849864391829714,36.19323035230272],[0.05838093204029644,36.198483322563334]]]]},"properties":{"speed":0.5344,"dir_deg":56.7,"type":"قوي"}},{"type":"Feature","geometry":{"type":"MultiPolygon","coordinates":[[[[0.08278632302517508,36.18833712424749],[0.09534318673749961,36.196542316122766],[0.09643721232086985,36.19486806762779],[0.08388034860854532,36.18666287575251],[0.08278632302517508,36.18833712424749]]],[[[0.10007582076662624,36.1984402558337],[0.09424916115412939,36.198216564617745],[0.09753123790424008,36.19319381913281],[0.10007582076662624,36.1984402558337]]]]},"properties":{"speed":0.6377,"dir_deg":56.8,"type":"قوي"}},{"type":"Feature","geometry":{"type":"MultiPolygon","coordinates":[[[[0.12450107514081571,36.18836664524743],[0.1375007538522218,36.19585051813519],[0.13849860357059038,36.194117227640334],[0.1254989248591843,36.18663335475257],[0.12450107514081571,36.18836664524743]]],[[[0.14233290494854145,36.19747849718369],[0.13650290413385321,36.19758380863004],[0.13949645328895896,36.19238393714548],[0.14233290494854145,36.19747849718369]]]]},"properties":{"speed":0.6547,"dir_deg":60.1,"type":"قوي"}},{"type":"Feature","geometry":{"type":"MultiPolygon","coordinates":[[[[0.16617681115050592,36.18837180084135],[0.17925382377081014,36.19571970808957],[0.1802335447372391,36.193976106406865],[0.16715653211693488,36.18662819915865],[0.16617681115050592,36.18837180084135]]],[[[0.1841026884607927,36.19729720966429],[0.17827410280438116,36.19746330977228],[0.18121326570366808,36.19223250472415],[0.1841026884607927,36.19729720966429]]]]},"properties":{"speed":0.6553,"dir_deg":60.7,"type":"قوي"}},{"type":"Feature","geometry":{"type":"MultiPolygon","coordinates":[[[[0.20778126050392007,36.18833379918167],[0.22028824822893586,36.196614817117066],[0.22139238395365493,36.194947218753725],[0.20888539622863914,36.18666620081833],[0.20778126050392007,36.18833379918167]]],[[[0.225009311999634,36.198541357247194],[0.21918411250421677,36.1982824154804],[0.22249651967837403,36.19327962039039],[0.225009311999634,36.198541357247194]]]]},"properties":{"speed":0.6209,"dir_deg":56.5,"type":"قوي"}},{"type":"Feature","geometry":{"type":"MultiPolygon","coordinates":[[[[0.24946492283775304,36.18834480319036],[0.262136970693147,36.196370960624066],[0.2632071250176409,36.19468135424334],[0.25053507716224693,36.18665519680964],[0.24946492283775304,36.18834480319036]]],[[[0.26689606380719194,36.19820154324494],[0.2610668163686531,36.19806056700478],[0.2642772793421348,36.19299174786263],[0.26689606380719194,36.19820154324494]]]]},"properties":{"speed":0.4024,"dir_deg":57.7,"type":"متوسط"}},{"type":"Feature","geometry":{"type":"MultiPolygon","coordinates":[[[[0.2909737361029593,36.18822101387024],[0.30178894415652185,36.19861482331424],[0.3031747854157217,36.197172795573756],[0.2923595773621591,36.18677898612976],[0.2909737361029593,36.18822101387024]]],[[[0.3060869341373093,36.201358412592],[0.300403102897322,36.20005685105471],[0.3045606266749215,36.19573076783328],[0.3060869341373093,36.201358412592]]]]},"properties":{"speed":0.2944,"dir_deg":46.1,"type":"متوسط"}},{"type":"Feature","geometry":{"type":"MultiPolygon","coordinates":[[[[-0.41643088779321424,36.230139747373784],[-0.4018537506727424,36.22660321328361],[-0.40232528855143235,36.22465959500089],[-0.41690242567190416,36.22819612909106],[-0.41643088779321424,36.230139747373784]]],[[[-0.39723047390526345,36.224452559445524],[-0.40138221279405256,36.22854683156634],[-0.4027968264301222,36.222715976718156],[-0.39723047390526345,36.224452559445524]]]]},"properties":{"speed":0.2744,"dir_deg":103.6,"type":"متوسط"}},{"type":"Feature","geometry":{"type":"MultiPolygon","coordinates":[[[[-0.3747503429619327,36.23013627255658],[-0.36022532809955543,36.22639141698557],[-0.36072464217569,36.22445474833726],[-0.3752496570380673,36.228199603908266],[-0.3747503429619327,36.23013627255658]]],[[[-0.3556333135168303,36.22417479747108],[-0.35972601402342086,36.22832808563389],[-0.3612239562518246,36.22251807968894],[-0.3556333135168303,36.22417479747108]]]]},"properties":{"speed":0.2771,"dir_deg":104.5,"type":"متوسط"}},{"type":"Feature","geometry":{"type":"MultiPolygon","coordinates":[[[[-0.3330532160881554,36.23012790112932],[-0.31865377263464784,36.22592599344004],[-0.3192140269932186,36.22400606764624],[-0.3336134704467262,36.22820797533552],[-0.3330532160881554,36.23012790112932]]],[[[-0.3141340853294307,36.22356539464671],[-0.31809351827607707,36.22784591923384],[-0.31977428135178937,36.222086141852444],[-0.3141340853294307,36.22356539464671]]]]},"properties":{"speed":0.2667,"dir_deg":106.3,"type":"متوسط"}},{"type":"Feature","geometry":{"type":"MultiPolygon","coordinates":[[[[-0.29137586630517537,36.230124725004565],[-0.27702406472307656,36.225762868593804],[-0.27760564557784423,36.22384929504952],[-0.29195744715994304,36.22821115146028],[-0.29137586630517537,36.230124725004565]]],[[[-0.27253092128976075,36.22335212968475],[-0.2764424838683089,36.22767644213808],[-0.2781872264326119,36.22193572150524],[-0.27253092128976075,36.22335212968475]]]]},"properties":{"speed":0.2471,"dir_deg":106.9,"type":"متوسط"}},{"type":"Feature","geometry":{"type":"MultiPolygon","coordinates":[[[[-0.24970331140489682,36.23012291251351],[-0.23537869718860704,36.22567258358696],[-0.2359720743788134,36.22376263502479],[-0.2502966885951032,36.228212963951336],[-0.24970331140489682,36.23012291251351]]],[[[-0.2309005143782803,36.22323416633036],[-0.23478531999840066,36.227582532149135],[-0.23656545156901979,36.22185268646262],[-0.2309005143782803,36.22323416633036]]]]},"properties":{"speed":0.2304,"dir_deg":107.3,"type":"متوسط"}},{"type":"Feature","geometry":{"type":"MultiPolygon","coordinates":[[[[-0.2080839866801487,36.23013635380621],[-0.19355775307331122,36.22639622851425],[-0.194056436445573,36.22445939736667],[-0.2085826700524105,36.228199522658635],[-0.2080839866801487,36.23013635380621]]],[[[-0.18896501689049627,36.2241811045098],[-0.1930590697010494,36.22833305966183],[-0.1945551198178348,36.22252256621909],[-0.18896501689049627,36.2241811045098]]]]},"properties":{"speed":0.2207,"dir_deg":104.4,"type":"متوسط"}},{"type":"Feature","geometry":{"type":"MultiPolygon","coordinates":[[[[-0.16652579462621772,36.23015796533748],[-0.1516753880502904,36.228044810224944],[-0.15195714206529576,36.22606475601482],[-0.16680754864122307,36.22817791112736],[-0.16652579462621772,36.23015796533748]]],[[[-0.14686612953248399,36.22635039808237],[-0.15139363403528502,36.230024864435066],[-0.15223889608030114,36.2240847018047],[-0.14686612953248399,36.22635039808237]]]]},"properties":{"speed":0.216,"dir_deg":98.1,"type":"متوسط"}},{"type":"Feature","geometry":{"type":"MultiPolygon","coordinates":[[[[-0.12495756786130968,36.23016703758364],[-0.10997107759302514,36.22953055550329],[-0.11005594187040578,36.22753235680085],[-0.12504243213869032,36.2281688388812],[-0.12495756786130968,36.23016703758364]]],[[[-0.1050180129756206,36.22831929545862],[-0.10988621331564451,36.231528754205726],[-0.11014080614778642,36.22553415809841],[-0.1050180129756206,36.22831929545862]]]]},"properties":{"speed":0.2291,"dir_deg":92.4,"type":"متوسط"}},{"type":"Feature","geometry":{"type":"MultiPolygon","coordinates":[[[[-0.08348272133889244,36.230156717260215],[-0.06865103592196797,36.2323975000907],[-0.0683522648779035,36.23041994203511],[-0.08318395029482796,36.22817915920463],[-0.08348272133889244,36.230156717260215]]],[[[-0.06355775526096091,36.232155648673064],[-0.06894980696603245,36.23437505814629],[-0.06805349383383902,36.22844238397952],[-0.06355775526096091,36.232155648673064]]]]},"properties":{"speed":0.2423,"dir_deg":81.4,"type":"متوسط"}},{"type":"Feature","geometry":{"type":"MultiPolygon","coordinates":[[[[-0.041954339586767524,36.23012566732015],[-0.027588403270830127,36.23444074249522],[-0.027013059914155278,36.232525284319756],[-0.041378996230092675,36.22821020914469],[-0.041954339586767524,36.23012566732015]]],[[[-0.0225120861538469,36.23492137179917],[-0.02816374662750498,36.23635620067068],[-0.026437716557480426,36.230609826144295],[-0.0225120861538469,36.23492137179917]]]]},"properties":{"speed":0.2653,"dir_deg":73.3,"type":"متوسط"}},{"type":"Feature","geometry":{"type":"MultiPolygon","coordinates":[[[[-0.00042536159083479176,36.23007296172219],[0.013149990755773432,36.23645338558472],[0.014000713937443015,36.234643338605174],[0.00042536159083479176,36.22826291474265],[-0.00042536159083479176,36.23007296172219]]],[[[0.018100469795477633,36.237675170049116],[0.012299267574103849,36.23826343256427],[0.014851437119112599,36.232833291625624],[0.018100469795477633,36.237675170049116]]]]},"properties":{"speed":0.3107,"dir_deg":64.8,"type":"متوسط"}},{"type":"Feature","geometry":{"type":"MultiPolygon","coordinates":[[[[0.04111785066850229,36.23000388059716],[0.05365698613952082,36.238236139196076],[0.054754620619376436,36.2365642544666],[0.042215485148357906,36.228331995867684],[0.04111785066850229,36.23000388059716]]],[[[0.05838551520312148,36.24014428303098],[0.0525593516596652,36.239908023925544],[0.05585225509923206,36.23489236973713],[0.05838551520312148,36.24014428303098]]]]},"properties":{"speed":0.395,"dir_deg":56.7,"type":"متوسط"}},{"type":"Feature","geometry":{"type":"MultiPolygon","coordinates":[[[[0.08282153750736457,36.230027043866436],[0.09570812201759915,36.23770401850887],[0.09673171863659041,36.235985807240844],[0.08384513412635583,36.22830883259841],[0.08282153750736457,36.230027043866436]]],[[[0.10051544849717298,36.23940390442233],[0.09468452539860789,36.239422229776906],[0.09775531525558168,36.23426759597281],[0.10051544849717298,36.23940390442233]]]]},"properties":{"speed":0.4869,"dir_deg":59.2,"type":"قوي"}},{"type":"Feature","geometry":{"type":"MultiPolygon","coordinates":[[[[0.12450180215550562,36.23003500161404],[0.13750775287976105,36.23750796928146],[0.1385041485687498,36.23577384251822],[0.12549819784449437,36.2283008748508],[0.12450180215550562,36.23003500161404]]],[[[0.14234126763234056,36.23913189512231],[0.1365113571907723,36.23924209604469],[0.13950054425773856,36.23403971575499],[0.14234126763234056,36.23913189512231]]]]},"properties":{"speed":0.5508,"dir_deg":60.1,"type":"قوي"}},{"type":"Feature","geometry":{"type":"MultiPolygon","coordinates":[[[[0.16617534617713045,36.230038914291626],[0.17923998706519179,36.23740879614048],[0.18022263797837168,36.23566684402207],[0.16715799709031035,36.22829696217322],[0.16617534617713045,36.230038914291626]]],[[[0.1840861928178022,36.23899444736422],[0.17825733615201192,36.239150748258886],[0.18120528889155155,36.23392489190366],[0.1840861928178022,36.23899444736422]]]]},"properties":{"speed":0.5905,"dir_deg":60.6,"type":"قوي"}},{"type":"Feature","geometry":{"type":"MultiPolygon","coordinates":[[[[0.20772968374724077,36.22996519175164],[0.21968848653551043,36.23901986103722],[0.2208957757735881,36.23742535399879],[0.20893697298531844,36.228370684713205],[0.20772968374724077,36.22996519175164]]],[[[0.22427839875063915,36.2412408306132],[0.21848119729743273,36.24061436807566],[0.2221030650116658,36.23583084696035],[0.22427839875063915,36.2412408306132]]]]},"properties":{"speed":0.6535,"dir_deg":52.9,"type":"قوي"}},{"type":"Feature","geometry":{"type":"MultiPolygon","coordinates":[[[[0.24937906646364855,36.22995180144972],[0.2611370147231309,36.23926580449499],[0.2623788817958338,36.23769807806039],[0.25062093353635145,36.22838407501512],[0.24937906646364855,36.22995180144972]]],[[[0.2656772643459765,36.24158660895945],[0.2598951476504279,36.240833530929585],[0.26362074886853676,36.236130351625796],[0.2656772643459765,36.24158660895945]]]]},"properties":{"speed":0.6702,"dir_deg":51.6,"type":"قوي"}},{"type":"Feature","geometry":{"type":"MultiPolygon","coordinates":[[[[0.29108148862631245,36.2299788502421],[0.3032451687714046,36.2387563718358],[0.30441550498389813,36.237134547816446],[0.29225182483880596,36.228357026222746],[0.29108148862631245,36.2299788502421]]],[[[0.30788489692601545,36.240871300357355],[0.30207483255891115,36.24037819585514],[0.3055858411963916,36.2355127237971],[0.30788489692601545,36.240871300357355]]]]},"properties":{"speed":0.5517,"dir_deg":54.2,"type":"قوي"}},{"type":"Feature","geometry":{"type":"MultiPolygon","coordinates":[[[[0.33255718380353666,36.22979847489796],[0.3420152337866573,36.24144086685652],[0.3435675527144656,36.24017979352544],[0.33410950273134493,36.22853740156688],[0.33255718380353666,36.22979847489796]]],[[[0.34594407657826837,36.24469112751051],[0.34046291485884905,36.24270194018761],[0.34511987164227387,36.238918720194356],[0.34594407657826837,36.24469112751051]]]]},"properties":{"speed":0.3243,"dir_deg":39.1,"type":"متوسط"}},{"type":"Feature","geometry":{"type":"MultiPolygon","coordinates":[[[[0.37400005788055346,36.2291786973103],[0.3741614440487387,36.244177829102],[0.37616132828763177,36.24415631094624],[0.37599994211944654,36.22915717915454],[0.37400005788055346,36.2291786973103]]],[[[0.37521518155758027,36.24916678062135],[0.37216155980984567,36.244199347257755],[0.3781612125265248,36.24413479279048],[0.37521518155758027,36.24916678062135]]]]},"properties":{"speed":0.1743,"dir_deg":0.6,"type":"ضعيف"}},{"type":"Feature","geometry":{"type":"MultiPolygon","coordinates":[[[[0.4158823733704559,36.228547535453636],[0.40657633168863505,36.24031178588518],[0.40814489841284163,36.241552591442755],[0.4174509400946625,36.22978834101121],[0.4158823733704559,36.228547535453636]]],[[[0.40425860115679807,36.24485360547449],[0.4050077649644284,36.239070980327604],[0.40971346513704826,36.242793397000334],[0.40425860115679807,36.24485360547449]]]]},"properties":{"speed":0.0948,"dir_deg":321.7,"type":"ضعيف"}},{"type":"Feature","geometry":{"type":"MultiPolygon","coordinates":[[[[-0.4164286644562383,36.271803328814485],[-0.4018596587526012,36.26823344466967],[-0.4023356433052431,36.266290910575854],[-0.41690464900888013,36.26986079472067],[-0.4164286644562383,36.271803328814485]]],[[[-0.3972413157943765,36.26607221624116],[-0.4013836741999594,36.27017597876349],[-0.4028116278578849,36.26434837648203],[-0.3972413157943765,36.26607221624116]]]]},"properties":{"speed":0.3011,"dir_deg":103.8,"type":"متوسط"}},{"type":"Feature","geometry":{"type":"MultiPolygon","coordinates":[[[[-0.3747677709577364,36.27180472289661],[-0.3601778540222601,36.26832128726266],[-0.3606423121067873,36.26637596500459],[-0.3752322290422636,36.269859400638545],[-0.3747677709577364,36.27180472289661]]],[[[-0.3555467774193649,36.266187480922305],[-0.3597133959377329,36.27026660952072],[-0.36110677019131454,36.26443064274653],[-0.3555467774193649,36.266187480922305]]]]},"properties":{"speed":0.2963,"dir_deg":103.4,"type":"متوسط"}},{"type":"Feature","geometry":{"type":"MultiPolygon","coordinates":[[[[-0.33308079482867287,36.27179964602028],[-0.31856703103815065,36.26801141943876],[-0.3190721279156865,36.26607625093336],[-0.3335858917062087,36.26986447751488],[-0.33308079482867287,36.27179964602028]]],[[[-0.3139816582134112,36.26578109299222],[-0.3180619341606148,36.26994658794416],[-0.31957722479322237,36.264141082427955],[-0.3139816582134112,36.26578109299222]]]]},"properties":{"speed":0.2829,"dir_deg":104.6,"type":"متوسط"}},{"type":"Feature","geometry":{"type":"MultiPolygon","coordinates":[[[[-0.29138247813231943,36.27179083312883],[-0.27700090771347086,36.26752815412524],[-0.2775692649139504,36.26561061140273],[-0.291950835332799,36.26987329040632],[-0.29138247813231943,36.27179083312883]]],[[[-0.27249122950742777,36.26514848976279],[-0.27643255051299137,36.269445696847754],[-0.2781376221144299,36.26369306868021],[-0.27249122950742777,36.26514848976279]]]]},"properties":{"speed":0.2649,"dir_deg":106.5,"type":"متوسط"}},{"type":"Feature","geometry":{"type":"MultiPolygon","coordinates":[[[[-0.2496888317092068,36.27178241659332],[-0.2354335093231262,36.26711489223142],[-0.2360558459047126,36.26521418257994],[-0.2503111682907932,36.26988170694184],[-0.2496888317092068,36.27178241659332]]],[[[-0.23099290348522586,36.264608695951715],[-0.23481117274153984,36.26901560188289],[-0.23667818248629896,36.263313472928466],[-0.23099290348522586,36.264608695951715]]]]},"properties":{"speed":0.2505,"dir_deg":108.1,"type":"متوسط"}},{"type":"Feature","geometry":{"type":"MultiPolygon","coordinates":[[[[-0.20804160017760984,36.27178856302944],[-0.19369408124974372,36.26741264019939],[-0.19427753762708325,36.26549963767567],[-0.20862505655494937,36.26987556050572],[-0.20804160017760984,36.27178856302944]]],[[[-0.18920330312912476,36.26499749799418],[-0.19311062487240416,36.2693256427231],[-0.1948609940044228,36.26358663515195],[-0.18920330312912476,36.26499749799418]]]]},"properties":{"speed":0.2398,"dir_deg":107.0,"type":"متوسط"}},{"type":"Feature","geometry":{"type":"MultiPolygon","coordinates":[[[[-0.16643250200818505,36.2718042575228],[-0.15184956567981683,36.268291713139774],[-0.15231790493088754,36.266347321629326],[-0.16690084125925575,36.269859866012354],[-0.16643250200818505,36.2718042575228]]],[[[-0.14722275652922945,36.26614866925687],[-0.1513812264287461,36.27023610465022],[-0.15278624418195827,36.26440293011888],[-0.14722275652922945,36.26614866925687]]]]},"properties":{"speed":0.2303,"dir_deg":103.5,"type":"متوسط"}},{"type":"Feature","geometry":{"type":"MultiPolygon","coordinates":[[[[-0.12482607181051376,36.271816820105904],[-0.11005469673562791,36.26920789726361],[-0.11040255311460039,36.26723838058696],[-0.12517392818948625,36.26984730342925],[-0.12482607181051376,36.271816820105904]]],[[[-0.10530483323348552,36.26735349797785],[-0.10970684035665544,36.271177413940265],[-0.11075040949357286,36.26526886391031],[-0.10530483323348552,36.26735349797785]]]]},"properties":{"speed":0.2265,"dir_deg":100.0,"type":"متوسط"}},{"type":"Feature","geometry":{"type":"MultiPolygon","coordinates":[[[[-0.08330463487636096,36.27183164981073],[-0.06831081422906585,36.27140113570324],[-0.06836821611006433,36.26940195961694],[-0.08336203675735944,36.26983247372443],[-0.08330463487636096,36.27183164981073]]],[[[-0.06334157495380005,36.27025804295759],[-0.06825341234806738,36.27340031178955],[-0.0684256179910628,36.267402783530635],[-0.06334157495380005,36.27025804295759]]]]},"properties":{"speed":0.2149,"dir_deg":91.6,"type":"متوسط"}},{"type":"Feature","geometry":{"type":"MultiPolygon","coordinates":[[[[-0.04184291336929355,36.27181640801638],[-0.027077719637305757,36.27446008992933],[-0.026725228715578857,36.27249139743173],[-0.04149042244756665,36.26984771551878],[-0.04184291336929355,36.27181640801638]]],[[[-0.021979742932446374,36.27435697098485],[-0.02743021055903266,36.276428782426926],[-0.026372737793851953,36.27052270493413],[-0.021979742932446374,36.27435697098485]]]]},"properties":{"speed":0.2089,"dir_deg":79.8,"type":"متوسط"}},{"type":"Feature","geometry":{"type":"MultiPolygon","coordinates":[[[[-0.0002835689001163295,36.27179101363232],[0.014100709070971874,36.27604454713406],[0.014667846871204534,36.274126643404585],[0.0002835689001163295,36.26987310990284],[-0.0002835689001163295,36.27179101363232]]],[[[0.019179037294784273,36.276503439769904],[0.013533571270739215,36.27796245086354],[0.015234984671437192,36.27220873967511],[0.019179037294784273,36.276503439769904]]]]},"properties":{"speed":0.2389,"dir_deg":73.5,"type":"متوسط"}},{"type":"Feature","geometry":{"type":"MultiPolygon","coordinates":[[[[0.041301079039283414,36.271762838206236],[0.05526272561911457,36.27724667124344],[0.05599390335740794,36.275385118366124],[0.042032256777576785,36.26990128532892],[0.041301079039283414,36.271762838206236]]],[[[0.06028219668153831,36.27814383915051],[0.05453154788082121,36.27910822412075],[0.056725081095701305,36.273523565488816],[0.06028219668153831,36.27814383915051]]]]},"properties":{"speed":0.2896,"dir_deg":68.6,"type":"متوسط"}},{"type":"Feature","geometry":{"type":"MultiPolygon","coordinates":[[[[0.08290024490480379,36.27173341201132],[0.09642049856093692,36.27822977569217],[0.09728668038504974,36.27642707520468],[0.08376642672891661,36.269930711523834],[0.08290024490480379,36.27173341201132]]],[[[0.10136034069170437,36.27949388000871],[0.09555431673682407,36.28003247617965],[0.09815286220916258,36.2746243747172],[0.10136034069170437,36.27949388000871]]]]},"properties":{"speed":0.3508,"dir_deg":64.3,"type":"متوسط"}},{"type":"Feature","geometry":{"type":"MultiPolygon","coordinates":[[[[0.12448275785414283,36.27168790086609],[0.13732034433188622,36.27944653305395],[0.13835482862360055,36.277734854856924],[0.12551724214585716,36.269976222669065],[0.12448275785414283,36.27168790086609]]],[[[0.1421167819703245,36.28117690468472],[0.13628586004017187,36.28115821125098],[0.1393893129153149,36.27602317665989],[0.1421167819703245,36.28117690468472]]]]},"properties":{"speed":0.4167,"dir_deg":58.9,"type":"قوي"}},{"type":"Feature","geometry":{"type":"MultiPolygon","coordinates":[[[[0.16613456378714248,36.27167873835259],[0.17883471256234584,36.27966035605126],[0.1798989282555017,36.27796700288123],[0.16719877948029832,36.269985385182565],[0.16613456378714248,36.27167873835259]]],[[[0.18360020333399155,36.28147421869914],[0.17777049686919003,36.281353709221285],[0.1809631439486575,36.27627364971121],[0.18360020333399155,36.28147421869914]]]]},"properties":{"speed":0.4921,"dir_deg":57.9,"type":"قوي"}},{"type":"Feature","geometry":{"type":"MultiPolygon","coordinates":[[[[0.20774477709464173,36.27164052166185],[0.21987167550878794,36.28046879073642],[0.2210487780520637,36.278851870947875],[0.20892187963791747,36.270023601873305],[0.20774477709464173,36.27164052166185]]],[[[0.22450252625180786,36.282603087200336],[0.21869457296551217,36.282085710524974],[0.22222588059533946,36.27723495115932],[0.22450252625180786,36.282603087200336]]]]},"properties":{"speed":0.5673,"dir_deg":53.9,"type":"قوي"}},{"type":"Feature","geometry":{"type":"MultiPolygon","coordinates":[[[[0.24932810261790814,36.27157270601952],[0.26043776639707245,36.2816511667509],[0.2617815611612561,36.280169878247015],[0.25067189738209184,36.27009141751564],[0.24932810261790814,36.27157270601952]]],[[[0.2648128850388857,36.28427000940942],[0.2590939716328887,36.28313245525479],[0.26312535592543984,36.278688589743126],[0.2648128850388857,36.28427000940942]]]]},"properties":{"speed":0.666,"dir_deg":47.8,"type":"قوي"}},{"type":"Feature","geometry":{"type":"MultiPolygon","coordinates":[[[[0.2910254383811643,36.27159942024041],[0.3025358154737162,36.28121769551134],[0.30381825217650604,36.27968297856567],[0.2923078750839541,36.27006470329474],[0.2910254383811643,36.27159942024041]]],[[[0.30701382618929507,36.283656428795474],[0.30125337877092645,36.282752412457015],[0.3051006888792958,36.27814826161999],[0.30701382618929507,36.283656428795474]]]]},"properties":{"speed":0.7487,"dir_deg":50.1,"type":"قوي"}},{"type":"Feature","geometry":{"type":"MultiPolygon","coordinates":[[[[0.33276859880184273,36.271657327596614],[0.3451475862373996,36.28012849458059],[0.34627707516859574,36.278477962922516],[0.33389808773303886,36.27000679593854],[0.33276859880184273,36.271657327596614]]],[[[0.3498386598481833,36.28212695107954],[0.3440180973062034,36.28177902623866],[0.3474065640997919,36.276827431264444],[0.3498386598481833,36.28212695107954]]]]},"properties":{"speed":0.6395,"dir_deg":55.6,"type":"قوي"}},{"type":"Feature","geometry":{"type":"MultiPolygon","coordinates":[[[[0.37433202501994206,36.271576245498935],[0.385494780990299,36.2815958701998],[0.38683073095041487,36.28010750273709],[0.37566797498005794,36.27008787803622],[0.37433202501994206,36.271576245498935]]],[[[0.3898836746271426,36.284191561368736],[0.38415883103018317,36.283084237662514],[0.3881666809105307,36.278619135274376],[0.3898836746271426,36.284191561368736]]]]},"properties":{"speed":0.3987,"dir_deg":48.1,"type":"متوسط"}},{"type":"Feature","geometry":{"type":"MultiPolygon","coordinates":[[[[0.4158403348877277,36.271395259964265],[0.4242883078380697,36.28379008763674],[0.4259409515277327,36.282663691243364],[0.4174929785773907,36.27026886357089],[0.4158403348877277,36.271395259964265]]],[[[0.4279306206663485,36.28735849866421],[0.4226356641484067,36.28491648403012],[0.4275935952173957,36.28153729484998],[0.4279306206663485,36.28735849866421]]]]},"properties":{"speed":0.2078,"dir_deg":34.3,"type":"متوسط"}},{"type":"Feature","geometry":{"type":"MultiPolygon","coordinates":[[[[0.45739945022085915,36.271189614249806],[0.4627627374542583,36.28519800994853],[0.46463052354742157,36.284482904984074],[0.45926723631402244,36.27047450928535],[0.45739945022085915,36.271189614249806]]],[[[0.46548439291197297,36.28950992269921],[0.46089495136109493,36.28591311491298],[0.4664983096405849,36.283767800019625],[0.46548439291197297,36.28950992269921]]]]},"properties":{"speed":0.1272,"dir_deg":20.9,"type":"ضعيف"}},{"type":"Feature","geometry":{"type":"MultiPolygon","coordinates":[[[[0.49903093392043096,36.27107886317241],[0.5027329549929601,36.285614854365946],[0.5046710871520982,36.285121251556276],[0.500969066079569,36.27058526036274],[0.49903093392043096,36.27107886317241]]],[[[0.5049360280967056,36.29021338335896],[0.500794822833822,36.286108457175615],[0.5066092193112363,36.28462764874661],[0.5049360280967056,36.29021338335896]]]]},"properties":{"speed":0.0378,"dir_deg":14.3,"type":"ضعيف"}},{"type":"Feature","geometry":{"type":"MultiPolygon","coordinates":[[[[-0.41635383217681676,36.313449810927146],[-0.4021066682696377,36.30875744259101],[-0.4027323173811226,36.30685782073672],[-0.41697948128830165,36.311550189072854],[-0.41635383217681676,36.313449810927146]]],[[[-0.3976704381896538,36.30624350888515],[-0.4014810191581529,36.3106570644453],[-0.4033579664926074,36.304958198882424],[-0.3976704381896538,36.30624350888515]]]]},"properties":{"speed":0.256,"dir_deg":108.2,"type":"متوسط"}},{"type":"Feature","geometry":{"type":"MultiPolygon","coordinates":[[[[-0.3746772406781761,36.313446481072276],[-0.3604800245940436,36.30860509124492],[-0.3611255432376914,36.30671212910037],[-0.3753227593218239,36.311553518927724],[-0.3746772406781761,36.313446481072276]]],[[[-0.35607037855449003,36.306044813563524],[-0.3598345059503958,36.31049805338947],[-0.36177106188133923,36.30481916695582],[-0.35607037855449003,36.306044813563524]]]]},"properties":{"speed":0.2398,"dir_deg":108.8,"type":"متوسط"}},{"type":"Feature","geometry":{"type":"MultiPolygon","coordinates":[[[[-0.3329921104293963,36.31343997880308],[-0.31889242838319315,36.308321486232416],[-0.31957489405928213,36.30644152862625],[-0.3336745761054853,36.31156002119692],[-0.3329921104293963,36.31343997880308]]],[[[-0.3145337672058366,36.30567534323911],[-0.31820996270710417,36.31020144383857],[-0.3202573597353711,36.304561571020095],[-0.3145337672058366,36.30567534323911]]]]},"properties":{"speed":0.2204,"dir_deg":110.0,"type":"متوسط"}},{"type":"Feature","geometry":{"type":"MultiPolygon","coordinates":[[[[-0.2913241192136255,36.31343950415014],[-0.27723155696158586,36.30830144136613],[-0.27791663199945327,36.306422433065855],[-0.2920091942514929,36.31156049584986],[-0.2913241192136255,36.31343950415014]]],[[[-0.27287657372983964,36.305649249621325],[-0.2765464819237184,36.310180449666404],[-0.27860170703732073,36.30454342476558],[-0.27287657372983964,36.305649249621325]]]]},"properties":{"speed":0.2081,"dir_deg":110.0,"type":"متوسط"}},{"type":"Feature","geometry":{"type":"MultiPolygon","coordinates":[[[[-0.24969332615914866,36.31345181466438],[-0.23541610619338027,36.308851707051616],[-0.23602945387508295,36.30694807772285],[-0.2503066738408513,36.31154818533562],[-0.24969332615914866,36.31345181466438]]],[[[-0.2309637067123088,36.30636652318297],[-0.23480275851167762,36.31075533638039],[-0.2366428015567856,36.30504444839408],[-0.2309637067123088,36.30636652318297]]]]},"properties":{"speed":0.2059,"dir_deg":107.9,"type":"ضعيف"}},{"type":"Feature","geometry":{"type":"MultiPolygon","coordinates":[[[[-0.2081036758369211,36.31347327268315],[-0.19350458558972314,36.31002848474277],[-0.19396389064844013,36.30808193937648],[-0.2085629808956381,36.31152672731685],[-0.2081036758369211,36.31347327268315]]],[[[-0.18886787470334898,36.30790694941283],[-0.19304528053100617,36.31197503010907],[-0.1944231957071571,36.306135394010184],[-0.18886787470334898,36.30790694941283]]]]},"properties":{"speed":0.2097,"dir_deg":103.3,"type":"متوسط"}},{"type":"Feature","geometry":{"type":"MultiPolygon","coordinates":[[[[-0.16651314496204997,36.31348814450415],[-0.15169097739976997,36.31118524442909],[-0.15199803074311083,36.30920895542079],[-0.16682019830539083,36.31151185549585],[-0.16651314496204997,36.31348814450415]]],[[[-0.14690378155068043,36.30942946656659],[-0.15138392405642911,36.313161533437395],[-0.1523050840864517,36.30723266641249],[-0.14690378155068043,36.30942946656659]]]]},"properties":{"speed":0.2168,"dir_deg":98.8,"type":"متوسط"}},{"type":"Feature","geometry":{"type":"MultiPolygon","coordinates":[[[[-0.12488614376545075,36.31349349723596],[-0.10998368522609525,36.31178565371772],[-0.11021139769519375,36.3097986592458],[-0.12511385623454926,36.31150650276404],[-0.12488614376545075,36.31349349723596]]],[[[-0.10513005528085934,36.310222875309016],[-0.10975597275699674,36.313772648189634],[-0.11043911016429227,36.30781166477389],[-0.10513005528085934,36.310222875309016]]]]},"properties":{"speed":0.2251,"dir_deg":96.5,"type":"متوسط"}},{"type":"Feature","geometry":{"type":"MultiPolygon","coordinates":[[[[-0.08326011952766262,36.3134973160858],[-0.06830037824065734,36.31239907174784],[-0.0684468108190525,36.31040443957624],[-0.08340655210605778,36.3115026839142],[-0.08326011952766262,36.3134973160858]]],[[[-0.06338701410085315,36.31103567421605],[-0.06815394566226217,36.31439370391944],[-0.06859324339744767,36.30840980740464],[-0.06338701410085315,36.31103567421605]]]]},"properties":{"speed":0.2206,"dir_deg":94.2,"type":"متوسط"}},{"type":"Feature","geometry":{"type":"MultiPolygon","coordinates":[[[[-0.04171356135804628,36.31349889989708],[-0.026730062901871365,36.314202301641316],[-0.02663627600263899,36.31220450184716],[-0.041619774458813916,36.31150110010292],[-0.04171356135804628,36.31349889989708]]],[[[-0.021688669966863538,36.313437868992324],[-0.026823849801103736,36.31620010143548],[-0.02654248910340662,36.310206702053],[-0.021688669966863538,36.313437868992324]]]]},"properties":{"speed":0.2085,"dir_deg":87.3,"type":"متوسط"}},{"type":"Feature","geometry":{"type":"MultiPolygon","coordinates":[[[[-9.539700442679955e-05,36.31349543930581],[0.014836192582684765,36.314926394372215],[0.015026986591538364,36.31293551576059],[9.539700442679955e-05,36.31150456069419],[-9.539700442679955e-05,36.31349543930581]]],[[[0.019908786116148755,36.314407940088536],[0.014645398573831165,36.31691727298383],[0.015217780600391964,36.31094463714898],[0.019908786116148755,36.314407940088536]]]]},"properties":{"speed":0.2227,"dir_deg":84.5,"type":"متوسط"}},{"type":"Feature","geometry":{"type":"MultiPolygon","coordinates":[[[[0.04154167362830227,36.31349215746227],[0.056424035562331706,36.31536707166419],[0.05667402412258736,36.31338275673965],[0.041791662188557926,36.31150784253773],[0.04154167362830227,36.31349215746227]]],[[[0.06150981715380269,36.31499988560255],[0.05617404700207605,36.317351386588726],[0.056924012682843014,36.311398441815115],[0.06150981715380269,36.31499988560255]]]]},"properties":{"speed":0.2347,"dir_deg":82.8,"type":"متوسط"}},{"type":"Feature","geometry":{"type":"MultiPolygon","coordinates":[[[[0.0829309963801514,36.313415490566676],[0.09666335488025951,36.319450582117305],[0.0974680337536771,36.31761960098395],[0.083735675253569,36.311584509433324],[0.0829309963801514,36.313415490566676]]],[[[0.10164314715033768,36.32054678873418],[0.09585867600684192,36.32128156325065],[0.0982727126270947,36.31578861985061],[0.10164314715033768,36.32054678873418]]]]},"properties":{"speed":0.2699,"dir_deg":66.3,"type":"متوسط"}},{"type":"Feature","geometry":{"type":"MultiPolygon","coordinates":[[[[0.12455823323845183,36.313397129939524],[0.13801518233131943,36.320023631362744],[0.13889871585441577,36.318229371483696],[0.12544176676154817,36.311602870060476],[0.12455823323845183,36.313397129939524]]],[[[0.14294259879049015,36.32133533523096],[0.1371316488082231,36.32181789124179],[0.1397822493775121,36.31643511160465],[0.14294259879049015,36.32133533523096]]]]},"properties":{"speed":0.329,"dir_deg":63.8,"type":"متوسط"}},{"type":"Feature","geometry":{"type":"MultiPolygon","coordinates":[[[[0.16623340066591888,36.31340126370639],[0.17975235626180638,36.31990032822341],[0.18061889819740942,36.318097800810634],[0.16709994260152192,36.31159873629361],[0.16623340066591888,36.31340126370639]]],[[[0.1846919457615704,36.32116541935603],[0.17888581432620337,36.3217028556362],[0.18148544013301243,36.31629527339785],[0.1846919457615704,36.32116541935603]]]]},"properties":{"speed":0.3826,"dir_deg":64.3,"type":"متوسط"}},{"type":"Feature","geometry":{"type":"MultiPolygon","coordinates":[[[[0.20779577021127305,36.3133432266777],[0.2204441703767817,36.3214065990028],[0.22151928668679483,36.319720145647395],[0.20887088652128616,36.3116567733223],[0.20779577021127305,36.3133432266777]]],[[[0.22519786192029118,36.32325116310013],[0.21936905406676863,36.323093052358196],[0.2225944029968079,36.318033692292],[0.22519786192029118,36.32325116310013]]]]},"properties":{"speed":0.4478,"dir_deg":57.5,"type":"قوي"}},{"type":"Feature","geometry":{"type":"MultiPolygon","coordinates":[[[[0.24934320355135653,36.31325406791806],[0.2606542223222762,36.32310601464771],[0.26196781521956314,36.321597878811595],[0.25065679644864347,36.31174593208194],[0.24934320355135653,36.31325406791806]]],[[[0.2650813583612262,36.32563592897287],[0.25934062942498926,36.32461415048384],[0.2632814081168501,36.32008974297547],[0.2650813583612262,36.32563592897287]]]]},"properties":{"speed":0.5381,"dir_deg":48.9,"type":"قوي"}},{"type":"Feature","geometry":{"type":"MultiPolygon","coordinates":[[[[0.2909849987770838,36.313231670985985],[0.30196006356690785,36.32345654031812],[0.3033233794778587,36.32199319834615],[0.2923483146880346,36.311768329014015],[0.2909849987770838,36.313231670985985]]],[[[0.30630007645232465,36.32613315910951],[0.30059674765595695,36.3249198822901],[0.3046866953888096,36.32052985637417],[0.30630007645232465,36.32613315910951]]]]},"properties":{"speed":0.6757,"dir_deg":47.0,"type":"قوي"}},{"type":"Feature","geometry":{"type":"MultiPolygon","coordinates":[[[[0.33271088513244124,36.313282653096955],[0.3444506815867628,36.32261952512195],[0.3456955978567619,36.32105421892804],[0.33395580140244036,36.311717346903045],[0.33271088513244124,36.313282653096955]]],[[[0.3489864052065362,36.324949162699994],[0.3432057653167637,36.32418483131586],[0.34694051412676097,36.31948891273413],[0.3489864052065362,36.324949162699994]]]]},"properties":{"speed":0.7569,"dir_deg":51.5,"type":"قوي"}},{"type":"Feature","geometry":{"type":"MultiPolygon","coordinates":[[[[0.3743860783467371,36.31328936696387],[0.38622658280484,36.32249819176282],[0.3874544261113658,36.320919457835075],[0.3756139216532629,36.31171063303613],[0.3743860783467371,36.31328936696387]]],[[[0.3907873392774706,36.324778433065255],[0.38499873949831415,36.32407692569057],[0.3886822694178917,36.319340723907324],[0.3907873392774706,36.324778433065255]]]]},"properties":{"speed":0.6711,"dir_deg":52.1,"type":"قوي"}},{"type":"Feature","geometry":{"type":"MultiPolygon","coordinates":[[[[0.4159608335180111,36.31320838802206],[0.4265866538489844,36.323795736240285],[0.4279983002780806,36.32237896019616],[0.4173724799471073,36.31179161197794],[0.4159608335180111,36.31320838802206]]],[[[0.43083441717385695,36.326616464290964],[0.42517500741988823,36.325212512284416],[0.4294099467071768,36.32096218415203],[0.43083441717385695,36.326616464290964]]]]},"properties":{"speed":0.4859,"dir_deg":45.1,"type":"قوي"}},{"type":"Feature","geometry":{"type":"MultiPolygon","coordinates":[[[[0.45757314934550364,36.313149696237524],[0.4673185929083287,36.32455260506658],[0.46883898075220304,36.32325321259153],[0.45909353718937795,36.311850303762476],[0.45757314934550364,36.313149696237524]]],[[[0.4713272680178742,36.32770387843874],[0.4657982050644544,36.32585199754162],[0.47035936859607735,36.32195382011649],[0.4713272680178742,36.32770387843874]]]]},"properties":{"speed":0.2877,"dir_deg":40.5,"type":"متوسط"}},{"type":"Feature","geometry":{"type":"MultiPolygon","coordinates":[[[[0.499263278861369,36.31317619669024],[0.5094062292149995,36.32422701376971],[0.5108796714922614,36.32287462038922],[0.500736721138631,36.31182380330976],[0.499263278861369,36.31317619669024]]],[[[0.5135239338048406,36.32723442277262],[0.5079327869377375,36.325579407150194],[0.5123531137695234,36.321522227008735],[0.5135239338048406,36.32723442277262]]]]},"properties":{"speed":0.1742,"dir_deg":42.5,"type":"ضعيف"}},{"type":"Feature","geometry":{"type":"MultiPolygon","coordinates":[[[[0.5409800709668285,36.31322702067488],[0.5518853810900717,36.32352625419568],[0.5532586122261778,36.32207221284592],[0.5423533021029346,36.31177297932512],[0.5409800709668285,36.31322702067488]]],[[[0.556207100032539,36.32623231136106],[0.5505121499539655,36.324980295545444],[0.554631843362284,36.32061817149615],[0.556207100032539,36.32623231136106]]]]},"properties":{"speed":0.0927,"dir_deg":46.6,"type":"ضعيف"}},{"type":"Feature","geometry":{"type":"MultiPolygon","coordinates":[[[[0.5827349607503014,36.31330123281802],[0.5947534530205912,36.322276523540275],[0.5959501584502253,36.320674057904235],[0.5839316661799354,36.31169876718198],[0.5827349607503014,36.31330123281802]]],[[[0.5993579698255048,36.32446705429634],[0.5935567475909573,36.323878989176315],[0.5971468638798592,36.319071592268195],[0.5993579698255048,36.32446705429634]]]]},"properties":{"speed":0.0312,"dir_deg":53.2,"type":"ضعيف"}},{"type":"Feature","geometry":{"type":"MultiPolygon","coordinates":[[[[-0.41638555669016697,36.355127616702624],[-0.4019903796371539,36.35091111606674],[-0.40255257972193836,36.348991759126335],[-0.41694775677495144,36.35320825976222],[-0.41638555669016697,36.355127616702624]]],[[[-0.3974730873285418,36.34854593738458],[-0.4014281795523694,36.35283047300714],[-0.40311477980672283,36.34707240218594],[-0.3974730873285418,36.34854593738458]]]]},"properties":{"speed":0.263,"dir_deg":106.3,"type":"متوسط"}},{"type":"Feature","geometry":{"type":"MultiPolygon","coordinates":[[[[-0.37467946030433363,36.355115173315966],[-0.36047093405113,36.35030707788097],[-0.36111201344246274,36.34841260771388],[-0.37532053969566637,36.35322070314888],[-0.37467946030433363,36.355115173315966]]],[[[-0.35605529832906185,36.3477571443191],[-0.3598298546597973,36.352201548048065],[-0.3617530928337955,36.34651813754679],[-0.35605529832906185,36.3477571443191]]]]},"properties":{"speed":0.2529,"dir_deg":108.7,"type":"متوسط"}},{"type":"Feature","geometry":{"type":"MultiPolygon","coordinates":[[[[-0.33295422370605005,36.35509328592825],[-0.31907400826865673,36.349406492507384],[-0.31983224739143823,36.34755579711573],[-0.33371246282883155,36.353242590536595],[-0.33295422370605005,36.35509328592825]]],[[[-0.31482638935091634,36.34658554700461],[-0.3183157691458753,36.35125718789904],[-0.3205904865142197,36.34570510172408],[-0.31482638935091634,36.34658554700461]]]]},"properties":{"speed":0.2305,"dir_deg":112.3,"type":"متوسط"}},{"type":"Feature","geometry":{"type":"MultiPolygon","coordinates":[[[[-0.29123878686226,36.3550717785801],[-0.2776811816470943,36.34865373052561],[-0.2785369213876927,36.34684604983026],[-0.2920945266028584,36.35326409788475],[-0.29123878686226,36.3550717785801]]],[[[-0.2735898497790049,36.345610540826435],[-0.276825441906496,36.35046141122097],[-0.27939266112829103,36.345038369134905],[-0.2735898497790049,36.345610540826435]]]]},"properties":{"speed":0.2042,"dir_deg":115.3,"type":"ضعيف"}},{"type":"Feature","geometry":{"type":"MultiPolygon","coordinates":[[[[-0.24958192734637108,36.35507635182561],[-0.23595572344855992,36.34880526202117],[-0.23679186875581776,36.3469884348348],[-0.2504180726536289,36.353259524639235],[-0.24958192734637108,36.35507635182561]]],[[[-0.23183172813625177,36.34580648515984],[-0.23511957814130205,36.35062208920755],[-0.23762801406307563,36.345171607648425],[-0.23183172813625177,36.34580648515984]]]]},"properties":{"speed":0.1798,"dir_deg":114.7,"type":"ضعيف"}},{"type":"Feature","geometry":{"type":"MultiPolygon","coordinates":[[[[-0.20802973063346822,36.35512073853502],[-0.19373772609449072,36.35056677254285],[-0.1943449215601135,36.34866117193765],[-0.20863692609909099,36.35321513792982],[-0.20802973063346822,36.35512073853502]]],[[[-0.1892773223143096,36.348095983576194],[-0.19313053062886798,36.352472373148046],[-0.19495211702573623,36.34675557133245],[-0.1892773223143096,36.348095983576194]]]]},"properties":{"speed":0.1652,"dir_deg":107.7,"type":"ضعيف"}},{"type":"Feature","geometry":{"type":"MultiPolygon","coordinates":[[[[-0.16652915594187606,36.35515843782076],[-0.15167166211681496,36.3530957024431],[-0.15194669350050363,36.35111470326642],[-0.16680418732556473,36.35317743864408],[-0.16652915594187606,36.35515843782076]]],[[[-0.14685667986697226,36.35141762439554],[-0.15139663073312626,36.35507670161977],[-0.15222172488419233,36.349133704089745],[-0.14685667986697226,36.35141762439554]]]]},"properties":{"speed":0.1705,"dir_deg":97.9,"type":"ضعيف"}},{"type":"Feature","geometry":{"type":"MultiPolygon","coordinates":[[[[-0.12497281148153244,36.355167568556325],[-0.10997835662300903,36.354759740779315],[-0.11003273365994415,36.35276048013151],[-0.12502718851846756,36.35316830790852],[-0.12497281148153244,36.355167568556325]]],[[[-0.10500739352196878,36.35362416786307],[-0.10992397958607392,36.356759001427115],[-0.11008711069687926,36.35076121948371],[-0.10500739352196878,36.35362416786307]]]]},"properties":{"speed":0.1903,"dir_deg":91.6,"type":"ضعيف"}},{"type":"Feature","geometry":{"type":"MultiPolygon","coordinates":[[[[-0.08331743272332577,36.35516781177024],[-0.06831932965615065,36.35492926536722],[-0.0683511358432195,36.35292951829159],[-0.08334923891039463,36.35316806469461],[-0.08331743272332577,36.35516781177024]]],[[[-0.06333586506062669,36.353849876361735],[-0.06828752346908178,36.35692901244284],[-0.06838294203028837,36.35092977121597],[-0.06333586506062669,36.353849876361735]]]]},"properties":{"speed":0.2042,"dir_deg":90.9,"type":"ضعيف"}},{"type":"Feature","geometry":{"type":"MultiPolygon","coordinates":[[[[-0.04167989771540031,36.35516785071469],[-0.02668121048128897,36.355366297819245],[-0.026654750867348552,36.3533664728547],[-0.04165343810145989,36.35316802575015],[-0.04167989771540031,36.35516785071469]]],[[[-0.021668418262948314,36.354432534371824],[-0.026707670095229393,36.357366122783795],[-0.02662829125340813,36.35136664789015],[-0.021668418262948314,36.354432534371824]]]]},"properties":{"speed":0.2095,"dir_deg":89.2,"type":"متوسط"}},{"type":"Feature","geometry":{"type":"MultiPolygon","coordinates":[[[[2.671021787974269e-05,36.35516758145091],[0.015021358495137992,36.35476692818271],[0.014967938059378506,36.35276764174574],[-2.671021787974269e-05,36.35316829501394],[2.671021787974269e-05,36.35516758145091]]],[[[0.019992864369677666,36.35363373387483],[0.015074778930897476,36.35676621461968],[0.014914517623619021,36.35076835530877],[0.019992864369677666,36.35363373387483]]]]},"properties":{"speed":0.2195,"dir_deg":91.5,"type":"متوسط"}},{"type":"Feature","geometry":{"type":"MultiPolygon","coordinates":[[[[0.04170829244321135,36.35516707155591],[0.05669529229553186,36.35454270353419],[0.056612043225969355,36.352544436887214],[0.04162504337364885,36.35316880490893],[0.04170829244321135,36.35516707155591]]],[[[0.061649334378190784,36.3533354475368],[0.05677854136509435,36.356540970181165],[0.05652879415640686,36.35054617024024],[0.061649334378190784,36.3533354475368]]]]},"properties":{"speed":0.2152,"dir_deg":92.4,"type":"متوسط"}},{"type":"Feature","geometry":{"type":"MultiPolygon","coordinates":[[[[0.08302907626242183,36.35512052740071],[0.0973179137866894,36.35968442071729],[0.09792643289556614,36.357779242380715],[0.08363759537129857,36.353215349064136],[0.08302907626242183,36.35512052740071]]],[[[0.1023851191825503,36.36025312932119],[0.09670939467781267,36.36158959905386],[0.09853495200444287,36.355874064044144],[0.1023851191825503,36.36025312932119]]]]},"properties":{"speed":0.2397,"dir_deg":72.3,"type":"متوسط"}},{"type":"Feature","geometry":{"type":"MultiPolygon","coordinates":[[[[0.12477614938723657,36.3551425616998],[0.13939550139791823,36.35850032089125],[0.13984320262344513,36.356551073956496],[0.12522385061276345,36.35319331476504],[0.12477614938723657,36.3551425616998]]],[[[0.14449246934757556,36.358644950487694],[0.13894780017239136,36.36044956782601],[0.140290903848972,36.35460182702174],[0.14449246934757556,36.358644950487694]]]]},"properties":{"speed":0.2829,"dir_deg":77.1,"type":"متوسط"}},{"type":"Feature","geometry":{"type":"MultiPolygon","coordinates":[[[[0.16642927811256103,36.35513935179837],[0.18100048160180995,36.35870025461576],[0.1814752686441287,36.35675742748386],[0.16690406515487977,36.35319652466647],[0.16642927811256103,36.35513935179837]]],[[[0.18609494295271897,36.35891580865561],[0.18052569455949122,36.36064308174766],[0.18195005568644743,36.354814600351965],[0.18609494295271897,36.35891580865561]]]]},"properties":{"speed":0.305,"dir_deg":76.3,"type":"متوسط"}},{"type":"Feature","geometry":{"type":"MultiPolygon","coordinates":[[[[0.20787571810922167,36.355057091117274],[0.2212130113819573,36.361921244973146],[0.22212823189607314,36.36014293920344],[0.20879093862333753,36.35327878534757],[0.20787571810922167,36.355057091117274]]],[[[0.2261163860632604,36.36332014337358],[0.2202977908678414,36.363699550742844],[0.22304345241018902,36.358364633433744],[0.2261163860632604,36.36332014337358]]]]},"properties":{"speed":0.3617,"dir_deg":62.8,"type":"متوسط"}},{"type":"Feature","geometry":{"type":"MultiPolygon","coordinates":[[[[0.24946026279219963,36.35500977179466],[0.26208776622581903,36.36310582991167],[0.2631672406414198,36.361422162787186],[0.2505397372078004,36.35332610467018],[0.24946026279219963,36.35500977179466]]],[[[0.26683667124482585,36.36496268238843],[0.2610082918102183,36.36478949703615],[0.2642467150570205,36.359738495662704],[0.26683667124482585,36.36496268238843]]]]},"properties":{"speed":0.426,"dir_deg":57.3,"type":"قوي"}},{"type":"Feature","geometry":{"type":"MultiPolygon","coordinates":[[[[0.291015742437477,36.35492708945613],[0.3024030107931002,36.36469080388237],[0.3037048393832646,36.363172501434946],[0.2923175710276414,36.35340878700871],[0.291015742437477,36.35492708945613]]],[[[0.30684968120672346,36.367186224134066],[0.3011011822029359,36.366209106329784],[0.3050066679734289,36.36165419898753],[0.30684968120672346,36.367186224134066]]]]},"properties":{"speed":0.5246,"dir_deg":49.4,"type":"قوي"}},{"type":"Feature","geometry":{"type":"MultiPolygon","coordinates":[[[[0.3326629487086108,36.35490994304069],[0.34379302083261337,36.36496586142314],[0.3451338099502734,36.363481851806604],[0.3340037378262708,36.353425933424155],[0.3326629487086108,36.35490994304069]]],[[[0.34817343943277757,36.36757582940902],[0.3424522317149533,36.36644987103967],[0.34647459906793343,36.36199784219007],[0.34817343943277757,36.36757582940902]]]]},"properties":{"speed":0.6615,"dir_deg":47.9,"type":"قوي"}},{"type":"Feature","geometry":{"type":"MultiPolygon","coordinates":[[[[0.3743625234937739,36.354938408026776],[0.3859195704090632,36.36450055562017],[0.3871945234215154,36.36295961603146],[0.3756374765062261,36.35339746843807],[0.3743625234937739,36.354938408026776]]],[[[0.39040939588705237,36.366917468356945],[0.384644617396611,36.366041495208876],[0.3884694764339676,36.36141867644275],[0.39040939588705237,36.366917468356945]]]]},"properties":{"speed":0.7294,"dir_deg":50.4,"type":"قوي"}},{"type":"Feature","geometry":{"type":"MultiPolygon","coordinates":[[[[0.41601073624515283,36.354922768222686],[0.4273331860990997,36.364761575533784],[0.42864502707391244,36.363251915553256],[0.4173225772199656,36.35341310824216],[0.41601073624515283,36.354922768222686]]],[[[0.43176325653782166,36.367286347980546],[0.426021345124287,36.36627123551431],[0.4299568680487251,36.36174225557273],[0.43176325653782166,36.367286347980546]]]]},"properties":{"speed":0.6898,"dir_deg":49.0,"type":"قوي"}},{"type":"Feature","geometry":{"type":"MultiPolygon","coordinates":[[[[0.45762400271790343,36.35487280416633],[0.4681969917265027,36.365512912409386],[0.4696156728255774,36.364103180541576],[0.45904268381697816,36.35346307229852],[0.45762400271790343,36.35487280416633]]],[[[0.47243066194557315,36.36835474922317],[0.46677831062742803,36.3669226442772],[0.4710343539246521,36.36269344867376],[0.47243066194557315,36.36835474922317]]]]},"properties":{"speed":0.5563,"dir_deg":44.8,"type":"قوي"}},{"type":"Feature","geometry":{"type":"MultiPolygon","coordinates":[[[[0.4992490344642573,36.3548282796321],[0.5091541554594041,36.366092762668245],[0.5106560865308896,36.364772079868885],[0.5007509655357427,36.35350759683274],[0.4992490344642573,36.3548282796321]]],[[[0.5132068279935291,36.36918724894728],[0.5076522243879187,36.3674134454676],[0.512158017602375,36.36345139706953],[0.5132068279935291,36.36918724894728]]]]},"properties":{"speed":0.3914,"dir_deg":41.3,"type":"متوسط"}},{"type":"Feature","geometry":{"type":"MultiPolygon","coordinates":[[[[0.5410246562255272,36.35493461748861],[0.5525248450683603,36.364565072128926],[0.5538089056870691,36.36303171361655],[0.542308716844236,36.353401258976234],[0.5410246562255272,36.35493461748861]]],[[[0.5570002716586591,36.36700854441951],[0.5512407844496515,36.3660984306413],[0.5550929663057779,36.361498355104175],[0.5570002716586591,36.36700854441951]]]]},"properties":{"speed":0.2278,"dir_deg":50.1,"type":"متوسط"}},{"type":"Feature","geometry":{"type":"MultiPolygon","coordinates":[[[[0.5828116952683872,36.35502111726219],[0.595609380714933,36.36284539021316],[0.5966526171083955,36.36113903215362],[0.5838549316618497,36.353314759202654],[0.5828116952683872,36.35502111726219]]],[[[0.6003968940605128,36.36460030216705],[0.5945661443214704,36.3645517482727],[0.597695853501858,36.35943267409408],[0.6003968940605128,36.36460030216705]]]]},"properties":{"speed":0.1285,"dir_deg":58.6,"type":"ضعيف"}},{"type":"Feature","geometry":{"type":"MultiPolygon","coordinates":[[[[0.6243204358360543,36.3549015543085],[0.6353246769772324,36.36509501676768],[0.6366838053051237,36.36362778461553],[0.6256795641639457,36.353434322156346],[0.6243204358360543,36.3549015543085]]],[[[0.6396723215215707,36.367759221511335],[0.6339655486493412,36.36656224891984],[0.6380429336330149,36.36216055246337],[0.6396723215215707,36.367759221511335]]]]},"properties":{"speed":0.0821,"dir_deg":47.2,"type":"ضعيف"}},{"type":"Feature","geometry":{"type":"MultiPolygon","coordinates":[[[[0.6658685661154299,36.35477043619595],[0.6749060355683351,36.366742242487724],[0.6765022764072385,36.36553724656067],[0.6674648069543333,36.353565440268895],[0.6658685661154299,36.35477043619595]]],[[[0.6787166458054218,36.37013034662146],[0.6733097947294315,36.36794723841478],[0.678098517246142,36.364332250633616],[0.6787166458054218,36.37013034662146]]]]},"properties":{"speed":0.0535,"dir_deg":37.0,"type":"ضعيف"}},{"type":"Feature","geometry":{"type":"MultiPolygon","coordinates":[[[[0.7073353572894452,36.354231840278054],[0.7082938879738957,36.36920118291315],[0.7102898003252421,36.36907337882189],[0.7093312696407916,36.35410403618679],[0.7073353572894452,36.354231840278054]]],[[[0.709611354377719,36.37412706174589],[0.7062979756225493,36.36932898700441],[0.7122857126765886,36.36894557473063],[0.709611354377719,36.37412706174589]]]]},"properties":{"speed":0.0536,"dir_deg":3.7,"type":"ضعيف"}},{"type":"Feature","geometry":{"type":"MultiPolygon","coordinates":[[[[0.749026802679891,36.35393796654692],[0.7455772273973614,36.36853592634856],[0.7475236220375795,36.368995869719555],[0.750973197320109,36.35439790991792],[0.749026802679891,36.35393796654692]]],[[[0.7454005662899607,36.373631884634605],[0.7436308327571434,36.36807598297755],[0.7494700166777976,36.36945581309056],[0.7454005662899607,36.373631884634605]]]]},"properties":{"speed":0.0428,"dir_deg":346.7,"type":"ضعيف"}},{"type":"Feature","geometry":{"type":"MultiPolygon","coordinates":[[[[-0.41651736395883193,36.39682085480341],[-0.4016854684213296,36.3945814631975],[-0.4019840539687841,36.392603877125836],[-0.4168159495062865,36.39484326873175],[-0.41651736395883193,36.39682085480341]]],[[[-0.3968907960158894,36.39284620629303],[-0.401386882873875,36.396559049269165],[-0.4022826395162387,36.39062629105417],[-0.3968907960158894,36.39284620629303]]]]},"properties":{"speed":0.2528,"dir_deg":98.6,"type":"متوسط"}},{"type":"Feature","geometry":{"type":"MultiPolygon","coordinates":[[[[-0.37481126093378847,36.39681408904056],[-0.3600808518390193,36.39398300304739],[-0.36045832997144234,36.39201894850142],[-0.37518873906621153,36.394850034494596],[-0.37481126093378847,36.39681408904056]]],[[[-0.3553594545403077,36.392057280443346],[-0.3597033737065962,36.39594705759336],[-0.3608358081038654,36.39005489395545],[-0.3553594545403077,36.392057280443346]]]]},"properties":{"speed":0.2503,"dir_deg":100.9,"type":"متوسط"}},{"type":"Feature","geometry":{"type":"MultiPolygon","coordinates":[[[[-0.3330844198733429,36.39680058494431],[-0.31855657222233397,36.39306673403284],[-0.3190544190105297,36.39112968767938],[-0.3335822666615387,36.39486353859085],[-0.3330844198733429,36.39680058494431]]],[[[-0.31396287973276216,36.39085359388562],[-0.31805872543413816,36.39500378038631],[-0.31955226579872553,36.38919264132591],[-0.31396287973276216,36.39085359388562]]]]},"properties":{"speed":0.238,"dir_deg":104.4,"type":"متوسط"}},{"type":"Feature","geometry":{"type":"MultiPolygon","coordinates":[[[[-0.29135097209222205,36.396780925934806],[-0.2771180095837552,36.39204565632975],[-0.2777493788644295,36.390147927995294],[-0.29198234137289636,36.39488319760035],[-0.29135097209222205,36.396780925934806]]],[[[-0.27268937338793675,36.389518368960836],[-0.27648664030308095,36.39394338466421],[-0.2783807481451038,36.38825019966083],[-0.27268937338793675,36.389518368960836]]]]},"properties":{"speed":0.22,"dir_deg":108.4,"type":"متوسط"}},{"type":"Feature","geometry":{"type":"MultiPolygon","coordinates":[[[[-0.24963348435654767,36.39676247365653],[-0.23567730602225564,36.39126473900475],[-0.2364103373091603,36.38940391522684],[-0.25036651564345236,36.394901649878626],[-0.24963348435654767,36.39676247365653]]],[[[-0.23139176222094396,36.388501748898534],[-0.23494427473535098,36.39312556278265],[-0.23714336859606497,36.38754309144894],[-0.23139176222094396,36.388501748898534]]]]},"properties":{"speed":0.1963,"dir_deg":111.5,"type":"ضعيف"}},{"type":"Feature","geometry":{"type":"MultiPolygon","coordinates":[[[[-0.20797339968697756,36.39676504158827],[-0.19397870237661838,36.39136611139874],[-0.19469855973522246,36.38950015175736],[-0.20869325704558164,36.39489908194689],[-0.20797339968697756,36.39676504158827]]],[[[-0.18967373195246734,36.38863348818154],[-0.1932588450180143,36.393232071040124],[-0.19541841709382654,36.387634192115975],[-0.18967373195246734,36.38863348818154]]]]},"properties":{"speed":0.1693,"dir_deg":111.1,"type":"ضعيف"}},{"type":"Feature","geometry":{"type":"MultiPolygon","coordinates":[[[[-0.16639645841626508,36.39679486227501],[-0.1519544508047763,36.39274166401318],[-0.15249487723968694,36.39081606299832],[-0.16693688485117572,36.39486926126015],[-0.16639645841626508,36.39679486227501]]],[[[-0.14741066148506868,36.390427797418475],[-0.15141402436986565,36.39466726502805],[-0.15303530367459758,36.38889046198345],[-0.14741066148506868,36.390427797418475]]]]},"properties":{"speed":0.1528,"dir_deg":105.7,"type":"ضعيف"}},{"type":"Feature","geometry":{"type":"MultiPolygon","coordinates":[[[[-0.12488104503906541,36.39682496141874],[-0.10998755027170014,36.39504063700472],[-0.11022546019356931,36.3930548377024],[-0.1251189549609346,36.39483916211642],[-0.12488104503906541,36.39682496141874]]],[[[-0.10514200697684631,36.393452962548885],[-0.10974964034983098,36.39702643630703],[-0.11046337011543847,36.39106903840009],[-0.10514200697684631,36.393452962548885]]]]},"properties":{"speed":0.1581,"dir_deg":96.8,"type":"ضعيف"}},{"type":"Feature","geometry":{"type":"MultiPolygon","coordinates":[[[[-0.08328602909800246,36.39683094217801],[-0.06830282294147656,36.396121341395144],[-0.06839743637919203,36.39412358057427],[-0.08338064253571793,36.39483318135714],[-0.08328602909800246,36.39683094217801]]],[[[-0.06335572760815898,36.394885927390426],[-0.0682082095037611,36.398119102216015],[-0.0684920498169075,36.3921258197534],[-0.06335572760815898,36.394885927390426]]]]},"properties":{"speed":0.1775,"dir_deg":92.7,"type":"ضعيف"}},{"type":"Feature","geometry":{"type":"MultiPolygon","coordinates":[[[[-0.04162849579983467,36.39683133294705],[-0.026639428107739532,36.39625875131812],[-0.026715772324930387,36.394260208959174],[-0.04170484001702553,36.394832790588104],[-0.04162849579983467,36.39683133294705]]],[[[-0.021681244318969912,36.39506861959567],[-0.02656308389054868,36.39825729367707],[-0.026792116542121238,36.39226166660023],[-0.021681244318969912,36.39506861959567]]]]},"properties":{"speed":0.1998,"dir_deg":92.2,"type":"ضعيف"}},{"type":"Feature","geometry":{"type":"MultiPolygon","coordinates":[[[[0.00012119625947779884,36.39682469033189],[0.015010624724161484,36.395006746439726],[0.014768232205205886,36.3930214893111],[-0.00012119625947779884,36.394839433203266],[0.00012119625947779884,36.39682469033189]]],[[[0.019852571286244916,36.393408136578024],[0.015253017243117083,36.39699200356835],[0.014525839686250288,36.39103623218248],[0.019852571286244916,36.393408136578024]]]]},"properties":{"speed":0.2175,"dir_deg":97.0,"type":"متوسط"}},{"type":"Feature","geometry":{"type":"MultiPolygon","coordinates":[[[[0.041847042516539874,36.39681565975494],[0.05660101232702073,36.394110040633294],[0.05624026311080118,36.392142844658565],[0.041486293300320325,36.394848463780214],[0.041847042516539874,36.39681565975494]]],[[[0.0613386276557379,36.39222456960538],[0.05696176154324027,36.39607723660802],[0.05587951389458164,36.39017564868384],[0.0613386276557379,36.39222456960538]]]]},"properties":{"speed":0.2127,"dir_deg":100.4,"type":"متوسط"}},{"type":"Feature","geometry":{"type":"MultiPolygon","coordinates":[[[[0.08325014972715325,36.39682859579835],[0.0981981601886774,36.39807638714395],[0.0983645323680913,36.396083319082415],[0.08341652190656715,36.39483552773681],[0.08325014972715325,36.39682859579835]]],[[[0.10326401643222573,36.397495783561716],[0.09803178800926352,36.40006945520549],[0.09853090454750518,36.39409025102088],[0.10326401643222573,36.397495783561716]]]]},"properties":{"speed":0.2133,"dir_deg":85.2,"type":"متوسط"}},{"type":"Feature","geometry":{"type":"MultiPolygon","coordinates":[[[[0.12499398239730661,36.39683204366165],[0.1399937108082816,36.39692230770205],[0.1400057460136684,36.39492234391391],[0.1250060176026934,36.39483207987351],[0.12499398239730661,36.39683204366165]]],[[[0.1449996378813,36.39595241382145],[0.13998167560289482,36.39892227149018],[0.14001778121905517,36.39292238012578],[0.1449996378813,36.39595241382145]]]]},"properties":{"speed":0.2301,"dir_deg":89.7,"type":"متوسط"}},{"type":"Feature","geometry":{"type":"MultiPolygon","coordinates":[[[[0.16653530781863607,36.396823395993806],[0.1814053212120214,36.39879385322007],[0.18166804884219007,36.396811184767614],[0.16679803544880473,36.39484072754135],[0.16653530781863607,36.396823395993806]]],[[[0.1864933561582342,36.398459338069266],[0.18114259358185272,36.40077652167252],[0.18193077647235875,36.394828516315165],[0.1864933561582342,36.398459338069266]]]]},"properties":{"speed":0.2327,"dir_deg":82.5,"type":"متوسط"}},{"type":"Feature","geometry":{"type":"MultiPolygon","coordinates":[[[[0.2079411860937798,36.39675196634857],[0.221739754808567,36.40263410043607],[0.22252403935356663,36.40079429127409],[0.20872547063877941,36.39491215718659],[0.2079411860937798,36.39675196634857]]],[[[0.22673141998599589,36.40367490721757],[0.2209554702635674,36.40447390959804],[0.22330832389856622,36.39895448211212],[0.22673141998599589,36.40367490721757]]]]},"properties":{"speed":0.2828,"dir_deg":66.9,"type":"متوسط"}},{"type":"Feature","geometry":{"type":"MultiPolygon","coordinates":[[[[0.24959767889766182,36.39674756039162],[0.26333015825821476,36.40278237692669],[0.2641348004628911,36.40095137967861],[0.2504023211023382,36.39491656314354],[0.24959767889766182,36.39674756039162]]],[[[0.26830997248073724,36.40387848381434],[0.2625255160535384,36.40461337417476],[0.26493944266756747,36.39912038243054],[0.26830997248073724,36.40387848381434]]]]},"properties":{"speed":0.3201,"dir_deg":66.3,"type":"متوسط"}},{"type":"Feature","geometry":{"type":"MultiPolygon","coordinates":[[[[0.2910712747024482,36.39663550450867],[0.30312291581889816,36.40556623496034],[0.30431367987912017,36.40395934947815],[0.2922620387626702,36.39502861902648],[0.2910712747024482,36.39663550450867]]],[[[0.30773551155449247,36.407739702369796],[0.3019321517586762,36.407173120442536],[0.3055044439393421,36.40235246399595],[0.30773551155449247,36.407739702369796]]]]},"properties":{"speed":0.3686,"dir_deg":53.5,"type":"متوسط"}},{"type":"Feature","geometry":{"type":"MultiPolygon","coordinates":[[[[0.33262664749312126,36.39653957931687],[0.3432394107325305,36.40714001593167],[0.34465280228116957,36.40572498083308],[0.33404003904176033,36.395124544218284],[0.33262664749312126,36.39653957931687]]],[[[0.3474836942533198,36.40996597725397],[0.34182601918389144,36.408555051030255],[0.34606619382980863,36.40430994573449],[0.3474836942533198,36.40996597725397]]]]},"properties":{"speed":0.5115,"dir_deg":45.0,"type":"قوي"}},{"type":"Feature","geometry":{"type":"MultiPolygon","coordinates":[[[[0.374333377888967,36.39657745760945],[0.3855143155170655,36.40657678927495],[0.38684755973913154,36.4050859975912],[0.375666622111033,36.3950866659257],[0.374333377888967,36.39657745760945]]],[[[0.38990791683746473,36.40916450398824],[0.3841810712949995,36.408067580958694],[0.38818080396119753,36.40359520590746],[0.38990791683746473,36.40916450398824]]]]},"properties":{"speed":0.6368,"dir_deg":48.2,"type":"قوي"}},{"type":"Feature","geometry":{"type":"MultiPolygon","coordinates":[[[[0.4160205471857602,36.39659530645543],[0.4274692175035488,36.406286949657414],[0.42876143659714683,36.40476046028171],[0.4173127662793582,36.395068817079725],[0.4160205471857602,36.39659530645543]]],[[[0.4319315504896107,36.40875425270356],[0.42617699840995077,36.40781343903312],[0.4300536556907449,36.403233970906],[0.4319315504896107,36.40875425270356]]]]},"properties":{"speed":0.7015,"dir_deg":49.8,"type":"قوي"}},{"type":"Feature","geometry":{"type":"MultiPolygon","coordinates":[[[[0.45765490500657796,36.396566719188556],[0.46867476632124166,36.4067432931015],[0.47003164284296733,36.405273978259544],[0.45901178152830363,36.3950974043466],[0.45765490500657796,36.396566719188556]]],[[[0.4730264916869924,36.409400826984836],[0.46731788979951605,36.408212607943454],[0.47138851936469295,36.40380466341759],[0.4730264916869924,36.409400826984836]]]]},"properties":{"speed":0.7032,"dir_deg":47.3,"type":"قوي"}},{"type":"Feature","geometry":{"type":"MultiPolygon","coordinates":[[[[0.49930412142807507,36.39655022122977],[0.5100765133609534,36.40698839980864],[0.5114682705048031,36.40555208088426],[0.5006958785719249,36.39511390230539],[0.49930412142807507,36.39655022122977]]],[[[0.5143631892438376,36.409749633206076],[0.5086847562171035,36.40842471873302],[0.512860027648653,36.40411576195988],[0.5143631892438376,36.409749633206076]]]]},"properties":{"speed":0.6007,"dir_deg":45.9,"type":"قوي"}},{"type":"Feature","geometry":{"type":"MultiPolygon","coordinates":[[[[0.5409869435627958,36.396565512169374],[0.5519886995897888,36.40676165675066],[0.5533481855339605,36.40529475594707],[0.5423464295069674,36.39509861136578],[0.5409869435627958,36.396565512169374]]],[[[0.5563356945708723,36.409426921209295],[0.5506292136456171,36.40822855755426],[0.5547076714781322,36.40382785514347],[0.5563356945708723,36.409426921209295]]]]},"properties":{"speed":0.4373,"dir_deg":47.2,"type":"قوي"}},{"type":"Feature","geometry":{"type":"MultiPolygon","coordinates":[[[[0.5826939612296735,36.39660097575434],[0.5942276710310392,36.40619125928601],[0.595506375501929,36.40465343131249],[0.5839726657005633,36.39506314778082],[0.5826939612296735,36.39660097575434]]],[[[0.5987115932002727,36.40861910647648],[0.5929489665601495,36.407729087259526],[0.5967850799728187,36.403115603338975],[0.5987115932002727,36.40861910647648]]]]},"properties":{"speed":0.2954,"dir_deg":50.3,"type":"متوسط"}},{"type":"Feature","geometry":{"type":"MultiPolygon","coordinates":[[[[0.624352500671866,36.39659412778838],[0.6357834909839456,36.40630661771039],[0.6370784896402136,36.40478248566878],[0.625647499328134,36.39506999574677],[0.624352500671866,36.39659412778838]]],[[[0.6402413204161062,36.40878204833026],[0.6344884923276777,36.407830749752],[0.6383734882964816,36.40325835362717],[0.6402413204161062,36.40878204833026]]]]},"properties":{"speed":0.1696,"dir_deg":49.6,"type":"ضعيف"}},{"type":"Feature","geometry":{"type":"MultiPolygon","coordinates":[[[[0.6657313839123641,36.39618591061145],[0.6710391165704912,36.41021544994921],[0.6729097218155262,36.40950775226147],[0.6676019891573991,36.395478212923706],[0.6657313839123641,36.39618591061145]]],[[[0.6737436634123843,36.414538114217926],[0.6691685113254561,36.410923147636964],[0.6747803270605613,36.40880005457372],[0.6737436634123843,36.414538114217926]]]]},"properties":{"speed":0.0723,"dir_deg":20.7,"type":"ضعيف"}},{"type":"Feature","geometry":{"type":"MultiPolygon","coordinates":[[[[0.7074799498223393,36.395310745651216],[0.6996602080768516,36.4081112002929],[0.7013669353624098,36.409153832525625],[0.7091866771078975,36.39635337788394],[0.7074799498223393,36.395310745651216]]],[[[0.6979069911378015,36.41289933462316],[0.6979534807912934,36.40706856806017],[0.703073662647968,36.41019646475836],[0.6979069911378015,36.41289933462316]]]]},"properties":{"speed":0.0599,"dir_deg":328.6,"type":"ضعيف"}},{"type":"Feature","geometry":{"type":"MultiPolygon","coordinates":[[[[0.7493610900712582,36.39506278021772],[0.7378218668233568,36.40464642914885],[0.7390996866808405,36.40618499224856],[0.7506389099287418,36.396601343317435],[0.7493610900712582,36.39506278021772]]],[[[0.7346143690027982,36.408610260342414],[0.7365440469658733,36.403107866049126],[0.740377506538324,36.407723555348284],[0.7346143690027982,36.408610260342414]]]]},"properties":{"speed":0.0631,"dir_deg":309.7,"type":"ضعيف"}},{"type":"Feature","geometry":{"type":"MultiPolygon","coordinates":[[[[0.790780149986604,36.39536940320171],[0.7838402714986323,36.40866745142588],[0.7856133445951876,36.40959276855761],[0.7925532230831592,36.396294720333444],[0.790780149986604,36.39536940320171]]],[[[0.7824135152175861,36.41356279273313],[0.7820671984020772,36.407742134294146],[0.7873864176917428,36.41051808568934],[0.7824135152175861,36.41356279273313]]]]},"properties":{"speed":0.0581,"dir_deg":332.4,"type":"ضعيف"}},{"type":"Feature","geometry":{"type":"MultiPolygon","coordinates":[[[[0.8324734763260165,36.39634263017066],[0.84013200237218,36.40924018725718],[0.8418516766503837,36.408219050451024],[0.8341931506042203,36.3953214933645],[0.8324734763260165,36.39634263017066]]],[[[0.8435446815266696,36.41302880454961],[0.8384123280939764,36.410261324063335],[0.8435713509285874,36.40719791364487],[0.8435446815266696,36.41302880454961]]]]},"properties":{"speed":0.0402,"dir_deg":30.7,"type":"ضعيف"}},{"type":"Feature","geometry":{"type":"MultiPolygon","coordinates":[[[[0.8750521700175732,36.39683069998499],[0.8900317432786826,36.39604814972139],[0.8899274032435363,36.39405087328657],[0.8749478299824268,36.39483342355017],[0.8750521700175732,36.39683069998499]]],[[[0.8949727643481459,36.394788661416115],[0.890136083313829,36.3980454261562],[0.8898230632083899,36.39205359685175],[0.8949727643481459,36.394788661416115]]]]},"properties":{"speed":0.0422,"dir_deg":93.0,"type":"ضعيف"}},{"type":"Feature","geometry":{"type":"MultiPolygon","coordinates":[[[[-0.4164884981266847,36.43848400178412],[-0.40172847136487316,36.435811622696],[-0.40208478857662217,36.433843619127764],[-0.4168448153384337,36.43651599821588],[-0.4164884981266847,36.43848400178412]]],[[[-0.3969866210501438,36.43393682788251],[-0.40137215415312416,36.437779626264245],[-0.40244110578837117,36.43187561555952],[-0.3969866210501438,36.43393682788251]]]]},"properties":{"speed":0.2151,"dir_deg":100.3,"type":"متوسط"}},{"type":"Feature","geometry":{"type":"MultiPolygon","coordinates":[[[[-0.37481475159620214,36.43848269172628],[-0.36007437570206946,36.43570396566931],[-0.36044487250966517,36.433738582216755],[-0.37518524840379786,36.43651730827372],[-0.37481475159620214,36.43848269172628]]],[[[-0.3553461654744897,36.43379503192404],[-0.35970387889447375,36.43766934912186],[-0.3608153693172609,36.431773198764205],[-0.3553461654744897,36.43379503192404]]]]},"properties":{"speed":0.2189,"dir_deg":100.7,"type":"متوسط"}},{"type":"Feature","geometry":{"type":"MultiPolygon","coordinates":[[[[-0.33313434454516766,36.438479999749255],[-0.31843434830639006,36.435495018915155],[-0.31883234575093633,36.433535019416645],[-0.33353234198971393,36.436520000250745],[-0.33313434454516766,36.438479999749255]]],[[[-0.313733348282404,36.433520025554536],[-0.31803635086184384,36.43745501841366],[-0.31923034319548255,36.43157501991814],[-0.313733348282404,36.433520025554536]]]]},"properties":{"speed":0.2206,"dir_deg":101.5,"type":"متوسط"}},{"type":"Feature","geometry":{"type":"MultiPolygon","coordinates":[[[[-0.29144872022766904,36.43847596295003],[-0.2768092759771807,36.435206915376675],[-0.277245148986961,36.433254989476616],[-0.29188459323744936,36.43652403704997],[-0.29144872022766904,36.43847596295003]]],[[[-0.27214739773190805,36.433141269902194],[-0.2763734029674003,36.43715884127674],[-0.2776810219967414,36.43130306357655],[-0.27214739773190805,36.433141269902194]]]]},"properties":{"speed":0.2171,"dir_deg":102.6,"type":"متوسط"}},{"type":"Feature","geometry":{"type":"MultiPolygon","coordinates":[[[[-0.24974988200068501,36.43846821536159],[-0.23522665157683648,36.43471644537186],[-0.23572688757546645,36.432780014648685],[-0.250250117999315,36.43653178463841],[-0.24974988200068501,36.43846821536159]]],[[[-0.23063569276820195,36.4324976400137],[-0.23472641557820648,36.436652876095046],[-0.23622712357409645,36.4308435839255],[-0.23063569276820195,36.4324976400137]]]]},"properties":{"speed":0.2078,"dir_deg":104.5,"type":"متوسط"}},{"type":"Feature","geometry":{"type":"MultiPolygon","coordinates":[[[[-0.20804432211375248,36.43845732720948],[-0.19368441397163497,36.43412223342157],[-0.1942624264766892,36.432207579002615],[-0.20862233461880672,36.43654267279052],[-0.20804432211375248,36.43845732720948]]],[[[-0.18918678417678958,36.43171987494946],[-0.19310640146658076,36.436036887840515],[-0.1948404389817434,36.43029292458367],[-0.18918678417678958,36.43171987494946]]]]},"properties":{"speed":0.1917,"dir_deg":106.8,"type":"ضعيف"}},{"type":"Feature","geometry":{"type":"MultiPolygon","coordinates":[[[[-0.16634456552569749,36.43844670357302],[-0.15214401193035393,36.433615111952676],[-0.15278822414639975,36.431721704806634],[-0.1669887777417433,36.43655329642698],[-0.16634456552569749,36.43844670357302]]],[[[-0.1477326001732623,36.43105787783954],[-0.1514997997143081,36.435508519098725],[-0.15343243636244558,36.429828297660585],[-0.1477326001732623,36.43105787783954]]]]},"properties":{"speed":0.1718,"dir_deg":108.8,"type":"ضعيف"}},{"type":"Feature","geometry":{"type":"MultiPolygon","coordinates":[[[[-0.12470351792966057,36.43845503841911],[-0.11037794164308036,36.43400780736402],[-0.11097090578375922,36.432097730525804],[-0.12529648207033944,36.43654496158089],[-0.12470351792966057,36.43845503841911]]],[[[-0.10589923161789304,36.43157035859321],[-0.10978497750240149,36.435917884202226],[-0.11156386992443809,36.4301876536876],[-0.10589923161789304,36.43157035859321]]]]},"properties":{"speed":0.1571,"dir_deg":107.2,"type":"ضعيف"}},{"type":"Feature","geometry":{"type":"MultiPolygon","coordinates":[[[[-0.08312674935300167,36.4384784283484],[-0.06845032412701947,36.43537963139052],[-0.06886349705473653,36.433422774693724],[-0.08353992228071873,36.4365215716516],[-0.08312674935300167,36.4384784283484]]],[[[-0.06376476884888393,36.43336827072283],[-0.06803715119930243,36.43733648808732],[-0.06927666998245358,36.431465917996924],[-0.06376476884888393,36.43336827072283]]]]},"properties":{"speed":0.1571,"dir_deg":101.9,"type":"ضعيف"}},{"type":"Feature","geometry":{"type":"MultiPolygon","coordinates":[[[[-0.04151010094540991,36.43848766734587],[-0.026695090757415003,36.43613916290057],[-0.02700822468345538,36.43416382820883],[-0.04182323487145029,36.43651233265413],[-0.04151010094540991,36.43848766734587]]],[[[-0.021913320991103553,36.434368660739594],[-0.02638195683137463,36.438114497592295],[-0.027321358609495753,36.4321884935171],[-0.021913320991103553,36.434368660739594]]]]},"properties":{"speed":0.1739,"dir_deg":99.0,"type":"ضعيف"}},{"type":"Feature","geometry":{"type":"MultiPolygon","coordinates":[[[[0.00021800699511254358,36.438475947206605],[0.01485721509420212,36.43520584227992],[0.014421201103977032,36.43325394786671],[-0.00021800699511254358,36.436524052793395],[0.00021800699511254358,36.438475947206605]]],[[[0.019518944132119437,36.43313986009775],[0.015293229084427207,36.43715773669313],[0.013985187113751945,36.4313020534535],[0.019518944132119437,36.43313986009775]]]]},"properties":{"speed":0.1899,"dir_deg":102.6,"type":"ضعيف"}},{"type":"Feature","geometry":{"type":"MultiPolygon","coordinates":[[[[0.041946322864724814,36.438460100570474],[0.056347831421798125,36.43426527622605],[0.0557885215092087,36.4323450750851],[0.041387012952135385,36.436539899429526],[0.041946322864724814,36.438460100570474]]],[[[0.06086867931786118,36.431906900874104],[0.05690714133438755,36.43618547736699],[0.055229211596619275,36.43042487394416],[0.06086867931786118,36.431906900874104]]]]},"properties":{"speed":0.1903,"dir_deg":106.2,"type":"ضعيف"}},{"type":"Feature","geometry":{"type":"MultiPolygon","coordinates":[[[[0.08349485611090807,36.43848686939086],[0.09829789697376477,36.43606406498014],[0.09797485638566904,36.43409032619842],[0.08317181552281233,36.43651313060914],[0.08349485611090807,36.43848686939086]]],[[[0.10307072363400246,36.434269594119044],[0.09862093756186051,36.43803780376185],[0.0976518157975733,36.43211658741671],[0.10307072363400246,36.434269594119044]]]]},"properties":{"speed":0.1822,"dir_deg":99.3,"type":"ضعيف"}},{"type":"Feature","geometry":{"type":"MultiPolygon","coordinates":[[[[0.12518566999349284,36.43848261215824],[0.13992485236705693,36.43569756225585],[0.13955351238007124,36.43373233793937],[0.12481433000650714,36.43651738784176],[0.12518566999349284,36.43848261215824]]],[[[0.1446522431647521,36.43378660013014],[0.14029619235404264,36.43766278657232],[0.13918217239308553,36.4317671136229],[0.1446522431647521,36.43378660013014]]]]},"properties":{"speed":0.1773,"dir_deg":100.7,"type":"ضعيف"}},{"type":"Feature","geometry":{"type":"MultiPolygon","coordinates":[[[[0.1666112271111649,36.438498461769385],[0.18158815365190362,36.43933012960772],[0.1816990426970146,36.43733320606895],[0.16672211615627588,36.436501538230615],[0.1666112271111649,36.438498461769385]]],[[[0.18663590702137203,36.43860889045111],[0.18147726460679267,36.44132705314648],[0.18180993174212554,36.43533628253019],[0.18663590702137203,36.43860889045111]]]]},"properties":{"speed":0.1669,"dir_deg":86.8,"type":"ضعيف"}},{"type":"Feature","geometry":{"type":"MultiPolygon","coordinates":[[[[0.20798799538870993,36.438438480226004],[0.22206519877878877,36.44361847488955],[0.2227558647339281,36.44174151443754],[0.20867866134384927,36.436561519773996],[0.20798799538870993,36.438438480226004]]],[[[0.22710293288638472,36.44440665955139],[0.22137453282364947,36.445495435341556],[0.22344653068906742,36.43986455398553],[0.22710293288638472,36.44440665955139]]]]},"properties":{"speed":0.2082,"dir_deg":69.8,"type":"متوسط"}},{"type":"Feature","geometry":{"type":"MultiPolygon","coordinates":[[[[0.24968476208354878,36.438449012674326],[0.26391995219843967,36.4431775814211],[0.2645504280313421,36.441279556072445],[0.2503152379164512,36.436550987325674],[0.24968476208354878,36.438449012674326]]],[[[0.26898025348652116,36.44380475832902],[0.26328947636553723,36.44507560676975],[0.26518090386424453,36.43938153072379],[0.26898025348652116,36.44380475832902]]]]},"properties":{"speed":0.2379,"dir_deg":71.6,"type":"متوسط"}},{"type":"Feature","geometry":{"type":"MultiPolygon","coordinates":[[[[0.29117821433392754,36.438372596139814],[0.30426715643114305,36.44569923211929],[0.30524404122840637,36.44395403983966],[0.29215509913119087,36.436627403860186],[0.29117821433392754,36.438372596139814]]],[[[0.3091185795288466,36.44726884797263],[0.30329027163387967,36.44744442439892],[0.30622092602566975,36.44220884756003],[0.3091185795288466,36.44726884797263]]]]},"properties":{"speed":0.2571,"dir_deg":60.8,"type":"متوسط"}},{"type":"Feature","geometry":{"type":"MultiPolygon","coordinates":[[[[0.33265699454795256,36.43823658157026],[0.34370571810185196,36.448381812362584],[0.34505841554082844,36.44690864922207],[0.33400969198692904,36.43676341842974],[0.33265699454795256,36.43823658157026]]],[[[0.34806497467264,36.45102697438976],[0.3423530206628755,36.44985497550311],[0.3464111129798049,36.44543548608154],[0.34806497467264,36.45102697438976]]]]},"properties":{"speed":0.355,"dir_deg":47.4,"type":"متوسط"}},{"type":"Feature","geometry":{"type":"MultiPolygon","coordinates":[[[[0.37432943644552835,36.43824185208729],[0.3854572177548561,36.44830030540436],[0.3867983448637994,36.446816601229784],[0.37567056355447165,36.43675814791271],[0.37432943644552835,36.43824185208729]]],[[[0.3898370417457703,36.45091127108943],[0.38411609064591273,36.449784009578934],[0.38813947197274273,36.44533289705521],[0.3898370417457703,36.45091127108943]]]]},"properties":{"speed":0.4717,"dir_deg":47.9,"type":"قوي"}},{"type":"Feature","geometry":{"type":"MultiPolygon","coordinates":[[[[0.4160334618173689,36.43827399237682],[0.4276433474696851,36.44777191610468],[0.4289097373000657,36.446223931351035],[0.4172998516477495,36.43672600762318],[0.4160334618173689,36.43827399237682]]],[[[0.4321465042689808,36.450163898303806],[0.4263769576393045,36.44931990085832],[0.4301761271304463,36.44467594659739],[0.4321465042689808,36.450163898303806]]]]},"properties":{"speed":0.5667,"dir_deg":50.7,"type":"قوي"}},{"type":"Feature","geometry":{"type":"MultiPolygon","coordinates":[[[[0.4576787936033532,36.43825601900588],[0.46901907869146403,36.44807426396719],[0.4703281780196393,36.44656222595544],[0.4589878929315284,36.43674398099412],[0.4576787936033532,36.43825601900588]]],[[[0.4734537233849219,36.45059099328175],[0.46770997936328884,36.44958630197894],[0.47163727734781447,36.44505018794369],[0.4734537233849219,36.45059099328175]]]]},"properties":{"speed":0.6541,"dir_deg":49.1,"type":"قوي"}},{"type":"Feature","geometry":{"type":"MultiPolygon","coordinates":[[[[0.4993441797052833,36.438254917042485],[0.510667935342592,36.448092221463234],[0.5119795759320254,36.446582387378264],[0.5006558202947167,36.436745082957515],[0.4993441797052833,36.438254917042485]]],[[[0.5150983408497449,36.45061640589434],[0.5093562947531586,36.44960205554821],[0.5132912165214588,36.445072553293286],[0.5150983408497449,36.45061640589434]]]]},"properties":{"speed":0.6865,"dir_deg":49.0,"type":"قوي"}},{"type":"Feature","geometry":{"type":"MultiPolygon","coordinates":[[[[0.5410395654290765,36.43827892176671],[0.552723391929718,36.44768573835378],[0.5539776341413282,36.446127894820364],[0.5422938076406867,36.43672107823329],[0.5410395654290765,36.43827892176671]]],[[[0.5572451218690703,36.450042422116105],[0.5514691497181077,36.4492435818872],[0.5552318763529385,36.444570051286945],[0.5572451218690703,36.450042422116105]]]]},"properties":{"speed":0.6254,"dir_deg":51.2,"type":"قوي"}},{"type":"Feature","geometry":{"type":"MultiPolygon","coordinates":[[[[0.5827246444167417,36.438293424217896],[0.5946260076852224,36.44742345994354],[0.595843345781976,36.44583661150775],[0.5839419825134952,36.436706575782104],[0.5827246444167417,36.438293424217896]]],[[[0.5992017978230928,36.44967338096753],[0.593408669588469,36.44901030837934],[0.5970606838787293,36.44424976307195],[0.5992017978230928,36.44967338096753]]]]},"properties":{"speed":0.5061,"dir_deg":52.5,"type":"قوي"}},{"type":"Feature","geometry":{"type":"MultiPolygon","coordinates":[[[[0.6244106870579791,36.43830790485601],[0.6365292598981483,36.44714759898633],[0.6377078857821902,36.445531789274305],[0.6255893129420209,36.43669209514399],[0.6244106870579791,36.43830790485601]]],[[[0.6411580971202256,36.44928625884042],[0.6353506340141064,36.44876340869835],[0.6388865116662321,36.443915979562284],[0.6411580971202256,36.44928625884042]]]]},"properties":{"speed":0.3476,"dir_deg":53.9,"type":"متوسط"}},{"type":"Feature","geometry":{"type":"MultiPolygon","coordinates":[[[[0.6660780396802403,36.4383083903021],[0.6782038942116619,36.447138093121715],[0.6793811879209446,36.44552131251752],[0.6672553333895229,36.4366916096979],[0.6660780396802403,36.4383083903021]]],[[[0.6828344925767772,36.44927293709283],[0.6770266005023793,36.4487548737259],[0.6805584816302273,36.44390453191333],[0.6828344925767772,36.44927293709283]]]]},"properties":{"speed":0.1848,"dir_deg":53.9,"type":"ضعيف"}},{"type":"Feature","geometry":{"type":"MultiPolygon","coordinates":[[[[0.7077807798771589,36.438333490632324],[0.7202831393620612,36.44662149445172],[0.7213882065379802,36.44495451318707],[0.7088858470530779,36.436666509367676],[0.7077807798771589,36.438333490632324]]],[[[0.7250031261116548,36.44855067175919],[0.7191780721861422,36.448288475716375],[0.7224932737138993,36.443287531922415],[0.7250031261116548,36.44855067175919]]]]},"properties":{"speed":0.0785,"dir_deg":56.5,"type":"ضعيف"}},{"type":"Feature","geometry":{"type":"MultiPolygon","coordinates":[[[[0.7491537191975675,36.438032737086594],[0.7571447754964981,36.45072694912308],[0.7588373371013631,36.44966147494989],[0.7508462808024325,36.436967262913406],[0.7491537191975675,36.438032737086594]]],[[[0.7606547417319075,36.45442561604865],[0.755452213891633,36.451792423296276],[0.7605298987062282,36.448596000776696],[0.7606547417319075,36.45442561604865]]]]},"properties":{"speed":0.0399,"dir_deg":32.2,"type":"ضعيف"}},{"type":"Feature","geometry":{"type":"MultiPolygon","coordinates":[[[[0.7906673309004159,36.437464106882814],[0.7901289341425843,36.4524544413998],[0.7921276454115158,36.45252622763417],[0.7926660421693473,36.437535893117186],[0.7906673309004159,36.437464106882814]]],[[[0.7909488241911061,36.457487112689314],[0.7881302228736528,36.45238265516542],[0.7941263566804474,36.45259801386855],[0.7909488241911061,36.457487112689314]]]]},"properties":{"speed":0.0491,"dir_deg":357.9,"type":"ضعيف"}},{"type":"Feature","geometry":{"type":"MultiPolygon","coordinates":[[[[0.8323824705746368,36.4371903263046],[0.8277373651436902,36.45145296966183],[0.8296390509246535,36.452072317052625],[0.8342841563556,36.4378096736954],[0.8323824705746368,36.4371903263046]]],[[[0.8271398395571896,36.45651685780963],[0.825835679362727,36.45083362227104],[0.8315407367056168,36.452691664443414],[0.8271398395571896,36.45651685780963]]]]},"properties":{"speed":0.0476,"dir_deg":342.0,"type":"ضعيف"}},{"type":"Feature","geometry":{"type":"MultiPolygon","coordinates":[[[[0.8744459768590047,36.436667498733186],[0.8619584578568418,36.444977845848115],[0.8630665041388323,36.44664284838174],[0.8755540231409953,36.438332501266814],[0.8744459768590047,36.436667498733186]]],[[[0.8583499746637827,36.448580462819905],[0.8608504115748511,36.443312843314494],[0.864174550420823,36.44830785091536],[0.8583499746637827,36.448580462819905]]]]},"properties":{"speed":0.0422,"dir_deg":303.6,"type":"ضعيف"}},{"type":"Feature","geometry":{"type":"MultiPolygon","coordinates":[[[[0.9162766482571196,36.436579201356494],[0.9024646686045457,36.442429775522925],[0.9032447451600696,36.444271372809936],[0.9170567248126436,36.438420798643506],[0.9162766482571196,36.436579201356494]]],[[[0.898250713664783,36.44530076555524],[0.9016845920490218,36.44058817823591],[0.9040248217155934,36.44611297009695],[0.898250713664783,36.44530076555524]]]]},"properties":{"speed":0.0523,"dir_deg":293.0,"type":"ضعيف"}},{"type":"Feature","geometry":{"type":"MultiPolygon","coordinates":[[[[-0.4163424563273389,36.48011392665585],[-0.402152629975957,36.475250920577544],[-0.4028010307863976,36.473358943730695],[-0.4169908571377795,36.478221949809],[-0.4163424563273389,36.48011392665585]]],[[[-0.39774688826405,36.472683930128014],[-0.40150422916551637,36.47714289742439],[-0.40344943159683827,36.471466966883845],[-0.39774688826405,36.472683930128014]]]]},"properties":{"speed":0.2068,"dir_deg":108.9,"type":"ضعيف"}},{"type":"Feature","geometry":{"type":"MultiPolygon","coordinates":[[[[-0.3747259496669064,36.480129653582686],[-0.360300219412963,36.47601889858628],[-0.36084832007915013,36.47409546788575],[-0.3752740503330936,36.47820622288216],[-0.3747259496669064,36.480129653582686]]],[[[-0.3557656929947421,36.47368693157055],[-0.35975211874677576,36.477942329286805],[-0.36139642074533734,36.47217203718523],[-0.3557656929947421,36.47368693157055]]]]},"properties":{"speed":0.2092,"dir_deg":105.9,"type":"متوسط"}},{"type":"Feature","geometry":{"type":"MultiPolygon","coordinates":[[[[-0.3331115930657401,36.48014304173875],[-0.31848504047087745,36.476816788713236],[-0.3189285408742788,36.47486658170058],[-0.3335550934691415,36.478192834726094],[-0.3331115930657401,36.48014304173875]]],[[[-0.31383127314095727,36.47473293419841],[-0.31804154006747604,36.478766995725884],[-0.3193720412776802,36.472916374687934],[-0.31383127314095727,36.47473293419841]]]]},"properties":{"speed":0.2143,"dir_deg":102.8,"type":"متوسط"}},{"type":"Feature","geometry":{"type":"MultiPolygon","coordinates":[[[[-0.29149027463933436,36.48015226000765],[-0.27672544801090193,36.477506528609275],[-0.2770782121973516,36.47553788505882],[-0.29184303882578405,36.478183616457194],[-0.29149027463933436,36.48015226000765]]],[[[-0.27198022122798265,36.47564029636793],[-0.2763726838244523,36.47947517215973],[-0.27743097638380126,36.473569241508365],[-0.27198022122798265,36.47564029636793]]]]},"properties":{"speed":0.2175,"dir_deg":100.2,"type":"متوسط"}},{"type":"Feature","geometry":{"type":"MultiPolygon","coordinates":[[[[-0.24984547528345974,36.48015592715542],[-0.23502564143840315,36.47783805640732],[-0.23533469087148368,36.47586207856132],[-0.25015452471654026,36.47817994930942],[-0.24984547528345974,36.48015592715542]]],[[[-0.23024022153992457,36.476077443901616],[-0.23471659200532263,36.47981403425333],[-0.2356437403045642,36.47388610071531],[-0.23024022153992457,36.476077443901616]]]]},"properties":{"speed":0.2138,"dir_deg":98.9,"type":"متوسط"}},{"type":"Feature","geometry":{"type":"MultiPolygon","coordinates":[[[[-0.20814492646964924,36.480150030247124],[-0.19341354624908372,36.47732400179767],[-0.19379035004234443,36.475359817768265],[-0.20852173026290996,36.47818584621772],[-0.20814492646964924,36.480150030247124]]],[[[-0.18869148807219224,36.47539990029981],[-0.193036742455823,36.47928818582708],[-0.19416715383560515,36.47339563373885],[-0.18869148807219224,36.47539990029981]]]]},"properties":{"speed":0.2026,"dir_deg":100.9,"type":"ضعيف"}},{"type":"Feature","geometry":{"type":"MultiPolygon","coordinates":[[[[-0.1663934879392801,36.48012990011789],[-0.1519640596572695,36.476032144701286],[-0.1525104270461501,36.474108220930354],[-0.1669398553281607,36.478205976346956],[-0.1663934879392801,36.48012990011789]]],[[[-0.1474274339243729,36.47370426434362],[-0.1514176922683889,36.477956068472224],[-0.1530567944350307,36.472184297159416],[-0.1474274339243729,36.47370426434362]]]]},"properties":{"speed":0.1837,"dir_deg":105.9,"type":"ضعيف"}},{"type":"Feature","geometry":{"type":"MultiPolygon","coordinates":[[[[-0.1246309896836694,36.480097363531435],[-0.11068961019850518,36.47456220878647],[-0.11142763083116639,36.47270335818845],[-0.1253690103163306,36.47823851293341],[-0.1246309896836694,36.480097363531435]]],[[[-0.10641149401978103,36.47178773190581],[-0.10995158956584399,36.47642105938449],[-0.11216565146382758,36.47084450759043],[-0.10641149401978103,36.47178773190581]]]]},"properties":{"speed":0.1583,"dir_deg":111.7,"type":"ضعيف"}},{"type":"Feature","geometry":{"type":"MultiPolygon","coordinates":[[[[-0.08298763993112074,36.48010628483927],[-0.0689124408284035,36.47492084655318],[-0.06960383259988243,36.47304415333948],[-0.08367903170259966,36.47822959162557],[-0.08298763993112074,36.48010628483927]]],[[[-0.06456640367990389,36.47225402051763],[-0.06822104905692458,36.47679753976688],[-0.07029522437136135,36.471167460125784],[-0.06456640367990389,36.47225402051763]]]]},"properties":{"speed":0.1373,"dir_deg":110.2,"type":"ضعيف"}},{"type":"Feature","geometry":{"type":"MultiPolygon","coordinates":[[[[-0.041434757057492146,36.48014067527665],[-0.026843701394042782,36.476662012512584],[-0.02730752309591869,36.474716538424126],[-0.04189857875936805,36.47819520118819],[-0.041434757057492146,36.48014067527665]]],[[[-0.022211927023830947,36.47452972121366],[-0.026379879692166874,36.47860748660104],[-0.027771344797794598,36.47277106433567],[-0.022211927023830947,36.47452972121366]]]]},"properties":{"speed":0.1369,"dir_deg":103.4,"type":"ضعيف"}},{"type":"Feature","geometry":{"type":"MultiPolygon","coordinates":[[[[0.00021096275202071914,36.4801454323333],[0.014873374265256357,36.47698099105299],[0.01445144876121492,36.47502600285123],[-0.00021096275202071914,36.47819044413154],[0.00021096275202071914,36.4801454323333]]],[[[0.019549882017647516,36.47494868319201],[0.015295299769297796,36.47893597925476],[0.01402952325717348,36.47307101464946],[0.019549882017647516,36.47494868319201]]]]},"properties":{"speed":0.1464,"dir_deg":102.2,"type":"ضعيف"}},{"type":"Feature","geometry":{"type":"MultiPolygon","coordinates":[[[[0.041882970441958406,36.48014426461944],[0.05652786624724082,36.476899726616516],[0.05609526118018421,36.47494707384248],[0.04145036537490179,36.4781916118454],[0.041882970441958406,36.48014426461944]]],[[[0.06119319564880665,36.47484188756186],[0.05696047131429743,36.47885237939055],[0.0556626561131276,36.47299442106844],[0.06119319564880665,36.47484188756186]]]]},"properties":{"speed":0.1513,"dir_deg":102.5,"type":"ضعيف"}},{"type":"Feature","geometry":{"type":"MultiPolygon","coordinates":[[[[0.08351330669863943,36.48015161017047],[0.09826838576942423,36.47745204694378],[0.09790844400586576,36.47548470306768],[0.08315336493508096,36.47818426629437],[0.08351330669863943,36.48015161017047]]],[[[0.10300677457790659,36.47556852059684],[0.09862832753298269,36.479419390819885],[0.09754850224230731,36.473517359191575],[0.10300677457790659,36.47556852059684]]]]},"properties":{"speed":0.153,"dir_deg":100.4,"type":"ضعيف"}},{"type":"Feature","geometry":{"type":"MultiPolygon","coordinates":[[[[0.12516867093598,36.4801536106503],[0.13995375720407519,36.477623546610594],[0.1396164153321152,36.47565220177484],[0.12483132906402,36.478182265814546],[0.12516867093598,36.4801536106503]]],[[[0.14471344835746025,36.475794519512824],[0.14029109907603518,36.47959489144634],[0.1392790734601552,36.4736808569391],[0.14471344835746025,36.475794519512824]]]]},"properties":{"speed":0.1516,"dir_deg":99.7,"type":"ضعيف"}},{"type":"Feature","geometry":{"type":"MultiPolygon","coordinates":[[[[0.16661596828655972,36.48016665199051],[0.181596674657823,36.48092720219792],[0.18169808135214435,36.478929774681745],[0.16671737498088107,36.478169224474335],[0.16661596828655972,36.48016665199051]]],[[[0.18664094679540477,36.480182005175635],[0.18149526796350163,36.482924629714084],[0.18179948804646573,36.47693234716558],[0.18664094679540477,36.480182005175635]]]]},"properties":{"speed":0.1486,"dir_deg":87.1,"type":"ضعيف"}},{"type":"Feature","geometry":{"type":"MultiPolygon","coordinates":[[[[0.20803379494833332,36.480122024041734],[0.22234508208803594,36.48461502531093],[0.2229441489239285,36.48270685369231],[0.20863286178422588,36.47821385242311],[0.20803379494833332,36.480122024041734]]],[[[0.22741504455254977,36.48515860659135],[0.22174601525214335,36.48652319692956],[0.22354321575982108,36.480798682073676],[0.22741504455254977,36.48515860659135]]]]},"properties":{"speed":0.1731,"dir_deg":72.6,"type":"ضعيف"}},{"type":"Feature","geometry":{"type":"MultiPolygon","coordinates":[[[[0.24968997269651744,36.480118665885904],[0.263950887498747,36.484769075438145],[0.26457094210571214,36.48286762013118],[0.25031002730348256,36.47821721057894],[0.24968997269651744,36.480118665885904]]],[[[0.2690145530696394,36.48536848430207],[0.2633308328917819,36.48667053074511],[0.26519099671267726,36.48096616482422],[0.2690145530696394,36.48536848430207]]]]},"properties":{"speed":0.1966,"dir_deg":71.9,"type":"ضعيف"}},{"type":"Feature","geometry":{"type":"MultiPolygon","coordinates":[[[[0.2912805058283158,36.48009037385573],[0.30511704017797164,36.48588263741938],[0.3058893419864584,36.48403776617276],[0.2920528076368026,36.47824550260911],[0.2912805058283158,36.48009037385573]]],[[[0.3101153691987669,36.48689095631729],[0.3043447383694849,36.487727508666005],[0.30666164379494515,36.482192894926136],[0.3101153691987669,36.48689095631729]]]]},"properties":{"speed":0.2064,"dir_deg":67.3,"type":"ضعيف"}},{"type":"Feature","geometry":{"type":"MultiPolygon","coordinates":[[[[0.3327726573785971,36.479995966815295],[0.3451930861216642,36.48840625514795],[0.34631445789935156,36.486750197982204],[0.33389402915628447,36.47833990964955],[0.3327726573785971,36.479995966815295]]],[[[0.34989391492486355,36.4903816560093],[0.3440717143439769,36.49006231231369],[0.3474358296770389,36.485094140816464],[0.34989391492486355,36.4903816560093]]]]},"properties":{"speed":0.246,"dir_deg":55.9,"type":"متوسط"}},{"type":"Feature","geometry":{"type":"MultiPolygon","coordinates":[[[[0.37435092761587785,36.47992866488515],[0.38576182740679016,36.48966475064698],[0.38705997217503446,36.48814329734152],[0.37564907238412215,36.47840721157969],[0.37435092761587785,36.47992866488515]]],[[[0.39021453305454973,36.492149385914864],[0.3844636826385458,36.49118620395243],[0.3883581169432788,36.48662184403607],[0.39021453305454973,36.492149385914864]]]]},"properties":{"speed":0.3237,"dir_deg":49.5,"type":"متوسط"}},{"type":"Feature","geometry":{"type":"MultiPolygon","coordinates":[[[[0.41601568697969704,36.479927041901796],[0.4274022420203216,36.48969158819473],[0.42870418152604595,36.48817338085598],[0.41731762648542137,36.47840883456305],[0.41601568697969704,36.479927041901796]]],[[[0.43184873012005864,36.492187333289664],[0.42610030251459724,36.49120979553348],[0.4300061210317703,36.486655173517235],[0.43184873012005864,36.492187333289664]]]]},"properties":{"speed":0.4091,"dir_deg":49.4,"type":"متوسط"}},{"type":"Feature","geometry":{"type":"MultiPolygon","coordinates":[[[[0.4576831164305744,36.47992767835945],[0.4690792183360165,36.48968108091245],[0.4703796720097493,36.48816160065839],[0.4589835701043072,36.47840819810539],[0.4576831164305744,36.47992767835945]]],[[[0.47352814580803027,36.49217247496975],[0.4677787646622838,36.49120056116651],[0.471680125683482,36.486642120404326],[0.47352814580803027,36.49217247496975]]]]},"properties":{"speed":0.4993,"dir_deg":49.4,"type":"قوي"}},{"type":"Feature","geometry":{"type":"MultiPolygon","coordinates":[[[[0.49935337725652096,36.479930748187535],[0.5107955265831777,36.48963008933972],[0.5120887720701358,36.488104469429494],[0.500646622743479,36.47840512827731],[0.49935337725652096,36.479930748187535]]],[[[0.515256199102209,36.49210039310201],[0.5095022810962195,36.49115570924994],[0.513382017557094,36.486578849519276],[0.515256199102209,36.49210039310201]]]]},"properties":{"speed":0.5957,"dir_deg":49.7,"type":"قوي"}},{"type":"Feature","geometry":{"type":"MultiPolygon","coordinates":[[[[0.5410424656644652,36.47994918614758],[0.5527611843918158,36.48931249920383],[0.5540096261326485,36.48775000337351],[0.542290907405298,36.478386690317265],[0.5410424656644652,36.47994918614758]]],[[[0.5572916448380156,36.491652355640745],[0.5515127426509832,36.49087499503414],[0.5552580678734811,36.4861875075432],[0.5572916448380156,36.491652355640745]]]]},"properties":{"speed":0.6529,"dir_deg":51.4,"type":"قوي"}},{"type":"Feature","geometry":{"type":"MultiPolygon","coordinates":[[[[0.5827376422009211,36.479971166559245],[0.5947860671032535,36.48890623552221],[0.5959774096316482,36.48729977886856],[0.5839289847293158,36.4783647099056],[0.5827376422009211,36.479971166559245]]],[[[0.5993978800015617,36.49108136351637],[0.5935947245748588,36.49051269217585],[0.597168752160043,36.48569332221492],[0.5993978800015617,36.49108136351637]]]]},"properties":{"speed":0.6344,"dir_deg":53.4,"type":"قوي"}},{"type":"Feature","geometry":{"type":"MultiPolygon","coordinates":[[[[0.6244679491359746,36.48001465062639],[0.6371686350454131,36.487995413586766],[0.6382327367734639,36.486301988798836],[0.6255320508640254,36.47832122583846],[0.6244679491359746,36.48001465062639]]],[[[0.6419342478792514,36.48980895551293],[0.6361045333173623,36.48968883837469],[0.6392968385015148,36.48460856401091],[0.6419342478792514,36.48980895551293]]]]},"properties":{"speed":0.5305,"dir_deg":57.9,"type":"قوي"}},{"type":"Feature","geometry":{"type":"MultiPolygon","coordinates":[[[[0.6662485509133746,36.48007632284371],[0.6798743200827122,36.486348357166314],[0.6807105913257261,36.48453158794374],[0.6670848221563885,36.478259553621136],[0.6662485509133746,36.48007632284371]]],[[[0.684834378760665,36.48753065066256],[0.6790380488396982,36.48816512638889],[0.6815468625687401,36.48271481872116],[0.684834378760665,36.48753065066256]]]]},"properties":{"speed":0.3836,"dir_deg":65.3,"type":"متوسط"}},{"type":"Feature","geometry":{"type":"MultiPolygon","coordinates":[[[[0.7080672322979011,36.48013188886002],[0.7225264917119155,36.48412310636828],[0.7230586540463501,36.48219520511308],[0.7085993946323357,36.47820398760482],[0.7080672322979011,36.48013188886002]]],[[[0.7276123260171375,36.484489561576765],[0.7219943293774809,36.48605100762348],[0.7235908163807847,36.48026730385788],[0.7276123260171375,36.484489561576765]]]]},"properties":{"speed":0.2626,"dir_deg":74.6,"type":"متوسط"}},{"type":"Feature","geometry":{"type":"MultiPolygon","coordinates":[[[[0.7497135464790691,36.48012603237203],[0.7640849585731505,36.48442283518599],[0.7646578656150124,36.48250664690678],[0.7502864535209309,36.47820984409282],[0.7497135464790691,36.48012603237203]]],[[[0.7691618827921085,36.48489700865104],[0.7635120515312885,36.4863390234652],[0.7652307726568743,36.48059045862757],[0.7691618827921085,36.48489700865104]]]]},"properties":{"speed":0.1794,"dir_deg":73.4,"type":"ضعيف"}},{"type":"Feature","geometry":{"type":"MultiPolygon","coordinates":[[[[0.7912407886682639,36.480072709478215],[0.8048123573551311,36.48646117747748],[0.8056641530883666,36.484651634985894],[0.7920925844014993,36.47826316698663],[0.7912407886682639,36.480072709478215]]],[[[0.8097621114507046,36.48768589556477],[0.8039605616218957,36.48827071996906],[0.806515948821602,36.482842092494316],[0.8097621114507046,36.48768589556477]]]]},"properties":{"speed":0.1269,"dir_deg":64.8,"type":"ضعيف"}},{"type":"Feature","geometry":{"type":"MultiPolygon","coordinates":[[[[0.8328203744556627,36.48002636328598],[0.8456967502590549,36.487720448427815],[0.8467226282779663,36.4860035983207],[0.8338462524745741,36.478309513178864],[0.8328203744556627,36.48002636328598]]],[[[0.8505018145363079,36.489426718421534],[0.8446708722401435,36.48943729853494],[0.8477485062968777,36.48428674821358],[0.8505018145363079,36.489426718421534]]]]},"properties":{"speed":0.0976,"dir_deg":59.1,"type":"ضعيف"}},{"type":"Feature","geometry":{"type":"MultiPolygon","coordinates":[[[[0.8744709144511665,36.4800165067223],[0.8871994417993518,36.487952789954804],[0.8882576128970188,36.486255652975046],[0.8755290855488335,36.47831936974254],[0.8744709144511665,36.4800165067223]]],[[[0.8919713697975805,36.489749649209095],[0.8861412707016848,36.48964992693456],[0.8893157839946858,36.48455851599529],[0.8919713697975805,36.489749649209095]]]]},"properties":{"speed":0.0775,"dir_deg":58.1,"type":"ضعيف"}},{"type":"Feature","geometry":{"type":"MultiPolygon","coordinates":[[[[0.9159530507102079,36.47986845511997],[0.9264608040234538,36.49057299249007],[0.9278880756728011,36.48917195871498],[0.9173803223595552,36.478467421344874],[0.9159530507102079,36.47986845511997]]],[[[0.9306770242858761,36.493440654725894],[0.9250335323741065,36.491974026265176],[0.9293153473221484,36.48777092493987],[0.9306770242858761,36.493440654725894]]]]},"properties":{"speed":0.0582,"dir_deg":44.5,"type":"ضعيف"}},{"type":"Feature","geometry":{"type":"MultiPolygon","coordinates":[[[[0.9573342505189975,36.47912465740886],[0.9566850381655657,36.494110601600674],[0.9586831640578076,36.4941971632478],[0.9593323764112394,36.47921121905598],[0.9573342505189975,36.47912465740886]]],[[[0.957467696993876,36.49914919715484],[0.9546869122733239,36.49402403995355],[0.9606812899500494,36.49428372489492],[0.957467696993876,36.49914919715484]]]]},"properties":{"speed":0.0742,"dir_deg":357.5,"type":"ضعيف"}},{"type":"Feature","geometry":{"type":"MultiPolygon","coordinates":[[[[0.9990827639527414,36.47876959411786],[0.9931076022342481,36.492528134826735],[0.9949420743287652,36.493324823055865],[1.0009172360472585,36.47956628234699],[0.9990827639527414,36.47876959411786]]],[[[0.9920331177086755,36.497512659177595],[0.9912731301397311,36.4917314465976],[0.9967765464232823,36.494121511285],[0.9920331177086755,36.497512659177595]]]]},"properties":{"speed":0.0701,"dir_deg":336.5,"type":"ضعيف"}},{"type":"Feature","geometry":{"type":"MultiPolygon","coordinates":[[[[-0.41618043000353616,36.52170589445636],[-0.4030729396718098,36.514412493521014],[-0.4040453931298559,36.51266482814345],[-0.41715288346158225,36.519958229078796],[-0.41618043000353616,36.52170589445636]]],[[[-0.39919000295692403,36.511107527187114],[-0.4021004862137637,36.51616015889858],[-0.40501784658790196,36.510917162765885],[-0.39919000295692403,36.511107527187114]]]]},"properties":{"speed":0.1978,"dir_deg":119.1,"type":"ضعيف"}},{"type":"Feature","geometry":{"type":"MultiPolygon","coordinates":[[[[-0.3746042594484168,36.521750424122985],[-0.36082882411727984,36.515814315849234],[-0.36162030522044625,36.51397759113842],[-0.3753957405515832,36.51991369941217],[-0.3746042594484168,36.521750424122985]]],[[[-0.35663275289181745,36.51291725073591],[-0.3600373430141134,36.517651040560054],[-0.3624117863236127,36.5121408664276],[-0.35663275289181745,36.51291725073591]]]]},"properties":{"speed":0.2021,"dir_deg":113.3,"type":"ضعيف"}},{"type":"Feature","geometry":{"type":"MultiPolygon","coordinates":[[[[-0.33304969616854446,36.52179099050491],[-0.3186657651085132,36.51753628402147],[-0.31923305930630586,36.5156184265468],[-0.33361699036633713,36.519873133030245],[-0.33304969616854446,36.52179099050491]]],[[[-0.31415476852073243,36.51515911978965],[-0.3180984709107205,36.51945414149614],[-0.3198003535040985,36.51370056907213],[-0.31415476852073243,36.51515911978965]]]]},"properties":{"speed":0.2063,"dir_deg":106.5,"type":"ضعيف"}},{"type":"Feature","geometry":{"type":"MultiPolygon","coordinates":[[[[-0.2914965580660197,36.52181748880376],[-0.2767151525232665,36.51926600880567],[-0.2770553498563455,36.517295154733304],[-0.2918367553990987,36.519846634731394],[-0.2914965580660197,36.52181748880376]]],[[[-0.27195811600888825,36.51743008843679],[-0.27637495519018757,36.52123686287804],[-0.27739554718942444,36.515324300660936],[-0.27195811600888825,36.51743008843679]]]]},"properties":{"speed":0.2092,"dir_deg":99.8,"type":"متوسط"}},{"type":"Feature","geometry":{"type":"MultiPolygon","coordinates":[[[[-0.2499344421779709,36.52182991053967],[-0.23496671059655114,36.52084654320924],[-0.23509782624060935,36.51885084566505],[-0.2500655578220291,36.519834212995484],[-0.2499344421779709,36.52182991053967]]],[[[-0.230043024558107,36.519520905327],[-0.23483559495249293,36.52284224075343],[-0.23522894188466756,36.51685514812086],[-0.230043024558107,36.519520905327]]]]},"properties":{"speed":0.2045,"dir_deg":93.8,"type":"ضعيف"}},{"type":"Feature","geometry":{"type":"MultiPolygon","coordinates":[[[[-0.20828608797628542,36.52183094531713],[-0.19330283473309856,36.52112233946721],[-0.19339731551308692,36.51912457236811],[-0.20838056875627378,36.51983317821803],[-0.20828608797628542,36.52183094531713]]],[[[-0.18835565737536378,36.519887253967696],[-0.19320835395311023,36.5231201065663],[-0.19349179629307525,36.51712680526902],[-0.18835565737536378,36.519887253967696]]]]},"properties":{"speed":0.1923,"dir_deg":92.7,"type":"ضعيف"}},{"type":"Feature","geometry":{"type":"MultiPolygon","coordinates":[[[[-0.16653979113821366,36.52182397977823],[-0.15166102097840237,36.519920772345635],[-0.15191478196941585,36.517936936324325],[-0.16679355212922714,36.51984014375692],[-0.16653979113821366,36.52182397977823]]],[[[-0.14682831142063865,36.51829445185744],[-0.15140725998738885,36.521904608366945],[-0.15216854296042936,36.515953100303015],[-0.14682831142063865,36.51829445185744]]]]},"properties":{"speed":0.1723,"dir_deg":97.3,"type":"ضعيف"}},{"type":"Feature","geometry":{"type":"MultiPolygon","coordinates":[[[[-0.12473620747674412,36.521796641212035],[-0.11026751580984773,36.5178397533632],[-0.11079510085635949,36.515910594474285],[-0.12526379252325587,36.51986748232312],[-0.12473620747674412,36.521796641212035]]],[[[-0.10570841111080481,36.51555621130246],[-0.10973993076333598,36.51976891225212],[-0.11132268590287124,36.513981435585364],[-0.10570841111080481,36.51555621130246]]]]},"properties":{"speed":0.1422,"dir_deg":105.3,"type":"ضعيف"}},{"type":"Feature","geometry":{"type":"MultiPolygon","coordinates":[[[[-0.08308980433500393,36.521801954760306],[-0.06854140944406835,36.51814898253246],[-0.06902847240778089,36.516209196547],[-0.08357686729871647,36.51986216877485],[-0.08308980433500393,36.521801954760306]]],[[[-0.06393547596227941,36.51596143213045],[-0.06805434648035583,36.520088768517915],[-0.06951553537149341,36.514269410561546],[-0.06393547596227941,36.51596143213045]]]]},"properties":{"speed":0.1092,"dir_deg":104.1,"type":"ضعيف"}},{"type":"Feature","geometry":{"type":"MultiPolygon","coordinates":[[[[-0.04166560079914964,36.52183206119822],[-0.026665609339568692,36.52181605455901],[-0.026667743558129613,36.51981605569773],[-0.04166773501771056,36.51983206233694],[-0.04166560079914964,36.52183206119822]]],[[[-0.021666679295655505,36.52081071958197],[-0.026663475121007772,36.52381605342029],[-0.026669877776690533,36.51781605683645],[-0.021666679295655505,36.52081071958197]]]]},"properties":{"speed":0.0963,"dir_deg":90.1,"type":"ضعيف"}},{"type":"Feature","geometry":{"type":"MultiPolygon","coordinates":[[[[-0.00013144510754471315,36.52182338521818],[0.014738406651402844,36.52379506183135],[0.015001296866492271,36.52181241493015],[0.00013144510754471315,36.51984073831698],[-0.00013144510754471315,36.52182338521818]]],[[[0.019826469011930078,36.523460963918474],[0.014475516436313418,36.52577770873254],[0.015264187081581697,36.51982976802896],[0.019826469011930078,36.523460963918474]]]]},"properties":{"speed":0.103,"dir_deg":82.4,"type":"ضعيف"}},{"type":"Feature","geometry":{"type":"MultiPolygon","coordinates":[[[[0.04150990002282405,36.52181969724185],[0.05632443213692023,36.524171215525946],[0.05663796790813233,36.5221959445774],[0.04182343579403615,36.519844426293304],[0.04150990002282405,36.52181969724185]]],[[[0.06141937739389167,36.523967419479696],[0.056010896365708135,36.52614648647449],[0.05695150367934443,36.520220673628856],[0.06141937739389167,36.523967419479696]]]]},"properties":{"speed":0.1111,"dir_deg":81.0,"type":"ضعيف"}},{"type":"Feature","geometry":{"type":"MultiPolygon","coordinates":[[[[0.08318502961435909,36.52182100325741],[0.09801915196175234,36.524045596294926],[0.09831576436675457,36.522067713315266],[0.08348164201936131,36.51984312027775],[0.08318502961435909,36.52182100325741]]],[[[0.10311216561338456,36.5237981858176],[0.09772253955675012,36.52602347927458],[0.0986123767717568,36.520089830335614],[0.10311216561338456,36.5237981858176]]]]},"properties":{"speed":0.1174,"dir_deg":81.5,"type":"ضعيف"}},{"type":"Feature","geometry":{"type":"MultiPolygon","coordinates":[[[[0.12485404926837725,36.521821353627416],[0.1396934271659249,36.52401061460176],[0.13998532862917043,36.52203203088208],[0.12514595073162277,36.51984276990774],[0.12485404926837725,36.521821353627416]]],[[[0.14478583719673022,36.52375107640003],[0.13940152570267939,36.525989198321426],[0.14027723009241594,36.52005344716241],[0.14478583719673022,36.52375107640003]]]]},"properties":{"speed":0.1257,"dir_deg":81.6,"type":"ضعيف"}},{"type":"Feature","geometry":{"type":"MultiPolygon","coordinates":[[[[0.1664211280642609,36.52180144732323],[0.18096191139896628,36.52548460086512],[0.18145299853788527,36.52354582975382],[0.1669122152031799,36.51986267621193],[0.1664211280642609,36.52180144732323]]],[[[0.1860543827466609,36.52574293315677],[0.1804708242600473,36.52742337197641],[0.18194408567680426,36.52160705864253],[0.1860543827466609,36.52574293315677]]]]},"properties":{"speed":0.1441,"dir_deg":75.8,"type":"ضعيف"}},{"type":"Feature","geometry":{"type":"MultiPolygon","coordinates":[[[[0.20799527900957585,36.52177319015012],[0.22211220474775403,36.526843930500675],[0.22278830346116155,36.52496167373559],[0.20867137772298336,36.519890933385035],[0.20799527900957585,36.52177319015012]]],[[[0.22715589601718386,36.52759304890165],[0.2214361060343465,36.52872618726577],[0.2234644021745691,36.523079416970496],[0.22715589601718386,36.52759304890165]]]]},"properties":{"speed":0.1718,"dir_deg":70.2,"type":"ضعيف"}},{"type":"Feature","geometry":{"type":"MultiPolygon","coordinates":[[[[0.24963908209619878,36.52176465935857],[0.26362804596101175,36.52717842791559],[0.2643498817686142,36.52531323273361],[0.2503609179038012,36.51989946417659],[0.24963908209619878,36.52176465935857]]],[[[0.2686519518197506,36.5280504198436],[0.26290621015340937,36.52904362309756],[0.26507171757621656,36.52344803755164],[0.2686519518197506,36.5280504198436]]]]},"properties":{"speed":0.1876,"dir_deg":68.8,"type":"ضعيف"}},{"type":"Feature","geometry":{"type":"MultiPolygon","coordinates":[[[[0.29123923660665557,36.52173611488326],[0.3048000333418704,36.528147416771816],[0.30565487359367766,36.52633931054045],[0.29209407685846284,36.519928008651895],[0.29123923660665557,36.52173611488326]]],[[[0.309747719046179,36.52938046428565],[0.30394519309006307,36.529955523003174],[0.306509713845485,36.52453120430909],[0.309747719046179,36.52938046428565]]]]},"properties":{"speed":0.1873,"dir_deg":64.7,"type":"ضعيف"}},{"type":"Feature","geometry":{"type":"MultiPolygon","coordinates":[[[[0.33275338393355886,36.52164670719416],[0.3449730653322174,36.53034609720239],[0.34613298399998127,36.52871680634923],[0.33391330260132274,36.520017416341],[0.33275338393355886,36.52164670719416]]],[[[0.3496262517989855,36.532431248445214],[0.3438131466644535,36.53197538805554],[0.34729290266774515,36.52708751549608],[0.3496262517989855,36.532431248445214]]]]},"properties":{"speed":0.1962,"dir_deg":54.6,"type":"ضعيف"}},{"type":"Feature","geometry":{"type":"MultiPolygon","coordinates":[[[[0.3742931757281569,36.52153945094528],[0.38490401339372476,36.53214181502293],[0.38631766193741096,36.53072703666752],[0.3757068242718431,36.52012467258987],[0.3742931757281569,36.52153945094528]]],[[[0.38914778355409047,36.53496854720444],[0.38349036485003857,36.53355659337834],[0.38773131048109716,36.52931225831211],[0.38914778355409047,36.53496854720444]]]]},"properties":{"speed":0.2421,"dir_deg":45.0,"type":"متوسط"}},{"type":"Feature","geometry":{"type":"MultiPolygon","coordinates":[[[[0.4159515517349644,36.52153107882203],[0.42643680755174607,36.532257653785955],[0.4278670175469357,36.53085961967705],[0.417381761730154,36.52013304471313],[0.4159515517349644,36.52153107882203]]],[[[0.43064699782160143,36.535134161719476],[0.4250065975565564,36.53365568789486],[0.42929722754212535,36.52946158556815],[0.43064699782160143,36.535134161719476]]]]},"properties":{"speed":0.305,"dir_deg":44.3,"type":"متوسط"}},{"type":"Feature","geometry":{"type":"MultiPolygon","coordinates":[[[[0.4576524358209197,36.521564431243505],[0.4686379779598503,36.53177804294132],[0.4699997928528925,36.530313303989466],[0.4590142507139619,36.52009969229165],[0.4576524358209197,36.521564431243505]]],[[[0.47298073278601493,36.534450210698],[0.467276163066808,36.53324278189318],[0.4713616077459348,36.528848565037606],[0.47298073278601493,36.534450210698]]]]},"properties":{"speed":0.3698,"dir_deg":47.1,"type":"متوسط"}},{"type":"Feature","geometry":{"type":"MultiPolygon","coordinates":[[[[0.4993357803779516,36.52157959925405],[0.5105488426750823,36.53154289358478],[0.5118772819191789,36.53004781861183],[0.5006642196220483,36.5200845242811],[0.4993357803779516,36.52157959925405]]],[[[0.5149507497295075,36.534116454208544],[0.5092204034309855,36.53303796855773],[0.5132057211632757,36.528552743638876],[0.5149507497295075,36.534116454208544]]]]},"properties":{"speed":0.4576,"dir_deg":48.4,"type":"قوي"}},{"type":"Feature","geometry":{"type":"MultiPolygon","coordinates":[[[[0.5410135807204641,36.52158932842812],[0.5523725806286508,36.531385915644385],[0.5536787922574857,36.5298713823233],[0.5423197923492991,36.520074795107035],[0.5410135807204641,36.52158932842812]]],[[[0.5568120197457972,36.533894178055924],[0.551066368999816,36.53290044896548],[0.5549850038863205,36.52835684900221],[0.5568120197457972,36.533894178055924]]]]},"properties":{"speed":0.554,"dir_deg":49.2,"type":"قوي"}},{"type":"Feature","geometry":{"type":"MultiPolygon","coordinates":[[[[0.5827113247848201,36.52161508800059],[0.5944567182799609,36.53094491820506],[0.5957006956405575,36.52937886573904],[0.5839553021454167,36.52004903553457],[0.5827113247848201,36.52161508800059]]],[[[0.5989938381253062,36.53327183537354],[0.5932127409193645,36.532510970671076],[0.596944673001154,36.52781281327302],[0.5989938381253062,36.53327183537354]]]]},"properties":{"speed":0.6332,"dir_deg":51.5,"type":"قوي"}},{"type":"Feature","geometry":{"type":"MultiPolygon","coordinates":[[[[0.6244603842202334,36.521673973170415],[0.6370890552627885,36.529768209866916],[0.6381682868223216,36.52808438706124],[0.6255396157797666,36.51999015036474],[0.6244603842202334,36.521673973170415]]],[[[0.64183822805674,36.53162437736291],[0.6360098237032554,36.53145203267259],[0.6392475183818547,36.52640056425557],[0.64183822805674,36.53162437736291]]]]},"properties":{"speed":0.6386,"dir_deg":57.3,"type":"قوي"}},{"type":"Feature","geometry":{"type":"MultiPolygon","coordinates":[[[[0.6662304629125919,36.52173190005936],[0.6797280372893159,36.528275254393705],[0.6806004845338952,36.526475577810146],[0.6671029101571713,36.5199322234758],[0.6662304629125919,36.52173190005936]]],[[[0.6846634523705136,36.52955653421337],[0.6788555900447364,36.53007493097727],[0.6814729317784747,36.52467590122658],[0.6846634523705136,36.52955653421337]]]]},"properties":{"speed":0.5728,"dir_deg":64.1,"type":"قوي"}},{"type":"Feature","geometry":{"type":"MultiPolygon","coordinates":[[[[0.7079958410814036,36.52177339719676],[0.7221158725191059,36.526835482952485],[0.7227908172865356,36.52495281209412],[0.7086707858488333,36.519890726338396],[0.7079958410814036,36.52177339719676]]],[[[0.7271600220487215,36.52758150944187],[0.7214409277516761,36.52871815381084],[0.7234657620539654,36.52307014123576],[0.7271600220487215,36.52758150944187]]]]},"properties":{"speed":0.4943,"dir_deg":70.3,"type":"قوي"}},{"type":"Feature","geometry":{"type":"MultiPolygon","coordinates":[[[[0.7497003414785592,36.52178610829188],[0.7640110393430516,36.52628098611349],[0.7646103563859331,36.52437289306489],[0.7502996585214408,36.51987801524328],[0.7497003414785592,36.52178610829188]]],[[[0.7690809304859898,36.526825232196394],[0.7634117223001701,36.52818907916209],[0.7652096734288146,36.522464800016294],[0.7690809304859898,36.526825232196394]]]]},"properties":{"speed":0.4181,"dir_deg":72.6,"type":"قوي"}},{"type":"Feature","geometry":{"type":"MultiPolygon","coordinates":[[[[0.7913889058634533,36.521792706290064],[0.8057985737007317,36.52595941636149],[0.8063541350435882,36.524038127316516],[0.7919444672063098,36.51987141724509],[0.7913889058634533,36.521792706290064]]],[[[0.8108795769845861,36.52638767519614],[0.8052430123578752,36.52788070540646],[0.8069096963864447,36.52211683827154],[0.8108795769845861,36.52638767519614]]]]},"properties":{"speed":0.3361,"dir_deg":73.9,"type":"متوسط"}},{"type":"Feature","geometry":{"type":"MultiPolygon","coordinates":[[[[0.8330911371484805,36.521802294024134],[0.8476446209968047,36.5254349387737],[0.8481289736300806,36.52349447426059],[0.8335754897817563,36.51986182951102],[0.8330911371484805,36.521802294024134]]],[[[0.8527379585962173,36.525675588100334],[0.847160268363529,36.52737540328681],[0.8486133262633563,36.521554009747476],[0.8527379585962173,36.525675588100334]]]]},"properties":{"speed":0.2649,"dir_deg":76.0,"type":"متوسط"}},{"type":"Feature","geometry":{"type":"MultiPolygon","coordinates":[[[[0.8748361618842814,36.521818549006134],[0.8896334704626513,36.524276120741916],[0.8899611466940885,36.522303146264804],[0.8751638381157186,36.51984557452902],[0.8748361618842814,36.521818549006134]]],[[[0.8947297447711599,36.52410882408195],[0.889305794231214,36.526249095219036],[0.8902888229255258,36.520330171787684],[0.8947297447711599,36.52410882408195]]]]},"properties":{"speed":0.2085,"dir_deg":80.6,"type":"متوسط"}},{"type":"Feature","geometry":{"type":"MultiPolygon","coordinates":[[[[0.9164064227894352,36.52179759932915],[0.9308894862130135,36.52570155551084],[0.9314100137039063,36.523770480387704],[0.916926950280328,36.51986652420601],[0.9164064227894352,36.52179759932915]]],[[[0.9359774377663194,36.52603733667651],[0.9303689587221206,36.52763263063399],[0.9319305411947992,36.52183940526456],[0.9359774377663194,36.52603733667651]]]]},"properties":{"speed":0.1807,"dir_deg":74.9,"type":"ضعيف"}},{"type":"Feature","geometry":{"type":"MultiPolygon","coordinates":[[[[0.9580434626539324,36.521789133607754],[0.9723995402565482,36.526136895775544],[0.9729792418789203,36.52422275209519],[0.9586231642763045,36.5198749899274],[0.9580434626539324,36.521789133607754]]],[[[0.9774747502686062,36.5266290779913],[0.9718198386341761,36.52805103945589],[0.9735589435012924,36.522308608414846],[0.9774747502686062,36.5266290779913]]]]},"properties":{"speed":0.1724,"dir_deg":73.2,"type":"ضعيف"}},{"type":"Feature","geometry":{"type":"MultiPolygon","coordinates":[[[[0.999756453229872,36.52180195092143],[1.014304790537656,36.52545515247335],[1.0147918840779118,36.52351537416565],[1.0002435467701278,36.51986217261373],[0.999756453229872,36.52180195092143]]],[[[1.019397783077045,36.525702997170136],[1.0138176969974002,36.52739493078106],[1.0152789776181677,36.52157559585794],[1.019397783077045,36.525702997170136]]]]},"properties":{"speed":0.1723,"dir_deg":75.9,"type":"ضعيف"}},{"type":"Feature","geometry":{"type":"MultiPolygon","coordinates":[[[[-0.41611740980026873,36.56333566010277],[-0.4035825082586474,36.55509695611842],[-0.40468100212322833,36.55342563591287],[-0.4172159036648497,36.56166433989723],[-0.41611740980026873,36.56333566010277]]],[[[-0.39995345467706406,36.55151506135419],[-0.4024840143940665,36.55676827632397],[-0.4057794959878092,36.55175431570732],[-0.39995345467706406,36.55151506135419]]]]},"properties":{"speed":0.1882,"dir_deg":123.3,"type":"ضعيف"}},{"type":"Feature","geometry":{"type":"MultiPolygon","coordinates":[[[[-0.3745151299549854,36.563374586210415],[-0.36139633679876493,36.5561015355352],[-0.3623660768887941,36.55435236311437],[-0.3754848700450146,36.561625413789585],[-0.3745151299549854,36.563374586210415]]],[[[-0.35750827579170597,36.55280259909971],[-0.3604265967087357,36.55785070795603],[-0.3633358169788233,36.55260319069354],[-0.35750827579170597,36.55280259909971]]]]},"properties":{"speed":0.1887,"dir_deg":119.0,"type":"ضعيف"}},{"type":"Feature","geometry":{"type":"MultiPolygon","coordinates":[[[[-0.3329549050466796,36.56342562655162],[-0.3190705067723542,36.5577490532402],[-0.31982738321387666,36.55589780013696],[-0.333711781488202,36.56157437344838],[-0.3329549050466796,36.56342562655162]]],[[[-0.31482081223500696,36.554931235584775],[-0.3183136303308317,36.55960030634345],[-0.32058425965539916,36.554046547033714],[-0.31482081223500696,36.554931235584775]]]]},"properties":{"speed":0.1794,"dir_deg":112.2,"type":"ضعيف"}},{"type":"Feature","geometry":{"type":"MultiPolygon","coordinates":[[[[-0.29145408745315626,36.56347714599802],[-0.2767968974827979,36.56028860680698],[-0.2772220360416038,36.558334314810935],[-0.29187922601196215,36.56152285400198],[-0.29145408745315626,36.56347714599802]]],[[[-0.2721237367720814,36.55824861441194],[-0.27637175892399196,36.56224289880303],[-0.2776471746004097,36.556380022814885],[-0.2721237367720814,36.55824861441194]]]]},"properties":{"speed":0.1687,"dir_deg":102.3,"type":"ضعيف"}},{"type":"Feature","geometry":{"type":"MultiPolygon","coordinates":[[[[-0.2500320624264442,36.56349948586824],[-0.2350397744028514,36.563980422264905],[-0.23497564954996297,36.56198145052842],[-0.2499679375735558,36.56150051413176],[-0.2500320624264442,36.56349948586824]]],[[[-0.23001028263520956,36.563141248528886],[-0.2351038992557398,36.56597939400138],[-0.23491152469707458,36.559982478791945],[-0.23001028263520956,36.563141248528886]]]]},"properties":{"speed":0.1625,"dir_deg":88.2,"type":"ضعيف"}},{"type":"Feature","geometry":{"type":"MultiPolygon","coordinates":[[[[-0.20852145535873629,36.56348214471169],[-0.19378928468332088,36.56630404959854],[-0.1934130306984075,36.56433976017516],[-0.20814520137382292,36.56151785528831],[-0.20852145535873629,36.56348214471169]]],[[[-0.1886904341323924,36.566262539849134],[-0.19416553866823427,36.568268339021934],[-0.19303677671349412,36.56237547075177],[-0.1886904341323924,36.566262539849134]]]]},"properties":{"speed":0.1587,"dir_deg":79.2,"type":"ضعيف"}},{"type":"Feature","geometry":{"type":"MultiPolygon","coordinates":[[[[-0.16685535816985975,36.56348203736746],[-0.1521247976580211,36.56631233540955],[-0.1517474245857424,36.564348260674635],[-0.16647798509758105,36.56151796263254],[-0.16685535816985975,36.56348203736746]]],[[[-0.1470259242846022,36.566273730722784],[-0.15250217073029979,36.568276410144456],[-0.1513700515134637,36.56238418593973],[-0.1470259242846022,36.566273730722784]]]]},"properties":{"speed":0.1432,"dir_deg":79.1,"type":"ضعيف"}},{"type":"Feature","geometry":{"type":"MultiPolygon","coordinates":[[[[-0.1251202956137423,36.56349273811517],[-0.11022922388616903,36.56529717232131],[-0.10998863265868443,36.56331169609096],[-0.1248797043862577,36.56150726188483],[-0.1251202956137423,36.56349273811517]]],[[[-0.10514523769656897,36.564905912274845],[-0.11046981511365361,36.567282648551654],[-0.10974804143119984,36.56132621986062],[-0.10514523769656897,36.564905912274845]]]]},"properties":{"speed":0.1088,"dir_deg":83.1,"type":"ضعيف"}},{"type":"Feature","geometry":{"type":"MultiPolygon","coordinates":[[[[-0.08363547820595299,36.56345326280569],[-0.0693365361205925,36.56798539864208],[-0.06873225134240692,36.566078873030705],[-0.08303119342776741,36.56154673719431],[-0.08363547820595299,36.56345326280569]]],[[[-0.06426807970304621,36.568542847781856],[-0.06994082089877807,36.56989192425346],[-0.06812796656422135,36.56417234741932],[-0.06426807970304621,36.568542847781856]]]]},"properties":{"speed":0.075,"dir_deg":72.4,"type":"ضعيف"}},{"type":"Feature","geometry":{"type":"MultiPolygon","coordinates":[[[[-0.04230077550839246,36.56327324482001],[-0.03070210320826495,36.572784858819446],[-0.02943388800834023,36.571238369179426],[-0.04103256030846774,36.56172675517999],[-0.04230077550839246,36.56327324482001]]],[[[-0.026201771508260085,36.57518215199925],[-0.03197031840818966,36.57433134845946],[-0.028165672808415514,36.56969187953941],[-0.026201771508260085,36.57518215199925]]]]},"properties":{"speed":0.0766,"dir_deg":50.6,"type":"ضعيف"}},{"type":"Feature","geometry":{"type":"MultiPolygon","coordinates":[[[[-0.0006871544297083243,36.56322651138307],[0.010210516316361736,36.5735338278287],[0.011584825175778387,36.572080805062555],[0.0006871544297083243,36.56177348861693],[-0.0006871544297083243,36.56322651138307]]],[[[0.01453022766142675,36.57624308859417],[0.008836207456945088,36.57498685059484],[0.012959134035195035,36.57062778229641],[0.01453022766142675,36.57624308859417]]]]},"properties":{"speed":0.0959,"dir_deg":46.6,"type":"ضعيف"}},{"type":"Feature","geometry":{"type":"MultiPolygon","coordinates":[[[[0.041011212470679015,36.56325523385062],[0.05233972022998119,36.573087065416885],[0.05365063110548336,36.57157659771565],[0.042322123346181184,36.56174476614938],[0.041011212470679015,36.56325523385062]]],[[[0.056771344920833,36.575609108755025],[0.05102880935447902,36.57459753311813],[0.05496154198098554,36.5700661300144],[0.056771344920833,36.575609108755025]]]]},"properties":{"speed":0.1117,"dir_deg":49.0,"type":"ضعيف"}},{"type":"Feature","geometry":{"type":"MultiPolygon","coordinates":[[[[0.08274733488577382,36.56331031037804],[0.09490199055643471,36.57210032434434],[0.09607399241860747,36.570479703588255],[0.08391933674794658,36.56168968962196],[0.08274733488577382,36.56331031037804]]],[[[0.09953954337774137,36.57422001862173],[0.09372998869426197,36.57372094510043],[0.0972459942807802,36.56885908283216],[0.09953954337774137,36.57422001862173]]]]},"properties":{"speed":0.1259,"dir_deg":54.1,"type":"ضعيف"}},{"type":"Feature","geometry":{"type":"MultiPolygon","coordinates":[[[[0.12451896351783165,36.563376700577635],[0.13766947218233574,36.57059224781016],[0.13863154514667245,36.56883884665489],[0.12548103648216835,36.561623299422365],[0.12451896351783165,36.563376700577635]]],[[[0.14253401155267212,36.572120729643366],[0.13670739921799904,36.572345648965424],[0.13959361811100915,36.56708544549963],[0.14253401155267212,36.572120729643366]]]]},"properties":{"speed":0.1433,"dir_deg":61.2,"type":"ضعيف"}},{"type":"Feature","geometry":{"type":"MultiPolygon","coordinates":[[[[0.1662502575633391,36.563409175077744],[0.17988788372947997,36.56965538613346],[0.18072071187024255,36.56783703597797],[0.16708308570410169,36.561590824922256],[0.1662502575633391,36.563409175077744]]],[[[0.18485017318857488,36.57082828140763],[0.1790550555887174,36.571473736288944],[0.18155354001100513,36.56601868582249],[0.18485017318857488,36.57082828140763]]]]},"properties":{"speed":0.1721,"dir_deg":65.4,"type":"ضعيف"}},{"type":"Feature","geometry":{"type":"MultiPolygon","coordinates":[[[[0.20793832722401728,36.563418680628736],[0.2217185366550303,36.56934369776267],[0.22250853893955494,36.5675063365052],[0.20872832950854192,36.561581319371264],[0.20793832722401728,36.563418680628736]]],[[[0.2267069409409636,36.57040002284525],[0.22092853437050566,36.571181059020134],[0.22329854122407958,36.56566897524773],[0.2267069409409636,36.57040002284525]]]]},"properties":{"speed":0.198,"dir_deg":66.7,"type":"ضعيف"}},{"type":"Feature","geometry":{"type":"MultiPolygon","coordinates":[[[[0.24957203609594283,36.56340379582696],[0.2631289735002918,36.56982325438781],[0.2639849013084061,36.5680156627339],[0.25042796390405714,36.56159620417304],[0.24957203609594283,36.56340379582696]]],[[[0.26807591653913193,36.571059278081144],[0.26227304569217746,36.57163084604173],[0.2648408291165204,36.566208071079984],[0.26807591653913193,36.571059278081144]]]]},"properties":{"speed":0.2029,"dir_deg":64.7,"type":"ضعيف"}},{"type":"Feature","geometry":{"type":"MultiPolygon","coordinates":[[[[0.29114579543128194,36.56335364132095],[0.3039504152455189,36.57116656084011],[0.30499213784807344,36.56945927819821],[0.29218751803383647,36.56164635867905],[0.29114579543128194,36.56335364132095]]],[[[0.3087394831515418,36.572917226025545],[0.30290869264296444,36.57287384348201],[0.3060338604506279,36.567751995556314],[0.3087394831515418,36.572917226025545]]]]},"properties":{"speed":0.2004,"dir_deg":58.6,"type":"ضعيف"}},{"type":"Feature","geometry":{"type":"MultiPolygon","coordinates":[[[[0.33272310273866235,36.56329221619337],[0.3446063456391988,36.57244582412505],[0.3458268266967557,36.57086139173831],[0.33394358379621925,36.56170778380663],[0.33272310273866235,36.56329221619337]]],[[[0.3491776671348227,36.57470481057557],[0.34338586458164194,36.57403025651179],[0.34704730775431253,36.56927695935157],[0.3491776671348227,36.57470481057557]]]]},"properties":{"speed":0.2079,"dir_deg":52.4,"type":"متوسط"}},{"type":"Feature","geometry":{"type":"MultiPolygon","coordinates":[[[[0.37433469661480623,36.56324657310804],[0.38553329323541813,36.573226123885945],[0.38686390000580567,36.57173297766987],[0.37566530338519377,36.56175342689196],[0.37433469661480623,36.56324657310804]]],[[[0.38993146216081587,36.57580606770387],[0.38420268646503053,36.57471927010203],[0.38819450677619327,36.57023983145378],[0.38993146216081587,36.57580606770387]]]]},"properties":{"speed":0.2329,"dir_deg":48.3,"type":"متوسط"}},{"type":"Feature","geometry":{"type":"MultiPolygon","coordinates":[[[[0.41599000588484597,36.563236304033865],[0.42703456639285237,36.57338606674956],[0.42838786808827883,36.571913458681834],[0.41734330758027244,36.561763695966135],[0.41599000588484597,36.563236304033865]]],[[[0.4313927374099011,36.57603301695426],[0.4256812646974259,36.5748586748173],[0.4297411697837053,36.5704408506141],[0.4313927374099011,36.57603301695426]]]]},"properties":{"speed":0.2673,"dir_deg":47.4,"type":"متوسط"}},{"type":"Feature","geometry":{"type":"MultiPolygon","coordinates":[[[[0.45766397765663663,36.56324293315922],[0.46880797504497895,36.573283417321285],[0.4701467062665873,36.57179755100284],[0.45900270887824496,36.56175706684078],[0.45766397765663663,36.56324293315922]]],[[[0.47319200645189724,36.57588731221608],[0.4674692438233707,36.57476928363973],[0.47148543748819555,36.57031168468439],[0.47319200645189724,36.57588731221608]]]]},"properties":{"speed":0.3055,"dir_deg":48.0,"type":"متوسط"}},{"type":"Feature","geometry":{"type":"MultiPolygon","coordinates":[[[[0.4993399751544314,36.56325124377084],[0.5106086317170937,36.573151616454375],[0.5119286814082309,36.57164912891269],[0.5006600248455686,36.56174875622916],[0.4993399751544314,36.56325124377084]]],[[[0.515024875416883,36.575700496911374],[0.5092885820259565,36.57465410399607],[0.5132487310993681,36.570146641371],[0.515024875416883,36.575700496911374]]]]},"properties":{"speed":0.3634,"dir_deg":48.7,"type":"متوسط"}},{"type":"Feature","geometry":{"type":"MultiPolygon","coordinates":[[[[0.5410210075448528,36.56326360895872],[0.5524751419256335,36.572948793809154],[0.553766499905691,36.57142157589171],[0.5423123655249104,36.56173639104128],[0.5410210075448528,36.56326360895872]]],[[[0.5569388657092559,36.575413579800575],[0.5511837839455761,36.57447601172659],[0.5550578578857485,36.56989435797428],[0.5569388657092559,36.575413579800575]]]]},"properties":{"speed":0.4389,"dir_deg":49.8,"type":"قوي"}},{"type":"Feature","geometry":{"type":"MultiPolygon","coordinates":[[[[0.5827161874641971,36.56328686434599],[0.5945191526540143,36.57254375435981],[0.595753404655857,36.57097002566783],[0.5839504394660398,36.56171313565401],[0.5827161874641971,36.56328686434599]]],[[[0.5990706003848748,36.57484252001843],[0.5932849006521717,36.574117483051786],[0.5969876566576997,36.56939629697586],[0.5990706003848748,36.57484252001843]]]]},"properties":{"speed":0.5309,"dir_deg":51.9,"type":"قوي"}},{"type":"Feature","geometry":{"type":"MultiPolygon","coordinates":[[[[0.6244583748595744,36.56334062013256],[0.6370676768479191,36.57146499723894],[0.6381509271287702,36.56978375697383],[0.6255416251404256,36.56165937986744],[0.6244583748595744,36.56334062013256]]],[[[0.6418124026511262,36.57333250280851],[0.635984426567068,36.573146237504055],[0.6392341774096213,36.56810251670871],[0.6418124026511262,36.57333250280851]]]]},"properties":{"speed":0.5962,"dir_deg":57.2,"type":"قوي"}},{"type":"Feature","geometry":{"type":"MultiPolygon","coordinates":[[[[0.6662080204443195,36.56338860869755],[0.679537150907628,36.57026860005598],[0.6804544830887522,36.56849138266088],[0.6671253526254437,36.56161139130245],[0.6662080204443195,36.56338860869755]]],[[[0.6844388604859597,36.57167332181124],[0.6786198187265037,36.57204581745109],[0.6813718152698766,36.56671416526577],[0.6844388604859597,36.57167332181124]]]]},"properties":{"speed":0.6053,"dir_deg":62.7,"type":"قوي"}},{"type":"Feature","geometry":{"type":"MultiPolygon","coordinates":[[[[0.7079407028157192,36.56341970477762],[0.7217362744800295,36.56930886451861],[0.722521495778828,36.567469454963366],[0.7087259241145176,36.56158029522238],[0.7079407028157192,36.56341970477762]]],[[[0.7267274090175322,36.570352212987984],[0.7209510531812311,36.57114827407385],[0.7233067170776264,36.56563004540813],[0.7267274090175322,36.570352212987984]]]]},"properties":{"speed":0.5813,"dir_deg":66.9,"type":"قوي"}},{"type":"Feature","geometry":{"type":"MultiPolygon","coordinates":[[[[0.7496617599586034,36.56344105986759],[0.7637776579725133,36.56851466048854],[0.7644541380553065,36.56663254075335],[0.7503382400413966,36.56155894013241],[0.7496617599586034,36.56344105986759]]],[[[0.7688211973518799,36.56926480082793],[0.7631011778897201,36.57039678022373],[0.7651306181380997,36.56475042101816],[0.7688211973518799,36.56926480082793]]]]},"properties":{"speed":0.533,"dir_deg":70.2,"type":"قوي"}},{"type":"Feature","geometry":{"type":"MultiPolygon","coordinates":[[[[0.7914132125353592,36.56346734219983],[0.8059233455327641,36.56726945219266],[0.8064302935318088,36.565334767793004],[0.791920160534404,36.56153265780017],[0.7914132125353592,36.56346734219983]]],[[[0.8110135305314214,36.567569479990446],[0.8054163975337193,36.56920413659231],[0.8069372415308537,36.563400083393354],[0.8110135305314214,36.567569479990446]]]]},"properties":{"speed":0.4524,"dir_deg":75.3,"type":"قوي"}},{"type":"Feature","geometry":{"type":"MultiPolygon","coordinates":[[[[0.8331595159362624,36.56348478140669],[0.8479312370366215,36.56609174433953],[0.8482788320943336,36.564122181526145],[0.8335071109939745,36.56151521859331],[0.8331595159362624,36.56348478140669]]],[[[0.8530289415989306,36.56597595057712],[0.8475836419789096,36.56806130715291],[0.8486264271520456,36.562152618712766],[0.8530289415989306,36.56597595057712]]]]},"properties":{"speed":0.3781,"dir_deg":80.0,"type":"متوسط"}},{"type":"Feature","geometry":{"type":"MultiPolygon","coordinates":[[[[0.8749532468671114,36.563498906474386],[0.8899368439828627,36.56420020346771],[0.8900303502486399,36.56220239051894],[0.8750467531328886,36.561501093525614],[0.8749532468671114,36.563498906474386]]],[[[0.8949781294876683,36.563435062657774],[0.8898433377170856,36.56619801641648],[0.890123856514417,36.560204577570175],[0.8949781294876683,36.563435062657774]]]]},"properties":{"speed":0.3256,"dir_deg":87.3,"type":"متوسط"}},{"type":"Feature","geometry":{"type":"MultiPolygon","coordinates":[[[[0.9166632178919273,36.56349999398424],[0.9316631276555263,36.56355202362855],[0.9316700649414349,36.56155203566008],[0.9166701551778359,36.56150000601576],[0.9166632178919273,36.56349999398424]]],[[[0.9366665662196803,36.56256937285909],[0.9316561903696177,36.565552011597035],[0.9316770022273435,36.5595520476916],[0.9366665662196803,36.56256937285909]]]]},"properties":{"speed":0.3095,"dir_deg":89.8,"type":"متوسط"}},{"type":"Feature","geometry":{"type":"MultiPolygon","coordinates":[[[[0.9583351424372116,36.56349999832743],[0.9733351173486487,36.56347256374603],[0.9733314594044623,36.56147256709117],[0.9583314844930252,36.56150000167257],[0.9583351424372116,36.56349999832743]]],[[[0.9783332800137012,36.56246342055813],[0.9733387752928353,36.56547256040089],[0.9733278014602758,36.55947257043631],[0.9783332800137012,36.56246342055813]]]]},"properties":{"speed":0.3186,"dir_deg":90.1,"type":"متوسط"}},{"type":"Feature","geometry":{"type":"MultiPolygon","coordinates":[[[[1.0000251223357743,36.56349968438432],[1.0150203881005142,36.5631228493477],[1.0149701434289655,36.56112348057906],[0.9999748776642257,36.56150031561568],[1.0000251223357743,36.56349968438432]]],[[[1.0199936876863198,36.56199755328451],[1.0150706327720629,36.56512221811633],[1.0149198987574168,36.55912411181043],[1.0199936876863198,36.56199755328451]]]]},"properties":{"speed":0.3337,"dir_deg":91.4,"type":"متوسط"}},{"type":"Feature","geometry":{"type":"MultiPolygon","coordinates":[[[[-0.41613580389466603,36.605015402252015],[-0.4034238436008063,36.597052609683615],[-0.40448554927659264,36.59535768164443],[-0.4171975095704524,36.60332047421283],[-0.41613580389466603,36.605015402252015]]],[[[-0.3997173763407462,36.593550881474556],[-0.4023621379250199,36.598747537722794],[-0.40554725495237903,36.59366275360525],[-0.3997173763407462,36.593550881474556]]]]},"properties":{"speed":0.1671,"dir_deg":122.1,"type":"ضعيف"}},{"type":"Feature","geometry":{"type":"MultiPolygon","coordinates":[[[[-0.3745072269244788,36.60503809608939],[-0.36145485906997427,36.59764649995657],[-0.36244040522101667,36.59590618424264],[-0.3754927730755212,36.603297780375456],[-0.3745072269244788,36.60503809608939]]],[[[-0.35759684286066057,36.594312476721996],[-0.3604693129189318,36.599386815670506],[-0.36342595137205913,36.5941658685287],[-0.35759684286066057,36.594312476721996]]]]},"properties":{"speed":0.1648,"dir_deg":119.5,"type":"ضعيف"}},{"type":"Feature","geometry":{"type":"MultiPolygon","coordinates":[[[[-0.3328939985936687,36.60506625680488],[-0.31941922000675593,36.5984760866983],[-0.32029790935430014,36.59667944955338],[-0.3337726879412129,36.60326961965996],[-0.3328939985936687,36.60506625680488]]],[[[-0.3153669718182238,36.595381044756984],[-0.3185405306592118,36.60027272384322],[-0.3211765987018443,36.59488281240846],[-0.3153669718182238,36.595381044756984]]]]},"properties":{"speed":0.1445,"dir_deg":116.1,"type":"ضعيف"}},{"type":"Feature","geometry":{"type":"MultiPolygon","coordinates":[[[[-0.29142346923504053,36.605137917531714],[-0.27687377974569444,36.60149010506893],[-0.2773601547407318,36.59955014647035],[-0.2919098442300779,36.60319795893313],[-0.29142346923504053,36.605137917531714]]],[[[-0.27226707074676443,36.59930418828205],[-0.27638740475065715,36.60343006366751],[-0.27784652973576907,36.59761018787177],[-0.27226707074676443,36.59930418828205]]]]},"properties":{"speed":0.1157,"dir_deg":104.1,"type":"ضعيف"}},{"type":"Feature","geometry":{"type":"MultiPolygon","coordinates":[[[[-0.2502370357656458,36.605139439156666],[-0.23566452190200307,36.608694975641356],[-0.23519045037071148,36.60675197379287],[-0.2497629642343542,36.60319643730818],[-0.2502370357656458,36.605139439156666]]],[[[-0.23056998151514302,36.608908653545335],[-0.23613859343329469,36.61063797748984],[-0.23471637883941987,36.60480897194439],[-0.23056998151514302,36.608908653545335]]]]},"properties":{"speed":0.1073,"dir_deg":76.3,"type":"ضعيف"}},{"type":"Feature","geometry":{"type":"MultiPolygon","coordinates":[[[[-0.20888293935997623,36.60500335893818],[-0.19635162877361861,36.613247523843626],[-0.19525240678622535,36.611576682432116],[-0.20778371737258297,36.60333251752667],[-0.20888293935997623,36.60500335893818]]],[[[-0.19162491425113612,36.615160158106356],[-0.19745085076101185,36.61491836525514],[-0.19415318479883212,36.6099058410206],[-0.19162491425113612,36.615160158106356]]]]},"properties":{"speed":0.1216,"dir_deg":56.7,"type":"ضعيف"}},{"type":"Feature","geometry":{"type":"MultiPolygon","coordinates":[[[[-0.16729852610174256,36.604943025279944],[-0.15567222038887332,36.61442084230028],[-0.154408511452829,36.61287066820523],[-0.16603481716569823,36.6033928511849],[-0.16729852610174256,36.604943025279944]]],[[[-0.15116493068322806,36.61680502759287],[-0.15693592932491765,36.61597101639533],[-0.15314480251678467,36.61132049411018],[-0.15116493068322806,36.61680502759287]]]]},"properties":{"speed":0.1208,"dir_deg":50.8,"type":"ضعيف"}},{"type":"Feature","geometry":{"type":"MultiPolygon","coordinates":[[[[-0.12568157202812866,36.60489968926281],[-0.11470530657232195,36.61512326968474],[-0.11334216251606466,36.613659767623965],[-0.12431842797187136,36.603436187202036],[-0.12568157202812866,36.60489968926281]]],[[[-0.11036497939225773,36.61779937879499],[-0.11606845062857925,36.61658677174551],[-0.11197901845980736,36.61219626556319],[-0.11036497939225773,36.61779937879499]]]]},"properties":{"speed":0.1009,"dir_deg":47.0,"type":"ضعيف"}},{"type":"Feature","geometry":{"type":"MultiPolygon","coordinates":[[[[-0.08414484705916951,36.60475227503907],[-0.07537979495942357,36.61692494367371],[-0.07375677247480494,36.615756270060416],[-0.08252182457455089,36.603583601425775],[-0.08414484705916951,36.60475227503907]]],[[[-0.07164659968386561,36.620398163078605],[-0.07700281744404218,36.61809361728701],[-0.07213374999018633,36.614587596447116],[-0.07164659968386561,36.620398163078605]]]]},"properties":{"speed":0.0904,"dir_deg":35.8,"type":"ضعيف"}},{"type":"Feature","geometry":{"type":"MultiPolygon","coordinates":[[[[-0.04254443485179052,36.604647026108644],[-0.03535811670844793,36.61781353025905],[-0.03360258282172709,36.616855354506605],[-0.04078890096506968,36.6036888503562],[-0.04254443485179052,36.604647026108644]]],[[[-0.032084910383973306,36.62172327709963],[-0.03711365059516876,36.61877170601149],[-0.031847048935006256,36.61589717875416],[-0.032084910383973306,36.62172327709963]]]]},"properties":{"speed":0.1011,"dir_deg":28.6,"type":"ضعيف"}},{"type":"Feature","geometry":{"type":"MultiPolygon","coordinates":[[[[-0.000871024528729007,36.604659177756844],[0.006497568337571353,36.61772454568778],[0.008239617395029368,36.616742066638935],[0.000871024528729007,36.603676698708],[-0.000871024528729007,36.604659177756844]]],[[[0.009824790488400481,36.621588428807],[0.00475551928011334,36.618707024736615],[0.009981666452487381,36.6157595875901],[0.009824790488400481,36.621588428807]]]]},"properties":{"speed":0.1178,"dir_deg":29.4,"type":"ضعيف"}},{"type":"Feature","geometry":{"type":"MultiPolygon","coordinates":[[[[0.04084286747126041,36.60473481814891],[0.04934606621860137,36.617091824706456],[0.050993667092940745,36.615958064873475],[0.04249046834559979,36.60360105831593],[0.04084286747126041,36.60473481814891]]],[[[0.05300426623821804,36.62064394697582],[0.04769846534426198,36.61822558453943],[0.05264126796728013,36.6148243050405],[0.05300426623821804,36.62064394697582]]]]},"properties":{"speed":0.1358,"dir_deg":34.5,"type":"ضعيف"}},{"type":"Feature","geometry":{"type":"MultiPolygon","coordinates":[[[[0.08263222594673762,36.604880991491314],[0.0933280248301197,36.615397639543154],[0.09473024457036486,36.61397153302537],[0.08403444568698278,36.60345488497353],[0.08263222594673762,36.604880991491314]]],[[[0.09759440099470298,36.618190135634876],[0.09192580508987454,36.61682374606094],[0.09613246431061002,36.61254542650759],[0.09759440099470298,36.618190135634876]]]]},"properties":{"speed":0.1539,"dir_deg":45.5,"type":"ضعيف"}},{"type":"Feature","geometry":{"type":"MultiPolygon","coordinates":[[[[0.12447215712922671,36.605017280274105],[0.13721228775450325,36.6129349233357],[0.13826797349604983,36.611236239252335],[0.1255278428707733,36.60331859619074],[0.12447215712922671,36.605017280274105]]],[[[0.14198684083370205,36.61472479564789],[0.13615660201295668,36.61463360741907],[0.1393236592375964,36.60953755516896],[0.14198684083370205,36.61472479564789]]]]},"properties":{"speed":0.1744,"dir_deg":58.1,"type":"ضعيف"}},{"type":"Feature","geometry":{"type":"MultiPolygon","coordinates":[[[[0.16624652810742682,36.60507539589938],[0.17985839311173682,36.61137754879378],[0.18069868016432397,36.60956263345987],[0.16708681516001397,36.60326048056547],[0.16624652810742682,36.60507539589938]]],[[[0.18481582497280039,36.61257080875829],[0.17901810605914967,36.61319246412769],[0.18153896721691112,36.607747718125964],[0.18481582497280039,36.61257080875829]]]]},"properties":{"speed":0.205,"dir_deg":65.2,"type":"ضعيف"}},{"type":"Feature","geometry":{"type":"MultiPolygon","coordinates":[[[[0.2079358606488093,36.6050855543905],[0.2217001030200048,36.61104757015255],[0.2224950384549454,36.6092123378364],[0.2087307960837499,36.603250322074345],[0.2079358606488093,36.6050855543905]]],[[[0.2266856515278736,36.61211729258183],[0.2209051675850642,36.61288280246871],[0.223289973889886,36.607377105520236],[0.2266856515278736,36.61211729258183]]]]},"properties":{"speed":0.2278,"dir_deg":66.6,"type":"متوسط"}},{"type":"Feature","geometry":{"type":"MultiPolygon","coordinates":[[[[0.2495501520495878,36.60506104338945],[0.2629467294050073,36.61180876264563],[0.2638464253058317,36.61002255233158],[0.2504498479504122,36.603274833075396],[0.2495501520495878,36.60506104338945]]],[[[0.2678621031405593,36.613164897240665],[0.2620470335041829,36.61359497295969],[0.2647461212066561,36.60823634201752],[0.2678621031405593,36.613164897240665]]]]},"properties":{"speed":0.2329,"dir_deg":63.3,"type":"متوسط"}},{"type":"Feature","geometry":{"type":"MultiPolygon","coordinates":[[[[0.29114386870617254,36.605020400946835],[0.3039308094223881,36.61286222134264],[0.3049763854751614,36.61115729591381],[0.29218944475894587,36.60331547551801],[0.29114386870617254,36.605020400946835]]],[[[0.30871591102084656,36.614623698760155],[0.3028852333696147,36.61456714677147],[0.3060219615279348,36.60945237048498],[0.30871591102084656,36.614623698760155]]]]},"properties":{"speed":0.2315,"dir_deg":58.5,"type":"متوسط"}},{"type":"Feature","geometry":{"type":"MultiPolygon","coordinates":[[[[0.33278362160373526,36.605003286119505],[0.3453138399099692,36.613249111075085],[0.3464132832373803,36.61157841530092],[0.33388306493114633,36.60333259034534],[0.33278362160373526,36.605003286119505]]],[[[0.35004030100908606,36.615162371506536],[0.3442143965825581,36.61491980684925],[0.34751272656479143,36.60990771952675],[0.35004030100908606,36.615162371506536]]]]},"properties":{"speed":0.2305,"dir_deg":56.7,"type":"متوسط"}},{"type":"Feature","geometry":{"type":"MultiPolygon","coordinates":[[[[0.3744439890579557,36.60499911320337],[0.38691161362214477,36.613339277334035],[0.3880236355062334,36.61167692739214],[0.3755560109420443,36.603336763261474],[0.3744439890579557,36.60499911320337]]],[[[0.3916234994189188,36.61528815707331],[0.3857995917380561,36.61500162727592],[0.3891356573903221,36.61001457745025],[0.3916234994189188,36.61528815707331]]]]},"properties":{"speed":0.2285,"dir_deg":56.2,"type":"متوسط"}},{"type":"Feature","geometry":{"type":"MultiPolygon","coordinates":[[[[0.4160483797208276,36.60495389849653],[0.42783778368251935,36.614228053672505],[0.4290743377059826,36.612656133144284],[0.4172849337442908,36.60338197796831],[0.4160483797208276,36.60495389849653]]],[[[0.4323858620148149,36.616533478467055],[0.42660122965905617,36.61579997420073],[0.43031089172944575,36.611084212616056],[0.4323858620148149,36.616533478467055]]]]},"properties":{"speed":0.2374,"dir_deg":51.8,"type":"متوسط"}},{"type":"Feature","geometry":{"type":"MultiPolygon","coordinates":[[[[0.4576915804428322,36.604934841405544],[0.46919512803971863,36.61456128377468],[0.4704786536889358,36.61302747742843],[0.4589751060920494,36.6034010350593],[0.4576915804428322,36.604934841405544]]],[[[0.47367140672995606,36.617003194724596],[0.4679116023905014,36.61609509012093],[0.47176217933815306,36.61149367108218],[0.47367140672995606,36.617003194724596]]]]},"properties":{"speed":0.2628,"dir_deg":50.1,"type":"متوسط"}},{"type":"Feature","geometry":{"type":"MultiPolygon","coordinates":[[[[0.4993791069184089,36.60495183349407],[0.5111375358431111,36.61426522971794],[0.5123793220062932,36.61269743919464],[0.5006208930815911,36.603384042970774],[0.4993791069184089,36.60495183349407]]],[[[0.5156779052329362,36.61658579986425],[0.5098957496799289,36.615833020241226],[0.5136211081694754,36.61112964867135],[0.5156779052329362,36.61658579986425]]]]},"properties":{"speed":0.2941,"dir_deg":51.6,"type":"متوسط"}},{"type":"Feature","geometry":{"type":"MultiPolygon","coordinates":[[[[0.5410657235465275,36.60496721508473],[0.5530548763310833,36.61398165991004],[0.5542568023077915,36.61238310620543],[0.5422676495232357,36.60336866138012],[0.5410657235465275,36.60496721508473]]],[[[0.5576522235809559,36.6161871979995],[0.5518529503543752,36.61558021361464],[0.5554587282844996,36.610784552500824],[0.5576522235809559,36.6161871979995]]]]},"properties":{"speed":0.3327,"dir_deg":53.1,"type":"متوسط"}},{"type":"Feature","geometry":{"type":"MultiPolygon","coordinates":[[[[0.5827723947795929,36.60499580913312],[0.5951904582901151,36.61340958941601],[0.5963122956611662,36.61175384761461],[0.583894232150644,36.60334006733172],[0.5827723947795929,36.60499580913312]]],[[[0.599890731479148,36.615386311942935],[0.594068620919064,36.615065331217416],[0.5974341330322173,36.6100981058132],[0.599890731479148,36.615386311942935]]]]},"properties":{"speed":0.383,"dir_deg":55.9,"type":"متوسط"}},{"type":"Feature","geometry":{"type":"MultiPolygon","coordinates":[[[[0.6245006638130391,36.60503434654978],[0.6374967885734458,36.61252438935419],[0.6384954609473675,36.61079157271948],[0.6254993361869609,36.603301529915065],[0.6245006638130391,36.60503434654978]]],[[[0.6423281663472089,36.61415466197164],[0.636498116199524,36.61425720598891],[0.6394941333212893,36.60905875608476],[0.6423281663472089,36.61415466197164]]]]},"properties":{"speed":0.4319,"dir_deg":60.0,"type":"قوي"}},{"type":"Feature","geometry":{"type":"MultiPolygon","coordinates":[[[[0.6662413902413006,36.60507299240907],[0.6798172028910063,36.61145243681278],[0.6806677954781684,36.609642328459486],[0.6670919828284626,36.60326288405577],[0.6662413902413006,36.60507299240907]]],[[[0.6847677700678226,36.61267386410404],[0.6789666103038444,36.61326254516607],[0.6815183880653303,36.6078322201062],[0.6847677700678226,36.61267386410404]]]]},"properties":{"speed":0.4656,"dir_deg":64.8,"type":"قوي"}},{"type":"Feature","geometry":{"type":"MultiPolygon","coordinates":[[[[0.7079716119544842,36.605100232186714],[0.7219560212688283,36.61052575484623],[0.7226794242900967,36.608661166937644],[0.7086950149757526,36.60323564427813],[0.7079716119544842,36.605100232186714]]],[[[0.7269791925509106,36.61140196844511],[0.7212326182475599,36.61239034275481],[0.7234028273113651,36.606796579029066],[0.7269791925509106,36.61140196844511]]]]},"properties":{"speed":0.4921,"dir_deg":68.8,"type":"قوي"}},{"type":"Feature","geometry":{"type":"MultiPolygon","coordinates":[[[[0.7497010707181028,36.60512221349901],[0.7640151997169445,36.609606152727466],[0.764613058280739,36.60769760219429],[0.7502989292818972,36.603213662965835],[0.7497010707181028,36.60512221349901]]],[[[0.7690855053317891,36.61014652387037],[0.76341734115315,36.611514703260646],[0.7652109168445336,36.60578905166111],[0.7690855053317891,36.61014652387037]]]]},"properties":{"speed":0.5082,"dir_deg":72.6,"type":"قوي"}},{"type":"Feature","geometry":{"type":"MultiPolygon","coordinates":[[[[0.79146549324024,36.60514748979217],[0.8061587666363568,36.60816538921179],[0.80656115322564,36.6062062860923],[0.7918678798295232,36.60318838667268],[0.79146549324024,36.60514748979217]]],[[[0.811257717729704,36.608191804125255],[0.8057563800470736,36.61012449233127],[0.8069635398149232,36.60424718297282],[0.811257717729704,36.608191804125255]]]]},"properties":{"speed":0.4984,"dir_deg":78.4,"type":"قوي"}},{"type":"Feature","geometry":{"type":"MultiPolygon","coordinates":[[[[0.8332061595887073,36.60515982123546],[0.8480844046342616,36.607067129381626],[0.8483387123870839,36.60508336337555],[0.8334604673415296,36.60317605522938],[0.8332061595887073,36.60515982123546]]],[[[0.8531709735258576,36.606711015760645],[0.8478300968814392,36.609050895387696],[0.8485930201399063,36.60309959736948],[0.8531709735258576,36.606711015760645]]]]},"properties":{"speed":0.48,"dir_deg":82.7,"type":"قوي"}},{"type":"Feature","geometry":{"type":"MultiPolygon","coordinates":[[[[0.8749379166256037,36.60516600919915],[0.8899089811265103,36.606097259815094],[0.8900331478753029,36.60410111788163],[0.8750620833743963,36.60316986726569],[0.8749379166256037,36.60516600919915]]],[[[0.8949614193345421,36.60540960572035],[0.8897848143777178,36.60809340174855],[0.8901573146240953,36.60210497594818],[0.8949614193345421,36.60540960572035]]]]},"properties":{"speed":0.4618,"dir_deg":86.4,"type":"قوي"}},{"type":"Feature","geometry":{"type":"MultiPolygon","coordinates":[[[[0.9166476864884351,36.60516775771524],[0.9316449787307994,36.60545275841194],[0.9316829788236924,36.6034531194463],[0.9166856865813281,36.6031681187496],[0.9166476864884351,36.60516775771524]]],[[[0.9366630761913673,36.60454793916135],[0.9316069786379063,36.60745239737759],[0.9317209789165856,36.60145348048065],[0.9366630761913673,36.60454793916135]]]]},"properties":{"speed":0.4552,"dir_deg":88.9,"type":"قوي"}},{"type":"Feature","geometry":{"type":"MultiPolygon","coordinates":[[[[0.9583402122753032,36.60516791443535],[0.9733398553191912,36.605064432282575],[0.9733260576988216,36.60306447987672],[0.9583264146549336,36.603167962029495],[0.9583402122753032,36.60516791443535]]],[[[0.9783328375236358,36.604029962028726],[0.9733536529395608,36.60706438468843],[0.9733122600784521,36.60106452747087],[0.9783328375236358,36.604029962028726]]]]},"properties":{"speed":0.4622,"dir_deg":90.4,"type":"قوي"}},{"type":"Feature","geometry":{"type":"MultiPolygon","coordinates":[[[[1.0000466243651174,36.605166850725375],[1.015030311759411,36.60446748524861],[1.0149370630291763,36.602469660262706],[0.9999533756348827,36.60316902573947],[1.0000466243651174,36.605166850725375]]],[[[1.0199782498590584,36.60323545093008],[1.0151235604896456,36.60646531023452],[1.0148438142989418,36.6004718352768],[1.0199782498590584,36.60323545093008]]]]},"properties":{"speed":0.4748,"dir_deg":92.7,"type":"قوي"}},{"type":"Feature","geometry":{"type":"MultiPolygon","coordinates":[[[[-0.4160845049645947,36.646645141910646],[-0.403888302818535,36.63791286539118],[-0.405052606354464,36.63628670510504],[-0.4172488085005237,36.64501898162451],[-0.4160845049645947,36.646645141910646]]],[[[-0.4004050538711463,36.634189026408286],[-0.40272399928260594,36.63953902567732],[-0.40621690989039305,36.6346605448189],[-0.4004050538711463,36.634189026408286]]]]},"properties":{"speed":0.1456,"dir_deg":125.6,"type":"ضعيف"}},{"type":"Feature","geometry":{"type":"MultiPolygon","coordinates":[[[[-0.37445063983907934,36.64666764743858],[-0.36191685477396535,36.63842724502477],[-0.3630155750958067,36.63675607368276],[-0.37554936016092066,36.64499647609657],[-0.37445063983907934,36.64666764743858]]],[[[-0.358288286579848,36.634844858549165],[-0.360818134452124,36.64009841636679],[-0.364114295417648,36.63508490234074],[-0.358288286579848,36.634844858549165]]]]},"properties":{"speed":0.1301,"dir_deg":123.3,"type":"ضعيف"}},{"type":"Feature","geometry":{"type":"MultiPolygon","coordinates":[[[[-0.33280006484625174,36.64667800155592],[-0.3201109680211748,36.63867882523808],[-0.3211775248635529,36.6369869456614],[-0.33386662168862985,36.64498612197924],[-0.33280006484625174,36.64667800155592]]],[[[-0.31641454750067155,36.635166493343796],[-0.3190444111787967,36.64037070481476],[-0.32224408170593094,36.63529506608472],[-0.31641454750067155,36.635166493343796]]]]},"properties":{"speed":0.097,"dir_deg":122.2,"type":"ضعيف"}},{"type":"Feature","geometry":{"type":"MultiPolygon","coordinates":[[[[-0.2915010537983594,36.64681825427829],[-0.2767081661376795,36.64433421026529],[-0.27703937200607914,36.642361825243874],[-0.291832259666759,36.64484586925687],[-0.2915010537983594,36.64681825427829]]],[[[-0.27194280651831937,36.64252000308358],[-0.27637696026927994,36.64630659528672],[-0.2773705778744787,36.64038944022245],[-0.27194280651831937,36.64252000308358]]]]},"properties":{"speed":0.0557,"dir_deg":99.5,"type":"ضعيف"}},{"type":"Feature","geometry":{"type":"MultiPolygon","coordinates":[[[[-0.25074265220975783,36.64650173907445],[-0.24069749260665022,36.65764152222082],[-0.23921218818713455,36.65630216760707],[-0.24925734779024217,36.645162384460704],[-0.25074265220975783,36.64650173907445]]],[[[-0.23660645386252319,36.660685105962735],[-0.2421827970261659,36.65898087683457],[-0.23772688376761886,36.654962812993325],[-0.23660645386252319,36.660685105962735]]]]},"properties":{"speed":0.0691,"dir_deg":42.0,"type":"ضعيف"}},{"type":"Feature","geometry":{"type":"MultiPolygon","coordinates":[[[[-0.20920783739263782,36.64631707100751],[-0.20193269879367975,36.659434706402884],[-0.20018368074096332,36.65846468792302],[-0.20745881933992139,36.64534705252765],[-0.20920783739263782,36.64631707100751]]],[[[-0.19863314356766887,36.66332224229474],[-0.2036817168463962,36.660404724882746],[-0.1984346626882469,36.65749466944316],[-0.19863314356766887,36.66332224229474]]]]},"properties":{"speed":0.1076,"dir_deg":29.0,"type":"ضعيف"}},{"type":"Feature","geometry":{"type":"MultiPolygon","coordinates":[[[[-0.16754223499364473,36.64631516507202],[-0.16029568542708858,36.659448615470886],[-0.1585445587072399,36.65848240886201],[-0.16579110827379606,36.64534895846314],[-0.16754223499364473,36.64631516507202]]],[[[-0.15700460554497886,36.663343328966064],[-0.16204681214693722,36.66041482207976],[-0.15679343198739126,36.657516202253134],[-0.15700460554497886,36.663343328966064]]]]},"properties":{"speed":0.1172,"dir_deg":28.9,"type":"ضعيف"}},{"type":"Feature","geometry":{"type":"MultiPolygon","coordinates":[[[[-0.1258880095235367,36.64629188682791],[-0.1189906336185766,36.659612029680964],[-0.11721461457150319,36.6586923795603],[-0.12411199047646329,36.645372236707246],[-0.1258880095235367,36.64629188682791]]],[[[-0.11580349879338653,36.66359225223831],[-0.12076665266565002,36.66053167980162],[-0.11543859552442977,36.65777272943964],[-0.11580349879338653,36.66359225223831]]]]},"properties":{"speed":0.1073,"dir_deg":27.4,"type":"ضعيف"}},{"type":"Feature","geometry":{"type":"MultiPolygon","coordinates":[[[[-0.08426373480372112,36.64619861016172],[-0.07876550889158955,36.66015459496463],[-0.0769047109178677,36.65942149817635],[-0.08240293682999927,36.64546551337344],[-0.08426373480372112,36.64619861016172]]],[[[-0.0760023679340181,36.6644400415048],[-0.08062630686531141,36.66088769175292],[-0.07504391294414584,36.65868840138806],[-0.0760023679340181,36.6644400415048]]]]},"properties":{"speed":0.1041,"dir_deg":21.5,"type":"ضعيف"}},{"type":"Feature","geometry":{"type":"MultiPolygon","coordinates":[[[[-0.04261008638743875,36.646163666311374],[-0.03763601823052487,36.6603149434965],[-0.03574918127250756,36.65965173440891],[-0.040723249429421446,36.64550045722378],[-0.04261008638743875,36.646163666311374]]],[[[-0.03503457703254492,36.664700431347754],[-0.03952285518854218,36.660978152584086],[-0.033862344314490256,36.65898852532133],[-0.03503457703254492,36.664700431347754]]]]},"properties":{"speed":0.1118,"dir_deg":19.4,"type":"ضعيف"}},{"type":"Feature","geometry":{"type":"MultiPolygon","coordinates":[[[[-0.000917498845175556,36.646229800210655],[0.00504857780098331,36.65999228288829],[0.006883575491334423,36.659196806002136],[0.000917498845175556,36.6454343233245],[-0.000917498845175556,36.646229800210655]]],[[[0.007954768861545156,36.664182038671086],[0.0032135801106321984,36.66078775977444],[0.008718573181685535,36.65840132911598],[0.007954768861545156,36.664182038671086]]]]},"properties":{"speed":0.1248,"dir_deg":23.4,"type":"ضعيف"}},{"type":"Feature","geometry":{"type":"MultiPolygon","coordinates":[[[[0.040835583261771516,36.646388207710736],[0.0491777724091048,36.658854477410614],[0.05083994170242197,36.6577421855243],[0.04249775255508868,36.64527591582442],[0.040835583261771516,36.646388207710736]]],[[[0.05278958677154115,36.66245375470075],[0.04751560311578763,36.65996676929692],[0.052502110995739135,36.65662989363799],[0.05278958677154115,36.66245375470075]]]]},"properties":{"speed":0.1408,"dir_deg":33.8,"type":"ضعيف"}},{"type":"Feature","geometry":{"type":"MultiPolygon","coordinates":[[[[0.08268092206903656,36.646589924751005],[0.09404886682045972,36.65637613096836],[0.095353694316107,36.65486040500151],[0.08398574956468384,36.64507419878415],[0.08268092206903656,36.646589924751005]]],[[[0.09849059548542442,36.65888033672405],[0.09274403932481244,36.657891856935215],[0.09665852181175429,36.65334467903465],[0.09849059548542442,36.65888033672405]]]]},"properties":{"speed":0.1547,"dir_deg":49.3,"type":"ضعيف"}},{"type":"Feature","geometry":{"type":"MultiPolygon","coordinates":[[[[0.12454465026298402,36.64672237441884],[0.13789934003193347,36.65355262047408],[0.1388100395059654,36.65177199517155],[0.12545534973701597,36.64494174911631],[0.12454465026298402,36.64672237441884]]],[[[0.1428062530252659,36.6549390565079],[0.1369886405579015,36.6553332457766],[0.13972073897999737,36.64999136986903],[0.1428062530252659,36.6549390565079]]]]},"properties":{"speed":0.1717,"dir_deg":62.9,"type":"ضعيف"}},{"type":"Feature","geometry":{"type":"MultiPolygon","coordinates":[[[[0.1662899440606682,36.64675838586621],[0.18018480554011426,36.652409299461986],[0.18093826068621868,36.65055665126473],[0.1670433992067726,36.64490573766895],[0.1662899440606682,36.64675838586621]]],[[[0.18519315360631514,36.65336661322862],[0.17943135039400987,36.65426194765924],[0.18169171583232308,36.64870400306747],[0.18519315360631514,36.65336661322862]]]]},"properties":{"speed":0.1954,"dir_deg":67.9,"type":"ضعيف"}},{"type":"Feature","geometry":{"type":"MultiPolygon","coordinates":[[[[0.20792924842018853,36.64674678544015],[0.22165010350879663,36.652807984631515],[0.22245826340097877,36.65097853728637],[0.20873740831237067,36.644917338095006],[0.20792924842018853,36.64674678544015]]],[[[0.22662780181775707,36.6539136606894],[0.22084194361661447,36.65463743197667],[0.22326642329316093,36.64914908994122],[0.22662780181775707,36.6539136606894]]]]},"properties":{"speed":0.2156,"dir_deg":66.2,"type":"متوسط"}},{"type":"Feature","geometry":{"type":"MultiPolygon","coordinates":[[[[0.2495301281685443,36.646714796417406],[0.2627711479159432,36.65376287388924],[0.2637108915788546,36.651997404589586],[0.2504698718314557,36.64494932711775],[0.2495301281685443,36.646714796417406]]],[[[0.26765469299653183,36.65522949839669],[0.2618314042530318,36.65552834318889],[0.26465063524176596,36.65023193528994],[0.26765469299653183,36.65522949839669]]]]},"properties":{"speed":0.2317,"dir_deg":62.0,"type":"متوسط"}},{"type":"Feature","geometry":{"type":"MultiPolygon","coordinates":[[[[0.29115908739521434,36.64669367268196],[0.3040832511109888,36.65430721274213],[0.3050983897856785,36.652583990913364],[0.29217422606990406,36.644970450853194],[0.29115908739521434,36.64669367268196]]],[[[0.3088988750202584,36.655983448514476],[0.303068112436299,36.6560304345709],[0.30611352846036827,36.650860769084595],[0.3088988750202584,36.655983448514476]]]]},"properties":{"speed":0.2355,"dir_deg":59.5,"type":"متوسط"}},{"type":"Feature","geometry":{"type":"MultiPolygon","coordinates":[[[[0.3328161747144944,36.64668794533901],[0.3456544282859403,36.65444547363321],[0.34668876539183313,36.652733706490345],[0.3338505118203872,36.644976178196146],[0.3328161747144944,36.64668794533901]]],[[[0.35045101469603535,36.65617543282651],[0.34462009118004744,36.65615724077607],[0.347723102497726,36.65102193934749],[0.35045101469603535,36.65617543282651]]]]},"properties":{"speed":0.228,"dir_deg":58.9,"type":"متوسط"}},{"type":"Feature","geometry":{"type":"MultiPolygon","coordinates":[[[[0.374503050258828,36.64669984109134],[0.3875197401152603,36.65415408720892],[0.38851363959760427,36.6524185285614],[0.375496949741172,36.644964282443816],[0.374503050258828,36.64669984109134]]],[[[0.39235558647524305,36.65577105659102],[0.38652584063291634,36.65588964585645],[0.38950753907994823,36.65068296991387],[0.39235558647524305,36.65577105659102]]]]},"properties":{"speed":0.215,"dir_deg":60.2,"type":"متوسط"}},{"type":"Feature","geometry":{"type":"MultiPolygon","coordinates":[[[[0.41611933836423587,36.64666898625861],[0.4286732057297759,36.65487876178346],[0.4297678424664226,36.65320491280139],[0.41721397510088254,36.644995137276545],[0.41611933836423587,36.64666898625861]]],[[[0.4334051465532792,36.65677842913404],[0.4275785689931292,36.65655261076553],[0.4308624792030693,36.65153106381932],[0.4334051465532792,36.65677842913404]]]]},"properties":{"speed":0.2171,"dir_deg":56.8,"type":"متوسط"}},{"type":"Feature","geometry":{"type":"MultiPolygon","coordinates":[[[[0.4577844186392809,36.64666793361936],[0.4703224964159931,36.65490180304176],[0.47142034567231295,36.65323005933819],[0.4588822678956007,36.644996189915794],[0.4577844186392809,36.64666793361936]]],[[[0.4750507803030571,36.656810554330775],[0.46922464715967327,36.65657354674532],[0.4725181949286328,36.65155831563463],[0.4750507803030571,36.656810554330775]]]]},"properties":{"speed":0.2397,"dir_deg":56.7,"type":"متوسط"}},{"type":"Feature","geometry":{"type":"MultiPolygon","coordinates":[[[[0.4995190413989508,36.646708805073274],[0.5126701909843399,36.65392318408901],[0.5136321081864383,36.65216969747762],[0.5004809586010492,36.64495531846188],[0.4995190413989508,36.646708805073274]]],[[[0.5175348661138521,36.65545123378856],[0.5117082737822415,36.655676670700394],[0.5145940253885367,36.65041621086623],[0.5175348661138521,36.65545123378856]]]]},"properties":{"speed":0.2566,"dir_deg":61.3,"type":"متوسط"}},{"type":"Feature","geometry":{"type":"MultiPolygon","coordinates":[[[[0.5412118231496059,36.64672262299553],[0.5545702415689211,36.65354557377467],[0.5554799683394724,36.65176445131876],[0.5421215499201573,36.64494150053962],[0.5412118231496059,36.64672262299553]]],[[[0.5594779110939684,36.65492932947309],[0.5536605147983698,36.65532669623058],[0.5563896951100238,36.64998332886285],[0.5594779110939684,36.65492932947309]]]]},"properties":{"speed":0.2758,"dir_deg":62.9,"type":"متوسط"}},{"type":"Feature","geometry":{"type":"MultiPolygon","coordinates":[[[[0.5829189513536343,36.64674217387088],[0.5965706329030784,36.652957605543136],[0.5973993571260467,36.65113738133654],[0.5837476755766026,36.64492194966428],[0.5829189513536343,36.64674217387088]]],[[[0.601535555531044,36.65411930399726],[0.59574190868011,36.654777829749726],[0.5982280813490152,36.64931715712995],[0.601535555531044,36.65411930399726]]]]},"properties":{"speed":0.3083,"dir_deg":65.5,"type":"متوسط"}},{"type":"Feature","geometry":{"type":"MultiPolygon","coordinates":[[[[0.6246344655227397,36.646762859568355],[0.6385964325344166,36.65224587672726],[0.6393275014889371,36.6503842811257],[0.6253655344772603,36.6449012639668],[0.6246344655227397,36.646762859568355]]],[[[0.6436159560155692,36.653142751312785],[0.6378653635798959,36.65410747232882],[0.6400585704434578,36.64852268552414],[0.6436159560155692,36.653142751312785]]]]},"properties":{"speed":0.3488,"dir_deg":68.6,"type":"متوسط"}},{"type":"Feature","geometry":{"type":"MultiPolygon","coordinates":[[[[0.6663470583418355,36.64677960481051],[0.6805602039858256,36.651574027706204],[0.6811994603719178,36.64967894162034],[0.6669863147279277,36.644884518724645],[0.6663470583418355,36.64677960481051]]],[[[0.6856175473935351,36.6522246256285],[0.6799209475997335,36.65346911379207],[0.6818387167580099,36.64778385553447],[0.6856175473935351,36.6522246256285]]]]},"properties":{"speed":0.396,"dir_deg":71.4,"type":"متوسط"}},{"type":"Feature","geometry":{"type":"MultiPolygon","coordinates":[[[[0.7080631780274023,36.64679488410077],[0.7225055130252558,36.65084691566651],[0.7230457839006881,36.64892127100013],[0.7086034489028346,36.644869239434385],[0.7080631780274023,36.64679488410077]]],[[[0.7275897601289231,36.6512347705219],[0.7219652421498234,36.65277256033289],[0.7235860547761205,36.64699562633375],[0.7275897601289231,36.6512347705219]]]]},"properties":{"speed":0.4462,"dir_deg":74.3,"type":"قوي"}},{"type":"Feature","geometry":{"type":"MultiPolygon","coordinates":[[[[0.749765487133838,36.64680417478344],[0.764347182371738,36.65032186777587],[0.7648162081040621,36.64837764174415],[0.750234512866162,36.644859948751716],[0.749765487133838,36.64680417478344]]],[[[0.7694422603172002,36.65052231909082],[0.7638781566394138,36.65226609380759],[0.7652852338363864,36.64643341571243],[0.7694422603172002,36.65052231909082]]]]},"properties":{"speed":0.493,"dir_deg":76.4,"type":"قوي"}},{"type":"Feature","geometry":{"type":"MultiPolygon","coordinates":[[[[0.7914783801679658,36.64681417210363],[0.8062100352087367,36.64963876760737],[0.8065866479425683,36.647674546935264],[0.7918549929017974,36.644849951431524],[0.7914783801679658,36.64681417210363]]],[[[0.8113088932559095,36.649598189105895],[0.8058334224749052,36.65160298827947],[0.8069632606763998,36.64571032626316],[0.8113088932559095,36.649598189105895]]]]},"properties":{"speed":0.519,"dir_deg":79.1,"type":"قوي"}},{"type":"Feature","geometry":{"type":"MultiPolygon","coordinates":[[[[0.8331896741407203,36.64682169187246],[0.8480341257139328,36.648976281738435],[0.848321404362729,36.64699702152867],[0.8334769527895165,36.644842431662696],[0.8331896741407203,36.64682169187246]]],[[[0.8531259155627351,36.64870484825554],[0.8477468470651365,36.65095554194819],[0.8486086830115253,36.64501776131891],[0.8531259155627351,36.64870484825554]]]]},"properties":{"speed":0.5173,"dir_deg":81.7,"type":"قوي"}},{"type":"Feature","geometry":{"type":"MultiPolygon","coordinates":[[[[0.8748931905698669,36.6468263412784],[0.8898073832321532,36.648428482730395],[0.8900210020924194,36.646439923708755],[0.8751068094301331,36.64483778225676],[0.8748931905698669,36.6468263412784]]],[[[0.8948855902163818,36.64796825037024],[0.8895937643718871,36.650417041752036],[0.8902346209526856,36.644451364687114],[0.8948855902163818,36.64796825037024]]]]},"properties":{"speed":0.5045,"dir_deg":83.9,"type":"قوي"}},{"type":"Feature","geometry":{"type":"MultiPolygon","coordinates":[[[[0.9166137849078664,36.646830661496125],[0.931592780836109,36.64762418590136],[0.9316985840901394,36.64562698644426],[0.9167195881618968,36.64483346203903],[0.9166137849078664,36.646830661496125]]],[[[0.9366386811058717,36.646890094307885],[0.9314869775820785,36.64962138535846],[0.9318043873441698,36.64362978698716],[0.9366386811058717,36.646890094307885]]]]},"properties":{"speed":0.4946,"dir_deg":87.0,"type":"قوي"}},{"type":"Feature","geometry":{"type":"MultiPolygon","coordinates":[[[[0.9583591326334132,36.64683172839729],[0.9733541320790093,36.64644444087287],[0.9733024937424197,36.64444510761345],[0.9583074942968236,36.64483239513787],[0.9583591326334132,36.64683172839729]]],[[[0.9783266460592466,36.64531567840168],[0.9734057704155988,36.64844377413228],[0.9732508554058302,36.64244577435404],[0.9783266460592466,36.64531567840168]]]]},"properties":{"speed":0.4898,"dir_deg":91.5,"type":"قوي"}},{"type":"Feature","geometry":{"type":"MultiPolygon","coordinates":[[[[1.0001044480134376,36.646826592115275],[1.0150224032288824,36.645259871913716],[1.0148135072020072,36.64327081121832],[0.9998955519865625,36.64483753141988],[1.0001044480134376,36.646826592115275]]],[[[1.0198906069539264,36.64374310149883],[1.0152312992557573,36.64724893260911],[1.0146046111751323,36.64128175052293],[1.0198906069539264,36.64374310149883]]]]},"properties":{"speed":0.4899,"dir_deg":96.0,"type":"قوي"}},{"type":"Feature","geometry":{"type":"MultiPolygon","coordinates":[[[[-0.41588963650610705,36.68812947562914],[-0.40644750206897085,36.67647417223236],[-0.40800154252187515,36.67521522097408],[-0.41744367695901136,36.68687052437086],[-0.41588963650610705,36.68812947562914]]],[[[-0.4040771441497109,36.67195959547096],[-0.40489346161606654,36.67773312349065],[-0.40955558297477945,36.673956269715795],[-0.4040771441497109,36.67195959547096]]]]},"properties":{"speed":0.1109,"dir_deg":141.0,"type":"ضعيف"}},{"type":"Feature","geometry":{"type":"MultiPolygon","coordinates":[[[[-0.3741835897354137,36.68807747231958],[-0.3655215049417521,36.67583131835078],[-0.3671543254709247,36.67467637371163],[-0.3758164102645863,36.68692252768042],[-0.3741835897354137,36.68807747231958]]],[[[-0.3634505536084512,36.67117179470827],[-0.36388868441257954,36.676986262989935],[-0.36878714600009727,36.67352142907247],[-0.3634505536084512,36.67117179470827]]]]},"properties":{"speed":0.0791,"dir_deg":144.7,"type":"ضعيف"}},{"type":"Feature","geometry":{"type":"MultiPolygon","coordinates":[[[[-0.3324171355846718,36.68790070373349],[-0.32640657958228086,36.67415758849195],[-0.3282389949478189,36.67335618102497],[-0.3342495509502098,36.68709929626651],[-0.3324171355846718,36.68790070373349]]],[[[-0.3253192685975862,36.66917584634462],[-0.3245741642167428,36.67495899595894],[-0.33007141031335696,36.672554773557984],[-0.3253192685975862,36.66917584634462]]]]},"properties":{"speed":0.0424,"dir_deg":156.4,"type":"ضعيف"}},{"type":"Feature","geometry":{"type":"MultiPolygon","coordinates":[[[[-0.29208366726657214,36.686591098347165],[-0.30571719205906445,36.692846256357356],[-0.30488317099103857,36.694664059663026],[-0.29124964619854626,36.688408901652835],[-0.29208366726657214,36.686591098347165]]],[[[-0.3098446897892156,36.69584021068026],[-0.3065512131270904,36.69102845305169],[-0.30404914992301263,36.69648186296869],[-0.3098446897892156,36.69584021068026]]]]},"properties":{"speed":0.0051,"dir_deg":294.6,"type":"ضعيف"}},{"type":"Feature","geometry":{"type":"MultiPolygon","coordinates":[[[[-0.25099077908945,36.68736451274633],[-0.2530230878945871,36.70222619908808],[-0.2510415297156871,36.702497173595425],[-0.24900922091055,36.68763548725367],[-0.25099077908945,36.68736451274633]]],[[[-0.2527097450735161,36.707315581789],[-0.2550046460734871,36.70195522458073],[-0.24905997153678708,36.70276814810278],[-0.2527097450735161,36.707315581789]]]]},"properties":{"speed":0.052,"dir_deg":352.2,"type":"ضعيف"}},{"type":"Feature","geometry":{"type":"MultiPolygon","coordinates":[[[[-0.20932894125546117,36.68759356802283],[-0.2079254209130745,36.70252776136055],[-0.20593419513471137,36.702340625314896],[-0.20733771547709803,36.68740643197717],[-0.20932894125546117,36.68759356802283]]],[[[-0.20646196790976404,36.70741225778363],[-0.20991664669143764,36.7027148974062],[-0.20394296935634823,36.70215348926924],[-0.20646196790976404,36.70741225778363]]]]},"properties":{"speed":0.0806,"dir_deg":5.4,"type":"ضعيف"}},{"type":"Feature","geometry":{"type":"MultiPolygon","coordinates":[[[[-0.1676405027563573,36.68772727284172],[-0.1642314101305489,36.70233473968128],[-0.16228374788527508,36.70188019399784],[-0.1656928405110835,36.68727272715828],[-0.1676405027563573,36.68772727284172]]],[[[-0.16212121479930922,36.706976622452736],[-0.16617907237582272,36.702789285364716],[-0.16033608564000126,36.7014256483144],[-0.16212121479930922,36.706976622452736]]]]},"properties":{"speed":0.0842,"dir_deg":13.1,"type":"ضعيف"}},{"type":"Feature","geometry":{"type":"MultiPolygon","coordinates":[[[[-0.1259808538536894,36.68769474526362],[-0.12305967489938008,36.70240755306896],[-0.12109796719200128,36.70201806254172],[-0.1240191461463106,36.68730525473638],[-0.1259808538536894,36.68769474526362]]],[[[-0.12110509472758756,36.70711707707379],[-0.12502138260675885,36.7027970435962],[-0.1191362594846225,36.70162857201448],[-0.12110509472758756,36.70711707707379]]]]},"properties":{"speed":0.0781,"dir_deg":11.2,"type":"ضعيف"}},{"type":"Feature","geometry":{"type":"MultiPolygon","coordinates":[[[[-0.08432818697066205,36.68760134683902],[-0.08280798438537894,36.702524114146044],[-0.08081828207777524,36.70232142046801],[-0.08233848466305835,36.68739865316098],[-0.08432818697066205,36.68760134683902]]],[[[-0.08130639903648272,36.707397023076034],[-0.08479768669298265,36.702726807824085],[-0.07882857977017152,36.70211872678997],[-0.08130639903648272,36.707397023076034]]]]},"properties":{"speed":0.082,"dir_deg":5.8,"type":"ضعيف"}},{"type":"Feature","geometry":{"type":"MultiPolygon","coordinates":[[[[-0.04264992017113443,36.6876822497953],[-0.03991617324163722,36.70243103373586],[-0.03794966871622857,36.70206653414526],[-0.04068341564572577,36.6873177502047],[-0.04264992017113443,36.6876822497953]]],[[[-0.03802167200243383,36.70716504525409],[-0.04188267776704587,36.70279553332646],[-0.03598316419081992,36.701702034554664],[-0.03802167200243383,36.70716504525409]]]]},"properties":{"speed":0.0928,"dir_deg":10.5,"type":"ضعيف"}},{"type":"Feature","geometry":{"type":"MultiPolygon","coordinates":[[[[-0.0009151787307375522,36.68790304824873],[0.00513054500023632,36.70163072920979],[0.006960902461711424,36.70082463271233],[0.0009151787307375522,36.68709695175127],[-0.0009151787307375522,36.68790304824873]]],[[[0.008060964974631829,36.70580357461475],[0.0033001875387612153,36.70243682570725],[0.008791259923186528,36.70001853621487],[0.008060964974631829,36.70580357461475]]]]},"properties":{"speed":0.1047,"dir_deg":23.8,"type":"ضعيف"}},{"type":"Feature","geometry":{"type":"MultiPolygon","coordinates":[[[[0.04091149611021914,36.688155526929414],[0.05074440005142777,36.69948310390258],[0.05225474364784969,36.69817205004375],[0.04242183970664106,36.686844473070586],[0.04091149611021914,36.688155526929414]]],[[[0.05477720649670827,36.70260343596422],[0.04923405645500585,36.70079415776141],[0.053765087244271606,36.696860996184924],[0.05477720649670827,36.70260343596422]]]]},"properties":{"speed":0.1157,"dir_deg":41.0,"type":"ضعيف"}},{"type":"Feature","geometry":{"type":"MultiPolygon","coordinates":[[[[0.08280078002708433,36.68834639490238],[0.09549670356279627,36.69633473174902],[0.09656181514234802,36.694641941944255],[0.08386589160663607,36.68665360509762],[0.08280078002708433,36.68834639490238]]],[[[0.10026123386447612,36.69815111579552],[0.09443159198324452,36.698027521553776],[0.09762692672189976,36.6929491521395],[0.10026123386447612,36.69815111579552]]]]},"properties":{"speed":0.1248,"dir_deg":57.8,"type":"ضعيف"}},{"type":"Feature","geometry":{"type":"MultiPolygon","coordinates":[[[[0.12463390056286278,36.68843057573691],[0.13859253661653065,36.69392206729397],[0.1393247354908051,36.69206091582015],[0.12536609943713722,36.68656942426309],[0.12463390056286278,36.68843057573691]]],[[[0.1436115147382238,36.694821988742746],[0.1378603377422562,36.695783218767794],[0.14005693436507954,36.690199764346325],[0.1436115147382238,36.694821988742746]]]]},"properties":{"speed":0.1341,"dir_deg":68.5,"type":"ضعيف"}},{"type":"Feature","geometry":{"type":"MultiPolygon","coordinates":[[[[0.16634116247510425,36.688445538887436],[0.18052424578667037,36.693328176266675],[0.18117526410390267,36.691437098491804],[0.16699218079233655,36.686554461112564],[0.16634116247510425,36.688445538887436]]],[[[0.18557744938247522,36.694010183172324],[0.17987322746943804,36.695219254041554],[0.181826282421135,36.689546020716925],[0.18557744938247522,36.694010183172324]]]]},"properties":{"speed":0.1466,"dir_deg":71.0,"type":"ضعيف"}},{"type":"Feature","geometry":{"type":"MultiPolygon","coordinates":[[[[0.20795679325472227,36.688426402347666],[0.22185282846974014,36.69407442902103],[0.2226058986928548,36.6922216243257],[0.20870986347783693,36.686573597652334],[0.20795679325472227,36.688426402347666]]],[[[0.22686137531963677,36.69503070223114],[0.2210997582466255,36.69592723371637],[0.22335896891596943,36.69036881963036],[0.22686137531963677,36.69503070223114]]]]},"properties":{"speed":0.1636,"dir_deg":67.9,"type":"ضعيف"}},{"type":"Feature","geometry":{"type":"MultiPolygon","coordinates":[[[[0.24956500555598,36.6884004331367],[0.26307150260651607,36.694925349796996],[0.2639414914945561,36.6931244835236],[0.25043499444402,36.6865995668633],[0.24956500555598,36.6884004331367]]],[[[0.2680086627340481,36.6961998888804],[0.2622015137184761,36.6967262160704],[0.26481148038259605,36.69132361725019],[0.2680086627340481,36.6961998888804]]]]},"properties":{"speed":0.1848,"dir_deg":64.2,"type":"ضعيف"}},{"type":"Feature","geometry":{"type":"MultiPolygon","coordinates":[[[[0.2912157575106299,36.68839257486614],[0.3046043805027189,36.695156063195085],[0.3055061789465775,36.6933709134628],[0.2921175559544885,36.68660742513386],[0.2912157575106299,36.68839257486614]]],[[[0.30951815405534455,36.696517984438586],[0.3037025820588602,36.69694121292736],[0.3064079773904362,36.69158576373052],[0.30951815405534455,36.696517984438586]]]]},"properties":{"speed":0.1945,"dir_deg":63.2,"type":"ضعيف"}},{"type":"Feature","geometry":{"type":"MultiPolygon","coordinates":[[[[0.33287911198594244,36.68839088379877],[0.3462423689674715,36.69520435302124],[0.3471508315304682,36.693422585423704],[0.33378757454893915,36.68660911620123],[0.33287911198594244,36.68839088379877]]],[[[0.3511510192428129,36.69658462562997],[0.34533390640447487,36.696986120618774],[0.34805929409346487,36.69164081782617],[0.3511510192428129,36.69658462562997]]]]},"properties":{"speed":0.199,"dir_deg":63.0,"type":"ضعيف"}},{"type":"Feature","geometry":{"type":"MultiPolygon","coordinates":[[[[0.37461387291244314,36.68842244559311],[0.3884505568091483,36.69421435190647],[0.38922281098426204,36.69236946072024],[0.37538612708755686,36.68657755440689],[0.37461387291244314,36.68842244559311]]],[[[0.39344891186227354,36.695222541751136],[0.3876783026340345,36.6960592430927],[0.3899950651593758,36.69052456953401],[0.39344891186227354,36.695222541751136]]]]},"properties":{"speed":0.2027,"dir_deg":67.3,"type":"ضعيف"}},{"type":"Feature","geometry":{"type":"MultiPolygon","coordinates":[[[[0.4163067458187968,36.68843298667416],[0.4303015459311531,36.693831650380595],[0.43102136775867794,36.69196567703228],[0.4170265676463216,36.68656701332584],[0.4163067458187968,36.68843298667416]]],[[[0.435326390215701,36.69469821827525],[0.42958172410362827,36.69569762372891],[0.4317411895862028,36.69009970368396],[0.435326390215701,36.69469821827525]]]]},"properties":{"speed":0.2053,"dir_deg":68.9,"type":"ضعيف"}},{"type":"Feature","geometry":{"type":"MultiPolygon","coordinates":[[[[0.45797372879283926,36.68843310097506],[0.4719702434187323,36.69382731809409],[0.47268947236793535,36.691961116143965],[0.45869295774204233,36.68656689902494],[0.45797372879283926,36.68843310097506]]],[[[0.47699536276863147,36.69469228949203],[0.47125101446952916,36.6956935200442],[0.47340870131713847,36.69009491419385],[0.47699536276863147,36.69469228949203]]]]},"properties":{"speed":0.2138,"dir_deg":68.9,"type":"متوسط"}},{"type":"Feature","geometry":{"type":"MultiPolygon","coordinates":[[[[0.4997023366948608,36.688454670915434],[0.5140224004263554,36.69291962049252],[0.5146177270366337,36.69101027866165],[0.5002976633051391,36.686545329084566],[0.4997023366948608,36.688454670915434]]],[[[0.5190934183086594,36.693453266102786],[0.513427073816077,36.694828962323385],[0.5152130536469121,36.68910093683078],[0.5190934183086594,36.693453266102786]]]]},"properties":{"speed":0.2173,"dir_deg":72.7,"type":"متوسط"}},{"type":"Feature","geometry":{"type":"MultiPolygon","coordinates":[[[[0.5413667772865132,36.68845396773674],[0.5556762933376311,36.69295260646226],[0.556276111834368,36.69104467098878],[0.54196659578325,36.68654603226326],[0.5413667772865132,36.68845396773674]]],[[[0.5607460412697055,36.69349818496737],[0.5550764748408944,36.694860541935746],[0.5568759303311047,36.6891367355153],[0.5607460412697055,36.69349818496737]]]]},"properties":{"speed":0.2193,"dir_deg":72.5,"type":"متوسط"}},{"type":"Feature","geometry":{"type":"MultiPolygon","coordinates":[[[[0.583033328511627,36.6884539439332],[0.5973424875095462,36.692953718235565],[0.597942457416529,36.69104583036917],[0.5836332984186098,36.6865460560668],[0.583033328511627,36.6884539439332]]],[[[0.6024121921290106,36.693499699069825],[0.5967425176025636,36.69486160610195],[0.5985424273235116,36.68913794250278],[0.6024121921290106,36.693499699069825]]]]},"properties":{"speed":0.2358,"dir_deg":72.5,"type":"متوسط"}},{"type":"Feature","geometry":{"type":"MultiPolygon","coordinates":[[[[0.6247374092397598,36.68846490729743],[0.6392110187012319,36.692403768701034],[0.6397362002217122,36.690473954106174],[0.6252625907602402,36.68653509270257],[0.6247374092397598,36.68846490729743]]],[[[0.6442981459486294,36.6927518152048],[0.6386858371807516,36.6943335832959],[0.6402613817421925,36.68854413951131],[0.6442981459486294,36.6927518152048]]]]},"properties":{"speed":0.2623,"dir_deg":74.8,"type":"متوسط"}},{"type":"Feature","geometry":{"type":"MultiPolygon","coordinates":[[[[0.6664340780336501,36.68847257045254],[0.6810226348217573,36.69196169797101],[0.6814878518242203,36.69001655706593],[0.6668992950361131,36.68652742954746],[0.6664340780336501,36.68847257045254]]],[[[0.6861180955856913,36.692152170024634],[0.6805574178192941,36.69390683887609],[0.6819530688266835,36.68807141616085],[0.6861180955856913,36.692152170024634]]]]},"properties":{"speed":0.2949,"dir_deg":76.5,"type":"متوسط"}},{"type":"Feature","geometry":{"type":"MultiPolygon","coordinates":[[[[0.708153221376245,36.688483649754495],[0.7229079676937245,36.6911850310876],[0.7232681518714712,36.68921773157861],[0.7085134055539918,36.686516350245505],[0.708153221376245,36.688483649754495]]],[[[0.728006308555091,36.69110184177747],[0.7225477835159776,36.6931523305966],[0.7236283360492181,36.68725043206961],[0.728006308555091,36.69110184177747]]]]},"properties":{"speed":0.324,"dir_deg":79.6,"type":"متوسط"}},{"type":"Feature","geometry":{"type":"MultiPolygon","coordinates":[[[[0.7498609011661108,36.68849027850346],[0.7647150787179783,36.6905767610118],[0.7649932763857566,36.68859620400488],[0.7501390988338892,36.68650972149654],[0.7498609011661108,36.68849027850346]]],[[[0.7698055700691566,36.69028197667778],[0.7644368810502,36.692557318018714],[0.7652714740535349,36.686615646997964],[0.7698055700691566,36.69028197667778]]]]},"properties":{"speed":0.3452,"dir_deg":82.0,"type":"متوسط"}},{"type":"Feature","geometry":{"type":"MultiPolygon","coordinates":[[[[0.7915863435967678,36.68849676728091],[0.8065378528104369,36.689701911352614],[0.8066985386866644,36.687708376790795],[0.7917470294729954,36.68650323271909],[0.7915863435967678,36.68849676728091]]],[[[0.811602032153107,36.68910685876227],[0.8063771669342094,36.69169544591444],[0.8068592245628919,36.68571484222897],[0.811602032153107,36.68910685876227]]]]},"properties":{"speed":0.3601,"dir_deg":85.4,"type":"متوسط"}},{"type":"Feature","geometry":{"type":"MultiPolygon","coordinates":[[[[0.8333331709470198,36.688499999989844],[0.8483331707946842,36.688502137761326],[0.8483334558308815,36.68650213778164],[0.8333334559832171,36.686500000010156],[0.8333331709470198,36.688499999989844]]],[[[0.8533333132620043,36.68750285036197],[0.8483328857584869,36.690502137741014],[0.8483337408670788,36.68450213780195],[0.8533333132620043,36.68750285036197]]]]},"properties":{"speed":0.3646,"dir_deg":90.0,"type":"متوسط"}},{"type":"Feature","geometry":{"type":"MultiPolygon","coordinates":[[[[0.8750954448830786,36.68849543471624],[0.8900269656266658,36.68706376147006],[0.8898360758605087,36.68507289203758],[0.8749045551169214,36.68650456528376],[0.8750954448830786,36.68849543471624]]],[[[0.894908694324783,36.68559110233843],[0.8902178553928229,36.68905463090254],[0.8896451860943516,36.6830820226051],[0.894908694324783,36.68559110233843]]]]},"properties":{"speed":0.3659,"dir_deg":95.5,"type":"متوسط"}},{"type":"Feature","geometry":{"type":"MultiPolygon","coordinates":[[[[0.9168270398626926,36.688487059679176],[0.9316329350503699,36.68608175976201],[0.9313122283947478,36.68410764040366],[0.9165063332070705,36.686512940320824],[0.9168270398626926,36.688487059679176]]],[[[0.9364078801184513,36.68429293344378],[0.9319536417059919,36.68805587912037],[0.9309915217391258,36.6821335210453],[0.9364078801184513,36.68429293344378]]]]},"properties":{"speed":0.3813,"dir_deg":99.2,"type":"متوسط"}},{"type":"Feature","geometry":{"type":"MultiPolygon","coordinates":[[[[0.9585210675258505,36.688482216072295],[0.9732543086103058,36.685665905161315],[0.9728788004888416,36.683701473016725],[0.9581455594043863,36.686517783927705],[0.9585210675258505,36.688482216072295]]],[[[0.9779776349110587,36.68374491878536],[0.9736298167317702,36.68763033730591],[0.9725032923673772,36.68173704087213],[0.9779776349110587,36.68374491878536]]]]},"properties":{"speed":0.412,"dir_deg":100.8,"type":"متوسط"}},{"type":"Feature","geometry":{"type":"MultiPolygon","coordinates":[[[[1.0002078469238267,36.68847816136514],[1.0148802674009518,36.68536045750774],[1.0144645735532984,36.68340413477746],[0.9997921530761734,36.68652183863486],[1.0002078469238267,36.68847816136514]]],[[[1.0195632273028334,36.683343061523466],[1.015295961248605,36.68731678023803],[1.0140488797056453,36.681447812047175],[1.0195632273028334,36.683343061523466]]]]},"properties":{"speed":0.4452,"dir_deg":102.0,"type":"قوي"}}]}