{"type":"FeatureCollection","date":"2026-09-02","features":[{"type":"Feature","geometry":{"type":"MultiPolygon","coordinates":[[[[-0.25083016180098827,35.853610415691016],[-0.2591929999221339,35.86606284270584],[-0.25753267632015736,35.86717788778865],[-0.24916983819901176,35.85472546077383],[-0.25083016180098827,35.853610415691016]]],[[[-0.2611504508281942,35.870771174252184],[-0.2608533235241104,35.86494779762302],[-0.2558723527181809,35.86829293287147],[-0.2611504508281942,35.870771174252184]]]]},"properties":{"speed":0.0303,"dir_deg":326.1,"type":"ضعيف"}},{"type":"Feature","geometry":{"type":"MultiPolygon","coordinates":[[[[-0.20924196877660653,35.853750358773254],[-0.21550566066415994,35.86737996492816],[-0.21368837984350608,35.8682151238465],[-0.20742468795595267,35.85458551769159],[-0.20924196877660653,35.853750358773254]]],[[[-0.21668491754968414,35.87234074643896],[-0.21732294148481382,35.86654480600982],[-0.2118710990228522,35.86905028276484],[-0.21668491754968414,35.87234074643896]]]]},"properties":{"speed":0.0253,"dir_deg":335.3,"type":"ضعيف"}},{"type":"Feature","geometry":{"type":"MultiPolygon","coordinates":[[[[-0.1674002785904347,35.854847512240944],[-0.15720666846258566,35.865851616591655],[-0.15573945454915708,35.86449246857461],[-0.1659330646770061,35.8534883642239],[-0.1674002785904347,35.854847512240944]]],[[[-0.15307519146325502,35.868840077366706],[-0.15867388237601426,35.8672107646087],[-0.15427224063572847,35.863133320557566],[-0.15307519146325502,35.868840077366706]]]]},"properties":{"speed":0.0095,"dir_deg":42.8,"type":"ضعيف"}},{"type":"Feature","geometry":{"type":"MultiPolygon","coordinates":[[[[-0.12477580304323209,35.85514248208704],[-0.11015764522394439,35.85177952773552],[-0.11060603913748021,35.84983044002629],[-0.1252241969567679,35.853193394377804],[-0.12477580304323209,35.85514248208704]]],[[[-0.10550912290761641,35.84968399909707],[-0.10970925131040858,35.853728615444766],[-0.11105443305101602,35.847881352317046],[-0.10550912290761641,35.84968399909707]]]]},"properties":{"speed":0.0205,"dir_deg":103.0,"type":"ضعيف"}},{"type":"Feature","geometry":{"type":"MultiPolygon","coordinates":[[[[-0.08384457195340898,35.85502737852278],[-0.07095296759807361,35.86269592057101],[-0.06993049532497604,35.860977039990296],[-0.08282209968031141,35.853308497942066],[-0.08384457195340898,35.85502737852278]]],[[[-0.06614453000974638,35.8643926609634],[-0.07197543987117117,35.86441480115172],[-0.06890802305187849,35.859258159409585],[-0.06614453000974638,35.8643926609634]]]]},"properties":{"speed":0.0084,"dir_deg":59.3,"type":"ضعيف"}},{"type":"Feature","geometry":{"type":"MultiPolygon","coordinates":[[[[-0.042337358188493435,35.853426200712654],[-0.05346342098498287,35.86348655491361],[-0.0521220404248562,35.86497002995314],[-0.040995977628366764,35.85490967575219],[-0.042337358188493435,35.853426200712654]]],[[[-0.05650141830374934,35.86758174383369],[-0.05480480154510955,35.86200307987408],[-0.05078065986472952,35.86645350499267],[-0.05650141830374934,35.86758174383369]]]]},"properties":{"speed":0.0113,"dir_deg":312.1,"type":"ضعيف"}},{"type":"Feature","geometry":{"type":"MultiPolygon","coordinates":[[[[-0.29266406932732664,35.895903951376],[-0.29158572520097525,35.91086514029751],[-0.2895909000114404,35.91072136108067],[-0.29066924413779177,35.89576017215916],[-0.29266406932732664,35.895903951376]]],[[[-0.2902288645640907,35.91578031366293],[-0.2935805503905102,35.91100891951436],[-0.28759607482190547,35.91057758186382],[-0.2902288645640907,35.91578031366293]]]]},"properties":{"speed":0.0253,"dir_deg":4.1,"type":"ضعيف"}},{"type":"Feature","geometry":{"type":"MultiPolygon","coordinates":[[[[-0.25096460929123515,35.89609574512933],[-0.2470093588650126,35.91056488449786],[-0.2450801402825423,35.910037517774356],[-0.24903539070876485,35.89556837840583],[-0.25096460929123515,35.89609574512933]]],[[[-0.2447263327650366,35.91512424759228],[-0.2489385774474829,35.911092251221355],[-0.243150921700072,35.90951015105086],[-0.2447263327650366,35.91512424759228]]]]},"properties":{"speed":0.0329,"dir_deg":15.3,"type":"ضعيف"}},{"type":"Feature","geometry":{"type":"MultiPolygon","coordinates":[[[[-0.2092317457765312,35.896271204292226],[-0.2026446079067668,35.909747465446],[-0.20084777308626361,35.90886918039671],[-0.207434910956028,35.89539291924293],[-0.2092317457765312,35.896271204292226]]],[[[-0.1995504778732604,35.91380040997261],[-0.20444144272727,35.910625750495306],[-0.19905093826576042,35.9079908953474],[-0.1995504778732604,35.91380040997261]]]]},"properties":{"speed":0.032,"dir_deg":26.0,"type":"ضعيف"}},{"type":"Feature","geometry":{"type":"MultiPolygon","coordinates":[[[[-0.16760443679722134,35.89617933183269],[-0.1623953858205163,35.91024580928521],[-0.1605198554935144,35.90955126915498],[-0.16572890647021946,35.895484791702465],[-0.16760443679722134,35.89617933183269]]],[[[-0.159721270331447,35.9145873650376],[-0.16427091614751818,35.910940349415434],[-0.15864432516651253,35.908856729024755],[-0.159721270331447,35.9145873650376]]]]},"properties":{"speed":0.0147,"dir_deg":20.3,"type":"ضعيف"}},{"type":"Feature","geometry":{"type":"MultiPolygon","coordinates":[[[[-0.12574275384391945,35.89650162634799],[-0.11569928513773302,35.90764293400678],[-0.1142137774498941,35.906303804845955],[-0.12425724615608054,35.895162497187165],[-0.12574275384391945,35.89650162634799]]],[[[-0.11160870839175141,35.91068713864597],[-0.11718479282557193,35.908982063167606],[-0.11272826976205519,35.90496467568513],[-0.11160870839175141,35.91068713864597]]]]},"properties":{"speed":0.0037,"dir_deg":42.0,"type":"ضعيف"}},{"type":"Feature","geometry":{"type":"MultiPolygon","coordinates":[[[[-0.08401939958868322,35.896559603176016],[-0.073106278462113,35.90685055975336],[-0.07173415091846695,35.905395476936484],[-0.08264727204503718,35.89510452035914],[-0.08401939958868322,35.896559603176016]]],[[[-0.0687825076480999,35.90955333720404],[-0.07447840600575904,35.908305642570234],[-0.0703620233748209,35.90394039411961],[-0.0687825076480999,35.90955333720404]]]]},"properties":{"speed":0.0179,"dir_deg":46.7,"type":"ضعيف"}},{"type":"Feature","geometry":{"type":"MultiPolygon","coordinates":[[[[-0.04255697757014233,35.896287417349804],[-0.035726643836793956,35.90964206227549],[-0.03394602451336949,35.90873135111104],[-0.04077635824671787,35.89537670618535],[-0.04255697757014233,35.896287417349804]]],[[[-0.032559556263965596,35.91363825500182],[-0.03750726316021842,35.91055277343993],[-0.032165405189945026,35.90782063994659],[-0.032559556263965596,35.91363825500182]]]]},"properties":{"speed":0.0296,"dir_deg":27.1,"type":"ضعيف"}},{"type":"Feature","geometry":{"type":"MultiPolygon","coordinates":[[[[-0.0009704680056719583,35.89607329163714],[0.00264798003770184,35.910630311722215],[0.004588916049045757,35.9101478519831],[0.0009704680056719583,35.89559083189802],[-0.0009704680056719583,35.89607329163714]]],[[[0.0048245973911650655,35.91524142188102],[0.0007070440263579241,35.91111277146133],[0.006529852060389673,35.90966539224398],[0.0048245973911650655,35.91524142188102]]]]},"properties":{"speed":0.0341,"dir_deg":14.0,"type":"ضعيف"}},{"type":"Feature","geometry":{"type":"MultiPolygon","coordinates":[[[[-0.416968994608908,35.93845320082277],[-0.4026709822673937,35.942988268968],[-0.40206630651469605,35.94108186732246],[-0.4163643188562104,35.93654679917723],[-0.416968994608908,35.93845320082277]]],[[[-0.3976026402772067,35.943546757526974],[-0.40327565802009135,35.944894670613536],[-0.40146163076199837,35.939175465676925],[-0.3976026402772067,35.943546757526974]]]]},"properties":{"speed":0.3269,"dir_deg":72.4,"type":"متوسط"}},{"type":"Feature","geometry":{"type":"MultiPolygon","coordinates":[[[[-0.37530936781044855,35.9384509424577],[-0.3610452309449347,35.94309145961443],[-0.3604264953240376,35.94118957469903],[-0.37469063218955145,35.9365490575423],[-0.37530936781044855,35.9384509424577]]],[[[-0.35598115084598153,35.94368735620897],[-0.3616639665658318,35.944993344529834],[-0.3598077597031405,35.939287689783626],[-0.35598115084598153,35.94368735620897]]]]},"properties":{"speed":0.2217,"dir_deg":72.0,"type":"متوسط"}},{"type":"Feature","geometry":{"type":"MultiPolygon","coordinates":[[[[-0.3337297845259517,35.93841806008984],[-0.3199588831784068,35.9443646789675],[-0.319166000661385,35.94252855878783],[-0.3329369020089299,35.93658193991016],[-0.3337297845259517,35.93841806008984]]],[[[-0.3149721414707143,35.94542882517022],[-0.3207517656954287,35.94620079914717],[-0.31837311814436314,35.94069243860816],[-0.3149721414707143,35.94542882517022]]]]},"properties":{"speed":0.164,"dir_deg":66.6,"type":"ضعيف"}},{"type":"Feature","geometry":{"type":"MultiPolygon","coordinates":[[[[-0.29210724746255085,35.93839770808654],[-0.2786416261643995,35.945006569036416],[-0.27776044470441624,35.943211152863334],[-0.29122606600256756,35.93660229191346],[-0.29210724746255085,35.93839770808654]]],[[[-0.27371249500169076,35.94631181459983],[-0.27952280762438275,35.946801985209504],[-0.276879263244433,35.941415736690246],[-0.27371249500169076,35.94631181459983]]]]},"properties":{"speed":0.0953,"dir_deg":63.9,"type":"ضعيف"}},{"type":"Feature","geometry":{"type":"MultiPolygon","coordinates":[[[[-0.25080383558257796,35.938094851541294],[-0.24188106246314636,35.950152385279964],[-0.24027339129799044,35.948962682197376],[-0.24919616441742204,35.936905148458706],[-0.25080383558257796,35.938094851541294]]],[[[-0.2381029691740912,35.95357671165156],[-0.24348873362830226,35.95134208836256],[-0.23866572013283455,35.94777297911478],[-0.2381029691740912,35.95357671165156]]]]},"properties":{"speed":0.0601,"dir_deg":36.5,"type":"ضعيف"}},{"type":"Feature","geometry":{"type":"MultiPolygon","coordinates":[[[[-0.2092392336328593,35.93792348039858],[-0.20288702765412941,35.951512059397274],[-0.20107521712097004,35.95066509860011],[-0.20742742309969991,35.93707651960142],[-0.2092392336328593,35.93792348039858]]],[[[-0.1998637203946398,35.955618105331595],[-0.20469883818728882,35.952359020194436],[-0.19926340658781064,35.94981813780295],[-0.1998637203946398,35.955618105331595]]]]},"properties":{"speed":0.0504,"dir_deg":25.1,"type":"ضعيف"}},{"type":"Feature","geometry":{"type":"MultiPolygon","coordinates":[[[[-0.16765135339370027,35.93732563878997],[-0.1702667715441413,35.95209586518967],[-0.16829740802418156,35.952444587609726],[-0.16568198987374053,35.93767436121003],[-0.16765135339370027,35.93732563878997]]],[[[-0.17015389583430846,35.957193635199594],[-0.17223613506410107,35.95174714276961],[-0.16632804450422178,35.95279331002978],[-0.17015389583430846,35.957193635199594]]]]},"properties":{"speed":0.033,"dir_deg":350.0,"type":"ضعيف"}},{"type":"Feature","geometry":{"type":"MultiPolygon","coordinates":[[[[-0.12556812408614354,35.936677057096304],[-0.13791226764158324,35.945198918388456],[-0.13677601946929616,35.94684480419585],[-0.12443187591385646,35.938322942903696],[-0.12556812408614354,35.936677057096304]]],[[[-0.1414588580739196,35.94886248172287],[-0.13904851581387032,35.943553032581065],[-0.13563977129700908,35.94849069000324],[-0.1414588580739196,35.94886248172287]]]]},"properties":{"speed":0.039,"dir_deg":304.6,"type":"ضعيف"}},{"type":"Feature","geometry":{"type":"MultiPolygon","coordinates":[[[[-0.08395258919771595,35.93671480878106],[-0.09573045748179908,35.9460036094939],[-0.09449195072008758,35.947573991931776],[-0.08271408243600445,35.93828519121894],[-0.08395258919771595,35.93671480878106]]],[[[-0.0990371601956377,35.94988506761712],[-0.09696896424351059,35.944433227056024],[-0.09325344395837606,35.94914437436965],[-0.0990371601956377,35.94988506761712]]]]},"properties":{"speed":0.0272,"dir_deg":308.3,"type":"ضعيف"}},{"type":"Feature","geometry":{"type":"MultiPolygon","coordinates":[[[[-0.04262431014200779,35.93778796067868],[-0.03830489996174333,35.95215259418235],[-0.03638961549458794,35.951576672824984],[-0.040709025674852406,35.93721203932132],[-0.04262431014200779,35.93778796067868]]],[[[-0.03590745433474414,35.95665284467155],[-0.04022018442889872,35.95272851553972],[-0.034474331027432546,35.95100075146762],[-0.03590745433474414,35.95665284467155]]]]},"properties":{"speed":0.0319,"dir_deg":16.7,"type":"ضعيف"}},{"type":"Feature","geometry":{"type":"MultiPolygon","coordinates":[[[[-0.0007598186440777808,35.93815013508451],[0.0089922076235835,35.94954741474568],[0.010511844911739062,35.948247144576655],[0.0007598186440777808,35.93684986491549],[-0.0007598186440777808,35.93815013508451]]],[[[0.013002701690215042,35.952696372881555],[0.0074725703354279385,35.9508476849147],[0.012031482199894623,35.94694687440764],[0.013002701690215042,35.952696372881555]]]]},"properties":{"speed":0.0378,"dir_deg":40.6,"type":"ضعيف"}},{"type":"Feature","geometry":{"type":"MultiPolygon","coordinates":[[[[0.041167358583793265,35.93836642379834],[0.05416371555890012,35.9458560636679],[0.05516233420817379,35.94412321607121],[0.042165977233066934,35.93663357620166],[0.041167358583793265,35.93836642379834]]],[[[0.05899514387523924,35.94748618649274],[0.053165096909626446,35.947588911264575],[0.05616095285744747,35.942390368474534],[0.05899514387523924,35.94748618649274]]]]},"properties":{"speed":0.0274,"dir_deg":60.0,"type":"ضعيف"}},{"type":"Feature","geometry":{"type":"MultiPolygon","coordinates":[[[[-0.4168484662740114,35.98015127199602],[-0.40209845982000225,35.9828784151178],[-0.40173484073709786,35.9809117475906],[-0.416484847191107,35.97818460446882],[-0.4168484662740114,35.98015127199602]]],[[[-0.396999981460547,35.98280412906146],[-0.40246207890290664,35.984845082645],[-0.4013712216541935,35.978945080063404],[-0.396999981460547,35.98280412906146]]]]},"properties":{"speed":0.5239,"dir_deg":79.5,"type":"قوي"}},{"type":"Feature","geometry":{"type":"MultiPolygon","coordinates":[[[[-0.37515266731472213,35.98015621587105],[-0.36032850273527633,35.98244622559188],[-0.36002316810583207,35.980469670314626],[-0.37484733268527787,35.978179660593796],[-0.37515266731472213,35.98015621587105]]],[[[-0.3552344472274056,35.982221284526865],[-0.36063383736472054,35.98442278086914],[-0.35971783347638786,35.97849311503737],[-0.3552344472274056,35.982221284526865]]]]},"properties":{"speed":0.5,"dir_deg":81.2,"type":"قوي"}},{"type":"Feature","geometry":{"type":"MultiPolygon","coordinates":[[[[-0.3335328011797404,35.980147844626536],[-0.31883420526806416,35.98313971331103],[-0.318435289443465,35.981179900522804],[-0.3331338853551412,35.97818803183831],[-0.3335328011797404,35.980147844626536]]],[[[-0.3137352153852058,35.983157096478415],[-0.3192331210926634,35.985099526099255],[-0.3180363736188658,35.97922008773458],[-0.3137352153852058,35.983157096478415]]]]},"properties":{"speed":0.4501,"dir_deg":78.5,"type":"قوي"}},{"type":"Feature","geometry":{"type":"MultiPolygon","coordinates":[[[[-0.29196281519319917,35.9801230770528],[-0.27763573288754256,35.984565453962404],[-0.27704341596626264,35.98265517632164],[-0.29137049827191924,35.97821279941204],[-0.29196281519319917,35.9801230770528]]],[[[-0.27256388032501705,35.98509110744522],[-0.2782280498088225,35.98647573160316],[-0.2764510990449827,35.98074489868089],[-0.27256388032501705,35.98509110744522]]]]},"properties":{"speed":0.3901,"dir_deg":72.8,"type":"متوسط"}},{"type":"Feature","geometry":{"type":"MultiPolygon","coordinates":[[[[-0.2503904390406599,35.980088567015116],[-0.23658100730021775,35.985945152625014],[-0.23580012921889798,35.984103895059626],[-0.24960956095934012,35.97824730944973],[-0.2503904390406599,35.980088567015116]]],[[[-0.23158742434607715,35.98697671904562],[-0.23736188538153755,35.98778641019041],[-0.23501925113757818,35.98226263749423],[-0.23158742434607715,35.98697671904562]]]]},"properties":{"speed":0.3462,"dir_deg":67.0,"type":"متوسط"}},{"type":"Feature","geometry":{"type":"MultiPolygon","coordinates":[[[[-0.20874752714875047,35.980078124679586],[-0.19509473044130188,35.98629110641665],[-0.19426633287636014,35.98447073352232],[-0.20791912958380873,35.97825775178526],[-0.20874752714875047,35.980078124679586]]],[[[-0.19012959942301483,35.98745191388184],[-0.19592312800624365,35.98811147931097],[-0.19343793531141837,35.982650360628],[-0.19012959942301483,35.98745191388184]]]]},"properties":{"speed":0.2945,"dir_deg":65.5,"type":"متوسط"}},{"type":"Feature","geometry":{"type":"MultiPolygon","coordinates":[[[[-0.16709727375700636,35.98007048009374],[-0.1535591458373173,35.986529511943026],[-0.15269794159074537,35.984724428220396],[-0.16623606951043443,35.97826539637111],[-0.16709727375700636,35.98007048009374]]],[[[-0.1486158344074683,35.98777998069814],[-0.1544203500838892,35.98833459566565],[-0.15183673734417347,35.98291934449777],[-0.1486158344074683,35.98777998069814]]]]},"properties":{"speed":0.203,"dir_deg":64.5,"type":"ضعيف"}},{"type":"Feature","geometry":{"type":"MultiPolygon","coordinates":[[[[-0.12551423119633587,35.98002558983809],[-0.11264945711122781,35.98773905778313],[-0.11162099471855605,35.98602375457179],[-0.12448576880366412,35.97831028662675],[-0.12551423119633587,35.98002558983809]]],[[[-0.10784696788652258,35.98945256215914],[-0.11367791950389958,35.98945436099448],[-0.11059253232588429,35.98430845136044],[-0.10784696788652258,35.98945256215914]]]]},"properties":{"speed":0.0989,"dir_deg":59.1,"type":"ضعيف"}},{"type":"Feature","geometry":{"type":"MultiPolygon","coordinates":[[[[-0.08395033627898504,35.97995490102045],[-0.07214589445859437,35.98920990795232],[-0.07091189353434468,35.98763598237627],[-0.08271633535473535,35.978380975444395],[-0.08395033627898504,35.97995490102045]]],[[[-0.06759408005633931,35.99150794747492],[-0.07337989538284406,35.990783833528376],[-0.069677892610095,35.986062056800215],[-0.06759408005633931,35.99150794747492]]]]},"properties":{"speed":0.019,"dir_deg":51.9,"type":"ضعيف"}},{"type":"Feature","geometry":{"type":"MultiPolygon","coordinates":[[[[-0.042224944366770586,35.97833828324626],[-0.05466976915919458,35.986712430121365],[-0.05355321624251361,35.98837174009369],[-0.04110839145008961,35.979997593218584],[-0.042224944366770586,35.97833828324626]]],[[[-0.0582597676316621,35.99033346739923],[-0.05578632207587555,35.98505312014904],[-0.05243666332583264,35.990031050066015],[-0.0582597676316621,35.99033346739923]]]]},"properties":{"speed":0.0066,"dir_deg":303.9,"type":"ضعيف"}},{"type":"Feature","geometry":{"type":"MultiPolygon","coordinates":[[[[-0.0006541899407382612,35.97992426853159],[0.010690764546755103,35.98973711764266],[0.011999144428231625,35.988224457044325],[0.0006541899407382612,35.97841160793325],[-0.0006541899407382612,35.97992426853159]]],[[[0.015126605983324486,35.992251737047184],[0.009382384665278581,35.99124977824099],[0.013307524309708147,35.986711796445995],[0.015126605983324486,35.992251737047184]]]]},"properties":{"speed":0.0225,"dir_deg":49.1,"type":"ضعيف"}},{"type":"Feature","geometry":{"type":"MultiPolygon","coordinates":[[[[0.041074249203217374,35.979973568468765],[0.05315870274839958,35.98885984904695],[0.05434354015882503,35.98724858857427],[0.042259086613642825,35.97836230799608],[0.041074249203217374,35.979973568468765]]],[[[0.057779272635339704,35.991016312336676],[0.05197386533797412,35.990471109519646],[0.05552837756925049,35.985637328101575],[0.057779272635339704,35.991016312336676]]]]},"properties":{"speed":0.0412,"dir_deg":53.7,"type":"ضعيف"}},{"type":"Feature","geometry":{"type":"MultiPolygon","coordinates":[[[[0.08280446277790297,35.98001663918603],[0.09553497708210273,35.98794973477039],[0.09659272316001719,35.98625233286317],[0.08386220885581742,35.97831923727881],[0.08280446277790297,35.98001663918603]]],[[[0.10030735488912655,35.98974539901157],[0.0944772310041883,35.98964713667762],[0.09765046923793162,35.98455493095594],[0.10030735488912655,35.98974539901157]]]]},"properties":{"speed":0.0371,"dir_deg":58.1,"type":"ضعيف"}},{"type":"Feature","geometry":{"type":"MultiPolygon","coordinates":[[[[-0.41678163440008953,36.02182542984436],[-0.40188111324836173,36.02355009485732],[-0.4016511579133011,36.02156335870375],[-0.4165516790650289,36.019838693690794],[-0.41678163440008953,36.02182542984436]]],[[[-0.3967992951969221,36.02313161511819],[-0.40211106858342244,36.02553683101088],[-0.4014212025782404,36.01957662255019],[-0.3967992951969221,36.02313161511819]]]]},"properties":{"speed":0.4475,"dir_deg":83.4,"type":"قوي"}},{"type":"Feature","geometry":{"type":"MultiPolygon","coordinates":[[[[-0.37511872365150273,36.02182498910358],[-0.3602248136115193,36.02360584387612],[-0.35998736630851386,36.02161998920412],[-0.37488127634849727,36.01983913443158],[-0.37511872365150273,36.02182498910358]]],[[[-0.3551414532800221,36.02320653479763],[-0.3604622609145247,36.02559169854811],[-0.35974991900550846,36.019634134532126],[-0.3551414532800221,36.02320653479763]]]]},"properties":{"speed":0.4793,"dir_deg":83.2,"type":"قوي"}},{"type":"Feature","geometry":{"type":"MultiPolygon","coordinates":[[[[-0.3335287665050935,36.0218127807682],[-0.3188179814957305,36.024744129332994],[-0.3184271350204251,36.02278269133175],[-0.3331379200297881,36.019851342766955],[-0.3335287665050935,36.0218127807682]]],[[[-0.3137189632549568,36.02474052652063],[-0.31920882797103595,36.02670556733425],[-0.3180362885451196,36.020821253330496],[-0.3137189632549568,36.02474052652063]]]]},"properties":{"speed":0.4954,"dir_deg":78.7,"type":"قوي"}},{"type":"Feature","geometry":{"type":"MultiPolygon","coordinates":[[[[-0.29197083540345103,36.0217846767665],[-0.2776816104195948,36.02634735682988],[-0.27707325307781117,36.024442126832035],[-0.2913624780616674,36.019879446768655],[-0.29197083540345103,36.0217846767665]]],[[[-0.2726143567540843,36.02691563518542],[-0.27828996776137843,36.028252586827726],[-0.27646489573602756,36.02253689683419],[-0.2726143567540843,36.02691563518542]]]]},"properties":{"speed":0.5199,"dir_deg":72.3,"type":"قوي"}},{"type":"Feature","geometry":{"type":"MultiPolygon","coordinates":[[[[-0.25039000179259907,36.02175287586487],[-0.2365777903332369,36.027602902753856],[-0.2357977867480387,36.02576127455927],[-0.2496099982074009,36.01991124767029],[-0.25039000179259907,36.02175287586487]]],[[[-0.2315837180541837,36.02863209761956],[-0.23735779391843506,36.02944453094844],[-0.23501778316284053,36.02391964636469],[-0.2315837180541837,36.02863209761956]]]]},"properties":{"speed":0.5428,"dir_deg":67.0,"type":"قوي"}},{"type":"Feature","geometry":{"type":"MultiPolygon","coordinates":[[[[-0.20876429021334264,36.0217344319169],[-0.1952287379736073,36.02819885962284],[-0.19436681427948121,36.0263941193242],[-0.20790236651921656,36.01992969161826],[-0.20876429021334264,36.0217344319169]]],[[[-0.19028592537996578,36.029451298708835],[-0.19609066166773334,36.03000359992147],[-0.19350489058535517,36.02458937902557],[-0.19028592537996578,36.029451298708835]]]]},"properties":{"speed":0.5342,"dir_deg":64.5,"type":"قوي"}},{"type":"Feature","geometry":{"type":"MultiPolygon","coordinates":[[[[-0.16709510476779882,36.021735635256356],[-0.15354150243611814,36.02816213226753],[-0.1526846361679613,36.02635498528998],[-0.16623823849964198,36.0199284882788],[-0.16709510476779882,36.021735635256356]]],[[[-0.14859520185814615,36.02940072444915],[-0.154398368704275,36.029969279245094],[-0.15182776989980443,36.024547838312415],[-0.14859520185814615,36.02940072444915]]]]},"properties":{"speed":0.4707,"dir_deg":64.6,"type":"قوي"}},{"type":"Feature","geometry":{"type":"MultiPolygon","coordinates":[[[[-0.125405124552628,36.02174632327112],[-0.1116912019995056,36.027823191560536],[-0.11088095289424958,36.02599466855346],[-0.124594875447372,36.01991780026404],[-0.125405124552628,36.02174632327112]]],[[[-0.10671476992917012,36.02893455282014],[-0.11250145110476162,36.02965171456762],[-0.11007070378899356,36.024166145546374],[-0.10671476992917012,36.02893455282014]]]]},"properties":{"speed":0.3652,"dir_deg":66.1,"type":"متوسط"}},{"type":"Feature","geometry":{"type":"MultiPolygon","coordinates":[[[[-0.0836439489550958,36.02178259818369],[-0.0693859027134128,36.02644179525723],[-0.06876467643694159,36.024540722425],[-0.0830227226786246,36.019881525351465],[-0.0836439489550958,36.02178259818369]]],[[[-0.06432260749461619,36.02704432453229],[-0.07000712898988402,36.02834286808945],[-0.06814345016047037,36.022639649592776],[-0.06432260749461619,36.02704432453229]]]]},"properties":{"speed":0.2381,"dir_deg":71.9,"type":"متوسط"}},{"type":"Feature","geometry":{"type":"MultiPolygon","coordinates":[[[[-0.04184671473882079,36.02181571980718],[-0.0270918441448471,36.02451642226304],[-0.026731750484065713,36.02254910618384],[-0.04148662107803941,36.01984840372798],[-0.04184671473882079,36.02181571980718]]],[[[-0.021993507116465173,36.02443299837539],[-0.027451937805628487,36.026483738342236],[-0.026371656823284326,36.02058179010464],[-0.021993507116465173,36.02443299837539]]]]},"properties":{"speed":0.1087,"dir_deg":79.6,"type":"ضعيف"}},{"type":"Feature","geometry":{"type":"MultiPolygon","coordinates":[[[[-0.00014293743208063754,36.02182179349411],[0.014703038465946188,36.02396585497532],[0.014988913330107463,36.021986391522255],[0.00014293743208063754,36.019842330041044],[-0.00014293743208063754,36.02182179349411]]],[[[0.019794634530702435,36.02369081040919],[0.014417163601784914,36.02594531842839],[0.015274788194268737,36.020006928069186],[0.019794634530702435,36.02369081040919]]]]},"properties":{"speed":0.0349,"dir_deg":81.8,"type":"ضعيف"}},{"type":"Feature","geometry":{"type":"MultiPolygon","coordinates":[[[[0.040715493150150696,36.02114071461337],[0.04534528583694862,36.035408335987555],[0.04724763535350743,36.03479103029598],[0.0426178426667095,36.02052340892179],[0.040715493150150696,36.02114071461337]]],[[[0.04783972482416067,36.03985555693317],[0.04344293632038982,36.036025641679124],[0.04914998487006623,36.03417372460441],[0.04783972482416067,36.03985555693317]]]]},"properties":{"speed":0.0472,"dir_deg":18.0,"type":"ضعيف"}},{"type":"Feature","geometry":{"type":"MultiPolygon","coordinates":[[[[0.08234281574080997,36.0209694298095],[0.08440333636963844,36.035827230950254],[0.0863843765217389,36.035552494866415],[0.08432385589291043,36.02069469372566],[0.08234281574080997,36.0209694298095]]],[[[0.08608069665529816,36.040642463288584],[0.082422296217538,36.0361019670341],[0.08836541667383935,36.03527775878257],[0.08608069665529816,36.040642463288584]]]]},"properties":{"speed":0.0496,"dir_deg":7.9,"type":"ضعيف"}},{"type":"Feature","geometry":{"type":"MultiPolygon","coordinates":[[[[-0.41665726542258713,36.063499955900674],[-0.4016579269124452,36.06335908625109],[-0.4016767095323893,36.06135917444974],[-0.4166760480425313,36.061500044099326],[-0.41665726542258713,36.063499955900674]]],[[[-0.3966675387190366,36.06231217380056],[-0.4016391442925011,36.065358998052446],[-0.4016954921523334,36.059359262648385],[-0.3966675387190366,36.06231217380056]]]]},"properties":{"speed":0.3417,"dir_deg":90.5,"type":"متوسط"}},{"type":"Feature","geometry":{"type":"MultiPolygon","coordinates":[[[[-0.3750386969165173,36.06349925099382],[-0.3600499320092038,36.06407970474158],[-0.3599725381761692,36.06208120275394],[-0.3749613030834827,36.06150074900618],[-0.3750386969165173,36.06349925099382]]],[[[-0.35501498012358207,36.06327393833035],[-0.36012732584223844,36.06607820672922],[-0.3598951443431346,36.060082700766294],[-0.35501498012358207,36.06327393833035]]]]},"properties":{"speed":0.362,"dir_deg":87.8,"type":"متوسط"}},{"type":"Feature","geometry":{"type":"MultiPolygon","coordinates":[[[[-0.3334687493818799,36.06349079018171],[-0.31860689665623326,36.0655218818983],[-0.318336084427355,36.06354030153488],[-0.33319793715300167,36.06150920981829],[-0.3334687493818799,36.06349079018171]]],[[[-0.31351753963324525,36.06520812228878],[-0.3188777088851116,36.06750346226172],[-0.3180652721984767,36.06155872117146],[-0.31351753963324525,36.06520812228878]]]]},"properties":{"speed":0.3863,"dir_deg":82.2,"type":"متوسط"}},{"type":"Feature","geometry":{"type":"MultiPolygon","coordinates":[[[[-0.29192204298384244,36.06346683910898],[-0.277419456349125,36.06729763287823],[-0.27690868384655853,36.06536395466026],[-0.29141127048127596,36.06153316089102],[-0.29192204298384244,36.06346683910898]]],[[[-0.27232987455293595,36.06760772502567],[-0.2779302288516915,36.06923131109619],[-0.27639791134399205,36.063430276442304],[-0.27232987455293595,36.06760772502567]]]]},"properties":{"speed":0.4364,"dir_deg":75.2,"type":"قوي"}},{"type":"Feature","geometry":{"type":"MultiPolygon","coordinates":[[[[-0.2503380218395089,36.06344113826615],[-0.2362209478472332,36.06851146585878],[-0.2355449041682155,36.066629189326484],[-0.24966197816049115,36.06155886173385],[-0.2503380218395089,36.06344113826615]]],[[[-0.2311772346769658,36.069260436790174],[-0.2368969915262509,36.07039374239109],[-0.23486886048919778,36.06474691279418],[-0.2311772346769658,36.069260436790174]]]]},"properties":{"speed":0.499,"dir_deg":70.2,"type":"قوي"}},{"type":"Feature","geometry":{"type":"MultiPolygon","coordinates":[[[[-0.20876794393868203,36.063400616069266],[-0.195258702899649,36.0699198496553],[-0.19438947175484414,36.06811861751677],[-0.20789871279387717,36.061599383930734],[-0.20876794393868203,36.063400616069266]]],[[[-0.19032100698090224,36.07119231144805],[-0.19612793404445386,36.07172108179384],[-0.19352024061003928,36.06631738537823],[-0.19032100698090224,36.07119231144805]]]]},"properties":{"speed":0.5554,"dir_deg":64.2,"type":"قوي"}},{"type":"Feature","geometry":{"type":"MultiPolygon","coordinates":[[[[-0.16714269910905763,36.06337943040812],[-0.15395124298727503,36.070519842538175],[-0.15299918803660056,36.06876098172194],[-0.16619064415838317,36.06162056959188],[-0.16714269910905763,36.06337943040812]]],[[[-0.14907806347134359,36.072020549506746],[-0.15490329793794946,36.072278703354414],[-0.15204713308592613,36.0670021209057],[-0.14907806347134359,36.072020549506746]]]]},"properties":{"speed":0.5745,"dir_deg":61.6,"type":"قوي"}},{"type":"Feature","geometry":{"type":"MultiPolygon","coordinates":[[[[-0.12548625677949773,36.06337381596712],[-0.11237901727270956,36.070667667659585],[-0.11140650371371406,36.06892003572535],[-0.12451374322050225,36.06162618403288],[-0.12548625677949773,36.06337381596712]]],[[[-0.10752368065761575,36.07222513558995],[-0.11335153083170504,36.07241529959382],[-0.11043399015471858,36.06717240379111],[-0.10752368065761575,36.07222513558995]]]]},"properties":{"speed":0.5396,"dir_deg":60.9,"type":"قوي"}},{"type":"Feature","geometry":{"type":"MultiPolygon","coordinates":[[[[-0.08380301031059602,36.063382839662644],[-0.07056041537096462,36.07042795706868],[-0.06962106638349298,36.06866227774339],[-0.08286366132312438,36.061617160337356],[-0.08380301031059602,36.063382839662644]]],[[[-0.06567654256401834,36.07189348987472],[-0.07149976435843625,36.07219363639396],[-0.06868171739602136,36.06689659841811],[-0.06567654256401834,36.07189348987472]]]]},"properties":{"speed":0.4508,"dir_deg":62.0,"type":"قوي"}},{"type":"Feature","geometry":{"type":"MultiPolygon","coordinates":[[[[-0.04210100600648379,36.063400749919],[-0.028589757221478808,36.069915821389806],[-0.02772108102537143,36.06811432155181],[-0.04123232981037641,36.061599250081],[-0.04210100600648379,36.063400749919]]],[[[-0.023651669528423458,36.07118676196107],[-0.029458433417586184,36.07171732122781],[-0.026852404829264053,36.06631282171381],[-0.023651669528423458,36.07118676196107]]]]},"properties":{"speed":0.3223,"dir_deg":64.3,"type":"متوسط"}},{"type":"Feature","geometry":{"type":"MultiPolygon","coordinates":[[[[-0.00033908146459766,36.06344075701452],[0.01377227375318418,36.068526978983485],[0.0144504366823795,36.06664546495445],[0.00033908146459766,36.06155924298548],[-0.00033908146459766,36.06344075701452]]],[[[0.018815140290375787,36.06928162929195],[0.01309411082398886,36.07040849301252],[0.01512859961157482,36.06476395092541],[0.018815140290375787,36.06928162929195]]]]},"properties":{"speed":0.203,"dir_deg":70.2,"type":"ضعيف"}},{"type":"Feature","geometry":{"type":"MultiPolygon","coordinates":[[[[0.04130129550398466,36.06343086143226],[0.05526421698788968,36.06891144749894],[0.055994961796780554,36.06704972463442],[0.04203204031287554,36.06156913856774],[0.04130129550398466,36.06343086143226]]],[[[0.06028389655363679,36.06980744808891],[0.05453347217899881,36.07077317036346],[0.056725706605671423,36.065188001769904],[0.06028389655363679,36.06980744808891]]]]},"properties":{"speed":0.1248,"dir_deg":68.6,"type":"ضعيف"}},{"type":"Feature","geometry":{"type":"MultiPolygon","coordinates":[[[[0.08246154076600914,36.062989870788385],[0.08980960259176389,36.07606679655115],[0.091553192693466,36.07508705497438],[0.08420513086771125,36.062010129211615],[0.08246154076600914,36.062989870788385]]],[[[0.0931307515845332,36.07993590101702],[0.0880660124900618,36.07704653812792],[0.09329678279516809,36.07410731339762],[0.0931307515845332,36.07993590101702]]]]},"properties":{"speed":0.0771,"dir_deg":29.3,"type":"ضعيف"}},{"type":"Feature","geometry":{"type":"MultiPolygon","coordinates":[[[[0.12400063767788827,36.062464293569995],[0.12346504122786556,36.07745472840167],[0.12546376587208902,36.07752614126168],[0.12599936232211173,36.062535706430005],[0.12400063767788827,36.062464293569995]]],[[[0.12428587139996972,36.082487246442234],[0.1214663165836421,36.07738331554167],[0.12746249051631248,36.07759755412168],[0.12428587139996972,36.082487246442234]]]]},"properties":{"speed":0.0923,"dir_deg":358.0,"type":"ضعيف"}},{"type":"Feature","geometry":{"type":"MultiPolygon","coordinates":[[[[-0.41654128918743727,36.10516004859858],[-0.4016596336951282,36.10327953542175],[-0.40191036878537206,36.10129531468944],[-0.41679202427768114,36.103175827866266],[-0.41654128918743727,36.10516004859858]]],[[[-0.3968244494094804,36.10166058732998],[-0.4014088986048844,36.10526375615405],[-0.4021611038756159,36.099311093957134],[-0.3968244494094804,36.10166058732998]]]]},"properties":{"speed":0.2434,"dir_deg":97.2,"type":"متوسط"}},{"type":"Feature","geometry":{"type":"MultiPolygon","coordinates":[[[[-0.37492612260012287,36.10516520556357],[-0.35996711263281006,36.104057044565415],[-0.3601148674325643,36.102062509903114],[-0.37507387739987713,36.10317067090127],[-0.37492612260012287,36.10516520556357]]],[[[-0.3550546533769162,36.102690390234876],[-0.35981935783305585,36.106051579227724],[-0.36026262223231853,36.100067975240805],[-0.3550546533769162,36.102690390234876]]]]},"properties":{"speed":0.2688,"dir_deg":94.2,"type":"متوسط"}},{"type":"Feature","geometry":{"type":"MultiPolygon","coordinates":[[[[-0.3333180263206811,36.10516782092111],[-0.31831978599033095,36.10493806671971],[-0.3183504198838504,36.102938301342334],[-0.3333486602142005,36.10316805554373],[-0.3333180263206811,36.10516782092111]]],[[[-0.3133356894936406,36.103861599297225],[-0.3182891520968115,36.106937832097096],[-0.3183810537773698,36.10093853596495],[-0.3133356894936406,36.103861599297225]]]]},"properties":{"speed":0.2938,"dir_deg":90.9,"type":"متوسط"}},{"type":"Feature","geometry":{"type":"MultiPolygon","coordinates":[[[[-0.2917884115320586,36.10516049844158],[-0.27690000839472567,36.10698682043407],[-0.2766564987957269,36.105001700015755],[-0.2915449019330598,36.103175378023266],[-0.2917884115320586,36.10516049844158]]],[[[-0.2718154525494486,36.10660303422241],[-0.27714351799372444,36.10897194085238],[-0.27641298919672813,36.103016579597444],[-0.2718154525494486,36.10660303422241]]]]},"properties":{"speed":0.3307,"dir_deg":83.0,"type":"متوسط"}},{"type":"Feature","geometry":{"type":"MultiPolygon","coordinates":[[[[-0.25021571015035043,36.105144395671864],[-0.23556884855876534,36.10838004792712],[-0.2351374282580644,36.106427133048236],[-0.24978428984964954,36.10319148079298],[-0.25021571015035043,36.105144395671864]]],[[[-0.23047085121121985,36.10848214123943],[-0.23600026885946623,36.110332962806],[-0.23470600795736352,36.10447421816936],[-0.23047085121121985,36.10848214123943]]]]},"properties":{"speed":0.3809,"dir_deg":77.5,"type":"متوسط"}},{"type":"Feature","geometry":{"type":"MultiPolygon","coordinates":[[[[-0.20868378863384648,36.105104515832444],[-0.19463512463356467,36.110361419845944],[-0.1939342040984309,36.1084882646459],[-0.20798286809871272,36.1032313606324],[-0.20868378863384648,36.105104515832444]]],[[[-0.18960177636590383,36.11117714358376],[-0.1953360451686984,36.11223457504598],[-0.19323328356329716,36.10661510944586],[-0.18960177636590383,36.11117714358376]]]]},"properties":{"speed":0.4377,"dir_deg":69.5,"type":"قوي"}},{"type":"Feature","geometry":{"type":"MultiPolygon","coordinates":[[[[-0.16713672937591284,36.10505057389848],[-0.15389719438498078,36.11210144003137],[-0.1529570789005959,36.11033616869925],[-0.16619661389152796,36.10328530256636],[-0.16713672937591284,36.10505057389848]]],[[[-0.14901395831247768,36.11356909307627],[-0.15483730986936564,36.11386671136349],[-0.15201696341621104,36.10857089736712],[-0.14901395831247768,36.11356909307627]]]]},"properties":{"speed":0.505,"dir_deg":62.0,"type":"قوي"}},{"type":"Feature","geometry":{"type":"MultiPolygon","coordinates":[[[[-0.12552297924095918,36.10502028365156],[-0.11273779795388715,36.11286497226595],[-0.1116918394719688,36.11116028142767],[-0.12447702075904082,36.10331559281328],[-0.12552297924095918,36.10502028365156]]],[[[-0.10795309161723729,36.1146275230516],[-0.1137837564358055,36.11456966310423],[-0.11064588099005045,36.1094555905894],[-0.10795309161723729,36.1146275230516]]]]},"properties":{"speed":0.5456,"dir_deg":58.5,"type":"قوي"}},{"type":"Feature","geometry":{"type":"MultiPolygon","coordinates":[[[[-0.0838997072617323,36.104992088331876],[-0.07153745576989096,36.11348766000496],[-0.07040471288014674,36.11183935980605],[-0.08276696437198809,36.10334378813297],[-0.0838997072617323,36.104992088331876]]],[[[-0.06685033382773839,36.11549536712987],[-0.07267019865963517,36.11513596020387],[-0.06927196999040253,36.11019105960713],[-0.06685033382773839,36.11549536712987]]]]},"properties":{"speed":0.541,"dir_deg":55.5,"type":"قوي"}},{"type":"Feature","geometry":{"type":"MultiPolygon","coordinates":[[[[-0.04226352726412505,36.1049702841114],[-0.030228339079394997,36.113923174446825],[-0.02903462036800509,36.11231848268886],[-0.04106980855273515,36.10336559235344],[-0.04226352726412505,36.1049702841114]]],[[[-0.025619750328790023,36.11610512534632],[-0.031422057790784906,36.11552786620479],[-0.02784090165661518,36.110713790930895],[-0.025619750328790023,36.11610512534632]]]]},"properties":{"speed":0.4818,"dir_deg":53.4,"type":"قوي"}},{"type":"Feature","geometry":{"type":"MultiPolygon","coordinates":[[[[-0.0005880998593249888,36.10497672655792],[0.011543725023145655,36.1137982244478],[0.012719924741795634,36.1121806477968],[0.0005880998593249888,36.10335914990692],[-0.0005880998593249888,36.10497672655792]]],[[[0.01617576650996086,36.11592993541892],[0.010367525304495678,36.11541580109879],[0.013896124460445611,36.110563071145805],[0.01617576650996086,36.11592993541892]]]]},"properties":{"speed":0.3598,"dir_deg":54.0,"type":"متوسط"}},{"type":"Feature","geometry":{"type":"MultiPolygon","coordinates":[[[[0.041240969695418225,36.105072803433124],[0.05481394770592357,36.111458276628305],[0.05566534413194732,36.1096485462269],[0.042092366121441974,36.10326307303172],[0.041240969695418225,36.105072803433124]]],[[[0.05976397192243722,36.11268190249266],[0.05396255127989982,36.1132680070297],[0.05651674055797107,36.1078388158255],[0.05976397192243722,36.11268190249266]]]]},"properties":{"speed":0.2129,"dir_deg":64.8,"type":"ضعيف"}},{"type":"Feature","geometry":{"type":"MultiPolygon","coordinates":[[[[0.0829578061448019,36.10509474860429],[0.09685996172283558,36.11072769368516],[0.09761102106695217,36.10887407294143],[0.0837088654889185,36.10324112786056],[0.0829578061448019,36.10509474860429]]],[[[0.10186954325423844,36.11167853167359],[0.096108902378719,36.1125813144289],[0.09836208041106875,36.107020452197695],[0.10186954325423844,36.11167853167359]]]]},"properties":{"speed":0.1364,"dir_deg":67.9,"type":"ضعيف"}},{"type":"Feature","geometry":{"type":"MultiPolygon","coordinates":[[[[0.12426305053710013,36.104843886077404],[0.13440226821178336,36.1158981280209],[0.1358761671375831,36.11454623233094],[0.12573694946289987,36.10349199038744],[0.12426305053710013,36.104843886077404]]],[[[0.13851895689957766,36.11890692749042],[0.13292836928598362,36.11725002371086],[0.13735006606338285,36.11319433664098],[0.13851895689957766,36.11890692749042]]]]},"properties":{"speed":0.1103,"dir_deg":42.5,"type":"ضعيف"}},{"type":"Feature","geometry":{"type":"MultiPolygon","coordinates":[[[[0.16603501505932447,36.104943186561684],[0.1776637399982437,36.11441803517762],[0.17892705314703555,36.1128675385191],[0.16729832820811633,36.10339268990316],[0.16603501505932447,36.104943186561684]]],[[[0.18217163821894605,36.11680106972034],[0.17640042684945187,36.115968531836145],[0.18019036629582738,36.11131704186057],[0.18217163821894605,36.11680106972034]]]]},"properties":{"speed":0.0593,"dir_deg":50.8,"type":"ضعيف"}},{"type":"Feature","geometry":{"type":"MultiPolygon","coordinates":[[[[-0.4164883974327914,36.14681604531523],[-0.4017286442180382,36.14414215581871],[-0.4020851628175738,36.142174188723416],[-0.416844916032327,36.14484807821993],[-0.4164883974327914,36.14681604531523]]],[[[-0.39698698577955494,36.14226687577222],[-0.40137212561850266,36.14611012291402],[-0.40244168141710934,36.14020622162811],[-0.39698698577955494,36.14226687577222]]]]},"properties":{"speed":0.2702,"dir_deg":100.3,"type":"متوسط"}},{"type":"Feature","geometry":{"type":"MultiPolygon","coordinates":[[[[-0.37483025838711,36.14681755036967],[-0.36004792935572805,36.14427142617632],[-0.3603874125815081,36.14230044897214],[-0.37516974161289,36.14484657316549],[-0.37483025838711,36.14681755036967]]],[[[-0.35529022795815746,36.14243722950978],[-0.359708446129948,36.146242403380505],[-0.3607268958072881,36.14032947176795],[-0.35529022795815746,36.14243722950978]]]]},"properties":{"speed":0.2862,"dir_deg":99.8,"type":"متوسط"}},{"type":"Feature","geometry":{"type":"MultiPolygon","coordinates":[[[[-0.33319308825952937,36.146822177181434],[-0.3183413570516853,36.14471835206276],[-0.31862186706750817,36.14273812123505],[-0.3334735982753522,36.14484194635372],[-0.33319308825952937,36.146822177181434]]],[[[-0.3135310349903154,36.14302696160935],[-0.3180608470358625,36.14669858289047],[-0.31890237708333097,36.140757890407336],[-0.3135310349903154,36.14302696160935]]]]},"properties":{"speed":0.3001,"dir_deg":98.1,"type":"متوسط"}},{"type":"Feature","geometry":{"type":"MultiPolygon","coordinates":[[[[-0.29162882165631276,36.14683134576475],[-0.27663956169872245,36.146263819621055],[-0.2767152318512153,36.144265251626706],[-0.29170449180880564,36.144832777770404],[-0.29162882165631276,36.14683134576475]]],[[[-0.27168097678910547,36.14507536024265],[-0.2765638915462295,36.1482623876154],[-0.27679090200370826,36.142266683632364],[-0.27168097678910547,36.14507536024265]]]]},"properties":{"speed":0.3146,"dir_deg":92.2,"type":"متوسط"}},{"type":"Feature","geometry":{"type":"MultiPolygon","coordinates":[[[[-0.2500749050779861,36.14682925243605],[-0.23511704505087394,36.14795282860584],[-0.23496723489490184,36.145958447268896],[-0.24992509492201395,36.14483487109911],[-0.2500749050779861,36.14682925243605]]],[[[-0.2300561866305172,36.1473301633273],[-0.23526685520684604,36.14994720994279],[-0.23481742473892975,36.14396406593195],[-0.2300561866305172,36.1473301633273]]]]},"properties":{"speed":0.3392,"dir_deg":85.7,"type":"متوسط"}},{"type":"Feature","geometry":{"type":"MultiPolygon","coordinates":[[[[-0.20850993058917075,36.146816344072036],[-0.19374569602229502,36.1494653774154],[-0.19339249157651273,36.14749681280649],[-0.20815672614338845,36.14484777946312],[-0.20850993058917075,36.146816344072036]]],[[[-0.18864768227711196,36.1493641062254],[-0.19409890046807735,36.15143394202432],[-0.1930392871307304,36.14552824819757],[-0.18864768227711196,36.1493641062254]]]]},"properties":{"speed":0.356,"dir_deg":79.8,"type":"متوسط"}},{"type":"Feature","geometry":{"type":"MultiPolygon","coordinates":[[[[-0.16708995796007706,36.1467380577311],[-0.15350001850723607,36.15308735262645],[-0.15265344585452276,36.15127536069941],[-0.16624338530736374,36.14492606580406],[-0.16708995796007706,36.1467380577311]]],[[[-0.14854675236326573,36.15429778829471],[-0.1543465911599494,36.1548993445535],[-0.15180687320180944,36.14946336877236],[-0.14854675236326573,36.15429778829471]]]]},"properties":{"speed":0.4091,"dir_deg":65.0,"type":"متوسط"}},{"type":"Feature","geometry":{"type":"MultiPolygon","coordinates":[[[[-0.12553150953088654,36.14667911407917],[-0.11282572485697619,36.154651757042465],[-0.11176270579520313,36.15295765241928],[-0.12446849046911347,36.144985009455986],[-0.12553150953088654,36.14667911407917]]],[[[-0.10805895376811955,36.15646225238531],[-0.11388874391874926,36.156345861665656],[-0.11069968673343006,36.15126354779609],[-0.10805895376811955,36.15646225238531]]]]},"properties":{"speed":0.4809,"dir_deg":57.9,"type":"قوي"}},{"type":"Feature","geometry":{"type":"MultiPolygon","coordinates":[[[[-0.08393106063125588,36.146633763112376],[-0.07190554045924168,36.155599635328315],[-0.07071009083045031,36.15399623263872],[-0.08273561100246452,36.14503036042278],[-0.08393106063125588,36.146633763112376]]],[[[-0.06729930892084127,36.15778655805549],[-0.07310099008803304,36.15720303801792],[-0.06951464120165894,36.152392829949115],[-0.06729930892084127,36.15778655805549]]]]},"properties":{"speed":0.5226,"dir_deg":53.3,"type":"قوي"}},{"type":"Feature","geometry":{"type":"MultiPolygon","coordinates":[[[[-0.04232761554357666,36.14658249379221],[-0.03107113517408779,36.15649670831941],[-0.02974923990379467,36.15499584427015],[-0.04100572027328354,36.14508162974295],[-0.04232761554357666,36.14658249379221]]],[[[-0.026658027415778274,36.159051014470506],[-0.03239303044438091,36.15799757236868],[-0.02842734463350155,36.15349498022088],[-0.026658027415778274,36.159051014470506]]]]},"properties":{"speed":0.526,"dir_deg":48.6,"type":"قوي"}},{"type":"Feature","geometry":{"type":"MultiPolygon","coordinates":[[[[-0.0007013769069212441,36.146544852364066],[0.009990482040355297,36.157065505967886],[0.011393235854197787,36.15563992477491],[0.0007013769069212441,36.14511927117109],[-0.0007013769069212441,36.146544852364066]]],[[[0.014255811929702057,36.159859599906],[0.00858772822651281,36.158491087160854],[0.012795989668040275,36.15421434358194],[0.014255811929702057,36.159859599906]]]]},"properties":{"speed":0.4756,"dir_deg":45.5,"type":"قوي"}},{"type":"Feature","geometry":{"type":"MultiPolygon","coordinates":[[[[0.04104179641755807,36.14661278938967],[0.052752710748918276,36.155985861752754],[0.054002453730662335,36.15442440650857],[0.04229153939930213,36.145051334145485],[0.04104179641755807,36.14661278938967]]],[[[0.05728122035024371,36.15832949158502],[0.051502967767174224,36.15754731699693],[0.05525219671240639,36.15286295126439],[0.05728122035024371,36.15832949158502]]]]},"properties":{"speed":0.3403,"dir_deg":51.3,"type":"متوسط"}},{"type":"Feature","geometry":{"type":"MultiPolygon","coordinates":[[[[0.0829200158415732,36.14674264762186],[0.09657880365588783,36.15294244725117],[0.09740544360646183,36.1511212755426],[0.0837466557921472,36.14492147591329],[0.0829200158415732,36.14674264762186]]],[[[0.10154505290261305,36.15409846127332],[0.09575216370531384,36.15476361895975],[0.09823208355703583,36.14930010383402],[0.10154505290261305,36.15409846127332]]]]},"properties":{"speed":0.2061,"dir_deg":65.6,"type":"ضعيف"}},{"type":"Feature","geometry":{"type":"MultiPolygon","coordinates":[[[[0.12454583624491689,36.14672297999254],[0.13790960961934157,36.15353543631878],[0.1388179371295078,36.15175359986886],[0.12545416375508311,36.14494114354262],[0.12454583624491689,36.14672297999254]]],[[[0.1428183644992329,36.15491533686924],[0.13700128210917537,36.155317272768706],[0.139726264639674,36.14997176341894],[0.1428183644992329,36.15491533686924]]]]},"properties":{"speed":0.1372,"dir_deg":63.0,"type":"ضعيف"}},{"type":"Feature","geometry":{"type":"MultiPolygon","coordinates":[[[[0.16624304540555462,36.1467378988494],[0.17983060163293632,36.153092292271886],[0.18067785408926787,36.15128061810824],[0.16709029786188617,36.144926224685754],[0.16624304540555462,36.1467378988494]]],[[[0.18478341327022935,36.154304586330895],[0.17898334917660477,36.15490396643554],[0.18152510654559942,36.14946894394458],[0.18478341327022935,36.154304586330895]]]]},"properties":{"speed":0.0972,"dir_deg":64.9,"type":"ضعيف"}},{"type":"Feature","geometry":{"type":"MultiPolygon","coordinates":[[[[0.20839766823925704,36.14682998981145],[0.2233665888973299,36.14586489171679],[0.22323790915137504,36.143869035629045],[0.20826898849330217,36.144834133723705],[0.20839766823925704,36.14682998981145]]],[[[0.2282918892437101,36.14454526430803],[0.22349526864328476,36.14786074780453],[0.2231092294054202,36.14187317954131],[0.2282918892437101,36.14454526430803]]]]},"properties":{"speed":0.0383,"dir_deg":93.7,"type":"ضعيف"}},{"type":"Feature","geometry":{"type":"MultiPolygon","coordinates":[[[[0.2509616733198537,36.145557863981516],[0.2468487065289158,36.13113276418371],[0.2449253598892084,36.131681159755836],[0.2490383266801463,36.14610625955364],[0.2509616733198537,36.145557863981516]]],[[[0.24451604427874946,36.1265985953705],[0.24877205316862316,36.130584368611586],[0.24300201324950105,36.13222955532796],[0.24451604427874946,36.1265985953705]]]]},"properties":{"speed":0.0105,"dir_deg":195.9,"type":"ضعيف"}},{"type":"Feature","geometry":{"type":"MultiPolygon","coordinates":[[[[-0.4164231108219625,36.188469889369685],[-0.40187477027665935,36.18481670071073],[-0.4023618620978528,36.18287692197136],[-0.4169102026431559,36.186530110630315],[-0.4164231108219625,36.188469889369685]]],[[[-0.3972688693388217,36.182629081788065],[-0.40138767845546586,36.18675647945011],[-0.4028489539190463,36.180937143231986],[-0.3972688693388217,36.182629081788065]]]]},"properties":{"speed":0.2957,"dir_deg":104.1,"type":"متوسط"}},{"type":"Feature","geometry":{"type":"MultiPolygon","coordinates":[[[[-0.3747514144075393,36.18846860993347],[-0.36022226540545677,36.18473982604656],[-0.3607194365903782,36.182802606179614],[-0.3752485855924607,36.18653139006653],[-0.3747514144075393,36.18846860993347]]],[[[-0.35562780133055666,36.182528288150785],[-0.35972509422053534,36.186677045913505],[-0.3612166077752996,36.18086538631267],[-0.35562780133055666,36.182528288150785]]]]},"properties":{"speed":0.3062,"dir_deg":104.4,"type":"متوسط"}},{"type":"Feature","geometry":{"type":"MultiPolygon","coordinates":[[[[-0.3331277611332356,36.18847863986537],[-0.3184481631526531,36.1853949078523],[-0.3188593274210635,36.18343762812155],[-0.333538925401646,36.18652136013463],[-0.3331277611332356,36.18847863986537]]],[[[-0.31376054595999747,36.1833883573159],[-0.3180369988842428,36.187352187583045],[-0.3192704916894738,36.18148034839081],[-0.31376054595999747,36.1833883573159]]]]},"properties":{"speed":0.305,"dir_deg":101.9,"type":"متوسط"}},{"type":"Feature","geometry":{"type":"MultiPolygon","coordinates":[[[[-0.2915486793093593,36.18849301627762],[-0.2766534351450833,36.18672335492962],[-0.2768893899914831,36.18473732237438],[-0.2917846341557591,36.18650698372238],[-0.2915486793093593,36.18849301627762]]],[[[-0.2718063311801912,36.185140451536],[-0.2764174802986834,36.188709387484856],[-0.277125344837883,36.182751289819144],[-0.2718063311801912,36.185140451536]]]]},"properties":{"speed":0.3045,"dir_deg":96.8,"type":"متوسط"}},{"type":"Feature","geometry":{"type":"MultiPolygon","coordinates":[[[[-0.2500193386892146,36.18849981299007],[-0.235022143838264,36.188789893328284],[-0.23498346645983484,36.18679026734815],[-0.24998066131078542,36.18650018700993],[-0.2500193386892146,36.18849981299007]]],[[[-0.23000374019873254,36.18788677378429],[-0.2350608212166932,36.19078951930841],[-0.23494478908140565,36.184790641368025],[-0.23000374019873254,36.18788677378429]]]]},"properties":{"speed":0.3142,"dir_deg":88.9,"type":"متوسط"}},{"type":"Feature","geometry":{"type":"MultiPolygon","coordinates":[[[[-0.20839737043577455,36.18849794719967],[-0.1934281624406824,36.189458578242096],[-0.1933000783016925,36.18746268384275],[-0.20826928629678465,36.18650205280033],[-0.20839737043577455,36.18849794719967]]],[[[-0.1883743843728234,36.1887808413899],[-0.1935562465796723,36.191454472641446],[-0.1931719941627026,36.1854667894434],[-0.1883743843728234,36.1887808413899]]]]},"properties":{"speed":0.3176,"dir_deg":86.3,"type":"متوسط"}},{"type":"Feature","geometry":{"type":"MultiPolygon","coordinates":[[[[-0.1670390951980943,36.18842806286894],[-0.15311815216404356,36.19401441633455],[-0.15237330503529578,36.19215829059667],[-0.1662942480693465,36.18657193713106],[-0.1670390951980943,36.18842806286894]]],[[[-0.1481054142549861,36.194948471287475],[-0.15386299929279135,36.19587054207242],[-0.151628457906548,36.1903021648588],[-0.1481054142549861,36.194948471287475]]]]},"properties":{"speed":0.3586,"dir_deg":68.1,"type":"متوسط"}},{"type":"Feature","geometry":{"type":"MultiPolygon","coordinates":[[[[-0.12550853345865035,36.188361042229765],[-0.11259290001222386,36.19598904410952],[-0.11157583309492317,36.19426695964999],[-0.12449146654134965,36.186638957770235],[-0.12550853345865035,36.188361042229765]]],[[[-0.10777915540476468,36.19767066917301],[-0.11360996692952456,36.19771112856904],[-0.11055876617762246,36.192544875190464],[-0.10777915540476468,36.19767066917301]]]]},"properties":{"speed":0.4333,"dir_deg":59.4,"type":"قوي"}},{"type":"Feature","geometry":{"type":"MultiPolygon","coordinates":[[[[-0.08392239541167221,36.18830808959513],[-0.07180105148469858,36.197143983517314],[-0.07062293229507456,36.19552780432705],[-0.08274427622204819,36.18669191040487],[-0.08392239541167221,36.18830808959513]]],[[[-0.06717154391422869,36.19928119189624],[-0.0729791706743226,36.19876016270758],[-0.06944481310545055,36.193911625136785],[-0.06717154391422869,36.19928119189624]]]]},"properties":{"speed":0.4853,"dir_deg":53.9,"type":"قوي"}},{"type":"Feature","geometry":{"type":"MultiPolygon","coordinates":[[[[-0.04235316745519566,36.18822713023063],[-0.03144621399580099,36.198524623432114],[-0.03007321490226986,36.197070362970855],[-0.040980168361664536,36.18677286976937],[-0.04235316745519566,36.18822713023063]]],[[[-0.027124063295903868,36.20122999093531],[-0.032819213089332125,36.199978883893365],[-0.02870021580873873,36.195616102509604],[-0.027124063295903868,36.20122999093531]]]]},"properties":{"speed":0.5109,"dir_deg":46.6,"type":"قوي"}},{"type":"Feature","geometry":{"type":"MultiPolygon","coordinates":[[[[-0.0007662564541484291,36.18814253486013],[0.008871766447726838,36.199636381672356],[0.010404279356023696,36.1983513119521],[0.0007662564541484291,36.18685746513987],[-0.0007662564541484291,36.18814253486013]]],[[[0.012850697202500356,36.20282512908297],[0.007339253539429979,36.2009214513926],[0.011936792264320553,36.197066242231855],[0.012850697202500356,36.20282512908297]]]]},"properties":{"speed":0.5301,"dir_deg":40.0,"type":"قوي"}},{"type":"Feature","geometry":{"type":"MultiPolygon","coordinates":[[[[0.040923527432211816,36.18816913543667],[0.050960558982245115,36.19931624257994],[0.05244683993468168,36.19797797170661],[0.04240980838464838,36.18683086456333],[0.040923527432211816,36.18816913543667]]],[[[0.05504937664180783,36.20236280952437],[0.04947427802980855,36.20065451345328],[0.05393312088711825,36.196639700833266],[0.05504937664180783,36.20236280952437]]]]},"properties":{"speed":0.4582,"dir_deg":42.0,"type":"قوي"}},{"type":"Feature","geometry":{"type":"MultiPolygon","coordinates":[[[[0.08273114672120054,36.18829835348879],[0.0947064490531016,36.19733118992369],[0.09591082724442093,36.19573448294611],[0.08393552491251986,36.18670164651121],[0.08273114672120054,36.18829835348879]]],[[[0.09930040559272829,36.19954378191319],[0.09350207086178229,36.198927896901274],[0.09711520543574025,36.19413777596852],[0.09930040559272829,36.19954378191319]]]]},"properties":{"speed":0.2978,"dir_deg":53.0,"type":"متوسط"}},{"type":"Feature","geometry":{"type":"MultiPolygon","coordinates":[[[[0.12456071804632189,36.188398349244544],[0.1380359567144816,36.194987578549714],[0.13891452062183784,36.19319088006063],[0.12543928195367812,36.186601650755456],[0.12456071804632189,36.188398349244544]]],[[[0.1429669848908796,36.196285639073565],[0.13715739280712538,36.1967842770388],[0.13979308452919406,36.19139418157154],[0.1429669848908796,36.196285639073565]]]]},"properties":{"speed":0.162,"dir_deg":63.9,"type":"ضعيف"}},{"type":"Feature","geometry":{"type":"MultiPolygon","coordinates":[[[[0.16623144547556992,36.18840032116007],[0.17973626287655156,36.19492871353233],[0.1806067151928525,36.19312807121219],[0.16710189779187087,36.18659967883993],[0.16623144547556992,36.18840032116007]]],[[[0.18467309483502928,36.19620452316301],[0.17886581056025064,36.196729355852455],[0.18147716750915344,36.191327428892066],[0.18467309483502928,36.19620452316301]]]]},"properties":{"speed":0.0945,"dir_deg":64.2,"type":"ضعيف"}},{"type":"Feature","geometry":{"type":"MultiPolygon","coordinates":[[[[0.208217566145416,36.18849327695444],[0.2231167204620094,36.190229710267396],[0.2233482449037366,36.18824315635852],[0.2084490905871432,36.18650672304556],[0.208217566145416,36.18849327695444]]],[[[0.2281988674550708,36.189815244417275],[0.22288519602028217,36.192216264176274],[0.2235797693454638,36.18625660244964],[0.2281988674550708,36.189815244417275]]]]},"properties":{"speed":0.0625,"dir_deg":83.4,"type":"ضعيف"}},{"type":"Feature","geometry":{"type":"MultiPolygon","coordinates":[[[[0.249782551396562,36.18847607177239],[0.2644236279824605,36.191737800823965],[0.26485852518933645,36.18978565727918],[0.250217448603438,36.18652392822761],[0.249782551396562,36.18847607177239]]],[[[0.26952143544786467,36.19184897206876],[0.2639887307755845,36.19368994436875],[0.26529342239621245,36.1878335137344],[0.26952143544786467,36.19184897206876]]]]},"properties":{"speed":0.072,"dir_deg":77.4,"type":"ضعيف"}},{"type":"Feature","geometry":{"type":"MultiPolygon","coordinates":[[[[0.29171721864080363,36.188498720928706],[0.30669803257138845,36.18774029230504],[0.3065969087548996,36.185742850447625],[0.2916160948243148,36.186501279071294],[0.29171721864080363,36.188498720928706]]],[[[0.3116410753066723,36.186488761835115],[0.3067991563878773,36.18973773416245],[0.30649578493841073,36.18374540859021],[0.3116410753066723,36.186488761835115]]]]},"properties":{"speed":0.0847,"dir_deg":92.9,"type":"ضعيف"}},{"type":"Feature","geometry":{"type":"MultiPolygon","coordinates":[[[[-0.4163444342800496,36.23011460221246],[-0.40214447457950114,36.22528126542481],[-0.4027889194845204,36.223387937464736],[-0.41698887918506883,36.228221274252384],[-0.4163444342800496,36.23011460221246]]],[[[-0.39773337713182794,36.22272348918223],[-0.40150002967448184,36.22717459338488],[-0.4034333643895397,36.22149460950467],[-0.39773337713182794,36.22272348918223]]]]},"properties":{"speed":0.296,"dir_deg":108.8,"type":"متوسط"}},{"type":"Feature","geometry":{"type":"MultiPolygon","coordinates":[[[[-0.3746748427421572,36.23011359819122],[-0.36048994336020074,36.22523623932357],[-0.3611402578758864,36.22334491940598],[-0.3753251572578428,36.22822227827363],[-0.3746748427421572,36.23011359819122]]],[[[-0.3560868008240581,36.222664793075566],[-0.35983962884451504,36.22712755924117],[-0.3617905723915721,36.221453599488385],[-0.3560868008240581,36.222664793075566]]]]},"properties":{"speed":0.2912,"dir_deg":109.0,"type":"متوسط"}},{"type":"Feature","geometry":{"type":"MultiPolygon","coordinates":[[[[-0.33304222477398615,36.23012462523597],[-0.3186919197206795,36.22575784783415],[-0.3192741567075888,36.22384447382705],[-0.33362446176089544,36.22821125122887],[-0.33304222477398615,36.23012462523597]]],[[[-0.3141996031963653,36.22334556836333],[-0.3181096827337702,36.22767122184126],[-0.3198563936944981,36.22193109981994],[-0.3141996031963653,36.22334556836333]]]]},"properties":{"speed":0.2759,"dir_deg":106.9,"type":"متوسط"}},{"type":"Feature","geometry":{"type":"MultiPolygon","coordinates":[[[[-0.2914511313748681,36.230144436476245],[-0.27680365771750215,36.22691155611088],[-0.27723470843288434,36.22495855962323],[-0.2918821820902503,36.2281914399886],[-0.2914511313748681,36.230144436476245]]],[[[-0.27213669185607126,36.2248574310786],[-0.27637260700212,36.22886455259853],[-0.27766575914826647,36.22300556313558],[-0.27213669185607126,36.2248574310786]]]]},"properties":{"speed":0.2582,"dir_deg":102.4,"type":"متوسط"}},{"type":"Feature","geometry":{"type":"MultiPolygon","coordinates":[[[[-0.24992792248877269,36.230165337266094],[-0.23496693698365181,36.22908417459768],[-0.23511109200610644,36.22708937653034],[-0.25007207751122734,36.22817053919875],[-0.24992792248877269,36.230165337266094]]],[[[-0.23005201932650549,36.22772638800787],[-0.23482278196119716,36.23107897266503],[-0.2352552470285611,36.225094578462986],[-0.23005201932650549,36.22772638800787]]]]},"properties":{"speed":0.2477,"dir_deg":94.1,"type":"متوسط"}},{"type":"Feature","geometry":{"type":"MultiPolygon","coordinates":[[[[-0.20828777835196627,36.23016690029186],[-0.19330334746040043,36.229483650077164],[-0.1933944474890271,36.22748572595828],[-0.20837887838059294,36.22816897617298],[-0.20828777835196627,36.23016690029186]]],[[[-0.18835408717752516,36.228256937946156],[-0.19321224743177376,36.23148157419604],[-0.19348554751765376,36.22548780183941],[-0.18835408717752516,36.228256937946156]]]]},"properties":{"speed":0.249,"dir_deg":92.6,"type":"متوسط"}},{"type":"Feature","geometry":{"type":"MultiPolygon","coordinates":[[[[-0.1669818927178842,36.23011695649784],[-0.15274661873660147,36.234845272760296],[-0.1521161765682739,36.232947236229464],[-0.1663514505495566,36.228218919967006],[-0.1669818927178842,36.23011695649784]]],[[[-0.14768630632534346,36.2354723599157],[-0.15337706090492909,36.236743309291136],[-0.15148573439994628,36.231049199698624],[-0.14768630632534346,36.2354723599157]]]]},"properties":{"speed":0.2951,"dir_deg":71.6,"type":"متوسط"}},{"type":"Feature","geometry":{"type":"MultiPolygon","coordinates":[[[[-0.1254698895865997,36.230050663431115],[-0.11222901160622528,36.23709900723011],[-0.11128923243302591,36.23533355683272],[-0.12453011041340031,36.22828521303373],[-0.1254698895865997,36.230050663431115]]],[[[-0.10734549602616744,36.238565729964414],[-0.11316879077942467,36.238864457627486],[-0.11034945325982652,36.23356810643534],[-0.10734549602616744,36.238565729964414]]]]},"properties":{"speed":0.3665,"dir_deg":62.0,"type":"متوسط"}},{"type":"Feature","geometry":{"type":"MultiPolygon","coordinates":[[[[-0.08393767541148636,36.229964665070405],[-0.07198677284169716,36.239029758989794],[-0.07077809365244483,36.23743630531383],[-0.08272899622223404,36.22837121139444],[-0.08393767541148636,36.229964665070405]]],[[[-0.06739879905714127,36.24125473012494],[-0.07319545203094949,36.24062321266577],[-0.06956941446319251,36.235842851637855],[-0.06739879905714127,36.24125473012494]]]]},"properties":{"speed":0.424,"dir_deg":52.8,"type":"متوسط"}},{"type":"Feature","geometry":{"type":"MultiPolygon","coordinates":[[[[-0.042396383795791276,36.229851688715954],[-0.03214012654278442,36.24079742702637],[-0.030680694768062067,36.23942992605931],[-0.04093695202106892,36.22848418774889],[-0.042396383795791276,36.229851688715954]]],[[[-0.02799165823775429,36.24376225597965],[-0.03359955831750677,36.24216492799344],[-0.029221262993339717,36.23806242509224],[-0.02799165823775429,36.24376225597965]]]]},"properties":{"speed":0.4581,"dir_deg":43.1,"type":"قوي"}},{"type":"Feature","geometry":{"type":"MultiPolygon","coordinates":[[[[-0.0008433749666939304,36.229705263706926],[0.007216507150908822,36.242355888207335],[0.008903257084296684,36.24128123725833],[0.0008433749666939304,36.22863061275792],[-0.0008433749666939304,36.229705263706926]]],[[[0.010746509490137003,36.2460354375663],[0.005529757217520962,36.24343053915635],[0.010590007017684543,36.24020658630931],[0.010746509490137003,36.2460354375663]]]]},"properties":{"speed":0.5293,"dir_deg":32.5,"type":"قوي"}},{"type":"Feature","geometry":{"type":"MultiPolygon","coordinates":[[[[0.04082120023810825,36.229701964840785],[0.04883159936356528,36.242383979895614],[0.05052253470420898,36.24131592667889],[0.04251213557875195,36.22863391162406],[0.04082120023810825,36.229701964840785]]],[[[0.05234720007570614,36.24607729163886],[0.04714066402292158,36.24345203311234],[0.052213470044852675,36.24024787346216],[0.05234720007570614,36.24607729163886]]]]},"properties":{"speed":0.5197,"dir_deg":32.3,"type":"قوي"}},{"type":"Feature","geometry":{"type":"MultiPolygon","coordinates":[[[[0.08257260771835474,36.229817008922055],[0.0923086680628916,36.24122793039964],[0.09383012425990252,36.23992978902037],[0.08409406391536565,36.22851886754279],[0.08257260771835474,36.229817008922055]]],[[[0.09631474960957602,36.24438250020253],[0.09078721186588071,36.24252607177891],[0.09535158045691342,36.2386316476411],[0.09631474960957602,36.24438250020253]]]]},"properties":{"speed":0.3757,"dir_deg":40.5,"type":"متوسط"}},{"type":"Feature","geometry":{"type":"MultiPolygon","coordinates":[[[[0.12438517502291521,36.22995660181568],[0.1362151287717409,36.239178976471955],[0.1374447787259105,36.23760164930544],[0.1256148249770848,36.228379274649164],[0.12438517502291521,36.22995660181568]]],[[[0.14077327166510092,36.24146443777412],[0.13498547881757134,36.24075630363846],[0.13867442868008006,36.23602432213893],[0.14077327166510092,36.24146443777412]]]]},"properties":{"speed":0.2093,"dir_deg":52.1,"type":"ضعيف"}},{"type":"Feature","geometry":{"type":"MultiPolygon","coordinates":[[[[0.16615503664926395,36.23002714114366],[0.17904308031783742,36.23770166591051],[0.1800663502867503,36.235983260088034],[0.16717830661817684,36.228308735321185],[0.16615503664926395,36.23002714114366]]],[[[0.18385072985848502,36.23940063792155],[0.17801981034892453,36.23942007173299],[0.1810896202556632,36.234264854265554],[0.18385072985848502,36.23940063792155]]]]},"properties":{"speed":0.1115,"dir_deg":59.2,"type":"ضعيف"}},{"type":"Feature","geometry":{"type":"MultiPolygon","coordinates":[[[[0.20807732989534267,36.23013461541891],[0.22257748769267507,36.233974592482966],[0.22308948463454895,36.232041238109986],[0.20858932683721654,36.22820126104593],[0.20807732989534267,36.23013461541891]]],[[[0.22766687209605616,36.23428790765116],[0.22206549075080123,36.23590794685594],[0.2236014815764228,36.23010788373701],[0.22766687209605616,36.23428790765116]]]]},"properties":{"speed":0.0788,"dir_deg":75.2,"type":"ضعيف"}},{"type":"Feature","geometry":{"type":"MultiPolygon","coordinates":[[[[0.24963930702976134,36.23010062284215],[0.26362957617565674,36.23551101739573],[0.26435096211613407,36.23364564817627],[0.25036069297023866,36.22823525362269],[0.24963930702976134,36.23010062284215]]],[[[0.26865369219452717,36.23638179763719],[0.2629081902351794,36.23737638661518],[0.2650723480566114,36.23178027895682],[0.26865369219452717,36.23638179763719]]]]},"properties":{"speed":0.1095,"dir_deg":68.9,"type":"ضعيف"}},{"type":"Feature","geometry":{"type":"MultiPolygon","coordinates":[[[[0.29148343337319677,36.23015100954244],[0.30622950302349294,36.23289935993287],[0.3065959497422178,36.23093321731284],[0.29184988009192164,36.228184866922405],[0.29148343337319677,36.23015100954244]]],[[[0.3113280829329541,36.23283240541967],[0.305863056304768,36.234865502552914],[0.30696239646094275,36.2289670746928],[0.3113280829329541,36.23283240541967]]]]},"properties":{"speed":0.1055,"dir_deg":79.4,"type":"ضعيف"}},{"type":"Feature","geometry":{"type":"MultiPolygon","coordinates":[[[[0.3331076096916421,36.23014212730686],[0.3477204458082334,36.233528130943846],[0.3481719129598308,36.231579752794964],[0.3335590768432395,36.22819374915798],[0.3331076096916421,36.23014212730686]]],[[[0.35281712475622923,36.23368260974839],[0.34726897865663603,36.23547650909272],[0.3486233801114282,36.22963137464609],[0.35281712475622923,36.23368260974839]]]]},"properties":{"speed":0.0697,"dir_deg":77.0,"type":"ضعيف"}},{"type":"Feature","geometry":{"type":"MultiPolygon","coordinates":[[[[0.37501523347111393,36.23016782219637],[0.39001349293031484,36.22993932012966],[0.389983025988087,36.22793955220176],[0.37498476652888607,36.22816805426847],[0.37501523347111393,36.23016782219637]]],[[[0.39499767927893453,36.228863268810144],[0.39004395987254276,36.23193908805755],[0.38995255904585907,36.22593978427387],[0.39499767927893453,36.228863268810144]]]]},"properties":{"speed":0.0302,"dir_deg":90.9,"type":"ضعيف"}},{"type":"Feature","geometry":{"type":"MultiPolygon","coordinates":[[[[0.4157156828340712,36.2294772093827],[0.42035475008824646,36.24374181786002],[0.4222566978852225,36.24312327555946],[0.41761763063104723,36.22885866708214],[0.4157156828340712,36.2294772093827]]],[[[0.4228520797381262,36.248187416202185],[0.4184528022912704,36.24436036016058],[0.4241586456821986,36.242504733258905],[0.4228520797381262,36.248187416202185]]]]},"properties":{"speed":0.0238,"dir_deg":18.0,"type":"ضعيف"}},{"type":"Feature","geometry":{"type":"MultiPolygon","coordinates":[[[[-0.4163523160347478,36.271781372004384],[-0.402112662482699,36.26706626153721],[-0.4027413438783218,36.2651676410636],[-0.4169809974303706,36.26988275153077],[-0.4163523160347478,36.271781372004384]]],[[[-0.3976804519964941,36.26454524781135],[-0.4014839810870762,36.26896488201081],[-0.40337002527394455,36.263269020589995],[-0.3976804519964941,36.26454524781135]]]]},"properties":{"speed":0.2905,"dir_deg":108.3,"type":"متوسط"}},{"type":"Feature","geometry":{"type":"MultiPolygon","coordinates":[[[[-0.3747256198849798,36.271793683082066],[-0.3603013001676294,36.26767798135676],[-0.36085006039766976,36.265754738727786],[-0.3752743801150202,36.26987044045309],[-0.3747256198849798,36.271793683082066]]],[[[-0.35576757371019946,36.26534445946717],[-0.3597525399375891,36.269601223985745],[-0.36139882062771006,36.2638314960988],[-0.35576757371019946,36.26534445946717]]]]},"properties":{"speed":0.2771,"dir_deg":105.9,"type":"متوسط"}},{"type":"Feature","geometry":{"type":"MultiPolygon","coordinates":[[[[-0.3331050082674354,36.271805644392614],[-0.3185012688918912,36.26838061939253],[-0.318957938891902,36.26643345414246],[-0.3335616782674462,36.26985847914254],[-0.3331050082674354,36.271805644392614]]],[[[-0.31386169076671516,36.26626536176747],[-0.3180445988918804,36.2703277846426],[-0.31941460889191275,36.264486288892385],[-0.31386169076671516,36.26626536176747]]]]},"properties":{"speed":0.263,"dir_deg":103.2,"type":"متوسط"}},{"type":"Feature","geometry":{"type":"MultiPolygon","coordinates":[[[[-0.2914874327913894,36.27181587007152],[-0.2767303082322111,36.26912751095397],[-0.27708875611455075,36.267159894346086],[-0.291845880673729,36.269848253463636],[-0.2914874327913894,36.27181587007152]]],[[[-0.2719904906536549,36.26724758294418],[-0.27637186034987155,36.271095127561864],[-0.2774472039968903,36.265192277738194],[-0.2719904906536549,36.26724758294418]]]]},"properties":{"speed":0.2496,"dir_deg":100.3,"type":"متوسط"}},{"type":"Feature","geometry":{"type":"MultiPolygon","coordinates":[[[[-0.24989382544135882,36.271826409273785],[-0.2349786128482744,36.27023379089417],[-0.23519096196555675,36.26824509588175],[-0.25010617455864115,36.26983771426137],[-0.24989382544135882,36.271826409273785]]],[[[-0.23011304987588743,36.268708570594754],[-0.23476626373099208,36.272222485906575],[-0.23540331108283907,36.266256400869345],[-0.23011304987588743,36.268708570594754]]]]},"properties":{"speed":0.2291,"dir_deg":96.1,"type":"متوسط"}},{"type":"Feature","geometry":{"type":"MultiPolygon","coordinates":[[[[-0.2081627269886877,36.271817401896655],[-0.19338262505257633,36.269258381232774],[-0.19372382780776012,36.26728770097462],[-0.2085039297438715,36.2698467216385],[-0.2081627269886877,36.271817401896655]]],[[[-0.18862652578479777,36.26742003421574],[-0.19304142229739255,36.27122906149092],[-0.1940650305629439,36.26531702071647],[-0.18862652578479777,36.26742003421574]]]]},"properties":{"speed":0.2154,"dir_deg":99.8,"type":"متوسط"}},{"type":"Feature","geometry":{"type":"MultiPolygon","coordinates":[[[[-0.16685529112958608,36.27181411201364],[-0.15212453743874055,36.27464340445162],[-0.15174729844700918,36.27267930395951],[-0.16647805213785472,36.26985001152152],[-0.16685529112958608,36.27181411201364]]],[[[-0.147025666712593,36.274604451684894],[-0.1525017764304719,36.27660750494373],[-0.15137005945527782,36.2707152034674],[-0.147025666712593,36.274604451684894]]]]},"properties":{"speed":0.2308,"dir_deg":79.1,"type":"متوسط"}},{"type":"Feature","geometry":{"type":"MultiPolygon","coordinates":[[[[-0.12541134728360318,36.271743540463035],[-0.11173916685174573,36.27791374971708],[-0.11091647228453938,36.276090792326166],[-0.12458865271639682,36.26992058307212],[-0.12541134728360318,36.271743540463035]]],[[[-0.10677042609085674,36.27905900743964],[-0.11256186141895207,36.27973670710799],[-0.11009377771733304,36.27426783493525],[-0.10677042609085674,36.27905900743964]]]]},"properties":{"speed":0.2802,"dir_deg":65.7,"type":"متوسط"}},{"type":"Feature","geometry":{"type":"MultiPolygon","coordinates":[[[[-0.08398152524050273,36.27159354090129],[-0.07255933823483078,36.28131638225593],[-0.07126295938754572,36.2797934239885],[-0.08268514639321767,36.27007058263386],[-0.08398152524050273,36.27159354090129]]],[[[-0.06810375314263094,36.28379585024043],[-0.07385571708211586,36.28283934052335],[-0.06996658054026064,36.27827046572108],[-0.06810375314263094,36.28379585024043]]]]},"properties":{"speed":0.3496,"dir_deg":49.6,"type":"متوسط"}},{"type":"Feature","geometry":{"type":"MultiPolygon","coordinates":[[[[-0.042466171944260084,36.27143272248436],[-0.03345626119244892,36.28342528302181],[-0.03185725312078895,36.282223961588244],[-0.040867163872600115,36.27023140105079],[-0.042466171944260084,36.27143272248436]]],[[[-0.029653453572681874,36.286822142484176],[-0.03505526926410889,36.28462660445539],[-0.03025824504912898,36.28102264015467],[-0.029653453572681874,36.286822142484176]]]]},"properties":{"speed":0.4083,"dir_deg":36.9,"type":"متوسط"}},{"type":"Feature","geometry":{"type":"MultiPolygon","coordinates":[[[[-0.0009025614759668537,36.27126262277615],[0.005555853652578255,36.28480104491565],[0.007360976604511961,36.28393992289851],[0.0009025614759668537,36.27040150075901],[-0.0009025614759668537,36.27126262277615]]],[[[0.008611220171393479,36.288883291286915],[0.003750730700644547,36.28566216693279],[0.00916609955644567,36.28307880088138],[0.008611220171393479,36.288883291286915]]]]},"properties":{"speed":0.5095,"dir_deg":25.5,"type":"قوي"}},{"type":"Feature","geometry":{"type":"MultiPolygon","coordinates":[[[[0.04075559614954309,36.27124430956946],[0.04693931317780931,36.28491038595276],[0.04876145669558333,36.284085890349],[0.04257773966731711,36.270419813965695],[0.04075559614954309,36.27124430956946]]],[[[0.049911623946118394,36.28905349694532],[0.045117169660035296,36.285734881556536],[0.050583600213357345,36.283261394745224],[0.049911623946118394,36.28905349694532]]]]},"properties":{"speed":0.547,"dir_deg":24.3,"type":"قوي"}},{"type":"Feature","geometry":{"type":"MultiPolygon","coordinates":[[[[0.08247474728172131,36.27134472708465],[0.09016472703779431,36.28422355511174],[0.09188190410807208,36.28319822447759],[0.08419192435199908,36.2703193964505],[0.08247474728172131,36.27134472708465]]],[[[0.09358664215829086,36.28800383247036],[0.08844754996751653,36.28524888574588],[0.09359908117834986,36.282172893843445],[0.09358664215829086,36.28800383247036]]]]},"properties":{"speed":0.4414,"dir_deg":30.8,"type":"قوي"}},{"type":"Feature","geometry":{"type":"MultiPolygon","coordinates":[[[[0.12422938204201675,36.27146935915721],[0.1337888428865199,36.28302862852696],[0.1353300788024864,36.281754033747696],[0.12577061795798325,36.27019476437795],[0.12422938204201675,36.27146935915721]]],[[[0.13774594779267088,36.28624442092724],[0.1322476069705534,36.284303223306225],[0.1368713147184529,36.28047943896843],[0.13774594779267088,36.28624442092724]]]]},"properties":{"speed":0.2741,"dir_deg":39.6,"type":"متوسط"}},{"type":"Feature","geometry":{"type":"MultiPolygon","coordinates":[[[[0.16601468212344697,36.271590289753405],[0.17738810191087312,36.28137013240751],[0.17869208093141997,36.279853676435856],[0.16731866114399382,36.27007383378175],[0.16601468212344697,36.271590289753405]]],[[[0.1818312313502886,36.283871851973046],[0.17608412289032624,36.28288658837917],[0.17999605995196685,36.278337220464195],[0.1818312313502886,36.283871851973046]]]]},"properties":{"speed":0.1492,"dir_deg":49.3,"type":"ضعيف"}},{"type":"Feature","geometry":{"type":"MultiPolygon","coordinates":[[[[0.20813569145223126,36.27181233706065],[0.22283982084829634,36.27477689077138],[0.22323509467639302,36.27281634018523],[0.20853096528032794,36.269851786474504],[0.20813569145223126,36.27181233706065]]],[[[0.22793883422769973,36.27478480004854],[0.22244454702019964,36.27673744135752],[0.22363036850448972,36.27085578959909],[0.22793883422769973,36.27478480004854]]]]},"properties":{"speed":0.0957,"dir_deg":78.6,"type":"ضعيف"}},{"type":"Feature","geometry":{"type":"MultiPolygon","coordinates":[[[[0.24984909426943192,36.27182060992548],[0.2646773166378881,36.274084195884],[0.2649791280990243,36.2721070995682],[0.2501509057305681,36.26984351360968],[0.24984909426943192,36.27182060992548]]],[[[0.26977096315794163,36.27385017637894],[0.26437550517675196,36.27606129219979],[0.26528093956016047,36.27013000325241],[0.26977096315794163,36.27385017637894]]]]},"properties":{"speed":0.113,"dir_deg":81.3,"type":"ضعيف"}},{"type":"Feature","geometry":{"type":"MultiPolygon","coordinates":[[[[0.2914359429565926,36.271805083428994],[0.30603126787779,36.275265790068495],[0.30649269542972324,36.27331974674566],[0.2918973705085258,36.26985904010616],[0.2914359429565926,36.271805083428994]]],[[[0.31112708996082244,36.27544633728691],[0.3055698403258568,36.27721183339132],[0.3069541229816564,36.27137370342284],[0.31112708996082244,36.27544633728691]]]]},"properties":{"speed":0.1359,"dir_deg":76.7,"type":"ضعيف"}},{"type":"Feature","geometry":{"type":"MultiPolygon","coordinates":[[[[0.333206031120886,36.27182392446843],[0.3480839716336523,36.27373360666675],[0.3483385959267619,36.27174988126505],[0.3334606554139956,36.26984019906673],[0.333206031120886,36.27182392446843]]],[[[0.3531705972844625,36.273378304698674],[0.3478293473405427,36.27571733206845],[0.3485932202198715,36.26976615586335],[0.3531705972844625,36.273378304698674]]]]},"properties":{"speed":0.1245,"dir_deg":82.7,"type":"ضعيف"}},{"type":"Feature","geometry":{"type":"MultiPolygon","coordinates":[[[[0.3749659812021401,36.27183148296076],[0.38995729909995136,36.27234176492866],[0.3900253366956712,36.27034292254229],[0.3750340187978599,36.26983264057439],[0.3749659812021401,36.27183148296076]]],[[[0.3949884238637484,36.27151243772478],[0.3898892615042315,36.27434060731504],[0.39009337429139107,36.26834408015591],[0.3949884238637484,36.27151243772478]]]]},"properties":{"speed":0.1117,"dir_deg":88.1,"type":"ضعيف"}},{"type":"Feature","geometry":{"type":"MultiPolygon","coordinates":[[[[0.41634992680302385,36.271780577530095],[0.43057766324072616,36.27653152647312],[0.43121112309979687,36.27463449494809],[0.41698338666209456,36.26988354600506],[0.41634992680302385,36.271780577530095]]],[[[0.43563697198282897,36.27716666035828],[0.4299442033816555,36.27842855799815],[0.4318445829588675,36.27273746342306],[0.43563697198282897,36.27716666035828]]]]},"properties":{"speed":0.1043,"dir_deg":71.5,"type":"ضعيف"}},{"type":"Feature","geometry":{"type":"MultiPolygon","coordinates":[[[[0.45761192521464406,36.27152456158209],[0.46799942243232234,36.28234583237404],[0.4694422585379158,36.280960832745016],[0.45905476132023754,36.270139561953066],[0.45761192521464406,36.27152456158209]]],[[[0.4721833395576785,36.28526042282351],[0.4665565863267289,36.283730832003066],[0.47088509464350925,36.27957583311599],[0.4721833395576785,36.28526042282351]]]]},"properties":{"speed":0.0562,"dir_deg":43.8,"type":"ضعيف"}},{"type":"Feature","geometry":{"type":"MultiPolygon","coordinates":[[[[0.49901169485188046,36.27067957263944],[0.49672435792980413,36.28550414986123],[0.4987009682260432,36.28580912811751],[0.5009883051481195,36.27098455089572],[0.49901169485188046,36.27067957263944]]],[[[0.4969502174372316,36.29059816472997],[0.49474774763356505,36.28519917160496],[0.5006775785222823,36.28611410637379],[0.4969502174372316,36.29059816472997]]]]},"properties":{"speed":0.0444,"dir_deg":351.2,"type":"ضعيف"}},{"type":"Feature","geometry":{"type":"MultiPolygon","coordinates":[[[[-0.4163337413807647,36.31344295671615],[-0.402189390638458,36.30844922643924],[-0.40285522134204704,36.30656331300693],[-0.41699957208435373,36.31155704328385],[-0.4163337413807647,36.31344295671615]]],[[[-0.39780752240948364,36.30584169296411],[-0.4015235599348689,36.31033513987155],[-0.40352105204563615,36.30467739957462],[-0.39780752240948364,36.30584169296411]]]]},"properties":{"speed":0.2496,"dir_deg":109.4,"type":"متوسط"}},{"type":"Feature","geometry":{"type":"MultiPolygon","coordinates":[[[[-0.37478314869707685,36.31347620464679],[-0.3601400789951797,36.31022343510294],[-0.360573781601026,36.30827102580936],[-0.37521685130292315,36.31152379535321],[-0.37478314869707685,36.31347620464679]]],[[[-0.35547590706413706,36.308162973941535],[-0.3597063763893334,36.31217584439653],[-0.3610074842068723,36.306318616515775],[-0.35547590706413706,36.308162973941535]]]]},"properties":{"speed":0.2316,"dir_deg":102.5,"type":"متوسط"}},{"type":"Feature","geometry":{"type":"MultiPolygon","coordinates":[[[[-0.3332284919600399,36.3134944879101],[-0.3183111733085304,36.31192171829908],[-0.3185208759233322,36.309932742478885],[-0.3334381945748417,36.3115055120899],[-0.3332284919600399,36.3134944879101]]],[[[-0.3134435850654282,36.31040297385198],[-0.3181014706937286,36.313910694119286],[-0.318730578538134,36.30794376665868],[-0.3134435850654282,36.31040297385198]]]]},"properties":{"speed":0.2214,"dir_deg":96.0,"type":"متوسط"}},{"type":"Feature","geometry":{"type":"MultiPolygon","coordinates":[[[[-0.2916241699830049,36.31349909703038],[-0.27663771452731856,36.312861795787065],[-0.2767226880264272,36.310863601726304],[-0.2917091434821135,36.31150090296962],[-0.2916241699830049,36.31349909703038]]],[[[-0.27168471612497747,36.311650265008915],[-0.27655274102821,36.31485998984782],[-0.27680766152553576,36.30886540766555],[-0.27168471612497747,36.311650265008915]]]]},"properties":{"speed":0.2194,"dir_deg":92.4,"type":"متوسط"}},{"type":"Feature","geometry":{"type":"MultiPolygon","coordinates":[[[[-0.2500024875584589,36.313499996906025],[-0.23500253396813384,36.31353731028291],[-0.23499755885121607,36.31153731647086],[-0.24999751244154111,36.311500003093975],[-0.2500024875584589,36.313499996906025]]],[[[-0.2300000618795666,36.31254975116918],[-0.23500750908505164,36.31553730409495],[-0.23499258373429827,36.30953732265882],[-0.2300000618795666,36.31254975116918]]]]},"properties":{"speed":0.2097,"dir_deg":89.9,"type":"ضعيف"}},{"type":"Feature","geometry":{"type":"MultiPolygon","coordinates":[[[[-0.20818355291178467,36.313488720037846],[-0.19335275234415047,36.311242088220425],[-0.19365230325314034,36.30926464814473],[-0.20848310382077453,36.311511279962154],[-0.20818355291178467,36.313488720037846]]],[[[-0.188558927609434,36.3095044909101],[-0.19305320143516064,36.31321952829611],[-0.19395185416213018,36.30728720806905],[-0.188558927609434,36.3095044909101]]]]},"properties":{"speed":0.1954,"dir_deg":98.6,"type":"ضعيف"}},{"type":"Feature","geometry":{"type":"MultiPolygon","coordinates":[[[[-0.16673505096831254,36.31349765939408],[-0.15177016005707747,36.314523349412966],[-0.1516334013878932,36.312528030624804],[-0.16659829229912826,36.31150234060592],[-0.16673505096831254,36.31349765939408]]],[[[-0.14671348375207366,36.31386758669184],[-0.15190691872626175,36.316518668201134],[-0.1514966427187089,36.310532711836636],[-0.14671348375207366,36.31386758669184]]]]},"properties":{"speed":0.189,"dir_deg":86.1,"type":"ضعيف"}},{"type":"Feature","geometry":{"type":"MultiPolygon","coordinates":[[[[-0.12534682798464913,36.313437928754794],[-0.11127789666278073,36.31864034852453],[-0.11058424069348247,36.31676449101494],[-0.12465317201535087,36.311562071245206],[-0.12534682798464913,36.313437928754794]]],[[[-0.10624142490417546,36.31943655969298],[-0.111971552632079,36.320516206034114],[-0.1098905847241842,36.31488863350536],[-0.10624142490417546,36.31943655969298]]]]},"properties":{"speed":0.2163,"dir_deg":69.7,"type":"متوسط"}},{"type":"Feature","geometry":{"type":"MultiPolygon","coordinates":[[[[-0.08408944138689851,36.313154449667245],[-0.07427269637822427,36.32449603321782],[-0.07276048523814764,36.32318713388333],[-0.08257723024682188,36.311845550332755],[-0.08408944138689851,36.313154449667245]]],[[[-0.07024434247196121,36.327622111400764],[-0.07578490751830091,36.32580493255231],[-0.071248274098071,36.32187823454884],[-0.07024434247196121,36.327622111400764]]]]},"properties":{"speed":0.291,"dir_deg":40.9,"type":"متوسط"}},{"type":"Feature","geometry":{"type":"MultiPolygon","coordinates":[[[[-0.04255622913034865,36.3129568159722],[-0.03570398954731999,36.32630023430098],[-0.03392486710348289,36.32538660235658],[-0.04077710668651155,36.3120431840278],[-0.04255622913034865,36.3129568159722]]],[[[-0.03253034846439189,36.33029122443837],[-0.03748311199115709,36.32721386624539],[-0.03214574465964579,36.324472970412174],[-0.03253034846439189,36.33029122443837]]]]},"properties":{"speed":0.4084,"dir_deg":27.2,"type":"متوسط"}},{"type":"Feature","geometry":{"type":"MultiPolygon","coordinates":[[[[-0.0009244052750574243,36.312881411703344],[0.004796770275067891,36.326747490829206],[0.00664558082518274,36.32598466742252],[0.0009244052750574243,36.312118588296656],[-0.0009244052750574243,36.312881411703344]]],[[[0.007628234066833755,36.33098810550115],[0.0029479597249530425,36.32751031423589],[0.008494391375297589,36.325221844015836],[0.007628234066833755,36.33098810550115]]]]},"properties":{"speed":0.5077,"dir_deg":22.4,"type":"قوي"}},{"type":"Feature","geometry":{"type":"MultiPolygon","coordinates":[[[[0.040723401630445064,36.312832037240106],[0.045703960232013674,36.32698103140988],[0.047590492787983746,36.326316956929666],[0.042609934186415135,36.312167962759894],[0.040723401630445064,36.312832037240106]]],[[[0.04830741271052158,36.3313653255597],[0.04381742767604361,36.327645105890085],[0.04947702534395381,36.32565288244946],[0.04830741271052158,36.3313653255597]]]]},"properties":{"speed":0.5617,"dir_deg":19.4,"type":"قوي"}},{"type":"Feature","geometry":{"type":"MultiPolygon","coordinates":[[[[0.08241561281654848,36.31289722096458],[0.08837392728519171,36.32666306596926],[0.09020937328581514,36.3258686240401],[0.08425105881717192,36.31210277903542],[0.08241561281654848,36.31289722096458]]],[[[0.09127775510838451,36.330854460006236],[0.08653848128456827,36.32745750789841],[0.09204481928643858,36.325074182110946],[0.09127775510838451,36.330854460006236]]]]},"properties":{"speed":0.491,"dir_deg":23.4,"type":"قوي"}},{"type":"Feature","geometry":{"type":"MultiPolygon","coordinates":[[[[0.12413004273630898,36.31299312712291],[0.13152694957998556,36.32604248607827],[0.1332668641073676,36.325056231832455],[0.12586995726369102,36.31200687287709],[0.12413004273630898,36.31299312712291]]],[[[0.13486254245823545,36.32989914527382],[0.12978703505260353,36.327028740324096],[0.13500677863474964,36.32406997758663],[0.13486254245823545,36.32989914527382]]]]},"properties":{"speed":0.3376,"dir_deg":29.5,"type":"متوسط"}},{"type":"Feature","geometry":{"type":"MultiPolygon","coordinates":[[[[0.16588238063977853,36.313120393130866],[0.17518827760271988,36.32488475803999],[0.1767568595906036,36.32364397177826],[0.16745096262766226,36.311879606869134],[0.16588238063977853,36.313120393130866]]],[[[0.17907453425097553,36.32818581987884],[0.17361969561483617,36.32612554430172],[0.17832544157848731,36.322403185516535],[0.17907453425097553,36.32818581987884]]]]},"properties":{"speed":0.1847,"dir_deg":38.3,"type":"ضعيف"}},{"type":"Feature","geometry":{"type":"MultiPolygon","coordinates":[[[[0.20801450693292264,36.313447814799225],[0.2222317289213158,36.31823013629958],[0.2228693717880297,36.31633450670113],[0.20865214979963656,36.311552185200775],[0.20801450693292264,36.313447814799225]]],[[[0.2272896243508038,36.31887642866714],[0.2215940860546019,36.320125765898034],[0.2235070146547436,36.31443887710268],[0.2272896243508038,36.31887642866714]]]]},"properties":{"speed":0.0961,"dir_deg":71.4,"type":"ضعيف"}},{"type":"Feature","geometry":{"type":"MultiPolygon","coordinates":[[[[0.24988753609750805,36.31349365581095],[0.26479237326177,36.31518061434833],[0.26501730106675386,36.313193302726425],[0.2501124639024919,36.31150634418905],[0.24988753609750805,36.31349365581095]]],[[[0.26987311621901594,36.31474927804984],[0.2645674454567861,36.31716792597023],[0.26524222887173776,36.31120599110452],[0.26987311621901594,36.31474927804984]]]]},"properties":{"speed":0.0963,"dir_deg":83.5,"type":"ضعيف"}},{"type":"Feature","geometry":{"type":"MultiPolygon","coordinates":[[[[0.29136270826044386,36.31345268847285],[0.3056530353531739,36.31801191555458],[0.3062609322974046,36.31610653860888],[0.29197060520467455,36.31154731152715],[0.29136270826044386,36.31345268847285]]],[[[0.3107204261895326,36.31857896944231],[0.30504513840894315,36.31991729250027],[0.30686882924163533,36.314201161663185],[0.3107204261895326,36.31857896944231]]]]},"properties":{"speed":0.1066,"dir_deg":72.3,"type":"ضعيف"}},{"type":"Feature","geometry":{"type":"MultiPolygon","coordinates":[[[[0.33299221483245006,36.31344001669711],[0.34709246528906174,36.31855694322197],[0.3477747221590432,36.316676909827756],[0.33367447170243153,36.31155998330289],[0.33299221483245006,36.31344001669711]]],[[[0.35213367720958966,36.31932256869982],[0.3464102084190803,36.320436976616186],[0.3484569790290246,36.31479687643354],[0.35213367720958966,36.31932256869982]]]]},"properties":{"speed":0.0953,"dir_deg":70.1,"type":"ضعيف"}},{"type":"Feature","geometry":{"type":"MultiPolygon","coordinates":[[[[0.3746405104979397,36.31343314912951],[0.38863774744061524,36.31882549166041],[0.3893567264447358,36.316959193401395],[0.3753594895020603,36.31156685087049],[0.3746405104979397,36.31343314912951]]],[[[0.393662982590234,36.3196897900412],[0.38791876843649464,36.32069178991944],[0.3900757054488564,36.31509289514237],[0.393662982590234,36.3196897900412]]]]},"properties":{"speed":0.082,"dir_deg":68.9,"type":"ضعيف"}},{"type":"Feature","geometry":{"type":"MultiPolygon","coordinates":[[[[0.4160826704146527,36.31331176350035],[0.4282591229198797,36.32207155826895],[0.42942709555569275,36.32044803126825],[0.4172506430504657,36.31168823649965],[0.4160826704146527,36.31331176350035]]],[[[0.43290192673952854,36.32417972635813],[0.4270911502840667,36.32369508526965],[0.4305950681915058,36.31882450426755],[0.43290192673952854,36.32417972635813]]]]},"properties":{"speed":0.0895,"dir_deg":54.3,"type":"ضعيف"}},{"type":"Feature","geometry":{"type":"MultiPolygon","coordinates":[[[[0.4577660755441735,36.31332353344203],[0.47011907717459933,36.32183254929104],[0.47125361262113397,36.32018548240698],[0.4589006109907081,36.31167646655797],[0.4577660755441735,36.31332353344203]]],[[[0.47480401210800866,36.32384535446535],[0.46898454172806475,36.32347961617509],[0.47238814806766855,36.31853841552292],[0.47480401210800866,36.32384535446535]]]]},"properties":{"speed":0.088,"dir_deg":55.4,"type":"ضعيف"}},{"type":"Feature","geometry":{"type":"MultiPolygon","coordinates":[[[[0.49937663004500854,36.31328192704213],[0.5111055356769562,36.322632476367],[0.5123522755869391,36.321068622282745],[0.5006233699549915,36.31171807295787],[0.49937663004500854,36.31328192704213]]],[[[0.5156385408425969,36.324967399099826],[0.5098587957669732,36.32419633045126],[0.513599015496922,36.319504768198485],[0.5156385408425969,36.324967399099826]]]]},"properties":{"speed":0.088,"dir_deg":51.4,"type":"ضعيف"}},{"type":"Feature","geometry":{"type":"MultiPolygon","coordinates":[[[[0.5408202091374278,36.3130324246572],[0.5488065789955037,36.32572958561901],[0.5504995337904113,36.324664736304605],[0.5425131639323354,36.3119675753428],[0.5408202091374278,36.3130324246572]]],[[[0.5523151796789827,36.329429547949076],[0.5471136242005962,36.32679443493342],[0.5521924885853188,36.323599886990195],[0.5523151796789827,36.329429547949076]]]]},"properties":{"speed":0.0562,"dir_deg":32.2,"type":"ضعيف"}},{"type":"Feature","geometry":{"type":"MultiPolygon","coordinates":[[[[0.5823347523636125,36.31244637419875],[0.5815303653449067,36.32742479072134],[0.5835274875479184,36.32753204232384],[0.5843318745666243,36.31255362580125],[0.5823347523636125,36.31244637419875]]],[[[0.5822607974401772,36.332471222030115],[0.5795332431418949,36.327317539118845],[0.5855246097509301,36.32763929392633],[0.5822607974401772,36.332471222030115]]]]},"properties":{"speed":0.0654,"dir_deg":356.9,"type":"ضعيف"}},{"type":"Feature","geometry":{"type":"MultiPolygon","coordinates":[[[[-0.41635541405900406,36.35511826870029],[-0.40210045704098385,36.35044962859696],[-0.40272294238809414,36.34854896766123],[-0.41697789940611435,36.353217607764556],[-0.41635541405900406,36.35511826870029]]],[[[-0.3976600473751989,36.34794308476132],[-0.40147797169387356,36.3523502895327],[-0.40334542773520443,36.34664830672549],[-0.3976600473751989,36.34794308476132]]]]},"properties":{"speed":0.2422,"dir_deg":108.1,"type":"متوسط"}},{"type":"Feature","geometry":{"type":"MultiPolygon","coordinates":[[[[-0.3747938497004951,36.35514645857151],[-0.36011604461413566,36.35205420407894],[-0.3605283452131454,36.35009716340076],[-0.3752061502995049,36.35318941789333],[-0.3747938497004951,36.35514645857151]]],[[[-0.3554295932181874,36.35004493224233],[-0.35970374401512584,36.354011244757125],[-0.36094064581215524,36.348140122722576],[-0.3554295932181874,36.35004493224233]]]]},"properties":{"speed":0.2201,"dir_deg":101.9,"type":"متوسط"}},{"type":"Feature","geometry":{"type":"MultiPolygon","coordinates":[[[[-0.33326006804802333,36.35516524999021],[-0.31830039168122487,36.35406612169895],[-0.3184469421200598,36.35207149818338],[-0.33340661848685826,36.353170626474636],[-0.33326006804802333,36.35516524999021]]],[[[-0.3133871081117095,36.35270243384407],[-0.31815384124239,36.35606074521452],[-0.3185934925588947,36.350076874667806],[-0.3133871081117095,36.35270243384407]]]]},"properties":{"speed":0.2,"dir_deg":94.2,"type":"ضعيف"}},{"type":"Feature","geometry":{"type":"MultiPolygon","coordinates":[[[[-0.29169140654031284,36.35516763190901],[-0.2766960013914469,36.35553887902532],[-0.27664650177593963,36.35353949167214],[-0.29164190692480557,36.35316824455583],[-0.29169140654031284,36.35516763190901]]],[[[-0.27167278320073796,36.3546629343875],[-0.2767455010069542,36.3575382663785],[-0.2765970021604323,36.35154010431896],[-0.27167278320073796,36.3546629343875]]]]},"properties":{"speed":0.1896,"dir_deg":88.6,"type":"ضعيف"}},{"type":"Feature","geometry":{"type":"MultiPolygon","coordinates":[[[[-0.2500673333560542,36.355165668766766],[-0.23510137534089331,36.35617566910758],[-0.23496670862878494,36.35418020803889],[-0.2499326666439458,36.35317020769808],[-0.2500673333560542,36.355165668766766]]],[[[-0.23004538931311883,36.355514605353505],[-0.2352360420530017,36.35817113017627],[-0.23483204191667656,36.3521847469702],[-0.23004538931311883,36.355514605353505]]]]},"properties":{"speed":0.1826,"dir_deg":86.1,"type":"ضعيف"}},{"type":"Feature","geometry":{"type":"MultiPolygon","coordinates":[[[[-0.20824201242321477,36.35516376020373],[-0.19330468285357646,36.35379402105776],[-0.19348731473970612,36.35180237711514],[-0.20842464430934443,36.35317211626111],[-0.20824201242321477,36.35516376020373]]],[[[-0.18841688894009517,36.352341619371124],[-0.19312205096744683,36.355785665000376],[-0.19366994662583575,36.349810733172525],[-0.18841688894009517,36.352341619371124]]]]},"properties":{"speed":0.175,"dir_deg":95.2,"type":"ضعيف"}},{"type":"Feature","geometry":{"type":"MultiPolygon","coordinates":[[[[-0.16664819584341498,36.35516776754044],[-0.1516507562231387,36.354890630685865],[-0.15168770780374954,36.35289097206982],[-0.16668514742402582,36.3531681089244],[-0.16664819584341498,36.35516776754044]]],[[[-0.14667008547335203,36.353798422426316],[-0.15161380464252783,36.3568902893019],[-0.15172465938436042,36.350891313453786],[-0.14667008547335203,36.353798422426316]]]]},"properties":{"speed":0.166,"dir_deg":91.1,"type":"ضعيف"}},{"type":"Feature","geometry":{"type":"MultiPolygon","coordinates":[[[[-0.1252802087622001,36.355127877318814],[-0.11088112246629539,36.359331008751816],[-0.11032070494189514,36.35741113057903],[-0.12471979123779987,36.35320799914603],[-0.1252802087622001,36.355127877318814]]],[[[-0.10580121827212702,36.359772113476424],[-0.11144153999069563,36.3612508869246],[-0.1097602874174949,36.355491252406246],[-0.10580121827212702,36.359772113476424]]]]},"properties":{"speed":0.1738,"dir_deg":73.7,"type":"ضعيف"}},{"type":"Feature","geometry":{"type":"MultiPolygon","coordinates":[[[[-0.08418749748710613,36.35468794577187],[-0.07638738439538754,36.36750037082556],[-0.07467906105489568,36.36646035574666],[-0.08247917414661426,36.35364793069297],[-0.08418749748710613,36.35468794577187]]],[[[-0.07293318502790207,36.37125117163734],[-0.07809570773587943,36.36854038590445],[-0.0729707377144038,36.36542034066777],[-0.07293318502790207,36.37125117163734]]]]},"properties":{"speed":0.2744,"dir_deg":31.3,"type":"متوسط"}},{"type":"Feature","geometry":{"type":"MultiPolygon","coordinates":[[[[-0.042593587622007566,36.35454319793527],[-0.036964692079289714,36.36844699363893],[-0.03511085265213478,36.367696474233234],[-0.04073974819485263,36.35379267852957],[-0.042593587622007566,36.35454319793527]]],[[[-0.03416147385147296,36.372706332503974],[-0.03881853150644465,36.369197513044625],[-0.03325701322497984,36.36694595482754],[-0.03416147385147296,36.372706332503974]]]]},"properties":{"speed":0.4268,"dir_deg":22.0,"type":"متوسط"}},{"type":"Feature","geometry":{"type":"MultiPolygon","coordinates":[[[[-0.0009322612641554199,36.35452972399134],[0.004494525119603496,36.36851364295367],[0.0063590476479143355,36.367790071435834],[0.0009322612641554199,36.3538061524735],[-0.0009322612641554199,36.35452972399134]]],[[[0.007235715178345222,36.37281316351553],[0.0026300025912926557,36.369237214471504],[0.008223570176225176,36.367066499918],[0.007235715178345222,36.37281316351553]]]]},"properties":{"speed":0.5116,"dir_deg":21.2,"type":"قوي"}},{"type":"Feature","geometry":{"type":"MultiPolygon","coordinates":[[[[0.0407101197469119,36.35445951260492],[0.04508373533434465,36.368807735027694],[0.04699683165738104,36.3682245862827],[0.042623216069948296,36.353876363859925],[0.0407101197469119,36.35445951260492]]],[[[0.04749815535834043,36.37329890146279],[0.04317063901130825,36.36939088377268],[0.04890992798041744,36.36764143753771],[0.04749815535834043,36.37329890146279]]]]},"properties":{"speed":0.5711,"dir_deg":17.0,"type":"قوي"}},{"type":"Feature","geometry":{"type":"MultiPolygon","coordinates":[[[[0.0823864476124343,36.35448950117854],[0.08720989180427424,36.36869282424493],[0.08910366821312604,36.36804969835269],[0.0842802240212861,36.3538463752863],[0.0823864476124343,36.35448950117854]]],[[[0.08976459473931346,36.37310570232094],[0.08531611539542243,36.36933595013718],[0.09099744462197785,36.367406572460446],[0.08976459473931346,36.37310570232094]]]]},"properties":{"speed":0.5229,"dir_deg":18.8,"type":"قوي"}},{"type":"Feature","geometry":{"type":"MultiPolygon","coordinates":[[[[0.12406516690491573,36.35452302566438],[0.12939147838429924,36.36854552209064],[0.13126114457446778,36.36783534722673],[0.12593483309508427,36.353812850800466],[0.12406516690491573,36.35452302566438]]],[[[0.132101748639178,36.37286460013411],[0.1275218121941307,36.36925569695456],[0.13313081076463631,36.36712517236281],[0.132101748639178,36.37286460013411]]]]},"properties":{"speed":0.3786,"dir_deg":20.8,"type":"متوسط"}},{"type":"Feature","geometry":{"type":"MultiPolygon","coordinates":[[[[0.16575133197512584,36.354570620873474],[0.1717915715908943,36.36830071575239],[0.17362225090808342,36.367495350470286],[0.16758201129231495,36.35376525559137],[0.16575133197512584,36.354570620873474]]],[[[0.17472032445474503,36.37247473140431],[0.1699608922737052,36.369106081034495],[0.17545293022527253,36.36668998518818],[0.17472032445474503,36.37247473140431]]]]},"properties":{"speed":0.2,"dir_deg":23.7,"type":"ضعيف"}},{"type":"Feature","geometry":{"type":"MultiPolygon","coordinates":[[[[0.2076314792315539,36.35488026385465],[0.21831636356499773,36.36540800087554],[0.21972006183444914,36.36398334963108],[0.2090351775010053,36.35345561261019],[0.2076314792315539,36.35488026385465]]],[[[0.22257984081087137,36.368204920926935],[0.21691266529554631,36.366832652119996],[0.22112376010390056,36.36255869838662],[0.22257984081087137,36.368204920926935]]]]},"properties":{"speed":0.0855,"dir_deg":45.4,"type":"ضعيف"}},{"type":"Feature","geometry":{"type":"MultiPolygon","coordinates":[[[[0.2493983758120449,36.35496671751137],[0.26138006499617733,36.36399108033069],[0.26258331337208757,36.3623935217728],[0.2506016241879551,36.35336915895348],[0.2493983758120449,36.35496671751137]]],[[[0.26597558557884327,36.36620042199152],[0.26017681662026715,36.365588638888575],[0.26378656174799775,36.36079596321492],[0.26597558557884327,36.36620042199152]]]]},"properties":{"speed":0.0722,"dir_deg":53.0,"type":"ضعيف"}},{"type":"Feature","geometry":{"type":"MultiPolygon","coordinates":[[[[0.29080931435223567,36.35468268481367],[0.29853051307087863,36.36754282051852],[0.3002451978315257,36.36651332735603],[0.29252399911288274,36.353653191651176],[0.29080931435223567,36.35468268481367]]],[[[0.3019615883574165,36.37131478583889],[0.2968158283102316,36.36857231368101],[0.3019598825921727,36.36548383419355],[0.3019615883574165,36.37131478583889]]]]},"properties":{"speed":0.0758,"dir_deg":31.0,"type":"ضعيف"}},{"type":"Feature","geometry":{"type":"MultiPolygon","coordinates":[[[[0.3323722118606758,36.35444402955596],[0.33651358171366286,36.36886100065743],[0.3384358445271929,36.36830881801036],[0.3342944746742058,36.35389184690889],[0.3323722118606758,36.35444402955596]]],[[[0.3388551697380902,36.373390566367725],[0.33459131890013283,36.369413183304495],[0.3403581073407229,36.3677566353633],[0.3388551697380902,36.373390566367725]]]]},"properties":{"speed":0.0762,"dir_deg":16.0,"type":"ضعيف"}},{"type":"Feature","geometry":{"type":"MultiPolygon","coordinates":[[[[0.3740105970481829,36.35431313395872],[0.3761885329426754,36.36915417823597],[0.3781673388463096,36.36886378678338],[0.3759894029518171,36.354022742506125],[0.3740105970481829,36.35431313395872]]],[[[0.37790391452599004,36.373955997268766],[0.37420972703904126,36.369444569688575],[0.38014614474994374,36.36857339533078],[0.37790391452599004,36.373955997268766]]]]},"properties":{"speed":0.0743,"dir_deg":8.3,"type":"ضعيف"}},{"type":"Feature","geometry":{"type":"MultiPolygon","coordinates":[[[[0.4156668739795915,36.35414709484334],[0.41535422314340015,36.36914383613786],[0.41735378864933553,36.36918552291602],[0.4176664394855269,36.3541887816215],[0.4156668739795915,36.35414709484334]]],[[[0.4162497889509707,36.374163593291776],[0.4133546576374647,36.3691021493597],[0.419353354155271,36.36922720969418],[0.4162497889509707,36.374163593291776]]]]},"properties":{"speed":0.069,"dir_deg":358.8,"type":"ضعيف"}},{"type":"Feature","geometry":{"type":"MultiPolygon","coordinates":[[[[0.4573339751899147,36.354203483212686],[0.4578671498938392,36.36919400437558],[0.4598658860488914,36.36912291441505],[0.4593327113449669,36.35413239325216],[0.4573339751899147,36.354203483212686]]],[[[0.4590442428726734,36.37415529978294],[0.455868413738787,36.3692650943361],[0.4618646222039436,36.36905182445453],[0.4590442428726734,36.37415529978294]]]]},"properties":{"speed":0.0515,"dir_deg":2.0,"type":"ضعيف"}},{"type":"Feature","geometry":{"type":"MultiPolygon","coordinates":[[[[0.4991108199192868,36.3546254956431],[0.5059741810793998,36.36796319685379],[0.5077525412408261,36.36704808203244],[0.5008891800807131,36.353710380821745],[0.4991108199192868,36.3546254956431]]],[[[0.509151148213484,36.371951539846684],[0.5041958209179734,36.36887831167514],[0.5095309014022525,36.366132967211094],[0.509151148213484,36.371951539846684]]]]},"properties":{"speed":0.0457,"dir_deg":27.2,"type":"ضعيف"}},{"type":"Feature","geometry":{"type":"MultiPolygon","coordinates":[[[[0.5412503183636643,36.35507713433118],[0.5548882598450376,36.36132265689944],[0.5557209961874722,36.35950426470192],[0.5420830547060989,36.35325874213366],[0.5412503183636643,36.35507713433118]]],[[[0.559850608510046,36.362495301656764],[0.554055523502603,36.36314104909695],[0.5565537325299068,36.357685872504405],[0.559850608510046,36.362495301656764]]]]},"properties":{"speed":0.042,"dir_deg":65.4,"type":"ضعيف"}},{"type":"Feature","geometry":{"type":"MultiPolygon","coordinates":[[[[0.5829837941670316,36.35510486739744],[0.5970377316423304,36.36034765686875],[0.597736770238504,36.358473798538704],[0.5836828327632052,36.3532310090674],[0.5829837941670316,36.35510486739744]]],[[[0.6020718967655169,36.36115832419416],[0.5963386930461569,36.36222151519878],[0.5984358088346775,36.35659994020867],[0.6020718967655169,36.36115832419416]]]]},"properties":{"speed":0.0775,"dir_deg":69.5,"type":"ضعيف"}},{"type":"Feature","geometry":{"type":"MultiPolygon","coordinates":[[[[0.6253811298483978,36.355092459751184],[0.639248952629879,36.34937551202522],[0.6384866929330835,36.347526468987695],[0.6246188701516022,36.35324341671366],[0.6253811298483978,36.355092459751184]]],[[[0.6434904303753083,36.346545341264466],[0.6400112123266745,36.35122455506275],[0.637724433236288,36.345677425950164],[0.6434904303753083,36.346545341264466]]]]},"properties":{"speed":0.1167,"dir_deg":112.4,"type":"ضعيف"}},{"type":"Feature","geometry":{"type":"MultiPolygon","coordinates":[[[[0.6668832223163317,36.35514421291475],[0.6815273425512298,36.351896176193],[0.6810942709883296,36.34994362682834],[0.6664501507534315,36.35319166355009],[0.6668832223163317,36.35514421291475]]],[[[0.6861921801814125,36.34983722260342],[0.68196041411413,36.353848725557654],[0.6806611994254295,36.34799107746369],[0.6861921801814125,36.34983722260342]]]]},"properties":{"speed":0.1289,"dir_deg":102.5,"type":"ضعيف"}},{"type":"Feature","geometry":{"type":"MultiPolygon","coordinates":[[[[0.7081491656738998,36.355150836798394],[0.7228926441634761,36.35791305366667],[0.7232609397459132,36.355947256534726],[0.708517461256337,36.35318503966645],[0.7081491656738998,36.355150836798394]]],[[[0.7279912847845534,36.357850894056796],[0.722524348581039,36.359878850798616],[0.7236292353283503,36.35398145940278],[0.7279912847845534,36.357850894056796]]]]},"properties":{"speed":0.1194,"dir_deg":79.4,"type":"ضعيف"}},{"type":"Feature","geometry":{"type":"MultiPolygon","coordinates":[[[[0.7492583208835549,36.35483869309691],[0.7593196438508187,36.365963879843584],[0.7608030020837089,36.36462237011461],[0.7507416791164451,36.353497183367935],[0.7492583208835549,36.35483869309691]]],[[[0.763415097289685,36.369001520561326],[0.7578362856179287,36.36730538957255],[0.7622863603165989,36.36328086038564],[0.763415097289685,36.369001520561326]]]]},"properties":{"speed":0.1489,"dir_deg":42.1,"type":"ضعيف"}},{"type":"Feature","geometry":{"type":"MultiPolygon","coordinates":[[[[-0.41641486820070817,36.396799844044345],[-0.4018981340491724,36.39302301606658],[-0.4024017111128745,36.391087451513044],[-0.41691844526441024,36.39486427949081],[-0.41641486820070817,36.396799844044345]]],[[[-0.39731101119717815,36.390796291130556],[-0.4013945569854703,36.39495858062012],[-0.4029052881765766,36.3891518869595],[-0.39731101119717815,36.390796291130556]]]]},"properties":{"speed":0.2187,"dir_deg":104.6,"type":"متوسط"}},{"type":"Feature","geometry":{"type":"MultiPolygon","coordinates":[[[[-0.3747930526334799,36.396810413845046],[-0.36011777147142593,36.39370620334724],[-0.36053166620446614,36.39174949919231],[-0.3752069473665201,36.39485370969011],[-0.3747930526334799,36.396810413845046]]],[[[-0.3554329584505947,36.391693114437174],[-0.35970387673838566,36.395662907502185],[-0.3609455609375064,36.389792795037366],[-0.3554329584505947,36.391693114437174]]]]},"properties":{"speed":0.2091,"dir_deg":101.9,"type":"ضعيف"}},{"type":"Feature","geometry":{"type":"MultiPolygon","coordinates":[[[[-0.33321879861380044,36.39682547986804],[-0.318317527106894,36.39510731006344],[-0.3185466164141747,36.39312047386251],[-0.33344788792108115,36.394838643667114],[-0.33321879861380044,36.39682547986804]]],[[[-0.3134649812582322,36.393541168694775],[-0.31808843779961327,36.39709414626436],[-0.3187757057214554,36.39113363766159],[-0.3134649812582322,36.393541168694775]]]]},"properties":{"speed":0.1932,"dir_deg":96.6,"type":"ضعيف"}},{"type":"Feature","geometry":{"type":"MultiPolygon","coordinates":[[[[-0.2916441316477152,36.39683180804567],[-0.2766479374763805,36.39649393177301],[-0.27669298764606853,36.39449443921683],[-0.2916891818174032,36.39483231548949],[-0.2916441316477152,36.39683180804567]]],[[[-0.2716717311707796,36.395381560070696],[-0.2766028873066924,36.39849342432918],[-0.2767380378157566,36.392494946660655],[-0.2716717311707796,36.395381560070696]]]]},"properties":{"speed":0.1743,"dir_deg":91.3,"type":"ضعيف"}},{"type":"Feature","geometry":{"type":"MultiPolygon","coordinates":[[[[-0.24999158150776254,36.396832026331445],[-0.23499211304976708,36.39670574894788],[-0.235008950034242,36.394705819820146],[-0.2500084184922375,36.39483209720371],[-0.24999158150776254,36.396832026331445]]],[[[-0.23000070872267273,36.39566369192283],[-0.23497527606529217,36.398705678075615],[-0.2350257870187169,36.39270589069241],[-0.23000070872267273,36.39566369192283]]]]},"properties":{"speed":0.164,"dir_deg":90.5,"type":"ضعيف"}},{"type":"Feature","geometry":{"type":"MultiPolygon","coordinates":[[[[-0.20824708656893048,36.39682833600311],[-0.19330297303591193,36.39553470904288],[-0.19347545663061017,36.39354216057181],[-0.20841957016362872,36.394835787532045],[-0.20824708656893048,36.39682833600311]]],[[[-0.1884078436555882,36.3941072258206],[-0.1931304894412137,36.39752725751395],[-0.1936479402253084,36.39154961210074],[-0.1884078436555882,36.3941072258206]]]]},"properties":{"speed":0.1675,"dir_deg":94.9,"type":"ضعيف"}},{"type":"Feature","geometry":{"type":"MultiPolygon","coordinates":[[[[-0.16661150079261358,36.396830538696854],[-0.15163434685351013,36.396002976080254],[-0.15174468853572376,36.3940060222217],[-0.16672184247482721,36.3948335848383],[-0.16661150079261358,36.396830538696854]]],[[[-0.14669713304824913,36.39472864494544],[-0.15152400517129647,36.3979999299388],[-0.15185503021793742,36.39200906836316],[-0.14669713304824913,36.39472864494544]]]]},"properties":{"speed":0.1626,"dir_deg":93.2,"type":"ضعيف"}},{"type":"Feature","geometry":{"type":"MultiPolygon","coordinates":[[[[-0.1252597348399473,36.396797741741956],[-0.11077453522425505,36.40069376434116],[-0.11025506554436047,36.39876240439241],[-0.12474026516005271,36.3948663817932],[-0.1252597348399473,36.396797741741956]]],[[[-0.10568640051241035,36.40102675856652],[-0.11129400490414962,36.402625124289926],[-0.1097355958644659,36.396831044443644],[-0.10568640051241035,36.40102675856652]]]]},"properties":{"speed":0.1515,"dir_deg":74.9,"type":"ضعيف"}},{"type":"Feature","geometry":{"type":"MultiPolygon","coordinates":[[[[-0.08424318577599811,36.396246999174735],[-0.07801912466866899,36.409894748561804],[-0.07619942475039317,36.40906487374749],[-0.08242348585772229,36.39541712436042],[-0.08424318577599811,36.396246999174735]]],[[[-0.07503458767375469,36.414029060950334],[-0.07983882458694481,36.41072462337611],[-0.07437972483211734,36.40823499893318],[-0.07503458767375469,36.414029060950334]]]]},"properties":{"speed":0.2784,"dir_deg":24.5,"type":"متوسط"}},{"type":"Feature","geometry":{"type":"MultiPolygon","coordinates":[[[[-0.04261061885434369,36.39616214753175],[-0.03765933239176756,36.41032141172045],[-0.03577143049994038,36.409661240192115],[-0.04072271696251651,36.39550197600341],[-0.04261061885434369,36.39616214753175]]],[[[-0.03506495262499526,36.41471108068585],[-0.03954723428359473,36.4109815832488],[-0.03388352860811321,36.40900106866377],[-0.03506495262499526,36.41471108068585]]]]},"properties":{"speed":0.415,"dir_deg":19.3,"type":"متوسط"}},{"type":"Feature","geometry":{"type":"MultiPolygon","coordinates":[[[[-0.0009522159467126391,36.39613748735725],[0.003629167898359099,36.41042072655794],[0.005533599791784377,36.40980987537859],[0.0009522159467126391,36.395526636177905],[-0.0009522159467126391,36.39613748735725]]],[[[0.0061085117934289845,36.414876380701834],[0.0017247360049338204,36.411031577737276],[0.007438031685209656,36.40919902419925],[0.0061085117934289845,36.414876380701834]]]]},"properties":{"speed":0.4983,"dir_deg":17.8,"type":"قوي"}},{"type":"Feature","geometry":{"type":"MultiPolygon","coordinates":[[[[0.04069533283983478,36.3960697762697],[0.044261050371595646,36.410639802298626],[0.04620372050878629,36.410164373294386],[0.04263800297702542,36.39559434726546],[0.04069533283983478,36.3960697762697]]],[[[0.04642095795077793,36.415258763139484],[0.042318380234405,36.41111523130286],[0.048146390645976936,36.40968894429015],[0.04642095795077793,36.415258763139484]]]]},"properties":{"speed":0.5775,"dir_deg":13.8,"type":"قوي"}},{"type":"Feature","geometry":{"type":"MultiPolygon","coordinates":[[[[0.08236787993837674,36.396092628355426],[0.08627637875606795,36.41057446653268],[0.08820729051303486,36.410053333356984],[0.08429879169534366,36.39557149517973],[0.08236787993837674,36.396092628355426]]],[[[0.08854466757378181,36.41514117933725],[0.08434546699910105,36.41109559970837],[0.09013820227000176,36.409532200181296],[0.08854466757378181,36.41514117933725]]]]},"properties":{"speed":0.5395,"dir_deg":15.1,"type":"قوي"}},{"type":"Feature","geometry":{"type":"MultiPolygon","coordinates":[[[[0.12403190216990509,36.396082634294736],[0.12779049007725055,36.41060410174616],[0.12972668573744037,36.410102956691844],[0.1259680978300949,36.39558148924042],[0.12403190216990509,36.396082634294736]]],[[[0.13001145054312727,36.415194018369476],[0.12585429441706072,36.411105246800474],[0.1316628813976302,36.40960181163753],[0.13001145054312727,36.415194018369476]]]]},"properties":{"speed":0.403,"dir_deg":14.5,"type":"متوسط"}},{"type":"Feature","geometry":{"type":"MultiPolygon","coordinates":[[[[0.16570821399349692,36.3961172966741],[0.16998673759129015,36.41049416127745],[0.17190365287173712,36.40992369146441],[0.16762512927394388,36.39554682686106],[0.16570821399349692,36.3961172966741]]],[[[0.1723713697641114,36.41500121457205],[0.16806982231084316,36.41106463109048],[0.1738205681521841,36.40935322165137],[0.1723713697641114,36.41500121457205]]]]},"properties":{"speed":0.2218,"dir_deg":16.6,"type":"متوسط"}},{"type":"Feature","geometry":{"type":"MultiPolygon","coordinates":[[[[0.20751616107592954,36.396408462339735],[0.21616216965827212,36.40866597169499],[0.21779650423897223,36.40751317055067],[0.20915049565662966,36.39525566119542],[0.20751616107592954,36.396408462339735]]],[[[0.21986133980940303,36.41217540757458],[0.21452783507757203,36.4098187728393],[0.21943083881967232,36.40636036940636],[0.21986133980940303,36.41217540757458]]]]},"properties":{"speed":0.1091,"dir_deg":35.2,"type":"ضعيف"}},{"type":"Feature","geometry":{"type":"MultiPolygon","coordinates":[[[[0.24919391307224603,36.39642385891602],[0.2580708702988773,36.40851516283233],[0.25968304415438526,36.40733156853544],[0.25080608692775397,36.39524026461913],[0.24919391307224603,36.39642385891602]]],[[[0.2618359429688418,36.41195380032266],[0.25645869644336944,36.40969875712921],[0.26129521800989314,36.40614797423856],[0.2618359429688418,36.41195380032266]]]]},"properties":{"speed":0.0944,"dir_deg":36.3,"type":"ضعيف"}},{"type":"Feature","geometry":{"type":"MultiPolygon","coordinates":[[[[0.29068985412820875,36.39604620347798],[0.2939019797842492,36.41069824254323],[0.2958555849929501,36.41026995912243],[0.29264345933690966,36.39561792005718],[0.29068985412820875,36.39604620347798]]],[[[0.2959494909406131,36.41536811385458],[0.29194837457554834,36.41112652596404],[0.297809190201651,36.40984167570162],[0.2959494909406131,36.41536811385458]]]]},"properties":{"speed":0.1038,"dir_deg":12.4,"type":"ضعيف"}},{"type":"Feature","geometry":{"type":"MultiPolygon","coordinates":[[[[0.33233351702160585,36.395813421002046],[0.33205390553863595,36.41081081468957],[0.33405355803030584,36.41084809622063],[0.33433316951327574,36.39585070253311],[0.33233351702160585,36.395813421002046]]],[[[0.33296052795681425,36.41582858668428],[0.33005425304696606,36.410773533158505],[0.33605321052197573,36.4108853777517],[0.33296052795681425,36.41582858668428]]]]},"properties":{"speed":0.1155,"dir_deg":358.9,"type":"ضعيف"}},{"type":"Feature","geometry":{"type":"MultiPolygon","coordinates":[[[[0.3740136941858039,36.395667134993275],[0.37153979257121406,36.410461722206215],[0.3735124041996063,36.41079157575482],[0.3759863058141961,36.39599698854188],[0.3740136941858039,36.395667134993275]]],[[[0.37170146451388025,36.4155581780515],[0.36956718094282187,36.4101318686576],[0.3754850158279985,36.411121429303435],[0.37170146451388025,36.4155581780515]]]]},"properties":{"speed":0.105,"dir_deg":350.5,"type":"ضعيف"}},{"type":"Feature","geometry":{"type":"MultiPolygon","coordinates":[[[[0.41577136277568844,36.39538658591998],[0.40908922506176093,36.40881599527304],[0.41087981297550247,36.409706946968235],[0.41756195068943,36.39627753761518],[0.41577136277568844,36.39538658591998]]],[[[0.40775713978065586,36.413737940904994],[0.40729863714801934,36.40792504357785],[0.41267040088924406,36.410597898663426],[0.40775713978065586,36.413737940904994]]]]},"properties":{"speed":0.0728,"dir_deg":333.5,"type":"ضعيف"}},{"type":"Feature","geometry":{"type":"MultiPolygon","coordinates":[[[[0.4577598225349118,36.39501287072188],[0.4454719568493718,36.403615681709816],[0.44661899831442975,36.405254063801216],[0.45890686399996977,36.39665125281328],[0.4577598225349118,36.39501287072188]]],[[[0.44194952235338747,36.40730247641816],[0.44432491538431385,36.40197729961841],[0.4477660397794877,36.40689244589262],[0.44194952235338747,36.40730247641816]]]]},"properties":{"speed":0.0242,"dir_deg":305.0,"type":"ضعيف"}},{"type":"Feature","geometry":{"type":"MultiPolygon","coordinates":[[[[0.5007183750747782,36.39652771775435],[0.5111532148764188,36.38575209163268],[0.5097164647268624,36.38436077965913],[0.49928162492522177,36.395136405780804],[0.5007183750747782,36.39652771775435]]],[[[0.5139131197355208,36.381464560272015],[0.5125899650259753,36.38714340360624],[0.5082797145773059,36.38296946768558],[0.5139131197355208,36.381464560272015]]]]},"properties":{"speed":0.0283,"dir_deg":135.9,"type":"ضعيف"}},{"type":"Feature","geometry":{"type":"MultiPolygon","coordinates":[[[[0.5422701671352715,36.39662943944782],[0.5542308323389474,36.38757723044197],[0.5530238711381675,36.385982475081484],[0.5410632059344916,36.395034684087335],[0.5422701671352715,36.39662943944782]]],[[[0.5576142401397828,36.38376244975978],[0.5554377935397273,36.38917198580246],[0.5518169099373876,36.38438771972099],[0.5576142401397828,36.38376244975978]]]]},"properties":{"speed":0.08,"dir_deg":127.1,"type":"ضعيف"}},{"type":"Feature","geometry":{"type":"MultiPolygon","coordinates":[[[[0.5837395405279284,36.396745833934716],[0.5974461230350364,36.39065242799256],[0.5966336689094164,36.38882488365829],[0.5829270864023084,36.39491828960044],[0.5837395405279284,36.396745833934716]]],[[[0.601608756807929,36.38770752051138],[0.5982585771606566,36.392479972326846],[0.5958212147837962,36.386997339324004],[0.601608756807929,36.38770752051138]]]]},"properties":{"speed":0.1292,"dir_deg":114.0,"type":"ضعيف"}},{"type":"Feature","geometry":{"type":"MultiPolygon","coordinates":[[[[0.6253934933850106,36.396751389215204],[0.6391834050993549,36.39084898844005],[0.6383964183293337,36.389010333544796],[0.6246065066149894,36.39491273431995],[0.6253934933850106,36.396751389215204]]],[[[0.6433865489524591,36.38796219406737],[0.639970391869376,36.39268764333529],[0.6376094315593126,36.38717167864955],[0.6433865489524591,36.38796219406737]]]]},"properties":{"speed":0.1994,"dir_deg":113.2,"type":"ضعيف"}},{"type":"Feature","geometry":{"type":"MultiPolygon","coordinates":[[[[0.666885199211599,36.396807895877515],[0.6815227108606331,36.393530205726755],[0.6810856855071984,36.39157853750688],[0.6664481738581642,36.39485622765764],[0.666885199211599,36.396807895877515]]],[[[0.6861833687335938,36.39146180823323],[0.6819597362140678,36.39548187394662],[0.6806486601537637,36.389626869287014],[0.6861833687335938,36.39146180823323]]]]},"properties":{"speed":0.2441,"dir_deg":102.6,"type":"متوسط"}},{"type":"Feature","geometry":{"type":"MultiPolygon","coordinates":[[[[0.708363330881428,36.396831611143405],[0.7233565715188476,36.39638134989876],[0.7232965366862284,36.39438225114711],[0.7083032960488088,36.39483251239175],[0.708363330881428,36.396831611143405]]],[[[0.7283243009816779,36.39523171344138],[0.7234166063514669,36.398380448650414],[0.7232365018536091,36.39238315239545],[0.7283243009816779,36.39523171344138]]]]},"properties":{"speed":0.2818,"dir_deg":91.7,"type":"متوسط"}},{"type":"Feature","geometry":{"type":"MultiPolygon","coordinates":[[[[0.7497409956631732,36.39679793792605],[0.7642291380402556,36.400683002978454],[0.7647471467139092,36.398751250661505],[0.7502590043368268,36.394866185609104],[0.7497409956631732,36.39679793792605]]],[[[0.7693175231694432,36.401012148504115],[0.7637111293666021,36.402614755295396],[0.7652651553875627,36.39681949834456],[0.7693175231694432,36.401012148504115]]]]},"properties":{"speed":0.3449,"dir_deg":75.0,"type":"متوسط"}},{"type":"Feature","geometry":{"type":"MultiPolygon","coordinates":[[[[0.7914173241524454,36.39680047201237],[0.8059434778243845,36.40054090774892],[0.8064422025892569,36.39860408725933],[0.7919160489173178,36.39486365152278],[0.7914173241524454,36.39680047201237]]],[[[0.8110348914308003,36.400819309416306],[0.805444753059512,36.40247772823851],[0.8069409273541294,36.39666726676974],[0.8110348914308003,36.400819309416306]]]]},"properties":{"speed":0.3364,"dir_deg":75.6,"type":"متوسط"}},{"type":"Feature","geometry":{"type":"MultiPolygon","coordinates":[[[[0.8331414202247407,36.396813477573595],[0.8478626573149755,36.39969187617926],[0.8482464437957309,36.39772904456723],[0.8335252067054961,36.39485064596156],[0.8331414202247407,36.396813477573595]]],[[[0.8529616295854314,36.39966992657513],[0.8474788708342201,36.401654707791295],[0.8486302302764862,36.395766212955195],[0.8529616295854314,36.39966992657513]]]]},"properties":{"speed":0.231,"dir_deg":78.9,"type":"متوسط"}},{"type":"Feature","geometry":{"type":"MultiPolygon","coordinates":[[[[0.8745459752909168,36.39672305086041],[0.8879108116833658,36.403533421496654],[0.8888188611015322,36.40175144331099],[0.8754540247090832,36.39494107267475],[0.8745459752909168,36.39672305086041]]],[[[0.8928197818565986,36.404912555949245],[0.8870027622651994,36.405315399682316],[0.8897269105196987,36.39996946512533],[0.8928197818565986,36.404912555949245]]]]},"properties":{"speed":0.1846,"dir_deg":63.0,"type":"ضعيف"}},{"type":"Feature","geometry":{"type":"MultiPolygon","coordinates":[[[[-0.41655502573711445,36.43849374972748],[-0.40164877982499414,36.43681928479581],[-0.40187204181588365,36.434831785340855],[-0.41677828772800396,36.43650625027252],[-0.41655502573711445,36.43849374972748]]],[[[-0.39679166218306544,36.435267380091105],[-0.40142551783410463,36.43880678425076],[-0.40209530380677316,36.432844285885906],[-0.39679166218306544,36.435267380091105]]]]},"properties":{"speed":0.2021,"dir_deg":96.4,"type":"ضعيف"}},{"type":"Feature","geometry":{"type":"MultiPolygon","coordinates":[[[[-0.374884252683436,36.43849327869136],[-0.3599850723130481,36.4367570689429],[-0.3602165669461761,36.43477051156018],[-0.375115747316564,36.43650672130864],[-0.374884252683436,36.43849327869136]]],[[[-0.3551344261728161,36.43518505366872],[-0.3597535776799201,36.43874362632562],[-0.3604480615793041,36.43278395417747],[-0.3551344261728161,36.43518505366872]]]]},"properties":{"speed":0.2016,"dir_deg":96.6,"type":"ضعيف"}},{"type":"Feature","geometry":{"type":"MultiPolygon","coordinates":[[[[-0.3332538089233009,36.43849683212634],[-0.31830132702821057,36.437303816964246],[-0.3184603957164903,36.435310152711565],[-0.33341287761158067,36.43650316787366],[-0.3332538089233009,36.43849683212634]]],[[[-0.3133967007406537,36.4359093131172],[-0.3181422583399309,36.439297481216926],[-0.31861946440477,36.433316488458885],[-0.3133967007406537,36.4359093131172]]]]},"properties":{"speed":0.1929,"dir_deg":94.6,"type":"ضعيف"}},{"type":"Feature","geometry":{"type":"MultiPolygon","coordinates":[[[[-0.29160569326261554,36.43849813999786],[-0.276633593294682,36.43758368794871],[-0.27675552023456934,36.43558740795299],[-0.29172762020250287,36.43650186000214],[-0.29160569326261554,36.43849813999786]]],[[[-0.2717038567753145,36.436280730601126],[-0.2765116663547946,36.43957996794443],[-0.2768774471744567,36.433591127957264],[-0.2717038567753145,36.436280730601126]]]]},"properties":{"speed":0.171,"dir_deg":93.5,"type":"ضعيف"}},{"type":"Feature","geometry":{"type":"MultiPolygon","coordinates":[[[[-0.24988332519956377,36.4384931701722],[-0.23498577261659856,36.43674304816566],[-0.23521912221747102,36.43475670782126],[-0.2501166748004362,36.4365068298278],[-0.24988332519956377,36.4384931701722]]],[[[-0.2301365965560464,36.435166503991276],[-0.23475242301572613,36.438729388510055],[-0.23545247181834345,36.43277036747686],[-0.2301365965560464,36.435166503991276]]]]},"properties":{"speed":0.159,"dir_deg":96.7,"type":"ضعيف"}},{"type":"Feature","geometry":{"type":"MultiPolygon","coordinates":[[[[-0.20824128101521644,36.438495754631],[-0.193304961550184,36.43711504436505],[-0.19348905625231033,36.43512353510305],[-0.20842537571734276,36.436504245369],[-0.20824128101521644,36.438495754631]]],[[[-0.18841823574623634,36.435659052978735],[-0.19312086684805765,36.439106553627056],[-0.19367315095443668,36.43313202584105],[-0.18841823574623634,36.435659052978735]]]]},"properties":{"speed":0.17,"dir_deg":95.3,"type":"ضعيف"}},{"type":"Feature","geometry":{"type":"MultiPolygon","coordinates":[[[[-0.1667083520707699,36.438499130992994],[-0.15172138717581346,36.43912433754874],[-0.15163802630171447,36.43712607556275],[-0.1666249911966709,36.436500869007006],[-0.1667083520707699,36.438499130992994]]],[[[-0.1466840517737785,36.43833360874099],[-0.15180474804991248,36.44112259953474],[-0.15155466542761545,36.435127813576756],[-0.1466840517737785,36.43833360874099]]]]},"properties":{"speed":0.169,"dir_deg":87.6,"type":"ضعيف"}},{"type":"Feature","geometry":{"type":"MultiPolygon","coordinates":[[[[-0.12545372303850114,36.43839114275194],[-0.1120865817594171,36.44519698832946],[-0.11117913568241483,36.44341470282558],[-0.12454627696149886,36.43660885724806],[-0.12545372303850114,36.43839114275194]]],[[[-0.1071771449612213,36.44657446077002],[-0.11299402783641938,36.446979273833335],[-0.11027168960541256,36.4416324173217],[-0.1071771449612213,36.44657446077002]]]]},"properties":{"speed":0.1557,"dir_deg":63.0,"type":"ضعيف"}},{"type":"Feature","geometry":{"type":"MultiPolygon","coordinates":[[[[-0.0842708187647285,36.43784803120903],[-0.07905035062933728,36.45191027542705],[-0.07717538473360068,36.451214213008996],[-0.0823958528689919,36.43715196879097],[-0.0842708187647285,36.43784803120903]]],[[[-0.07637271163633857,36.45624965895737],[-0.0809253165250739,36.452606337845104],[-0.07530041883786406,36.450518150590945],[-0.07637271163633857,36.45624965895737]]]]},"properties":{"speed":0.2927,"dir_deg":20.4,"type":"متوسط"}},{"type":"Feature","geometry":{"type":"MultiPolygon","coordinates":[[[[-0.04262883918868257,36.43777244527424],[-0.0385421600750383,36.452205014478025],[-0.03661781751453336,36.45166012392954],[-0.04070449662817763,36.43722755472576],[-0.04262883918868257,36.43777244527424]]],[[[-0.03621776242357107,36.45674342560505],[-0.04046650263554325,36.452749905026515],[-0.03469347495402841,36.45111523338105],[-0.03621776242357107,36.45674342560505]]]]},"properties":{"speed":0.4006,"dir_deg":15.8,"type":"متوسط"}},{"type":"Feature","geometry":{"type":"MultiPolygon","coordinates":[[[[-0.0009830145975942425,36.43768352738465],[0.0017698961721623275,36.452428746348566],[0.0037359253673508123,36.45206169157927],[0.0009830145975942425,36.43731647261535],[-0.0009830145975942425,36.43768352738465]]],[[[0.00367054769300876,36.45716029195189],[-0.00019613302302615718,36.452795801117865],[0.005701954562539297,36.45169463680997],[0.00367054769300876,36.45716029195189]]]]},"properties":{"speed":0.4928,"dir_deg":10.6,"type":"قوي"}},{"type":"Feature","geometry":{"type":"MultiPolygon","coordinates":[[[[0.04067667096281784,36.4376410887936],[0.042793002866759106,36.45249104297778],[0.04477299675798363,36.45220886539059],[0.04265666485404236,36.4373589112064],[0.04067667096281784,36.4376410887936]]],[[[0.044488443780351786,36.45729993891224],[0.040813008975534595,36.45277322056497],[0.04675299064920814,36.4519266878034],[0.044488443780351786,36.45729993891224]]]]},"properties":{"speed":0.5923,"dir_deg":8.1,"type":"قوي"}},{"type":"Feature","geometry":{"type":"MultiPolygon","coordinates":[[[[0.08234926098825347,36.4376777546953],[0.08501558141781494,36.4524388771244],[0.0869837310750284,36.4520833677338],[0.08431741064546693,36.4373222453047],[0.08234926098825347,36.4376777546953]]],[[[0.08688842972294215,36.45718149657213],[0.0830474317606015,36.45279438651501],[0.08895188073224183,36.45172785834319],[0.08688842972294215,36.45718149657213]]]]},"properties":{"speed":0.5487,"dir_deg":10.2,"type":"قوي"}},{"type":"Feature","geometry":{"type":"MultiPolygon","coordinates":[[[[0.12400929281983544,36.437636012069945],[0.12604947386899196,36.45249661977241],[0.12803088822932107,36.45222459563252],[0.12599070718016456,36.437363987930055],[0.12400929281983544,36.437636012069945]]],[[[0.12772024139887533,36.45731414360329],[0.12406805950866284,36.4527686439123],[0.13001230258965019,36.45195257149263],[0.12772024139887533,36.45731414360329]]]]},"properties":{"speed":0.4243,"dir_deg":7.8,"type":"متوسط"}},{"type":"Feature","geometry":{"type":"MultiPolygon","coordinates":[[[[0.16568422711039157,36.43768655497469],[0.16848255173072602,36.45242322282462],[0.17044744077738366,36.45205011287524],[0.16764911615704922,36.43731344502531],[0.16568422711039157,36.43768655497469]]],[[[0.17039777112749965,36.45714889046658],[0.16651766268406837,36.452796332774],[0.1724123298240413,36.45167700292586],[0.17039777112749965,36.45714889046658]]]]},"properties":{"speed":0.2461,"dir_deg":10.8,"type":"متوسط"}},{"type":"Feature","geometry":{"type":"MultiPolygon","coordinates":[[[[0.2074442013595051,36.437957660535574],[0.21430910939315312,36.45129456563719],[0.21608736340670215,36.450379244566044],[0.20922245537305412,36.437042339464426],[0.2074442013595051,36.437957660535574]]],[[[0.21748653907781032,36.45528254013549],[0.21253085537960412,36.452209886708346],[0.21786561742025115,36.44946392349489],[0.21748653907781032,36.45528254013549]]]]},"properties":{"speed":0.1303,"dir_deg":27.2,"type":"ضعيف"}},{"type":"Feature","geometry":{"type":"MultiPolygon","coordinates":[[[[0.24910343720375286,36.437942916642704],[0.255747186844335,36.45139135858641],[0.25754031243682934,36.450505525301004],[0.25089656279624717,36.437057083357296],[0.24910343720375286,36.437942916642704]]],[[[0.2588583328541096,36.45543125592494],[0.2539540612518407,36.45227719187182],[0.2593334380293236,36.449619692015595],[0.2588583328541096,36.45543125592494]]]]},"properties":{"speed":0.1171,"dir_deg":26.3,"type":"ضعيف"}},{"type":"Feature","geometry":{"type":"MultiPolygon","coordinates":[[[[0.290676541442781,36.43764025588383],[0.292780379700152,36.4524919852305],[0.29476061027970835,36.452211473462846],[0.2926567720223374,36.43735974411617],[0.290676541442781,36.43764025588383]]],[[[0.2944717744090538,36.457302305795565],[0.29080014912059565,36.45277249699815],[0.2967408408592647,36.4519309616952],[0.2944717744090538,36.457302305795565]]]]},"properties":{"speed":0.1373,"dir_deg":8.1,"type":"ضعيف"}},{"type":"Feature","geometry":{"type":"MultiPolygon","coordinates":[[[[0.3323352357343248,36.4374385072985],[0.3314128452119057,36.45241012029524],[0.33340906027813777,36.45253310569824],[0.3343314508005568,36.4375614927015],[0.3323352357343248,36.4374385072985]]],[[[0.33210348923754873,36.45746215066232],[0.32941663014567374,36.45228713489225],[0.33540527534436976,36.452656091101225],[0.33210348923754873,36.45746215066232]]]]},"properties":{"speed":0.1423,"dir_deg":356.5,"type":"ضعيف"}},{"type":"Feature","geometry":{"type":"MultiPolygon","coordinates":[[[[0.37403728378879814,36.43722948660534],[0.36997958286893406,36.45167022977337],[0.3719050152913378,36.45221125656269],[0.37596271621120186,36.43777051339466],[0.37403728378879814,36.43722948660534]]],[[[0.3695897321068479,36.456754324224036],[0.3680541504465304,36.451129202984056],[0.37383044771374146,36.452752283352005],[0.3695897321068479,36.456754324224036]]]]},"properties":{"speed":0.1016,"dir_deg":344.3,"type":"ضعيف"}},{"type":"Feature","geometry":{"type":"MultiPolygon","coordinates":[[[[0.41602389612615215,36.43673393289925],[0.40453288961490513,36.446375341995356],[0.40581841082771924,36.44790747619685],[0.41730941733896626,36.43826606710075],[0.41602389612615215,36.43673393289925]]],[[[0.4013453147175632,36.450355212128144],[0.40324736840209097,36.44484320779385],[0.4071039320405334,36.44943961039836],[0.4013453147175632,36.450355212128144]]]]},"properties":{"speed":0.0344,"dir_deg":310.0,"type":"ضعيف"}},{"type":"Feature","geometry":{"type":"MultiPolygon","coordinates":[[[[0.4592226057273811,36.43795739728611],[0.4660835650190326,36.42461846038701],[0.46430504009915197,36.423703665814784],[0.4574440808075005,36.43704260271389],[0.4592226057273811,36.43795739728611]]],[[[0.4674812889896428,36.41971475080119],[0.46786208993891326,36.42553325495923],[0.4625265151792713,36.42278887124257],[0.4674812889896428,36.41971475080119]]]]},"properties":{"speed":0.06,"dir_deg":152.8,"type":"ضعيف"}},{"type":"Feature","geometry":{"type":"MultiPolygon","coordinates":[[[[0.5006116715972501,36.438291111785475],[0.5124783483793757,36.429116037826724],[0.5112550051848755,36.427533814255774],[0.4993883284027499,36.436708888214525],[0.5006116715972501,36.438291111785475]]],[[[0.5158222357095008,36.425266568055],[0.5137016915738759,36.43069826139767],[0.5100316619903753,36.425951590684825],[0.5158222357095008,36.425266568055]]]]},"properties":{"speed":0.1431,"dir_deg":127.7,"type":"ضعيف"}},{"type":"Feature","geometry":{"type":"MultiPolygon","coordinates":[[[[0.5421981984080857,36.43834705084183],[0.554903961035519,36.43037437274376],[0.5538409372891108,36.42868027106011],[0.5411351746616775,36.43665294915817],[0.5421981984080857,36.43834705084183]]],[[[0.5586077033714594,36.426869762535915],[0.5559669847819273,36.432068474427425],[0.5527779135427024,36.42698616937645],[0.5586077033714594,36.426869762535915]]]]},"properties":{"speed":0.2246,"dir_deg":122.1,"type":"متوسط"}},{"type":"Feature","geometry":{"type":"MultiPolygon","coordinates":[[[[0.5838085226969157,36.438379872823774],[0.597006615053513,36.431251734346816],[0.5960561965899184,36.42949198869927],[0.5828581042333211,36.436620127176226],[0.5838085226969157,36.438379872823774]]],[[[0.6009307699405815,36.42799581536405],[0.5979570335171078,36.43301147999436],[0.5951057781263236,36.42773224305172],[0.6009307699405815,36.42799581536405]]]]},"properties":{"speed":0.2887,"dir_deg":118.4,"type":"متوسط"}},{"type":"Feature","geometry":{"type":"MultiPolygon","coordinates":[[[[0.6254376510995725,36.438399144879895],[0.638924824298011,36.431834378386306],[0.638049522098866,36.430036088626515],[0.6245623489004275,36.436600855120105],[0.6254376510995725,36.438399144879895]]],[[[0.642982897597918,36.42874697800855],[0.6398001264971559,36.433632668146096],[0.6371742198997211,36.428237798866725],[0.642982897597918,36.42874697800855]]]]},"properties":{"speed":0.3596,"dir_deg":116.0,"type":"متوسط"}},{"type":"Feature","geometry":{"type":"MultiPolygon","coordinates":[[[[0.6669282177352048,36.438465195022395],[0.6814061430711409,36.434542227017545],[0.6808830806704944,36.432611836972754],[0.6664051553345584,36.436534804977605],[0.6669282177352048,36.438465195022395]]],[[[0.6859705869827963,36.432269375993535],[0.6819292054717873,36.436472617062336],[0.680360018269848,36.43068144692796],[0.6859705869827963,36.432269375993535]]]]},"properties":{"speed":0.4186,"dir_deg":105.2,"type":"متوسط"}},{"type":"Feature","geometry":{"type":"MultiPolygon","coordinates":[[[[0.7084616066630768,36.43849173628317],[0.7233376509106401,36.43656733831379],[0.7230810645147233,36.434583865747456],[0.70820502026716,36.43650826371683],[0.7084616066630768,36.43849173628317]]],[[[0.7281680391285361,36.43493413604083],[0.7235942373065569,36.43855081088014],[0.7228244781188065,36.43260039318111],[0.7281680391285361,36.43493413604083]]]]},"properties":{"speed":0.4464,"dir_deg":97.4,"type":"قوي"}},{"type":"Feature","geometry":{"type":"MultiPolygon","coordinates":[[[[0.7499223009346181,36.43849697685793],[0.764876953803499,36.439662462838655],[0.7650323519342628,36.4376685091228],[0.7500776990653819,36.43650302314207],[0.7499223009346181,36.43849697685793]]],[[[0.7699395371585078,36.43905398130764],[0.7647215556727353,36.4416564165545],[0.7651877500650265,36.435674555406955],[0.7699395371585078,36.43905398130764]]]]},"properties":{"speed":0.4711,"dir_deg":85.5,"type":"قوي"}},{"type":"Feature","geometry":{"type":"MultiPolygon","coordinates":[[[[0.7914691065432429,36.438480286767685],[0.8061734080585616,36.44144398664227],[0.8065685680418391,36.4394834131069],[0.7918642665265203,36.436519713232315],[0.7914691065432429,36.438480286767685]]],[[[0.81127242188864,36.441451599832774],[0.8057782480752841,36.44340456017765],[0.8069637280251166,36.43752283957152],[0.81127242188864,36.441451599832774]]]]},"properties":{"speed":0.4966,"dir_deg":78.6,"type":"قوي"}},{"type":"Feature","geometry":{"type":"MultiPolygon","coordinates":[[[[0.8331051209224217,36.43847361602465],[0.8477093612921897,36.4418965041651],[0.848165746377583,36.4399492721158],[0.8335615060078151,36.43652638397535],[0.8331051209224217,36.43847361602465]]],[[[0.8528056339581424,36.442063850853934],[0.8472529762067962,36.443843736214404],[0.8486221314629765,36.43800204006649],[0.8528056339581424,36.442063850853934]]]]},"properties":{"speed":0.4675,"dir_deg":76.8,"type":"قوي"}},{"type":"Feature","geometry":{"type":"MultiPolygon","coordinates":[[[[0.8747131959633077,36.43845798927162],[0.8890830350375917,36.442760049822006],[0.8896566431109764,36.44084407127877],[0.8752868040366923,36.43654201072838],[0.8747131959633077,36.43845798927162]]],[[[0.8941597854323787,36.44323608073385],[0.888509426964207,36.444676028365244],[0.890230251184361,36.43892809273553],[0.8941597854323787,36.44323608073385]]]]},"properties":{"speed":0.4084,"dir_deg":73.3,"type":"متوسط"}},{"type":"Feature","geometry":{"type":"MultiPolygon","coordinates":[[[[0.9160140618372611,36.43825768133411],[0.9273792818488815,36.44804705179842],[0.9286845312441225,36.446531689130204],[0.9173193112325021,36.43674231866589],[0.9160140618372611,36.43825768133411]]],[[[0.9318203132170422,36.45055249395241],[0.9260740324536405,36.449562414466634],[0.9299897806393636,36.44501632646199],[0.9318203132170422,36.45055249395241]]]]},"properties":{"speed":0.4594,"dir_deg":49.3,"type":"قوي"}},{"type":"Feature","geometry":{"type":"MultiPolygon","coordinates":[[[[-0.4167224846068635,36.48016637864048],[-0.4017458784859361,36.48100379675505],[-0.4016342227373275,36.479006915938925],[-0.4166108288582549,36.47816949782436],[-0.4167224846068635,36.48016637864048]]],[[[-0.39669784857132273,36.48028449571851],[-0.40185753423454473,36.48300067757117],[-0.4015225669887189,36.4770100351228],[-0.39669784857132273,36.48028449571851]]]]},"properties":{"speed":0.1771,"dir_deg":86.8,"type":"ضعيف"}},{"type":"Feature","geometry":{"type":"MultiPolygon","coordinates":[[[[-0.3750411003200972,36.48016709325727],[-0.3600537749473104,36.48078359805873],[-0.359971574307116,36.47878528800903],[-0.3749588996799028,36.47816878320757],[-0.3750411003200972,36.48016709325727]]],[[[-0.35501689950295096,36.47998994463437],[-0.3601359755875048,36.482781908108436],[-0.3598893736669216,36.47678697795932],[-0.35501689950295096,36.47998994463437]]]]},"properties":{"speed":0.1756,"dir_deg":87.6,"type":"ضعيف"}},{"type":"Feature","geometry":{"type":"MultiPolygon","coordinates":[[[[-0.3333785837391015,36.48016691435812],[-0.31839394185356146,36.48084552143303],[-0.31830346091024003,36.47884756918163],[-0.3332881027957801,36.47816896210672],[-0.3333785837391015,36.48016691435812]]],[[[-0.3133538207533874,36.48007274766564],[-0.3184844227968828,36.48284347368444],[-0.31821297996691866,36.476849616930224],[-0.3133538207533874,36.48007274766564]]]]},"properties":{"speed":0.1712,"dir_deg":87.4,"type":"ضعيف"}},{"type":"Feature","geometry":{"type":"MultiPolygon","coordinates":[[[[-0.29162421069536937,36.48016703699327],[-0.27663772928265784,36.479530346435425],[-0.2767226213570375,36.477532148913724],[-0.29170910276974904,36.47816883947157],[-0.29162421069536937,36.48016703699327]]],[[[-0.27168468151561054,36.47831901748862],[-0.27655283720827817,36.48152854395712],[-0.2768075134314172,36.47553395139203],[-0.27168468151561054,36.47831901748862]]]]},"properties":{"speed":0.1559,"dir_deg":92.4,"type":"ضعيف"}},{"type":"Feature","geometry":{"type":"MultiPolygon","coordinates":[[[[-0.24982739229766207,36.48015292888268],[-0.23505253254380773,36.477563813347615],[-0.2353977479484836,36.475593832047096],[-0.25017260770233796,36.47818294758216],[-0.24982739229766207,36.48015292888268]]],[[[-0.23030018699486088,36.47571578418567],[-0.23470731713913187,36.47953379464813],[-0.23574296335315945,36.473623850746584],[-0.23030018699486088,36.47571578418567]]]]},"properties":{"speed":0.152,"dir_deg":99.9,"type":"ضعيف"}},{"type":"Feature","geometry":{"type":"MultiPolygon","coordinates":[[[[-0.20826666792072995,36.48016571395121],[-0.19330003213893843,36.47916580726796],[-0.19343335303003772,36.47717025583039],[-0.20839998881182925,36.478170162513635],[-0.20826666792072995,36.48016571395121]]],[[[-0.18837781399055756,36.47783472932143],[-0.19316671124783913,36.481161358705535],[-0.19356667392113702,36.47517470439281],[-0.18837781399055756,36.47783472932143]]]]},"properties":{"speed":0.1662,"dir_deg":93.8,"type":"ضعيف"}},{"type":"Feature","geometry":{"type":"MultiPolygon","coordinates":[[[[-0.16689220489136616,36.48014217370175],[-0.15227867285145436,36.48352517256644],[-0.15182760633616282,36.48157670162778],[-0.16644113837607463,36.47819370276309],[-0.16689220489136616,36.48014217370175]]],[[[-0.1471819622471713,36.483678603385336],[-0.15272973936674591,36.48547364350509],[-0.15137653982087126,36.47962823068913],[-0.1471819622471713,36.483678603385336]]]]},"properties":{"speed":0.1725,"dir_deg":77.0,"type":"ضعيف"}},{"type":"Feature","geometry":{"type":"MultiPolygon","coordinates":[[[[-0.12570415164385762,36.479877987852134],[-0.11505340734818353,36.49044026251],[-0.11364510406046827,36.489020163270574],[-0.12429584835614237,36.47845788861271],[-0.12570415164385762,36.479877987852134]]],[[[-0.11079900760576786,36.493250971109575],[-0.11646171063589879,36.491860361749424],[-0.11223680077275301,36.48760006403115],[-0.11079900760576786,36.493250971109575]]]]},"properties":{"speed":0.1924,"dir_deg":45.2,"type":"ضعيف"}},{"type":"Feature","geometry":{"type":"MultiPolygon","coordinates":[[[[-0.08427886565863855,36.47949347366568],[-0.07939583415976582,36.49367642129235],[-0.07750477447620911,36.49302535042584],[-0.08238780597508184,36.47884240279917],[-0.08427886565863855,36.47949347366568]]],[[[-0.07682262715169655,36.49807853506799],[-0.08128689384332255,36.49432749215887],[-0.07561371479265239,36.49237427955932],[-0.07682262715169655,36.49807853506799]]]]},"properties":{"speed":0.3267,"dir_deg":19.0,"type":"متوسط"}},{"type":"Feature","geometry":{"type":"MultiPolygon","coordinates":[[[[-0.04264555008975458,36.47937236346346],[-0.03957917162416702,36.49405559618333],[-0.03762140726151805,36.49364674572125],[-0.040687785727105616,36.47896351300138],[-0.04264555008975458,36.47937236346346]]],[[[-0.03757816328764668,36.49874558185891],[-0.041536935986815994,36.49446444664541],[-0.03566364289886908,36.49323789525917],[-0.03757816328764668,36.49874558185891]]]]},"properties":{"speed":0.3996,"dir_deg":11.8,"type":"متوسط"}},{"type":"Feature","geometry":{"type":"MultiPolygon","coordinates":[[[[-0.0009989014471086565,36.47921479865244],[-0.0002959951468436441,36.494198320359075],[0.0017018077473736689,36.494104599519034],[0.0009989014471086565,36.4791210778124],[-0.0009989014471086565,36.47921479865244]]],[[[0.0009372084003533499,36.49914596717459],[-0.0022937980410609564,36.49429204119911],[0.0036996106415909816,36.494010878679],[0.0009372084003533499,36.49914596717459]]]]},"properties":{"speed":0.5238,"dir_deg":2.7,"type":"قوي"}},{"type":"Feature","geometry":{"type":"MultiPolygon","coordinates":[[[[0.0406688986279503,36.47923469497688],[0.04167024979484066,36.494201234184075],[0.043665788355800275,36.494067720695156],[0.0426644371889099,36.47910118148796],[0.0406688986279503,36.47923469497688]]],[[[0.043001802797617256,36.49912332384202],[0.039674711233881055,36.494334747672994],[0.04566132691675988,36.49393420720624],[0.043001802797617256,36.49912332384202]]]]},"properties":{"speed":0.6187,"dir_deg":3.8,"type":"قوي"}},{"type":"Feature","geometry":{"type":"MultiPolygon","coordinates":[[[[0.0823378417851773,36.479262762453395],[0.08376020509981741,36.49419517292864],[0.08575119316318322,36.494005524486695],[0.0843288298485431,36.47907311401145],[0.0823378417851773,36.479262762453395]]],[[[0.08522982023638036,36.49907781886608],[0.08176921703645158,36.494384821370595],[0.08774218122654905,36.49381587604474],[0.08522982023638036,36.49907781886608]]]]},"properties":{"speed":0.5568,"dir_deg":5.4,"type":"قوي"}},{"type":"Feature","geometry":{"type":"MultiPolygon","coordinates":[[[[0.12400117338963101,36.47921636758735],[0.12472761371355917,36.49419876674288],[0.12672526693429714,36.49410190803303],[0.12599882661036899,36.479119508877496],[0.12400117338963101,36.47921636758735]]],[[[0.12596858709857087,36.4991444704398],[0.12272996049282119,36.49429562545274],[0.12872292015503511,36.49400504932317],[0.12596858709857087,36.4991444704398]]]]},"properties":{"speed":0.4493,"dir_deg":2.8,"type":"قوي"}},{"type":"Feature","geometry":{"type":"MultiPolygon","coordinates":[[[[0.16568187337649146,36.479341640254745],[0.16828740371132558,36.49411361411318],[0.17025700022578347,36.493766210068536],[0.16765146989094934,36.4789942362101],[0.16568187337649146,36.479341640254745]]],[[[0.17014071208016593,36.498863903377],[0.1663178071968677,36.49446101815783],[0.17222659674024135,36.49341880602389],[0.17014071208016593,36.498863903377]]]]},"properties":{"speed":0.2598,"dir_deg":10.0,"type":"متوسط"}},{"type":"Feature","geometry":{"type":"MultiPolygon","coordinates":[[[[0.20741135430576224,36.4795551898712],[0.21322012888737213,36.49338480077896],[0.21506407700840685,36.49261029750141],[0.20925530242679696,36.478780686593645],[0.20741135430576224,36.4795551898712]]],[[[0.21607836114175946,36.49760741944277],[0.21137618076633743,36.49415930405651],[0.21690802512944155,36.49183579422386],[0.21607836114175946,36.49760741944277]]]]},"properties":{"speed":0.1501,"dir_deg":22.8,"type":"ضعيف"}},{"type":"Feature","geometry":{"type":"MultiPolygon","coordinates":[[[[0.24904864899156776,36.479476047399366],[0.25367028649572904,36.49374631252585],[0.2555729885125935,36.49313009419196],[0.25095135100843224,36.47885982906548],[0.24904864899156776,36.479476047399366]]],[[[0.2561621833388817,36.498194958401065],[0.2517675844788646,36.49436253085974],[0.25747569052945796,36.49251387585807],[0.2561621833388817,36.498194958401065]]]]},"properties":{"speed":0.1466,"dir_deg":17.9,"type":"ضعيف"}},{"type":"Feature","geometry":{"type":"MultiPolygon","coordinates":[[[[0.29066804338554586,36.47922058216053],[0.29145770230719664,36.494199782365726],[0.29345492900122333,36.49409449450951],[0.29266527007957255,36.479115294304314],[0.29066804338554586,36.47922058216053]]],[[[0.29271953529476025,36.49914020517269],[0.28946047561317,36.49430507022195],[0.29545215569524996,36.49398920665329],[0.29271953529476025,36.49914020517269]]]]},"properties":{"speed":0.1686,"dir_deg":3.0,"type":"ضعيف"}},{"type":"Feature","geometry":{"type":"MultiPolygon","coordinates":[[[[0.3323467763865956,36.479004580374884],[0.3298964085235243,36.49380308358756],[0.3318695422852147,36.494129799302634],[0.334319910148286,36.47933129608996],[0.3323467763865956,36.479004580374884]]],[[[0.3300661861166791,36.498899275849325],[0.32792327476183397,36.49347636787248],[0.33384267604690504,36.49445651501771],[0.3300661861166791,36.498899275849325]]]]},"properties":{"speed":0.1422,"dir_deg":350.6,"type":"ضعيف"}},{"type":"Feature","geometry":{"type":"MultiPolygon","coordinates":[[[[0.37410878997341696,36.478714347350106],[0.3673049267387163,36.492082497748854],[0.3690873467918824,36.492989679513485],[0.37589121002658304,36.47962152911474],[0.37410878997341696,36.478714347350106]]],[[[0.3659281823537324,36.496992138764085],[0.36552250668555014,36.49117531598423],[0.3708697668450485,36.49389686127811],[0.3659281823537324,36.496992138764085]]]]},"properties":{"speed":0.065,"dir_deg":333.0,"type":"ضعيف"}},{"type":"Feature","geometry":{"type":"MultiPolygon","coordinates":[[[[0.41762896932904003,36.479439883937765],[0.4217081549091791,36.46500519499055],[0.41978352971621746,36.46446130357987],[0.4157043441360784,36.47889599252708],[0.41762896932904003,36.479439883937765]]],[[[0.4221055708394113,36.459921686302806],[0.42363278010214084,36.46554908640124],[0.41785890452325575,36.46391741216918],[0.4221055708394113,36.459921686302806]]]]},"properties":{"speed":0.0399,"dir_deg":164.2,"type":"ضعيف"}},{"type":"Feature","geometry":{"type":"MultiPolygon","coordinates":[[[[0.459056884708689,36.47985821917725],[0.4694110988811505,36.46900509755853],[0.4679640159986541,36.46762453566887],[0.4576098018261926,36.47847765728759],[0.459056884708689,36.47985821917725]]],[[[0.47213896216405615,36.46469710940746],[0.47085818176364697,36.47038565944819],[0.46651693311615766,36.46624397377921],[0.47213896216405615,36.46469710940746]]]]},"properties":{"speed":0.1546,"dir_deg":136.3,"type":"ضعيف"}},{"type":"Feature","geometry":{"type":"MultiPolygon","coordinates":[[[[0.5005966178841817,36.479970463683905],[0.5126344996563937,36.47102119542118],[0.5114412638880302,36.46941614451821],[0.4994033821158182,36.47836541278094],[0.5005966178841817,36.479970463683905]]],[[[0.5160505090296159,36.46723558054879],[0.5138277354247573,36.47262624632414],[0.5102480281196666,36.46781109361525],[0.5160505090296159,36.46723558054879]]]]},"properties":{"speed":0.2549,"dir_deg":126.6,"type":"متوسط"}},{"type":"Feature","geometry":{"type":"MultiPolygon","coordinates":[[[[0.5422641542080942,36.47996983122994],[0.5542925491708419,36.47100781613175],[0.5530976138244168,36.46940403013672],[0.541069218861669,36.47836604523491],[0.5422641542080942,36.47996983122994]]],[[[0.557704546485212,36.46721858476817],[0.5554874845172669,36.47261160212679],[0.5519026784779918,36.467800244141685],[0.557704546485212,36.46721858476817]]]]},"properties":{"speed":0.3466,"dir_deg":126.7,"type":"متوسط"}},{"type":"Feature","geometry":{"type":"MultiPolygon","coordinates":[[[[0.5839212661455531,36.479976833556655],[0.5960546960090819,36.47115754335014],[0.5948787906482126,36.46953975270167],[0.5827453607846838,36.47835904290819],[0.5839212661455531,36.479976833556655]]],[[[0.5995112199498236,36.46740888462373],[0.5972306013699513,36.47277533399861],[0.5937028852873432,36.4679219620532],[0.5995112199498236,36.46740888462373]]]]},"properties":{"speed":0.4141,"dir_deg":126.0,"type":"متوسط"}},{"type":"Feature","geometry":{"type":"MultiPolygon","coordinates":[[[[0.6255785846054703,36.47998356060479],[0.6378129201910415,36.47130479152274],[0.6366557509801009,36.469673546778],[0.6244214153945297,36.47835231586005],[0.6255785846054703,36.47998356060479]]],[[[0.6413124474474283,36.467596246123016],[0.6389700894019821,36.472936036267484],[0.6354985817691603,36.468042302033254],[0.6413124474474283,36.467596246123016]]]]},"properties":{"speed":0.4648,"dir_deg":125.4,"type":"قوي"}},{"type":"Feature","geometry":{"type":"MultiPolygon","coordinates":[[[[0.6670849726607484,36.48007625355042],[0.6807097024306978,36.47380196166242],[0.6798731301789642,36.47198533102642],[0.6662484004090148,36.47825962291442],[0.6670849726607484,36.48007625355042]]],[[[0.6848329928948141,36.47080221571508],[0.6815462746824316,36.47561859229841],[0.6790365579272305,36.470168700390424],[0.6848329928948141,36.47080221571508]]]]},"properties":{"speed":0.4791,"dir_deg":114.7,"type":"قوي"}},{"type":"Feature","geometry":{"type":"MultiPolygon","coordinates":[[[[0.7085621967234368,36.48014139211118],[0.7231640049047494,36.4767081432364],[0.7227062383881127,36.47476123547889],[0.7081044302068,36.478194484353665],[0.7085621967234368,36.48014139211118]]],[[[0.727802391040202,36.474590273066056],[0.7236217714213863,36.47865505099391],[0.7222484718714758,36.47281432772138],[0.727802391040202,36.474590273066056]]]]},"properties":{"speed":0.5025,"dir_deg":103.2,"type":"قوي"}},{"type":"Feature","geometry":{"type":"MultiPolygon","coordinates":[[[[0.7499990494443838,36.48016793778064],[0.7649990426677123,36.48018219611489],[0.7650009437789448,36.47818219701845],[0.7500009505556162,36.4781679386842],[0.7499990494443838,36.48016793778064]]],[[[0.7699999909644382,36.479186949344744],[0.7649971415564798,36.48218219521134],[0.7650028448901773,36.476182197922],[0.7699999909644382,36.479186949344744]]]]},"properties":{"speed":0.5367,"dir_deg":89.9,"type":"قوي"}},{"type":"Feature","geometry":{"type":"MultiPolygon","coordinates":[[[[0.7915194865094911,36.48015704497718],[0.8063560876808556,36.48236504535804],[0.8066504877316366,36.480386831868515],[0.7918138865602721,36.47817883148766],[0.7915194865094911,36.48015704497718]]],[[[0.8114488214300343,36.48211193874023],[0.8060616876300747,36.48434325884755],[0.8069448877824176,36.478408618379],[0.8114488214300343,36.48211193874023]]]]},"properties":{"speed":0.5687,"dir_deg":81.5,"type":"قوي"}},{"type":"Feature","geometry":{"type":"MultiPolygon","coordinates":[[[[0.8329736150918708,36.48010100686885],[0.8469696446382703,36.48549648246756],[0.8476890413847654,36.483630345194705],[0.833693011838366,36.478234869595994],[0.8329736150918708,36.48010100686885]]],[[[0.8519946861936509,36.48636190569737],[0.8462502478917752,36.48736261974041],[0.8484084381312605,36.481764207921856],[0.8519946861936509,36.48636190569737]]]]},"properties":{"speed":0.605,"dir_deg":68.9,"type":"قوي"}},{"type":"Feature","geometry":{"type":"MultiPolygon","coordinates":[[[[0.8746768501512582,36.48011428604124],[0.888872067283556,36.48496153377237],[0.8895183669810397,36.48306883815473],[0.8753231498487418,36.4782215904236],[0.8746768501512582,36.48011428604124]]],[[[0.8939269561763972,36.48563093520726],[0.8882257675860724,36.48685422939001],[0.8901646666785233,36.48117614253709],[0.8939269561763972,36.48563093520726]]]]},"properties":{"speed":0.5893,"dir_deg":71.1,"type":"قوي"}},{"type":"Feature","geometry":{"type":"MultiPolygon","coordinates":[[[[0.9161374072348608,36.480016385887005],[0.9288641220536242,36.48795557538732],[0.9299226806536658,36.48625868007815],[0.9171959658349024,36.47831949057784],[0.9161374072348608,36.480016385887005]]],[[[0.9336356396265661,36.48975352423284],[0.9278055634535826,36.489652470696484],[0.9309812392537075,36.484561784768985],[0.9336356396265661,36.48975352423284]]]]},"properties":{"speed":0.6676,"dir_deg":58.0,"type":"قوي"}},{"type":"Feature","geometry":{"type":"MultiPolygon","coordinates":[[[[0.9578542134028275,36.48004569852448],[0.9710206177836896,36.487232199458845],[0.9719788179082715,36.48547667887473],[0.9588124135274093,36.478290177940366],[0.9578542134028275,36.48004569852448]]],[[[0.975888519306268,36.48874993947824],[0.9700624176591077,36.488987720042964],[0.9729370180328534,36.483721158290614],[0.975888519306268,36.48874993947824]]]]},"properties":{"speed":0.5222,"dir_deg":61.4,"type":"قوي"}},{"type":"Feature","geometry":{"type":"MultiPolygon","coordinates":[[[[0.9994858236189615,36.4800256227019],[1.0123510906611173,36.48773826841748],[1.0133794434231944,36.48602289947852],[1.0005141763810386,36.47831025376294],[0.9994858236189615,36.4800256227019]]],[[[1.0171536893895412,36.48945146585319],[1.0113227378990404,36.48945363735643],[1.0144077961852713,36.48430753053957],[1.0171536893895412,36.48945146585319]]]]},"properties":{"speed":0.3894,"dir_deg":59.1,"type":"متوسط"}},{"type":"Feature","geometry":{"type":"MultiPolygon","coordinates":[[[[-0.4168049273262202,36.52182245625612],[-0.40194900999813366,36.523896515161034],[-0.40167246881081164,36.521915726183956],[-0.4165283861388982,36.51984166727904],[-0.4168049273262202,36.52182245625612]]],[[[-0.39685876696177713,36.5235974736408],[-0.40222555118545567,36.52587730413811],[-0.40139592762348963,36.51993493720688],[-0.39685876696177713,36.5235974736408]]]]},"properties":{"speed":0.1415,"dir_deg":82.1,"type":"ضعيف"}},{"type":"Feature","geometry":{"type":"MultiPolygon","coordinates":[[[[-0.3751197849120561,36.52182486163404],[-0.36022778691515067,36.52362163531488],[-0.35998821709103845,36.52163603558196],[-0.3748802150879439,36.51983926190112],[-0.3751197849120561,36.52182486163404]]],[[[-0.35514400267079277,36.5232277600087],[-0.3604673567392629,36.5256072350478],[-0.35974864726692624,36.519650435849044],[-0.35514400267079277,36.5232277600087]]]]},"properties":{"speed":0.131,"dir_deg":83.1,"type":"ضعيف"}},{"type":"Feature","geometry":{"type":"MultiPolygon","coordinates":[[[[-0.3334427864892294,36.52182605481645],[-0.3185328907561594,36.52346770314328],[-0.31831400431258217,36.52147971704554],[-0.33322390004565217,36.519838068718705],[-0.3334427864892294,36.52182605481645]]],[[[-0.31345348229001413,36.52302092620335],[-0.31875177719973663,36.52545568924102],[-0.31809511786900496,36.5194917309478],[-0.31345348229001413,36.52302092620335]]]]},"properties":{"speed":0.1251,"dir_deg":83.7,"type":"ضعيف"}},{"type":"Feature","geometry":{"type":"MultiPolygon","coordinates":[[[[-0.2915378088538304,36.521823726138294],[-0.276662843293094,36.51989100795736],[-0.2769205390505516,36.51790767921593],[-0.291795504611288,36.51984039739686],[-0.2915378088538304,36.521823726138294]]],[[[-0.2718333693182439,36.518255104193],[-0.2764051475356364,36.521874336698794],[-0.2771782348080092,36.5159243504745],[-0.2718333693182439,36.518255104193]]]]},"properties":{"speed":0.1165,"dir_deg":97.4,"type":"ضعيف"}},{"type":"Feature","geometry":{"type":"MultiPolygon","coordinates":[[[[-0.24967649072395184,36.521778286766356],[-0.23548311574229475,36.516925647625634],[-0.23613013429439106,36.51503319762808],[-0.25032350927604813,36.5198858367688],[-0.24967649072395184,36.521778286766356]]],[[[-0.2310755000244572,36.51436187624662],[-0.23483609719019843,36.51881809762319],[-0.23677715284648737,36.51314074763052],[-0.2310755000244572,36.51436187624662]]]]},"properties":{"speed":0.1238,"dir_deg":108.9,"type":"ضعيف"}},{"type":"Feature","geometry":{"type":"MultiPolygon","coordinates":[[[[-0.20826666718294212,36.521829837437075],[-0.19330003214051825,36.52082991968701],[-0.1934333545071932,36.51883436834802],[-0.20839998954961708,36.51983428609808],[-0.20826666718294212,36.521829837437075]]],[[[-0.18837781497638112,36.51949883810083],[-0.19316670977384326,36.522825471025996],[-0.1935666768738682,36.51683881700903],[-0.18837781497638112,36.51949883810083]]]]},"properties":{"speed":0.1362,"dir_deg":93.8,"type":"ضعيف"}},{"type":"Feature","geometry":{"type":"MultiPolygon","coordinates":[[[[-0.1670929974389411,36.52173663144859],[-0.15352445222378794,36.5281315185269],[-0.15267180061334654,36.526322379164874],[-0.1662403458284997,36.519927492086566],[-0.1670929974389411,36.52173663144859]]],[[[-0.14857527801351617,36.529358577871996],[-0.15437710383422937,36.529940657888915],[-0.1518191490029051,36.52451323980286],[-0.14857527801351617,36.529358577871996]]]]},"properties":{"speed":0.1593,"dir_deg":64.8,"type":"ضعيف"}},{"type":"Feature","geometry":{"type":"MultiPolygon","coordinates":[[[[-0.1258320418313344,36.5213867746581],[-0.11751134847352535,36.53386740212812],[-0.11584726481085658,36.53275797634708],[-0.12416795816866562,36.52027734887706],[-0.1258320418313344,36.5213867746581]]],[[[-0.11390574218958795,36.53747289839426],[-0.11917543213619412,36.53497682790916],[-0.1141831811481878,36.53164855056603],[-0.11390574218958795,36.53747289839426]]]]},"properties":{"speed":0.2319,"dir_deg":33.7,"type":"متوسط"}},{"type":"Feature","geometry":{"type":"MultiPolygon","coordinates":[[[[-0.08428516338465121,36.52113869555762],[-0.0796856565340817,36.53541610907448],[-0.07778200139849968,36.534802841494404],[-0.08238150824906919,36.52052542797754],[-0.08428516338465121,36.52113869555762]]],[[[-0.07720066001610085,36.539868613123396],[-0.08158931166966372,36.536029376654554],[-0.07587834626291766,36.53418957391433],[-0.07720066001610085,36.539868613123396]]]]},"properties":{"speed":0.3606,"dir_deg":17.9,"type":"متوسط"}},{"type":"Feature","geometry":{"type":"MultiPolygon","coordinates":[[[[-0.04265811193931363,36.52096259426784],[-0.040700124435340025,36.53583425473109],[-0.03871723637357296,36.53557318973056],[-0.04067522387754657,36.52070152926731],[-0.04265811193931363,36.52096259426784]]],[[[-0.03905601790313196,36.54066094238525],[-0.0426830124971071,36.53609531973162],[-0.03673434831180589,36.535312124730034],[-0.03905601790313196,36.54066094238525]]]]},"properties":{"speed":0.4121,"dir_deg":7.5,"type":"متوسط"}},{"type":"Feature","geometry":{"type":"MultiPolygon","coordinates":[[[[-0.0009989250384475129,36.52078570696672],[-0.001694247051325642,36.53576958254343],[0.0003036030255693838,36.53586229214515],[0.0009989250384475129,36.520878416568436],[-0.0009989250384475129,36.52078570696672]]],[[[-0.0009270960171708388,36.54081056253653],[-0.0036920971282206677,36.535676872941714],[0.0023014531024644095,36.53595500174686],[-0.0009270960171708388,36.54081056253653]]]]},"properties":{"speed":0.5776,"dir_deg":357.3,"type":"قوي"}},{"type":"Feature","geometry":{"type":"MultiPolygon","coordinates":[[[[0.04066675239449062,36.520845060420704],[0.04086173219141267,36.5358437931298],[0.042861563219291625,36.53581779582355],[0.04266658342236958,36.52081906311445],[0.04066675239449062,36.520845060420704]]],[[[0.041926640970992836,36.540830372046365],[0.038861901163533705,36.53586979043606],[0.04486139424717059,36.53579179851729],[0.041926640970992836,36.540830372046365]]]]},"properties":{"speed":0.6473,"dir_deg":0.7,"type":"قوي"}},{"type":"Feature","geometry":{"type":"MultiPolygon","coordinates":[[[[0.08233396327912292,36.5208674811241],[0.08286525362697868,36.53585806919016],[0.08486399870245324,36.53578723047712],[0.08433270835459748,36.52079664241106],[0.08233396327912292,36.5208674811241]]],[[[0.08404172294733454,36.540819512522326],[0.08086650855150412,36.53592890790321],[0.0868627437779278,36.53571639176407],[0.08404172294733454,36.540819512522326]]]]},"properties":{"speed":0.5691,"dir_deg":2.0,"type":"قوي"}},{"type":"Feature","geometry":{"type":"MultiPolygon","coordinates":[[[[0.12400004506936617,36.52082256773255],[0.12385763454396795,36.53582189169206],[0.1258575444052356,36.53584087976211],[0.12599995493063385,36.520841555802605],[0.12400004506936617,36.52082256773255]]],[[[0.12481011929946904,36.54083116038026],[0.12185772468270029,36.535802903622006],[0.12785745426650327,36.535859867832166],[0.12481011929946904,36.54083116038026]]]]},"properties":{"speed":0.4616,"dir_deg":359.5,"type":"قوي"}},{"type":"Feature","geometry":{"type":"MultiPolygon","coordinates":[[[[0.16567571440531165,36.52096623990091],[0.1676883864052917,36.53583059832704],[0.1696703008621092,36.53556224206038],[0.16765762886212915,36.52069788363425],[0.16567571440531165,36.52096623990091]]],[[[0.16935023430036047,36.54065120633575],[0.16570647194847424,36.536098954593704],[0.1716522153189267,36.53529388579371],[0.16935023430036047,36.54065120633575]]]]},"properties":{"speed":0.263,"dir_deg":7.7,"type":"متوسط"}},{"type":"Feature","geometry":{"type":"MultiPolygon","coordinates":[[[[0.20737057602841735,36.521102446559944],[0.211426347913851,36.535543731627875],[0.2133518525895755,36.535002962043144],[0.20929608070414185,36.52056167697521],[0.20737057602841735,36.521102446559944]]],[[[0.21374102421352448,36.54008710852482],[0.2095008432381265,36.5360845012126],[0.2152773572653,36.53446219245842],[0.21374102421352448,36.54008710852482]]]]},"properties":{"speed":0.1761,"dir_deg":15.7,"type":"ضعيف"}},{"type":"Feature","geometry":{"type":"MultiPolygon","coordinates":[[[[0.2490113618059725,36.52098237650841],[0.2512660829183853,36.53581194941882],[0.2532433593064403,36.535511319937164],[0.2509886381940275,36.52068174702675],[0.2490113618059725,36.52098237650841]]],[[[0.25300629481655046,36.54060482564813],[0.2492888065303303,36.53611257890048],[0.2552206356944953,36.53521069045551],[0.25300629481655046,36.54060482564813]]]]},"properties":{"speed":0.1817,"dir_deg":8.6,"type":"ضعيف"}},{"type":"Feature","geometry":{"type":"MultiPolygon","coordinates":[[[[0.290669460518602,36.5207572305517],[0.2895469922804745,36.53571517376106],[0.2915413847083889,36.535864836192815],[0.2926638529465164,36.520906892983454],[0.290669460518602,36.5207572305517]]],[[[0.2901700324150559,36.540775986046725],[0.28755259985256,36.53556551132931],[0.2935357771363034,36.53601449862457],[0.2901700324150559,36.540775986046725]]]]},"properties":{"speed":0.1817,"dir_deg":355.7,"type":"ضعيف"}},{"type":"Feature","geometry":{"type":"MultiPolygon","coordinates":[[[[0.33236620433373043,36.52057781330072],[0.3285524773308046,36.535084897306376],[0.33048675519822535,36.535593394240095],[0.33430048220115116,36.52108631023444],[0.33236620433373043,36.52057781330072]]],[[[0.32824837393020634,36.540174840441786],[0.32661819946338383,36.53457640037265],[0.33242103306564613,36.53610189117382],[0.32824837393020634,36.540174840441786]]]]},"properties":{"speed":0.1137,"dir_deg":345.3,"type":"ضعيف"}},{"type":"Feature","geometry":{"type":"MultiPolygon","coordinates":[[[[0.3740030767847977,36.52091044609631],[0.3751788417157805,36.53586429432434],[0.37717268814618504,36.53570752566688],[0.3759969232152023,36.52075367743885],[0.3740030767847977,36.52091044609631]]],[[[0.37656768657464373,36.540770526071626],[0.37318499528537596,36.53602106298181],[0.37916653457658955,36.53555075700941],[0.37656768657464373,36.540770526071626]]]]},"properties":{"speed":0.0108,"dir_deg":4.5,"type":"ضعيف"}},{"type":"Feature","geometry":{"type":"MultiPolygon","coordinates":[[[[0.4173750354900591,36.521537894280236],[0.42796252317990524,36.51091221291774],[0.42654576566490543,36.50950054789242],[0.4159582779750593,36.52012622925492],[0.4173750354900591,36.521537894280236]]],[[[0.4307833069856874,36.50666448661758],[0.4293792806949051,36.51232387794305],[0.42512900814990556,36.50808888286711],[0.4307833069856874,36.50666448661758]]]]},"properties":{"speed":0.1059,"dir_deg":135.1,"type":"ضعيف"}},{"type":"Feature","geometry":{"type":"MultiPolygon","coordinates":[[[[0.4590048959896662,36.5215730185418],[0.4701192476030583,36.51149972770842],[0.46877614215860747,36.51001781415997],[0.4576617905452154,36.520091104993355],[0.4590048959896662,36.5215730185418]]],[[[0.4731524787519636,36.50740100732307],[0.47146235304750916,36.51298164125687],[0.4674330367141566,36.50853590061152],[0.4731524787519636,36.50740100732307]]]]},"properties":{"speed":0.2227,"dir_deg":132.2,"type":"متوسط"}},{"type":"Feature","geometry":{"type":"MultiPolygon","coordinates":[[[[0.5007038238546274,36.52154243630376],[0.5113594418973745,36.51098507848435],[0.5099517941881196,36.50956432941199],[0.4992961761453726,36.520121687231395],[0.5007038238546274,36.52154243630376]]],[[[0.5142074907236628,36.50675558467503],[0.5127670896066293,36.51240582755672],[0.5085441464788648,36.50814358033962],[0.5142074907236628,36.50675558467503]]]]},"properties":{"speed":0.3316,"dir_deg":134.7,"type":"متوسط"}},{"type":"Feature","geometry":{"type":"MultiPolygon","coordinates":[[[[0.5424134383188659,36.52149716459656],[0.552389980753556,36.5102958878368],[0.5508964771855874,36.50896568217883],[0.5409199347508973,36.520166958938596],[0.5424134383188659,36.52149716459656]]],[[[0.5549687431144684,36.505897026087894],[0.5538834843215246,36.511626093494755],[0.5494029736176189,36.507635476520875],[0.5549687431144684,36.505897026087894]]]]},"properties":{"speed":0.4213,"dir_deg":138.3,"type":"متوسط"}},{"type":"Feature","geometry":{"type":"MultiPolygon","coordinates":[[[[0.5841026911439493,36.521470855934204],[0.5936846036433547,36.50993019075174],[0.5921458482856929,36.508652602418486],[0.5825639357862875,36.52019326760095],[0.5841026911439493,36.521470855934204]]],[[[0.596109196797659,36.50544450819096],[0.5952233590010166,36.51120777908499],[0.590607092928031,36.507375014085234],[0.596109196797659,36.50544450819096]]]]},"properties":{"speed":0.4634,"dir_deg":140.3,"type":"قوي"}},{"type":"Feature","geometry":{"type":"MultiPolygon","coordinates":[[[[0.6257612600016829,36.52148050853474],[0.6354879615090547,36.510061608509496],[0.633965441505689,36.50876471497518],[0.6242387399983171,36.52018361500042],[0.6257612600016829,36.52148050853474]]],[[[0.6379689353431625,36.50560686173392],[0.6370104815124205,36.51135850204381],[0.6324429215023233,36.50746782144086],[0.6379689353431625,36.50560686173392]]]]},"properties":{"speed":0.4824,"dir_deg":139.6,"type":"قوي"}},{"type":"Feature","geometry":{"type":"MultiPolygon","coordinates":[[[[0.6673173580978222,36.52159142104828],[0.6787077473082752,36.51183134760417],[0.677406404182394,36.51031262904277],[0.666016014971941,36.52007270248688],[0.6673173580978222,36.52159142104828]]],[[[0.681853872148819,36.507818630508766],[0.6800090904341564,36.513350066165565],[0.6761050610565128,36.50879391048138],[0.681853872148819,36.507818630508766]]]]},"properties":{"speed":0.4309,"dir_deg":130.6,"type":"قوي"}},{"type":"Feature","geometry":{"type":"MultiPolygon","coordinates":[[[[0.7087965980155251,36.52171827135078],[0.7220897417635165,36.51476900309468],[0.7211631726627031,36.51299658392828],[0.7078700289147117,36.51994585218438],[0.7087965980155251,36.52171827135078]]],[[[0.7260575051291069,36.511566370759446],[0.7230163108643298,36.51654142226108],[0.7202366035618898,36.51122416476188],[0.7260575051291069,36.511566370759446]]]]},"properties":{"speed":0.3975,"dir_deg":117.6,"type":"متوسط"}},{"type":"Feature","geometry":{"type":"MultiPolygon","coordinates":[[[[0.7500818519487579,36.52182870626713],[0.7650315194420174,36.52060092703576],[0.7648678155445017,36.518607638036656],[0.7499181480512421,36.51983541726803],[0.7500818519487579,36.52182870626713]]],[[[0.7699328899910127,36.51919502279242],[0.7651952233395333,36.52259421603486],[0.7647041116469858,36.51661434903755],[0.7699328899910127,36.51919502279242]]]]},"properties":{"speed":0.4209,"dir_deg":94.7,"type":"متوسط"}},{"type":"Feature","geometry":{"type":"MultiPolygon","coordinates":[[[[0.7916242360628609,36.52183116034001],[0.8066107146492626,36.522467917420315],[0.8066956155933039,36.52046972027546],[0.7917091370069023,36.51983296319515],[0.7916242360628609,36.52183116034001]]],[[[0.8116486579834171,36.52168107120799],[0.8065258137052214,36.524466114565165],[0.8067805165373452,36.51847152313061],[0.8116486579834171,36.52168107120799]]]]},"properties":{"speed":0.4649,"dir_deg":87.6,"type":"قوي"}},{"type":"Feature","geometry":{"type":"MultiPolygon","coordinates":[[[[0.8329448372308051,36.52175352051076],[0.8467667183784312,36.52758066402546],[0.8475436708470577,36.5257377465391],[0.8337217896994317,36.5199106030244],[0.8329448372308051,36.52175352051076]]],[[[0.8517624883286199,36.528601586453846],[0.8459897659098047,36.52942358151181],[0.8483206233156843,36.52389482905275],[0.8517624883286199,36.528601586453846]]]]},"properties":{"speed":0.5517,"dir_deg":67.1,"type":"قوي"}},{"type":"Feature","geometry":{"type":"MultiPolygon","coordinates":[[[[0.8746036523744278,36.52175016228479],[0.8883751601325945,36.52769537666837],[0.8891678553837389,36.52585917563395],[0.8753963476255722,36.51991396125037],[0.8746036523744278,36.52175016228479]]],[[[0.8933620103442224,36.52875901427902],[0.8875824648814502,36.52953157770279],[0.8899605506348832,36.524022974599525],[0.8933620103442224,36.52875901427902]]]]},"properties":{"speed":0.6216,"dir_deg":66.6,"type":"قوي"}},{"type":"Feature","geometry":{"type":"MultiPolygon","coordinates":[[[[0.9161596744317249,36.52169400070234],[0.9290887584531018,36.529299182249694],[0.9301027826594153,36.52757530438017],[0.9171736986380383,36.51997012283282],[0.9161596744317249,36.52169400070234]]],[[[0.9339054652300508,36.530972303830715],[0.9280747342467882,36.53102306011921],[0.9311168068657288,36.525851426510656],[0.9339054652300508,36.530972303830715]]]]},"properties":{"speed":0.7581,"dir_deg":59.5,"type":"قوي"}},{"type":"Feature","geometry":{"type":"MultiPolygon","coordinates":[[[[0.9579313608196811,36.52174772222366],[0.9716662676608595,36.527777011905215],[0.9724701729517341,36.525945690993055],[0.9587352661105557,36.5199164013115],[0.9579313608196811,36.52174772222366]]],[[[0.9766465225866895,36.52887111467632],[0.970862362369985,36.52960833281737],[0.9732740782426086,36.5241143700809],[0.9766465225866895,36.52887111467632]]]]},"properties":{"speed":0.7629,"dir_deg":66.3,"type":"قوي"}},{"type":"Feature","geometry":{"type":"MultiPolygon","coordinates":[[[[0.999564195899667,36.52173210331447],[1.0130648191030576,36.52826916481946],[1.0139364273037235,36.52646908172568],[1.000435804100333,36.519932020220686],[0.999564195899667,36.52173210331447]]],[[[1.018000830937854,36.529548143774235],[1.0121932109023917,36.53006924791325],[1.0148080355043894,36.524668998631896],[1.018000830937854,36.529548143774235]]]]},"properties":{"speed":0.7294,"dir_deg":64.2,"type":"قوي"}},{"type":"Feature","geometry":{"type":"MultiPolygon","coordinates":[[[[-0.4166018117027662,36.56349789534627],[-0.4016333815086875,36.56252521989938],[-0.40176307156827346,36.56052942920683],[-0.4167315017623522,36.56150210465373],[-0.4166018117027662,36.56349789534627]]],[[[-0.3967087498071209,36.56120309940414],[-0.40150369144910153,36.56452101059192],[-0.4018927616278594,36.55853363851429],[-0.3967087498071209,36.56120309940414]]]]},"properties":{"speed":0.0957,"dir_deg":93.7,"type":"ضعيف"}},{"type":"Feature","geometry":{"type":"MultiPolygon","coordinates":[[[[-0.37482036010123554,36.56348373243657],[-0.3600643735525944,36.560789133955105],[-0.36042365335012333,36.55882166908196],[-0.37517963989876446,36.56151626756343],[-0.37482036010123554,36.56348373243657]]],[[[-0.3553253512684785,36.55890720202471],[-0.35970509375506554,36.56275659882826],[-0.3607829331476522,36.556854204208804],[-0.3553253512684785,36.55890720202471]]]]},"properties":{"speed":0.0824,"dir_deg":100.3,"type":"ضعيف"}},{"type":"Feature","geometry":{"type":"MultiPolygon","coordinates":[[[[-0.33309352377677015,36.5634708174967],[-0.31853126132630405,36.55987352513664],[-0.31901090030764534,36.55793189014324],[-0.33357316275811144,36.5615291825033],[-0.33309352377677015,36.5634708174967]]],[[[-0.313916993333486,36.557703610186586],[-0.3180516223449627,36.56181516013003],[-0.3194905392889867,36.555990255149844],[-0.313916993333486,36.557703610186586]]]]},"properties":{"speed":0.0742,"dir_deg":103.9,"type":"ضعيف"}},{"type":"Feature","geometry":{"type":"MultiPolygon","coordinates":[[[[-0.29105754918648163,36.56329308763533],[-0.27916123465655024,36.55415647444416],[-0.2803794497487054,36.5525702991735],[-0.2922757642786368,36.56170691236467],[-0.29105754918648163,36.56329308763533]]],[[[-0.275804904025984,36.550317849078446],[-0.2779430195643951,36.55574264971482],[-0.2815976648408605,36.55098412390284],[-0.275804904025984,36.550317849078446]]]]},"properties":{"speed":0.0786,"dir_deg":127.5,"type":"ضعيف"}},{"type":"Feature","geometry":{"type":"MultiPolygon","coordinates":[[[[-0.2492808079430153,36.56319481133063],[-0.2388586379835838,36.55240693047586],[-0.24029702209755321,36.5510173078146],[-0.2507191920569847,36.56180518866937],[-0.2492808079430153,36.56319481133063]]],[[[-0.2361037733874247,36.5481161588603],[-0.2374202538696144,36.55379655313712],[-0.24173540621152262,36.54962768515334],[-0.2361037733874247,36.5481161588603]]]]},"properties":{"speed":0.0941,"dir_deg":136.0,"type":"ضعيف"}},{"type":"Feature","geometry":{"type":"MultiPolygon","coordinates":[[[[-0.20815542741570497,36.563484048399104],[-0.19339470142910303,36.56081553414049],[-0.1937505033302523,36.55884743734228],[-0.20851122931685423,36.561515951600896],[-0.20815542741570497,36.563484048399104]]],[[[-0.18865236038414368,36.55894198098851],[-0.1930388995279538,36.5627836309387],[-0.19410630523140152,36.556879340544064],[-0.18865236038414368,36.55894198098851]]]]},"properties":{"speed":0.0871,"dir_deg":100.2,"type":"ضعيف"}},{"type":"Feature","geometry":{"type":"MultiPolygon","coordinates":[[[[-0.1673213411816283,36.56325591519567],[-0.1559826132466056,36.573075958414286],[-0.15467327415078977,36.57156412802295],[-0.1660120020858125,36.56174408480433],[-0.1673213411816283,36.56325591519567]]],[[[-0.1515483677203568,36.57559339095816],[-0.15729195234242138,36.57458778880562],[-0.15336393505497398,36.57005229763161],[-0.1515483677203568,36.57559339095816]]]]},"properties":{"speed":0.1342,"dir_deg":49.1,"type":"ضعيف"}},{"type":"Feature","geometry":{"type":"MultiPolygon","coordinates":[[[[-0.1259147041922834,36.56290412404113],[-0.11985284357533436,36.576624686925385],[-0.11802343519076759,36.57581643884312],[-0.12408529580771661,36.56209587595887],[-0.1259147041922834,36.56290412404113]]],[[[-0.1169175191774013,36.58079408384567],[-0.12168225195990115,36.57743293500764],[-0.1161940268062008,36.57500819076086],[-0.1169175191774013,36.58079408384567]]]]},"properties":{"speed":0.2493,"dir_deg":23.8,"type":"متوسط"}},{"type":"Feature","geometry":{"type":"MultiPolygon","coordinates":[[[[-0.08430238698819037,36.56274685993467],[-0.08059948796819075,36.57728262750462],[-0.0786613856255304,36.57678890763528],[-0.08236428464553003,36.56225314006533],[-0.08430238698819037,36.56274685993467]]],[[[-0.07839613712352736,36.581881023426604],[-0.0825375903108511,36.577776347373955],[-0.07672328328287005,36.57629518776595],[-0.07839613712352736,36.581881023426604]]]]},"properties":{"speed":0.3661,"dir_deg":14.3,"type":"متوسط"}},{"type":"Feature","geometry":{"type":"MultiPolygon","coordinates":[[[[-0.04266597276640495,36.562537280032565],[-0.04210677227796754,36.57752685290219],[-0.04010816256201784,36.57745229283706],[-0.04066736305045525,36.562462719967435],[-0.04266597276640495,36.562537280032565]]],[[[-0.04092106725718021,36.582486097159496],[-0.044105381993917246,36.57760141296731],[-0.03810955284606813,36.577377732771936],[-0.04092106725718021,36.582486097159496]]]]},"properties":{"speed":0.4263,"dir_deg":2.1,"type":"متوسط"}},{"type":"Feature","geometry":{"type":"MultiPolygon","coordinates":[[[[-0.000995630698755803,36.562406621674384],[-0.002396305583010595,36.57734108215572],[-0.000405044185498989,36.57752783880695],[0.000995630698755803,36.562593378325616],[-0.000995630698755803,36.562406621674384]]],[[[-0.001867566512339723,36.582412613975116],[-0.004387566980522201,36.57715432550449],[0.0015862172120126167,36.57771459545818],[-0.001867566512339723,36.582412613975116]]]]},"properties":{"speed":0.6306,"dir_deg":354.6,"type":"قوي"}},{"type":"Feature","geometry":{"type":"MultiPolygon","coordinates":[[[[0.0406666696695286,36.562498123249114],[0.040638518406192724,36.577498096832635],[0.04263851488399572,36.57750185033441],[0.0426666661473316,36.562501876750886],[0.0406666696695286,36.562498123249114]]],[[[0.04162913289064892,36.58249996477803],[0.03863852192838972,36.577494343330855],[0.04463851136179872,36.57750560383619],[0.04162913289064892,36.58249996477803]]]]},"properties":{"speed":0.6634,"dir_deg":359.9,"type":"قوي"}},{"type":"Feature","geometry":{"type":"MultiPolygon","coordinates":[[[[0.08233353762162247,36.56252008902186],[0.08263487294955589,36.577517061950424],[0.08463446934003134,36.577476883906705],[0.08433313401209792,36.56247991097814],[0.08233353762162247,36.56252008902186]]],[[[0.08373511625410475,36.582495963904755],[0.08063527655908043,36.57755723999415],[0.0866340657305068,36.57743670586298],[0.08373511625410475,36.582495963904755]]]]},"properties":{"speed":0.5694,"dir_deg":1.2,"type":"قوي"}},{"type":"Feature","geometry":{"type":"MultiPolygon","coordinates":[[[[0.12400022443331525,36.56247881471595],[0.12368244517259405,36.57747544821623],[0.12568199630596355,36.57751781878432],[0.12599977556668474,36.56252118528405],[0.12400022443331525,36.56247881471595]]],[[[0.12457629431903841,36.5824955113337],[0.12168289403922457,36.57743307764813],[0.12768154743933305,36.57756018935242],[0.12457629431903841,36.5824955113337]]]]},"properties":{"speed":0.4569,"dir_deg":358.8,"type":"قوي"}},{"type":"Feature","geometry":{"type":"MultiPolygon","coordinates":[[[[0.1656751360230139,36.562629835021085],[0.16762266133933093,36.577502869181686],[0.16960573256074393,36.57724319913952],[0.1676582072444269,36.562370164978915],[0.1656751360230139,36.562629835021085]]],[[[0.16926337205547642,36.58233071221413],[0.1656395901179179,36.57776253922386],[0.17158880378215696,36.57698352909734],[0.16926337205547642,36.58233071221413]]]]},"properties":{"speed":0.2805,"dir_deg":7.5,"type":"متوسط"}},{"type":"Feature","geometry":{"type":"MultiPolygon","coordinates":[[[[0.20734318687646405,36.56264007080404],[0.20944424893714209,36.57749219315128],[0.21142453191677318,36.57721205154319],[0.20932346985609515,36.56235992919596],[0.20734318687646405,36.56264007080404]]],[[[0.21113474444718364,36.58230282979631],[0.20746396595751102,36.57777233475937],[0.21340481489640425,36.5769319099351],[0.21113474444718364,36.58230282979631]]]]},"properties":{"speed":0.2032,"dir_deg":8.1,"type":"ضعيف"}},{"type":"Feature","geometry":{"type":"MultiPolygon","coordinates":[[[[0.24900128605715183,36.5624493002923],[0.24824079044168013,36.57743000943502],[0.25023821832737647,36.57753140885042],[0.2509987139428482,36.5625506997077],[0.24900128605715183,36.5624493002923]]],[[[0.24898600584603775,36.582474278856964],[0.2462433625559838,36.57732861001963],[0.2522356462130728,36.57763280826581],[0.24898600584603775,36.582474278856964]]]]},"properties":{"speed":0.2046,"dir_deg":357.1,"type":"ضعيف"}},{"type":"Feature","geometry":{"type":"MultiPolygon","coordinates":[[[[0.290680299612742,36.562335380340826],[0.2882110047251618,36.577130737138084],[0.2901837189647962,36.57745997645643],[0.2926530138523764,36.562664619659174],[0.290680299612742,36.562335380340826]]],[[[0.288374263549119,36.58222714239634],[0.2862382904855274,36.576801497819744],[0.29215643320443063,36.57778921577477],[0.288374263549119,36.58222714239634]]]]},"properties":{"speed":0.1696,"dir_deg":350.5,"type":"ضعيف"}},{"type":"Feature","geometry":{"type":"MultiPolygon","coordinates":[[[[0.3323400086338728,36.56238473376143],[0.3306110150553069,36.57728475326495],[0.33259768432244285,36.577515285742095],[0.3343266779010088,36.56261526623857],[0.3323400086338728,36.56238473376143]]],[[[0.3310280184960196,36.58236669267136],[0.32862434578817085,36.57705422078781],[0.3345843535895789,36.577745818219235],[0.3310280184960196,36.58236669267136]]]]},"properties":{"speed":0.0795,"dir_deg":353.4,"type":"ضعيف"}},{"type":"Feature","geometry":{"type":"MultiPolygon","coordinates":[[[[0.3752610351987551,36.563465329283204],[0.3897409744468131,36.55954980130188],[0.3892189040493029,36.55761914273547],[0.3747389648012449,36.561534670716796],[0.3752610351987551,36.563465329283204]]],[[[0.39430658566407734,36.5572792960249],[0.3902630448443233,36.561480459868285],[0.38869683365179275,36.55568848416906],[0.39430658566407734,36.5572792960249]]]]},"properties":{"speed":0.0496,"dir_deg":105.1,"type":"ضعيف"}},{"type":"Feature","geometry":{"type":"MultiPolygon","coordinates":[[[[0.41727844895555377,36.563291018505396],[0.4291437265365357,36.554114135160475],[0.4279201420905466,36.55253209814968],[0.41605486450956464,36.561708981494604],[0.41727844895555377,36.563291018505396]]],[[[0.4324870268405351,36.550264155540106],[0.4303673109825249,36.555696172171274],[0.4266965576445574,36.550950061138884],[0.4324870268405351,36.550264155540106]]]]},"properties":{"speed":0.1572,"dir_deg":127.7,"type":"ضعيف"}},{"type":"Feature","geometry":{"type":"MultiPolygon","coordinates":[[[[0.4590641112558725,36.56318262592031],[0.4693035000605715,36.55222110609384],[0.4678419640837081,36.550855854253214],[0.4576025752790091,36.56181737407969],[0.4590641112558725,36.56318262592031]]],[[[0.4719858616737061,36.547884640231366],[0.4707650360374348,36.55358635793446],[0.46638042810684477,36.54949060241259],[0.4719858616737061,36.547884640231366]]]]},"properties":{"speed":0.2655,"dir_deg":137.0,"type":"متوسط"}},{"type":"Feature","geometry":{"type":"MultiPolygon","coordinates":[[[[0.5008344922356577,36.563051019698946],[0.5090997877198553,36.55053363616408],[0.50743080324854,36.54943159676619],[0.4991655077643424,36.561948980301054],[0.5008344922356577,36.563051019698946]]],[[[0.5110203939789302,36.545810155286844],[0.5107687721911706,36.551635675561975],[0.5057618187772247,36.5483295573683],[0.5110203939789302,36.545810155286844]]]]},"properties":{"speed":0.3832,"dir_deg":146.6,"type":"متوسط"}},{"type":"Feature","geometry":{"type":"MultiPolygon","coordinates":[[[[0.5425511058558671,36.56296669311616],[0.5495515025982097,36.54970040330138],[0.5477826639562388,36.54876701706906],[0.5407822672138961,36.56203330688384],[0.5425511058558671,36.56296669311616]]],[[[0.5510005488580052,36.54481161358029],[0.5513203412401807,36.55063378953369],[0.5460138253142678,36.54783363083675],[0.5510005488580052,36.54481161358029]]]]},"properties":{"speed":0.4571,"dir_deg":152.2,"type":"قوي"}},{"type":"Feature","geometry":{"type":"MultiPolygon","coordinates":[[[[0.5842400424148717,36.5629217138979],[0.5905657508833243,36.5493207796516],[0.5887522929838177,36.5484773518558],[0.5824265845153651,36.5620782861021],[0.5842400424148717,36.5629217138979]]],[[[0.5917675914230551,36.54436542100493],[0.5923792087828308,36.550164207447395],[0.5869388350843112,36.54763392406001],[0.5917675914230551,36.54436542100493]]]]},"properties":{"speed":0.473,"dir_deg":155.1,"type":"قوي"}},{"type":"Feature","geometry":{"type":"MultiPolygon","coordinates":[[[[0.6258867101257257,36.56296232580821],[0.632821597248852,36.54966167392232],[0.6310481769974006,36.54873702230591],[0.6241132898742743,36.56203767419179],[0.6258867101257257,36.56296232580821]]],[[[0.6342465161641684,36.54476579748549],[0.6345950175003033,36.55058632553874],[0.6292747567459492,36.54781237068949],[0.6342465161641684,36.54476579748549]]]]},"properties":{"speed":0.4414,"dir_deg":152.5,"type":"قوي"}},{"type":"Feature","geometry":{"type":"MultiPolygon","coordinates":[[[[0.6674785239763119,36.56308388352323],[0.6762367768246638,36.55090632190177],[0.6746131019418031,36.54973855485532],[0.6658548490934513,36.56191611647677],[0.6674785239763119,36.56308388352323]]],[[[0.6783443569993507,36.546263251171396],[0.6778604517075245,36.55207408894822],[0.6729894270589424,36.54857078780887],[0.6783443569993507,36.546263251171396]]]]},"properties":{"speed":0.3545,"dir_deg":144.3,"type":"متوسط"}},{"type":"Feature","geometry":{"type":"MultiPolygon","coordinates":[[[[0.7090598638706087,36.563187113169924],[0.7193665614194568,36.55228885708757],[0.7179134606084762,36.55091463074772],[0.7076067630596281,36.561812886830076],[0.7090598638706087,36.563187113169924]]],[[[0.7220755768635825,36.547968991890194],[0.7208196622304373,36.553663083427416],[0.7164603597974957,36.54954040440787],[0.7220755768635825,36.547968991890194]]]]},"properties":{"speed":0.2947,"dir_deg":136.6,"type":"متوسط"}},{"type":"Feature","geometry":{"type":"MultiPolygon","coordinates":[[[[0.750483215096879,36.5633755016677],[0.7636157401124024,36.556127275214514],[0.7626493099186444,36.554376271879114],[0.749516784903121,36.5616244983323],[0.750483215096879,36.5633755016677]]],[[[0.7675100333540313,36.55283569806242],[0.7645821703061604,36.55787827854992],[0.7616828797248865,36.55262526854371],[0.7675100333540313,36.55283569806242]]]]},"properties":{"speed":0.242,"dir_deg":118.9,"type":"متوسط"}},{"type":"Feature","geometry":{"type":"MultiPolygon","coordinates":[[[[0.7919564870882284,36.563457087059405],[0.8063127929792987,36.559110078759204],[0.8057331918726051,36.557195904640395],[0.7913768859815348,36.561542912940595],[0.7919564870882284,36.563457087059405]]],[[[0.8108084277229752,36.556703988933066],[0.8068923940859922,36.56102425287801],[0.8051535907659115,36.555281730521585],[0.8108084277229752,36.556703988933066]]]]},"properties":{"speed":0.2537,"dir_deg":106.8,"type":"متوسط"}},{"type":"Feature","geometry":{"type":"MultiPolygon","coordinates":[[[[0.8331241460632348,36.56347787984844],[0.8477923437898671,36.5666153908767],[0.8482106785936343,36.564659631179815],[0.833542480867002,36.56152212015156],[0.8331241460632348,36.56347787984844]]],[[[0.8528909104339615,36.56668334803767],[0.8473740089860998,36.56857115057358],[0.8486290133974016,36.56270387148293],[0.8528909104339615,36.56668334803767]]]]},"properties":{"speed":0.3036,"dir_deg":77.9,"type":"متوسط"}},{"type":"Feature","geometry":{"type":"MultiPolygon","coordinates":[[[[0.8745563047671249,36.56339617773925],[0.8879989708558466,36.570051606232376],[0.8888863613215968,36.568259250753876],[0.8754436952328751,36.56160382226075],[0.8745563047671249,36.56339617773925]]],[[[0.8929235547849622,36.571373904657506],[0.8871115803900962,36.57184396171087],[0.8897737517873472,36.56646689527538],[0.8929235547849622,36.571373904657506]]]]},"properties":{"speed":0.4549,"dir_deg":63.7,"type":"قوي"}},{"type":"Feature","geometry":{"type":"MultiPolygon","coordinates":[[[[0.9161526888232466,36.563357791555354],[0.9290195621535342,36.571067757229876],[0.9300475575768041,36.56935217411917],[0.9171806842465166,36.561642208444646],[0.9161526888232466,36.563357791555354]]],[[[0.9338225176419317,36.5727799542327],[0.9279915667302644,36.57278334034058],[0.9310755530000739,36.567636591008466],[0.9338225176419317,36.5727799542327]]]]},"properties":{"speed":0.6153,"dir_deg":59.1,"type":"قوي"}},{"type":"Feature","geometry":{"type":"MultiPolygon","coordinates":[[[[0.9578376826804892,36.56336853331849],[0.9708656824578438,36.57080299508793],[0.9718569440271022,36.569065928450954],[0.9588289442497476,36.56163146668151],[0.9578376826804892,36.56336853331849]]],[[[0.9757039798349246,36.572412615692585],[0.9698744208885852,36.572540061724915],[0.9728482055963608,36.56732886181397],[0.9757039798349246,36.572412615692585]]]]},"properties":{"speed":0.7124,"dir_deg":60.3,"type":"قوي"}},{"type":"Feature","geometry":{"type":"MultiPolygon","coordinates":[[[[0.9995063527700038,36.56336966224036],[1.0125512863754815,36.57077437069031],[1.0135385808354742,36.569035046209585],[1.0004936472299963,36.56163033775964],[0.9995063527700038,36.56336966224036]]],[[[1.017393244807304,36.57237294459993],[1.011563991915489,36.57251369517104],[1.0145258752954667,36.567295721728854],[1.017393244807304,36.57237294459993]]]]},"properties":{"speed":0.8049,"dir_deg":60.4,"type":"قوي"}},{"type":"Feature","geometry":{"type":"MultiPolygon","coordinates":[[[[-0.4158432880573815,36.60473544508237],[-0.4073306853081852,36.59238491495471],[-0.4089774226585406,36.59124990125481],[-0.4174900254077369,36.603600431382475],[-0.4158432880573815,36.60473544508237]]],[[[-0.4053165197336308,36.58770056472887],[-0.4056839479578298,36.5935199286546],[-0.410624160008896,36.59011488755492],[-0.4053165197336308,36.58770056472887]]]]},"properties":{"speed":0.0821,"dir_deg":145.4,"type":"ضعيف"}},{"type":"Feature","geometry":{"type":"MultiPolygon","coordinates":[[[[-0.37414849946325024,36.60469229196409],[-0.3662831934882207,36.59191978391284],[-0.3679861945617202,36.5908710764495],[-0.37585150053674976,36.60364358450075],[-0.37414849946325024,36.60469229196409]]],[[[-0.3645129253666273,36.58713792749742],[-0.3645801924147211,36.592968491376176],[-0.3696891956352198,36.58982236898617],[-0.3645129253666273,36.58713792749742]]]]},"properties":{"speed":0.086,"dir_deg":148.4,"type":"ضعيف"}},{"type":"Feature","geometry":{"type":"MultiPolygon","coordinates":[[[[-0.3324793163893606,36.6046881671162],[-0.3246758831326948,36.591877763945],[-0.32638393688885514,36.59083730617744],[-0.33418737014552097,36.60364770934864],[-0.3324793163893606,36.6046881671162]]],[[[-0.3229287655918864,36.58708740067082],[-0.3229678293765344,36.59291822171255],[-0.32809199064501554,36.58979684840989],[-0.3229287655918864,36.58708740067082]]]]},"properties":{"speed":0.0802,"dir_deg":148.7,"type":"ضعيف"}},{"type":"Feature","geometry":{"type":"MultiPolygon","coordinates":[[[[-0.29072104922629977,36.60449324799881],[-0.28584140273051595,36.59030913540492],[-0.2877326177430348,36.589658515872145],[-0.29261226423881864,36.60384262846603],[-0.29072104922629977,36.60449324799881]]],[[[-0.28516046140484747,36.58525578810723],[-0.2839501877179971,36.59095975493769],[-0.28962383275555365,36.589007896339375],[-0.28516046140484747,36.58525578810723]]]]},"properties":{"speed":0.0869,"dir_deg":161.0,"type":"ضعيف"}},{"type":"Feature","geometry":{"type":"MultiPolygon","coordinates":[[[[-0.2490377247701853,36.60444001612951],[-0.2449565563138314,36.59000588768229],[-0.2468811067734608,36.589461731888115],[-0.2509622752298147,36.603895860335335],[-0.2490377247701853,36.60444001612951]]],[[[-0.24455844205819482,36.58492243363613],[-0.24303200585420198,36.59055004347647],[-0.24880565723309023,36.588917576093934],[-0.24455844205819482,36.58492243363613]]]]},"properties":{"speed":0.0904,"dir_deg":164.2,"type":"ضعيف"}},{"type":"Feature","geometry":{"type":"MultiPolygon","coordinates":[[[[-0.20790365025957191,36.605070920361044],[-0.19435891833019717,36.598625748760426],[-0.19521827454361254,36.59681978450318],[-0.2087630064729873,36.6032649561038],[-0.20790365025957191,36.605070920361044]]],[[[-0.19027368579377996,36.59557437609827],[-0.19349956211678182,36.60043171301768],[-0.1960776307570279,36.59501382024593],[-0.19027368579377996,36.59557437609827]]]]},"properties":{"speed":0.0467,"dir_deg":115.4,"type":"ضعيف"}},{"type":"Feature","geometry":{"type":"MultiPolygon","coordinates":[[[[-0.16749492166475172,36.60472829694441],[-0.15908954098498812,36.61715204740988],[-0.15743304092292548,36.61603132998591],[-0.16583842160268908,36.603607579520435],[-0.16749492166475172,36.60472829694441]]],[[[-0.1554594973940356,36.620732938853045],[-0.16074604104705073,36.61827276483385],[-0.15577654086086287,36.61491061256194],[-0.1554594973940356,36.620732938853045]]]]},"properties":{"speed":0.1172,"dir_deg":34.1,"type":"ضعيف"}},{"type":"Feature","geometry":{"type":"MultiPolygon","coordinates":[[[[-0.12595495385478087,36.60446469256725],[-0.12150363883236241,36.61878900038896],[-0.11959373112280065,36.618195491719305],[-0.12404504614521912,36.603871183897596],[-0.12595495385478087,36.60446469256725]]],[[[-0.11906491330344204,36.62326701532804],[-0.12341354654192416,36.61938250905862],[-0.11768382341323891,36.617601983049646],[-0.11906491330344204,36.62326701532804]]]]},"properties":{"speed":0.2538,"dir_deg":17.3,"type":"متوسط"}},{"type":"Feature","geometry":{"type":"MultiPolygon","coordinates":[[[[-0.08431286086889926,36.604369260542235],[-0.08129302622172553,36.61906213632282],[-0.0793339761176474,36.61865949170319],[-0.08235381076482114,36.60396661592261],[-0.08431286086889926,36.604369260542235]]],[[[-0.07930688962062855,36.6237584392732],[-0.08325207632580366,36.61946478094244],[-0.07737492601356928,36.61825684708357],[-0.07930688962062855,36.6237584392732]]]]},"properties":{"speed":0.3559,"dir_deg":11.6,"type":"متوسط"}},{"type":"Feature","geometry":{"type":"MultiPolygon","coordinates":[[[[-0.0426662937923133,36.60414058695694],[-0.04307656292460722,36.61913497521518],[-0.04107731115684082,36.61918967776615],[-0.0406670420245469,36.604195289507906],[-0.0426662937923133,36.60414058695694]]],[[[-0.04221369341815533,36.624160455910086],[-0.04507581469237363,36.619080272664206],[-0.03907805938907442,36.61924438031713],[-0.04221369341815533,36.624160455910086]]]]},"properties":{"speed":0.4449,"dir_deg":358.4,"type":"قوي"}},{"type":"Feature","geometry":{"type":"MultiPolygon","coordinates":[[[[-0.0009938288549276118,36.60405701390185],[-0.0026576938135363932,36.61896444672576],[-0.0006700361036811697,36.6191862953869],[0.0009938288549276118,36.60427886256299],[-0.0009938288549276118,36.60405701390185]]],[[[-0.0022184866114783757,36.62404451533097],[-0.004645351523391617,36.618742598064614],[0.0013176216061740538,36.61940814404805],[-0.0022184866114783757,36.62404451533097]]]]},"properties":{"speed":0.6659,"dir_deg":353.6,"type":"قوي"}},{"type":"Feature","geometry":{"type":"MultiPolygon","coordinates":[[[[0.04066698691269916,36.604193195048815],[0.041045839158620014,36.61918840998478],[0.04304520115008189,36.619137896351994],[0.04266634890416104,36.60414268141603],[0.04066698691269916,36.604193195048815]]],[[[0.04217180423632457,36.624161558147044],[0.03904647716715813,36.61923892361757],[0.04504456314154377,36.6190873827192],[0.04217180423632457,36.624161558147044]]]]},"properties":{"speed":0.6702,"dir_deg":1.4,"type":"قوي"}},{"type":"Feature","geometry":{"type":"MultiPolygon","coordinates":[[[[0.08233518927288278,36.60422879442969],[0.08324803223190327,36.61920099258935],[0.08524432531985812,36.61907928019482],[0.08433148236083762,36.604107082035156],[0.08233518927288278,36.60422879442969]]],[[[0.08455045976222086,36.62413086911197],[0.08125173914394843,36.61932270498389],[0.08724061840781297,36.61895756780028],[0.08455045976222086,36.62413086911197]]]]},"properties":{"speed":0.5692,"dir_deg":3.5,"type":"قوي"}},{"type":"Feature","geometry":{"type":"MultiPolygon","coordinates":[[[[0.12400000172715181,36.60416979680731],[0.12402788035051682,36.61916977090004],[0.1260278768962132,36.619166053750256],[0.1259999982728482,36.60416607965753],[0.12400000172715181,36.60416979680731]]],[[[0.12503717149782,36.62416790368938],[0.12202788380482042,36.61917348804982],[0.1280278734419096,36.619162336600475],[0.12503717149782,36.62416790368938]]]]},"properties":{"speed":0.4678,"dir_deg":0.1,"type":"قوي"}},{"type":"Feature","geometry":{"type":"MultiPolygon","coordinates":[[[[0.16566985008206875,36.60424760500192],[0.16686485162458803,36.6191999282767],[0.16885849472789133,36.6190405947377],[0.16766349318537205,36.60408827146292],[0.16566985008206875,36.60424760500192]]],[[[0.1682600070237461,36.62410436926545],[0.1648712085212847,36.6193592618157],[0.17085213783119466,36.618881261198695],[0.1682600070237461,36.62410436926545]]]]},"properties":{"speed":0.3103,"dir_deg":4.6,"type":"متوسط"}},{"type":"Feature","geometry":{"type":"MultiPolygon","coordinates":[[[[0.20733347344599315,36.604150904783594],[0.20707797171356404,36.61914872858789],[0.20907768155413695,36.61918279548554],[0.20933318328656605,36.60418497168125],[0.20733347344599315,36.604150904783594]]],[[[0.20799265938970746,36.62416503663815],[0.20507826187299116,36.619114661690226],[0.21107739139470982,36.619216862383205],[0.20799265938970746,36.62416503663815]]]]},"properties":{"speed":0.2206,"dir_deg":359.0,"type":"متوسط"}},{"type":"Feature","geometry":{"type":"MultiPolygon","coordinates":[[[[0.24901097217380094,36.60402020888868],[0.24679503201759276,36.618855626281665],[0.24877308766999087,36.619151084969154],[0.25098902782619903,36.60431566757617],[0.24901097217380094,36.60402020888868]]],[[[0.24704541312505574,36.623948494756405],[0.24481697636519467,36.61856016759417],[0.25075114332238896,36.61944654365665],[0.24704541312505574,36.623948494756405]]]]},"properties":{"speed":0.2078,"dir_deg":351.5,"type":"ضعيف"}},{"type":"Feature","geometry":{"type":"MultiPolygon","coordinates":[[[[0.2906703470918836,36.60408210642074],[0.2893828699166358,36.61902675103087],[0.291375489197987,36.619198414654235],[0.2926629663732348,36.6042537700441],[0.2906703470918836,36.60408210642074]]],[[[0.28995002049889546,36.624094131045936],[0.28739025063528456,36.6188550874075],[0.29336810847933825,36.619370078277605],[0.28995002049889546,36.624094131045936]]]]},"properties":{"speed":0.1452,"dir_deg":355.1,"type":"ضعيف"}},{"type":"Feature","geometry":{"type":"MultiPolygon","coordinates":[[[[0.33244901580297337,36.60463480538225],[0.3394520230503952,36.61789971734926],[0.34122067797933003,36.61696598304961],[0.3342176707319082,36.6037010710826],[0.33244901580297337,36.60463480538225]]],[[[0.3426706862640032,36.62185448752177],[0.3376833681214604,36.61883345164892],[0.34298933290826483,36.61603224874995],[0.3426706862640032,36.62185448752177]]]]},"properties":{"speed":0.0707,"dir_deg":27.8,"type":"ضعيف"}},{"type":"Feature","geometry":{"type":"MultiPolygon","coordinates":[[[[0.3752747780136723,36.605129445925165],[0.3896973934048042,36.60100777572008],[0.38914783737745956,36.59908476033459],[0.3747252219863277,36.60320643053968],[0.3752747780136723,36.605129445925165]]],[[[0.3942301538548425,36.59867237795898],[0.3902469494321489,36.602930791105564],[0.38859828135011487,36.597161744949105],[0.3942301538548425,36.59867237795898]]]]},"properties":{"speed":0.1069,"dir_deg":105.9,"type":"ضعيف"}},{"type":"Feature","geometry":{"type":"MultiPolygon","coordinates":[[[[0.4172900319701508,36.60494986106311],[0.42901887443053316,36.59559923249924],[0.42777212395534997,36.59403538683786],[0.4160432814949676,36.60338601540173],[0.4172900319701508,36.60494986106311]]],[[[0.43230511334640237,36.59170043348059],[0.4302656249057163,36.59716307816063],[0.42652537348016684,36.59247154117647],[0.43230511334640237,36.59170043348059]]]]},"properties":{"speed":0.2133,"dir_deg":128.6,"type":"ضعيف"}},{"type":"Feature","geometry":{"type":"MultiPolygon","coordinates":[[[[0.45914716028845276,36.60474905943864],[0.46786397838165733,36.59254180412346],[0.4662363443396334,36.59137956171102],[0.45751952624642883,36.603586817026205],[0.45914716028845276,36.60474905943864]]],[[[0.4699557673917136,36.58789159781218],[0.4694916124236813,36.59370404653588],[0.4646087102976094,36.590217319298596],[0.4699557673917136,36.58789159781218]]]]},"properties":{"speed":0.3051,"dir_deg":144.5,"type":"متوسط"}},{"type":"Feature","geometry":{"type":"MultiPolygon","coordinates":[[[[0.5009239171779137,36.6045505307681],[0.5066628052130716,36.590691773099394],[0.5048149708572441,36.589926588028035],[0.49907608282208626,36.60378534569674],[0.5009239171779137,36.6045505307681]]],[[[0.5076518507135439,36.58568959467415],[0.5085106395688991,36.591456958170745],[0.5029671365014167,36.589161402956684],[0.5076518507135439,36.58568959467415]]]]},"properties":{"speed":0.4076,"dir_deg":157.5,"type":"متوسط"}},{"type":"Feature","geometry":{"type":"MultiPolygon","coordinates":[[[[0.5426243963332591,36.604455674121894],[0.5469404346753787,36.59009002714623],[0.5450250150786237,36.58951455536729],[0.5407089767365041,36.60388020234295],[0.5426243963332591,36.604455674121894]]],[[[0.5474214043243744,36.58501374226487],[0.5488558542721336,36.59066549892518],[0.5431095954818688,36.588939083588336],[0.5474214043243744,36.58501374226487]]]]},"properties":{"speed":0.4755,"dir_deg":163.3,"type":"قوي"}},{"type":"Feature","geometry":{"type":"MultiPolygon","coordinates":[[[[0.5842971108753744,36.60443457384892],[0.5882966451228042,36.58997761269508],[0.5863690503022922,36.589444341462084],[0.5823695160548624,36.603901302615924],[0.5842971108753744,36.60443457384892]]],[[[0.5886660257950248,36.5848919900273],[0.5902242399433162,36.59051088392807],[0.5844414554817803,36.588911070229095],[0.5886660257950248,36.5848919900273]]]]},"properties":{"speed":0.4798,"dir_deg":164.5,"type":"قوي"}},{"type":"Feature","geometry":{"type":"MultiPolygon","coordinates":[[[[0.6259428721081509,36.60450109313284],[0.6309401956143864,36.590358011510574],[0.6290544513980846,36.58969170170974],[0.6240571278918491,36.603834783332005],[0.6259428721081509,36.60450109313284]]],[[[0.631663098008314,36.585310496069404],[0.6328259398306884,36.5910243213114],[0.6271687071817826,36.58902539190891],[0.631663098008314,36.585310496069404]]]]},"properties":{"speed":0.4032,"dir_deg":160.5,"type":"متوسط"}},{"type":"Feature","geometry":{"type":"MultiPolygon","coordinates":[[[[0.6675762092901466,36.60458359236467],[0.6738110212738727,36.590940751035696],[0.6719919757633427,36.5901094427712],[0.6657571637796166,36.603752284100175],[0.6675762092901466,36.60458359236467]]],[[[0.6749797691798497,36.585977483127124],[0.6756300667844026,36.59177205930019],[0.6701729302528128,36.589278134506706],[0.6749797691798497,36.585977483127124]]]]},"properties":{"speed":0.2961,"dir_deg":155.4,"type":"متوسط"}},{"type":"Feature","geometry":{"type":"MultiPolygon","coordinates":[[[[0.7092404826687696,36.60458870424334],[0.7155519728325926,36.59098116618857],[0.7137376344252903,36.59013963416673],[0.7074261442614672,36.6037471722215],[0.7092404826687696,36.60458870424334]]],[[[0.7167486336835491,36.5860245541594],[0.7173663112398951,36.591822698210414],[0.7119232960179878,36.58929810214489],[0.7167486336835491,36.5860245541594]]]]},"properties":{"speed":0.2412,"dir_deg":155.1,"type":"متوسط"}},{"type":"Feature","geometry":{"type":"MultiPolygon","coordinates":[[[[0.7509148890978348,36.604571643494545],[0.7569704680296305,36.590848307027024],[0.755140689833961,36.59004089650278],[0.7490851109021652,36.6037642329703],[0.7509148890978348,36.604571643494545]]],[[[0.7580741052423944,36.585870156275725],[0.7588002462253,36.59165571755126],[0.7533109116382916,36.58923348597854],[0.7580741052423944,36.585870156275725]]]]},"properties":{"speed":0.2118,"dir_deg":156.2,"type":"ضعيف"}},{"type":"Feature","geometry":{"type":"MultiPolygon","coordinates":[[[[0.7925927215166508,36.60454537592601],[0.7982542869204426,36.59065485119947],[0.7964022169569042,36.589899975812294],[0.7907406515531124,36.603790500538835],[0.7925927215166508,36.60454537592601]]],[[[0.799215440406604,36.58564723859703],[0.8001063568839811,36.59140972658664],[0.7945501469933657,36.58914510042512],[0.799215440406604,36.58564723859703]]]]},"properties":{"speed":0.1892,"dir_deg":157.8,"type":"ضعيف"}},{"type":"Feature","geometry":{"type":"MultiPolygon","coordinates":[[[[0.8341694834793221,36.60471640856648],[0.8423965384902599,36.592173858353426],[0.8407241984618525,36.59107691768531],[0.8324971434509147,36.60361946789836],[0.8341694834793221,36.60471640856648]]],[[[0.8443027201463688,36.58744453794835],[0.8440688785186672,36.59327079902155],[0.8390518584334452,36.58997997701718],[0.8443027201463688,36.58744453794835]]]]},"properties":{"speed":0.1283,"dir_deg":146.7,"type":"ضعيف"}},{"type":"Feature","geometry":{"type":"MultiPolygon","coordinates":[[[[0.8747395716522325,36.60513343140986],[0.8892219693138007,36.609039856626374],[0.8897428260093357,36.607108870271496],[0.8752604283477675,36.60320244505498],[0.8747395716522325,36.60513343140986]]],[[[0.8943098635487576,36.60937650518777],[0.8887011126182658,36.610970842981246],[0.8902636827048707,36.605177883916625],[0.8943098635487576,36.60937650518777]]]]},"properties":{"speed":0.1451,"dir_deg":74.9,"type":"ضعيف"}},{"type":"Feature","geometry":{"type":"MultiPolygon","coordinates":[[[[0.916143521967503,36.60502016991186],[0.92892699715909,36.612867638422536],[0.9299733262938471,36.61116317506366],[0.9171898511022601,36.60331570655298],[0.916143521967503,36.60502016991186]]],[[[0.9337113201236642,36.61463122957999],[0.927880668024333,36.61457210178141],[0.9310196554286041,36.60945871170478],[0.9337113201236642,36.61463122957999]]]]},"properties":{"speed":0.3184,"dir_deg":58.5,"type":"متوسط"}},{"type":"Feature","geometry":{"type":"MultiPolygon","coordinates":[[[[0.9578141488273378,36.6050226124855],[0.9706342626235407,36.612810082052206],[0.9716725918991018,36.61110073354605],[0.958852478102899,36.603313263979345],[0.9578141488273378,36.6050226124855]]],[[[0.9754267985267222,36.614551230988035],[0.9695959333479796,36.61451943055837],[0.972710921174663,36.60939138503989],[0.9754267985267222,36.614551230988035]]]]},"properties":{"speed":0.4938,"dir_deg":58.7,"type":"قوي"}},{"type":"Feature","geometry":{"type":"MultiPolygon","coordinates":[[[[0.999536362003001,36.60505396295428],[1.0128267328308307,36.612008532909265],[1.0137540088248285,36.61023648346555],[1.000463637996999,36.603281913510564],[0.999536362003001,36.60505396295428]]],[[[1.0177204944371063,36.613440698172404],[1.0118994568368327,36.61378058235297],[1.0146812848188265,36.60846443402184],[1.0177204944371063,36.613440698172404]]]]},"properties":{"speed":0.6183,"dir_deg":62.4,"type":"قوي"}},{"type":"Feature","geometry":{"type":"MultiPolygon","coordinates":[[[[-0.41569716157558584,36.6460771722337],[-0.4120205045836755,36.631534744879104],[-0.41395949489762224,36.631044523946855],[-0.41763615188953257,36.64558695130145],[-0.41569716157558584,36.6460771722337]]],[[[-0.41176444741001206,36.62644215862811],[-0.4100815142697287,36.63202496581136],[-0.415898485211569,36.6305543030146],[-0.41176444741001206,36.62644215862811]]]]},"properties":{"speed":0.129,"dir_deg":165.8,"type":"ضعيف"}},{"type":"Feature","geometry":{"type":"MultiPolygon","coordinates":[[[[-0.37404820541470785,36.64613879792034],[-0.3694471631233444,36.631861879140956],[-0.3713507522939287,36.63124840683544],[-0.37595179458529215,36.64552532561482],[-0.37404820541470785,36.64613879792034]]],[[[-0.3688652769448487,36.62679617006174],[-0.36754357395276005,36.63247535144647],[-0.3732543414645131,36.63063493452992],[-0.3688652769448487,36.62679617006174]]]]},"properties":{"speed":0.1247,"dir_deg":162.1,"type":"ضعيف"}},{"type":"Feature","geometry":{"type":"MultiPolygon","coordinates":[[[[-0.33240032300757605,36.64619188560598],[-0.3270029654315546,36.63219658170801],[-0.3288690059512841,36.631476934031205],[-0.33426636352730554,36.64547223792918],[-0.33240032300757605,36.64619188560598]]],[[[-0.3261368664994122,36.62717165657028],[-0.32513692491182516,36.63291622938481],[-0.33073504647101354,36.6307572863544],[-0.3261368664994122,36.62717165657028]]]]},"properties":{"speed":0.109,"dir_deg":158.9,"type":"ضعيف"}},{"type":"Feature","geometry":{"type":"MultiPolygon","coordinates":[[[[-0.2906910285205161,36.64605149192017],[-0.28739957623166956,36.63141706873952],[-0.2893508326557558,36.63097820843434],[-0.2926422849446023,36.64561263161499],[-0.2906910285205161,36.64605149192017]]],[[[-0.28727805368076387,36.626319497526715],[-0.28544831980758334,36.631855929044704],[-0.291302089079842,36.63053934812916],[-0.28727805368076387,36.626319497526715]]]]},"properties":{"speed":0.0968,"dir_deg":167.3,"type":"ضعيف"}},{"type":"Feature","geometry":{"type":"MultiPolygon","coordinates":[[[[-0.24900158872356265,36.64588840822339],[-0.24815639188636252,36.630912239076835],[-0.2501532144392372,36.63079954616521],[-0.25099841127643735,36.645775715311764],[-0.24900158872356265,36.64588840822339]]],[[[-0.24887307088373314,36.62586383623883],[-0.2461595693334878,36.63102493198846],[-0.2521500369921119,36.63068685325358],[-0.24887307088373314,36.62586383623883]]]]},"properties":{"speed":0.0845,"dir_deg":176.8,"type":"ضعيف"}},{"type":"Feature","geometry":{"type":"MultiPolygon","coordinates":[[[[-0.20754960224545607,36.64645316833455],[-0.1982330037408377,36.6346972765222],[-0.19980045598248475,36.633455063388254],[-0.20911705448710313,36.645210955200604],[-0.20754960224545607,36.64645316833455]]],[[[-0.19591119702678844,36.63015753935111],[-0.19666555149919066,36.63593948965615],[-0.20136790822413178,36.632212850254305],[-0.19591119702678844,36.63015753935111]]]]},"properties":{"speed":0.0196,"dir_deg":141.6,"type":"ضعيف"}},{"type":"Feature","geometry":{"type":"MultiPolygon","coordinates":[[[[-0.16760874819312938,36.646167459674864],[-0.16257777958383274,36.660298608066],[-0.16069362646501478,36.65962781225143],[-0.16572459507431142,36.64549666386029],[-0.16760874819312938,36.646167459674864]]],[[[-0.15995871348799154,36.66467359295576],[-0.16446193270265072,36.66096940388057],[-0.1588094733461968,36.65895701643686],[-0.15995871348799154,36.66467359295576]]]]},"properties":{"speed":0.1053,"dir_deg":19.6,"type":"ضعيف"}},{"type":"Feature","geometry":{"type":"MultiPolygon","coordinates":[[[[-0.12597944273001493,36.64603378419722],[-0.12295360628537702,36.66072542514745],[-0.12099472082534715,36.66032198028816],[-0.12402055726998507,36.645630339337934],[-0.12597944273001493,36.64603378419722]]],[[[-0.12096555140714944,36.66542091636788],[-0.1249124917454069,36.66112887000673],[-0.11903583536531727,36.65991853542888],[-0.12096555140714944,36.66542091636788]]]]},"properties":{"speed":0.2455,"dir_deg":11.6,"type":"متوسط"}},{"type":"Feature","geometry":{"type":"MultiPolygon","coordinates":[[[[-0.08432529327385073,36.645958633500285],[-0.08242671728322037,36.660837995355145],[-0.08044280236923931,36.66058485188973],[-0.08234137835986967,36.64570549003487],[-0.08432529327385073,36.645958633500285]]],[[[-0.08080190116268639,36.66567121090739],[-0.08441063219720144,36.66109113882057],[-0.07845888745525825,36.66033170842431],[-0.08080190116268639,36.66567121090739]]]]},"properties":{"speed":0.347,"dir_deg":7.3,"type":"متوسط"}},{"type":"Feature","geometry":{"type":"MultiPolygon","coordinates":[[[[-0.04266450383022154,36.64576630864459],[-0.04365080067503619,36.66073384747146],[-0.041655128831453316,36.66086535371744],[-0.04066883198663866,36.64589781489057],[-0.04266450383022154,36.64576630864459]]],[[[-0.042981730368182966,36.66578878020341],[-0.04564647251861907,36.66060234122549],[-0.039659456987870434,36.66099685996341],[-0.042981730368182966,36.66578878020341]]]]},"properties":{"speed":0.4797,"dir_deg":356.2,"type":"قوي"}},{"type":"Feature","geometry":{"type":"MultiPolygon","coordinates":[[[[-0.0009964242566258671,36.645747570934894],[-0.0022637867468816323,36.660693934784284],[-0.0002709382336298983,36.66086291644965],[0.0009964242566258671,36.64591655260026],[-0.0009964242566258671,36.645747570934894]]],[[[-0.001689816653674354,36.665760546900096],[-0.004256635260133367,36.660524953118916],[0.0017219102796218362,36.66103189811502],[-0.001689816653674354,36.665760546900096]]]]},"properties":{"speed":0.6924,"dir_deg":355.2,"type":"قوي"}},{"type":"Feature","geometry":{"type":"MultiPolygon","coordinates":[[[[0.04066784917691656,36.645880653346865],[0.041396722866232576,36.66086293431957],[0.04339436032925966,36.660765751160994],[0.04266548663994364,36.64578347018829],[0.04066784917691656,36.645880653346865]]],[[[0.04263849949418479,36.665808436397846],[0.03939908540320549,36.66096011747815],[0.045391997792286747,36.660668568002414],[0.04263849949418479,36.665808436397846]]]]},"properties":{"speed":0.6799,"dir_deg":2.8,"type":"قوي"}},{"type":"Feature","geometry":{"type":"MultiPolygon","coordinates":[[[[0.08233615417149905,36.64590708687108],[0.08346153072396177,36.66086481155149],[0.08545589401468408,36.660714761344494],[0.08433051746222135,36.64575703666408],[0.08233615417149905,36.64590708687108]]],[[[0.08483383788681051,36.6657756946748],[0.08146716743323945,36.66101486175849],[0.0874502573054064,36.660564711137496],[0.08483383788681051,36.6657756946748]]]]},"properties":{"speed":0.5952,"dir_deg":4.3,"type":"قوي"}},{"type":"Feature","geometry":{"type":"MultiPolygon","coordinates":[[[[0.12400018837424072,36.6458514708633],[0.12429132481001205,36.660848645249686],[0.1262909480615306,36.660809827058245],[0.12599981162575927,36.64581265267186],[0.12400018837424072,36.6458514708633]]],[[[0.12538818191436177,36.66582829428276],[0.1222917015584935,36.66088746344112],[0.12829057131304916,36.66077100886681],[0.12538818191436177,36.66582829428276]]]]},"properties":{"speed":0.482,"dir_deg":1.1,"type":"قوي"}},{"type":"Feature","geometry":{"type":"MultiPolygon","coordinates":[[[[0.1656668624840968,36.645851597998764],[0.1659599059518718,36.66084873524312],[0.167959524251119,36.66080966278075],[0.167666480783344,36.64581252553639],[0.1656668624840968,36.645851597998764]]],[[[0.16705739625742042,36.66582824476005],[0.16396028765262458,36.66088780770549],[0.16995914255036623,36.66077059031838],[0.16705739625742042,36.66582824476005]]]]},"properties":{"speed":0.3246,"dir_deg":1.1,"type":"متوسط"}},{"type":"Feature","geometry":{"type":"MultiPolygon","coordinates":[[[[0.20733774362212407,36.64573819474885],[0.20592973834121264,36.660671965911185],[0.20792090782952372,36.66085969994864],[0.20932891311043514,36.645925928786305],[0.20733774362212407,36.64573819474885]]],[[[0.20645598799173104,36.66574375665069],[0.2039385688529016,36.66048423187373],[0.20991207731783476,36.66104743398609],[0.20645598799173104,36.66574375665069]]]]},"properties":{"speed":0.226,"dir_deg":354.6,"type":"متوسط"}},{"type":"Feature","geometry":{"type":"MultiPolygon","coordinates":[[[[0.24900386001943298,36.645744282845754],[0.24768717619212857,36.66068638255426],[0.24967945615326262,36.66086194039791],[0.250996139980567,36.6459198406894],[0.24900386001943298,36.645744282845754]]],[[[0.2482444215635941,36.66575486137892],[0.24569489623099453,36.66051082471062],[0.25167173611439664,36.66103749824155],[0.2482444215635941,36.66575486137892]]]]},"properties":{"speed":0.2028,"dir_deg":355.0,"type":"ضعيف"}},{"type":"Feature","geometry":{"type":"MultiPolygon","coordinates":[[[[0.29069516566015924,36.646069137907766],[0.29425130776300257,36.660641503993766],[0.2961942899078025,36.66016735171339],[0.29263814780495917,36.64559498562739],[0.29069516566015924,36.646069137907766]]],[[[0.29640817953635035,36.66526188321558],[0.29230832561820264,36.66111565627415],[0.29813727205260243,36.65969319943301],[0.29640817953635035,36.66526188321558]]]]},"properties":{"speed":0.1301,"dir_deg":13.7,"type":"ضعيف"}},{"type":"Feature","geometry":{"type":"MultiPolygon","coordinates":[[[[0.3328716681901268,36.64671911087726],[0.3461774048353524,36.653644237036964],[0.3471007549899804,36.65187013881761],[0.3337950183447548,36.6449450126579],[0.3328716681901268,36.64671911087726]]],[[[0.3510743254610749,36.655065563313855],[0.3452540546807244,36.65541833525633],[0.3480241051446084,36.65009604059824],[0.3510743254610749,36.655065563313855]]]]},"properties":{"speed":0.0981,"dir_deg":62.5,"type":"ضعيف"}},{"type":"Feature","geometry":{"type":"MultiPolygon","coordinates":[[[[0.3753949135255255,36.64675078006355],[0.3891756879651325,36.64082707718067],[0.3883858609140815,36.638989640588726],[0.3746050864744745,36.64491334347161],[0.3753949135255255,36.64675078006355]]],[[[0.393374365919476,36.63793379125707],[0.3899655150161836,36.642664513772615],[0.38759603386303043,36.63715220399678],[0.393374365919476,36.63793379125707]]]]},"properties":{"speed":0.1555,"dir_deg":113.3,"type":"ضعيف"}},{"type":"Feature","geometry":{"type":"MultiPolygon","coordinates":[[[[0.4173841969133916,36.64652857888071],[0.42783195361042775,36.635765476168224],[0.4263968732487629,36.634372441941956],[0.4159491165517268,36.645135544654444],[0.4173841969133916,36.64652857888071]]],[[[0.43059699899527404,36.63148125815093],[0.42926703397209265,36.6371585103945],[0.424961792887098,36.63297940771568],[0.43059699899527404,36.63148125815093]]]]},"properties":{"speed":0.2483,"dir_deg":135.9,"type":"متوسط"}},{"type":"Feature","geometry":{"type":"MultiPolygon","coordinates":[[[[0.4592207606208538,36.64629302862198],[0.46613526343695155,36.63298176832079],[0.4643604287301255,36.63205983461198],[0.4574459259140278,36.64537109491317],[0.4592207606208538,36.64629302862198]]],[[[0.46755268035557107,36.628083714699315],[0.4679100981437776,36.633903702029606],[0.46258559402329946,36.63113790090316],[0.46755268035557107,36.628083714699315]]]]},"properties":{"speed":0.3332,"dir_deg":152.6,"type":"متوسط"}},{"type":"Feature","geometry":{"type":"MultiPolygon","coordinates":[[[[0.5009546490044631,36.64612979533686],[0.5054206525436993,36.63181006026991],[0.5035113545347731,36.63121459313135],[0.49904535099553693,36.645534328198295],[0.5009546490044631,36.64612979533686]]],[[[0.5059546713856483,36.626739081678316],[0.5073299505526254,36.63240552740848],[0.501602056525847,36.63061912599278],[0.5059546713856483,36.626739081678316]]]]},"properties":{"speed":0.4247,"dir_deg":162.7,"type":"متوسط"}},{"type":"Feature","geometry":{"type":"MultiPolygon","coordinates":[[[[0.542640244192451,36.646060503198555],[0.5460668656571439,36.631457138335016],[0.544119750342005,36.63100025547306],[0.5406931288773121,36.6456036203366],[0.542640244192451,36.646060503198555]]],[[[0.546235515154472,36.62636090861619],[0.5480139809722827,36.63191402119698],[0.5421726350268662,36.6305433726111],[0.546235515154472,36.62636090861619]]]]},"properties":{"speed":0.4846,"dir_deg":166.8,"type":"قوي"}},{"type":"Feature","geometry":{"type":"MultiPolygon","coordinates":[[[[0.5843091949816427,36.6460503626281],[0.5875837078895254,36.63141213988024],[0.5856319448564768,36.63097553815919],[0.5823574319485941,36.645613760907054],[0.5843091949816427,36.6460503626281]]],[[[0.5876993306756287,36.626314431437095],[0.5895354709225741,36.631848741601296],[0.5836801818234282,36.630538936438136],[0.5876993306756287,36.626314431437095]]]]},"properties":{"speed":0.4791,"dir_deg":167.4,"type":"قوي"}},{"type":"Feature","geometry":{"type":"MultiPolygon","coordinates":[[[[0.6259503697517401,36.646143184468414],[0.6306172102643273,36.63188763819231],[0.628716470760847,36.63126539279064],[0.6240496302482599,36.64552093906674],[0.6259503697517401,36.646143184468414]]],[[[0.6312224540167828,36.62682466673277],[0.6325179497678075,36.63250988359399],[0.6268157312573668,36.63064314738896],[0.6312224540167828,36.62682466673277]]]]},"properties":{"speed":0.3827,"dir_deg":161.9,"type":"متوسط"}},{"type":"Feature","geometry":{"type":"MultiPolygon","coordinates":[[[[0.667585151356185,36.646227564450285],[0.6735176915967838,36.63245059213074],[0.6716807619541769,36.63165958676532],[0.6657482217135782,36.64543655908487],[0.667585151356185,36.646227564450285]]],[[[0.6745767401890133,36.62746276534151],[0.6753546212393906,36.63324159749615],[0.6698438323115701,36.63086858139991],[0.6745767401890133,36.62746276534151]]]]},"properties":{"speed":0.2756,"dir_deg":156.7,"type":"متوسط"}},{"type":"Feature","geometry":{"type":"MultiPolygon","coordinates":[[[[0.7092926951935256,36.646114172914466],[0.7135243623968449,36.63172344698836],[0.7116055989400306,36.631159224694585],[0.7073739317367113,36.64554995062069],[0.7092926951935256,36.646114172914466]]],[[[0.7139755364028775,36.62664442719944],[0.7154431258536593,36.632287669282135],[0.7096868354832162,36.63059500240081],[0.7139755364028775,36.62664442719944]]]]},"properties":{"speed":0.2328,"dir_deg":163.6,"type":"متوسط"}},{"type":"Feature","geometry":{"type":"MultiPolygon","coordinates":[[[[0.7509964478558501,36.64591627382474],[0.7522596287133021,36.63096955598699],[0.750266733001602,36.630801131872666],[0.7490035521441499,36.64574784971042],[0.7509964478558501,36.64591627382474]]],[[[0.7516842411432695,36.625903104650575],[0.7542525244250023,36.631137980101315],[0.7482738372899017,36.63063270775834],[0.7516842411432695,36.625903104650575]]]]},"properties":{"speed":0.2252,"dir_deg":175.2,"type":"متوسط"}},{"type":"Feature","geometry":{"type":"MultiPolygon","coordinates":[[[[0.7926657075151065,36.645787822858566],[0.7920021238799396,36.63080250815519],[0.7900040819194899,36.63089098597322],[0.7906676655546567,36.64587630067659],[0.7926657075151065,36.645787822858566]]],[[[0.7907819083546591,36.62585164216308],[0.7940001658403895,36.630714030337174],[0.7880060399590401,36.630979463791235],[0.7907819083546591,36.62585164216308]]]]},"properties":{"speed":0.2287,"dir_deg":182.5,"type":"متوسط"}},{"type":"Feature","geometry":{"type":"MultiPolygon","coordinates":[[[[0.8343304476636585,36.64575640867708],[0.8331956513061997,36.63079939569898],[0.8312013829091195,36.630950701879975],[0.8323361792665783,36.645907714858076],[0.8343304476636585,36.64575640867708]]],[[[0.8318202516551733,36.625889377796774],[0.8351899197032799,36.63064808951798],[0.8292071145120392,36.63110200806097],[0.8318202516551733,36.625889377796774]]]]},"properties":{"speed":0.2053,"dir_deg":184.3,"type":"ضعيف"}},{"type":"Feature","geometry":{"type":"MultiPolygon","coordinates":[[[[0.8759973114896386,36.64590534063653],[0.8770964945239144,36.63094566829195],[0.8751018715446373,36.630799110554044],[0.8740026885103614,36.645758782898625],[0.8759973114896386,36.64590534063653]]],[[[0.8764655773790343,36.625885831974806],[0.8790911175031916,36.63109222602985],[0.87310724856536,36.630652552816144],[0.8764655773790343,36.625885831974806]]]]},"properties":{"speed":0.1263,"dir_deg":175.8,"type":"ضعيف"}},{"type":"Feature","geometry":{"type":"MultiPolygon","coordinates":[[[[0.9169722390811852,36.64678423698331],[0.9312548673171107,36.642200948788755],[0.9306437622245035,36.640296598357295],[0.916361133988578,36.64487988655185],[0.9169722390811852,36.64678423698331]]],[[[0.935710190849449,36.639721010841505],[0.931865972409718,36.64410529922021],[0.9300326571318962,36.63839224792584],[0.935710190849449,36.639721010841505]]]]},"properties":{"speed":0.0828,"dir_deg":107.8,"type":"ضعيف"}},{"type":"Feature","geometry":{"type":"MultiPolygon","coordinates":[[[[0.9579692514462654,36.64676343647543],[0.9719398720640641,36.652224366758226],[0.97266799610177,36.65036161734252],[0.9586973754839714,36.644900687059724],[0.9579692514462654,36.64676343647543]]],[[[0.9769608076221833,36.65311330214464],[0.9712117480263582,36.65408711617393],[0.9733961201394759,36.64849886792681],[0.9769608076221833,36.65311330214464]]]]},"properties":{"speed":0.1975,"dir_deg":68.7,"type":"ضعيف"}},{"type":"Feature","geometry":{"type":"MultiPolygon","coordinates":[[[[0.9995686631243537,36.64673425271173],[1.0131015272866148,36.65320430584643],[1.0139642010379075,36.651399923958124],[1.0004313368756463,36.644929870823425],[0.9995686631243537,36.64673425271173]]],[[[1.018043818883015,36.654458799280505],[1.012238853535322,36.65500868773473],[1.0148268747892004,36.649595542069825],[1.018043818883015,36.654458799280505]]]]},"properties":{"speed":0.3031,"dir_deg":64.4,"type":"متوسط"}},{"type":"Feature","geometry":{"type":"MultiPolygon","coordinates":[[[[-0.4156972353889689,36.687745402238356],[-0.41201620181358284,36.6732040820845],[-0.4139550445007634,36.67271327760779],[-0.4176360780761495,36.687254597761644],[-0.4156972353889689,36.687745402238356]]],[[[-0.4117586119653778,36.66811157312819],[-0.4100773591264023,36.67369488656122],[-0.41589388718794396,36.67222247313107],[-0.4117586119653778,36.66811157312819]]]]},"properties":{"speed":0.1445,"dir_deg":165.8,"type":"ضعيف"}},{"type":"Feature","geometry":{"type":"MultiPolygon","coordinates":[[[[-0.3740467731725709,36.68780225587748],[-0.3695129350104132,36.673503853466045],[-0.3714193886652714,36.67289934171109],[-0.3759532268274291,36.68719774412252],[-0.3740467731725709,36.68780225587748]]],[[[-0.36895488245045643,36.66843546345142],[-0.36760648135555507,36.674108365220995],[-0.37332584232012955,36.67229482995614],[-0.36895488245045643,36.66843546345142]]]]},"properties":{"speed":0.1311,"dir_deg":162.4,"type":"ضعيف"}},{"type":"Feature","geometry":{"type":"MultiPolygon","coordinates":[[[[-0.3323931419339716,36.68784061921928],[-0.3272838536447744,36.67373759921724],[-0.32916425631171276,36.67305636077868],[-0.33427354460090997,36.68715938078072],[-0.3323931419339716,36.68784061921928]]],[[[-0.3265209588818445,36.668695973330614],[-0.3254034509778361,36.6744188376558],[-0.3310446589786511,36.67237512234012],[-0.3265209588818445,36.668695973330614]]]]},"properties":{"speed":0.1101,"dir_deg":160.1,"type":"ضعيف"}},{"type":"Feature","geometry":{"type":"MultiPolygon","coordinates":[[[[-0.2906922461543185,36.687724775499134],[-0.28732061366725353,36.67310861682552],[-0.28926943482373496,36.672659065827254],[-0.2926410673107999,36.687275224500866],[-0.2906922461543185,36.687724775499134]]],[[[-0.28717114674980593,36.66801178843519],[-0.2853717925107721,36.6735581678238],[-0.2912182559802164,36.67220951482898],[-0.28717114674980593,36.66801178843519]]]]},"properties":{"speed":0.0877,"dir_deg":167.0,"type":"ضعيف"}},{"type":"Feature","geometry":{"type":"MultiPolygon","coordinates":[[[[-0.24900093665932727,36.68745672828494],[-0.24965001238516116,36.672470778174855],[-0.2516481390665066,36.67255732160497],[-0.25099906334067273,36.68754327171506],[-0.24900093665932727,36.68745672828494]]],[[[-0.25086543430111186,36.66751873318655],[-0.24765188570381572,36.67238423474475],[-0.2536462657478521,36.67264386503508],[-0.25086543430111186,36.66751873318655]]]]},"properties":{"speed":0.0685,"dir_deg":182.5,"type":"ضعيف"}},{"type":"Feature","geometry":{"type":"MultiPolygon","coordinates":[[[[-0.2075125656103465,36.686928730800346],[-0.21608160360515358,36.67461728946135],[-0.21772312911701977,36.67575982786066],[-0.2091540911222127,36.688071269199654],[-0.2075125656103465,36.686928730800346]]],[[[-0.2197587123593557,36.67108474488134],[-0.21444007809328736,36.673474751062045],[-0.219364654628886,36.67690236625997],[-0.2197587123593557,36.67108474488134]]]]},"properties":{"speed":0.009,"dir_deg":214.8,"type":"ضعيف"}},{"type":"Feature","geometry":{"type":"MultiPolygon","coordinates":[[[[-0.16765410866397573,36.687658013009845],[-0.16528391351628793,36.70246956846368],[-0.16330903945577727,36.70215354244399],[-0.16567923460346506,36.687341986990155],[-0.16765410866397573,36.687658013009845]]],[[[-0.16350641143680333,36.70724874060511],[-0.16725878757679857,36.70278559448337],[-0.16133416539526663,36.70183751642429],[-0.16350641143680333,36.70724874060511]]]]},"properties":{"speed":0.0987,"dir_deg":9.1,"type":"ضعيف"}},{"type":"Feature","geometry":{"type":"MultiPolygon","coordinates":[[[[-0.12599060720190883,36.68763673833232],[-0.12393953221707052,36.702495846360954],[-0.12195831781325286,36.70222236969631],[-0.12400939279809117,36.68736326166768],[-0.12599060720190883,36.68763673833232]]],[[[-0.12226523335354891,36.70731214403818],[-0.1259207466208882,36.7027693230256],[-0.1199771034094352,36.70194889303166],[-0.12226523335354891,36.70731214403818]]]]},"properties":{"speed":0.2385,"dir_deg":7.9,"type":"متوسط"}},{"type":"Feature","geometry":{"type":"MultiPolygon","coordinates":[[[[-0.08432787898419646,36.687604325875526],[-0.08276299085127127,36.70252247338557],[-0.08077390451659876,36.70231382163452],[-0.08233879264952394,36.687395674124474],[-0.08432787898419646,36.687604325875526]]],[[[-0.0812468183062933,36.707390863346724],[-0.0847520771859438,36.70273112513663],[-0.07878481818192623,36.70210516988346],[-0.0812468183062933,36.707390863346724]]]]},"properties":{"speed":0.346,"dir_deg":6.0,"type":"متوسط"}},{"type":"Feature","geometry":{"type":"MultiPolygon","coordinates":[[[[-0.042665245331721016,36.68744667899388],[-0.04346506042352378,36.70242534034324],[-0.041467905576941945,36.70253198235548],[-0.04066809048513918,36.68755332100612],[-0.042665245331721016,36.68744667899388]]],[[[-0.04273308803083378,36.70747154846582],[-0.04546221527010562,36.702318698331],[-0.039470750730360105,36.70263862436772],[-0.04273308803083378,36.70747154846582]]]]},"properties":{"speed":0.4919,"dir_deg":356.9,"type":"قوي"}},{"type":"Feature","geometry":{"type":"MultiPolygon","coordinates":[[[[-0.0009997891609445806,36.68747946627998],[-0.0013077949611977051,36.70247630369415],[0.0006917833606914562,36.702517371134185],[0.0009997891609445806,36.68752053372002],[-0.0009997891609445806,36.68747946627998]]],[[[-0.00041067440033749924,36.70749578321889],[-0.0033073732830868666,36.70243523625412],[0.002691361682580618,36.702558438574215],[-0.00041067440033749924,36.70749578321889]]]]},"properties":{"speed":0.7129,"dir_deg":358.8,"type":"قوي"}},{"type":"Feature","geometry":{"type":"MultiPolygon","coordinates":[[[[0.04067172904453294,36.68760048212332],[0.0421789608943429,36.70252456508178],[0.044168838622137226,36.702323600835136],[0.04266160677232726,36.68739951787668],[0.04067172904453294,36.68760048212332]]],[[[0.04367631037484338,36.707398777277945],[0.04018908316654858,36.70272552932842],[0.046158716349931544,36.7021226365885],[0.04367631037484338,36.707398777277945]]]]},"properties":{"speed":0.6741,"dir_deg":5.8,"type":"قوي"}},{"type":"Feature","geometry":{"type":"MultiPolygon","coordinates":[[[[0.08233975335102571,36.687613110050776],[0.08403640411264642,36.7025168470383],[0.08602356904431539,36.702290626936744],[0.08432691828269469,36.687386889949224],[0.08233975335102571,36.687613110050776]]],[[[0.08559553683235446,36.70737164931669],[0.08204923918097744,36.70274306713984],[0.08801073397598437,36.7020644068352],[0.08559553683235446,36.70737164931669]]]]},"properties":{"speed":0.6286,"dir_deg":6.5,"type":"قوي"}},{"type":"Feature","geometry":{"type":"MultiPolygon","coordinates":[[[[0.1240115753299077,36.687651712463406],[0.12628726228100792,36.702478082514794],[0.12826411162119253,36.70217465758798],[0.1259884246700923,36.687348287536594],[0.1240115753299077,36.687651712463406]]],[[[0.12803424926813364,36.70726849340185],[0.12431041294082332,36.70278150744161],[0.13024096096137713,36.70187123266117],[0.12803424926813364,36.70726849340185]]]]},"properties":{"speed":0.5138,"dir_deg":8.7,"type":"قوي"}},{"type":"Feature","geometry":{"type":"MultiPolygon","coordinates":[[[[0.16568928304409783,36.68771145104605],[0.16886104873484642,36.70237227989039],[0.17081582591409156,36.70194937779829],[0.16764406022334297,36.68728854895395],[0.16568928304409783,36.68771145104605]]],[[[0.1708956925547185,36.70704777179245],[0.16690627155560128,36.702795181982495],[0.1727706030933367,36.70152647570619],[0.1708956925547185,36.70704777179245]]]]},"properties":{"speed":0.3535,"dir_deg":12.2,"type":"متوسط"}},{"type":"Feature","geometry":{"type":"MultiPolygon","coordinates":[[[[0.20734734800052518,36.68766686137464],[0.20985026862012665,36.70245656686095],[0.2118222293516355,36.70212284411168],[0.20931930873203403,36.68733313862536],[0.20734734800052518,36.68766686137464]]],[[[0.21167055585908157,36.70721960731509],[0.20787830788861783,36.702790289610235],[0.21379419008314432,36.701789121362395],[0.21167055585908157,36.70721960731509]]]]},"properties":{"speed":0.244,"dir_deg":9.6,"type":"متوسط"}},{"type":"Feature","geometry":{"type":"MultiPolygon","coordinates":[[[[0.249013862049384,36.687665927521394],[0.2515027748702458,36.70245799678063],[0.25347505077147775,36.70212614173784],[0.250986137950616,36.687334072478606],[0.249013862049384,36.687665927521394]]],[[[0.25331855042781576,36.70722275901232],[0.2495304989690138,36.70278985182341],[0.25544732667270975,36.70179428669506],[0.25331855042781576,36.70722275901232]]]]},"properties":{"speed":0.1994,"dir_deg":9.6,"type":"ضعيف"}},{"type":"Feature","geometry":{"type":"MultiPolygon","coordinates":[[[[0.29085680952190424,36.68808664085725],[0.29965642238064555,36.70023434901707],[0.3012761168019555,36.69906106730257],[0.29247650394321417,36.68691335914275],[0.29085680952190424,36.68808664085725]]],[[[0.3033994738775476,36.7036969442131],[0.29803672795933556,36.70140763073157],[0.3028958112232655,36.69788778558807],[0.3033994738775476,36.7036969442131]]]]},"properties":{"speed":0.1279,"dir_deg":35.9,"type":"ضعيف"}},{"type":"Feature","geometry":{"type":"MultiPolygon","coordinates":[[[[0.3332060167470294,36.68849186085576],[0.34808392958351225,36.690401758661935],[0.3483385826243351,36.68841803695041],[0.3334606697878522,36.68650813914424],[0.3332060167470294,36.68849186085576]]],[[[0.35317056038275135,36.69004653040823],[0.3478292765426894,36.69238548037347],[0.34859323566515793,36.68643431523888],[0.35317056038275135,36.69004653040823]]]]},"properties":{"speed":0.1353,"dir_deg":82.7,"type":"ضعيف"}},{"type":"Feature","geometry":{"type":"MultiPolygon","coordinates":[[[[0.3754818614014724,36.6883762474478],[0.38862557311843016,36.68114832642571],[0.3876618503154854,36.679395831530115],[0.3745181385985276,36.6866237525522],[0.3754818614014724,36.6883762474478]]],[[[0.3925249489559437,36.67786277197055],[0.3895892959213749,36.682900821321304],[0.3866981275125406,36.677643336634524],[0.3925249489559437,36.67786277197055]]]]},"properties":{"speed":0.2019,"dir_deg":118.8,"type":"ضعيف"}},{"type":"Feature","geometry":{"type":"MultiPolygon","coordinates":[[[[0.4174239775546468,36.688153043009635],[0.4272196226991656,36.67679323067832],[0.42570498105499044,36.67548714465905],[0.41590933591047163,36.686846956990365],[0.4174239775546468,36.688153043009635]]],[[[0.4297275169252509,36.67235358355825],[0.4287342643433407,36.67809931669759],[0.4241903394108153,36.67418105863978],[0.4297275169252509,36.67235358355825]]]]},"properties":{"speed":0.2867,"dir_deg":139.2,"type":"متوسط"}},{"type":"Feature","geometry":{"type":"MultiPolygon","coordinates":[[[[0.459239847994224,36.68792219566592],[0.4655727829829897,36.67432462476417],[0.46375977352942327,36.67348023343233],[0.4574268385406576,36.68707780433408],[0.459239847994224,36.68792219566592]]],[[[0.46677725658579505,36.669369905464336],[0.4673857924365561,36.675169016096],[0.4619467640758569,36.6726358421005],[0.46677725658579505,36.669369905464336]]]]},"properties":{"speed":0.3638,"dir_deg":155.0,"type":"متوسط"}},{"type":"Feature","geometry":{"type":"MultiPolygon","coordinates":[[[[0.500962114756849,36.687772644814096],[0.5050517869682871,36.67334092346136],[0.503127557454589,36.67279563383317],[0.499037885243151,36.687227355185904],[0.500962114756849,36.687772644814096]]],[[[0.5054528962819175,36.66825770486302],[0.5069760164819851,36.67388621308955],[0.5012033279408911,36.672250344204976],[0.5054528962819175,36.66825770486302]]]]},"properties":{"speed":0.4384,"dir_deg":164.2,"type":"قوي"}},{"type":"Feature","geometry":{"type":"MultiPolygon","coordinates":[[[[0.5426482105224217,36.687691339127944],[0.545518297441616,36.67296847931484],[0.5435552494665357,36.67258580105895],[0.5406851625473414,36.687308660872056],[0.5426482105224217,36.687691339127944]]],[[[0.5454934690938071,36.6678695202492],[0.5474813454166964,36.673351157570735],[0.5415922014914553,36.672203122803054],[0.5454934690938071,36.6678695202492]]]]},"properties":{"speed":0.4783,"dir_deg":169.0,"type":"قوي"}},{"type":"Feature","geometry":{"type":"MultiPolygon","coordinates":[[[[0.5843199376718615,36.6876630112716],[0.5867651067458537,36.672863648170456],[0.5847918583323675,36.67253762562725],[0.5823466892583753,36.6873369887284],[0.5843199376718615,36.6876630112716]]],[[[0.5865935388971081,36.66776751586514],[0.58873835515934,36.673189670713654],[0.5828186099188811,36.67221160308405],[0.5865935388971081,36.66776751586514]]]]},"properties":{"speed":0.4653,"dir_deg":170.6,"type":"قوي"}},{"type":"Feature","geometry":{"type":"MultiPolygon","coordinates":[[[[0.6259740683197536,36.687726254079415],[0.629367879510999,36.67311522928311],[0.6274197428714919,36.67266272112428],[0.6240259316802464,36.687273745920585],[0.6259740683197536,36.687726254079415]]],[[[0.6295250815883273,36.66801863360493],[0.631316016150506,36.67356773744195],[0.625471606231985,36.672210212965446],[0.6295250815883273,36.66801863360493]]]]},"properties":{"speed":0.3528,"dir_deg":166.9,"type":"متوسط"}},{"type":"Feature","geometry":{"type":"MultiPolygon","coordinates":[[[[0.6676354256932263,36.687748081525086],[0.6713566485695358,36.67321699414992],[0.6694191702528464,36.672720831099745],[0.6656979473765369,36.687251918474914],[0.6676354256932263,36.687748081525086]]],[[[0.6716283170366275,36.668125216833104],[0.6732941268862251,36.67371315720009],[0.667481691936157,36.67222466804957],[0.6716283170366275,36.668125216833104]]]]},"properties":{"speed":0.2486,"dir_deg":165.6,"type":"متوسط"}},{"type":"Feature","geometry":{"type":"MultiPolygon","coordinates":[[[[0.7093263397241469,36.68761789337929],[0.7110947404134579,36.672722499493865],[0.7091086878954008,36.672486712735285],[0.7073402872060899,36.68738210662071],[0.7093263397241469,36.68761789337929]]],[[[0.7106911810508663,36.66763947481943],[0.7130807929315149,36.67295828625244],[0.7071226353773438,36.67225092597671],[0.7106911810508663,36.66763947481943]]]]},"properties":{"speed":0.2305,"dir_deg":173.2,"type":"متوسط"}},{"type":"Feature","geometry":{"type":"MultiPolygon","coordinates":[[[[0.7509987585106758,36.68745018597233],[0.7502515480956157,36.672468808312196],[0.7482540310742641,36.672568436367534],[0.7490012414893242,36.68754981402767],[0.7509987585106758,36.68745018597233]]],[[[0.7490037194465866,36.66752482978649],[0.7522490651169671,36.67236918025685],[0.7462565140529127,36.67266806442288],[0.7490037194465866,36.66752482978649]]]]},"properties":{"speed":0.2317,"dir_deg":182.9,"type":"متوسط"}},{"type":"Feature","geometry":{"type":"MultiPolygon","coordinates":[[[[0.7926552123057012,36.68734894768977],[0.7903894276522762,36.672521061127476],[0.7884123761106369,36.672823165747936],[0.7906781607640619,36.68765105231023],[0.7926552123057012,36.68734894768977]]],[[[0.7886456403303148,36.6677294845836],[0.7923664791939156,36.672218956507024],[0.7864353245689975,36.67312527036839],[0.7886456403303148,36.6677294845836]]]]},"properties":{"speed":0.2335,"dir_deg":188.7,"type":"متوسط"}},{"type":"Feature","geometry":{"type":"MultiPolygon","coordinates":[[[[0.8343153158059914,36.68731113125584],[0.8314822846436128,36.67258109614274],[0.8295182799618669,36.672958833631064],[0.8323513111242454,36.68768886874416],[0.8343153158059914,36.68731113125584]]],[[[0.8295559385819471,36.66785995318254],[0.8334462893253587,36.67220335865443],[0.827554275280121,36.67333657111938],[0.8295559385819471,36.66785995318254]]]]},"properties":{"speed":0.2194,"dir_deg":190.9,"type":"متوسط"}},{"type":"Feature","geometry":{"type":"MultiPolygon","coordinates":[[[[0.8759814368315995,36.68730821432384],[0.873104651689207,36.67258666184985],[0.8711417780260081,36.672970233202165],[0.8740185631684005,36.68769178567616],[0.8759814368315995,36.68730821432384]]],[[[0.8711642864768101,36.66787126336801],[0.8750675253524061,36.672203090497526],[0.8691789043628091,36.67335380455449],[0.8711642864768101,36.66787126336801]]]]},"properties":{"speed":0.1825,"dir_deg":191.1,"type":"ضعيف"}},{"type":"Feature","geometry":{"type":"MultiPolygon","coordinates":[[[[0.9176649722734788,36.68744147151024],[0.9167870449270795,36.67246718543128],[0.9147904734498852,36.6725842424108],[0.9156684007962844,36.68755852848976],[0.9176649722734788,36.68744147151024]]],[[[0.9154961167396826,36.66753428522806],[0.9187836164042738,36.67235012845176],[0.912793901972691,36.67270129939032],[0.9154961167396826,36.66753428522806]]]]},"properties":{"speed":0.1272,"dir_deg":183.4,"type":"ضعيف"}},{"type":"Feature","geometry":{"type":"MultiPolygon","coordinates":[[[[0.9591751024555519,36.68803980672058],[0.9672722032642727,36.67541297186408],[0.9655886252834056,36.67433335842291],[0.9574915244746849,36.68696019327942],[0.9591751024555519,36.68803980672058]]],[[[0.969129447876746,36.67066422019133],[0.9689557812451398,36.67649258530524],[0.9639050473025385,36.67325374498175],[0.969129447876746,36.67066422019133]]]]},"properties":{"speed":0.0749,"dir_deg":147.3,"type":"ضعيف"}},{"type":"Feature","geometry":{"type":"MultiPolygon","coordinates":[[[[1.0000408778009393,36.68849916415338],[1.0150283401015703,36.68788599713929],[1.0149465844996917,36.685887668832535],[0.9999591221990607,36.68650083584662],[1.0000408778009393,36.68849916415338]]],[[[1.0199832830675077,36.68668244398121],[1.015110095703449,36.68988432544604],[1.014864828897813,36.68388934052579],[1.0199832830675077,36.68668244398121]]]]},"properties":{"speed":0.0994,"dir_deg":92.3,"type":"ضعيف"}}]}