{"type":"FeatureCollection","date":"2026-09-12","features":[{"type":"Feature","geometry":{"type":"MultiPolygon","coordinates":[[[[-0.24900000270465586,35.85416561244129],[-0.24903488957164285,35.83916565301113],[-0.25103488416233116,35.83917030459339],[-0.25099999729534417,35.85417026402355],[-0.24900000270465586,35.85416561244129]]],[[[-0.25004651582264936,35.83416799232554],[-0.24703489498095454,35.83916100142886],[-0.25303487875301944,35.839174956175654],[-0.25004651582264936,35.83416799232554]]]]},"properties":{"speed":0.0375,"dir_deg":180.1,"type":"ضعيف"}},{"type":"Feature","geometry":{"type":"MultiPolygon","coordinates":[[[[-0.20733611261351267,35.85424250861819],[-0.2062175568270044,35.83928427232669],[-0.20821198833253826,35.839135131555146],[-0.20933054411904653,35.85409336784665],[-0.20733611261351267,35.85424250861819]]],[[[-0.20684192065093526,35.83422362317708],[-0.20422312532147052,35.83943341309822],[-0.21020641983807214,35.83898599078361],[-0.20684192065093526,35.83422362317708]]]]},"properties":{"speed":0.0289,"dir_deg":175.7,"type":"ضعيف"}},{"type":"Feature","geometry":{"type":"MultiPolygon","coordinates":[[[[-0.16567530767935792,35.854299077509495],[-0.16370821852328885,35.839428618194056],[-0.1656909464320138,35.83916633963991],[-0.16765803558808287,35.85403679895535],[-0.16567530767935792,35.854299077509495]]],[[[-0.16404388609229498,35.83434065914517],[-0.16172549061456387,35.839690896748195],[-0.16767367434073877,35.83890406108577],[-0.16404388609229498,35.83434065914517]]]]},"properties":{"speed":0.0134,"dir_deg":172.5,"type":"ضعيف"}},{"type":"Feature","geometry":{"type":"MultiPolygon","coordinates":[[[[-0.12401148690757216,35.85401680297479],[-0.12627851577201532,35.83918910658837],[-0.128255541956871,35.839491377103634],[-0.12598851309242784,35.85431907349005],[-0.12401148690757216,35.85401680297479]]],[[[-0.12802270515259087,35.834397676383865],[-0.12430148958715964,35.838886836073115],[-0.13023256814172668,35.83979364761889],[-0.12802270515259087,35.834397676383865]]]]},"properties":{"speed":0.0132,"dir_deg":188.7,"type":"ضعيف"}},{"type":"Feature","geometry":{"type":"MultiPolygon","coordinates":[[[[-0.08279911380080594,35.855013282444894],[-0.07011895061369917,35.84699995220408],[-0.07118739464580769,35.845309263779136],[-0.08386755783291445,35.85332259401995],[-0.08279911380080594,35.855013282444894]]],[[[-0.0664264515673845,35.843483497911336],[-0.06905050658159065,35.84869064062903],[-0.07225583867791621,35.843618575354185],[-0.0664264515673845,35.843483497911336]]]]},"properties":{"speed":0.0176,"dir_deg":122.3,"type":"ضعيف"}},{"type":"Feature","geometry":{"type":"MultiPolygon","coordinates":[[[[-0.04149649509162377,35.855153352466345],[-0.026715281582762426,35.85260076021425],[-0.02705562721637508,35.850629931746404],[-0.04183684072523643,35.8531825239985],[-0.04149649509162377,35.855153352466345]]],[[[-0.021958383229948305,35.8507644818963],[-0.026374935949149775,35.8545715886821],[-0.02739597284998773,35.84865910327856],[-0.021958383229948305,35.8507644818963]]]]},"properties":{"speed":0.0334,"dir_deg":99.8,"type":"ضعيف"}},{"type":"Feature","geometry":{"type":"MultiPolygon","coordinates":[[[[-0.29232239183085157,35.895077070720696],[-0.30364725753403715,35.904913097195085],[-0.3023357873374524,35.90642307928885],[-0.29101092163426684,35.89658705281446],[-0.29232239183085157,35.895077070720696]]],[[[-0.30676647767014004,35.908946763733425],[-0.3049587277306219,35.90340311510133],[-0.3010243171408677,35.90793306138261],[-0.30676647767014004,35.908946763733425]]]]},"properties":{"speed":0.061,"dir_deg":311.0,"type":"ضعيف"}},{"type":"Feature","geometry":{"type":"MultiPolygon","coordinates":[[[[-0.24972837636287018,35.8948696582141],[-0.26416442966508136,35.89079530365715],[-0.26470767693934105,35.89272011076411],[-0.25027162363712985,35.89679446532106],[-0.24972837636287018,35.8948696582141]]],[[[-0.2692480710696149,35.89039958902498],[-0.2636211823908217,35.88887049655019],[-0.2652509242136007,35.89464491787107],[-0.2692480710696149,35.89039958902498]]]]},"properties":{"speed":0.0641,"dir_deg":254.2,"type":"ضعيف"}},{"type":"Feature","geometry":{"type":"MultiPolygon","coordinates":[[[[-0.20818375399069503,35.89484331129037],[-0.22301501114873487,35.89259969565661],[-0.22331415989990402,35.89457719661102],[-0.20848290274186418,35.89682081224478],[-0.20818375399069503,35.89484331129037]]],[[[-0.22810833791033275,35.892840574255885],[-0.2227158623975657,35.8906221947022],[-0.2236133086510732,35.89655469756542],[-0.22810833791033275,35.892840574255885]]]]},"properties":{"speed":0.0787,"dir_deg":261.4,"type":"ضعيف"}},{"type":"Feature","geometry":{"type":"MultiPolygon","coordinates":[[[[-0.16665483210616155,35.89483213185724],[-0.1816537807612212,35.89465453894386],[-0.1816774598163389,35.89665439876453],[-0.16667851116127924,35.896831991677914],[-0.16665483210616155,35.89483213185724]]],[[[-0.18666526984046664,35.8955952712164],[-0.18163010170610355,35.89265467912318],[-0.18170113887145656,35.89865425858521],[-0.18666526984046664,35.8955952712164]]]]},"properties":{"speed":0.0906,"dir_deg":269.3,"type":"ضعيف"}},{"type":"Feature","geometry":{"type":"MultiPolygon","coordinates":[[[[-0.12491263905905318,35.8948358850433],[-0.13985528992325058,35.8935254709291],[-0.14003001180514424,35.895517824377656],[-0.12508736094094683,35.89682823849186],[-0.12491263905905318,35.8948358850433]]],[[[-0.14492353448559653,35.894084842948644],[-0.13968056804135695,35.891533117480535],[-0.14020473368703787,35.89751017782622],[-0.14492353448559653,35.894084842948644]]]]},"properties":{"speed":0.1054,"dir_deg":265.0,"type":"ضعيف"}},{"type":"Feature","geometry":{"type":"MultiPolygon","coordinates":[[[[-0.08306587587589614,35.89486849278718],[-0.09751941058182148,35.89085659367272],[-0.09805433046374959,35.892783731633514],[-0.08360079575782425,35.896795630747974],[-0.08306587587589614,35.89486849278718]]],[[[-0.10260471542476064,35.890482862948296],[-0.09698449069989336,35.88892945571193],[-0.09858925034567771,35.894710869594306],[-0.10260471542476064,35.890482862948296]]]]},"properties":{"speed":0.0881,"dir_deg":254.5,"type":"ضعيف"}},{"type":"Feature","geometry":{"type":"MultiPolygon","coordinates":[[[[-0.040950726112996993,35.89513390179626],[-0.05142312568278064,35.88439477486476],[-0.05285500927364685,35.8857910948074],[-0.042382609703863205,35.8965302217389],[-0.040950726112996993,35.89513390179626]]],[[[-0.0556298673348083,35.88151322585892],[-0.049991242091914426,35.882998454922124],[-0.05428689286451306,35.88718741475004],[-0.0556298673348083,35.88151322585892]]]]},"properties":{"speed":0.0471,"dir_deg":224.3,"type":"ضعيف"}},{"type":"Feature","geometry":{"type":"MultiPolygon","coordinates":[[[[0.0009992071777227196,35.89579224950832],[0.00040202328882040655,35.880804141842475],[-0.0015963910666250327,35.880883766360995],[-0.0009992071777227196,35.89587187402684],[0.0009992071777227196,35.89579224950832]]],[[[-0.0007962451852030841,35.875847918213125],[0.0024004376442658456,35.880724517323955],[-0.003594805422070472,35.880963390879515],[-0.0007962451852030841,35.875847918213125]]]]},"properties":{"speed":0.0742,"dir_deg":182.3,"type":"ضعيف"}},{"type":"Feature","geometry":{"type":"MultiPolygon","coordinates":[[[[-0.41667004622702697,35.93849999425565],[-0.4016701323923201,35.93855083667267],[-0.40166335340338455,35.93655084816137],[-0.41666326723809144,35.93650000574435],[-0.41667004622702697,35.93849999425565]]],[[[-0.39666677161961666,35.93756778988936],[-0.40167691138125555,35.94055082518396],[-0.4016565744144491,35.934550859650074],[-0.39666677161961666,35.93756778988936]]]]},"properties":{"speed":0.1124,"dir_deg":89.8,"type":"ضعيف"}},{"type":"Feature","geometry":{"type":"MultiPolygon","coordinates":[[[[-0.3748720045395155,35.93849177475371],[-0.3599953832338743,35.93657184284644],[-0.36025137415484326,35.934588293339026],[-0.3751279954604845,35.93650822524629],[-0.3748720045395155,35.93849177475371]]],[[[-0.35516450492581175,35.93494009079031],[-0.35973939231290536,35.93855539235386],[-0.3605073650758122,35.932604743831604],[-0.35516450492581175,35.93494009079031]]]]},"properties":{"speed":0.0894,"dir_deg":97.4,"type":"ضعيف"}},{"type":"Feature","geometry":{"type":"MultiPolygon","coordinates":[[[[-0.33298211439234116,35.93843628963323],[-0.31893776989387307,35.933167856506735],[-0.31964022764407235,35.931295277240274],[-0.33368457214254044,35.93656371036677],[-0.33298211439234116,35.93843628963323]]],[[[-0.31460755060281664,35.930475422498006],[-0.31823531214367373,35.935040435773196],[-0.3203426853942717,35.92942269797381],[-0.31460755060281664,35.930475422498006]]]]},"properties":{"speed":0.0961,"dir_deg":110.6,"type":"ضعيف"}},{"type":"Feature","geometry":{"type":"MultiPolygon","coordinates":[[[[-0.29165721952644463,35.93849995546858],[-0.2766578874977619,35.93835839737686],[-0.276676761909991,35.9363584864397],[-0.2916760939386738,35.93650004453142],[-0.29165721952644463,35.93849995546858]]],[[[-0.27166754736098214,35.93731125587771],[-0.2766390130855328,35.94035830831402],[-0.2766956363222201,35.93435857550254],[-0.27166754736098214,35.93731125587771]]]]},"properties":{"speed":0.0875,"dir_deg":90.5,"type":"ضعيف"}},{"type":"Feature","geometry":{"type":"MultiPolygon","coordinates":[[[[-0.24993334195336683,35.93849777587905],[-0.2349667037675789,35.937497905179555],[-0.23510001986084522,35.935502353421455],[-0.2500666580466332,35.93650222412095],[-0.24993334195336683,35.93849777587905]]],[[[-0.2300444824189494,35.93616683906733],[-0.23483338767431253,35.93949345693766],[-0.23523333595411158,35.93350680166335],[-0.2300444824189494,35.93616683906733]]]]},"properties":{"speed":0.0549,"dir_deg":93.8,"type":"ضعيف"}},{"type":"Feature","geometry":{"type":"MultiPolygon","coordinates":[[[[-0.20907433836287345,35.93817149399472],[-0.19900192844204026,35.94928664394363],[-0.19751990844885256,35.947943655954184],[-0.20759231836968575,35.93682850600528],[-0.20907433836287345,35.93817149399472]]],[[[-0.19490344847183536,35.952320199931876],[-0.20048394843522793,35.950629631933076],[-0.1960378884556649,35.94660066796474],[-0.19490344847183536,35.952320199931876]]]]},"properties":{"speed":0.0207,"dir_deg":42.2,"type":"ضعيف"}},{"type":"Feature","geometry":{"type":"MultiPolygon","coordinates":[[[[-0.16761856731186675,35.937193577713074],[-0.17221490161578928,35.95147201288527],[-0.17031111025949658,35.95208485745912],[-0.16571477595557405,35.937806422286926],[-0.16761856731186675,35.937193577713074]]],[[[-0.17279511737228379,35.956537913562926],[-0.174118692972082,35.95085916831141],[-0.16840731890320387,35.95269770203298],[-0.17279511737228379,35.956537913562926]]]]},"properties":{"speed":0.0415,"dir_deg":342.2,"type":"ضعيف"}},{"type":"Feature","geometry":{"type":"MultiPolygon","coordinates":[[[[-0.12551539886554475,35.93664304958755],[-0.13836965505226811,35.94437403257072],[-0.13733885732117862,35.94608793339562],[-0.12448460113445525,35.93835695041245],[-0.12551539886554475,35.93664304958755]]],[[[-0.14213900824896447,35.947807977310895],[-0.13940045278335764,35.942660131745825],[-0.1363080595900891,35.94780183422051],[-0.14213900824896447,35.947807977310895]]]]},"properties":{"speed":0.0476,"dir_deg":301.0,"type":"ضعيف"}},{"type":"Feature","geometry":{"type":"MultiPolygon","coordinates":[[[[-0.08300525406174972,35.9365553506672],[-0.0971749940537826,35.93163412434054],[-0.09783115756400357,35.93352342300614],[-0.08366141757197068,35.9384446493328],[-0.08300525406174972,35.9365553506672]]],[[[-0.10222632247290406,35.93093836489779],[-0.09651883054356165,35.92974482567494],[-0.09848732107422452,35.935412721671746],[-0.10222632247290406,35.93093836489779]]]]},"properties":{"speed":0.0561,"dir_deg":250.8,"type":"ضعيف"}},{"type":"Feature","geometry":{"type":"MultiPolygon","coordinates":[[[[-0.04081572849892879,35.9369747361412],[-0.04869468638087307,35.92421064499868],[-0.05039656519987569,35.925261172716276],[-0.04251760731793141,35.9380252638588],[-0.04081572849892879,35.9369747361412]]],[[[-0.05217194508435581,35.92048121180997],[-0.04699280756187045,35.92316011728109],[-0.05209844401887831,35.926311700433864],[-0.05217194508435581,35.92048121180997]]]]},"properties":{"speed":0.0655,"dir_deg":211.7,"type":"ضعيف"}},{"type":"Feature","geometry":{"type":"MultiPolygon","coordinates":[[[[0.0009939228980549797,35.937389921515624],[-0.0006572543675491369,35.9224810780448],[-0.0026451001636590963,35.92270123501355],[-0.0009939228980549797,35.937610078484376],[0.0009939228980549797,35.937389921515624]]],[[[-0.0022015696874721556,35.9176215420389],[0.0013305914285608226,35.92226092107605],[-0.004632945959769055,35.92292139198229],[-0.0022015696874721556,35.9176215420389]]]]},"properties":{"speed":0.09,"dir_deg":186.3,"type":"ضعيف"}},{"type":"Feature","geometry":{"type":"MultiPolygon","coordinates":[[[[0.04266647644496183,35.93748043241767],[0.042372962710002064,35.9224833043697],[0.0403733456369386,35.922522439534355],[0.040666859371898366,35.93751956758233],[0.04266647644496183,35.93748043241767]]],[[[0.041275316261817074,35.917503829269364],[0.04437257978306554,35.922444169205036],[0.03837372856387512,35.92256157469902],[0.041275316261817074,35.917503829269364]]]]},"properties":{"speed":0.0929,"dir_deg":181.1,"type":"ضعيف"}},{"type":"Feature","geometry":{"type":"MultiPolygon","coordinates":[[[[-0.4168381273871629,35.98015312746024],[-0.4020602889698842,35.9827251872793],[-0.4017173476606768,35.98075480882366],[-0.4164951860779555,35.9781827490046],[-0.4168381273871629,35.98015312746024]]],[[[-0.3969628721761876,35.98259735132449],[-0.4024032302790917,35.98469556573494],[-0.4013744063514693,35.97878443036802],[-0.3969628721761876,35.98259735132449]]]]},"properties":{"speed":0.4728,"dir_deg":80.1,"type":"قوي"}},{"type":"Feature","geometry":{"type":"MultiPolygon","coordinates":[[[[-0.37511335949643126,35.98016149226949],[-0.360210048940451,35.981861884715954],[-0.35998332994758847,35.97987477664182],[-0.37488664050356874,35.978174384195356],[-0.37511335949643126,35.98016149226949]]],[[[-0.355128919258693,35.981435128161046],[-0.3604367679333135,35.98384899279009],[-0.359756610954726,35.97788766856769],[-0.355128919258693,35.981435128161046]]]]},"properties":{"speed":0.4404,"dir_deg":83.5,"type":"قوي"}},{"type":"Feature","geometry":{"type":"MultiPolygon","coordinates":[[[[-0.33340644041360606,35.980165263057756],[-0.31844656803363364,35.98126172025024],[-0.3183003737413031,35.97926707059957],[-0.3332602461212755,35.97817061340709],[-0.33340644041360606,35.980165263057756]]],[[[-0.3133868467608109,35.98062988115573],[-0.3185927623259641,35.9832563699009],[-0.3181541794489726,35.97727242094891],[-0.3133868467608109,35.98062988115573]]]]},"properties":{"speed":0.4111,"dir_deg":85.8,"type":"قوي"}},{"type":"Feature","geometry":{"type":"MultiPolygon","coordinates":[[[[-0.29171746246878066,35.98016664678709],[-0.27673683414876105,35.980928732830414],[-0.2766352226763181,35.97893131572108],[-0.29161585099633774,35.97816922967775],[-0.29171746246878066,35.98016664678709]]],[[[-0.27169248563919973,35.98018405295685],[-0.276838445621204,35.98292614993975],[-0.27653361120387515,35.97693389861174],[-0.27169248563919973,35.98018405295685]]]]},"properties":{"speed":0.3832,"dir_deg":87.1,"type":"قوي"}},{"type":"Feature","geometry":{"type":"MultiPolygon","coordinates":[[[[-0.25007496402700646,35.98016512447112],[-0.23511717044648894,35.981289584876215],[-0.23496724239247607,35.97929521239882],[-0.24992503597299356,35.97817075199372],[-0.25007496402700646,35.98016512447112]]],[[[-0.2300562752259767,35.98066721877255],[-0.23526709850050181,35.98328395735362],[-0.2348173143384632,35.97730083992141],[-0.2300562752259767,35.98066721877255]]]]},"properties":{"speed":0.3257,"dir_deg":85.7,"type":"متوسط"}},{"type":"Feature","geometry":{"type":"MultiPolygon","coordinates":[[[[-0.2084837194331486,35.98015656481866],[-0.193654320639659,35.98241243082169],[-0.193353538505921,35.98043517764922],[-0.2081829372994106,35.97817931164619],[-0.2084837194331486,35.98015656481866]]],[[[-0.1885607966416268,35.9821757595698],[-0.193955102773397,35.98438968399415],[-0.193052756372183,35.97845792447676],[-0.1885607966416268,35.9821757595698]]]]},"properties":{"speed":0.2658,"dir_deg":81.4,"type":"متوسط"}},{"type":"Feature","geometry":{"type":"MultiPolygon","coordinates":[[[[-0.16702947555149128,35.980099803736266],[-0.15305149299386617,35.98554186250283],[-0.1523258851583244,35.98367813149514],[-0.16630386771594952,35.97823607272858],[-0.16702947555149128,35.980099803736266]]],[[[-0.14802936155688692,35.98642401658784],[-0.15377710082940793,35.98740559351051],[-0.15160027732278264,35.98181440048746],[-0.14802936155688692,35.98642401658784]]]]},"properties":{"speed":0.2551,"dir_deg":68.7,"type":"متوسط"}},{"type":"Feature","geometry":{"type":"MultiPolygon","coordinates":[[[[-0.1254969931179264,35.98003569271425],[-0.11248067589049593,35.98749058948315],[-0.11148668965464312,35.98575508051949],[-0.1245030068820736,35.97830018375059],[-0.1254969931179264,35.98003569271425]]],[[[-0.10764491036342602,35.98910780059095],[-0.11347466212634873,35.98922609844681],[-0.11049270341879032,35.984019571555834],[-0.10764491036342602,35.98910780059095]]]]},"properties":{"speed":0.2443,"dir_deg":60.2,"type":"متوسط"}},{"type":"Feature","geometry":{"type":"MultiPolygon","coordinates":[[[[-0.08397079543084399,35.97993842200288],[-0.07241353887396951,35.98950031621264],[-0.07113861964600193,35.98795934867172],[-0.08269587620287641,35.97839745446196],[-0.08397079543084399,35.97993842200288]]],[[[-0.06792366040769422,35.9919171305121],[-0.0736884581019371,35.99104128375356],[-0.06986370041803434,35.986418381130804],[-0.06792366040769422,35.9919171305121]]]]},"properties":{"speed":0.1891,"dir_deg":50.4,"type":"متوسط"}},{"type":"Feature","geometry":{"type":"MultiPolygon","coordinates":[[[[-0.042419934826663,35.979825653178196],[-0.0325542106400369,35.99112465695169],[-0.031047676803571095,35.98980922706014],[-0.0409134009901972,35.97851022328665],[-0.042419934826663,35.979825653178196]]],[[[-0.028512368992928624,35.99423327659708],[-0.0340607444765027,35.99244008684324],[-0.029541142967105295,35.988493797168594],[-0.028512368992928624,35.99423327659708]]]]},"properties":{"speed":0.1146,"dir_deg":41.1,"type":"ضعيف"}},{"type":"Feature","geometry":{"type":"MultiPolygon","coordinates":[[[[0.0001623081154259189,35.98015467835812],[0.014963410000929222,35.97772005662673],[0.014638793770077384,35.975746576375336],[-0.0001623081154259189,35.978181198106725],[0.0001623081154259189,35.98015467835812]]],[[[0.019734802514004408,35.9759217759239],[0.01528802623178106,35.97969353687813],[0.014314177539225547,35.973773096123935],[0.019734802514004408,35.9759217759239]]]]},"properties":{"speed":0.0505,"dir_deg":99.3,"type":"ضعيف"}},{"type":"Feature","geometry":{"type":"MultiPolygon","coordinates":[[[[0.0424114340523955,35.97983526378326],[0.05242131731498417,35.968663771623774],[0.05093178502705337,35.9673291205221],[0.040921901764464697,35.978500612681586],[0.0424114340523955,35.97983526378326]]],[[[0.05501317892521499,35.96427261535312],[0.053910849602914986,35.96999842272545],[0.049442252739122554,35.96599446942042],[0.05501317892521499,35.96427261535312]]]]},"properties":{"speed":0.0708,"dir_deg":138.1,"type":"ضعيف"}},{"type":"Feature","geometry":{"type":"MultiPolygon","coordinates":[[[[0.08342547567823486,35.980163684307456],[0.09836166680374668,35.97878158638684],[0.09817738708099737,35.97679009423677],[0.08324119595548554,35.97817219215739],[0.08342547567823486,35.980163684307456]]],[[[0.10324825731754263,35.977325141004926],[0.09854594652649601,35.980773078536906],[0.09799310735824804,35.9747986020867],[0.10324825731754263,35.977325141004926]]]]},"properties":{"speed":0.0451,"dir_deg":95.3,"type":"ضعيف"}},{"type":"Feature","geometry":{"type":"MultiPolygon","coordinates":[[[[-0.41691733841851475,36.021800131337564],[-0.4023962948687742,36.0255603566269],[-0.4018949314968631,36.023624217486926],[-0.41641597504660366,36.01986399219759],[-0.41691733841851475,36.021800131337564]]],[[[-0.39730526533290517,36.02584569548669],[-0.40289765824068524,36.02749649576686],[-0.4013935681249521,36.02168807834696],[-0.39730526533290517,36.02584569548669]]]]},"properties":{"speed":0.5182,"dir_deg":75.5,"type":"قوي"}},{"type":"Feature","geometry":{"type":"MultiPolygon","coordinates":[[[[-0.3751962438565517,36.02181261689034],[-0.3604879170151911,36.024756274738614],[-0.3600954293020877,36.0227951644931],[-0.3748037561434483,36.01985150664482],[-0.3751962438565517,36.02181261689034]]],[[[-0.3553888975448526,36.02475693889861],[-0.36088040472829447,36.026717384984124],[-0.35970294158898436,36.02083405424759],[-0.3553888975448526,36.02475693889861]]]]},"properties":{"speed":0.5318,"dir_deg":78.7,"type":"قوي"}},{"type":"Feature","geometry":{"type":"MultiPolygon","coordinates":[[[[-0.3335092432000444,36.02181646982002],[-0.31874312241343417,36.024454968809074],[-0.318391322548227,36.0224861527042],[-0.3331574433348372,36.01984765371514],[-0.3335092432000444,36.02181646982002]]],[[[-0.3136451822186272,36.02435006041965],[-0.31909492227864134,36.02642378491396],[-0.3180395226830198,36.02051733659931],[-0.3136451822186272,36.02435006041965]]]]},"properties":{"speed":0.5237,"dir_deg":79.9,"type":"قوي"}},{"type":"Feature","geometry":{"type":"MultiPolygon","coordinates":[[[[-0.2918152600578386,36.02182095865387],[-0.27698180676347456,36.02405000853306],[-0.2766846001129158,36.02207221476048],[-0.2915180534072798,36.01984316488129],[-0.2918152600578386,36.02182095865387]]],[[[-0.2718887190067405,36.02380412827316],[-0.2772790134140334,36.02602780230564],[-0.27638739346235697,36.020094420987895],[-0.2718887190067405,36.02380412827316]]]]},"properties":{"speed":0.5012,"dir_deg":81.5,"type":"قوي"}},{"type":"Feature","geometry":{"type":"MultiPolygon","coordinates":[[[[-0.2501218137348516,36.02182461474551],[-0.23523351906587286,36.023651820768286],[-0.23498989159616973,36.02166671481242],[-0.24987818626514843,36.019839508789644],[-0.2501218137348516,36.02182461474551]]],[[[-0.23014894044136172,36.02326833646461],[-0.23547714653557603,36.02563692672415],[-0.23474626412646657,36.01968160885656],[-0.23014894044136172,36.02326833646461]]]]},"properties":{"speed":0.4502,"dir_deg":83.0,"type":"قوي"}},{"type":"Feature","geometry":{"type":"MultiPolygon","coordinates":[[[[-0.20847859137777328,36.0218214548429],[-0.19363769524796856,36.024000400015304],[-0.1933471692249812,36.02202161386466],[-0.20818806535478593,36.019842668692256],[-0.20847859137777328,36.0218214548429]]],[[[-0.1885454668598733,36.02373732199745],[-0.19392822127095588,36.02597918616594],[-0.1930566432019939,36.02004282771402],[-0.1885454668598733,36.02373732199745]]]]},"properties":{"speed":0.3992,"dir_deg":81.6,"type":"قوي"}},{"type":"Feature","geometry":{"type":"MultiPolygon","coordinates":[[[[-0.1669167666076445,36.021800283077],[-0.15239344696632195,36.025551707685864],[-0.15189325701847373,36.02361526506702],[-0.16641657665979628,36.01986384045816],[-0.1669167666076445,36.021800283077]]],[[[-0.1473022454452903,36.02583396124606],[-0.1528936369141702,36.027488150304706],[-0.15139306707062547,36.02167882244818],[-0.1473022454452903,36.02583396124606]]]]},"properties":{"speed":0.3818,"dir_deg":75.5,"type":"قوي"}},{"type":"Feature","geometry":{"type":"MultiPolygon","coordinates":[[[[-0.1253781390451645,36.021757810579366],[-0.11149190686838363,36.027429896256834],[-0.11073562877805458,36.02557839863326],[-0.12462186095483548,36.01990631295579],[-0.1253781390451645,36.021757810579366]]],[[[-0.10648502376429214,36.02839484267087],[-0.11224818495871267,36.0292813938804],[-0.10997935068772555,36.02372690100969],[-0.10648502376429214,36.02839484267087]]]]},"properties":{"speed":0.395,"dir_deg":67.8,"type":"قوي"}},{"type":"Feature","geometry":{"type":"MultiPolygon","coordinates":[[[[-0.08386949154896504,36.02167618085333],[-0.0712077052626822,36.029718516834905],[-0.07013539379847251,36.028030278663394],[-0.08279718008475535,36.01998794268182],[-0.08386949154896504,36.02167618085333]]],[[[-0.06645095410181642,36.031555176409675],[-0.07228001672689191,36.03140675500641],[-0.06906308233426281,36.02634204049189],[-0.06645095410181642,36.031555176409675]]]]},"properties":{"speed":0.3954,"dir_deg":57.6,"type":"قوي"}},{"type":"Feature","geometry":{"type":"MultiPolygon","coordinates":[[[[-0.04237977885867996,36.02153311295874],[-0.03186401099120631,36.03222977721249],[-0.030437789090706588,36.030827674830164],[-0.04095355695818024,36.020131010576414],[-0.04237977885867996,36.02153311295874]]],[[[-0.0276456440851319,36.035094280772576],[-0.03329023289170603,36.03363187959482],[-0.029011567190206863,36.029425572447835],[-0.0276456440851319,36.035094280772576]]]]},"properties":{"speed":0.3399,"dir_deg":44.5,"type":"متوسط"}},{"type":"Feature","geometry":{"type":"MultiPolygon","coordinates":[[[[-0.000783376331719335,36.02145360945111],[0.008539838921236087,36.0332042544269],[0.010106591584674756,36.03196115905984],[0.000783376331719335,36.02021051408405],[-0.000783376331719335,36.02145360945111]]],[[[0.012430953670607231,36.036499588401966],[0.006973086257797417,36.03444734979396],[0.011673344248113426,36.03071806369278],[0.012430953670607231,36.036499588401966]]]]},"properties":{"speed":0.2162,"dir_deg":38.4,"type":"متوسط"}},{"type":"Feature","geometry":{"type":"MultiPolygon","coordinates":[[[[0.04083483064165965,36.02138708137229],[0.049160124712301835,36.03386464037385],[0.05082379924584273,36.03275460116443],[0.04249850517520055,36.02027704216287],[0.04083483064165965,36.02138708137229]]],[[[0.05276706000261969,36.03746880710299],[0.04749645017876093,36.034974679583264],[0.052487473779383634,36.03164456195501],[0.05276706000261969,36.03746880710299]]]]},"properties":{"speed":0.129,"dir_deg":33.7,"type":"ضعيف"}},{"type":"Feature","geometry":{"type":"MultiPolygon","coordinates":[[[[0.08253476598976979,36.021433963945064],[0.09156329865203987,36.03341251135142],[0.09316043830622069,36.03220870699645],[0.08413190564395061,36.02023015959009],[0.08253476598976979,36.021433963945064]]],[[[0.09537137936655364,36.036803458309386],[0.08996615899785904,36.03461631570639],[0.09475757796040152,36.031004902641484],[0.09537137936655364,36.036803458309386]]]]},"properties":{"speed":0.0854,"dir_deg":37.0,"type":"ضعيف"}},{"type":"Feature","geometry":{"type":"MultiPolygon","coordinates":[[[[-0.4168932520078027,36.06347398900468],[-0.4022834169376042,36.06687291813333],[-0.40183022638711724,36.06492494012397],[-0.4164400614573157,36.06152601099532],[-0.4168932520078027,36.06347398900468]]],[[[-0.39718687663896124,36.06703190550487],[-0.40273660748809115,36.06882089614269],[-0.4013770358366303,36.06297696211461],[-0.39718687663896124,36.06703190550487]]]]},"properties":{"speed":0.3347,"dir_deg":76.9,"type":"متوسط"}},{"type":"Feature","geometry":{"type":"MultiPolygon","coordinates":[[[[-0.3751942172874673,36.06348095853391],[-0.36047983927883287,36.06639421784592],[-0.3600914047038982,36.0644323007781],[-0.3748057827125327,36.06151904146609],[-0.3751942172874673,36.06348095853391]]],[[[-0.3553808293218207,36.06638434574935],[-0.3608682738537676,36.068356134913735],[-0.3597029701289635,36.062470383710284],[-0.3553808293218207,36.06638434574935]]]]},"properties":{"speed":0.366,"dir_deg":78.8,"type":"قوي"}},{"type":"Feature","geometry":{"type":"MultiPolygon","coordinates":[[[[-0.3335045088975769,36.06348524226821],[-0.3187258748744838,36.06605272672025],[-0.3183835436142116,36.06408224218384],[-0.3331621776373047,36.06151475773179],[-0.3335045088975769,36.06348524226821]]],[[[-0.31362849790331665,36.06592331260272],[-0.319068206134756,36.068023211256666],[-0.3180412123539394,36.06211175764742],[-0.31362849790331665,36.06592331260272]]]]},"properties":{"speed":0.387,"dir_deg":80.1,"type":"قوي"}},{"type":"Feature","geometry":{"type":"MultiPolygon","coordinates":[[[[-0.29182560649569433,36.06348728667204],[-0.27701630641500724,36.06587153311907],[-0.276698406888737,36.063896959774986],[-0.2915077069694241,36.06151271332796],[-0.29182560649569433,36.06348728667204]]],[[[-0.2719209232916431,36.0656789952627],[-0.2773342059412775,36.067846106463165],[-0.2763805073624667,36.06192238643089],[-0.2719209232916431,36.0656789952627]]]]},"properties":{"speed":0.4039,"dir_deg":80.9,"type":"قوي"}},{"type":"Feature","geometry":{"type":"MultiPolygon","coordinates":[[[[-0.25015530053751417,36.063487867269956],[-0.23533729148819316,36.06581737533267],[-0.23502669041316487,36.06384164079276],[-0.24984469946248586,36.061512132730044],[-0.25015530053751417,36.063487867269956]]],[[[-0.23024265460090534,36.06560601075028],[-0.23564789256322147,36.06779310987258],[-0.23471608933813656,36.06186590625285],[-0.23024265460090534,36.06560601075028]]]]},"properties":{"speed":0.4151,"dir_deg":81.1,"type":"قوي"}},{"type":"Feature","geometry":{"type":"MultiPolygon","coordinates":[[[[-0.2085418938513645,36.06347800840407],[-0.19387176779031645,36.06660649068034],[-0.19345463682014663,36.064650473872206],[-0.2081247628811947,36.06152199159593],[-0.2085418938513645,36.06347800840407]]],[[[-0.1887731602848822,36.0666713097017],[-0.19428889876048627,36.06856250748849],[-0.1930375058499768,36.06269445706406],[-0.1887731602848822,36.0666713097017]]]]},"properties":{"speed":0.4267,"dir_deg":78.0,"type":"قوي"}},{"type":"Feature","geometry":{"type":"MultiPolygon","coordinates":[[[[-0.16691834352717236,36.06346781261515],[-0.15240115429990045,36.06724289101693],[-0.15189781051299653,36.06530726578663],[-0.16641499974026844,36.06153218738485],[-0.16691834352717236,36.06346781261515]]],[[[-0.1473104193306912,36.06753343786904],[-0.15290449808680434,36.069178516247234],[-0.15139446672609264,36.063371640556326],[-0.1473104193306912,36.06753343786904]]]]},"properties":{"speed":0.4352,"dir_deg":75.4,"type":"قوي"}},{"type":"Feature","geometry":{"type":"MultiPolygon","coordinates":[[[[-0.12529350363901098,36.06345595795613],[-0.11095413429706831,36.06785851254129],[-0.11036712701904634,36.06594659662903],[-0.12470649636098902,36.06154404204387],[-0.12529350363901098,36.06345595795613]]],[[[-0.10588084087740977,36.06837007278022],[-0.11154114157509026,36.06977042845355],[-0.10978011974102439,36.06403468071677],[-0.10588084087740977,36.06837007278022]]]]},"properties":{"speed":0.4389,"dir_deg":72.9,"type":"قوي"}},{"type":"Feature","geometry":{"type":"MultiPolygon","coordinates":[[[[-0.08373638705071514,36.06341517741607],[-0.07000872580963687,36.06946094592389],[-0.06920262334192699,36.067630591091756],[-0.08293028458300526,36.06158482258393],[-0.08373638705071514,36.06341517741607]]],[[[-0.0650297874954225,36.0705610246771],[-0.07081482827734674,36.07129130075604],[-0.06839652087421712,36.06580023625961],[-0.0650297874954225,36.0705610246771]]]]},"properties":{"speed":0.426,"dir_deg":66.2,"type":"قوي"}},{"type":"Feature","geometry":{"type":"MultiPolygon","coordinates":[[[[-0.04223754069754675,36.06332103852446],[-0.02992196283065841,36.071884130361205],[-0.02878021725242511,36.07024205331229],[-0.04109579511931345,36.06167896147554],[-0.04223754069754675,36.06332103852446]]],[[[-0.02524589741924564,36.073917455782336],[-0.031063708408891708,36.073526207410126],[-0.02763847167419181,36.06859997626337],[-0.02524589741924564,36.073917455782336]]]]},"properties":{"speed":0.3933,"dir_deg":55.2,"type":"قوي"}},{"type":"Feature","geometry":{"type":"MultiPolygon","coordinates":[[[[-0.0007058635165555674,36.06320834786369],[0.0099193544388116,36.073796300612024],[0.011331081471922733,36.07237960488464],[0.0007058635165555674,36.06179165213631],[-0.0007058635165555674,36.06320834786369]]],[[[0.014166957273822889,36.07661727033111],[0.008507627405700465,36.0752129963394],[0.012742808505033868,36.07096290915726],[0.014166957273822889,36.07661727033111]]]]},"properties":{"speed":0.3406,"dir_deg":45.1,"type":"متوسط"}},{"type":"Feature","geometry":{"type":"MultiPolygon","coordinates":[[[[0.040858530675491535,36.06308899423829],[0.04969344424983622,36.07521105273237],[0.05130971871571335,36.07403306425579],[0.042474805141368664,36.06191100576171],[0.040858530675491535,36.06308899423829]]],[[[0.053446552674223005,36.07866274465877],[0.04807716978395909,36.07638904120895],[0.052925993181590476,36.07285507577921],[0.053446552674223005,36.07866274465877]]]]},"properties":{"speed":0.303,"dir_deg":36.1,"type":"متوسط"}},{"type":"Feature","geometry":{"type":"MultiPolygon","coordinates":[[[[0.082485129979507,36.063029666741905],[0.09043013110807775,36.0757527543022],[0.09212654278278416,36.07469342081839],[0.0841815416542134,36.061970333258095],[0.082485129979507,36.063029666741905]]],[[[0.09392667065495454,36.07946411674706],[0.08873371943337136,36.07681208778601],[0.09382295445749056,36.07363408733458],[0.09392667065495454,36.07946411674706]]]]},"properties":{"speed":0.2219,"dir_deg":32.0,"type":"متوسط"}},{"type":"Feature","geometry":{"type":"MultiPolygon","coordinates":[[[[0.12405352387583769,36.06282277383164],[0.1288951313504174,36.07701991569407],[0.13078808359874206,36.07637436803079],[0.12594647612416232,36.06217722616836],[0.12405352387583769,36.06282277383164]]],[[[0.13145547663277296,36.08142952248325],[0.1270021791020928,36.07766546335735],[0.13268103584706667,36.075728820367516],[0.13145547663277296,36.08142952248325]]]]},"properties":{"speed":0.2362,"dir_deg":18.8,"type":"متوسط"}},{"type":"Feature","geometry":{"type":"MultiPolygon","coordinates":[[[[-0.416833229332469,36.105153967425174],[-0.40204279144118815,36.10765255642382],[-0.4017096462413685,36.10568049803832],[-0.4165000841326494,36.10318190903967],[-0.416833229332469,36.105153967425174]]],[[[-0.39694607287751804,36.10749939023062],[-0.40237593664100785,36.10962461480933],[-0.4013765010415488,36.10370843965281],[-0.39694607287751804,36.10749939023062]]]]},"properties":{"speed":0.2014,"dir_deg":80.4,"type":"متوسط"}},{"type":"Feature","geometry":{"type":"MultiPolygon","coordinates":[[[[-0.3750922125984836,36.10516367757416],[-0.3601561224724431,36.10654686655141],[-0.35997169727547595,36.10455538786793],[-0.3749077874015164,36.10317219889068],[-0.3750922125984836,36.10516367757416]]],[[[-0.35508521316527936,36.106012190202094],[-0.36034054766941026,36.108538345234884],[-0.3597872720785088,36.10256390918446],[-0.35508521316527936,36.106012190202094]]]]},"properties":{"speed":0.2127,"dir_deg":84.7,"type":"متوسط"}},{"type":"Feature","geometry":{"type":"MultiPolygon","coordinates":[[[[-0.33338440712675316,36.10516663362255],[-0.318403976274764,36.105932591512236],[-0.3183018485561393,36.103935200731975],[-0.33328227940812843,36.10316924284229],[-0.33338440712675316,36.10516663362255]]],[[[-0.31335943546478856,36.10518921541867],[-0.31850610399338875,36.107929982292504],[-0.3181997208375146,36.10193780995171],[-0.31335943546478856,36.10518921541867]]]]},"properties":{"speed":0.2316,"dir_deg":87.1,"type":"متوسط"}},{"type":"Feature","geometry":{"type":"MultiPolygon","coordinates":[[[[-0.29175950725973365,36.10516361829128],[-0.2768243063768941,36.106556376198895],[-0.2766386053225452,36.10456501608118],[-0.29157380620538476,36.103172258173565],[-0.29175950725973365,36.10516361829128]]],[[[-0.27175305555543977,36.10602494877591],[-0.27701000743124293,36.10854773631661],[-0.27645290426819635,36.10257365596347],[-0.27175305555543977,36.10602494877591]]]]},"properties":{"speed":0.2566,"dir_deg":84.7,"type":"متوسط"}},{"type":"Feature","geometry":{"type":"MultiPolygon","coordinates":[[[[-0.2501360644691615,36.1051586382174],[-0.23527556469451877,36.10719960525482],[-0.2350034357561958,36.10521820528487],[-0.24986393553083852,36.10317723824745],[-0.2501360644691615,36.1051586382174]]],[[[-0.23018600030047637,36.10688922761565],[-0.23554769363284173,36.10918100522478],[-0.23473130681787285,36.103236805314914],[-0.23018600030047637,36.10688922761565]]]]},"properties":{"speed":0.2882,"dir_deg":82.2,"type":"متوسط"}},{"type":"Feature","geometry":{"type":"MultiPolygon","coordinates":[[[[-0.208571990767127,36.10513904083175],[-0.19400545177720582,36.108718976844465],[-0.193528126975511,36.106776771645805],[-0.2080946659654322,36.10319683563309],[-0.208571990767127,36.10513904083175]]],[[[-0.188911276379718,36.10894118624937],[-0.19448277657890062,36.11066118204312],[-0.1930508021738162,36.10483456644715],[-0.188911276379718,36.10894118624937]]]]},"properties":{"speed":0.3324,"dir_deg":76.2,"type":"متوسط"}},{"type":"Feature","geometry":{"type":"MultiPolygon","coordinates":[[[[-0.16697444838790204,36.10511939683351],[-0.15270256937157356,36.10973604814623],[-0.15208701586321027,36.10783313094406],[-0.16635889487953875,36.103216479631335],[-0.16697444838790204,36.10511939683351]]],[[[-0.1476374996119491,36.11032347331606],[-0.15331812287993687,36.11163896534841],[-0.15147146235484696,36.10593021374188],[-0.1476374996119491,36.11032347331606]]]]},"properties":{"speed":0.3755,"dir_deg":72.1,"type":"قوي"}},{"type":"Feature","geometry":{"type":"MultiPolygon","coordinates":[[[[-0.1253635100191005,36.10509952852113],[-0.11138965568849266,36.11055217880764],[-0.11066263565029164,36.10868899823022],[-0.12463648998089949,36.103236347943714],[-0.1253635100191005,36.10509952852113]]],[[[-0.10636819422585618,36.11143813861443],[-0.11211667572669368,36.112415359385054],[-0.10993561561209061,36.106825817652805],[-0.10636819422585618,36.11143813861443]]]]},"properties":{"speed":0.423,"dir_deg":68.7,"type":"قوي"}},{"type":"Feature","geometry":{"type":"MultiPolygon","coordinates":[[[[-0.08374040693764792,36.10508133469761],[-0.07003945995980579,36.111187401509426],[-0.06922531771823034,36.10936060857905],[-0.08292626469607248,36.103254541767235],[-0.08374040693764792,36.10508133469761]]],[[[-0.06506540651307068,36.112309360648176],[-0.07085360220138123,36.113014194439806],[-0.0684111754766549,36.10753381564867],[-0.06506540651307068,36.112309360648176]]]]},"properties":{"speed":0.4496,"dir_deg":66.0,"type":"قوي"}},{"type":"Feature","geometry":{"type":"MultiPolygon","coordinates":[[[[-0.04214851018336205,36.105044196197916],[-0.029004640700980085,36.112271830321895],[-0.028040956151116195,36.110519314390906],[-0.04118482563349815,36.10329168026693],[-0.04214851018336205,36.105044196197916]]],[[[-0.024141508598587488,36.11380478373106],[-0.029968325250843975,36.114024346252876],[-0.027077271601252305,36.108766798459925],[-0.024141508598587488,36.11380478373106]]]]},"properties":{"speed":0.465,"dir_deg":61.2,"type":"قوي"}},{"type":"Feature","geometry":{"type":"MultiPolygon","coordinates":[[[[-0.0005572966107453334,36.10499825172],[0.011897405702905,36.11335770088118],[0.013011998924395666,36.11169707390603],[0.0005572966107453334,36.103337624744846],[-0.0005572966107453334,36.10499825172]]],[[[0.01660626975153378,36.11531387044733],[0.010782812481414333,36.11501832785633],[0.014126592145886333,36.11003644693088],[0.01660626975153378,36.11531387044733]]]]},"properties":{"speed":0.4544,"dir_deg":56.1,"type":"قوي"}},{"type":"Feature","geometry":{"type":"MultiPolygon","coordinates":[[[[0.041036451533891294,36.10494435778477],[0.052682744819061975,36.11439760340285],[0.053943177568139586,36.11284476429816],[0.042296884282968905,36.10339151868008],[0.041036451533891294,36.10494435778477]]],[[[0.05719505895532435,36.1167722657232],[0.05142231206998436,36.11595044250754],[0.0552036103172172,36.11129192519347],[0.05719505895532435,36.1167722657232]]]]},"properties":{"speed":0.4329,"dir_deg":50.9,"type":"قوي"}},{"type":"Feature","geometry":{"type":"MultiPolygon","coordinates":[[[[0.08271477370753601,36.10495367414029],[0.09450081232551068,36.114232105780154],[0.09573793654415906,36.11266063396442],[0.08395189792618439,36.10338220232455],[0.08271477370753601,36.10495367414029]]],[[[0.09904805397415978,36.116539180418904],[0.09326368810686228,36.115803577595884],[0.09697506076280746,36.11108916214869],[0.09904805397415978,36.116539180418904]]]]},"properties":{"speed":0.3593,"dir_deg":51.8,"type":"قوي"}},{"type":"Feature","geometry":{"type":"MultiPolygon","coordinates":[[[[0.12421464554052032,36.10478698457396],[0.13350034066363634,36.116567301466155],[0.13507104958259572,36.11532920878307],[0.1257853544594797,36.10354889189088],[0.12421464554052032,36.10478698457396]]],[[[0.13738092683082137,36.11987502742202],[0.13192963174467698,36.11780539414924],[0.13664175850155508,36.11409111609999],[0.13738092683082137,36.11987502742202]]]]},"properties":{"speed":0.3348,"dir_deg":38.2,"type":"متوسط"}},{"type":"Feature","geometry":{"type":"MultiPolygon","coordinates":[[[[0.16583824226618235,36.10472803178086],[0.1742396454927343,36.117154472293926],[0.1758965042278104,36.11603428519705],[0.16749510100125845,36.103607844683985],[0.16583824226618235,36.10472803178086]]],[[[0.17786854260245633,36.12073652558318],[0.17258278675765823,36.1182746593908],[0.17755336296288646,36.11491409810018],[0.17786854260245633,36.12073652558318]]]]},"properties":{"speed":0.3159,"dir_deg":34.1,"type":"متوسط"}},{"type":"Feature","geometry":{"type":"MultiPolygon","coordinates":[[[[-0.41675752916984937,36.14682792430836],[-0.4018195910580579,36.14819101086771],[-0.4016378461834776,36.146199285786146],[-0.41657578429526904,36.144836199226795],[-0.41675752916984937,36.14682792430836]]],[[[-0.39674940591683727,36.14764951051338],[-0.4020013359326383,36.150182735949286],[-0.4014561013088972,36.14420756070457],[-0.39674940591683727,36.14764951051338]]]]},"properties":{"speed":0.1029,"dir_deg":84.8,"type":"ضعيف"}},{"type":"Feature","geometry":{"type":"MultiPolygon","coordinates":[[[[-0.37493913553556657,36.146830207807476],[-0.3599669449370577,36.14591724084097],[-0.3600886738659246,36.14392094876118],[-0.37506086446443343,36.14483391572768],[-0.37493913553556657,36.146830207807476]]],[[[-0.35503707920198824,36.14461477247891],[-0.3598452160081908,36.147913532920775],[-0.3602104027947915,36.141924656681375],[-0.35503707920198824,36.14461477247891]]]]},"properties":{"speed":0.1095,"dir_deg":93.5,"type":"ضعيف"}},{"type":"Feature","geometry":{"type":"MultiPolygon","coordinates":[[[[-0.33320214063080683,36.146823417338574],[-0.318331807065901,36.144855377789064],[-0.3185942123391689,36.14287266664707],[-0.33346454590407476,36.14484070619658],[-0.33320214063080683,36.146823417338574]]],[[[-0.3135062318475663,36.1432080090349],[-0.318069401792633,36.14683808893105],[-0.3188566176124369,36.14088995550509],[-0.3135062318475663,36.1432080090349]]]]},"properties":{"speed":0.1277,"dir_deg":97.5,"type":"ضعيف"}},{"type":"Feature","geometry":{"type":"MultiPolygon","coordinates":[[[[-0.2915857880264706,36.14682878653018],[-0.2766349165875043,36.14561575593885],[-0.27679665399968145,36.14362230641365],[-0.2917475254386478,36.14483533700498],[-0.2915857880264706,36.14682878653018]]],[[[-0.2717321614806041,36.14421468764581],[-0.27647317917532704,36.14760920546404],[-0.2769583914118587,36.14162885688845],[-0.2717321614806041,36.14421468764581]]]]},"properties":{"speed":0.1536,"dir_deg":94.6,"type":"ضعيف"}},{"type":"Feature","geometry":{"type":"MultiPolygon","coordinates":[[[[-0.2499996965107757,36.146832061721526],[-0.23499969720156852,36.14682750938316],[-0.23500030418001713,36.14482750947526],[-0.2500003034892243,36.14483206181363],[-0.2499996965107757,36.146832061721526]]],[[[-0.2300000009210571,36.145825991983095],[-0.23499909022311993,36.14882750929105],[-0.23500091115846572,36.14282750956737],[-0.2300000009210571,36.145825991983095]]]]},"properties":{"speed":0.1849,"dir_deg":90.0,"type":"متوسط"}},{"type":"Feature","geometry":{"type":"MultiPolygon","coordinates":[[[[-0.20848547081315924,36.146820420344135],[-0.19366009216477617,36.14910255704733],[-0.1933558072710169,36.147125839894215],[-0.20818118591939996,36.14484370319102],[-0.20848547081315924,36.146820420344135]]],[[[-0.18856615683510217,36.14887491070517],[-0.19396437705853542,36.15107927420045],[-0.19305152237725764,36.145149122741095],[-0.18856615683510217,36.14887491070517]]]]},"properties":{"speed":0.2115,"dir_deg":81.2,"type":"متوسط"}},{"type":"Feature","geometry":{"type":"MultiPolygon","coordinates":[[[[-0.1669420305190771,36.14679340326999],[-0.1525219079829334,36.15092378655034],[-0.15197119021222,36.149001103545515],[-0.1663913127483637,36.14487072026517],[-0.1669420305190771,36.14679340326999]]],[[[-0.1474398415855288,36.151339239474716],[-0.15307262575364686,36.15284646955516],[-0.15142047244150655,36.147078420540694],[-0.1474398415855288,36.151339239474716]]]]},"properties":{"speed":0.2308,"dir_deg":74.0,"type":"متوسط"}},{"type":"Feature","geometry":{"type":"MultiPolygon","coordinates":[[[[-0.12543189219323764,36.14673398700474],[-0.11190301363588533,36.1532123699033],[-0.11103922924941005,36.15140851942898],[-0.12456810780676236,36.14493013653042],[-0.12543189219323764,36.14673398700474]]],[[[-0.10696149525686358,36.15446990563233],[-0.11276679802236059,36.15501622037761],[-0.11017544486293479,36.14960466895467],[-0.10696149525686358,36.15446990563233]]]]},"properties":{"speed":0.2736,"dir_deg":64.4,"type":"متوسط"}},{"type":"Feature","geometry":{"type":"MultiPolygon","coordinates":[[[[-0.0838450170901313,36.14669123711323],[-0.07095738690528638,36.154366456212294],[-0.06993402435874418,36.15264810552099],[-0.0828216545435891,36.144972886421925],[-0.0838450170901313,36.14669123711323]]],[[[-0.06614982890373364,36.156065687233],[-0.07198074945182857,36.15608480690361],[-0.068910661812202,36.150929754829676],[-0.06614982890373364,36.156065687233]]]]},"properties":{"speed":0.3224,"dir_deg":59.2,"type":"متوسط"}},{"type":"Feature","geometry":{"type":"MultiPolygon","coordinates":[[[[-0.04223976493028616,36.14665154929252],[-0.029947452056118165,36.15524800462036],[-0.028801258012406045,36.153609029570475],[-0.04109357088657404,36.145012574242635],[-0.04223976493028616,36.14665154929252]]],[[[-0.02527691740953944,36.1572940022047],[-0.03109364609983028,36.156886979670254],[-0.02765506396869393,36.15197005452058],[-0.02527691740953944,36.1572940022047]]]]},"properties":{"speed":0.3921,"dir_deg":55.0,"type":"قوي"}},{"type":"Feature","geometry":{"type":"MultiPolygon","coordinates":[[[[-0.000600115986137463,36.14663197476484],[0.011398578972732377,36.1556337145569],[0.012598810945007304,36.15403388856238],[0.000600115986137463,36.14503214877032],[-0.000600115986137463,36.14663197476484]]],[[[0.015998259945159788,36.157834381490325],[0.01019834700045745,36.15723354055142],[0.01379904291728223,36.15243406256786],[0.015998259945159788,36.157834381490325]]]]},"properties":{"speed":0.457,"dir_deg":53.1,"type":"قوي"}},{"type":"Feature","geometry":{"type":"MultiPolygon","coordinates":[[[[0.04106528474115093,36.146631022521376],[0.0530496960481567,36.155651770030566],[0.054252462382715035,36.15405384852297],[0.042268051075709266,36.14503310101378],[0.04106528474115093,36.146631022521376]]],[[[0.05764588298443779,36.15785972511316],[0.05184692971359837,36.15724969153817],[0.05545522871727337,36.15245592701537],[0.05764588298443779,36.15785972511316]]]]},"properties":{"speed":0.5021,"dir_deg":53.0,"type":"قوي"}},{"type":"Feature","geometry":{"type":"MultiPolygon","coordinates":[[[[0.08279752940774021,36.14667640262999],[0.09546264234398508,36.154713498766796],[0.09653425516222505,36.15302481704197],[0.08386914222598019,36.14498772090516],[0.08279752940774021,36.14667640262999]]],[[[0.10022015306518668,36.15654818994998],[0.09439102952574509,36.15640218049163],[0.09760586798046504,36.15133613531713],[0.10022015306518668,36.15654818994998]]]]},"properties":{"speed":0.4564,"dir_deg":57.6,"type":"قوي"}},{"type":"Feature","geometry":{"type":"MultiPolygon","coordinates":[[[[0.12435848146242848,36.146599169299776],[0.13586509444537095,36.15622194736335],[0.137148131520514,36.15468773229895],[0.12564151853757152,36.14506495423538],[0.12435848146242848,36.146599169299776]]],[[[0.1403421506439233,36.15866243251901],[0.1345820573702279,36.15775616242774],[0.13843116859565704,36.153153517234564],[0.1403421506439233,36.15866243251901]]]]},"properties":{"speed":0.4716,"dir_deg":50.1,"type":"قوي"}},{"type":"Feature","geometry":{"type":"MultiPolygon","coordinates":[[[[0.1659763429502263,36.14655555766166],[0.17682878136137128,36.15691048791407],[0.17820943872835945,36.15546349612591],[0.16735700031721448,36.1451085658735],[0.1659763429502263,36.14655555766166]]],[[[0.18113658951524703,36.15963863543746],[0.1754481239943831,36.15835747970222],[0.17959009609534765,36.15401650433776],[0.18113658951524703,36.15963863543746]]]]},"properties":{"speed":0.4765,"dir_deg":46.3,"type":"قوي"}},{"type":"Feature","geometry":{"type":"MultiPolygon","coordinates":[[[[0.20745856535092336,36.146316612762796],[0.21472683027916398,36.15943805799314],[0.21647635630987647,36.15846895600271],[0.20920809138163585,36.14534751077236],[0.20745856535092336,36.146316612762796]]],[[[0.21802434827060044,36.1633273220747],[0.2129773042484515,36.16040715998357],[0.21822588234058896,36.15749985401228],[0.21802434827060044,36.1633273220747]]]]},"properties":{"speed":0.3633,"dir_deg":29.0,"type":"قوي"}},{"type":"Feature","geometry":{"type":"MultiPolygon","coordinates":[[[[0.24902062982115236,36.146034136141964],[0.25205174543695913,36.16072468882468],[0.2540104857946544,36.16032054007591],[0.25097937017884764,36.14562998739319],[0.24902062982115236,36.146034136141964]]],[[[0.25404148748774236,36.16541946534453],[0.25009300507926385,36.16112883757346],[0.2559692261523497,36.15991639132713],[0.25404148748774236,36.16541946534453]]]]},"properties":{"speed":0.2035,"dir_deg":11.7,"type":"متوسط"}},{"type":"Feature","geometry":{"type":"MultiPolygon","coordinates":[[[[-0.4170740101946595,36.18841327058253],[-0.4033749514567079,36.194523572514036],[-0.40256024453250727,36.19269703134898],[-0.4162593032704589,36.18658672941747],[-0.4170740101946595,36.18841327058253]]],[[[-0.398401245081957,36.19564706924201],[-0.40418965838090853,36.196350113679095],[-0.4017455376083066,36.19087049018392],[-0.398401245081957,36.19564706924201]]]]},"properties":{"speed":0.0776,"dir_deg":66.0,"type":"ضعيف"}},{"type":"Feature","geometry":{"type":"MultiPolygon","coordinates":[[[[-0.3752670058549077,36.18846369490683],[-0.3608115822524972,36.192468782730444],[-0.36027757054268184,36.190541392916785],[-0.3747329941450923,36.18653630509317],[-0.3752670058549077,36.18846369490683]]],[[[-0.35572610186345266,36.19284011709816],[-0.36134559396231264,36.194396172544096],[-0.3597435588328664,36.18861400310313],[-0.35572610186345266,36.19284011709816]]]]},"properties":{"speed":0.0904,"dir_deg":74.5,"type":"ضعيف"}},{"type":"Feature","geometry":{"type":"MultiPolygon","coordinates":[[[[-0.3335047963971022,36.188485192277845],[-0.3187269122293974,36.191056989222766],[-0.31838400597007466,36.189086604667075],[-0.3331618901377794,36.186514807722155],[-0.3335047963971022,36.188485192277845]]],[[[-0.31362949771050114,36.19092906259323],[-0.3190698184887201,36.19302737377846],[-0.31804109971075195,36.18711622011138],[-0.31362949771050114,36.19092906259323]]]]},"properties":{"speed":0.1146,"dir_deg":80.1,"type":"ضعيف"}},{"type":"Feature","geometry":{"type":"MultiPolygon","coordinates":[[[[-0.29181066902872704,36.18848957589833],[-0.27696703055380095,36.19064976034085],[-0.2766790059614653,36.188670608544186],[-0.29152264443639136,36.18651042410167],[-0.29181066902872704,36.18848957589833]]],[[[-0.2718751387659911,36.19038024592336],[-0.2772550551461366,36.1926289121375],[-0.27639098136912965,36.18669145674753],[-0.2718751387659911,36.19038024592336]]]]},"properties":{"speed":0.1471,"dir_deg":81.7,"type":"ضعيف"}},{"type":"Feature","geometry":{"type":"MultiPolygon","coordinates":[[[[-0.2501578964644062,36.1884874556732],[-0.23534606136645833,36.19085590263929],[-0.23503026843764582,36.1888809912929],[-0.24984210353559375,36.1865125443268],[-0.2501578964644062,36.1884874556732]]],[[[-0.23025088653606945,36.19065792928812],[-0.2356618542952708,36.19283081398569],[-0.23471447550883334,36.1869060799465],[-0.23025088653606945,36.19065792928812]]]]},"properties":{"speed":0.1841,"dir_deg":80.9,"type":"متوسط"}},{"type":"Feature","geometry":{"type":"MultiPolygon","coordinates":[[[[-0.20853708579856978,36.18847902140364],[-0.19385176474396,36.19153538288799],[-0.19344424987937964,36.18957734008072],[-0.20812957093398943,36.18652097859636],[-0.20853708579856978,36.18847902140364]]],[[[-0.18875290029346656,36.1915751486458],[-0.19425927960854034,36.19349342569527],[-0.1930367350147993,36.187619297273436],[-0.18875290029346656,36.1915751486458]]]]},"properties":{"speed":0.2176,"dir_deg":78.2,"type":"متوسط"}},{"type":"Feature","geometry":{"type":"MultiPolygon","coordinates":[[[[-0.16691809321562784,36.1884678776721],[-0.1523999281341166,36.19223920140072],[-0.15189708497030172,36.19030344605651],[-0.16641525005181296,36.1865321223279],[-0.16691809321562784,36.1884678776721]]],[[[-0.14730911819170542,36.19252843163815],[-0.15290277129793145,36.19417495674492],[-0.15139424180648686,36.18836769071231],[-0.14730911819170542,36.19252843163815]]]]},"properties":{"speed":0.2333,"dir_deg":75.4,"type":"متوسط"}},{"type":"Feature","geometry":{"type":"MultiPolygon","coordinates":[[[[-0.12532946563252484,36.18844416756828],[-0.1111669521083786,36.19338615205615],[-0.11050802084332889,36.19149781691959],[-0.12467053436747515,36.18655583243172],[-0.12532946563252484,36.18844416756828]]],[[[-0.10611664863447166,36.1940893126505],[-0.11182588337342829,36.1952744871927],[-0.1098490895782792,36.189609481783044],[-0.10611664863447166,36.1940893126505]]]]},"properties":{"speed":0.2349,"dir_deg":70.8,"type":"متوسط"}},{"type":"Feature","geometry":{"type":"MultiPolygon","coordinates":[[[[-0.08379464076499056,36.18838724164963],[-0.07048601602060581,36.19530681587158],[-0.06956340612434508,36.193532332572325],[-0.08287203086872984,36.18661275835037],[-0.08379464076499056,36.18838724164963]]],[[[-0.0655885028243472,36.19672609896261],[-0.07140862591686653,36.19708129917083],[-0.06864079622808436,36.191757849273074],[-0.0655885028243472,36.19672609896261]]]]},"properties":{"speed":0.2363,"dir_deg":62.5,"type":"متوسط"}},{"type":"Feature","geometry":{"type":"MultiPolygon","coordinates":[[[[-0.04223591392476259,36.18832216724144],[-0.029903405303230747,36.19686085748643],[-0.02876491327056576,36.19521652300355],[-0.041097421892097606,36.18667783275856],[-0.04223591392476259,36.18832216724144]]],[[[-0.025223323079720975,36.19888492032665],[-0.03104189733589573,36.198505191969296],[-0.027626421237900777,36.19357218852068],[-0.025223323079720975,36.19888492032665]]]]},"properties":{"speed":0.2687,"dir_deg":55.3,"type":"متوسط"}},{"type":"Feature","geometry":{"type":"MultiPolygon","coordinates":[[[[-0.0006678570424624069,36.188244289574584],[0.010496486576286861,36.19826214521152],[0.011832200661211677,36.196773566062355],[0.0006678570424624069,36.186755710425416],[-0.0006678570424624069,36.188244289574584]]],[[[0.014885791491665691,36.20085714084925],[0.00916077249136205,36.19975072436069],[0.013167914746136489,36.19528498691319],[0.014885791491665691,36.20085714084925]]]]},"properties":{"speed":0.3456,"dir_deg":48.1,"type":"متوسط"}},{"type":"Feature","geometry":{"type":"MultiPolygon","coordinates":[[[[0.04101022733169482,36.18825437773643],[0.05232589337808717,36.19810098638746],[0.05363877453155773,36.196592230914604],[0.04232310848516538,36.18674562226357],[0.04101022733169482,36.18825437773643]]],[[[0.05675422263695323,36.200628811534706],[0.051013012224616607,36.19960974186031],[0.05495165568502829,36.195083475441756],[0.05675422263695323,36.200628811534706]]]]},"properties":{"speed":0.4517,"dir_deg":49.0,"type":"قوي"}},{"type":"Feature","geometry":{"type":"MultiPolygon","coordinates":[[[[0.08277617386456337,36.1883304038529],[0.09523223165807809,36.196687833137354],[0.09634655556267174,36.19502702543155],[0.08389049776915702,36.1866695961471],[0.08277617386456337,36.1883304038529]]],[[[0.09994141287487984,36.198643239045936],[0.09411790775348446,36.19834864084316],[0.09746087946726538,36.193366217725746],[0.09994141287487984,36.198643239045936]]]]},"properties":{"speed":0.4729,"dir_deg":56.1,"type":"قوي"}},{"type":"Feature","geometry":{"type":"MultiPolygon","coordinates":[[[[0.1243776312065599,36.18828272414358],[0.13611849336034484,36.19761825604518],[0.13736323094722505,36.196052807758015],[0.1256223687934401,36.18671727585642],[0.1243776312065599,36.18828272414358]]],[[[0.14065448287171328,36.1999473758688],[0.13487375577346464,36.199183704332356],[0.13860796853410526,36.19448735947084],[0.14065448287171328,36.1999473758688]]]]},"properties":{"speed":0.4623,"dir_deg":51.5,"type":"قوي"}},{"type":"Feature","geometry":{"type":"MultiPolygon","coordinates":[[[[0.16596562511456361,36.18821311554322],[0.1766623582628236,36.198728813330575],[0.17806445130113716,36.197302582244134],[0.16736771815287718,36.18678688445678],[0.16596562511456361,36.18821311554322]]],[[[0.18092898249806702,36.20152093038313],[0.17526026522451,36.20015504441701],[0.17946654433945075,36.1958763511577],[0.18092898249806702,36.20152093038313]]]]},"properties":{"speed":0.5569,"dir_deg":45.5,"type":"قوي"}},{"type":"Feature","geometry":{"type":"MultiPolygon","coordinates":[[[[0.20764540052717131,36.18822577909048],[0.21853208688439016,36.198544696677104],[0.21990794256260673,36.19709313849614],[0.2090212562053879,36.18677422090952],[0.20764540052717131,36.18822577909048]]],[[[0.22284891017590475,36.201258556782165],[0.21715623120617358,36.199996254858064],[0.2212837982408233,36.19564158031518],[0.22284891017590475,36.201258556782165]]]]},"properties":{"speed":0.5256,"dir_deg":46.5,"type":"قوي"}},{"type":"Feature","geometry":{"type":"MultiPolygon","coordinates":[[[[0.24920588945498354,36.188107773347795],[0.2583224896719541,36.20001943152304],[0.2599107107619871,36.19880388482745],[0.2507941105450165,36.186892226652205],[0.24920588945498354,36.188107773347795]]],[[[0.26215546695596076,36.20338221090033],[0.25673426858192117,36.201234978218636],[0.26149893185202,36.19758833813185],[0.26215546695596076,36.20338221090033]]]]},"properties":{"speed":0.3767,"dir_deg":37.4,"type":"قوي"}},{"type":"Feature","geometry":{"type":"MultiPolygon","coordinates":[[[[0.29077114936715537,36.187945046692505],[0.2974468497546933,36.201377657173566],[0.299237864485501,36.200487563788556],[0.29256216409796304,36.187054953307495],[0.29077114936715537,36.187945046692505]]],[[[0.30056759058260984,36.20541014730808],[0.2956558350238856,36.20226775055857],[0.3010288792163087,36.19959747040355],[0.30056759058260984,36.20541014730808]]]]},"properties":{"speed":0.3232,"dir_deg":26.4,"type":"متوسط"}},{"type":"Feature","geometry":{"type":"MultiPolygon","coordinates":[[[[-0.41734814225790823,36.22989976982421],[-0.4063706683810803,36.24012205270444],[-0.4050076973303823,36.23865838952087],[-0.4159851712072102,36.228436106640636],[-0.41734814225790823,36.22989976982421]]],[[[-0.40203002489678863,36.242797648739405],[-0.4077336394317784,36.24158571588802],[-0.4036447262796842,36.23719472633729],[-0.40203002489678863,36.242797648739405]]]]},"properties":{"speed":0.0738,"dir_deg":47.0,"type":"ضعيف"}},{"type":"Feature","geometry":{"type":"MultiPolygon","coordinates":[[[[-0.37557000446210764,36.22998957982897],[-0.363245380513893,36.23853964676058],[-0.3621053715896777,36.23689636356749],[-0.37442999553789236,36.22834629663588],[-0.37557000446210764,36.22998957982897]]],[[[-0.3585671680690471,36.24056802747457],[-0.36438538943810833,36.240182929953676],[-0.36096536266546236,36.23525308037439],[-0.3585671680690471,36.24056802747457]]]]},"properties":{"speed":0.0838,"dir_deg":55.2,"type":"ضعيف"}},{"type":"Feature","geometry":{"type":"MultiPolygon","coordinates":[[[[-0.3337900434386593,36.230057558912044],[-0.32044573324434716,36.23690806148032],[-0.31953233290191013,36.235128820121076],[-0.3328766430962223,36.2282783175528],[-0.3337900434386593,36.230057558912044]]],[[[-0.3155409296750246,36.23830194165679],[-0.32135913358678414,36.23868730283956],[-0.31861893255947316,36.23334957876184],[-0.3155409296750246,36.23830194165679]]]]},"properties":{"speed":0.1022,"dir_deg":62.8,"type":"ضعيف"}},{"type":"Feature","geometry":{"type":"MultiPolygon","coordinates":[[[[-0.29204839756590906,36.23009220763912],[-0.2781843564654756,36.235818320139366],[-0.2774208747987759,36.233969781325975],[-0.29128491589920935,36.228243668825726],[-0.29204839756590906,36.23009220763912]]],[[[-0.273181268598648,36.23680275489942],[-0.27894783813217533,36.23766685895276],[-0.2766573931320762,36.232121242512584],[-0.273181268598648,36.23680275489942]]]]},"properties":{"speed":0.127,"dir_deg":67.6,"type":"ضعيف"}},{"type":"Feature","geometry":{"type":"MultiPolygon","coordinates":[[[[-0.25035707633827403,36.230102013437445],[-0.23634594826288027,36.235458158511555],[-0.23563179558633227,36.23359000810151],[-0.249642923661726,36.2282338630274],[-0.25035707633827403,36.230102013437445]]],[[[-0.23131849589947504,36.2363094649979],[-0.23706010093942828,36.23732630892161],[-0.23491764290978426,36.231721857691454],[-0.23131849589947504,36.2363094649979]]]]},"properties":{"speed":0.1535,"dir_deg":69.1,"type":"ضعيف"}},{"type":"Feature","geometry":{"type":"MultiPolygon","coordinates":[[[[-0.20869340680579532,36.23010086026421],[-0.1946995763289715,36.23550203685694],[-0.19397941944994007,36.23363619279337],[-0.2079732499267639,36.228235016200635],[-0.20869340680579532,36.23010086026421]]],[[[-0.18967488773051452,36.23636950702274],[-0.19541973320800296,36.23736788092052],[-0.1932592625709086,36.23177034872979],[-0.18967488773051452,36.23636950702274]]]]},"properties":{"speed":0.1805,"dir_deg":68.9,"type":"متوسط"}},{"type":"Feature","geometry":{"type":"MultiPolygon","coordinates":[[[[-0.1670359494687114,36.230097257273755],[-0.1530961638487141,36.23563642479862],[-0.15235760817873212,36.233777786715955],[-0.1662973937987294,36.22823861919109],[-0.1670359494687114,36.230097257273755]]],[[[-0.14808029080705734,36.23655349493224],[-0.15383471951869607,36.23749506288129],[-0.15161905250875016,36.23191914863329],[-0.14808029080705734,36.23655349493224]]]]},"properties":{"speed":0.2059,"dir_deg":68.3,"type":"متوسط"}},{"type":"Feature","geometry":{"type":"MultiPolygon","coordinates":[[[[-0.1253607700148745,36.23010059304336],[-0.11137094785079116,36.235512143266476],[-0.11064940782104216,36.2336468336446],[-0.1246392299851255,36.22823528342148],[-0.1253607700148745,36.23010059304336]]],[[[-0.1063469037812222,36.23638333852991],[-0.11209248788054015,36.23737745288835],[-0.10992786779129317,36.23178152402272],[-0.1063469037812222,36.23638333852991]]]]},"properties":{"speed":0.2235,"dir_deg":68.9,"type":"متوسط"}},{"type":"Feature","geometry":{"type":"MultiPolygon","coordinates":[[[[-0.08372962852150814,36.23008606245727],[-0.0699577651488692,36.236030453026984],[-0.06916517973957331,36.23419420457729],[-0.08293704311221226,36.228249814007576],[-0.08372962852150814,36.23008606245727]]],[[[-0.06497085132000828,36.23709379232538],[-0.07075035055816509,36.23786670147667],[-0.06837259433027743,36.23235795612761],[-0.06497085132000828,36.23709379232538]]]]},"properties":{"speed":0.2372,"dir_deg":66.7,"type":"متوسط"}},{"type":"Feature","geometry":{"type":"MultiPolygon","coordinates":[[[[-0.042105960710949096,36.23006628217193],[-0.0286308016182936,36.236655674209715],[-0.027752216013255608,36.23485898633069],[-0.0412273751059111,36.22826959429291],[-0.042105960710949096,36.23006628217193]]],[[[-0.02369978911822277,36.2379537942828],[-0.029509387223331598,36.238452362088736],[-0.02687363040821761,36.23306229845167],[-0.02369978911822277,36.2379537942828]]]]},"properties":{"speed":0.2442,"dir_deg":63.9,"type":"متوسط"}},{"type":"Feature","geometry":{"type":"MultiPolygon","coordinates":[[[[-0.0006035122957617713,36.22996529192362],[0.011356793072182653,36.239017976360046],[0.012563817663706196,36.23742326897765],[0.0006035122957617713,36.228370584541224],[-0.0006035122957617713,36.22996529192362]]],[[[0.0159470738239259,36.241238184147655],[0.01014976848065911,36.240612683742434],[0.013770842255229739,36.23582856159526],[0.0159470738239259,36.241238184147655]]]]},"properties":{"speed":0.266,"dir_deg":52.9,"type":"متوسط"}},{"type":"Feature","geometry":{"type":"MultiPolygon","coordinates":[[[[0.04100575648838292,36.22991840215217],[0.052262715284679795,36.23983207345288],[0.05358453812477415,36.23833114561338],[0.04232757932847728,36.22841747431267],[0.04100575648838292,36.22991840215217]]],[[[0.0566759463034926,36.242386166633366],[0.05094089244458544,36.24133300129239],[0.054906360964868506,36.23683021777387],[0.0566759463034926,36.242386166633366]]]]},"properties":{"speed":0.3559,"dir_deg":48.6,"type":"متوسط"}},{"type":"Feature","geometry":{"type":"MultiPolygon","coordinates":[[[[0.08278715696926102,36.23000560682228],[0.0953521858171359,36.23819828953627],[0.09644454351233427,36.23652295235655],[0.08387951466445938,36.22833026964256],[0.08278715696926102,36.23000560682228]]],[[[0.10008670761402672,36.2400915151844],[0.09425982812193756,36.23987362671598],[0.09753690120753261,36.23484761517684],[0.10008670761402672,36.2400915151844]]]]},"properties":{"speed":0.3793,"dir_deg":56.9,"type":"قوي"}},{"type":"Feature","geometry":{"type":"MultiPolygon","coordinates":[[[[0.12436399421176136,36.229939622518465],[0.13593925850241856,36.23947970934204],[0.13721127007889583,36.237936340769956],[0.12563600578823864,36.22839625394638],[0.12436399421176136,36.229939622518465]]],[[[0.14043368572087625,36.241888053997194],[0.1346672469259413,36.24102307791413],[0.1384832816553731,36.23639297219787],[0.14043368572087625,36.241888053997194]]]]},"properties":{"speed":0.3878,"dir_deg":50.5,"type":"قوي"}},{"type":"Feature","geometry":{"type":"MultiPolygon","coordinates":[[[[0.16596173012371906,36.229877203674604],[0.1766007117564852,36.240451326324624],[0.17801059477648787,36.23903279544026],[0.16737161314372173,36.22845867279024],[0.16596173012371906,36.229877203674604]]],[[[0.18085198047740858,36.24326676843245],[0.17519082873648253,36.241869857209],[0.17942047779649054,36.23761426455589],[0.18085198047740858,36.24326676843245]]]]},"properties":{"speed":0.4938,"dir_deg":45.2,"type":"قوي"}},{"type":"Feature","geometry":{"type":"MultiPolygon","coordinates":[[[[0.20766978190172328,36.229916073306704],[0.21889180801599215,36.23986927027505],[0.2202189009451048,36.23837300012649],[0.20899687483083593,36.22841980315814],[0.20766978190172328,36.229916073306704]]],[[[0.22329602985197142,36.242438867523546],[0.21756471508687952,36.24136554042362],[0.22154599387421742,36.236876729977915],[0.22329602985197142,36.242438867523546]]]]},"properties":{"speed":0.5637,"dir_deg":48.4,"type":"قوي"}},{"type":"Feature","geometry":{"type":"MultiPolygon","coordinates":[[[[0.2493307110328703,36.229910940438664],[0.26047574412648,36.239950274945606],[0.2618143220607394,36.23846427053312],[0.2506692889671297,36.22842493602618],[0.2493307110328703,36.229910940438664]]],[[[0.26486004412481295,36.242553717575014],[0.2591371661922206,36.24143627935808],[0.2631528999949988,36.236978266120644],[0.26486004412481295,36.242553717575014]]]]},"properties":{"speed":0.5606,"dir_deg":48.0,"type":"قوي"}},{"type":"Feature","geometry":{"type":"MultiPolygon","coordinates":[[[[0.29095598521814736,36.22987146221823],[0.30150884500522934,36.240531534934405],[0.302930188034053,36.239124486962794],[0.29237732824697105,36.228464414246616],[0.29095598521814736,36.22987146221823]]],[[[0.3057371364486685,36.24338136852066],[0.3000875019764057,36.241938582906016],[0.30435153106287666,36.23771743899118],[0.3057371364486685,36.24338136852066]]]]},"properties":{"speed":0.4998,"dir_deg":44.7,"type":"قوي"}},{"type":"Feature","geometry":{"type":"MultiPolygon","coordinates":[[[[0.33249054265327005,36.22970616413737],[0.34056393122743844,36.24234817334993],[0.34224953245577994,36.24127172154004],[0.33417614388161154,36.228629712327475],[0.33249054265327005,36.22970616413737]]],[[[0.34409786136633197,36.246023950515834],[0.3388783299990969,36.24342462515982],[0.3439351336841215,36.24019526973015],[0.34409786136633197,36.246023950515834]]]]},"properties":{"speed":0.349,"dir_deg":32.6,"type":"متوسط"}},{"type":"Feature","geometry":{"type":"MultiPolygon","coordinates":[[[[0.3740289586004833,36.229406849513914],[0.3776126278228784,36.24397247050666],[0.3795547106219118,36.24349464794368],[0.3759710413995167,36.22892902695093],[0.3740289586004833,36.229406849513914]]],[[[0.37977822562986013,36.24858876622275],[0.375670545023845,36.24445029306965],[0.3814967934209452,36.24301682538069],[0.37977822562986013,36.24858876622275]]]]},"properties":{"speed":0.1562,"dir_deg":13.8,"type":"ضعيف"}},{"type":"Feature","geometry":{"type":"MultiPolygon","coordinates":[[[[0.4158447496468779,36.22973755981076],[0.42438907332192966,36.242066166095974],[0.42603288749329227,36.2409269229393],[0.4174885638182405,36.228598316654086],[0.4158447496468779,36.22973755981076]]],[[[0.4280590882992949,36.24560607994605],[0.4227452591505671,36.243205409252646],[0.4276767016646548,36.23978767978263],[0.4280590882992949,36.24560607994605]]]]},"properties":{"speed":0.0058,"dir_deg":34.7,"type":"ضعيف"}},{"type":"Feature","geometry":{"type":"MultiPolygon","coordinates":[[[[-0.4168962098966914,36.271805357891495],[-0.4022967680378976,36.27524865535348],[-0.4018376617096332,36.273302063105646],[-0.416437103568427,36.26985876564366],[-0.4168962098966914,36.271805357891495]]],[[[-0.39720073425416746,36.275423125050224],[-0.402755874366162,36.27719524760132],[-0.4013785553813688,36.271355470857806],[-0.39720073425416746,36.275423125050224]]]]},"properties":{"speed":0.0951,"dir_deg":76.7,"type":"ضعيف"}},{"type":"Feature","geometry":{"type":"MultiPolygon","coordinates":[[[[-0.375190275060753,36.27181379258672],[-0.36046431277360597,36.27466791849801],[-0.3600837626521,36.27270445685973],[-0.374809724939247,36.26985033094844],[-0.375190275060753,36.27181379258672]]],[[[-0.3553653836171373,36.27463756298264],[-0.3608448628951119,36.2766313801363],[-0.35970321253059406,36.27074099522144],[-0.3553653836171373,36.27463756298264]]]]},"properties":{"speed":0.1036,"dir_deg":79.0,"type":"ضعيف"}},{"type":"Feature","geometry":{"type":"MultiPolygon","coordinates":[[[[-0.33350437829293245,36.27181732671674],[-0.31872540405544253,36.274382852099116],[-0.31838333400445923,36.272412322200786],[-0.33316230824194915,36.26984679681841],[-0.33350437829293245,36.27181732671674]]],[[[-0.3136280442841209,36.27425276227741],[-0.31906747410642583,36.276353381997446],[-0.31804126395347593,36.27044179230246],[-0.3136280442841209,36.27425276227741]]]]},"properties":{"speed":0.1179,"dir_deg":80.2,"type":"ضعيف"}},{"type":"Feature","geometry":{"type":"MultiPolygon","coordinates":[[[[-0.291831482220338,36.271818384513224],[-0.27703664103564946,36.27429076682991],[-0.27670699006009186,36.272318121338614],[-0.2915018312447804,36.26984573902193],[-0.291831482220338,36.271818384513224]]],[[[-0.2719402018196411,36.27412857152316],[-0.2773662920112071,36.2762634123212],[-0.2763773390845342,36.27034547584732],[-0.2719402018196411,36.27412857152316]]]]},"properties":{"speed":0.138,"dir_deg":80.5,"type":"ضعيف"}},{"type":"Feature","geometry":{"type":"MultiPolygon","coordinates":[[[[-0.2501945734691432,36.27181294971485],[-0.23548125426004712,36.274731551752],[-0.23509210732176072,36.272769775857455],[-0.2498054265308568,36.26985117382031],[-0.2501945734691432,36.27181294971485]]],[[[-0.23038224105453856,36.27472353115044],[-0.23587040119833352,36.27669332764655],[-0.23470296038347432,36.270807999962905],[-0.23038224105453856,36.27472353115044]]]]},"properties":{"speed":0.1605,"dir_deg":78.8,"type":"ضعيف"}},{"type":"Feature","geometry":{"type":"MultiPolygon","coordinates":[[[[-0.20858539107951735,36.27179977266893],[-0.1940697275592395,36.275580713367496],[-0.19356560213276403,36.2736452915648],[-0.20808126565304186,36.26986435086623],[-0.20858539107951735,36.27179977266893]]],[[[-0.18897911033924247,36.27587331603233],[-0.19457385298571503,36.2775161351702],[-0.1930614767062885,36.27170986976209],[-0.18897911033924247,36.27587331603233]]]]},"properties":{"speed":0.1832,"dir_deg":75.4,"type":"متوسط"}},{"type":"Feature","geometry":{"type":"MultiPolygon","coordinates":[[[[-0.16698339010670316,36.27178058135561],[-0.15275559628629376,36.27653135845035],[-0.15212215934032824,36.27463431927429],[-0.16634995316073764,36.26988354217955],[-0.16698339010670316,36.27178058135561]]],[[[-0.14769627987317452,36.277166431227236],[-0.1533890332322593,36.2784283976264],[-0.1514887223943627,36.27273728009824],[-0.14769627987317452,36.277166431227236]]]]},"properties":{"speed":0.2061,"dir_deg":71.5,"type":"متوسط"}},{"type":"Feature","geometry":{"type":"MultiPolygon","coordinates":[[[[-0.12536045698426088,36.2717648376048],[-0.11136881942599244,36.27717169236871],[-0.11064790545747066,36.27530614069427],[-0.12463954301573911,36.26989928593036],[-0.12536045698426088,36.2717648376048]]],[[[-0.10634448325564207,36.278041201452794],[-0.11208973339451421,36.279037244043145],[-0.1099269914889489,36.273440589019835],[-0.10634448325564207,36.278041201452794]]]]},"properties":{"speed":0.2282,"dir_deg":68.9,"type":"متوسط"}},{"type":"Feature","geometry":{"type":"MultiPolygon","coordinates":[[[[-0.08373179843919067,36.2717492463393],[-0.06997402986335532,36.277726185674254],[-0.06917710461869439,36.275891816530816],[-0.08293487319452973,36.26991487719586],[-0.08373179843919067,36.2717492463393]]],[[[-0.06498964438241307,36.278801314214185],[-0.07077095510801627,36.2795605548177],[-0.06838017937403344,36.27405744738737],[-0.06498964438241307,36.278801314214185]]]]},"properties":{"speed":0.252,"dir_deg":66.5,"type":"متوسط"}},{"type":"Feature","geometry":{"type":"MultiPolygon","coordinates":[[[[-0.04208378811746303,36.27174091309272],[-0.0284510182403004,36.277997716228214],[-0.02761677782223454,36.27618001357793],[-0.04124954769939717,36.269923210442435],[-0.04208378811746303,36.27174091309272]]],[[[-0.023489641405546588,36.27917446594824],[-0.029285258658366262,36.279815418878506],[-0.026782537404168676,36.274362310927636],[-0.023489641405546588,36.27917446594824]]]]},"properties":{"speed":0.254,"dir_deg":65.3,"type":"متوسط"}},{"type":"Feature","geometry":{"type":"MultiPolygon","coordinates":[[[[-0.000534517894363701,36.27167721892492],[0.012142839465753742,36.27969498734038],[0.013211875254481144,36.27800467302569],[0.000534517894363701,36.269986904610235],[-0.000534517894363701,36.27167721892492]]],[[[0.016903143146823257,36.281522419654856],[0.01107380367702634,36.28138530165506],[0.014280911043208546,36.27631435871101],[0.016903143146823257,36.281522419654856]]]]},"properties":{"speed":0.2538,"dir_deg":57.7,"type":"متوسط"}},{"type":"Feature","geometry":{"type":"MultiPolygon","coordinates":[[[[0.04104709302394892,36.27161699932084],[0.05282115632287126,36.28091062258806],[0.05406030609183362,36.279340747481534],[0.04228624279291128,36.270047124214315],[0.04104709302394892,36.27161699932084]]],[[[0.05736541897365989,36.2832235594572],[0.051582006553908905,36.28248049769458],[0.055299455860795974,36.277770872375015],[0.05736541897365989,36.2832235594572]]]]},"properties":{"speed":0.2957,"dir_deg":51.7,"type":"متوسط"}},{"type":"Feature","geometry":{"type":"MultiPolygon","coordinates":[[[[0.08278940654055987,36.27167119283147],[0.09537637249889408,36.27983013197598],[0.09646423105149474,36.278151869848195],[0.08387726509316053,36.26999293070369],[0.08278940654055987,36.27167119283147]]],[[[0.10011595709463914,36.281710647293586],[0.09428851394629341,36.28150839410375],[0.09755208960409541,36.27647360772042],[0.10011595709463914,36.281710647293586]]]]},"properties":{"speed":0.2938,"dir_deg":57.0,"type":"متوسط"}},{"type":"Feature","geometry":{"type":"MultiPolygon","coordinates":[[[[0.12436487041224348,36.27160446736489],[0.13595095437189741,36.281131411181235],[0.13722121354741046,36.279586599986615],[0.12563512958775652,36.27005965617027],[0.12436487041224348,36.27160446736489]]],[[[0.14044811194620524,36.28353465352271],[0.13468069519638434,36.282676222375855],[0.13849147272292353,36.278041788791995],[0.14044811194620524,36.28353465352271]]]]},"properties":{"speed":0.3222,"dir_deg":50.6,"type":"متوسط"}},{"type":"Feature","geometry":{"type":"MultiPolygon","coordinates":[[[[0.16600609805024918,36.271582823075065],[0.1772675176625583,36.28149142682713],[0.17858866482950073,36.27998990421216],[0.1673272452171916,36.27008130046009],[0.16600609805024918,36.271582823075065]]],[[[0.18168189778346588,36.284043533437],[0.17594637049561587,36.282992949442104],[0.17990981199644315,36.278488381597185],[0.18168189778346588,36.284043533437]]]]},"properties":{"speed":0.4052,"dir_deg":48.7,"type":"قوي"}},{"type":"Feature","geometry":{"type":"MultiPolygon","coordinates":[[[[0.20773272753972627,36.271631610794934],[0.21972596295004318,36.280640623193236],[0.22092716460314984,36.279041525138524],[0.20893392919283293,36.27003251274022],[0.20773272753972627,36.271631610794934]]],[[[0.22432430891336883,36.282844078298645],[0.21852476129693654,36.28223972124794],[0.22212836625625648,36.27744242708382],[0.22432430891336883,36.282844078298645]]]]},"properties":{"speed":0.4866,"dir_deg":53.1,"type":"قوي"}},{"type":"Feature","geometry":{"type":"MultiPolygon","coordinates":[[[[0.24943199696986668,36.27165508822995],[0.2617773939053993,36.28017513368195],[0.26291339996566593,36.27852908075721],[0.2505680030301333,36.27000903530521],[0.24943199696986668,36.27165508822995]]],[[[0.2664605292473768,36.28219212237025],[0.26064138784513263,36.281821186606685],[0.2640494060259326,36.276883027832476],[0.2664605292473768,36.28219212237025]]]]},"properties":{"speed":0.5148,"dir_deg":55.4,"type":"قوي"}},{"type":"Feature","geometry":{"type":"MultiPolygon","coordinates":[[[[0.29102828372643336,36.27160178893031],[0.3025741911674365,36.2811773840222],[0.3038509371796882,36.27963792969673],[0.29230502973868505,36.270062334604845],[0.29102828372643336,36.27160178893031]]],[[[0.3070611999872301,36.283599521890096],[0.30129744515518475,36.28271683834767],[0.30512768319193995,36.278098475371266],[0.3070611999872301,36.283599521890096]]]]},"properties":{"speed":0.5954,"dir_deg":50.3,"type":"قوي"}},{"type":"Feature","geometry":{"type":"MultiPolygon","coordinates":[[[[0.3327360147301093,36.271634058412516],[0.34476596440415647,36.28059398647249],[0.3459606214788195,36.27898999318261],[0.3339306718047723,36.27003006512264],[0.3327360147301093,36.271634058412516]]],[[[0.34937327616617037,36.28277863251421],[0.34357130732949337,36.28219797976236],[0.3471552785534826,36.27738599989274],[0.34937327616617037,36.28277863251421]]]]},"properties":{"speed":0.5514,"dir_deg":53.3,"type":"قوي"}},{"type":"Feature","geometry":{"type":"MultiPolygon","coordinates":[[[[0.3743999305732046,36.27163200969277],[0.38639914945114495,36.2806330510947],[0.3875992883047358,36.27903315524431],[0.3756000694267954,36.27003211384238],[0.3743999305732046,36.27163200969277]]],[[[0.3909989585039205,36.282833450303485],[0.3851990105975541,36.28223294694509],[0.3887994271583266,36.27743325939392],[0.3909989585039205,36.282833450303485]]]]},"properties":{"speed":0.399,"dir_deg":53.1,"type":"قوي"}},{"type":"Feature","geometry":{"type":"MultiPolygon","coordinates":[[[[0.41612245910901924,36.27167101882639],[0.42870681499122604,36.279833983179486],[0.42979521023830597,36.278156069061865],[0.41721085435609917,36.26999310470877],[0.41612245910901924,36.27167101882639]]],[[[0.4334457979088349,36.28171601423838],[0.42761841974414616,36.281511897297115],[0.43088360548538585,36.276478154944236],[0.4334457979088349,36.28171601423838]]]]},"properties":{"speed":0.2074,"dir_deg":57.0,"type":"متوسط"}},{"type":"Feature","geometry":{"type":"MultiPolygon","coordinates":[[[[0.45746457911663013,36.27132728782734],[0.46489297001304175,36.2843587500895],[0.4666304983146631,36.28336829796998],[0.45920210741825146,36.270336835707816],[0.45746457911663013,36.27132728782734]]],[[[0.4682378644626563,36.28820734478379],[0.46315544171142037,36.28534920220903],[0.46836802661628446,36.282377845850455],[0.4682378644626563,36.28820734478379]]]]},"properties":{"speed":0.1209,"dir_deg":29.7,"type":"ضعيف"}},{"type":"Feature","geometry":{"type":"MultiPolygon","coordinates":[[[[0.49937645375415374,36.27161384823413],[0.5111032507525023,36.280967041921826],[0.5123503432441948,36.27940346898872],[0.5006235462458463,36.270050275301024],[0.49937645375415374,36.27161384823413]]],[[[0.5156357293311314,36.283302986684504],[0.5098561582608098,36.28253061485494],[0.5135974357358873,36.2778398960556],[0.5156357293311314,36.283302986684504]]]]},"properties":{"speed":0.0327,"dir_deg":51.4,"type":"ضعيف"}},{"type":"Feature","geometry":{"type":"MultiPolygon","coordinates":[[[[-0.41646082715882865,36.313478587853275],[-0.4017820093596996,36.31039114424732],[-0.4021936685071607,36.30843396854077],[-0.41687248630628976,36.311521412146725],[-0.41646082715882865,36.313478587853275]]],[[[-0.3970948996670538,36.30838340852539],[-0.40137035021223855,36.31234831995387],[-0.40260532765462176,36.30647679283422],[-0.3970948996670538,36.30838340852539]]]]},"properties":{"speed":0.1214,"dir_deg":101.9,"type":"ضعيف"}},{"type":"Feature","geometry":{"type":"MultiPolygon","coordinates":[[[[-0.3748299753673295,36.31348543981262],[-0.3600483781781154,36.31093507032256],[-0.36038842744345645,36.308964190697324],[-0.3751700246326705,36.31151456018738],[-0.3748299753673295,36.31348543981262]]],[[[-0.3552912037477146,36.30909950734659],[-0.3597083289127743,36.31290594994778],[-0.36072847670879754,36.3069933110721],[-0.3552912037477146,36.30909950734659]]]]},"properties":{"speed":0.1347,"dir_deg":99.8,"type":"ضعيف"}},{"type":"Feature","geometry":{"type":"MultiPolygon","coordinates":[[[[-0.33321991850554206,36.31349354658843],[-0.3183167196790368,36.31179217515995],[-0.3185435692028343,36.309805081983086],[-0.33344676802933954,36.31150645341157],[-0.33321991850554206,36.31349354658843]]],[[[-0.3134624114987671,36.31023150476202],[-0.3180898701552393,36.313779268336816],[-0.31877041872663175,36.30781798880622],[-0.3134624114987671,36.31023150476202]]]]},"properties":{"speed":0.1517,"dir_deg":96.5,"type":"ضعيف"}},{"type":"Feature","geometry":{"type":"MultiPolygon","coordinates":[[[[-0.29160304026478673,36.313497974421026],[-0.27663342394935186,36.31254372740444],[-0.2767606568848968,36.31054777856239],[-0.2917302732003317,36.311502025578974],[-0.29160304026478673,36.313497974421026]]],[[[-0.2717071683119794,36.31122767064455],[-0.27650619101380686,36.3145396762465],[-0.2768878898204418,36.30855182972033],[-0.2717071683119794,36.31122767064455]]]]},"properties":{"speed":0.1718,"dir_deg":93.6,"type":"ضعيف"}},{"type":"Feature","geometry":{"type":"MultiPolygon","coordinates":[[[[-0.24999631684331924,36.31349999321716],[-0.2349964185859878,36.313444745866946],[-0.2350037848993493,36.31144475943263],[-0.25000368315668076,36.31150000678284],[-0.24999631684331924,36.31349999321716]]],[[[-0.23000013565689142,36.31242633686639],[-0.2349890522726263,36.31544473230125],[-0.23501115121271082,36.309444772998326],[-0.23000013565689142,36.31242633686639]]]]},"properties":{"speed":0.1912,"dir_deg":90.2,"type":"متوسط"}},{"type":"Feature","geometry":{"type":"MultiPolygon","coordinates":[[[[-0.20842340137608606,36.31349593516501],[-0.1934843739009292,36.3148470303121],[-0.1933042278813163,36.312855159982085],[-0.20824325535647314,36.31150406483499],[-0.20842340137608606,36.31349593516501]]],[[[-0.18841462506607046,36.31430146019613],[-0.19366451992054212,36.316838900642125],[-0.19312408186170338,36.31086328965206],[-0.18841462506607046,36.31430146019613]]]]},"properties":{"speed":0.2075,"dir_deg":84.8,"type":"متوسط"}},{"type":"Feature","geometry":{"type":"MultiPolygon","coordinates":[[[[-0.16687857042785167,36.31347729161515],[-0.15221919620057703,36.31665577352712],[-0.15179539861231447,36.314701190296816],[-0.16645477283958912,36.31152270838485],[-0.16687857042785167,36.31347729161515]]],[[[-0.14712083933068754,36.316737975882624],[-0.1526429937888396,36.31861035675742],[-0.1513716010240519,36.312746607066515],[-0.14712083933068754,36.316737975882624]]]]},"properties":{"speed":0.222,"dir_deg":77.8,"type":"متوسط"}},{"type":"Feature","geometry":{"type":"MultiPolygon","coordinates":[[[[-0.12532443791482312,36.31344590699301],[-0.1111358330196731,36.31831247571536],[-0.11048695719002684,36.31642066172934],[-0.12467556208517687,36.31155409300699],[-0.12532443791482312,36.31344590699301]]],[[[-0.10608186013979996,36.31898875829646],[-0.11178470884931935,36.32020428970138],[-0.10983808136038059,36.31452884774332],[-0.10608186013979996,36.31898875829646]]]]},"properties":{"speed":0.237,"dir_deg":71.1,"type":"متوسط"}},{"type":"Feature","geometry":{"type":"MultiPolygon","coordinates":[[[[-0.08373661981035728,36.31341507487158],[-0.0700104967367237,36.31946433477403],[-0.06920392874972954,36.317634185030876],[-0.08293005182336312,36.31158492512842],[-0.08373661981035728,36.31341507487158]]],[[[-0.06503183838534875,36.320565679869944],[-0.07081706472371785,36.32129448451718],[-0.06839736076273539,36.31580403528773],[-0.06503183838534875,36.320565679869944]]]]},"properties":{"speed":0.2536,"dir_deg":66.2,"type":"متوسط"}},{"type":"Feature","geometry":{"type":"MultiPolygon","coordinates":[[[[-0.042109586360963285,36.31339656190216],[-0.028661157828556185,36.320040338690156],[-0.027775320923489808,36.31824721488584],[-0.041223749455896914,36.31160343809784],[-0.042109586360963285,36.31339656190216]]],[[[-0.02373542986522063,36.321358369050664],[-0.02954699473362256,36.321833462494475],[-0.026889484018423435,36.31645409108152],[-0.02373542986522063,36.321358369050664]]]]},"properties":{"speed":0.2526,"dir_deg":63.7,"type":"متوسط"}},{"type":"Feature","geometry":{"type":"MultiPolygon","coordinates":[[[[-0.000537246914717092,36.313343425013045],[0.012114128280931296,36.3214021287338],[0.01318862211036548,36.31971527870771],[0.000537246914717092,36.311656574986955],[-0.000537246914717092,36.313343425013045]]],[[[0.01686850026086452,36.323244938294344],[0.011039634451497112,36.323088978759884],[0.014263115939799663,36.31802842868163],[0.01686850026086452,36.323244938294344]]]]},"properties":{"speed":0.2505,"dir_deg":57.5,"type":"متوسط"}},{"type":"Feature","geometry":{"type":"MultiPolygon","coordinates":[[[[0.04105559860625225,36.3132915771017],[0.052929255131753256,36.32245761663437],[0.05415139373610896,36.320874462430965],[0.04227773721060795,36.3117084228983],[0.04105559860625225,36.3132915771017]]],[[[0.05749820994243144,36.32472138604356],[0.05170711652739756,36.32404077083777],[0.05537353234046465,36.31929130822756],[0.05749820994243144,36.32472138604356]]]]},"properties":{"speed":0.2595,"dir_deg":52.3,"type":"متوسط"}},{"type":"Feature","geometry":{"type":"MultiPolygon","coordinates":[[[[0.08271382895730563,36.313284991242604],[0.09448869759636422,36.32257759413592],[0.09572771131547336,36.321007611650714],[0.08395284267641477,36.311715008757396],[0.08271382895730563,36.313284991242604]]],[[[0.09903316066893832,36.32489013719109],[0.09324968387725506,36.32414757662113],[0.09696672503458252,36.319437629165506],[0.09903316066893832,36.32489013719109]]]]},"properties":{"speed":0.2511,"dir_deg":51.7,"type":"متوسط"}},{"type":"Feature","geometry":{"type":"MultiPolygon","coordinates":[[[[0.12435456183478007,36.313263812526],[0.1358117497248097,36.3229453850043],[0.1371026260552496,36.3214177599523],[0.12564543816521995,36.311736187474],[0.12435456183478007,36.313263812526]]],[[[0.1402762505200395,36.3254087633044],[0.13452087339436983,36.32447301005631],[0.13839350238568945,36.31989013490029],[0.1402762505200395,36.3254087633044]]]]},"properties":{"speed":0.2744,"dir_deg":49.8,"type":"متوسط"}},{"type":"Feature","geometry":{"type":"MultiPolygon","coordinates":[[[[0.16607610003013104,36.31330698524214],[0.1781808786622508,36.32216555929598],[0.1793620218694295,36.320551588811696],[0.16725724323730976,36.31169301475786],[0.16607610003013104,36.31330698524214]]],[[[0.18280637647654674,36.32431143207179],[0.17699973545507205,36.32377952978026],[0.18054316507660825,36.31893761832742],[0.18280637647654674,36.32431143207179]]]]},"properties":{"speed":0.3205,"dir_deg":53.8,"type":"متوسط"}},{"type":"Feature","geometry":{"type":"MultiPolygon","coordinates":[[[[0.2078033358487101,36.313348002317994],[0.22052337061859487,36.32129789008154],[0.22158335565373385,36.31960188544555],[0.2088633208838491,36.311651997682006],[0.2078033358487101,36.313348002317994]]],[[[0.22529337472612596,36.32309985035139],[0.21946338558345585,36.32299389471752],[0.22264334068887287,36.31790588080957],[0.22529337472612596,36.32309985035139]]]]},"properties":{"speed":0.3808,"dir_deg":58.0,"type":"قوي"}},{"type":"Feature","geometry":{"type":"MultiPolygon","coordinates":[[[[0.249510688955544,36.31337210934049],[0.26259232906292407,36.32071177500733],[0.26357095115183604,36.31896755632635],[0.250489311044456,36.31162789065951],[0.249510688955544,36.31337210934049]]],[[[0.2674421868098401,36.32228622088912],[0.2616137069740121,36.322455993688315],[0.264549573240748,36.317223337645366],[0.2674421868098401,36.32228622088912]]]]},"properties":{"speed":0.4174,"dir_deg":60.7,"type":"قوي"}},{"type":"Feature","geometry":{"type":"MultiPolygon","coordinates":[[[[0.2911006360962286,36.31332439107179],[0.30346650217308624,36.32181470061675],[0.30459854344574744,36.32016591847317],[0.2922326773688898,36.31167560892821],[0.2911006360962286,36.31332439107179]]],[[[0.3081544781683694,36.32382041272661],[0.30233446090042504,36.32346348276033],[0.30573058471840864,36.31851713632959],[0.3081544781683694,36.32382041272661]]]]},"properties":{"speed":0.497,"dir_deg":55.5,"type":"قوي"}},{"type":"Feature","geometry":{"type":"MultiPolygon","coordinates":[[[[0.33277149557244246,36.313327240695095],[0.3451801059989018,36.32175495612007],[0.3463038013888985,36.32010047472988],[0.33389519096243914,36.311672759304905],[0.33277149557244246,36.313327240695095]]],[[[0.34987815716938664,36.32373695389997],[0.3440564106089051,36.323409437510264],[0.3474274967788952,36.31844599333968],[0.34987815716938664,36.32373695389997]]]]},"properties":{"speed":0.5606,"dir_deg":55.8,"type":"قوي"}},{"type":"Feature","geometry":{"type":"MultiPolygon","coordinates":[[[[0.37442640554412443,36.31331913942659],[0.3867134969429251,36.32192305626472],[0.38786068585467626,36.320284777411544],[0.37557359445587557,36.31168086057341],[0.37442640554412443,36.31331913942659]]],[[[0.39138278853173425,36.32397188911751],[0.385566308031174,36.323561335117894],[0.3890078747664274,36.31864649855837],[0.39138278853173425,36.32397188911751]]]]},"properties":{"speed":0.5633,"dir_deg":55.0,"type":"قوي"}},{"type":"Feature","geometry":{"type":"MultiPolygon","coordinates":[[[[0.4161093124925644,36.3133302815174],[0.42856353525364177,36.321690445117326],[0.4296782237336314,36.32002988208252],[0.417224000972554,36.3116697184826],[0.4161093124925644,36.3133302815174]]],[[[0.4332722870806624,36.3236468847999],[0.4274488467736522,36.32335100815214],[0.430792912213621,36.31836931904771],[0.4332722870806624,36.3236468847999]]]]},"properties":{"speed":0.4863,"dir_deg":56.1,"type":"قوي"}},{"type":"Feature","geometry":{"type":"MultiPolygon","coordinates":[[[[0.4578223777965916,36.31335960123755],[0.47071639635986207,36.32102408330029],[0.4717383273015605,36.319304880825186],[0.45884430873829,36.31164039876245],[0.4578223777965916,36.31335960123755]]],[[[0.4755253680184681,36.32271930941698],[0.4696944654181637,36.32274328577539],[0.4727602582432589,36.317585678350085],[0.4755253680184681,36.32271930941698]]]]},"properties":{"speed":0.3622,"dir_deg":59.3,"type":"قوي"}},{"type":"Feature","geometry":{"type":"MultiPolygon","coordinates":[[[[0.499540632499548,36.313388246305664],[0.5128643270845312,36.32027875881244],[0.5137830620854351,36.318502266201115],[0.500459367500452,36.311611753694336],[0.499540632499548,36.313388246305664]]],[[[0.5177649261133108,36.32168735000904],[0.5119455920836272,36.32205525142378],[0.5147017970863391,36.31672577358978],[0.5177649261133108,36.32168735000904]]]]},"properties":{"speed":0.195,"dir_deg":62.7,"type":"متوسط"}},{"type":"Feature","geometry":{"type":"MultiPolygon","coordinates":[[[[0.5408957155216427,36.313136870235404],[0.5504487690527249,36.32470143543399],[0.5519907110792026,36.32342769496318],[0.5424376575481205,36.311863129764596],[0.5408957155216427,36.313136870235404]]],[[[0.5544040912429912,36.32791942026478],[0.5489068270262472,36.3259751759048],[0.5535326531056803,36.322153954492364],[0.5544040912429912,36.32791942026478]]]]},"properties":{"speed":0.1121,"dir_deg":39.6,"type":"ضعيف"}},{"type":"Feature","geometry":{"type":"MultiPolygon","coordinates":[[[[0.5831970947977015,36.31349067879489],[0.5980572767210702,36.31553395880614],[0.598329714055904,36.31355260121636],[0.5834695321325353,36.31150932120511],[0.5831970947977015,36.31349067879489]]],[[[0.6031468893629433,36.315224373348336],[0.5977848393862364,36.31751531639593],[0.5986021513907378,36.311571243626574],[0.6031468893629433,36.315224373348336]]]]},"properties":{"speed":0.057,"dir_deg":82.2,"type":"ضعيف"}},{"type":"Feature","geometry":{"type":"MultiPolygon","coordinates":[[[[-0.41632917462136304,36.355109270174204],[-0.402209195494605,36.35004703850626],[-0.4028841597169973,36.3481643746227],[-0.41700413884375537,36.35322660629064],[-0.41632917462136304,36.355109270174204]]],[[[-0.39784001789688184,36.3474182960085],[-0.4015342312722127,36.35192970238983],[-0.4035591239393896,36.34628171073913],[-0.39784001789688184,36.3474182960085]]]]},"properties":{"speed":0.14,"dir_deg":109.7,"type":"ضعيف"}},{"type":"Feature","geometry":{"type":"MultiPolygon","coordinates":[[[[-0.37472750470677774,36.35513009534806],[-0.3602951479722165,36.35104266594973],[-0.36084013855866104,36.34911835171845],[-0.37527249529322226,36.353205781116785],[-0.37472750470677774,36.35513009534806]]],[[[-0.35575685768725174,36.34871803236798],[-0.359750157385772,36.352966980181],[-0.36138512914510557,36.34719403748718],[-0.35575685768725174,36.34871803236798]]]]},"properties":{"speed":0.1512,"dir_deg":105.8,"type":"ضعيف"}},{"type":"Feature","geometry":{"type":"MultiPolygon","coordinates":[[[[-0.3331541895577345,36.3551517593281],[-0.31839687312258413,36.35246445368251],[-0.3187551805419967,36.35049681149115],[-0.3335124969771471,36.35318411713674],[-0.3331541895577345,36.3551517593281]]],[[[-0.313656921353907,36.3505848640383],[-0.3180385657031716,36.35443209587386],[-0.3191134879614092,36.348529169299795],[-0.313656921353907,36.3505848640383]]]]},"properties":{"speed":0.168,"dir_deg":100.3,"type":"ضعيف"}},{"type":"Feature","geometry":{"type":"MultiPolygon","coordinates":[[[[-0.2915746431617374,36.35516369598548],[-0.2766382768657958,36.353783492423155],[-0.27682230400743935,36.351791976917035],[-0.291758670303381,36.35317218047936],[-0.2915746431617374,36.35516369598548]]],[[[-0.2717515016713037,36.35232766681599],[-0.2764542497241523,36.35577500792928],[-0.27700633114908285,36.34980046141091],[-0.2717515016713037,36.35232766681599]]]]},"properties":{"speed":0.1895,"dir_deg":95.3,"type":"متوسط"}},{"type":"Feature","geometry":{"type":"MultiPolygon","coordinates":[[[[-0.24997238314589668,36.355167556814365],[-0.2349781044167239,36.35475330400281],[-0.23503333812493055,36.352754066838926],[-0.2500276168541033,36.35316831965048],[-0.24997238314589668,36.355167556814365]]],[[[-0.23000762836110297,36.35361560115035],[-0.23492287070851725,36.356752541166706],[-0.2350885718331372,36.35075482967503],[-0.23000762836110297,36.35361560115035]]]]},"properties":{"speed":0.2075,"dir_deg":91.6,"type":"متوسط"}},{"type":"Feature","geometry":{"type":"MultiPolygon","coordinates":[[[[-0.20837979238237234,36.35516685819679],[-0.1933959929168856,36.35586381843818],[-0.19330306488470014,36.35386597850945],[-0.20828686435018687,36.353169018268055],[-0.20837979238237234,36.35516685819679]]],[[[-0.18835492907896395,36.35509721855428],[-0.19348892094907105,36.357861658366915],[-0.1932101368525147,36.35186813858071],[-0.18835492907896395,36.35509721855428]]]]},"properties":{"speed":0.2146,"dir_deg":87.3,"type":"متوسط"}},{"type":"Feature","geometry":{"type":"MultiPolygon","coordinates":[[[[-0.16681949161054543,36.35515619227602],[-0.15199568095661034,36.357448491928395],[-0.15169004100296027,36.3554719838412],[-0.16651385165689536,36.353179684188824],[-0.16681949161054543,36.35515619227602]]],[[[-0.14690159076180692,36.35722433776892],[-0.15230132091026038,36.359425000015584],[-0.15138440104931022,36.35349547575401],[-0.14690159076180692,36.35722433776892]]]]},"properties":{"speed":0.2151,"dir_deg":81.2,"type":"متوسط"}},{"type":"Feature","geometry":{"type":"MultiPolygon","coordinates":[[[[-0.12527530271848458,36.355129295821044],[-0.11085493888920225,36.359258836598315],[-0.11030433345223309,36.35733612142107],[-0.12472469728151542,36.3532065806438],[-0.12527530271848458,36.355129295821044]]],[[[-0.10577284822762356,36.35967399260211],[-0.11140554432617143,36.36118155177555],[-0.10975372801526391,36.355413406243834],[-0.10577284822762356,36.35967399260211]]]]},"properties":{"speed":0.2196,"dir_deg":74.0,"type":"متوسط"}},{"type":"Feature","geometry":{"type":"MultiPolygon","coordinates":[[[[-0.08370173962416264,36.35509760410507],[-0.06975675153445307,36.3606236612146],[-0.0690199439198482,36.35876432946931],[-0.08296493200955776,36.353238272359775],[-0.08370173962416264,36.35509760410507]]],[[[-0.06474001836391412,36.36153601437847],[-0.07049355914905793,36.3624829929599],[-0.06828313630524334,36.356904997724016],[-0.06474001836391412,36.36153601437847]]]]},"properties":{"speed":0.2324,"dir_deg":68.4,"type":"متوسط"}},{"type":"Feature","geometry":{"type":"MultiPolygon","coordinates":[[[[-0.042086886927390425,36.35507536094324],[-0.0284755462651557,36.36137864622764],[-0.02763510822723505,36.35956380080601],[-0.041246448889469774,36.353260515521605],[-0.042086886927390425,36.35507536094324]]],[[[-0.023518213692117127,36.362572318611626],[-0.029315984303076355,36.36319349164927],[-0.026794670189314394,36.35774895538438],[-0.023518213692117127,36.362572318611626]]]]},"properties":{"speed":0.2375,"dir_deg":65.2,"type":"متوسط"}},{"type":"Feature","geometry":{"type":"MultiPolygon","coordinates":[[[[-0.000518251787609432,36.35502316632167],[0.012310169551117963,36.36279694313581],[0.013346673126336826,36.36108648695731],[0.000518251787609432,36.35331271014317],[-0.000518251787609432,36.35502316632167]]],[[[0.01710456178496986,36.36453297398461],[0.0112736659758991,36.364507399314306],[0.01438317670155569,36.35937603077882],[0.01710456178496986,36.36453297398461]]]]},"properties":{"speed":0.2323,"dir_deg":58.8,"type":"متوسط"}},{"type":"Feature","geometry":{"type":"MultiPolygon","coordinates":[[[[0.041033912456601825,36.354942289921375],[0.05264918779087004,36.3644336216988],[0.05391469869452659,36.362884918320894],[0.042299423360258374,36.35339358654347],[0.041033912456601825,36.354942289921375]]],[[[0.0571537016874544,36.36682304726899],[0.0513836768872135,36.3659823250767],[0.055180209598183136,36.361336214942995],[0.0571537016874544,36.36682304726899]]]]},"properties":{"speed":0.2251,"dir_deg":50.7,"type":"متوسط"}},{"type":"Feature","geometry":{"type":"MultiPolygon","coordinates":[[[[0.0826539641385534,36.35490173256513],[0.09366087912917563,36.36509230773974],[0.09501962248578923,36.363624719074316],[0.084012707495167,36.35343414389971],[0.0826539641385534,36.35490173256513]]],[[[0.09800922247102317,36.36775537179856],[0.09230213577256202,36.36655989640515],[0.09637836584240284,36.3621571304089],[0.09800922247102317,36.36775537179856]]]]},"properties":{"speed":0.2244,"dir_deg":47.2,"type":"متوسط"}},{"type":"Feature","geometry":{"type":"MultiPolygon","coordinates":[[[[0.12436795196604059,36.35494286744388],[0.13599189013788268,36.364423587953276],[0.1372559862058015,36.36287372953036],[0.12563204803395941,36.35339300902096],[0.12436795196604059,36.35494286744388]]],[[[0.14049858422912279,36.36680889891161],[0.13472779406996385,36.36597344637619],[0.13852008227372034,36.361323871107444],[0.14049858422912279,36.36680889891161]]]]},"properties":{"speed":0.2218,"dir_deg":50.8,"type":"متوسط"}},{"type":"Feature","geometry":{"type":"MultiPolygon","coordinates":[[[[0.1660848284296873,36.35498123921356],[0.17828434314676173,36.36370888727405],[0.17944802955482791,36.36208228531178],[0.1672485148377535,36.353354637251286],[0.1660848284296873,36.35498123921356]]],[[[0.18293269125648629,36.365804802313086],[0.17712065673869556,36.36533548923633],[0.18061171596289408,36.3604556833495],[0.18293269125648629,36.365804802313086]]]]},"properties":{"speed":0.2232,"dir_deg":54.4,"type":"متوسط"}},{"type":"Feature","geometry":{"type":"MultiPolygon","coordinates":[[[[0.20777891107170657,36.35500017705841],[0.2202624934614945,36.363316436477],[0.22137132805064058,36.36165195882503],[0.20888774566085264,36.353335699406436],[0.20777891107170657,36.35500017705841]]],[[[0.22497810488599687,36.36525628412388],[0.21915365887234847,36.36498091412897],[0.22248016263978662,36.35998748117306],[0.22497810488599687,36.36525628412388]]]]},"properties":{"speed":0.2492,"dir_deg":56.3,"type":"متوسط"}},{"type":"Feature","geometry":{"type":"MultiPolygon","coordinates":[[[[0.24947516932645722,36.355019144884245],[0.26224326910381035,36.36289160498739],[0.26329293045089586,36.36118919168374],[0.25052483067354275,36.3533167315806],[0.24947516932645722,36.355019144884245]]],[[[0.2670241330364708,36.36466455170328],[0.2611936077567248,36.36459401829104],[0.2643425917979814,36.359486778380095],[0.2670241330364708,36.36466455170328]]]]},"properties":{"speed":0.2938,"dir_deg":58.3,"type":"متوسط"}},{"type":"Feature","geometry":{"type":"MultiPolygon","coordinates":[[[[0.2911401167404113,36.35501808859363],[0.3038923721585912,36.36291618847585],[0.30494545214288704,36.36121588775343],[0.2921931967247071,36.35331778787121],[0.2911401167404113,36.35501808859363]]],[[[0.3086696639567991,36.36469873807538],[0.3028392921742954,36.364616489198276],[0.30599853212718287,36.359515587031005],[0.3086696639567991,36.36469873807538]]]]},"properties":{"speed":0.356,"dir_deg":58.2,"type":"متوسط"}},{"type":"Feature","geometry":{"type":"MultiPolygon","coordinates":[[[[0.3328037055570865,36.35501616219799],[0.34552706504066644,36.362960727853306],[0.34658634046137504,36.36126427992217],[0.3338629809777951,36.35331971426685],[0.3328037055570865,36.35501616219799]]],[[[0.3502978225788807,36.36476069243951],[0.3444677896199579,36.36465717578445],[0.3476456158820836,36.35956783199102],[0.3502978225788807,36.36476069243951]]]]},"properties":{"speed":0.4256,"dir_deg":58.0,"type":"قوي"}},{"type":"Feature","geometry":{"type":"MultiPolygon","coordinates":[[[[0.37443456944239434,36.35499273413719],[0.38680650801394767,36.36347419250128],[0.387937369129159,36.36182460069174],[0.37556543055760566,36.35334314232765],[0.37443456944239434,36.35499273413719]]],[[[0.3914959180954044,36.36547654938454],[0.3856756468987363,36.36512378431082],[0.38906823024437037,36.3601750088822],[0.3914959180954044,36.36547654938454]]]]},"properties":{"speed":0.5012,"dir_deg":55.6,"type":"قوي"}},{"type":"Feature","geometry":{"type":"MultiPolygon","coordinates":[[[[0.416103346222258,36.35499418351621],[0.42849702547909857,36.36344384117073],[0.42962364649970103,36.36179135060315],[0.41722996724286043,36.35334169294863],[0.416103346222258,36.35499418351621]]],[[[0.43319156240834666,36.365434148438446],[0.42737040445849617,36.36509633173831],[0.43075026752030343,36.36013886003557],[0.43319156240834666,36.365434148438446]]]]},"properties":{"speed":0.5553,"dir_deg":55.7,"type":"قوي"}},{"type":"Feature","geometry":{"type":"MultiPolygon","coordinates":[[[[0.4577968943690519,36.35501187103746],[0.4704558864446044,36.3630586045133],[0.47152878424138217,36.36137073890322],[0.4588697921658297,36.35332400542738],[0.4577968943690519,36.35501187103746]]],[[[0.47521199936817743,36.3648969162002],[0.46938298864782657,36.36474647012337],[0.47260168203816,36.359682873293146],[0.47521199936817743,36.3648969162002]]]]},"properties":{"speed":0.5624,"dir_deg":57.6,"type":"قوي"}},{"type":"Feature","geometry":{"type":"MultiPolygon","coordinates":[[[[0.49949368494504914,36.35503028680761],[0.5124289135728807,36.362625012631874],[0.5134415436827825,36.360900315481494],[0.5005063150549509,36.35330558965723],[0.49949368494504914,36.35503028680761]]],[[[0.5172469715037754,36.364294239331436],[0.511416283462979,36.36434970978225],[0.5144541737926842,36.359175618331115],[0.5172469715037754,36.364294239331436]]]]},"properties":{"speed":0.4862,"dir_deg":59.6,"type":"قوي"}},{"type":"Feature","geometry":{"type":"MultiPolygon","coordinates":[[[[0.541150918662464,36.355024666603484],[0.5540018442283879,36.362761184689745],[0.5550333799732231,36.36104772794762],[0.5421824544072992,36.35331120986136],[0.541150918662464,36.355024666603484]]],[[[0.5588012539561136,36.36448329568077],[0.5529703084835529,36.36447464143187],[0.5560649157180582,36.3593342712055],[0.5588012539561136,36.36448329568077]]]]},"properties":{"speed":0.3709,"dir_deg":59.0,"type":"قوي"}},{"type":"Feature","geometry":{"type":"MultiPolygon","coordinates":[[[[0.5828628592986331,36.35505036266388],[0.5960992257705257,36.362107175161164],[0.5970401341034962,36.360342326298245],[0.5838037676316037,36.35328551380096],[0.5828628592986331,36.35505036266388]]],[[[0.6009818020943084,36.36357702156213],[0.595158317437555,36.36387202402408],[0.5979810424364669,36.358577477435325],[0.6009818020943084,36.36357702156213]]]]},"properties":{"speed":0.2233,"dir_deg":61.9,"type":"متوسط"}},{"type":"Feature","geometry":{"type":"MultiPolygon","coordinates":[[[[0.6242303261974268,36.354806375572835],[0.6338068863036086,36.366351482611435],[0.635346233908755,36.36507460793061],[0.6257696738025732,36.35352950089201],[0.6242303261974268,36.354806375572835]]],[[[0.6377687468082425,36.369561414283886],[0.6322675386984622,36.36762835729226],[0.6368855815139014,36.36379773324978],[0.6377687468082425,36.369561414283886]]]]},"properties":{"speed":0.1427,"dir_deg":39.7,"type":"ضعيف"}},{"type":"Feature","geometry":{"type":"MultiPolygon","coordinates":[[[[0.6658912057749513,36.35479930943146],[0.6753617737605594,36.36643152083042],[0.67691273528042,36.365168778432334],[0.6674421672948119,36.35353656703338],[0.6658912057749513,36.35479930943146]]],[[[0.6792941105156924,36.369677553431025],[0.6738108122406987,36.3676942632285],[0.6784636968002806,36.36390603603425],[0.6792941105156924,36.369677553431025]]]]},"properties":{"speed":0.0635,"dir_deg":39.2,"type":"ضعيف"}},{"type":"Feature","geometry":{"type":"MultiPolygon","coordinates":[[[[0.7074803232960996,36.35468986521156],[0.715309227983243,36.36748471774684],[0.7170152083212807,36.36644086378856],[0.7091863036341373,36.35364601125328],[0.7074803232960996,36.35468986521156]]],[[[0.7187718530479763,36.3712277416128],[0.7136032476452054,36.36852857170513],[0.7187211886593183,36.365397009830275],[0.7187718530479763,36.3712277416128]]]]},"properties":{"speed":0.0329,"dir_deg":31.5,"type":"ضعيف"}},{"type":"Feature","geometry":{"type":"MultiPolygon","coordinates":[[[[0.7490617399488195,36.35451386897167],[0.7542507010375878,36.36858776973938],[0.7561272211399488,36.36789590826088],[0.7509382600511805,36.35382200749317],[0.7490617399488195,36.35451386897167]]],[[[0.7569186147850244,36.372933139256034],[0.752374180935227,36.36927963121788],[0.7580037412423096,36.367204046782376],[0.7569186147850244,36.372933139256034]]]]},"properties":{"speed":0.0258,"dir_deg":20.2,"type":"ضعيف"}},{"type":"Feature","geometry":{"type":"MultiPolygon","coordinates":[[[[-0.4165341635777537,36.39682324568791],[-0.4016664047727361,36.39483584836583],[-0.4019313910823471,36.39285348052516],[-0.4167991498873647,36.394840877847244],[-0.4165341635777537,36.39682324568791]]],[[[-0.39684297832586907,36.39318219867147],[-0.40140141846312505,36.3968182162065],[-0.4021963773919581,36.39087111268449],[-0.39684297832586907,36.39318219867147]]]]},"properties":{"speed":0.1428,"dir_deg":97.6,"type":"ضعيف"}},{"type":"Feature","geometry":{"type":"MultiPolygon","coordinates":[[[[-0.3749223386386507,36.39682904156324],[-0.3599676417037573,36.395664121143],[-0.36012296442645586,36.39367016155168],[-0.3750776613613493,36.39483508197192],[-0.3749223386386507,36.39682904156324]]],[[[-0.3550604040868088,36.39427883454059],[-0.35981231898105875,36.39765808073432],[-0.3602782871491544,36.391676201960365],[-0.3550604040868088,36.39427883454059]]]]},"properties":{"speed":0.1567,"dir_deg":94.5,"type":"ضعيف"}},{"type":"Feature","geometry":{"type":"MultiPolygon","coordinates":[[[[-0.3333264806819915,36.39683203821976],[-0.3183268338992431,36.396729099438026],[-0.3183405590701417,36.394729146533656],[-0.3333402058528901,36.39483208531539],[-0.3333264806819915,36.39683203821976]]],[[[-0.31333381422377626,36.39569481005859],[-0.31831310872834456,36.39872905234239],[-0.31835428424104023,36.39272919362929],[-0.31333381422377626,36.39569481005859]]]]},"properties":{"speed":0.1757,"dir_deg":90.4,"type":"ضعيف"}},{"type":"Feature","geometry":{"type":"MultiPolygon","coordinates":[[[[-0.2917241611410084,36.39683040701999],[-0.2767489823548635,36.397692973146725],[-0.2766339735379651,36.3956962826419],[-0.29160915232411,36.394833716515166],[-0.2917241611410084,36.39683040701999]]],[[[-0.271699751684366,36.39698214993656],[-0.2768639911717619,36.39968966365154],[-0.2765189647210667,36.39369959213708],[-0.271699751684366,36.39698214993656]]]]},"properties":{"speed":0.1988,"dir_deg":86.7,"type":"متوسط"}},{"type":"Feature","geometry":{"type":"MultiPolygon","coordinates":[[[[-0.2500858982220742,36.39682836568478],[-0.2351413394639506,36.3981168390159],[-0.23496954301980216,36.39612423118149],[-0.24991410177792578,36.39483575785037],[-0.2500858982220742,36.39682836568478]]],[[[-0.23007392165583518,36.39755002620906],[-0.23531313590809907,36.400109446850315],[-0.2347977465756537,36.39413162334707],[-0.23007392165583518,36.39755002620906]]]]},"properties":{"speed":0.2178,"dir_deg":85.1,"type":"متوسط"}},{"type":"Feature","geometry":{"type":"MultiPolygon","coordinates":[[[[-0.20843107225852714,36.39682727336896],[-0.19350289823777472,36.39829343175268],[-0.19330741045327965,36.39630300854991],[-0.20823558447403206,36.39483685016619],[-0.20843107225852714,36.39682727336896]]],[[[-0.18842909633860971,36.39778693961253],[-0.19369838602226983,36.40028385495544],[-0.19311192266878455,36.394312585347144],[-0.18842909633860971,36.39778693961253]]]]},"properties":{"speed":0.2232,"dir_deg":84.4,"type":"متوسط"}},{"type":"Feature","geometry":{"type":"MultiPolygon","coordinates":[[[[-0.16680224881869246,36.396822828554924],[-0.15194074700844842,36.39885648632951],[-0.1516695926385043,36.396874952754814],[-0.16653109444874833,36.39484129498023],[-0.16680224881869246,36.396822828554924]]],[[[-0.14685133588672836,36.39854360546702],[-0.15221190137839255,36.40083801990421],[-0.15139843826856017,36.394893419180114],[-0.14685133588672836,36.39854360546702]]]]},"properties":{"speed":0.2137,"dir_deg":82.2,"type":"متوسط"}},{"type":"Feature","geometry":{"type":"MultiPolygon","coordinates":[[[[-0.12522936417393005,36.396805402445715],[-0.1106292540018658,36.400245865054664],[-0.11017052565400573,36.39829918369839],[-0.12477063582606997,36.39485872108944],[-0.12522936417393005,36.396805402445715]]],[[[-0.10553318643724768,36.40041934524618],[-0.11108798234972586,36.40219254641094],[-0.10971179730614566,36.39635250234212],[-0.10553318643724768,36.40041934524618]]]]},"properties":{"speed":0.2024,"dir_deg":76.7,"type":"متوسط"}},{"type":"Feature","geometry":{"type":"MultiPolygon","coordinates":[[[[-0.08368112561929142,36.39676963429988],[-0.06961753763478004,36.401986481336344],[-0.0689219580299176,36.40011133627174],[-0.08298554601442898,36.39489448923528],[-0.08368112561929142,36.39676963429988]]],[[[-0.06458188517084502,36.4027878578162],[-0.07031311723964247,36.403861626400946],[-0.06822637842505518,36.39823619120714],[-0.06458188517084502,36.4027878578162]]]]},"properties":{"speed":0.2085,"dir_deg":69.6,"type":"متوسط"}},{"type":"Feature","geometry":{"type":"MultiPolygon","coordinates":[[[[-0.042095816326934266,36.39673529575437],[-0.02854730652506088,36.40317252203193],[-0.02768900968805255,36.40136605405835],[-0.04123751948992593,36.39492882778079],[-0.042095816326934266,36.39673529575437]]],[[[-0.02360198817259892,36.40441503013766],[-0.02940560336206921,36.40497899000552],[-0.02683071285104422,36.39955958608476],[-0.02360198817259892,36.40441503013766]]]]},"properties":{"speed":0.2259,"dir_deg":64.6,"type":"متوسط"}},{"type":"Feature","geometry":{"type":"MultiPolygon","coordinates":[[[[-0.0005147678709838293,36.39668939136523],[0.012345176093731744,36.404410909429984],[0.013374711835699403,36.40269625023468],[0.0005147678709838293,36.39497473216993],[-0.0005147678709838293,36.39668939136523]]],[[[0.017146591952954097,36.40612741918726],[0.011315640351764085,36.40612556862528],[0.014404247577667062,36.40098159103939],[0.017146591952954097,36.40612741918726]]]]},"properties":{"speed":0.2283,"dir_deg":59.0,"type":"متوسط"}},{"type":"Feature","geometry":{"type":"MultiPolygon","coordinates":[[[[0.041029107241446865,36.39660246192069],[0.052585109538135645,36.406165871925445],[0.053860230872102115,36.404625071619215],[0.042304228575413334,36.39506166161446],[0.041029107241446865,36.39660246192069]]],[[[0.057074670970681814,36.40858327510724],[0.05130998820416918,36.40770667223167],[0.05513535220606858,36.40308427131299],[0.057074670970681814,36.40858327510724]]]]},"properties":{"speed":0.2186,"dir_deg":50.4,"type":"متوسط"}},{"type":"Feature","geometry":{"type":"MultiPolygon","coordinates":[[[[0.08265121840096053,36.39656330442971],[0.09361985833298625,36.406795065668206],[0.0949840931647856,36.40533258034394],[0.08401545323275987,36.395100819105444],[0.08265121840096053,36.39656330442971]]],[[[0.09795818905956116,36.40947441008557],[0.0922556235011869,36.408257550992474],[0.09634832799658494,36.40387009501967],[0.09795818905956116,36.40947441008557]]]]},"properties":{"speed":0.2072,"dir_deg":47.0,"type":"متوسط"}},{"type":"Feature","geometry":{"type":"MultiPolygon","coordinates":[[[[0.12437675258502948,36.396614086485684],[0.1361071233566559,36.405962797710245],[0.13735361818659694,36.40439874827403],[0.12562324741497052,36.39505003704947],[0.12437675258502948,36.396614086485684]]],[[[0.14064049436216858,36.40829701006699],[0.13486062852671488,36.407526847146464],[0.13860011301653796,36.402834698837815],[0.14064049436216858,36.40829701006699]]]]},"properties":{"speed":0.1673,"dir_deg":51.4,"type":"ضعيف"}},{"type":"Feature","geometry":{"type":"MultiPolygon","coordinates":[[[[0.16598301574299984,36.396561866277764],[0.17693008339574112,36.40681670463857],[0.17829739517718224,36.4053570956182],[0.16735032752444096,36.39510225725739],[0.16598301574299984,36.396561866277764]]],[[[0.18126276183737544,36.40950517958199],[0.17556277161430003,36.40827631365894],[0.17966470695862333,36.403897486597835],[0.18126276183737544,36.40950517958199]]]]},"properties":{"speed":0.142,"dir_deg":46.9,"type":"ضعيف"}},{"type":"Feature","geometry":{"type":"MultiPolygon","coordinates":[[[[0.20763830579152098,36.39655104968165],[0.21842312450254167,36.40697638830303],[0.2198131696520589,36.40553841247489],[0.20902835094103822,36.39511307385351],[0.20763830579152098,36.39655104968165]]],[[[0.2227130866476405,36.40973251326275],[0.21703307935302446,36.40841436413116],[0.22120321480157612,36.40410043664676],[0.2227130866476405,36.40973251326275]]]]},"properties":{"speed":0.1499,"dir_deg":46.0,"type":"ضعيف"}},{"type":"Feature","geometry":{"type":"MultiPolygon","coordinates":[[[[0.24936376446653358,36.39660355664504],[0.260936187628508,36.406147089647035],[0.26220865869544085,36.40460409989211],[0.2506362355334664,36.395060566890116],[0.24936376446653358,36.39660355664504]]],[[[0.2654298975492993,36.40855677243691],[0.2596637165615751,36.407690079401966],[0.26348112976237376,36.40306111013718],[0.2654298975492993,36.40855677243691]]]]},"properties":{"speed":0.1819,"dir_deg":50.5,"type":"متوسط"}},{"type":"Feature","geometry":{"type":"MultiPolygon","coordinates":[[[[0.29108385805996106,36.396644678348274],[0.3032731067703623,36.405386658437244],[0.30443870411555857,36.40376142527585],[0.29224945540515734,36.39501944518688],[0.29108385805996106,36.396644678348274]]],[[[0.3079189883464275,36.407488035219544],[0.30210750942516607,36.40701189159863],[0.3056043014607548,36.40213619211447],[0.3079189883464275,36.407488035219544]]]]},"properties":{"speed":0.2265,"dir_deg":54.4,"type":"متوسط"}},{"type":"Feature","geometry":{"type":"MultiPolygon","coordinates":[[[[0.33276157868944545,36.39665247950712],[0.3450678447825258,36.40522894817705],[0.3462113739385165,36.40358811269797],[0.33390510784543614,36.39501164402804],[0.33276157868944545,36.39665247950712]]],[[[0.3497416980582146,36.407267353327484],[0.343924315626535,36.40686978365612],[0.34735490309450723,36.401947277218895],[0.3497416980582146,36.407267353327484]]]]},"properties":{"speed":0.2841,"dir_deg":55.1,"type":"متوسط"}},{"type":"Feature","geometry":{"type":"MultiPolygon","coordinates":[[[[0.3744257215821613,36.39665072183061],[0.3867056225276516,36.40526489809819],[0.387854179363329,36.403627577972124],[0.3755742784178387,36.395013401704546],[0.3744257215821613,36.39665072183061]]],[[[0.3913732012606537,36.40731763012435],[0.38555706569197423,36.40690221822425],[0.3890027361990064,36.40199025784606],[0.3913732012606537,36.40731763012435]]]]},"properties":{"speed":0.3669,"dir_deg":55.0,"type":"قوي"}},{"type":"Feature","geometry":{"type":"MultiPolygon","coordinates":[[[[0.4161098525765451,36.39666270557321],[0.42856950966112056,36.40501476791343],[0.4296831179731488,36.40335348030216],[0.4172234608885733,36.39500141796194],[0.4161098525765451,36.39666270557321]]],[[[0.4332795328453265,36.40696814488786],[0.4274559013490923,36.406676055524706],[0.43079672628517707,36.40169219269088],[0.4332795328453265,36.40696814488786]]]]},"properties":{"speed":0.4657,"dir_deg":56.2,"type":"قوي"}},{"type":"Feature","geometry":{"type":"MultiPolygon","coordinates":[[[[0.4577837437942093,36.396667490052366],[0.4703151680660278,36.40491148215084],[0.47141436701249084,36.40324062558126],[0.4588829427406723,36.39499663348279],[0.4577837437942093,36.396667490052366]]],[[[0.4750419089631988,36.406824051232206],[0.4692159691195648,36.40658233872041],[0.47251356595895383,36.40156976901169],[0.4750419089631988,36.406824051232206]]]]},"properties":{"speed":0.5583,"dir_deg":56.7,"type":"قوي"}},{"type":"Feature","geometry":{"type":"MultiPolygon","coordinates":[[[[0.49945506234112497,36.396670538331314],[0.512032210797212,36.40484460321444],[0.5131220861149621,36.40316765008697],[0.5005449376588751,36.39499358520384],[0.49945506234112497,36.396670538331314]]],[[[0.5167695312747828,36.40673081494508],[0.5109423354794619,36.40652155634192],[0.5142119614327122,36.40149069695949],[0.5167695312747828,36.40673081494508]]]]},"properties":{"speed":0.6111,"dir_deg":57.0,"type":"قوي"}},{"type":"Feature","geometry":{"type":"MultiPolygon","coordinates":[[[[0.5411239216940972,36.396671946478484],[0.5537221923576394,36.40481341909025],[0.5548077220392083,36.40313364966844],[0.542209451375666,36.39499217705667],[0.5411239216940972,36.396671946478484]]],[[[0.5584643807529379,36.40668735858326],[0.5526366626760707,36.40649318851206],[0.555893251720777,36.401453880246635],[0.5584643807529379,36.40668735858326]]]]},"properties":{"speed":0.596,"dir_deg":57.1,"type":"قوي"}},{"type":"Feature","geometry":{"type":"MultiPolygon","coordinates":[[[[0.582791603101042,36.39667262698305],[0.5954000813330398,36.40479828244419],[0.5964835020611925,36.40311715201325],[0.5838750238291948,36.39499149655211],[0.582791603101042,36.39667262698305]]],[[[0.6001446177744487,36.406666269049104],[0.5943166606048871,36.40647941287512],[0.5975669227893452,36.40143602158232],[0.6001446177744487,36.406666269049104]]]]},"properties":{"speed":0.486,"dir_deg":57.2,"type":"قوي"}},{"type":"Feature","geometry":{"type":"MultiPolygon","coordinates":[[[[0.6244546458748507,36.39667026751689],[0.6370277321145568,36.40485057939413],[0.6381184403648554,36.40317416789551],[0.6255453541251493,36.39499385601827],[0.6244546458748507,36.39667026751689]]],[[[0.6417641149862747,36.40673914427057],[0.6359370238642581,36.40652699089276],[0.6392091486151541,36.40149775639688],[0.6417641149862747,36.40673914427057]]]]},"properties":{"speed":0.3333,"dir_deg":57.0,"type":"متوسط"}},{"type":"Feature","geometry":{"type":"MultiPolygon","coordinates":[[[[0.6661652033848825,36.396697229179274],[0.6791427145603762,36.40421947642926],[0.6801456808603744,36.40248914160587],[0.6671681696848807,36.39496689435588],[0.6661652033848825,36.396697229179274]]],[[[0.6839700347688732,36.40586172476756],[0.6781397482603779,36.40594981125266],[0.6811486471603727,36.40075880678247],[0.6839700347688732,36.40586172476756]]]]},"properties":{"speed":0.1931,"dir_deg":59.9,"type":"متوسط"}},{"type":"Feature","geometry":{"type":"MultiPolygon","coordinates":[[[[0.7078628136930248,36.396714461883434],[0.7210988154308411,36.40377195846484],[0.7220398149750282,36.402007158233125],[0.708803813237212,36.39494966165172],[0.7078628136930248,36.396714461883434]]],[[[0.7259813157822068,36.40524205720945],[0.720157815886654,36.40553675869654],[0.7229808145192154,36.40024235800142],[0.7259813157822068,36.40524205720945]]]]},"properties":{"speed":0.1137,"dir_deg":61.9,"type":"ضعيف"}},{"type":"Feature","geometry":{"type":"MultiPolygon","coordinates":[[[[0.7496206309157928,36.39675730719337],[0.7634993123026628,36.40244784345648],[0.7642580504710772,36.4005973526049],[0.7503793690842072,36.39490681634179],[0.7496206309157928,36.39675730719337]]],[[[0.7685049085158266,36.403419443451725],[0.7627405741342483,36.40429833430806],[0.7650167886394916,36.39874686175332],[0.7685049085158266,36.403419443451725]]]]},"properties":{"speed":0.0979,"dir_deg":67.7,"type":"ضعيف"}},{"type":"Feature","geometry":{"type":"MultiPolygon","coordinates":[[[[0.7914693293580932,36.396812393417974],[0.8061743041140483,36.3997727510698],[0.8065690184676251,36.397812087769005],[0.79186404371167,36.39485173011718],[0.7914693293580932,36.396812393417974]]],[[[0.8112733195428218,36.399779205303346],[0.8057795897604716,36.40173341437059],[0.8069637328212018,36.39585142446821],[0.8112733195428218,36.399779205303346]]]]},"properties":{"speed":0.0932,"dir_deg":78.6,"type":"ضعيف"}},{"type":"Feature","geometry":{"type":"MultiPolygon","coordinates":[[[[0.8336541132652382,36.396779208793255],[0.8478613186503481,36.39196721179146],[0.8472197190501085,36.390072917740106],[0.8330125136649986,36.3948849147419],[0.8336541132652382,36.396779208793255]]],[[[0.8522762539785983,36.38941606576518],[0.8485029182505878,36.39386150584281],[0.8465781194498688,36.38817862368876],[0.8522762539785983,36.38941606576518]]]]},"properties":{"speed":0.0652,"dir_deg":108.7,"type":"ضعيف"}},{"type":"Feature","geometry":{"type":"MultiPolygon","coordinates":[[[[0.8755448324080622,36.3966706067259],[0.8881230067828725,36.388498120604964],[0.887033341966748,36.386821030688324],[0.8744551675919378,36.39499351680926],[0.8755448324080622,36.3966706067259]]],[[[0.8917708991664137,36.384935413606335],[0.8892126715989971,36.390175210521605],[0.8859436771506234,36.385143940771684],[0.8917708991664137,36.384935413606335]]]]},"properties":{"speed":0.0431,"dir_deg":123.0,"type":"ضعيف"}},{"type":"Feature","geometry":{"type":"MultiPolygon","coordinates":[[[[-0.41684440329974753,36.43848407629677],[-0.40208325884828744,36.44115027480459],[-0.4017277657139108,36.43918212221106],[-0.4164889101653709,36.43651592370323],[-0.41684440329974753,36.43848407629677]]],[[[-0.39698513079727904,36.441054931343764],[-0.4024387519826641,36.44311842739812],[-0.4013722725795341,36.43721396961753],[-0.39698513079727904,36.441054931343764]]]]},"properties":{"speed":0.1323,"dir_deg":79.8,"type":"ضعيف"}},{"type":"Feature","geometry":{"type":"MultiPolygon","coordinates":[[[[-0.37522810787029515,36.438473635865975],[-0.36062356988069694,36.4418952539204],[-0.36016735414010664,36.43994798218845],[-0.37477189212970485,36.436526364134025],[-0.37522810787029515,36.438473635865975]]],[[[-0.35552728268053574,36.4420621574059],[-0.3610797856212873,36.44384252565234],[-0.3597111383995163,36.43800071045651],[-0.35552728268053574,36.4420621574059]]]]},"properties":{"speed":0.1475,"dir_deg":76.8,"type":"ضعيف"}},{"type":"Feature","geometry":{"type":"MultiPolygon","coordinates":[[[[-0.33360626543134,36.43846203611806],[-0.319175723660435,36.44255586857655],[-0.31862987933263665,36.440631796340426],[-0.3330604211035416,36.43653796388194],[-0.33360626543134,36.43846203611806]]],[[[-0.3140926209062342,36.44295844327798],[-0.31972156798823337,36.44447994081267],[-0.3180840350048383,36.438707724104304],[-0.3140926209062342,36.44295844327798]]]]},"properties":{"speed":0.1711,"dir_deg":74.2,"type":"ضعيف"}},{"type":"Feature","geometry":{"type":"MultiPolygon","coordinates":[[[[-0.29196433554164375,36.43845466608121],[-0.277644344323422,36.442919848217485],[-0.2770489867052529,36.44101051605506],[-0.29136897792347466,36.43654533391879],[-0.29196433554164375,36.43845466608121]]],[[[-0.27257333510826354,36.44345357618169],[-0.27823970194159114,36.44482918037992],[-0.27645362908708376,36.439101183892625],[-0.27257333510826354,36.44345357618169]]]]},"properties":{"speed":0.1971,"dir_deg":72.7,"type":"متوسط"}},{"type":"Feature","geometry":{"type":"MultiPolygon","coordinates":[[[[-0.25028607769965633,36.438458206423356],[-0.23591298134932687,36.4427493719182],[-0.2353408259500142,36.440832959071486],[-0.24971392230034367,36.436541793576644],[-0.25028607769965633,36.438458206423356]]],[[[-0.23083587153289406,36.443221553993126],[-0.2364851367486395,36.44466578476491],[-0.23476867055070158,36.438916546224775],[-0.23083587153289406,36.443221553993126]]]]},"properties":{"speed":0.2154,"dir_deg":73.4,"type":"متوسط"}},{"type":"Feature","geometry":{"type":"MultiPolygon","coordinates":[[[[-0.2085870006411266,36.438467290223755],[-0.19407764728478644,36.44227237434646],[-0.19357030273509246,36.44033779389895],[-0.2080796560914326,36.436532709776245],[-0.2085870006411266,36.438467290223755]]],[[[-0.1889875238911594,36.44257344549694],[-0.19458499183448041,36.44420695479397],[-0.19306295818539848,36.43840321345144],[-0.1889875238911594,36.44257344549694]]]]},"properties":{"speed":0.2215,"dir_deg":75.3,"type":"متوسط"}},{"type":"Feature","geometry":{"type":"MultiPolygon","coordinates":[[[[-0.1669129220635411,36.43846920623492],[-0.15237482853969997,36.44216296268223],[-0.15188232768005855,36.44022455021239],[-0.1664204212038997,36.43653079376508],[-0.1669129220635411,36.43846920623492]]],[[[-0.14728254693526555,36.442425008596416],[-0.15286732939934136,36.44410137515208],[-0.15138982682041716,36.438286137742544],[-0.14728254693526555,36.442425008596416]]]]},"properties":{"speed":0.2137,"dir_deg":75.7,"type":"متوسط"}},{"type":"Feature","geometry":{"type":"MultiPolygon","coordinates":[[[[-0.12530525496761866,36.438452270657294],[-0.11102119510820095,36.44303109517158],[-0.11041068517296361,36.44112655385699],[-0.12469474503238133,36.436547729342706],[-0.12530525496761866,36.438452270657294]]],[[[-0.1059545868541097,36.443605099352375],[-0.11163170504343828,36.444935636486164],[-0.10980017523772628,36.4392220125424],[-0.1059545868541097,36.443605099352375]]]]},"properties":{"speed":0.1988,"dir_deg":72.2,"type":"متوسط"}},{"type":"Feature","geometry":{"type":"MultiPolygon","coordinates":[[[[-0.08375006612417947,36.43840903017055],[-0.07011461356600023,36.44465998478034],[-0.06928115295136168,36.44284192443924],[-0.08291660550954093,36.43659096982945],[-0.08375006612417947,36.43840903017055]]],[[[-0.06515273240595454,36.445834606146384],[-0.07094807418063877,36.446478045121424],[-0.06844769233672314,36.441023864098156],[-0.06515273240595454,36.445834606146384]]]]},"properties":{"speed":0.1967,"dir_deg":65.4,"type":"متوسط"}},{"type":"Feature","geometry":{"type":"MultiPolygon","coordinates":[[[[-0.04219150939810961,36.4383511999828],[-0.029423509656177668,36.44622382232799],[-0.028373826676818655,36.44452142236239],[-0.04114182641875059,36.4366488000172],[-0.04219150939810961,36.4383511999828]]],[[[-0.024642668252520847,36.44799682979359],[-0.030473192635536682,36.447926222293574],[-0.02732414369745964,36.442819022396804],[-0.024642668252520847,36.44799682979359]]]]},"properties":{"speed":0.2164,"dir_deg":58.3,"type":"متوسط"}},{"type":"Feature","geometry":{"type":"MultiPolygon","coordinates":[[[[-0.0005903845247612482,36.43830712211773],[0.01151644724112812,36.447162889989144],[0.012697216290650615,36.44554864575369],[0.0005903845247612482,36.43669287788227],[-0.0005903845247612482,36.43830712211773]]],[[[0.016142442354519157,36.449307690495225],[0.010335678191605623,36.44877713422459],[0.013877985340173113,36.44393440151824],[0.016142442354519157,36.449307690495225]]]]},"properties":{"speed":0.2287,"dir_deg":53.8,"type":"متوسط"}},{"type":"Feature","geometry":{"type":"MultiPolygon","coordinates":[[[[0.04099123706823317,36.438237423338464],[0.05205258714518782,36.44836888594142],[0.05340344882558168,36.44689403926449],[0.04234209874862703,36.436762576661536],[0.04099123706823317,36.438237423338464]]],[[[0.05641513467770297,36.45100861680394],[0.05070172546479395,36.44984373261835],[0.05475431050597555,36.445419192587565],[0.05641513467770297,36.45100861680394]]]]},"properties":{"speed":0.2238,"dir_deg":47.5,"type":"متوسط"}},{"type":"Feature","geometry":{"type":"MultiPolygon","coordinates":[[[[0.08261920942890587,36.43820001678696],[0.093119461233322,36.44891191260627],[0.09454771400923066,36.447511879032355],[0.08404746220481453,36.43679998321304],[0.08261920942890587,36.43820001678696]]],[[[0.0973336715560817,36.451782527759086],[0.09169120845741335,36.45031194618019],[0.09597596678513931,36.44611184545843],[0.0973336715560817,36.451782527759086]]]]},"properties":{"speed":0.2044,"dir_deg":44.4,"type":"متوسط"}},{"type":"Feature","geometry":{"type":"MultiPolygon","coordinates":[[[[0.12432164262276289,36.43823473210679],[0.13534262422461218,36.44841009276535],[0.13669933897908637,36.446940628551765],[0.1256783573772371,36.43676526789321],[0.12432164262276289,36.43823473210679]]],[[[0.13969464213579905,36.45106714754474],[0.13398590947013797,36.44987955697893],[0.13805605373356059,36.44547116433819],[0.13969464213579905,36.45106714754474]]]]},"properties":{"speed":0.1542,"dir_deg":47.3,"type":"ضعيف"}},{"type":"Feature","geometry":{"type":"MultiPolygon","coordinates":[[[[0.1659073433024713,36.43815070768042],[0.17566795850882763,36.44954063264916],[0.1771866151713258,36.44823921728832],[0.16742599996496949,36.43684929231958],[0.1659073433024713,36.43815070768042]]],[[[0.17968082524219547,36.45268656662498],[0.17414930184632943,36.45084204801001],[0.178705271833824,36.44693780192747],[0.17968082524219547,36.45268656662498]]]]},"properties":{"speed":0.1242,"dir_deg":40.6,"type":"ضعيف"}},{"type":"Feature","geometry":{"type":"MultiPolygon","coordinates":[[[[0.2075514192482399,36.4381233924375],[0.2169023058106695,36.449852029208095],[0.21846612404674892,36.4486052443331],[0.20911523748431932,36.4368766075625],[0.2075514192482399,36.4381233924375]]],[[[0.22080117711618577,36.453138182360796],[0.21533848757459004,36.45109881408308],[0.22002994228282838,36.447358459458115],[0.22080117711618577,36.453138182360796]]]]},"properties":{"speed":0.1148,"dir_deg":38.6,"type":"ضعيف"}},{"type":"Feature","geometry":{"type":"MultiPolygon","coordinates":[[[[0.24927920259552708,36.438193145801186],[0.2596763896133528,36.44900510686828],[0.2611179844222987,36.447618815265905],[0.25072079740447295,36.436806854198814],[0.24927920259552708,36.438193145801186]]],[[[0.2638629160237677,36.45191594808946],[0.258234794804407,36.45039139847066],[0.26255957923124457,36.446232523663525],[0.2638629160237677,36.45191594808946]]]]},"properties":{"speed":0.1137,"dir_deg":43.9,"type":"ضعيف"}},{"type":"Feature","geometry":{"type":"MultiPolygon","coordinates":[[[[0.2910175794843596,36.43826072250254],[0.3024284170224483,36.447996881225535],[0.3037265715188476,36.44647543622045],[0.29231573398075883,36.43673927749746],[0.2910175794843596,36.43826072250254]]],[[[0.3068811067833442,36.45048154496399],[0.301130262526049,36.44951832623061],[0.3050247260152469,36.44495399121538],[0.3068811067833442,36.45048154496399]]]]},"properties":{"speed":0.1321,"dir_deg":49.5,"type":"ضعيف"}},{"type":"Feature","geometry":{"type":"MultiPolygon","coordinates":[[[[0.33275325296283087,36.43831455217052],[0.3449715355206188,36.447015906739665],[0.3461317161298387,36.44538680239863],[0.3339134335720507,36.43668544782948],[0.33275325296283087,36.43831455217052]]],[[[0.34962438667782475,36.4491018060922],[0.3438113549113989,36.44864501108071],[0.3472918967390586,36.44375769805759],[0.34962438667782475,36.4491018060922]]]]},"properties":{"speed":0.1758,"dir_deg":54.5,"type":"ضعيف"}},{"type":"Feature","geometry":{"type":"MultiPolygon","coordinates":[[[[0.37448226023481945,36.43835553815552],[0.3873153325676213,36.44612163463323],[0.3883508120979824,36.44441055832219],[0.37551773976518055,36.43664446184448],[0.37448226023481945,36.43835553815552]]],[[[0.39211076311040244,36.44785479530361],[0.38627985303726015,36.44783271094427],[0.38938629162834354,36.44269948201115],[0.39211076311040244,36.44785479530361]]]]},"properties":{"speed":0.238,"dir_deg":58.8,"type":"متوسط"}},{"type":"Feature","geometry":{"type":"MultiPolygon","coordinates":[[[[0.4161568559277653,36.43836029247319],[0.4290612430256511,36.4460073045451],[0.4300808446352389,36.444286719598715],[0.4171764575373531,36.43663970752681],[0.4161568559277653,36.43836029247319]]],[[[0.43387250619640694,36.447696016095875],[0.4280416414160632,36.44772788949148],[0.43110044624482674,36.44256613465233],[0.43387250619640694,36.447696016095875]]]]},"properties":{"speed":0.3148,"dir_deg":59.3,"type":"متوسط"}},{"type":"Feature","geometry":{"type":"MultiPolygon","coordinates":[[[[0.4577980764815622,36.43834468305768],[0.4704683223467937,36.44637368484586],[0.47153885591855094,36.4446843187305],[0.4588686100533194,36.43665531694232],[0.4577980764815622,36.43834468305768]]],[[[0.4752270044210828,36.448205335717574],[0.4693977887750365,36.448063050961224],[0.4726093894903081,36.44299495261514],[0.4752270044210828,36.448205335717574]]]]},"properties":{"speed":0.4109,"dir_deg":57.6,"type":"قوي"}},{"type":"Feature","geometry":{"type":"MultiPolygon","coordinates":[[[[0.49945057967455103,36.43833554611242],[0.5119837713608812,36.446576850994155],[0.5130826120117793,36.444905758769316],[0.500549420325449,36.43666445388758],[0.49945057967455103,36.43833554611242]]],[[[0.5167109222484404,36.44848840650898],[0.5108849307099833,36.448247943219],[0.5141814526626772,36.44323466654447],[0.5167109222484404,36.44848840650898]]]]},"properties":{"speed":0.5257,"dir_deg":56.7,"type":"قوي"}},{"type":"Feature","geometry":{"type":"MultiPolygon","coordinates":[[[[0.5411261650086444,36.43834133018469],[0.5537461177790279,36.44644915307825],[0.5548271608315023,36.444766492708865],[0.5422072080611188,36.43665866981531],[0.5411261650086444,36.43834133018469]]],[[[0.5584932902287263,36.44831043052474],[0.5526650747265537,36.44813181344763],[0.5559082038839765,36.44308383233948],[0.5584932902287263,36.44831043052474]]]]},"properties":{"speed":0.6097,"dir_deg":57.3,"type":"قوي"}},{"type":"Feature","geometry":{"type":"MultiPolygon","coordinates":[[[[0.582798001560334,36.438344654464615],[0.5954678185295775,36.44637433303638],[0.5965384423391463,36.44468502410715],[0.5838686253699028,36.436655345535385],[0.582798001560334,36.438344654464615]]],[[[0.6002264027574431,36.448206238095686],[0.5943971947200088,36.44806364196562],[0.597609066148715,36.442995715177915],[0.6002264027574431,36.448206238095686]]]]},"properties":{"speed":0.6271,"dir_deg":57.6,"type":"قوي"}},{"type":"Feature","geometry":{"type":"MultiPolygon","coordinates":[[[[0.6244731076865799,36.43834993205026],[0.6372220884404768,36.44625331675156],[0.6382758730673169,36.44455345265104],[0.6255268923134201,36.43665006794974],[0.6244731076865799,36.43834993205026]]],[[[0.6419986410051958,36.4480378462684],[0.6361683038136365,36.44795318085208],[0.6393296576941572,36.44285358855052],[0.6419986410051958,36.4480378462684]]]]},"properties":{"speed":0.5678,"dir_deg":58.2,"type":"قوي"}},{"type":"Feature","geometry":{"type":"MultiPolygon","coordinates":[[[[0.666171853700164,36.43836898818501],[0.6792066764752998,36.44579148070578],[0.680196342144735,36.444053504335756],[0.6671615193695992,36.43663101181499],[0.666171853700164,36.43836898818501]]],[[[0.6840464502350627,36.44739665669435],[0.6782170108058645,36.447529457075795],[0.6811860078141703,36.44231552796574],[0.6840464502350627,36.44739665669435]]]]},"properties":{"speed":0.4293,"dir_deg":60.3,"type":"قوي"}},{"type":"Feature","geometry":{"type":"MultiPolygon","coordinates":[[[[0.7078372203363956,36.43836826931746],[0.720861260098223,36.4458096662483],[0.7218534463556686,36.444073127613386],[0.7088294065938412,36.43663173068254],[0.7078372203363956,36.43836826931746]]],[[[0.7256986998142216,36.44742186257446],[0.7198690738407775,36.44754620488321],[0.7228456326131142,36.44233658897848],[0.7256986998142216,36.44742186257446]]]]},"properties":{"speed":0.2817,"dir_deg":60.3,"type":"متوسط"}},{"type":"Feature","geometry":{"type":"MultiPolygon","coordinates":[[[[0.7494799704090935,36.43835414824508],[0.762292194085367,36.44615459210868],[0.7633322532671799,36.44444629561851],[0.7505200295909065,36.43664585175492],[0.7494799704090935,36.43835414824508]]],[[[0.7670829649016979,36.44790059181813],[0.7612521349035539,36.44786288859885],[0.764372312448993,36.44273799912834],[0.7670829649016979,36.44790059181813]]]]},"properties":{"speed":0.1799,"dir_deg":58.7,"type":"متوسط"}},{"type":"Feature","geometry":{"type":"MultiPolygon","coordinates":[[[[0.7912436380811136,36.43840610706087],[0.8048352439942136,36.44475183386739],[0.8056813409017495,36.44293961974565],[0.7920897349886495,36.43659389293913],[0.7912436380811136,36.43840610706087]]],[[[0.8097888277523482,36.44596096907536],[0.8039891470866776,36.44656404798914],[0.8065274378092855,36.4411274056239],[0.8097888277523482,36.44596096907536]]]]},"properties":{"speed":0.1263,"dir_deg":65.0,"type":"ضعيف"}},{"type":"Feature","geometry":{"type":"MultiPolygon","coordinates":[[[[0.8333093677293556,36.43849971325976],[0.8483050666257467,36.4388588992962],[0.8483529580972723,36.43685947277668],[0.8333572592008812,36.43650028674024],[0.8333093677293556,36.43849971325976]]],[[[0.8533275786603065,36.43797891471526],[0.8482571751542209,36.44085832581572],[0.848400849568798,36.434860046257164],[0.8533275786603065,36.43797891471526]]]]},"properties":{"speed":0.0879,"dir_deg":88.6,"type":"ضعيف"}},{"type":"Feature","geometry":{"type":"MultiPolygon","coordinates":[[[[0.8753240343967583,36.43844604530003],[0.8895147138972767,36.43358552934866],[0.88886664510376,36.431693438748596],[0.8746759656032417,36.43655395469997],[0.8753240343967583,36.43844604530003]]],[[[0.8939209060006911,36.431019312064834],[0.8901627826907933,36.435477619948735],[0.8882185763102434,36.42980134814852],[0.8939209060006911,36.431019312064834]]]]},"properties":{"speed":0.0508,"dir_deg":108.9,"type":"ضعيف"}},{"type":"Feature","geometry":{"type":"MultiPolygon","coordinates":[[[[0.9172254418735457,36.43832933254579],[0.929665430060467,36.42994800246583],[0.9285479193831387,36.428289337374245],[0.9161079311962175,36.43667066745421],[0.9172254418735457,36.43832933254579]]],[[[0.9332533374507765,36.42632489322672],[0.9307829407377951,36.43160666755742],[0.9274304087058106,36.426630672282656],[0.9332533374507765,36.42632489322672]]]]},"properties":{"speed":0.0337,"dir_deg":124.0,"type":"ضعيف"}},{"type":"Feature","geometry":{"type":"MultiPolygon","coordinates":[[[[-0.4168899278758716,36.48014269461048],[-0.40226858220500744,36.48349176176016],[-0.40182203991838267,36.48154224900405],[-0.4164433855892468,36.478193181854365],[-0.4168899278758716,36.48014269461048]]],[[[-0.397171529171407,36.48363336109867],[-0.40271512449163216,36.485441274516276],[-0.40137549763175795,36.47959273624794],[-0.397171529171407,36.48363336109867]]]]},"properties":{"speed":0.1425,"dir_deg":77.1,"type":"ضعيف"}},{"type":"Feature","geometry":{"type":"MultiPolygon","coordinates":[[[[-0.3753255087930341,36.480113477245716],[-0.36114242359365206,36.48499610914123],[-0.36049140600758384,36.48310503111464],[-0.3746744912069659,36.47822239921913],[-0.3753255087930341,36.480113477245716]]],[[[-0.35608921973415725,36.485678114093105],[-0.3617934411797203,36.48688718716781],[-0.3598403884215156,36.48121395308806],[-0.35608921973415725,36.485678114093105]]]]},"properties":{"speed":0.1536,"dir_deg":71.0,"type":"ضعيف"}},{"type":"Feature","geometry":{"type":"MultiPolygon","coordinates":[[[[-0.3337290378364825,36.480086320401256],[-0.3199533053039834,36.486021738936884],[-0.3191619161659,36.484184974599216],[-0.3329376486983991,36.47824955606359],[-0.3337290378364825,36.480086320401256]]],[[[-0.31496569989077533,36.48708182961325],[-0.32074469444206677,36.48785850327455],[-0.31837052702781665,36.48234821026155],[-0.31496569989077533,36.48708182961325]]]]},"properties":{"speed":0.1745,"dir_deg":66.7,"type":"ضعيف"}},{"type":"Feature","geometry":{"type":"MultiPolygon","coordinates":[[[[-0.292098681286633,36.480069800075874],[-0.27857075363483086,36.486550168386984],[-0.2777067045266832,36.48474644470008],[-0.2912346321784854,36.47826607638897],[-0.292098681286633,36.480069800075874]]],[[[-0.27362941986348965,36.4878084293139],[-0.27943480274297855,36.48835389207389],[-0.27684265541853553,36.482942721013174],[-0.27362941986348965,36.4878084293139]]]]},"properties":{"speed":0.1945,"dir_deg":64.4,"type":"متوسط"}},{"type":"Feature","geometry":{"type":"MultiPolygon","coordinates":[[[[-0.2504406553093073,36.48006561462087],[-0.23697550948256854,36.48667544426048],[-0.23609419886395397,36.48488009148358],[-0.2495593446906927,36.478270261843974],[-0.2504406553093073,36.48006561462087]]],[[[-0.232046472231015,36.48798104441857],[-0.23785682010118314,36.48847079703738],[-0.23521288824533937,36.48308473870668],[-0.232046472231015,36.48798104441857]]]]},"properties":{"speed":0.2033,"dir_deg":63.9,"type":"متوسط"}},{"type":"Feature","geometry":{"type":"MultiPolygon","coordinates":[[[[-0.20876630150281503,36.480069345056805],[-0.19524519913711627,36.48656394210484],[-0.19437925286404542,36.48476112845607],[-0.20790035522974418,36.47826653140804],[-0.20876630150281503,36.480069345056805]]],[[[-0.19030519187868128,36.48782740096313],[-0.1961111454101871,36.488366755753596],[-0.1935133065909746,36.48295831480731],[-0.19030519187868128,36.48782740096313]]]]},"properties":{"speed":0.2033,"dir_deg":64.3,"type":"متوسط"}},{"type":"Feature","geometry":{"type":"MultiPolygon","coordinates":[[[[-0.16710481190470816,36.48006684484767],[-0.15362121267597012,36.486638948912486],[-0.1527449321339946,36.48484113568199],[-0.16622853136273263,36.478269031617174],[-0.16710481190470816,36.48006684484767]]],[[[-0.14868853932873635,36.48793074365218],[-0.15449749321794562,36.48843676214298],[-0.1518686515920191,36.48304332245149],[-0.14868853932873635,36.48793074365218]]]]},"properties":{"speed":0.1996,"dir_deg":64.0,"type":"متوسط"}},{"type":"Feature","geometry":{"type":"MultiPolygon","coordinates":[[[[-0.1254891190370646,36.480040155273976],[-0.11240586341372204,36.48737694082995],[-0.11142762533959284,36.48563250674684],[-0.1245108809629354,36.47829572119087],[-0.1254891190370646,36.480040155273976]]],[[[-0.10755565916887658,36.488950318973714],[-0.11338410148785123,36.48912137491306],[-0.11044938726546365,36.483888072663724],[-0.10755565916887658,36.488950318973714]]]]},"properties":{"speed":0.1926,"dir_deg":60.7,"type":"متوسط"}},{"type":"Feature","geometry":{"type":"MultiPolygon","coordinates":[[[[-0.08390487500956872,36.479988513001224],[-0.0715962534775056,36.48856160089185],[-0.07045317509208855,36.486920451354244],[-0.08276179662415167,36.47834736346362],[-0.08390487500956872,36.479988513001224]]],[[[-0.06692184044077604,36.490598722086595],[-0.07273933186292267,36.49020275042946],[-0.06931009670667149,36.48527930181663],[-0.06692184044077604,36.490598722086595]]]]},"properties":{"speed":0.1888,"dir_deg":55.1,"type":"متوسط"}},{"type":"Feature","geometry":{"type":"MultiPolygon","coordinates":[[[[-0.04233067629477656,36.47991566335762],[-0.031114799416714252,36.48987578915282],[-0.029786782644021327,36.48838033890242],[-0.04100265952208364,36.47842021310722],[-0.04233067629477656,36.47991566335762]]],[[[-0.026712165404347017,36.492448105959355],[-0.03244281618940718,36.49137123940323],[-0.028458765871328402,36.48688488865201],[-0.026712165404347017,36.492448105959355]]]]},"properties":{"speed":0.2029,"dir_deg":48.4,"type":"متوسط"}},{"type":"Feature","geometry":{"type":"MultiPolygon","coordinates":[[[[-0.0007123251495473787,36.47986978784689],[0.009815419067402355,36.490554665090094],[0.011240069366497114,36.489150965861164],[0.0007123251495473787,36.47846608861796],[-0.0007123251495473787,36.47986978784689]]],[[[0.014036992289266312,36.49341444122337],[0.008390768768307598,36.49195836431902],[0.012664719665591871,36.48774726663224],[0.014036992289266312,36.49341444122337]]]]},"properties":{"speed":0.2175,"dir_deg":44.6,"type":"متوسط"}},{"type":"Feature","geometry":{"type":"MultiPolygon","coordinates":[[[[0.04090456905323389,36.47981539891455],[0.050616479285234724,36.4912468817425],[0.05214067699562714,36.489951960378235],[0.04242876676362631,36.47852047755029],[0.04090456905323389,36.47981539891455]]],[[[0.054615881551097874,36.49440991533635],[0.049092281574842314,36.49254180310677],[0.05366487470601955,36.488657039013965],[0.054615881551097874,36.49440991533635]]]]},"properties":{"speed":0.2185,"dir_deg":40.4,"type":"متوسط"}},{"type":"Feature","geometry":{"type":"MultiPolygon","coordinates":[[[[0.08253983822025066,36.4797765116168],[0.09166843898594018,36.49167897556594],[0.09325543417915927,36.49046182879719],[0.08412683341346974,36.478559364848046],[0.08253983822025066,36.4797765116168]]],[[[0.09550480350444623,36.49503789016461],[0.0900814437927211,36.4928961223347],[0.09484242937237836,36.48924468202843],[0.09550480350444623,36.49503789016461]]]]},"properties":{"speed":0.2084,"dir_deg":37.5,"type":"متوسط"}},{"type":"Feature","geometry":{"type":"MultiPolygon","coordinates":[[[[0.12422664817544596,36.47980191532622],[0.13373630458239663,36.49140219269453],[0.13528300823150471,36.49013423850693],[0.12577335182455404,36.47853396113862],[0.12422664817544596,36.47980191532622]]],[[[0.13767954187593423,36.4946349747235],[0.13218960093328852,36.49267014688212],[0.13682971188061283,36.48886628431934],[0.13767954187593423,36.4946349747235]]]]},"properties":{"speed":0.1718,"dir_deg":39.3,"type":"ضعيف"}},{"type":"Feature","geometry":{"type":"MultiPolygon","coordinates":[[[[0.16587386773128288,36.479777415034505],[0.17501601976255882,36.491669473571065],[0.17660162756743386,36.4904505199669],[0.16745947553615792,36.47855846143034],[0.16587386773128288,36.479777415034505]]],[[[0.17885620767542168,36.49502401628117],[0.17343041195768377,36.49288842717524],[0.1781872353723089,36.489231566362726],[0.17885620767542168,36.49502401628117]]]]},"properties":{"speed":0.143,"dir_deg":37.6,"type":"ضعيف"}},{"type":"Feature","geometry":{"type":"MultiPolygon","coordinates":[[[[0.2075620183805924,36.47980439789806],[0.21710891336510588,36.491374047683365],[0.21865153333648027,36.490101128352094],[0.2091046383519668,36.47853147856679],[0.2075620183805924,36.47980439789806]]],[[[0.22106252167896423,36.494594137946166],[0.2155662933937315,36.492646967014636],[0.22019415330785463,36.488828209020824],[0.22106252167896423,36.494594137946166]]]]},"properties":{"speed":0.1222,"dir_deg":39.5,"type":"ضعيف"}},{"type":"Feature","geometry":{"type":"MultiPolygon","coordinates":[[[[0.24931897460338612,36.479900198028645],[0.2603028715467553,36.49011557897785],[0.261664922339983,36.488651059385404],[0.25068102539661385,36.4784356784362],[0.24931897460338612,36.479900198028645]]],[[[0.2646451959244922,36.4927884461647],[0.25894082075352753,36.4915800985703],[0.2630269731332108,36.48718653979295],[0.2646451959244922,36.4927884461647]]]]},"properties":{"speed":0.1,"dir_deg":47.1,"type":"ضعيف"}},{"type":"Feature","geometry":{"type":"MultiPolygon","coordinates":[[[[0.2910663449187228,36.479967704277065],[0.30306283558841024,36.488972381484615],[0.30426345921608305,36.48737284939533],[0.2922669685463956,36.47836817218778],[0.2910663449187228,36.479967704277065]]],[[[0.3076619776254758,36.49117417450915],[0.3018622119607374,36.49057191357391],[0.30546408284375587,36.485773317306034],[0.3076619776254758,36.49117417450915]]]]},"properties":{"speed":0.0879,"dir_deg":53.1,"type":"ضعيف"}},{"type":"Feature","geometry":{"type":"MultiPolygon","coordinates":[[[[0.3328231698216149,36.48002800977315],[0.3457242429325689,36.48768061146054],[0.3467445898242207,36.48596046837908],[0.3338435167132667,36.478307866691694],[0.3328231698216149,36.48002800977315]]],[[[0.3505347740820461,36.48937140714894],[0.3447038960409171,36.489400754542004],[0.3477649367158725,36.48424032529762],[0.3505347740820461,36.48937140714894]]]]},"properties":{"speed":0.0959,"dir_deg":59.3,"type":"ضعيف"}},{"type":"Feature","geometry":{"type":"MultiPolygon","coordinates":[[[[0.37459883528552196,36.48008394416682],[0.3883389243015361,36.48610141488399],[0.3891412537304922,36.48426940301519],[0.37540116471447804,36.47825193229802],[0.37459883528552196,36.48008394416682]]],[[[0.3933201186880189,36.48719123252198],[0.38753659487258,36.48793342675279],[0.38994358315944827,36.48243739114639],[0.3933201186880189,36.48719123252198]]]]},"properties":{"speed":0.121,"dir_deg":66.3,"type":"ضعيف"}},{"type":"Feature","geometry":{"type":"MultiPolygon","coordinates":[[[[0.4162210008422155,36.48006314258194],[0.4296490660850362,36.486747980937096],[0.4305403778657236,36.48495757223806],[0.4171123126229029,36.4782727338829],[0.4162210008422155,36.48006314258194]]],[[[0.4345707437229868,36.48808105603929],[0.4287577543043489,36.48853838963614],[0.4314316896464109,36.483167163539015],[0.4345707437229868,36.48808105603929]]]]},"properties":{"speed":0.1723,"dir_deg":63.5,"type":"ضعيف"}},{"type":"Feature","geometry":{"type":"MultiPolygon","coordinates":[[[[0.4578459467371704,36.480041118982484],[0.47094365798811355,36.48735206693654],[0.4719184510486544,36.48560570543641],[0.4588207397977112,36.47829475748236],[0.4578459467371704,36.480041118982484]]],[[[0.47579695826869833,36.48891586883783],[0.4699688649275727,36.48909842843666],[0.4728932441091952,36.48385934393629],[0.47579695826869833,36.48891586883783]]]]},"properties":{"speed":0.2478,"dir_deg":60.8,"type":"متوسط"}},{"type":"Feature","geometry":{"type":"MultiPolygon","coordinates":[[[[0.4994624023184798,36.48001113971061],[0.5121104244913506,36.488075104933415],[0.5131856198543909,36.486388701977035],[0.5005375976815202,36.47832473675423],[0.4994624023184798,36.48001113971061]]],[[[0.5168640295638276,36.489919891862826],[0.5110352291283102,36.489761507889796],[0.5142608152174313,36.484702299020654],[0.5168640295638276,36.489919891862826]]]]},"properties":{"speed":0.3548,"dir_deg":57.5,"type":"متوسط"}},{"type":"Feature","geometry":{"type":"MultiPolygon","coordinates":[[[[0.5411167885783728,36.48000317007893],[0.5536452662760489,36.488251639426565],[0.5547450621890666,36.48658117573355],[0.5422165844913904,36.47833270638591],[0.5411167885783728,36.48000317007893]]],[[[0.5583713234651164,36.4901658973626],[0.5525454703630313,36.48992210311959],[0.5558448581020843,36.484910712040524],[0.5583713234651164,36.4901658973626]]]]},"properties":{"speed":0.4637,"dir_deg":56.6,"type":"قوي"}},{"type":"Feature","geometry":{"type":"MultiPolygon","coordinates":[[[[0.5827810909228609,36.480001634978144],[0.595286542108648,36.48828497311201],[0.596390987193163,36.486617579620564],[0.5838855360073759,36.4783342414867],[0.5827810909228609,36.480001634978144]]],[[[0.6000072483795011,36.49021238907757],[0.594182097024133,36.48995236660345],[0.5974954322776779,36.484950186129126],[0.6000072483795011,36.49021238907757]]]]},"properties":{"speed":0.5565,"dir_deg":56.5,"type":"قوي"}},{"type":"Feature","geometry":{"type":"MultiPolygon","coordinates":[[[[0.6244502991634943,36.48000329982499],[0.6369807230520789,36.48824881237258],[0.6380801247250903,36.48657808918744],[0.6255497008365057,36.47833257663985],[0.6244502991634943,36.48000329982499]]],[[[0.6417072318514461,36.49016195496254],[0.6358813213790675,36.489919535557725],[0.6391795263981017,36.4849073660023],[0.6417072318514461,36.49016195496254]]]]},"properties":{"speed":0.6003,"dir_deg":56.7,"type":"قوي"}},{"type":"Feature","geometry":{"type":"MultiPolygon","coordinates":[[[[0.6661235913849103,36.480007609393105],[0.6787186587951102,36.488154036642676],[0.6798048490950528,36.48647469432131],[0.6672097816848529,36.47832826707174],[0.6661235913849103,36.480007609393105]]],[[[0.6834601097484815,36.490029841231845],[0.6776324684951677,36.489833378964036],[0.6808910393949953,36.48479535199995],[0.6834601097484815,36.490029841231845]]]]},"properties":{"speed":0.5624,"dir_deg":57.1,"type":"قوي"}},{"type":"Feature","geometry":{"type":"MultiPolygon","coordinates":[[[[0.7077991151496907,36.48001329742223],[0.720479502996823,36.48802627215365],[0.7215478996276783,36.486335553774026],[0.7088675117805461,36.47832257904261],[0.7077991151496907,36.48001329742223]]],[[[0.7252404972612948,36.48985190454098],[0.7194111063659676,36.48971699053326],[0.7226162962585336,36.48464483539441],[0.7252404972612948,36.48985190454098]]]]},"properties":{"speed":0.4569,"dir_deg":57.7,"type":"قوي"}},{"type":"Feature","geometry":{"type":"MultiPolygon","coordinates":[[[[0.7494480992982211,36.4800018480689],[0.7619567468454013,36.48828035859559],[0.7630605482489591,36.48661253892263],[0.7505519007017789,36.47833402839594],[0.7494480992982211,36.4800018480689]]],[[[0.7666781967295736,36.490205952268],[0.7608529454418433,36.48994817826854],[0.764164349652517,36.484944719249675],[0.7666781967295736,36.490205952268]]]]},"properties":{"speed":0.3384,"dir_deg":56.5,"type":"متوسط"}},{"type":"Feature","geometry":{"type":"MultiPolygon","coordinates":[[[[0.7911048176077995,36.479995164506654],[0.803513211721278,36.48842319841289],[0.8046369495754422,36.486768745864424],[0.7922285554619637,36.47834071195819],[0.7911048176077995,36.479995164506654]]],[[[0.8082112120195196,36.490405316774066],[0.8023894738671138,36.490077650961354],[0.8057606874296064,36.48511429331596],[0.8082112120195196,36.490405316774066]]]]},"properties":{"speed":0.2495,"dir_deg":55.8,"type":"متوسط"}},{"type":"Feature","geometry":{"type":"MultiPolygon","coordinates":[[[[0.8329329519559007,36.48008429551096],[0.8466783111340306,36.48608971814923],[0.8474790341524661,36.48425700359215],[0.8337336749743361,36.47825158095388],[0.8329329519559007,36.48008429551096]]],[[[0.8516604590359582,36.487175168416776],[0.8458775881155951,36.48792243270631],[0.8482797571709015,36.482424289035066],[0.8516604590359582,36.487175168416776]]]]},"properties":{"speed":0.1632,"dir_deg":66.4,"type":"ضعيف"}},{"type":"Feature","geometry":{"type":"MultiPolygon","coordinates":[[[[0.8747849428809367,36.48014453970464],[0.8894339649642207,36.48337039649059],[0.8898640792023473,36.48141719354616],[0.8752150571190633,36.478191336760204],[0.8747849428809367,36.48014453970464]]],[[[0.8945320294443787,36.48346908061369],[0.8890038507260941,36.485323599435034],[0.8902941934404739,36.479463990601715],[0.8945320294443787,36.48346908061369]]]]},"properties":{"speed":0.099,"dir_deg":77.6,"type":"ضعيف"}},{"type":"Feature","geometry":{"type":"MultiPolygon","coordinates":[[[[0.9164822722632738,36.480150786835424],[0.9312250013083375,36.48291700090954],[0.931593829851553,36.480951303703534],[0.9168511008064893,36.47818508962942],[0.9164822722632738,36.480150786835424]]],[[[0.9363236585949666,36.48285622366458],[0.9308561727651221,36.48488269811555],[0.9319626583947684,36.478985606497524],[0.9363236585949666,36.48285622366458]]]]},"properties":{"speed":0.0489,"dir_deg":79.4,"type":"ضعيف"}},{"type":"Feature","geometry":{"type":"MultiPolygon","coordinates":[[[[0.9574050472627705,36.47953985469828],[0.962983794250688,36.4934638477335],[0.9648403266553838,36.49272001480178],[0.9592615796674663,36.47879602176656],[0.9574050472627705,36.47953985469828]]],[[[0.9657716427823417,36.49773326227938],[0.9611272618459923,36.49420768066523],[0.9666968590600795,36.49197618187006],[0.9657716427823417,36.49773326227938]]]]},"properties":{"speed":0.0328,"dir_deg":21.8,"type":"ضعيف"}},{"type":"Feature","geometry":{"type":"MultiPolygon","coordinates":[[[[1.0009979848443045,36.47923139097498],[1.0019497759827314,36.46426161831042],[0.9999538062941224,36.4641347128253],[0.9990020151556955,36.47910448548986],[1.0009979848443045,36.47923139097498]]],[[[1.0012690548512357,36.45920824134633],[1.0039457456713403,36.46438852379554],[0.9979578366055135,36.464007807340174],[1.0012690548512357,36.45920824134633]]]]},"properties":{"speed":0.0369,"dir_deg":176.4,"type":"ضعيف"}},{"type":"Feature","geometry":{"type":"MultiPolygon","coordinates":[[[[-0.4167045883376653,36.52183134210529],[-0.4017153832720134,36.52240031618188],[-0.40163952006180115,36.52040175550646],[-0.4166287251274531,36.51983278142987],[-0.4167045883376653,36.52183134210529]]],[[[-0.3966810499783566,36.5215906938697],[-0.4017912464822257,36.524398876857305],[-0.40156365685158885,36.51840319483104],[-0.3966810499783566,36.5215906938697]]]]},"properties":{"speed":0.1585,"dir_deg":87.8,"type":"ضعيف"}},{"type":"Feature","geometry":{"type":"MultiPolygon","coordinates":[[[[-0.37519838192372595,36.521812186561846],[-0.3604965100097066,36.52478791541773],[-0.3600997461622547,36.5228276658292],[-0.37480161807627405,36.51985193697331],[-0.37519838192372595,36.521812186561846]]],[[[-0.3553975041146409,36.5247997002421],[-0.36089327385715847,36.52674816500627],[-0.35970298231480285,36.52086741624066],[-0.3553975041146409,36.5247997002421]]]]},"properties":{"speed":0.1648,"dir_deg":78.6,"type":"ضعيف"}},{"type":"Feature","geometry":{"type":"MultiPolygon","coordinates":[[[[-0.3336606146057819,36.521776992173],[-0.31948665852437685,36.52668606224812],[-0.31883211584769466,36.52479620143727],[-0.3330060719290997,36.519887131362154],[-0.3336606146057819,36.521776992173]]],[[[-0.3144347351589008,36.5273774885344],[-0.320141201201059,36.52857592305897],[-0.31817757317101253,36.52290634062641],[-0.3144347351589008,36.5273774885344]]]]},"properties":{"speed":0.1782,"dir_deg":70.9,"type":"ضعيف"}},{"type":"Feature","geometry":{"type":"MultiPolygon","coordinates":[[[[-0.2920745802271395,36.52174507788056],[-0.27837933853237157,36.52786393029926],[-0.27756349154321097,36.5260378980733],[-0.2912587332379789,36.519919045654596],[-0.2920745802271395,36.52174507788056]]],[[[-0.2734063344728686,36.52899053165918],[-0.2791951855215322,36.52968996252523],[-0.2767476445540503,36.52421186584733],[-0.2734063344728686,36.52899053165918]]]]},"properties":{"speed":0.1897,"dir_deg":65.9,"type":"متوسط"}},{"type":"Feature","geometry":{"type":"MultiPolygon","coordinates":[[[[-0.25047131180749993,36.52171402842234],[-0.23724181198607783,36.528783705534835],[-0.23629918837107797,36.527019772225316],[-0.24952868819250007,36.51995009511282],[-0.25047131180749993,36.52171402842234]]],[[[-0.23236066690477053,36.53025829791758],[-0.23818443560107772,36.53054763884436],[-0.23535656475607808,36.52525583891579],[-0.23236066690477053,36.53025829791758]]]]},"properties":{"speed":0.1909,"dir_deg":61.9,"type":"متوسط"}},{"type":"Feature","geometry":{"type":"MultiPolygon","coordinates":[[[[-0.20887175902775956,36.52167473158594],[-0.19623171175232954,36.52975119150814],[-0.19515485042936961,36.52806585187142],[-0.20779489770479964,36.51998939194922],[-0.20887175902775956,36.52167473158594]]],[[[-0.19147993199903957,36.53160067499718],[-0.19730857307528946,36.53143653114486],[-0.1940779891064097,36.526380512234695],[-0.19147993199903957,36.53160067499718]]]]},"properties":{"speed":0.1883,"dir_deg":57.4,"type":"متوسط"}},{"type":"Feature","geometry":{"type":"MultiPolygon","coordinates":[[[[-0.1672655897599912,36.52163287203101],[-0.15525343580845272,36.53061664392507],[-0.1540555995559111,36.5290150233982],[-0.1660677535074496,36.52003125150414],[-0.1672655897599912,36.52163287203101]]],[[[-0.1506504663650024,36.532810424293],[-0.15645127206099432,36.53221826445194],[-0.1528577633033695,36.52741340287133],[-0.1506504663650024,36.532810424293]]]]},"properties":{"speed":0.1916,"dir_deg":53.2,"type":"متوسط"}},{"type":"Feature","geometry":{"type":"MultiPolygon","coordinates":[[[[-0.12565441244145004,36.52158819955692],[-0.11431234560127629,36.53140438617867],[-0.11300352071837624,36.52989211059998],[-0.12434558755854998,36.52007592397823],[-0.12565441244145004,36.52158819955692]]],[[[-0.10987724421310169,36.53392031059658],[-0.11562117048417635,36.53291666175736],[-0.11169469583547618,36.52837983502129],[-0.10987724421310169,36.53392031059658]]]]},"properties":{"speed":0.1975,"dir_deg":49.1,"type":"متوسط"}},{"type":"Feature","geometry":{"type":"MultiPolygon","coordinates":[[[[-0.08404941600986125,36.521530079788256],[-0.0735791456996875,36.53227128268327],[-0.0721469853136854,36.53087524664191],[-0.08261725562385915,36.5201340437469],[-0.08404941600986125,36.521530079788256]]],[[[-0.06937297540329519,36.5351536656276],[-0.0750113060856896,36.533667318724625],[-0.0707148249276833,36.529479210600556],[-0.06937297540329519,36.5351536656276]]]]},"properties":{"speed":0.1973,"dir_deg":44.3,"type":"متوسط"}},{"type":"Feature","geometry":{"type":"MultiPolygon","coordinates":[[[[-0.042448383793532746,36.52145569649639],[-0.033093862861379574,36.53318143477293],[-0.03153043109117428,36.531934165315306],[-0.04088495202332745,36.52020842703877],[-0.042448383793532746,36.52145569649639]]],[[[-0.02919397333222587,36.53646637946963],[-0.034657294631584866,36.53442870423055],[-0.02996699932096899,36.530686895857684],[-0.02919397333222587,36.53646637946963]]]]},"properties":{"speed":0.2024,"dir_deg":38.6,"type":"متوسط"}},{"type":"Feature","geometry":{"type":"MultiPolygon","coordinates":[[[[-0.0008135372048264212,36.52141357463619],[0.007909155824377524,36.533616632708586],[0.009536230234030366,36.53245360697136],[0.0008135372048264212,36.520250548898964],[-0.0008135372048264212,36.52141357463619]]],[[[0.011630257372271927,36.53710280586411],[0.006282081414724682,36.534779658445814],[0.011163304643683208,36.53129058123413],[0.011630257372271927,36.53710280586411]]]]},"properties":{"speed":0.2112,"dir_deg":35.6,"type":"متوسط"}},{"type":"Feature","geometry":{"type":"MultiPolygon","coordinates":[[[[0.04083121256047365,36.52138162010076],[0.049074587558219994,36.53391345032011],[0.05074549825413289,36.53281433365374],[0.04250212325638655,36.520282503434395],[0.04083121256047365,36.52138162010076]]],[[[0.05265783457209189,36.537541168726705],[0.047403676862307106,36.535012566986474],[0.052416408950045776,36.53171521698737],[0.05265783457209189,36.537541168726705]]]]},"properties":{"speed":0.2149,"dir_deg":33.3,"type":"متوسط"}},{"type":"Feature","geometry":{"type":"MultiPolygon","coordinates":[[[[0.08248388413408789,36.52135972817606],[0.0903988802612468,36.534101503417645],[0.09209778362679143,36.533046170600684],[0.08418278749963251,36.5203043953591],[0.08248388413408789,36.52135972817606]]],[[[0.09388666398640541,36.53782109542303],[0.08869997689570219,36.5351568362346],[0.09379668699233604,36.53199083778373],[0.09388666398640541,36.53782109542303]]]]},"properties":{"speed":0.2152,"dir_deg":31.8,"type":"متوسط"}},{"type":"Feature","geometry":{"type":"MultiPolygon","coordinates":[[[[0.12416524831055485,36.521382688335194],[0.13242464682484772,36.53390396367687],[0.13409415020373805,36.53280271054164],[0.12583475168944516,36.52028143519996],[0.12416524831055485,36.521382688335194]]],[[[0.13601253135239053,36.537527095556484],[0.13075514344595743,36.53500521681211],[0.13576365358262835,36.5317014574064],[0.13601253135239053,36.537527095556484]]]]},"properties":{"speed":0.1927,"dir_deg":33.4,"type":"متوسط"}},{"type":"Feature","geometry":{"type":"MultiPolygon","coordinates":[[[[0.16582992341073372,36.5213796495791],[0.1740437405835799,36.533930872923904],[0.17571723702955327,36.532835697300854],[0.16750341985670708,36.52028447395605],[0.16582992341073372,36.5213796495791]]],[[[0.177618427864182,36.537567026227315],[0.17237024413760654,36.535026048546946],[0.17739073347552664,36.53174052167781],[0.177618427864182,36.537567026227315]]]]},"properties":{"speed":0.1615,"dir_deg":33.2,"type":"ضعيف"}},{"type":"Feature","geometry":{"type":"MultiPolygon","coordinates":[[[[0.20751038065622002,36.52140017889151],[0.21603213751523856,36.5337443945424],[0.21767803293535773,36.53260816029454],[0.2091562760763392,36.520263944643645],[0.20751038065622002,36.52140017889151]]],[[[0.21969567084497096,36.53729101596877],[0.2143862420951194,36.534880628790276],[0.2193239283554769,36.53147192604666],[0.21969567084497096,36.53729101596877]]]]},"properties":{"speed":0.1307,"dir_deg":34.6,"type":"ضعيف"}},{"type":"Feature","geometry":{"type":"MultiPolygon","coordinates":[[[[0.24925457240666396,36.521498648373424],[0.25925337149435357,36.532680062273464],[0.2607442266810256,36.53134688906177],[0.250745427593336,36.52016547516173],[0.24925457240666396,36.521498648373424]]],[[[0.26333173211691946,36.535740613634296],[0.2577625163076815,36.534013235485155],[0.2622350818676977,36.53001371585008],[0.26333173211691946,36.535740613634296]]]]},"properties":{"speed":0.1001,"dir_deg":41.8,"type":"ضعيف"}},{"type":"Feature","geometry":{"type":"MultiPolygon","coordinates":[[[[0.29105470984320386,36.521622960626225],[0.3029181927229013,36.530802163966555],[0.304142086501612,36.52922036624926],[0.29227860362191455,36.52004116290893],[0.29105470984320386,36.521622960626225]]],[[[0.30748463390548914,36.53307099955469],[0.30169429894419064,36.53238396168385],[0.3053659802803227,36.52763856853197],[0.30748463390548914,36.53307099955469]]]]},"properties":{"speed":0.0787,"dir_deg":52.3,"type":"ضعيف"}},{"type":"Feature","geometry":{"type":"MultiPolygon","coordinates":[[[[0.33287344147150943,36.52172003155203],[0.3461929882382841,36.528618558491],[0.3471127918301468,36.526842618922096],[0.33379324506337216,36.51994409198313],[0.33287344147150943,36.52172003155203]]],[[[0.3510927389564737,36.53003009768621],[0.3452731846464213,36.5303944980599],[0.3480325954220096,36.525066679353195],[0.3510927389564737,36.53003009768621]]]]},"properties":{"speed":0.0744,"dir_deg":62.6,"type":"ضعيف"}},{"type":"Feature","geometry":{"type":"MultiPolygon","coordinates":[[[[0.3746519358089035,36.52176953247052],[0.38871399635304754,36.52699049533697],[0.38941012473524056,36.52511555393108],[0.3753480641910965,36.519894591064634],[0.3746519358089035,36.52176953247052]]],[[[0.39374941405885877,36.52779334558951],[0.38801786797085447,36.528865436742855],[0.39010625311743363,36.52324061252519],[0.39374941405885877,36.52779334558951]]]]},"properties":{"speed":0.0849,"dir_deg":69.6,"type":"ضعيف"}},{"type":"Feature","geometry":{"type":"MultiPolygon","coordinates":[[[[0.41627713389135307,36.52175307857317],[0.4300923859751991,36.52759592119126],[0.4308714316576114,36.52575388758008],[0.41705617957376534,36.51991104496199],[0.41627713389135307,36.52175307857317]]],[[[0.4350869928443539,36.5286225185917],[0.4293133402927869,36.52943795480244],[0.4316504773400236,36.523911853968904],[0.4350869928443539,36.5286225185917]]]]},"properties":{"speed":0.1201,"dir_deg":67.1,"type":"ضعيف"}},{"type":"Feature","geometry":{"type":"MultiPolygon","coordinates":[[[[0.4579418513881482,36.52175224333034],[0.47174457482958493,36.52762462151973],[0.47252755858817014,36.525784258394204],[0.4587248351467334,36.519911880204816],[0.4579418513881482,36.52175224333034]]],[[[0.4767369745226898,36.52866189935343],[0.4709615910709997,36.52946498464525],[0.47331054234675535,36.52394389526868],[0.4767369745226898,36.52866189935343]]]]},"properties":{"speed":0.1698,"dir_deg":67.0,"type":"ضعيف"}},{"type":"Feature","geometry":{"type":"MultiPolygon","coordinates":[[[[0.4995249583938087,36.5217120251034],[0.5127244084311064,36.52883764919627],[0.513674491643489,36.52707772252463],[0.5004750416061913,36.51995209843176],[0.4995249583938087,36.5217120251034]]],[[[0.5175992667163969,36.530332893891405],[0.5117743252187238,36.53059757586791],[0.5146245748558717,36.52531779585299],[0.5175992667163969,36.530332893891405]]]]},"properties":{"speed":0.2361,"dir_deg":61.6,"type":"متوسط"}},{"type":"Feature","geometry":{"type":"MultiPolygon","coordinates":[[[[0.5411372091789646,36.52168038583866],[0.5538620702451416,36.529622546177414],[0.5549210249569756,36.52792589803526],[0.5421961638907986,36.5199837376965],[0.5411372091789646,36.52168038583866]]],[[[0.5586331679564509,36.53142160888592],[0.5528031155333075,36.53131919431957],[0.5559799796688096,36.5262292498931],[0.5586331679564509,36.53142160888592]]]]},"properties":{"speed":0.3146,"dir_deg":58.0,"type":"متوسط"}},{"type":"Feature","geometry":{"type":"MultiPolygon","coordinates":[[[[0.5827791420024295,36.52166446430839],[0.5952651801145286,36.52997703624872],[0.5963735230399063,36.5283122311671],[0.5838874849278073,36.51999965922677],[0.5827791420024295,36.52166446430839]]],[[[0.5999813642812505,36.53191549102136],[0.5941568371891509,36.53164184133033],[0.597481865965284,36.52664742608549],[0.5999813642812505,36.53191549102136]]]]},"properties":{"speed":0.4084,"dir_deg":56.3,"type":"قوي"}},{"type":"Feature","geometry":{"type":"MultiPolygon","coordinates":[[[[0.6244216594751124,36.52164785723047],[0.6366585914184704,36.530322965103785],[0.6378152724682455,36.528691374178],[0.6255783405248876,36.52001626630469],[0.6244216594751124,36.52164785723047]]],[[[0.6413159092578107,36.53239887226533],[0.6355019103686953,36.53195455602957],[0.6389719535180206,36.52705978325222],[0.6413159092578107,36.53239887226533]]]]},"properties":{"speed":0.493,"dir_deg":54.7,"type":"قوي"}},{"type":"Feature","geometry":{"type":"MultiPolygon","coordinates":[[[[0.6660692388004564,36.52163396962053],[0.678097856594775,36.53059568563691],[0.6792927520636253,36.528991869931005],[0.6672641342693068,36.520030153914625],[0.6660692388004564,36.52163396962053]]],[[[0.6827048435939729,36.532781016456084],[0.6769029611259245,36.532199501342824],[0.6804876475324757,36.52738805422509],[0.6827048435939729,36.532781016456084]]]]},"properties":{"speed":0.5445,"dir_deg":53.3,"type":"قوي"}},{"type":"Feature","geometry":{"type":"MultiPolygon","coordinates":[[[[0.7077655807199705,36.52165527469877],[0.7201137746878974,36.53017126587599],[0.7212492401781931,36.5285248400136],[0.7089010462102663,36.52000884883638],[0.7077655807199705,36.52165527469877]]],[[[0.724797572089021,36.53218671667054],[0.7189783091976016,36.53181769173838],[0.7223847056684889,36.52687841415121],[0.724797572089021,36.53218671667054]]]]},"properties":{"speed":0.5356,"dir_deg":55.4,"type":"قوي"}},{"type":"Feature","geometry":{"type":"MultiPolygon","coordinates":[[[[0.7494560311864309,36.52167116720187],[0.7620426127008634,36.52983069940541],[0.7631305503280016,36.52815248853682],[0.7505439688135691,36.51999295633328],[0.7494560311864309,36.52167116720187]]],[[[0.76678210868591,36.53171143803896],[0.7609546750737252,36.531508910274],[0.7642184879551398,36.52647427766823],[0.76678210868591,36.53171143803896]]]]},"properties":{"speed":0.4687,"dir_deg":57.0,"type":"قوي"}},{"type":"Feature","geometry":{"type":"MultiPolygon","coordinates":[[[[0.7911003882546992,36.5216562621424],[0.8034633938770817,36.530150736345135],[0.8045959904374465,36.52850233559549],[0.792232984815064,36.520007861392756],[0.7911003882546992,36.5216562621424]]],[[[0.8081506940313916,36.532158027371224],[0.802330797316717,36.53179913709479],[0.8057285869978111,36.52685393484584],[0.8081506940313916,36.532158027371224]]]]},"properties":{"speed":0.3887,"dir_deg":55.5,"type":"قوي"}},{"type":"Feature","geometry":{"type":"MultiPolygon","coordinates":[[[[0.8327910215871416,36.52167225193598],[0.8453938741131801,36.52980663010563],[0.8464784578691338,36.528126249768825],[0.8338756053430952,36.519991871599174],[0.8327910215871416,36.52167225193598]]],[[[0.8501371168331697,36.531677899327114],[0.8443092903572263,36.53148701044243],[0.8475630416250876,36.526445869432024],[0.8501371168331697,36.531677899327114]]]]},"properties":{"speed":0.3068,"dir_deg":57.2,"type":"متوسط"}},{"type":"Feature","geometry":{"type":"MultiPolygon","coordinates":[[[[0.8744930364135456,36.52169402923913],[0.887422548486787,36.529298483035944],[0.8884364756596959,36.52757454809284],[0.8755069635864544,36.51997009429603],[0.8744930364135456,36.52169402923913]]],[[[0.8922393494309886,36.530971333496666],[0.8864086213138783,36.531022417979045],[0.8894504028326046,36.52585061314974],[0.8922393494309886,36.530971333496666]]]]},"properties":{"speed":0.2276,"dir_deg":59.5,"type":"متوسط"}},{"type":"Feature","geometry":{"type":"MultiPolygon","coordinates":[[[[0.9161042479319713,36.5216589008196],[0.9285068337123707,36.530095479863256],[0.9296317109181913,36.52844180175921],[0.9172291251377919,36.520005222715554],[0.9161042479319713,36.5216589008196]]],[[[0.9332034675754142,36.53208083382579],[0.9273819565065501,36.53174915796731],[0.930756588124012,36.52678812365515],[0.9332034675754142,36.53208083382579]]]]},"properties":{"speed":0.1543,"dir_deg":55.8,"type":"ضعيف"}},{"type":"Feature","geometry":{"type":"MultiPolygon","coordinates":[[[[0.9576501990576549,36.52156237314385],[0.9686048697017702,36.5318090892558],[0.9699710985166972,36.530348466503256],[0.9590164278725819,36.520101750391305],[0.9576501990576549,36.52156237314385]]],[[[0.9729395409906054,36.53449434991685],[0.9672386408868431,36.533269712008355],[0.9713373273316243,36.5288878437507],[0.9729395409906054,36.53449434991685]]]]},"properties":{"speed":0.1018,"dir_deg":46.9,"type":"ضعيف"}},{"type":"Feature","geometry":{"type":"MultiPolygon","coordinates":[[[[0.9997590946605972,36.52180261038431],[1.0143173239116299,36.525416190475354],[1.0147991345904355,36.523475093241885],[1.0002409053394028,36.51986151315084],[0.9997590946605972,36.52180261038431]]],[[[1.0194109723347102,36.525650168555636],[1.0138355132328243,36.527357287708824],[1.015280945269241,36.521533996008415],[1.0194109723347102,36.525650168555636]]]]},"properties":{"speed":0.0446,"dir_deg":76.1,"type":"ضعيف"}},{"type":"Feature","geometry":{"type":"MultiPolygon","coordinates":[[[[-0.4165833365935925,36.56349652283187],[-0.4016354941155097,36.56224672074737],[-0.40180213439344314,36.56025367508363],[-0.41674997687152593,36.56150347716813],[-0.4165833365935925,36.56349652283187]]],[[[-0.39673620009511545,36.560833597220665],[-0.4014688538375762,36.56423976641111],[-0.40196877467137665,36.558260629419884],[-0.39673620009511545,36.560833597220665]]]]},"properties":{"speed":0.1768,"dir_deg":94.8,"type":"ضعيف"}},{"type":"Feature","geometry":{"type":"MultiPolygon","coordinates":[[[[-0.37509937707758795,36.56349504984621],[-0.3601736293843812,36.56498570601003],[-0.3599748752292053,36.56299560631761],[-0.37490062292241205,36.56150495015379],[-0.37509937707758795,36.56349504984621]]],[[[-0.3550990030757243,36.564487541551756],[-0.3603723835395571,36.566975805702455],[-0.3597761210740294,36.56100550662518],[-0.3550990030757243,36.564487541551756]]]]},"properties":{"speed":0.1817,"dir_deg":84.3,"type":"متوسط"}},{"type":"Feature","geometry":{"type":"MultiPolygon","coordinates":[[[[-0.33361047352310763,36.56346083235863],[-0.31919798814363,36.56761778619363],[-0.3186437276322963,36.56569612147637],[-0.33305621301177396,36.56153916764137],[-0.33361047352310763,36.56346083235863]]],[[[-0.3141166960948039,36.568042605113334],[-0.31975224865496366,36.569539450910895],[-0.31808946712096264,36.563774456759106],[-0.3141166960948039,36.568042605113334]]]]},"properties":{"speed":0.1891,"dir_deg":73.9,"type":"متوسط"}},{"type":"Feature","geometry":{"type":"MultiPolygon","coordinates":[[[[-0.29207373982238993,36.56341339113088],[-0.2783728728591601,36.569519637478344],[-0.27755870667949867,36.567692855216585],[-0.2912595736427285,36.56158660886912],[-0.29207373982238993,36.56341339113088]]],[[[-0.27339883411491944,36.570641661796614],[-0.2791870390388215,36.57134641974011],[-0.27674454049983727,36.56586607295482],[-0.27339883411491944,36.570641661796614]]]]},"properties":{"speed":0.1966,"dir_deg":66.0,"type":"متوسط"}},{"type":"Feature","geometry":{"type":"MultiPolygon","coordinates":[[[[-0.2505141415383729,36.563357705356474],[-0.2376485611913036,36.571069828432066],[-0.2366202781145578,36.56935441771912],[-0.2494858584616271,36.561642294643526],[-0.2505141415383729,36.563357705356474]]],[[[-0.23284589287057425,36.57278283076746],[-0.23867684426804942,36.572785239145006],[-0.23559199503781197,36.56763900700618],[-0.23284589287057425,36.57278283076746]]]]},"properties":{"speed":0.1974,"dir_deg":59.1,"type":"متوسط"}},{"type":"Feature","geometry":{"type":"MultiPolygon","coordinates":[[[[-0.2089678068883323,36.56327294049257],[-0.19737369949978759,36.572790118323354],[-0.19610474245568218,36.57124423733822],[-0.2076988498442269,36.56172705950743],[-0.2089678068883323,36.56327294049257]]],[[[-0.19287451851488666,36.575189570441054],[-0.19864265654389301,36.574335999308495],[-0.19483578541157676,36.56969835635308],[-0.19287451851488666,36.575189570441054]]]]},"properties":{"speed":0.1981,"dir_deg":50.6,"type":"متوسط"}},{"type":"Feature","geometry":{"type":"MultiPolygon","coordinates":[[[[-0.16739704674836933,36.56318304625898],[-0.1571513528637243,36.57413867297871],[-0.15569060263442644,36.57277258046076],[-0.16593629651907146,36.56181695374102],[-0.16739704674836933,36.56318304625898]]],[[[-0.1530057464541937,36.577107502292975],[-0.15861210309302215,36.57550476549666],[-0.1542298524051286,36.57140648794281],[-0.1530057464541937,36.577107502292975]]]]},"properties":{"speed":0.2079,"dir_deg":43.1,"type":"متوسط"}},{"type":"Feature","geometry":{"type":"MultiPolygon","coordinates":[[[[-0.1257849040812459,36.56311961728772],[-0.11649064476542097,36.57489317850641],[-0.11492083660292919,36.57365394393097],[-0.12421509591875411,36.56188038271228],[-0.1257849040812459,36.56311961728772]]],[[[-0.11260765424556678,36.57819808162492],[-0.11806045292791274,36.57613241308185],[-0.11335102844043742,36.57241470935553],[-0.11260765424556678,36.57819808162492]]]]},"properties":{"speed":0.2213,"dir_deg":38.3,"type":"متوسط"}},{"type":"Feature","geometry":{"type":"MultiPolygon","coordinates":[[[[-0.08416075498429046,36.56306158483007],[-0.0757369825331836,36.57547287234153],[-0.07408214419832308,36.57434970268138],[-0.08250591664942994,36.56193841516993],[-0.08416075498429046,36.56306158483007]]],[[[-0.07210163921538439,36.579048383348606],[-0.07739182086804414,36.576596042001675],[-0.07242730586346255,36.573226533021234],[-0.07210163921538439,36.579048383348606]]]]},"properties":{"speed":0.2247,"dir_deg":34.2,"type":"متوسط"}},{"type":"Feature","geometry":{"type":"MultiPolygon","coordinates":[[[[-0.04253416022105323,36.562997450588036],[-0.03507240140047694,36.57600983527738],[-0.03333741677523067,36.57501493410131],[-0.040799175595806966,36.562002549411964],[-0.04253416022105323,36.562997450588036]]],[[[-0.03171765614766171,36.579849846252465],[-0.036807386025723206,36.57700473645346],[-0.03160243214998441,36.57402003292523],[-0.03171765614766171,36.579849846252465]]]]},"properties":{"speed":0.2218,"dir_deg":29.8,"type":"متوسط"}},{"type":"Feature","geometry":{"type":"MultiPolygon","coordinates":[[[[-0.0008866616609337103,36.56296241874857],[0.006049619567636228,36.57626234366258],[0.007822942889503649,36.57533750616544],[0.0008866616609337103,36.56203758125143],[-0.0008866616609337103,36.56296241874857]]],[[[0.009248374971426583,36.58023323321867],[0.004276296245768807,36.57718718115972],[0.009596266211371069,36.574412668668295],[0.009248374971426583,36.58023323321867]]]]},"properties":{"speed":0.2201,"dir_deg":27.5,"type":"متوسط"}},{"type":"Feature","geometry":{"type":"MultiPolygon","coordinates":[[[[0.04077337092775189,36.562949466911256],[0.04751537459654497,36.57634892162143],[0.049301968557901386,36.57544998779892],[0.04255996488910831,36.562050533088744],[0.04077337092775189,36.562949466911256]]],[[[0.050656006133487544,36.580365939613564],[0.04572878063518856,36.577247855443936],[0.0510885625192578,36.574551053976414],[0.050656006133487544,36.580365939613564]]]]},"properties":{"speed":0.2189,"dir_deg":26.7,"type":"متوسط"}},{"type":"Feature","geometry":{"type":"MultiPolygon","coordinates":[[[[0.08244261495153642,36.56295455070133],[0.08926087547144121,36.57631536368118],[0.09104231720208877,36.57540626227853],[0.08422405668218398,36.56204544929867],[0.08244261495153642,36.56295455070133]]],[[[0.09242434984339992,36.580314417306475],[0.08747943374079364,36.57722446508384],[0.09282375893273634,36.57449716087587],[0.09242434984339992,36.580314417306475]]]]},"properties":{"speed":0.2153,"dir_deg":27.0,"type":"متوسط"}},{"type":"Feature","geometry":{"type":"MultiPolygon","coordinates":[[[[0.12412881779756345,36.56299095984577],[0.13149321548410284,36.57605869288232],[0.1332355798889759,36.57507677319078],[0.12587118220243654,36.56200904015423],[0.12412881779756345,36.56299095984577]]],[[[0.13481919691538585,36.57992364404873],[0.12975085107922973,36.57704061257386],[0.13497794429384902,36.57409485349924],[0.13481919691538585,36.57992364404873]]]]},"properties":{"speed":0.1935,"dir_deg":29.4,"type":"متوسط"}},{"type":"Feature","geometry":{"type":"MultiPolygon","coordinates":[[[[0.16580658742592977,36.56301015209057],[0.17345886878442454,36.57591141520743],[0.1751790372000058,36.57489111102629],[0.16752675584151103,36.56198984790943],[0.16580658742592977,36.56301015209057]]],[[[0.17686971344504673,36.579701684155815],[0.1717387003688433,36.57693171938856],[0.17689920561558703,36.57387080684516],[0.17686971344504673,36.579701684155815]]]]},"properties":{"speed":0.1555,"dir_deg":30.7,"type":"ضعيف"}},{"type":"Feature","geometry":{"type":"MultiPolygon","coordinates":[[[[0.2074805615640566,36.56302229185426],[0.21531493937795604,36.575813793887605],[0.21702047298240207,36.574769210179085],[0.20918609516850262,36.56197770814574],[0.2074805615640566,36.56302229185426]]],[[[0.21877916545147888,36.57955533604446],[0.21360940577350998,36.576858377596125],[0.21872600658684813,36.573724626470565],[0.21877916545147888,36.57955533604446]]]]},"properties":{"speed":0.1148,"dir_deg":31.5,"type":"ضعيف"}},{"type":"Feature","geometry":{"type":"MultiPolygon","coordinates":[[[[0.24922164749050738,36.56312782750096],[0.2586390600049652,36.574803115143354],[0.26019576502395053,36.57354746014143],[0.25077835250949265,36.56187217249904],[0.24922164749050738,36.56312782750096]]],[[[0.26255655001927714,36.57806705018985],[0.25708235498598,36.57605877014528],[0.2617524700429358,36.5722918051395],[0.26255655001927714,36.57806705018985]]]]},"properties":{"speed":0.0783,"dir_deg":38.9,"type":"ضعيف"}},{"type":"Feature","geometry":{"type":"MultiPolygon","coordinates":[[[[0.29110169950122233,36.56332512018928],[0.3034785023404471,36.57179947865934],[0.30460841680312084,36.57014923828077],[0.2922316139638961,36.56167487981072],[0.29110169950122233,36.56332512018928]]],[[[0.3081690605181922,36.57379914462674],[0.30234858787777336,36.573449719037896],[0.3057383312657946,36.56849899790221],[0.3081690605181922,36.57379914462674]]]]},"properties":{"speed":0.0581,"dir_deg":55.6,"type":"ضعيف"}},{"type":"Feature","geometry":{"type":"MultiPolygon","coordinates":[[[[0.3329310871504816,36.56341552717948],[0.3466639948427002,36.56944936893387],[0.34746850707661864,36.56761831457491],[0.3337355993844,36.56158447282052],[0.3329310871504816,36.56341552717948]]],[[[0.3516438868570656,36.57054512233918],[0.34585948260878174,36.57128042329283],[0.3482730193105371,36.56578726021594],[0.3516438868570656,36.57054512233918]]]]},"properties":{"speed":0.0642,"dir_deg":66.3,"type":"ضعيف"}},{"type":"Feature","geometry":{"type":"MultiPolygon","coordinates":[[[[0.37457143731675363,36.563403512051124],[0.38812411808363323,36.56983195229982],[0.38898124345012597,36.56802492819757],[0.37542856268324637,36.561596487948876],[0.37457143731675363,36.563403512051124]]],[[[0.3930702410225061,36.571071253664925],[0.38726699271714043,36.57163897640207],[0.38983836881661876,36.566217904095325],[0.3930702410225061,36.571071253664925]]]]},"properties":{"speed":0.0896,"dir_deg":64.6,"type":"ضعيف"}},{"type":"Feature","geometry":{"type":"MultiPolygon","coordinates":[[[[0.41625837853334097,36.56341285755298],[0.42995124182812716,36.569537030541255],[0.43076779822656364,36.56771131543529],[0.41707493493177744,36.56158714244702],[0.41625837853334097,36.56341285755298]]],[[[0.43492380779227413,36.57066556398436],[0.42913468542969074,36.57136274564723],[0.43158435462500006,36.56588560032932],[0.43492380779227413,36.57066556398436]]]]},"properties":{"speed":0.1291,"dir_deg":65.9,"type":"ضعيف"}},{"type":"Feature","geometry":{"type":"MultiPolygon","coordinates":[[[[0.4579927926717003,36.563440226191794],[0.472096185548653,36.5685484851279],[0.47277728674013403,36.56666803274431],[0.4586738938631813,36.561559773808206],[0.4579927926717003,36.563440226191794]]],[[[0.47713786710337774,36.56931101191481],[0.47141508435717205,36.570428937511494],[0.473458387931615,36.564787580360715],[0.47713786710337774,36.56931101191481]]]]},"properties":{"speed":0.1628,"dir_deg":70.1,"type":"ضعيف"}},{"type":"Feature","geometry":{"type":"MultiPolygon","coordinates":[[[[0.4995866668556516,36.56341057987666],[0.5132453650055925,36.569610577041885],[0.5140720312942891,36.567789417288566],[0.5004133331443483,36.56158942012334],[0.4995866668556516,36.56341057987666]]],[[[0.5182115975332545,36.57076666288697],[0.5124186987168957,36.57143173679521],[0.5148986975829859,36.56596825753524],[0.5182115975332545,36.57076666288697]]]]},"properties":{"speed":0.1918,"dir_deg":65.6,"type":"متوسط"}},{"type":"Feature","geometry":{"type":"MultiPolygon","coordinates":[[[[0.5411989120330514,36.56338384784632],[0.5544566297277921,36.57040046537377],[0.5553921787314525,36.56863276968114],[0.5421344610367118,36.56161615215368],[0.5411989120330514,36.56338384784632]]],[[[0.5593436434612025,36.571855490036604],[0.5535210807241318,36.5721681610664],[0.5563277277351129,36.56686507398851],[0.5593436434612025,36.571855490036604]]]]},"properties":{"speed":0.229,"dir_deg":62.1,"type":"متوسط"}},{"type":"Feature","geometry":{"type":"MultiPolygon","coordinates":[[[[0.5828319468069025,36.563365234924184],[0.5958104706696781,36.57088573479742],[0.5968132039861098,36.56915526494905],[0.5838346801233343,36.561634765075816],[0.5828319468069025,36.563365234924184]]],[[[0.600638011948819,36.57252733316432],[0.5948077373532464,36.57261620464579],[0.5978159373025415,36.567424795100685],[0.600638011948819,36.57252733316432]]]]},"properties":{"speed":0.2757,"dir_deg":59.9,"type":"متوسط"}},{"type":"Feature","geometry":{"type":"MultiPolygon","coordinates":[[[[0.6244134165316693,36.5633098887792],[0.6365617482197345,36.57210864080416],[0.637734915156396,36.57048886324576],[0.6255865834683307,36.5616901112208],[0.6244134165316693,36.5633098887792]]],[[[0.6411977755840871,36.57423166936661],[0.6353885812830732,36.57372841836257],[0.6389080820930574,36.568869085687346],[0.6411977755840871,36.57423166936661]]]]},"properties":{"speed":0.3493,"dir_deg":54.1,"type":"متوسط"}},{"type":"Feature","geometry":{"type":"MultiPolygon","coordinates":[[[[0.6660455663447,36.563283715324175],[0.6778012962073444,36.5726005181769],[0.6790435365877076,36.57103308752855],[0.6672878067250632,36.561716284675825],[0.6660455663447,36.563283715324175]]],[[[0.6823409930184074,36.57492240380363],[0.6765590558269812,36.57416794882525],[0.6802857769680708,36.5694656568802],[0.6823409930184074,36.57492240380363]]]]},"properties":{"speed":0.4383,"dir_deg":51.6,"type":"قوي"}},{"type":"Feature","geometry":{"type":"MultiPolygon","coordinates":[[[[0.7077581012437447,36.56331800421783],[0.7200281645111454,36.57194618753843],[0.7211785889538928,36.570310179102776],[0.7089085256864921,36.56168199578217],[0.7077581012437447,36.56331800421783]]],[[[0.7246933978216527,36.57400424442748],[0.7188777400683979,36.57358219597408],[0.7223290133966402,36.56867417066712],[0.7246933978216527,36.57400424442748]]]]},"properties":{"speed":0.4883,"dir_deg":54.9,"type":"قوي"}},{"type":"Feature","geometry":{"type":"MultiPolygon","coordinates":[[[[0.7494865397707188,36.56335811339166],[0.7623582406456206,36.57106001683088],[0.7633851611041831,36.56934379004756],[0.7505134602292812,36.56164188660834],[0.7494865397707188,36.56335811339166]]],[[[0.7671622678332025,36.572769204585626],[0.7613313201870581,36.5727762436142],[0.7644120815627456,36.56762756326424],[0.7671622678332025,36.572769204585626]]]]},"properties":{"speed":0.4778,"dir_deg":59.1,"type":"قوي"}},{"type":"Feature","geometry":{"type":"MultiPolygon","coordinates":[[[[0.7911543317115499,36.56335877385557],[0.804035939545084,36.57104409620555],[0.8050606491917474,36.56932654849441],[0.7921790413582133,36.56164122614443],[0.7911543317115499,36.56335877385557]]],[[[0.8088421636462604,36.572747096466635],[0.8030112298984206,36.572761643916685],[0.8060853588384108,36.56760900078327],[0.8088421636462604,36.572747096466635]]]]},"properties":{"speed":0.4333,"dir_deg":59.2,"type":"قوي"}},{"type":"Feature","geometry":{"type":"MultiPolygon","coordinates":[[[[0.8327957091897261,36.563343197274115],[0.8454436683014953,36.571407261405],[0.8465188768522799,36.56972086685677],[0.8338709177405107,36.561656802725885],[0.8327957091897261,36.563343197274115]]],[[[0.8501972589474773,36.573252085507846],[0.8443684597507107,36.57309365595324],[0.8475940854030645,36.56803447230853],[0.8501972589474773,36.573252085507846]]]]},"properties":{"speed":0.3826,"dir_deg":57.5,"type":"قوي"}},{"type":"Feature","geometry":{"type":"MultiPolygon","coordinates":[[[[0.8744909720533738,36.563360749992476],[0.8874022219405665,36.57099616919187],[0.8884202778338189,36.56927466920692],[0.8755090279466262,36.561639250007524],[0.8744909720533738,36.563360749992476]]],[[[0.8922149998495903,36.572680558932525],[0.8863841660473141,36.57271766917683],[0.8894383337270714,36.56755316922196],[0.8922149998495903,36.572680558932525]]]]},"properties":{"speed":0.3268,"dir_deg":59.4,"type":"متوسط"}},{"type":"Feature","geometry":{"type":"MultiPolygon","coordinates":[[[[0.9161933345702676,36.56338087338341],[0.9294064353213826,36.57048115285262],[0.9303531392506105,36.568719406085805],[0.9171400384994955,36.56161912661659],[0.9161933345702676,36.56338087338341]]],[[[0.9342841542030349,36.57196703929228],[0.9284597313921545,36.57224289961944],[0.9312998431798385,36.56695765931899],[0.9342841542030349,36.57196703929228]]]]},"properties":{"speed":0.2732,"dir_deg":61.7,"type":"متوسط"}},{"type":"Feature","geometry":{"type":"MultiPolygon","coordinates":[[[[0.9578767088583591,36.56338966973259],[0.9712217548472036,36.57023873883398],[0.9721349640607223,36.568459399368805],[0.9587899180718777,36.56161033026741],[0.9578767088583591,36.56338966973259]]],[[[0.9761267081169112,36.57163209213519],[0.9703085456336848,36.57201807829916],[0.9730481732742411,36.566680059903625],[0.9761267081169112,36.57163209213519]]]]},"properties":{"speed":0.2259,"dir_deg":62.8,"type":"متوسط"}},{"type":"Feature","geometry":{"type":"MultiPolygon","coordinates":[[[[0.9995961315025669,36.56341481705099],[1.0133183872674087,36.56947284451249],[1.0141261242622752,36.56764321041051],[1.0004038684974332,36.56158518294901],[0.9995961315025669,36.56341481705099]]],[[[1.0182963410197894,36.570577369948666],[1.0125106502725425,36.57130247861447],[1.0149338612571415,36.56581357630853],[1.0182963410197894,36.570577369948666]]]]},"properties":{"speed":0.1777,"dir_deg":66.2,"type":"ضعيف"}},{"type":"Feature","geometry":{"type":"MultiPolygon","coordinates":[[[[-0.41653936211859127,36.60515980318354],[-0.40166138785183303,36.60325038397402],[-0.4019159770797689,36.601266654071786],[-0.41679395134652714,36.603176073281304],[-0.41653936211859127,36.60515980318354]]],[[[-0.3968293577102149,36.601622045953064],[-0.40140679862389717,36.60523411387626],[-0.40217056630770476,36.59928292416955],[-0.3968293577102149,36.601622045953064]]]]},"properties":{"speed":0.1666,"dir_deg":97.3,"type":"ضعيف"}},{"type":"Feature","geometry":{"type":"MultiPolygon","coordinates":[[[[-0.37508246481858,36.605164532208775],[-0.36013355517333395,36.60640150448747],[-0.359968625536174,36.604408316534766],[-0.37491753518142,36.60317134425607],[-0.37508246481858,36.605164532208775]]],[[[-0.3550681204730053,36.60581723460402],[-0.36029848481049387,36.60839469244017],[-0.35980369589901406,36.60241512858207],[-0.3550681204730053,36.60581723460402]]]]},"properties":{"speed":0.1753,"dir_deg":85.3,"type":"ضعيف"}},{"type":"Feature","geometry":{"type":"MultiPolygon","coordinates":[[[[-0.3336358945080782,36.60512107135365],[-0.31933889768960355,36.60965933996321],[-0.3187337952083288,36.60775307372075],[-0.3330307920268034,36.60321480511119],[-0.3336358945080782,36.60512107135365]]],[[[-0.31427068084280796,36.61021896304517],[-0.3199440001708784,36.61156560620567],[-0.31812869272705396,36.60584680747829],[-0.31427068084280796,36.61021896304517]]]]},"properties":{"speed":0.1845,"dir_deg":72.4,"type":"متوسط"}},{"type":"Feature","geometry":{"type":"MultiPolygon","coordinates":[[[[-0.2921449868315592,36.60504611834857],[-0.27897228508939964,36.612221069833566],[-0.27801562489139964,36.610464709601274],[-0.2911883266335592,36.603289758116276],[-0.2921449868315592,36.60504611834857]]],[[[-0.2741030544096798,36.61373454021242],[-0.2799289452873997,36.61397743006585],[-0.2770589646933996,36.60870834936899],[-0.2741030544096798,36.61373454021242]]]]},"properties":{"speed":0.1948,"dir_deg":61.4,"type":"متوسط"}},{"type":"Feature","geometry":{"type":"MultiPolygon","coordinates":[[[[-0.2506136883149536,36.604957486617316],[-0.2387704625415373,36.61416281134162],[-0.23754308591163006,36.612583714571834],[-0.24938631168504638,36.60337838984753],[-0.2506136883149536,36.604957486617316]]],[[[-0.23420903230211157,36.616441704531496],[-0.23999783917144454,36.61574190811141],[-0.23631570928172282,36.611004617802045],[-0.23420903230211157,36.616441704531496]]]]},"properties":{"speed":0.2012,"dir_deg":52.1,"type":"متوسط"}},{"type":"Feature","geometry":{"type":"MultiPolygon","coordinates":[[[[-0.2090737852528606,36.60484004209278],[-0.19899222734741656,36.615946895391495],[-0.19751131357425455,36.614602687670775],[-0.2075928714796986,36.60349583437206],[-0.2090737852528606,36.60484004209278]]],[[[-0.19489125115902087,36.61897707596404],[-0.20047314112057857,36.61729110311222],[-0.19603039980109255,36.61325847995005],[-0.19489125115902087,36.61897707596404]]]]},"properties":{"speed":0.2112,"dir_deg":42.2,"type":"متوسط"}},{"type":"Feature","geometry":{"type":"MultiPolygon","coordinates":[[[[-0.1674972594980712,36.604724825832925],[-0.15914394549053718,36.617183643798185],[-0.15748276976183556,36.61606986859718],[-0.1658360837693696,36.60361105063192],[-0.1674972594980712,36.604724825832925]]],[[[-0.15552891962367504,36.62077969551944],[-0.16080512121923876,36.61829741899919],[-0.15582159403313398,36.614956093396174],[-0.15552891962367504,36.62077969551944]]]]},"properties":{"speed":0.2294,"dir_deg":33.8,"type":"متوسط"}},{"type":"Feature","geometry":{"type":"MultiPolygon","coordinates":[[[[-0.12587598746998552,36.60465027209234],[-0.11864097957113844,36.61779008414213],[-0.11688900463116737,36.61682541642229],[-0.12412401253001447,36.6036856043725],[-0.12587598746998552,36.60465027209234]]],[[[-0.1153533228015372,36.62168768763213],[-0.12039295451110948,36.61875475186198],[-0.11513702969119632,36.61586074870244],[-0.1153533228015372,36.62168768763213]]]]},"properties":{"speed":0.2466,"dir_deg":28.8,"type":"متوسط"}},{"type":"Feature","geometry":{"type":"MultiPolygon","coordinates":[[[[-0.08423827951383484,36.604593469553606],[-0.07785530969612273,36.618167625008226],[-0.07604542230217345,36.61731656236586],[-0.08242839211988556,36.60374240691124],[-0.08423827951383484,36.604593469553606]]],[[[-0.07482270939324405,36.622266812171915],[-0.07966519709007198,36.61901868765059],[-0.0742355349082242,36.616465499723496],[-0.07482270939324405,36.622266812171915]]]]},"properties":{"speed":0.2529,"dir_deg":25.2,"type":"متوسط"}},{"type":"Feature","geometry":{"type":"MultiPolygon","coordinates":[[[[-0.04259597997790635,36.6045372336122],[-0.03705654928122852,36.618476914654345],[-0.035197925142276015,36.61773832389479],[-0.04073735583895385,36.603798642852645],[-0.04259597997790635,36.6045372336122]]],[[[-0.034280760312859655,36.62275417962195],[-0.038915173420181026,36.619215505413905],[-0.03333930100332351,36.61699973313523],[-0.034280760312859655,36.62275417962195]]]]},"properties":{"speed":0.2463,"dir_deg":21.7,"type":"متوسط"}},{"type":"Feature","geometry":{"type":"MultiPolygon","coordinates":[[[[-0.0009410522429769536,36.604506199486465],[0.004132866567696909,36.61862198313112],[0.006014971053650817,36.617945460623034],[0.0009410522429769536,36.60382967697838],[-0.0009410522429769536,36.604506199486465]]],[[[0.006765225080898485,36.62298898309196],[0.0022507620817430025,36.619298505639215],[0.007897075539604724,36.61726893811494],[0.006765225080898485,36.62298898309196]]]]},"properties":{"speed":0.238,"dir_deg":19.8,"type":"متوسط"}},{"type":"Feature","geometry":{"type":"MultiPolygon","coordinates":[[[[0.04073290597554647,36.604525832983285],[0.04610132723853628,36.61853226197654],[0.04796885110430354,36.617816472474814],[0.04260042984131373,36.60381004348156],[0.04073290597554647,36.604525832983285]]],[[[0.04882456292574985,36.62284317689009],[0.04423380337276902,36.61924805147827],[0.0498363749700708,36.61710068297308],[0.04882456292574985,36.62284317689009]]]]},"properties":{"speed":0.2288,"dir_deg":21.0,"type":"متوسط"}},{"type":"Feature","geometry":{"type":"MultiPolygon","coordinates":[[[[0.08242477878718087,36.60458569907767],[0.08869119146586377,36.61821405452286],[0.09050830552522243,36.61737853283237],[0.08424189284653953,36.60375017738718],[0.08242477878718087,36.60458569907767]]],[[[0.09168855272177073,36.62233907882601],[0.08687407740650509,36.61904957621335],[0.09232541958458111,36.61654301114188],[0.09168855272177073,36.62233907882601]]]]},"properties":{"speed":0.2108,"dir_deg":24.7,"type":"متوسط"}},{"type":"Feature","geometry":{"type":"MultiPolygon","coordinates":[[[[0.12412341075376408,36.60464917756309],[0.13134200071381166,36.61779801625663],[0.13309517920628347,36.61683553759529],[0.1258765892462359,36.603686698901754],[0.12412341075376408,36.60464917756309]]],[[[0.13462478661339675,36.62169972315714],[0.12958882222133983,36.61876049491797],[0.1348483576987553,36.61587305893395],[0.13462478661339675,36.62169972315714]]]]},"properties":{"speed":0.179,"dir_deg":28.8,"type":"متوسط"}},{"type":"Feature","geometry":{"type":"MultiPolygon","coordinates":[[[[0.16581487560499053,36.60469181181015],[0.17367297927088876,36.617468752241095],[0.1753765713283485,36.61642100508564],[0.16751846766245027,36.603644064654695],[0.16581487560499053,36.60469181181015]]],[[[0.1771441431882514,36.62120385880702],[0.171969387213429,36.61851649939655],[0.17708016338580826,36.61537325793019],[0.1771441431882514,36.62120385880702]]]]},"properties":{"speed":0.134,"dir_deg":31.6,"type":"ضعيف"}},{"type":"Feature","geometry":{"type":"MultiPolygon","coordinates":[[[[0.20753354375023153,36.604768225303694],[0.2165378498192682,36.61676499454442],[0.21813741905136436,36.615564420401874],[0.20913311298232767,36.60356765116115],[0.20753354375023153,36.604768225303694]]],[[[0.22033906979166187,36.620163630553385],[0.2149382805871721,36.617965568686955],[0.21973698828346047,36.61436384625934],[0.22033906979166187,36.620163630553385]]]]},"properties":{"speed":0.0868,"dir_deg":36.9,"type":"ضعيف"}},{"type":"Feature","geometry":{"type":"MultiPolygon","coordinates":[[[[0.24950024846589242,36.60503410704054],[0.26249278058766723,36.61253038005215],[0.2634922836558824,36.61079804243592],[0.2504997515341076,36.603301769424306],[0.24950024846589242,36.60503410704054]]],[[[0.26732337616236646,36.61416296891457],[0.26149327751945206,36.61426271766839],[0.26449178672409757,36.60906570481968],[0.26732337616236646,36.61416296891457]]]]},"properties":{"speed":0.052,"dir_deg":60.0,"type":"ضعيف"}},{"type":"Feature","geometry":{"type":"MultiPolygon","coordinates":[[[[0.2916829864404782,36.60516780489385],[0.306680986361929,36.60492285927507],[0.306648326946091,36.60292312595221],[0.2916503270246402,36.60316807157099],[0.2916829864404782,36.60516780489385]]],[[[0.3116639899611603,36.60384134407404],[0.3067136457777669,36.60692259259793],[0.3066156675302531,36.60092339262935],[0.3116639899611603,36.60384134407404]]]]},"properties":{"speed":0.0478,"dir_deg":90.9,"type":"ضعيف"}},{"type":"Feature","geometry":{"type":"MultiPolygon","coordinates":[[[[0.33328554060208365,36.60516679503156],[0.34826839258915776,36.605883835011916],[0.34836399791987205,36.603886121413645],[0.33338114593279794,36.603169081433286],[0.33328554060208365,36.60516679503156]]],[[[0.35331047925020626,36.605123991539564],[0.34817278725844353,36.607881548610194],[0.3484596032505863,36.601888407815366],[0.35331047925020626,36.605123991539564]]]]},"properties":{"speed":0.0622,"dir_deg":87.3,"type":"ضعيف"}},{"type":"Feature","geometry":{"type":"MultiPolygon","coordinates":[[[[0.3746605015387151,36.60510854484243],[0.38876960068879096,36.6102010217617],[0.38944859761136075,36.60831980854169],[0.3753394984612849,36.60322733162241],[0.3746605015387151,36.60510854484243]]],[[[0.39381213220010114,36.61095790745812],[0.38809060376622123,36.61208223498171],[0.3901275945339305,36.60643859532168],[0.39381213220010114,36.61095790745812]]]]},"properties":{"speed":0.098,"dir_deg":70.2,"type":"ضعيف"}},{"type":"Feature","geometry":{"type":"MultiPolygon","coordinates":[[[[0.4163108958292243,36.605102515238165],[0.4303295509153276,36.61043892878819],[0.4310410727219974,36.608569774776704],[0.4170224176358941,36.60323336122668],[0.4163108958292243,36.605102515238165]]],[[[0.4353581968473636,36.611283156299116],[0.4296180291086579,36.61230808279967],[0.4317525945286671,36.606700620765224],[0.4353581968473636,36.611283156299116]]]]},"properties":{"speed":0.1446,"dir_deg":69.2,"type":"ضعيف"}},{"type":"Feature","geometry":{"type":"MultiPolygon","coordinates":[[[[0.45803594137497666,36.60512269061621],[0.4723572271318743,36.609583719003176],[0.47295203091680255,36.607674214235594],[0.45863074515990493,36.60321318584863],[0.45803594137497666,36.60512269061621]]],[[[0.4774283909433043,36.6101159760817],[0.471762423346946,36.611493223770765],[0.4735468347017308,36.605764709468005],[0.4774283909433043,36.6101159760817]]]]},"properties":{"speed":0.1699,"dir_deg":72.7,"type":"ضعيف"}},{"type":"Feature","geometry":{"type":"MultiPolygon","coordinates":[[[[0.4996436090834854,36.605102275170914],[0.5136586631608273,36.610448138918635],[0.5143714449938566,36.60857946504165],[0.5003563909165146,36.60323360129393],[0.4996436090834854,36.605102275170914]]],[[[0.5186867387697892,36.61129575656271],[0.5129458813277981,36.61231681279561],[0.5150842268268858,36.60671079116467],[0.5186867387697892,36.61129575656271]]]]},"properties":{"speed":0.1866,"dir_deg":69.1,"type":"متوسط"}},{"type":"Feature","geometry":{"type":"MultiPolygon","coordinates":[[[[0.5413394490250689,36.605112880353495],[0.5555135808411139,36.61002144300068],[0.5561680558607393,36.60813155875854],[0.5419939240446943,36.60322299611135],[0.5413394490250689,36.605112880353495]]],[[[0.5605655289562749,36.61071268842868],[0.5548591058214887,36.61191132724282],[0.5568225308803645,36.6062416745164],[0.5605655289562749,36.61071268842868]]]]},"properties":{"speed":0.2034,"dir_deg":70.9,"type":"متوسط"}},{"type":"Feature","geometry":{"type":"MultiPolygon","coordinates":[[[[0.5830358658722846,36.605122676379516],[0.5973569380787019,36.60958439027202],[0.5979518332643695,36.60767491397783],[0.5836307610579522,36.60321320008533],[0.5830358658722846,36.605122676379516]]],[[[0.6024280764070081,36.610116890089095],[0.5967620428930345,36.61149386656621],[0.598546728450037,36.605765437683644],[0.6024280764070081,36.610116890089095]]]]},"properties":{"speed":0.2089,"dir_deg":72.7,"type":"متوسط"}},{"type":"Feature","geometry":{"type":"MultiPolygon","coordinates":[[[[0.6245274370032732,36.60504923512571],[0.6377468904026402,36.612137680076614],[0.6386920163960939,36.610375086290034],[0.6254725629967268,36.60328664133913],[0.6245274370032732,36.60504923512571]]],[[[0.6426259378658228,36.61361919816696],[0.6368017644091867,36.613900273863194],[0.6396371423895474,36.608612492503454],[0.6426259378658228,36.61361919816696]]]]},"properties":{"speed":0.2411,"dir_deg":61.8,"type":"متوسط"}},{"type":"Feature","geometry":{"type":"MultiPolygon","coordinates":[[[[0.6661019144380178,36.6049931851522],[0.678480618234697,36.61346476660516],[0.6796101624284245,36.6118142727656],[0.6672314586317454,36.60334269131264],[0.6661019144380178,36.6049931851522]]],[[[0.6831716249304538,36.6154633801697],[0.6773510740409694,36.61511526044472],[0.6807397066221521,36.610163778926044],[0.6831716249304538,36.6154633801697]]]]},"properties":{"speed":0.3218,"dir_deg":55.6,"type":"متوسط"}},{"type":"Feature","geometry":{"type":"MultiPolygon","coordinates":[[[[0.7078064730538215,36.6050179024558],[0.720555936404509,36.61292050862525],[0.7216096172271028,36.6112205801785],[0.7088601538764153,36.603317974009045],[0.7078064730538215,36.6050179024558]]],[[[0.7253325979327018,36.61470474645836],[0.7195022555819153,36.61462043707201],[0.7226632980496965,36.609520651731735],[0.7253325979327018,36.61470474645836]]]]},"properties":{"speed":0.3967,"dir_deg":58.2,"type":"قوي"}},{"type":"Feature","geometry":{"type":"MultiPolygon","coordinates":[[[[0.749526000565978,36.605048463380584],[0.7627338777884174,36.61215845489092],[0.7636818766564615,36.61039740459459],[0.750473999434022,36.60328741308426],[0.749526000565978,36.605048463380584]]],[[[0.7676105029632526,36.61364792691286],[0.7617858789203734,36.61391950518724],[0.7646298755245055,36.60863635429827],[0.7676105029632526,36.61364792691286]]]]},"properties":{"speed":0.4341,"dir_deg":61.7,"type":"قوي"}},{"type":"Feature","geometry":{"type":"MultiPolygon","coordinates":[[[[0.791219102362684,36.60506218003909],[0.8046327294627488,36.61177594262205],[0.805527897807144,36.609987459008714],[0.7921142707070792,36.60327369642575],[0.791219102362684,36.60506218003909]]],[[[0.8095515226683012,36.613119621676375],[0.8037375611183536,36.6135644262354],[0.8064230661515391,36.60819897539537],[0.8095515226683012,36.613119621676375]]]]},"properties":{"speed":0.4413,"dir_deg":63.4,"type":"قوي"}},{"type":"Feature","geometry":{"type":"MultiPolygon","coordinates":[[[[0.8328989326224399,36.60506866753888],[0.8464098722193226,36.61158438017906],[0.8472786339046797,36.60978292156614],[0.833767694307797,36.60326720892596],[0.8328989326224399,36.60506866753888]]],[[[0.8513478995942955,36.61285555508599],[0.8455411105339654,36.61338583879198],[0.8481473955900369,36.60798146295323],[0.8513478995942955,36.61285555508599]]]]},"properties":{"speed":0.4359,"dir_deg":64.3,"type":"قوي"}},{"type":"Feature","geometry":{"type":"MultiPolygon","coordinates":[[[[0.8746136547229357,36.605090292463125],[0.8884489681834352,36.61088547161909],[0.8892216587375638,36.60904076315769],[0.8753863452770643,36.60324558400172],[0.8746136547229357,36.605090292463125]]],[[[0.8934470846139994,36.611894843773705],[0.8876762776293067,36.61273018008049],[0.8899943492916923,36.60719605469629],[0.8934470846139994,36.611894843773705]]]]},"properties":{"speed":0.4217,"dir_deg":67.3,"type":"قوي"}},{"type":"Feature","geometry":{"type":"MultiPolygon","coordinates":[[[[0.9163396632803827,36.605112954523825],[0.9305149076514269,36.610018303341306],[0.9311689541604246,36.6081282707585],[0.9169937097893804,36.60322292194102],[0.9163396632803827,36.605112954523825]]],[[[0.9355670123629404,36.6107084033224],[0.929860861142429,36.61190833592411],[0.9318230006694224,36.60623823817569],[0.9355670123629404,36.6107084033224]]]]},"properties":{"speed":0.4081,"dir_deg":70.9,"type":"قوي"}},{"type":"Feature","geometry":{"type":"MultiPolygon","coordinates":[[[[0.9580535473380858,36.60512800641446],[0.9724545700686823,36.60932449831995],[0.9730141023227475,36.60740436195587],[0.958613079592151,36.60320787005038],[0.9580535473380858,36.60512800641446]]],[[[0.9775346771059138,36.60976326077307],[0.971895037814617,36.61124463468403],[0.9735736345768129,36.605484225591795],[0.9775346771059138,36.60976326077307]]]]},"properties":{"speed":0.3987,"dir_deg":73.8,"type":"قوي"}},{"type":"Feature","geometry":{"type":"MultiPolygon","coordinates":[[[[0.9997441724718489,36.60513466067234],[1.0142450090706114,36.60897207359461],[1.014756664126914,36.60703862871477],[1.0002558275281512,36.6032012157925],[0.9997441724718489,36.60513466067234]]],[[[1.0193344487983502,36.609284488795446],[1.0137333540143092,36.61090551847444],[1.0152683191832161,36.60510518383494],[1.0193344487983502,36.609284488795446]]]]},"properties":{"speed":0.3826,"dir_deg":75.2,"type":"قوي"}},{"type":"Feature","geometry":{"type":"MultiPolygon","coordinates":[[[[-0.41642092335803205,36.64680139922618],[-0.4018808614790445,36.64311539860827],[-0.4023723282280988,36.641176723691075],[-0.41691239010708636,36.64486272430898],[-0.41642092335803205,36.64680139922618]]],[[[-0.3972799075605758,36.64091739427703],[-0.4013893947299902,36.64505407352547],[-0.40286379497715313,36.639238048773876],[-0.3972799075605758,36.64091739427703]]]]},"properties":{"speed":0.1265,"dir_deg":104.2,"type":"ضعيف"}},{"type":"Feature","geometry":{"type":"MultiPolygon","coordinates":[[[[-0.37506314267429264,36.64683006627793],[-0.36009307501901083,36.64777720639232],[-0.35996678967042556,36.64578119737162],[-0.37493685732570736,36.64483405725723],[-0.37506314267429264,36.64683006627793]]],[[[-0.3550399097929576,36.64709491525343],[-0.36021936036759605,36.64977321541303],[-0.35984050432184034,36.64378518835091],[-0.3550399097929576,36.64709491525343]]]]},"properties":{"speed":0.1348,"dir_deg":86.4,"type":"ضعيف"}},{"type":"Feature","geometry":{"type":"MultiPolygon","coordinates":[[[[-0.33369596029573434,36.646764000011665],[-0.3197168866344327,36.65220325543607],[-0.3189916525778456,36.6503393789479],[-0.33297072623914725,36.64490012352349],[-0.33369596029573434,36.646764000011665]]],[[[-0.3146945783857053,36.65308440233345],[-0.32044212069101985,36.65406713192424],[-0.3182664185212585,36.648475502459725],[-0.3146945783857053,36.65308440233345]]]]},"properties":{"speed":0.1483,"dir_deg":68.7,"type":"ضعيف"}},{"type":"Feature","geometry":{"type":"MultiPolygon","coordinates":[[[[-0.29224717446664233,36.646646309371455],[-0.2800334604085284,36.655354075382704],[-0.27887242494036213,36.65372558017495],[-0.2910861389984761,36.6450178141637],[-0.29224717446664233,36.646646309371455]]],[[[-0.27538170465507394,36.65744241644924],[-0.28119449587669465,36.65698257059045],[-0.27771138947219587,36.6520970849672],[-0.27538170465507394,36.65744241644924]]]]},"properties":{"speed":0.165,"dir_deg":54.5,"type":"ضعيف"}},{"type":"Feature","geometry":{"type":"MultiPolygon","coordinates":[[[[-0.25073779371234195,36.64650708801746],[-0.24061239996412384,36.657573993702584],[-0.23913681253943994,36.656223941202825],[-0.24926220628765805,36.6451570355177],[-0.25073779371234195,36.64650708801746]]],[[[-0.23649947500237586,36.660587936014416],[-0.24208798738880774,36.65892404620235],[-0.23766122511475604,36.65487388870306],[-0.23649947500237586,36.660587936014416]]]]},"properties":{"speed":0.1809,"dir_deg":42.5,"type":"متوسط"}},{"type":"Feature","geometry":{"type":"MultiPolygon","coordinates":[[[[-0.2091873721212312,36.64635226294465],[-0.20138435446513553,36.65916291926893],[-0.19967626695523233,36.65812251691478],[-0.207479284611328,36.6453118605905],[-0.2091873721212312,36.64635226294465]]],[[[-0.19792930482481869,36.66291293686661],[-0.2030924419750387,36.66020332162307],[-0.19796817944532916,36.65708211456064],[-0.19792930482481869,36.66291293686661]]]]},"properties":{"speed":0.2078,"dir_deg":31.3,"type":"متوسط"}},{"type":"Feature","geometry":{"type":"MultiPolygon","coordinates":[[[[-0.16757958817214738,36.646240208057364],[-0.16145739382534968,36.65993395613377],[-0.15963156074849572,36.6591176635542],[-0.16575375509529341,36.64542391547779],[-0.16757958817214738,36.646240208057364]]],[[[-0.15850374583799015,36.66409039253612],[-0.16328322690220365,36.66075024871334],[-0.15780572767164175,36.65830137097463],[-0.15850374583799015,36.66409039253612]]]]},"properties":{"speed":0.2419,"dir_deg":24.1,"type":"متوسط"}},{"type":"Feature","geometry":{"type":"MultiPolygon","coordinates":[[[[-0.12594062324646463,36.64617151413273],[-0.12084883776911746,36.6602808628297],[-0.11896759127618818,36.659601958099394],[-0.12405937675353536,36.645492609402424],[-0.12594062324646463,36.64617151413273]]],[[[-0.11821095269687043,36.66464452669687],[-0.12273008426204673,36.660959767560016],[-0.11708634478325891,36.65892305336908],[-0.11821095269687043,36.66464452669687]]]]},"properties":{"speed":0.2641,"dir_deg":19.8,"type":"متوسط"}},{"type":"Feature","geometry":{"type":"MultiPolygon","coordinates":[[[[-0.08429241319542895,36.646115205868554],[-0.08004525168078358,36.66050136654709],[-0.07812709692364608,36.659935078345136],[-0.08237425843829145,36.6455489176666],[-0.08429241319542895,36.646115205868554]]],[[[-0.07767045379733303,36.665013609338956],[-0.08196340643792106,36.66106765474904],[-0.0762089421665086,36.65936879014318],[-0.07767045379733303,36.665013609338956]]]]},"properties":{"speed":0.2732,"dir_deg":16.4,"type":"متوسط"}},{"type":"Feature","geometry":{"type":"MultiPolygon","coordinates":[[[[-0.04263450295567368,36.646083647381886],[-0.038860718741045144,36.66060117309054],[-0.03692504864655799,36.660098001861925],[-0.04069883286118652,36.64558047615327],[-0.04263450295567368,36.646083647381886]]],[[[-0.03663495562225872,36.66518876271245],[-0.040796388835532306,36.661104344319156],[-0.03498937855207083,36.65959483063331],[-0.03663495562225872,36.66518876271245]]]]},"properties":{"speed":0.2696,"dir_deg":14.6,"type":"متوسط"}},{"type":"Feature","geometry":{"type":"MultiPolygon","coordinates":[[[[-0.0009637689417405663,36.64609880026674],[0.0030373085457195957,36.66055533439285],[0.004964846429200728,36.660021857394526],[0.0009637689417405663,36.645565323268414],[-0.0009637689417405663,36.64609880026674]]],[[[0.005334769983280216,36.66510744060239],[0.0011097706622384632,36.66108881139118],[0.006892384312681861,36.6594883803962],[0.005334769983280216,36.66510744060239]]]]},"properties":{"speed":0.2589,"dir_deg":15.5,"type":"متوسط"}},{"type":"Feature","geometry":{"type":"MultiPolygon","coordinates":[[[[0.04072181202761001,36.64615954820162],[0.04563410853819737,36.66033238641392],[0.04752382029983755,36.65967741354584],[0.04261152378925019,36.64550457533354],[0.04072181202761001,36.64615954820162]]],[[[0.04821639658921325,36.66472917938398],[0.04374439677655718,36.660987359282],[0.04941353206147774,36.65902244067777],[0.04821639658921325,36.66472917938398]]]]},"properties":{"speed":0.2386,"dir_deg":19.1,"type":"متوسط"}},{"type":"Feature","geometry":{"type":"MultiPolygon","coordinates":[[[[0.08241919335294377,36.64623745485542],[0.08850008967047616,36.65994959181416],[0.09032837459830902,36.659138805638484],[0.08424747828077662,36.64542666867974],[0.08241919335294377,36.64623745485542]]],[[[0.09144119757357005,36.66411491104591],[0.0866718047426433,36.66076037798983],[0.09215665952614188,36.658328019462814],[0.09144119757357005,36.66411491104591]]]]},"properties":{"speed":0.2047,"dir_deg":23.9,"type":"متوسط"}},{"type":"Feature","geometry":{"type":"MultiPolygon","coordinates":[[[[0.12412074867786115,36.64630841994428],[0.13126612132848914,36.65949718977637],[0.13302462397276682,36.65854447342296],[0.12587925132213884,36.64535570359087],[0.12412074867786115,36.64630841994428]]],[[[0.13452716353417066,36.66341708821035],[0.12950761868421143,36.660449906129784],[0.13478312661704453,36.65759175706954],[0.13452716353417066,36.66341708821035]]]]},"properties":{"speed":0.1641,"dir_deg":28.4,"type":"ضعيف"}},{"type":"Feature","geometry":{"type":"MultiPolygon","coordinates":[[[[0.16585616559436178,36.64641779204694],[0.17464211978481392,36.658575382637316],[0.17626313186353115,36.65740392207859],[0.16747717767307901,36.64524633148822],[0.16585616559436178,36.64641779204694]]],[[[0.17838127722098993,36.66204218255475],[0.1730211077060967,36.65974684319605],[0.17788414394224838,36.65623246151986],[0.17838127722098993,36.66204218255475]]]]},"properties":{"speed":0.1201,"dir_deg":35.9,"type":"ضعيف"}},{"type":"Feature","geometry":{"type":"MultiPolygon","coordinates":[[[[0.20776830663232754,36.64665713778842],[0.22014444694489688,36.6551324637977],[0.221274490412801,36.65348231175602],[0.20889835010023167,36.64500698574674],[0.20776830663232754,36.64665713778842]]],[[[0.22483484878303872,36.65713249644662],[0.21901440347699272,36.656782615839376],[0.22240453388070516,36.651832159714345],[0.22483484878303872,36.65713249644662]]]]},"properties":{"speed":0.0812,"dir_deg":55.6,"type":"ضعيف"}},{"type":"Feature","geometry":{"type":"MultiPolygon","coordinates":[[[[0.24998449783864043,36.64683194160185],[0.26498269535279084,36.647064474022244],[0.2650136996755099,36.645064714353694],[0.25001550216135954,36.6448321819333],[0.24998449783864043,36.64683194160185]]],[[[0.2699975966855338,36.646142104994766],[0.2649516910300717,36.6490642336908],[0.26504470399822905,36.64306495468514],[0.2699975966855338,36.646142104994766]]]]},"properties":{"speed":0.0691,"dir_deg":89.1,"type":"ضعيف"}},{"type":"Feature","geometry":{"type":"MultiPolygon","coordinates":[[[[0.2919326545326827,36.646796035403284],[0.3063922590682199,36.642806068401434],[0.3058602634679729,36.64087812113002],[0.2914006589324357,36.64486808813187],[0.2919326545326827,36.646796035403284]]],[[[0.31094612944660877,36.640512105765104],[0.3069242546684669,36.64473401567284],[0.3053282678677259,36.63895017385862],[0.31094612944660877,36.640512105765104]]]]},"properties":{"speed":0.0724,"dir_deg":105.4,"type":"ضعيف"}},{"type":"Feature","geometry":{"type":"MultiPolygon","coordinates":[[[[0.3335004945534762,36.64681799302663],[0.34828946343926265,36.6443107237361],[0.34795516086719186,36.64233886121799],[0.3331661919814054,36.644846130508526],[0.3335004945534762,36.64681799302663]]],[[[0.3530519684484894,36.64248903604687],[0.3486237660113335,36.6462825862542],[0.347620858295121,36.64036699869989],[0.3530519684484894,36.64248903604687]]]]},"properties":{"speed":0.0698,"dir_deg":99.6,"type":"ضعيف"}},{"type":"Feature","geometry":{"type":"MultiPolygon","coordinates":[[[[0.37477394914852064,36.64680617727025],[0.3893856816885971,36.65019694004244],[0.38983778339155584,36.6482487090371],[0.37522605085147936,36.644857946264906],[0.37477394914852064,36.64680617727025]]],[[[0.3944823100534353,36.65035307879717],[0.38893357998563843,36.652145171047785],[0.3902898850945145,36.646300478031755],[0.3944823100534353,36.65035307879717]]]]},"properties":{"speed":0.081,"dir_deg":76.9,"type":"ضعيف"}},{"type":"Feature","geometry":{"type":"MultiPolygon","coordinates":[[[[0.41633012621231824,36.646773734326885],[0.4304552146018798,36.6518216921305],[0.4311282756423617,36.64993834701188],[0.41700318725280017,36.64489038920827],[0.41633012621231824,36.646773734326885]]],[[[0.4355001079186413,36.6525626721724],[0.4297821535613979,36.653705037249104],[0.43180133668284365,36.648055001893276],[0.4355001079186413,36.6525626721724]]]]},"properties":{"speed":0.1104,"dir_deg":70.3,"type":"ضعيف"}},{"type":"Feature","geometry":{"type":"MultiPolygon","coordinates":[[[[0.457980437696163,36.646767720710656],[0.4720153218423269,36.652061304279826],[0.47272113298488255,36.65018998639367],[0.4586862488387186,36.6448964028245],[0.457980437696163,36.646767720710656]]],[[[0.47704652212899273,36.652890173193136],[0.47130951069977134,36.65393262216598],[0.47342694412743813,36.648318668507514],[0.47704652212899273,36.652890173193136]]]]},"properties":{"speed":0.129,"dir_deg":69.3,"type":"ضعيف"}},{"type":"Feature","geometry":{"type":"MultiPolygon","coordinates":[[[[0.4995901295023132,36.64674420549262],[0.5132722853778813,36.65289226295792],[0.5140920263732549,36.65106797550784],[0.5004098704976868,36.64491991804254],[0.4995901295023132,36.64674420549262]]],[[[0.5182428745007575,36.654029471721316],[0.5124525443825076,36.654716550408],[0.5149117673686285,36.649243688057766],[0.5182428745007575,36.654029471721316]]]]},"properties":{"speed":0.1547,"dir_deg":65.8,"type":"ضعيف"}},{"type":"Feature","geometry":{"type":"MultiPolygon","coordinates":[[[[0.5414062586045087,36.6467975550576],[0.5558886579548713,36.6507039740132],[0.556409513815617,36.64877298743315],[0.5419271144652544,36.64486656847755],[0.5414062586045087,36.6467975550576]]],[[[0.5609765523353649,36.651040620375035],[0.5553678020941255,36.65263496059325],[0.5569303696763628,36.6468420008531],[0.5609765523353649,36.651040620375035]]]]},"properties":{"speed":0.1691,"dir_deg":74.9,"type":"ضعيف"}},{"type":"Feature","geometry":{"type":"MultiPolygon","coordinates":[[[[0.5831839363954027,36.646820842072316],[0.5980156409665133,36.64906149811805],[0.5983143951059448,36.647083937508576],[0.5834826905348341,36.64484328146284],[0.5831839363954027,36.646820842072316]]],[[[0.6031089195599326,36.6488196031619],[0.5977168868270817,36.651039058727534],[0.5986131492453763,36.64510637689909],[0.6031089195599326,36.6488196031619]]]]},"properties":{"speed":0.1544,"dir_deg":81.4,"type":"ضعيف"}},{"type":"Feature","geometry":{"type":"MultiPolygon","coordinates":[[[[0.6246376158557302,36.6467640905933],[0.6386180482416014,36.65219985275735],[0.639342816530141,36.6503357951059],[0.6253623841442698,36.644900032941855],[0.6246376158557302,36.6467640905933]]],[[[0.6436405765144949,36.65307974465297],[0.6378932799530619,36.6540639104088],[0.6400675848186805,36.64847173745445],[0.6436405765144949,36.65307974465297]]]]},"properties":{"speed":0.1512,"dir_deg":68.8,"type":"ضعيف"}},{"type":"Feature","geometry":{"type":"MultiPolygon","coordinates":[[[[0.6661146912465518,36.64666590899679],[0.6786223996847065,36.65494583832174],[0.6797263902613662,36.65327814386332],[0.6672186818232114,36.64499821453837],[0.6661146912465518,36.64666590899679]]],[[[0.6833436311190879,36.65687196753417],[0.677518409108047,36.656613532780156],[0.6808303808380257,36.6516104494049],[0.6833436311190879,36.65687196753417]]]]},"properties":{"speed":0.2057,"dir_deg":56.5,"type":"متوسط"}},{"type":"Feature","geometry":{"type":"MultiPolygon","coordinates":[[[[0.7077881511825178,36.64667039230241],[0.7203631092049796,36.65484782654142],[0.7214534337701808,36.653171165471754],[0.708878475747719,36.644993731232745],[0.7077881511825178,36.64667039230241]]],[[[0.7250999241617341,36.65673530741959],[0.7192727846397783,36.65652448761108],[0.7225437583353821,36.651494504402095],[0.7250999241617341,36.65673530741959]]]]},"properties":{"speed":0.2796,"dir_deg":57.0,"type":"متوسط"}},{"type":"Feature","geometry":{"type":"MultiPolygon","coordinates":[[[[0.7494953313352747,36.64669537488508],[0.7624450280977473,36.654265404855956],[0.7634543654271979,36.65253877862096],[0.7505046686647253,36.64496874865008],[0.7494953313352747,36.64669537488508]]],[[[0.7672662623499634,36.65592543506208],[0.7614356907682968,36.65599203109095],[0.7644637027566484,36.65081215238596],[0.7672662623499634,36.65592543506208]]]]},"properties":{"speed":0.3455,"dir_deg":59.7,"type":"متوسط"}},{"type":"Feature","geometry":{"type":"MultiPolygon","coordinates":[[[[0.791193412550277,36.64671297705039],[0.8044071417924973,36.653812086819464],[0.8053536897617065,36.65205025625384],[0.7921399605194862,36.644951146484765],[0.791193412550277,36.64671297705039]]],[[[0.8092849921911754,36.65529754145967],[0.803460593823288,36.65557391738509],[0.8063002377309157,36.65028842568821],[0.8092849921911754,36.65529754145967]]]]},"properties":{"speed":0.3944,"dir_deg":61.8,"type":"قوي"}},{"type":"Feature","geometry":{"type":"MultiPolygon","coordinates":[[[[0.8328859922078546,36.6467264351196],[0.8463015924881252,36.653436253978555],[0.8471962350026527,36.65164750727452],[0.8337806347223822,36.64493768841556],[0.8328859922078546,36.6467264351196]]],[[[0.8512207805054791,36.65477848691285],[0.8454069499735977,36.65522500068259],[0.8480908775171803,36.64985876057048],[0.8512207805054791,36.65477848691285]]]]},"properties":{"speed":0.432,"dir_deg":63.4,"type":"قوي"}},{"type":"Feature","geometry":{"type":"MultiPolygon","coordinates":[[[[0.8746079854937578,36.64675202080302],[0.8884073710254232,36.652632238396656],[0.8891914000379075,36.65079232032577],[0.8753920145062422,36.644912102732135],[0.8746079854937578,36.64675202080302]]],[[[0.8933991807088871,36.653672351892425],[0.8876233420129389,36.65447215646755],[0.8899754290503918,36.64895240225488],[0.8933991807088871,36.653672351892425]]]]},"properties":{"speed":0.4541,"dir_deg":66.9,"type":"قوي"}},{"type":"Feature","geometry":{"type":"MultiPolygon","coordinates":[[[[0.9163391562372051,36.64677690244415],[0.9305117663857766,36.6516898569093],[0.9311668269811296,36.64980017555615],[0.9169942168325581,36.644887221091004],[0.9163391562372051,36.64677690244415]]],[[[0.9355635000663103,36.652382667721106],[0.9298567057904237,36.65357953826244],[0.9318218875764825,36.64791049420301],[0.9355635000663103,36.652382667721106]]]]},"properties":{"speed":0.4608,"dir_deg":70.9,"type":"قوي"}},{"type":"Feature","geometry":{"type":"MultiPolygon","coordinates":[[[[0.9580605824127801,36.646794152081995],[0.9724919371289998,36.65088511786707],[0.9730373992336764,36.648960937238236],[0.9586060445174567,36.64486997145316],[0.9580605824127801,36.646794152081995]]],[[[0.9775751197534113,36.651286682814344],[0.9719464750243233,36.652809298495896],[0.9735828613383529,36.64703675660941],[0.9775751197534113,36.651286682814344]]]]},"properties":{"speed":0.4654,"dir_deg":74.2,"type":"قوي"}},{"type":"Feature","geometry":{"type":"MultiPolygon","coordinates":[[[[0.9997682703582512,36.646804841996165],[1.014359973787096,36.650280786622396],[1.0148234330705939,36.64833522616522],[1.000231729641749,36.64485928153899],[0.9997682703582512,36.646804841996165]]],[[[1.0194556045717933,36.65046665460255],[1.0138965145035985,36.652226347079576],[1.0152868923540914,36.64638966570804],[1.0194556045717933,36.65046665460255]]]]},"properties":{"speed":0.4661,"dir_deg":76.6,"type":"قوي"}},{"type":"Feature","geometry":{"type":"MultiPolygon","coordinates":[[[[-0.41624644358331025,36.688407425429],[-0.4026350621482902,36.68210422819026],[-0.4034754884467881,36.680289377332265],[-0.41708686988180815,36.686592574571],[-0.41624644358331025,36.688407425429]]],[[[-0.39851814815253245,36.67909573701502],[-0.40179463584979225,36.683919079048266],[-0.40431591474528605,36.67847452647426],[-0.39851814815253245,36.67909573701502]]]]},"properties":{"speed":0.1037,"dir_deg":114.8,"type":"ضعيف"}},{"type":"Feature","geometry":{"type":"MultiPolygon","coordinates":[[[[-0.3750226131800578,36.68849974428935],[-0.3600264488398098,36.68883894199022],[-0.35998122247969416,36.686839453411515],[-0.3749773868199422,36.68650025571065],[-0.3750226131800578,36.68849974428935]]],[[[-0.3550051142130026,36.687952263601154],[-0.3600716751999254,36.69083843056892],[-0.35993599611957855,36.68483996483282],[-0.3550051142130026,36.687952263601154]]]]},"properties":{"speed":0.1079,"dir_deg":88.7,"type":"ضعيف"}},{"type":"Feature","geometry":{"type":"MultiPolygon","coordinates":[[[[-0.3337413993530811,36.688412956861505],[-0.32004704643048276,36.69453379814611],[-0.3192309342592021,36.6927078844231],[-0.3329252871818005,36.686587043138495],[-0.3337413993530811,36.688412956861505]]],[[[-0.3150742060373097,36.69566112171281],[-0.3208631586017634,36.69635971186913],[-0.3184148220879215,36.69088197070008],[-0.3150742060373097,36.69566112171281]]]]},"properties":{"speed":0.1207,"dir_deg":65.9,"type":"ضعيف"}},{"type":"Feature","geometry":{"type":"MultiPolygon","coordinates":[[[[-0.2923530393751265,36.688227240584666],[-0.28144443060516805,36.698522980223174],[-0.2800716653200334,36.69706849905384],[-0.2909802740899919,36.686772759415334],[-0.2923530393751265,36.688227240584666]]],[[[-0.2771218450392812,36.701227652851344],[-0.28281719589030274,36.6999774613925],[-0.2786989000348987,36.695614017884516],[-0.2771218450392812,36.701227652851344]]]]},"properties":{"speed":0.1338,"dir_deg":46.7,"type":"ضعيف"}},{"type":"Feature","geometry":{"type":"MultiPolygon","coordinates":[[[[-0.2508856797454809,36.687964296659956],[-0.2439212298461653,36.70124949284217],[-0.24214987035520338,36.70032089952226],[-0.24911432025451904,36.687035703340044],[-0.2508856797454809,36.687964296659956]]],[[[-0.24071406680091245,36.70521359490962],[-0.2456925893371272,36.70217808616208],[-0.24037851086424147,36.699392306202355],[-0.24071406680091245,36.70521359490962]]]]},"properties":{"speed":0.1555,"dir_deg":27.7,"type":"ضعيف"}},{"type":"Feature","geometry":{"type":"MultiPolygon","coordinates":[[[[-0.209300265998815,36.68775501296984],[-0.20547507145120852,36.70225907745787],[-0.20354119618613775,36.70174905151819],[-0.20736639073374422,36.68724498703016],[-0.209300265998815,36.68775501296984]]],[[[-0.203233068969471,36.70683875265071],[-0.20740894671627932,36.70276910339755],[-0.20160732092106695,36.70123902557851],[-0.203233068969471,36.70683875265071]]]]},"properties":{"speed":0.2048,"dir_deg":14.8,"type":"متوسط"}},{"type":"Feature","geometry":{"type":"MultiPolygon","coordinates":[[[[-0.16764810012859277,36.68769182833329],[-0.1647706751292535,36.702413255756376],[-0.16280781813950876,36.70202959908979],[-0.16568524313884803,36.68730817166671],[-0.16764810012859277,36.68769182833329]]],[[[-0.1628301049679347,36.70712856989745],[-0.16673353211899825,36.702796912422954],[-0.16084496114976402,36.70164594242321],[-0.1628301049679347,36.70712856989745]]]]},"properties":{"speed":0.2596,"dir_deg":11.1,"type":"متوسط"}},{"type":"Feature","geometry":{"type":"MultiPolygon","coordinates":[[[[-0.1259821897507503,36.6876878917069],[-0.12316381414727894,36.702420737968154],[-0.12119943464577836,36.70204495455435],[-0.12401781024924971,36.6873121082931],[-0.1259821897507503,36.6876878917069]]],[[[-0.12124216586203819,36.70714379501501],[-0.12512819364877953,36.70279652138195],[-0.11923505514427776,36.70166917114056],[-0.12124216586203819,36.70714379501501]]]]},"properties":{"speed":0.2909,"dir_deg":10.8,"type":"متوسط"}},{"type":"Feature","geometry":{"type":"MultiPolygon","coordinates":[[[[-0.08431567721289607,36.68768709725181],[-0.08150921843576875,36.702422218192346],[-0.07954453564369701,36.702048023688725],[-0.08235099442082433,36.68731290274819],[-0.08431567721289607,36.68768709725181]]],[[[-0.07959139078069044,36.70714682792072],[-0.0834739012278405,36.70279641269596],[-0.07757985285162526,36.70167382918511],[-0.07959139078069044,36.70714682792072]]]]},"properties":{"speed":0.3019,"dir_deg":10.8,"type":"متوسط"}},{"type":"Feature","geometry":{"type":"MultiPolygon","coordinates":[[[[-0.0426477238294139,36.68769372475294],[-0.03974185253527657,36.7024095635677],[-0.03777974069330897,36.70202211406182],[-0.0406856119874463,36.68730627524706],[-0.0426477238294139,36.68769372475294]]],[[[-0.03779217284958032,36.70712111841968],[-0.04170396437724417,36.702797013073585],[-0.03581762885134137,36.70163466455593],[-0.03779217284958032,36.70712111841968]]]]},"properties":{"speed":0.2954,"dir_deg":11.2,"type":"متوسط"}},{"type":"Feature","geometry":{"type":"MultiPolygon","coordinates":[[[[-0.0009759253090840733,36.687718105000144],[0.0022956496931220653,36.7023569846364],[0.004247500311290212,36.701920774636115],[0.0009759253090840733,36.687281894999856],[-0.0009759253090840733,36.687718105000144]]],[[[0.004362100002941518,36.70701850618168],[0.0003437990749539186,36.7027931946367],[0.0061993509294583585,36.70148456463582],[0.004362100002941518,36.70701850618168]]]]},"properties":{"speed":0.2747,"dir_deg":12.6,"type":"متوسط"}},{"type":"Feature","geometry":{"type":"MultiPolygon","coordinates":[[[[0.04070366381099992,36.68776948674983],[0.044745965058415105,36.70221454821128],[0.04667197325327546,36.70167557471162],[0.04262967200586028,36.68723051325017],[0.04070366381099992,36.68776948674983]]],[[[0.04705640290498368,36.7067600819486],[0.04281995686355475,36.70275352171093],[0.04859798144813582,36.70113660121197],[0.04705640290498368,36.7067600819486]]]]},"properties":{"speed":0.241,"dir_deg":15.6,"type":"متوسط"}},{"type":"Feature","geometry":{"type":"MultiPolygon","coordinates":[[[[0.0824024246260991,36.68786524560903],[0.08788110876155054,36.70182891347045],[0.08974293114307273,36.701098422252386],[0.08426424700762129,36.68713475439097],[0.0824024246260991,36.68786524560903]]],[[[0.09063824799746212,36.706118223815224],[0.08601928638002836,36.70255940468851],[0.09160475352459492,36.70036793103433],[0.09063824799746212,36.706118223815224]]]]},"properties":{"speed":0.1977,"dir_deg":21.4,"type":"متوسط"}},{"type":"Feature","geometry":{"type":"MultiPolygon","coordinates":[[[[0.12415382815828485,36.68803291013716],[0.13214748021569203,36.70072548776289],[0.13383982389912233,36.69965966748857],[0.12584617184171515,36.68696708986284],[0.12415382815828485,36.68803291013716]]],[[[0.13565820274320958,36.704423436834304],[0.13045513653226173,36.70179130803721],[0.13553216758255263,36.69859384721425],[0.13565820274320958,36.704423436834304]]]]},"properties":{"speed":0.1546,"dir_deg":32.2,"type":"ضعيف"}},{"type":"Feature","geometry":{"type":"MultiPolygon","coordinates":[[[[0.1660464361688041,36.68828441568576],[0.17781267145514407,36.6975879476595],[0.17905314238497666,36.696019116287985],[0.1672869070986367,36.68671558431424],[0.1660464361688041,36.68828441568576]]],[[[0.18235498534884034,36.69990470929832],[0.17657220052531145,36.69915677903101],[0.18029361331480928,36.69445028491648],[0.18235498534884034,36.69990470929832]]]]},"properties":{"speed":0.1199,"dir_deg":51.7,"type":"ضعيف"}},{"type":"Feature","geometry":{"type":"MultiPolygon","coordinates":[[[[0.20814572425040925,36.68848224472292],[0.2228793950942422,36.69129630646098],[0.2232546033259829,36.68933181701514],[0.20852093248214995,36.68651775527708],[0.20814572425040925,36.68848224472292]]],[[[0.22797822282472352,36.691252082317405],[0.22250418686250148,36.69326079590682],[0.22362981155772363,36.68736732756929],[0.22797822282472352,36.691252082317405]]]]},"properties":{"speed":0.1003,"dir_deg":79.2,"type":"ضعيف"}},{"type":"Feature","geometry":{"type":"MultiPolygon","coordinates":[[[[0.2501824104780613,36.68848322246592],[0.26493074746688916,36.685747065295],[0.2645659265107666,36.68378062036316],[0.24981758952193872,36.68651677753408],[0.2501824104780613,36.68848322246592]]],[[[0.26966444931843714,36.68385179043877],[0.2652955684230117,36.68771351022684],[0.26420110555464404,36.68181417543131],[0.26966444931843714,36.68385179043877]]]]},"properties":{"speed":0.0914,"dir_deg":100.5,"type":"ضعيف"}},{"type":"Feature","geometry":{"type":"MultiPolygon","coordinates":[[[[0.29194957988668774,36.688459142580044],[0.3063367185873828,36.68421529526812],[0.30577087227912575,36.68229701010803],[0.29138373357843067,36.686540857419956],[0.29194957988668774,36.688459142580044]]],[[[0.310849508333486,36.68184153691743],[0.30690256489563994,36.68613358042821],[0.3052050259708686,36.680378724947936],[0.310849508333486,36.68184153691743]]]]},"properties":{"speed":0.0737,"dir_deg":106.4,"type":"ضعيف"}},{"type":"Feature","geometry":{"type":"MultiPolygon","coordinates":[[[[0.3335266600782446,36.68848113638739],[0.3482437058890941,36.68558138422533],[0.34785707226748647,36.683619111450554],[0.333140026456637,36.68651886361261],[0.3335266600782446,36.68848113638739]]],[[[0.3529560710152401,36.68363366378392],[0.34863033951070177,36.68754365700011],[0.3474704386458788,36.68165683867577],[0.3529560710152401,36.68363366378392]]]]},"properties":{"speed":0.0508,"dir_deg":101.1,"type":"ضعيف"}},{"type":"Feature","geometry":{"type":"MultiPolygon","coordinates":[[[[0.3748099047912807,36.688481765660235],[0.38953638969484605,36.691333193791024],[0.3899165801122847,36.689369662470554],[0.3751900952087193,36.686518234339765],[0.3748099047912807,36.688481765660235]]],[[[0.39463531320475387,36.69130190417439],[0.38915619927740736,36.6932967251115],[0.3902967705297234,36.68740613115008],[0.39463531320475387,36.69130190417439]]]]},"properties":{"speed":0.0414,"dir_deg":79.0,"type":"ضعيف"}},{"type":"Feature","geometry":{"type":"MultiPolygon","coordinates":[[[[0.4162497030379796,36.688408927729014],[0.4298836189732381,36.69466323314771],[0.43071752636239735,36.69284537768968],[0.4170836104271388,36.686591072270986],[0.4162497030379796,36.688408927729014]]],[[[0.43484521131290393,36.69583907389159],[0.42904971158407895,36.69648108860574],[0.4315514337515565,36.69102752223164],[0.43484521131290393,36.69583907389159]]]]},"properties":{"speed":0.0529,"dir_deg":65.4,"type":"ضعيف"}},{"type":"Feature","geometry":{"type":"MultiPolygon","coordinates":[[[[0.45782455353416446,36.68836089082195],[0.4707379158633694,36.69599273682109],[0.47175549532992206,36.694270955177196],[0.45884213300071713,36.68663910917805],[0.45782455353416446,36.68836089082195]]],[[[0.47555115970638073,36.69767579466553],[0.46972033639681665,36.697714518464984],[0.4727730747964748,36.6925491735333],[0.47555115970638073,36.69767579466553]]]]},"properties":{"speed":0.0733,"dir_deg":59.4,"type":"ضعيف"}},{"type":"Feature","geometry":{"type":"MultiPolygon","coordinates":[[[[0.4995133166400565,36.688373578449344],[0.5126169933801806,36.6956738288485],[0.5135903601000676,36.69392667194981],[0.5004866833599435,36.686626421550656],[0.4995133166400565,36.688373578449344]]],[[[0.5174715689868321,36.69723366719887],[0.5116436266602936,36.69742098574718],[0.5145637268199547,36.69217951505113],[0.5174715689868321,36.69723366719887]]]]},"properties":{"speed":0.1064,"dir_deg":60.9,"type":"ضعيف"}},{"type":"Feature","geometry":{"type":"MultiPolygon","coordinates":[[[[0.5414421132892564,36.688474457211655],[0.556058971464104,36.69184305589603],[0.5565081179553544,36.68989414147272],[0.5418912597805068,36.686525542788345],[0.5414421132892564,36.688474457211655]]],[[[0.5611558307680118,36.691991464912505],[0.5556098249728537,36.693791970319346],[0.5569572644466046,36.687945227049404],[0.5611558307680118,36.691991464912505]]]]},"properties":{"speed":0.1216,"dir_deg":77.0,"type":"ضعيف"}},{"type":"Feature","geometry":{"type":"MultiPolygon","coordinates":[[[[0.583238087747755,36.688495455706075],[0.5981699233388449,36.68992384146652],[0.5983603747735717,36.68793293005437],[0.5834285391824818,36.686504544293925],[0.583238087747755,36.688495455706075]]],[[[0.6032424275865717,36.68940451434727],[0.597979471904118,36.69191475287867],[0.5985508262082986,36.68594201864223],[0.6032424275865717,36.68940451434727]]]]},"properties":{"speed":0.1114,"dir_deg":84.5,"type":"ضعيف"}},{"type":"Feature","geometry":{"type":"MultiPolygon","coordinates":[[[[0.6247038713699059,36.68845514806938],[0.6390310924105924,36.69289707752079],[0.6396233496707806,36.69098678138203],[0.6252961286300941,36.68654485193062],[0.6247038713699059,36.68845514806938]]],[[[0.644102961387582,36.69342257260188],[0.6384388351504043,36.69480737365955],[0.6402156069309687,36.68907648524327],[0.644102961387582,36.69342257260188]]]]},"properties":{"speed":0.1037,"dir_deg":72.8,"type":"ضعيف"}},{"type":"Feature","geometry":{"type":"MultiPolygon","coordinates":[[[[0.6661256939226927,36.68834102734412],[0.6787411040844888,36.69645591652696],[0.6798230893088666,36.69477386183871],[0.6672076791470705,36.68665897265588],[0.6661256939226927,36.68834102734412]]],[[[0.6834872334172765,36.69831985224378],[0.6776591188601112,36.698137971215196],[0.6809050745332442,36.69309180715047],[0.6834872334172765,36.69831985224378]]]]},"properties":{"speed":0.1313,"dir_deg":57.2,"type":"ضعيف"}},{"type":"Feature","geometry":{"type":"MultiPolygon","coordinates":[[[[0.7077396233768989,36.68830469377974],[0.7198100300729771,36.697210045103034],[0.7209974102494161,36.69560065754355],[0.7089270035533379,36.68669530622026],[0.7077396233768989,36.68830469377974]]],[[[0.7244271890598893,36.69937380176439],[0.718622649896538,36.69881943266251],[0.7221847904258551,36.693991269984075],[0.7244271890598893,36.69937380176439]]]]},"properties":{"speed":0.1804,"dir_deg":53.6,"type":"متوسط"}},{"type":"Feature","geometry":{"type":"MultiPolygon","coordinates":[[[[0.7494319786715776,36.688323013833696],[0.7617771861770385,36.69684333376003],[0.7629132288338832,36.69519730609264],[0.7505680213284224,36.686676986166304],[0.7494319786715776,36.688323013833696]]],[[[0.7664602766739479,36.698860426568444],[0.7606411435201937,36.69848936142743],[0.764049271490728,36.69355127842524],[0.7664602766739479,36.698860426568444]]]]},"properties":{"speed":0.2344,"dir_deg":55.4,"type":"متوسط"}},{"type":"Feature","geometry":{"type":"MultiPolygon","coordinates":[[[[0.7911331963998831,36.68834580628743],[0.8038202907113617,36.696348158312404],[0.8048872709813587,36.694656545737544],[0.7922001766698801,36.68665419371257],[0.7911331963998831,36.68834580628743]]],[[[0.8085828122835198,36.698169802699965],[0.8027533104413649,36.69803977088727],[0.8059542512513556,36.69296493316268],[0.8085828122835198,36.698169802699965]]]]},"properties":{"speed":0.2873,"dir_deg":57.8,"type":"متوسط"}},{"type":"Feature","geometry":{"type":"MultiPolygon","coordinates":[[[[0.8328321929416123,36.688365377501974],[0.8458128554712067,36.69588218535456],[0.846815096518219,36.694151430350615],[0.8338344339886246,36.686634622498026],[0.8328321929416123,36.688365377501974]]],[[[0.8506408635045776,36.69752241047012],[0.8448106144241945,36.69761294035851],[0.8478173375652311,36.69242067534667],[0.8506408635045776,36.69752241047012]]]]},"properties":{"speed":0.3397,"dir_deg":59.9,"type":"متوسط"}},{"type":"Feature","geometry":{"type":"MultiPolygon","coordinates":[[[[0.8745663416164158,36.68840107735869],[0.8880825019967942,36.69490595311245],[0.8889498187639626,36.69310379839507],[0.8754336583835842,36.68659892264131],[0.8745663416164158,36.68840107735869]]],[[[0.893021547173838,36.69617316767168],[0.8872151852296258,36.696708107829835],[0.889817135531131,36.69130164367769],[0.893021547173838,36.69617316767168]]]]},"properties":{"speed":0.3791,"dir_deg":64.3,"type":"قوي"}},{"type":"Feature","geometry":{"type":"MultiPolygon","coordinates":[[[[0.9163155873748065,36.68843633828278],[0.9303606616164672,36.69370282568391],[0.9310628599366175,36.69183014911835],[0.9170177856949567,36.68656366171722],[0.9163155873748065,36.68843633828278]]],[[[0.9353934521904292,36.694521983201504],[0.9296584632963169,36.69557550224946],[0.9317650582567679,36.6899574725528],[0.9353934521904292,36.694521983201504]]]]},"properties":{"speed":0.4033,"dir_deg":69.4,"type":"قوي"}},{"type":"Feature","geometry":{"type":"MultiPolygon","coordinates":[[[[0.9580643113154812,36.68846313957633],[0.9725114049604113,36.69249817182089],[0.9730494092596857,36.69057189266823],[0.9586023156147556,36.68653686042367],[0.9580643113154812,36.68846313957633]]],[[[0.9775961049916919,36.69288004299274],[0.971973400661137,36.69442445097354],[0.9735874135589601,36.688645613515575],[0.9775961049916919,36.69288004299274]]]]},"properties":{"speed":0.4185,"dir_deg":74.4,"type":"قوي"}},{"type":"Feature","geometry":{"type":"MultiPolygon","coordinates":[[[[0.9998004150139859,36.68847988051994],[1.0144986228130846,36.691473655310155],[1.0148977927851128,36.68951389427027],[1.0001995849860141,36.68652011948006],[0.9998004150139859,36.68847988051994]]],[[[1.0195976103987985,36.69149169972028],[1.0140994528410563,36.69343341635003],[1.015296962757141,36.68755413323039],[1.0195976103987985,36.69149169972028]]]]},"properties":{"speed":0.4311,"dir_deg":78.5,"type":"قوي"}}]}