{"type":"FeatureCollection","date":"2026-09-07","features":[{"type":"Feature","geometry":{"type":"MultiPolygon","coordinates":[[[[-0.25079124091561567,35.85477944278143],[-0.24161867268051798,35.866648056515665],[-0.2400361908492866,35.86542504741765],[-0.2492087590843843,35.853556433683416],[-0.25079124091561567,35.85477944278143]]],[[[-0.23776990901986972,35.86999275654473],[-0.24320115451174934,35.86787106561368],[-0.23845370901805524,35.86420203831964],[-0.23776990901986972,35.86999275654473]]]]},"properties":{"speed":0.0242,"dir_deg":37.7,"type":"ضعيف"}},{"type":"Feature","geometry":{"type":"MultiPolygon","coordinates":[[[[-0.2093175508288327,35.85434487365625],[-0.20666351947138084,35.86910821059455],[-0.20469507454627467,35.868754339746886],[-0.20734910590372652,35.85399100280859],[-0.2093175508288327,35.85434487365625]]],[[[-0.20479461988967715,35.87385238748348],[-0.208631964396487,35.86946208144221],[-0.2027266296211685,35.868400468899225],[-0.20479461988967715,35.87385238748348]]]]},"properties":{"speed":0.0525,"dir_deg":10.2,"type":"ضعيف"}},{"type":"Feature","geometry":{"type":"MultiPolygon","coordinates":[[[[-0.1676641593848156,35.854097099073655],[-0.16872674676634533,35.86905941534008],[-0.16673177126415492,35.869201093657615],[-0.1656691838826252,35.85423877739119],[-0.1676641593848156,35.854097099073655]]],[[[-0.16808345480909337,35.87411769325433],[-0.1707217222685357,35.86891773702254],[-0.16473679576196454,35.869342771975155],[-0.16808345480909337,35.87411769325433]]]]},"properties":{"speed":0.0601,"dir_deg":355.9,"type":"ضعيف"}},{"type":"Feature","geometry":{"type":"MultiPolygon","coordinates":[[[[-0.12599962550402988,35.854195303387144],[-0.1255891481831874,35.86918968594759],[-0.12358989717512764,35.869134955638145],[-0.12400037449597012,35.8541405730777],[-0.12599962550402988,35.854195303387144]]],[[[-0.12445269690554335,35.87416044831302],[-0.12758839919124715,35.86924441625703],[-0.12159064616706787,35.8690802253287],[-0.12445269690554335,35.87416044831302]]]]},"properties":{"speed":0.0431,"dir_deg":1.6,"type":"ضعيف"}},{"type":"Feature","geometry":{"type":"MultiPolygon","coordinates":[[[[-0.08377124856718095,35.85506695570895],[-0.07028598641922969,35.86163564696376],[-0.06941016091858819,35.85983761201071],[-0.08289542306653945,35.853268920755895],[-0.08377124856718095,35.85506695570895]]],[[[-0.06535298628625852,35.862926193238835],[-0.07116181191987117,35.863433681916824],[-0.0685343354179467,35.858039577057646],[-0.06535298628625852,35.862926193238835]]]]},"properties":{"speed":0.0197,"dir_deg":64.0,"type":"ضعيف"}},{"type":"Feature","geometry":{"type":"MultiPolygon","coordinates":[[[[-0.04118996828052876,35.855047004478365],[-0.028003974591363254,35.84789651005985],[-0.02895737384716594,35.84613837756796],[-0.04214336753633144,35.85328887198648],[-0.04118996828052876,35.855047004478365]]],[[[-0.02408534298954276,35.844633945674396],[-0.027050575335560573,35.849654642551734],[-0.02991077310296862,35.844380245076074],[-0.02408534298954276,35.844633945674396]]]]},"properties":{"speed":0.0237,"dir_deg":118.5,"type":"ضعيف"}},{"type":"Feature","geometry":{"type":"MultiPolygon","coordinates":[[[[-0.29095152567420235,35.89513307137467],[-0.3014363815677765,35.88440610549932],[-0.30286664368449023,35.885804086285134],[-0.29238178779091606,35.89653105216048],[-0.29095152567420235,35.89513307137467]]],[[[-0.3056464645906581,35.88152944060044],[-0.3000061194510628,35.88300812471351],[-0.30429690580120394,35.887202067070945],[-0.3056464645906581,35.88152944060044]]]]},"properties":{"speed":0.0704,"dir_deg":224.3,"type":"ضعيف"}},{"type":"Feature","geometry":{"type":"MultiPolygon","coordinates":[[[[-0.24953741518937633,35.89494548673241],[-0.26283604071687205,35.88800671457306],[-0.2637612103381194,35.889779864643394],[-0.25046258481062367,35.896718636802746],[-0.24953741518937633,35.89494548673241]]],[[[-0.26773150070332763,35.886580365555105],[-0.2619108710956247,35.886233564502724],[-0.2646863799593667,35.89155301471373],[-0.26773150070332763,35.886580365555105]]]]},"properties":{"speed":0.0445,"dir_deg":242.4,"type":"ضعيف"}},{"type":"Feature","geometry":{"type":"MultiPolygon","coordinates":[[[[-0.20827874868094431,35.894833552349525],[-0.2232563899518006,35.89401485706949],[-0.22336554932247119,35.8960118759056],[-0.2083879080516149,35.89683057118563],[-0.20827874868094431,35.894833552349525]]],[[[-0.22830351672742133,35.894740468060874],[-0.22314723058113006,35.89201783823338],[-0.22347470869314173,35.898008894741714],[-0.22830351672742133,35.894740468060874]]]]},"properties":{"speed":0.0237,"dir_deg":266.9,"type":"ضعيف"}},{"type":"Feature","geometry":{"type":"MultiPolygon","coordinates":[[[[-0.16739154898757336,35.89514318382348],[-0.17772471814911356,35.906016344131274],[-0.17627496344140764,35.907394100019474],[-0.16594179427986744,35.89652093971168],[-0.16739154898757336,35.89514318382348]]],[[[-0.18044423051577402,35.910329608844634],[-0.17917447285681948,35.90463858824307],[-0.17482520873370172,35.90877185590768],[-0.18044423051577402,35.910329608844634]]]]},"properties":{"speed":0.0292,"dir_deg":316.5,"type":"ضعيف"}},{"type":"Feature","geometry":{"type":"MultiPolygon","coordinates":[[[[-0.12587016722769012,35.89533930523961],[-0.13326151514719536,35.90839181365496],[-0.13152118069181512,35.909377326710896],[-0.12412983277230989,35.89632481829555],[-0.12587016722769012,35.89533930523961]]],[[[-0.13485513055934034,35.91323540632138],[-0.13500184960257558,35.90740630059903],[-0.1297808462364349,35.910362839766826],[-0.13485513055934034,35.91323540632138]]]]},"properties":{"speed":0.043,"dir_deg":330.5,"type":"ضعيف"}},{"type":"Feature","geometry":{"type":"MultiPolygon","coordinates":[[[[-0.08415248643587094,35.89525848329573],[-0.0927561635136804,35.907545742580886],[-0.09111786227565893,35.90869289952459],[-0.08251418519784946,35.89640564023943],[-0.08415248643587094,35.89525848329573]]],[[[-0.09480490525393949,35.912215074147795],[-0.09439446475170188,35.90639858563718],[-0.08947956103763746,35.9098400564683],[-0.09480490525393949,35.912215074147795]]]]},"properties":{"speed":0.0355,"dir_deg":325.0,"type":"ضعيف"}},{"type":"Feature","geometry":{"type":"MultiPolygon","coordinates":[[[[-0.04213712518768817,35.89494963899566],[-0.05537346676640419,35.902006498184534],[-0.054432552207888056,35.903771343728366],[-0.04119621062917203,35.896714484539494],[-0.04213712518768817,35.89494963899566]]],[[[-0.05931512334671814,35.90524120735274],[-0.05631438132492033,35.90024165264071],[-0.05349163764937192,35.90553618927219],[-0.05931512334671814,35.90524120735274]]]]},"properties":{"speed":0.0254,"dir_deg":298.1,"type":"ضعيف"}},{"type":"Feature","geometry":{"type":"MultiPolygon","coordinates":[[[[-0.000224629018974759,35.89485761741112],[-0.01484129436585701,35.89822705269574],[-0.01439203632790749,35.900175941408655],[0.000224629018974759,35.89680650612404],[-0.000224629018974759,35.89485761741112]]],[[[-0.019488887129176333,35.900324642147076],[-0.015290552403806527,35.89627816398282],[-0.013942778289957972,35.90212483012157],[-0.019488887129176333,35.900324642147076]]]]},"properties":{"speed":0.0243,"dir_deg":283.0,"type":"ضعيف"}},{"type":"Feature","geometry":{"type":"MultiPolygon","coordinates":[[[[-0.41651061780342663,35.93848775090615],[-0.4016943542112146,35.93614716696916],[-0.4020064320694797,35.93417166515686],[-0.4168226956616918,35.93651224909385],[-0.41651061780342663,35.93848775090615]]],[[[-0.39691163860960976,35.934379221417345],[-0.4013822763529494,35.93812266878145],[-0.4023185099277449,35.932196163344564],[-0.39691163860960976,35.934379221417345]]]]},"properties":{"speed":0.3918,"dir_deg":99.0,"type":"قوي"}},{"type":"Feature","geometry":{"type":"MultiPolygon","coordinates":[[[[-0.3748650780769829,35.93849085623311],[-0.36000223458035996,35.93646702738785],[-0.3602720784263942,35.93448531492163],[-0.3751349219230171,35.93650914376689],[-0.3748650780769829,35.93849085623311]]],[[[-0.3551828753378361,35.93480156153966],[-0.35973239073432567,35.93844873985407],[-0.3605419222724285,35.93250360245541],[-0.3551828753378361,35.93480156153966]]]]},"properties":{"speed":0.3909,"dir_deg":97.8,"type":"قوي"}},{"type":"Feature","geometry":{"type":"MultiPolygon","coordinates":[[[[-0.3333779642873942,35.938499003986266],[-0.318392904493382,35.939168319285564],[-0.3183036624534752,35.93717031131303],[-0.3332887222474874,35.936500996013734],[-0.3333779642873942,35.938499003986266]]],[[[-0.31335326354209114,35.93839242039907],[-0.3184821465332888,35.9411663272581],[-0.31821442041356834,35.935172303340494],[-0.31335326354209114,35.93839242039907]]]]},"properties":{"speed":0.3719,"dir_deg":87.4,"type":"قوي"}},{"type":"Feature","geometry":{"type":"MultiPolygon","coordinates":[[[[-0.29168702525548895,35.938499792540114],[-0.27669013715373353,35.93880532038406],[-0.27664940010787403,35.936805735303835],[-0.29164628820962946,35.936500207459886],[-0.29168702525548895,35.938499792540114]]],[[[-0.27167080593021864,35.937907370458596],[-0.276730874199593,35.9408049054643],[-0.27660866306201454,35.9348061502236],[-0.27167080593021864,35.937907370458596]]]]},"properties":{"speed":0.3363,"dir_deg":88.8,"type":"متوسط"}},{"type":"Feature","geometry":{"type":"MultiPolygon","coordinates":[[[[-0.25001119176057107,35.93849993737029],[-0.23501213120627482,35.938667813778856],[-0.23498974768513262,35.93666793903828],[-0.2499888082394289,35.93650006262971],[-0.25001119176057107,35.93849993737029]]],[[[-0.23000125259427162,35.93772383521142],[-0.23503451472741702,35.940667688519426],[-0.23496736416399042,35.93466806429771],[-0.23000125259427162,35.93772383521142]]]]},"properties":{"speed":0.2693,"dir_deg":89.4,"type":"متوسط"}},{"type":"Feature","geometry":{"type":"MultiPolygon","coordinates":[[[[-0.20831149458211323,35.93849976161452],[-0.19331507036430318,35.93817225485203],[-0.19335873793263592,35.93617273162298],[-0.20835516215044597,35.93650023838548],[-0.20831149458211323,35.93849976161452]]],[[[-0.1883380960758662,35.937063324316675],[-0.1932714027959704,35.940171778081066],[-0.19340240550096868,35.93417320839394],[-0.1883380960758662,35.937063324316675]]]]},"properties":{"speed":0.2036,"dir_deg":91.3,"type":"متوسط"}},{"type":"Feature","geometry":{"type":"MultiPolygon","coordinates":[[[[-0.16667149584734667,35.93849998836341],[-0.15167167039614057,35.93857235156781],[-0.15166202196888803,35.936572374840985],[-0.16666184742009413,35.93650001163659],[-0.16667149584734667,35.93849998836341]]],[[[-0.1466669043654456,35.937596484272525],[-0.15168131882339309,35.940572328294635],[-0.15165237354163552,35.934572398114156],[-0.1466669043654456,35.937596484272525]]]]},"properties":{"speed":0.1402,"dir_deg":89.7,"type":"ضعيف"}},{"type":"Feature","geometry":{"type":"MultiPolygon","coordinates":[[[[-0.12541854934753852,35.93840819405618],[-0.11179563850488483,35.94468643426926],[-0.11095853980980777,35.9428700461569],[-0.12458145065246147,35.93659180594382],[-0.12541854934753852,35.93840819405618]]],[[[-0.10683611887646174,35.94587098695077],[-0.11263273719996188,35.94650282238161],[-0.11012144111473073,35.941053658044545],[-0.10683611887646174,35.94587098695077]]]]},"properties":{"speed":0.0629,"dir_deg":65.3,"type":"ضعيف"}},{"type":"Feature","geometry":{"type":"MultiPolygon","coordinates":[[[[-0.08425973861647354,35.93712346600038],[-0.08990774861074824,35.95101950799458],[-0.08805494301152156,35.95177257599382],[-0.08240693301724686,35.93787653399962],[-0.08425973861647354,35.93712346600038]]],[[[-0.09086401580922647,35.95602805599227],[-0.09176055420997492,35.950266439995346],[-0.08620213741229488,35.952525643993056],[-0.09086401580922647,35.95602805599227]]]]},"properties":{"speed":0.0339,"dir_deg":337.9,"type":"ضعيف"}},{"type":"Feature","geometry":{"type":"MultiPolygon","coordinates":[[[[-0.042104809211369644,35.93660109388774],[-0.05558840089527005,35.943173213431834],[-0.05471211828939096,35.94497102565636],[-0.041228526605490555,35.93839890611226],[-0.042104809211369644,35.93660109388774]]],[[[-0.05964479015363064,35.94626282605879],[-0.056464683501149145,35.94137540120732],[-0.053835835683511864,35.946768837880875],[-0.05964479015363064,35.94626282605879]]]]},"properties":{"speed":0.0475,"dir_deg":296.0,"type":"ضعيف"}},{"type":"Feature","geometry":{"type":"MultiPolygon","coordinates":[[[[3.4875553010180475e-05,35.936500608337134],[-0.014955999389951041,35.93597747504198],[-0.015025750495971404,35.93797625836771],[-3.4875553010180475e-05,35.938499391662866],[3.4875553010180475e-05,35.936500608337134]]],[[[-0.01998783325728163,35.9368024889398],[-0.01488624828393068,35.933978691716256],[-0.015095501601991764,35.93997504169344],[-0.01998783325728163,35.9368024889398]]]]},"properties":{"speed":0.0425,"dir_deg":268.0,"type":"ضعيف"}},{"type":"Feature","geometry":{"type":"MultiPolygon","coordinates":[[[[0.04229547983860202,35.93672244257031],[0.030632118393181168,35.92729026361773],[0.02937449453283733,35.928845378477114],[0.04103785597825818,35.93827755742969],[0.04229547983860202,35.93672244257031]]],[[[0.02611551931453563,35.92492376139656],[0.031889742253525005,35.925735148758335],[0.02811687067249349,35.930400493336506],[0.02611551931453563,35.92492376139656]]]]},"properties":{"speed":0.0468,"dir_deg":231.0,"type":"ضعيف"}},{"type":"Feature","geometry":{"type":"MultiPolygon","coordinates":[[[[-0.41662719214253113,35.98016715920205],[-0.4016388775981892,35.979575190351625],[-0.40171780677824537,35.977576748412375],[-0.4167061213225873,35.9781687172628],[-0.41662719214253113,35.98016715920205]]],[[[-0.3966822373401033,35.97837864643186],[-0.40155994841813303,35.98157363229087],[-0.40179673595830157,35.97557830647313],[-0.3966822373401033,35.97837864643186]]]]},"properties":{"speed":0.5121,"dir_deg":92.3,"type":"قوي"}},{"type":"Feature","geometry":{"type":"MultiPolygon","coordinates":[[[[-0.37497111669764593,35.980167521022814],[-0.35997737484178643,35.9797342714875],[-0.36003514144649457,35.97773510590672],[-0.37502888330235407,35.97816835544203],[-0.37497111669764593,35.980167521022814]]],[[[-0.35500834419218735,35.97859027218534],[-0.3599196082370783,35.98173343706828],[-0.3600929080512027,35.97573594032594],[-0.35500834419218735,35.97859027218534]]]]},"properties":{"speed":0.5136,"dir_deg":91.7,"type":"قوي"}},{"type":"Feature","geometry":{"type":"MultiPolygon","coordinates":[[[[-0.3334011514721181,35.980165636607374],[-0.3184356758478638,35.98118275967754],[-0.31830005943850925,35.97918736292763],[-0.3332655350627635,35.97817023985747],[-0.3334011514721181,35.980165636607374]]],[[[-0.31337937576843505,35.980524102325965],[-0.3185712922572184,35.983178156427435],[-0.31816444302915464,35.977191966177735],[-0.31337937576843505,35.980524102325965]]]]},"properties":{"speed":0.5032,"dir_deg":86.1,"type":"قوي"}},{"type":"Feature","geometry":{"type":"MultiPolygon","coordinates":[[[[-0.2918442246420313,35.98015204678209],[-0.2770825963970414,35.98281556542417],[-0.2767274605780972,35.980847348324836],[-0.2914890888230871,35.978183829682756],[-0.2918442246420313,35.98015204678209]]],[[[-0.27198448573923933,35.98271929642186],[-0.2774377322159856,35.9847837825235],[-0.276372324759153,35.978879131225504],[-0.27198448573923933,35.98271929642186]]]]},"properties":{"speed":0.5087,"dir_deg":79.8,"type":"قوي"}},{"type":"Feature","geometry":{"type":"MultiPolygon","coordinates":[[[[-0.2502280546998401,35.980141586553884],[-0.23562332987794804,35.98356240705149],[-0.23516722047826782,35.98161511040856],[-0.2497719453001599,35.97819428991096],[-0.2502280546998401,35.980141586553884]]],[[[-0.23052703357081059,35.98372903222922],[-0.23607943927762823,35.985509703694404],[-0.23471111107858764,35.979667813765644],[-0.23052703357081059,35.98372903222922]]]]},"properties":{"speed":0.5043,"dir_deg":76.8,"type":"قوي"}},{"type":"Feature","geometry":{"type":"MultiPolygon","coordinates":[[[[-0.20858950194302936,35.98013456902987],[-0.19409003998130714,35.983977172681115],[-0.19357769282780762,35.982043911086215],[-0.20807715478952984,35.97820130743497],[-0.20858950194302936,35.98013456902987]]],[[[-0.18900071241731664,35.984291409767415],[-0.19460238713480663,35.98591043427601],[-0.19306534567430814,35.98011064949132],[-0.18900071241731664,35.984291409767415]]]]},"properties":{"speed":0.4663,"dir_deg":75.2,"type":"قوي"}},{"type":"Feature","geometry":{"type":"MultiPolygon","coordinates":[[[[-0.16694905746702143,35.98012723914515],[-0.15255954377617875,35.984363026644665],[-0.15199477210957668,35.982444424819214],[-0.16638428580041936,35.978208637319696],[-0.16694905746702143,35.98012723914515]]],[[[-0.14748065337926347,35.98481565489844],[-0.1531243154427808,35.98628162847011],[-0.15143000044297464,35.98052582299377],[-0.14748065337926347,35.98481565489844]]]]},"properties":{"speed":0.3921,"dir_deg":73.6,"type":"قوي"}},{"type":"Feature","geometry":{"type":"MultiPolygon","coordinates":[[[[-0.1253458478241869,35.98010622884972],[-0.11127148856475108,35.98529394621252],[-0.11057979291637729,35.983417364977925],[-0.1246541521758131,35.97822964761512],[-0.1253458478241869,35.98010622884972]]],[[[-0.10623418765408557,35.98608489471616],[-0.11196318421312489,35.98717052744711],[-0.10988809726800348,35.981540783743334],[-0.10623418765408557,35.98608489471616]]]]},"properties":{"speed":0.2977,"dir_deg":69.8,"type":"متوسط"}},{"type":"Feature","geometry":{"type":"MultiPolygon","coordinates":[[[[-0.08369967375995938,35.98009842010298],[-0.06974244570151882,35.985593489249474],[-0.06900976981532046,35.98373252550835],[-0.08296699787376102,35.97823745636186],[-0.08369967375995938,35.98009842010298]]],[[[-0.06472369840560613,35.98649469709441],[-0.07047512158771715,35.9874544529906],[-0.06827709392912212,35.98187156176723],[-0.06472369840560613,35.98649469709441]]]]},"properties":{"speed":0.1922,"dir_deg":68.5,"type":"متوسط"}},{"type":"Feature","geometry":{"type":"MultiPolygon","coordinates":[[[[-0.04216338366151641,35.980035851511865],[-0.02914468446985069,35.98748658780816],[-0.02815125296367807,35.98575076124927],[-0.04116995215534379,35.97830002495298],[-0.04216338366151641,35.980035851511865]]],[[[-0.02430840231954247,35.98910225329415],[-0.030138115976023307,35.98922241436705],[-0.027157821457505452,35.98401493469038],[-0.02430840231954247,35.98910225329415]]]]},"properties":{"speed":0.1006,"dir_deg":60.2,"type":"ضعيف"}},{"type":"Feature","geometry":{"type":"MultiPolygon","coordinates":[[[[-0.0008389935157716213,35.979712079648316],[0.007323127722666597,35.99229698238489],[0.00900111475420984,35.991208699553106],[0.0008389935157716213,35.97862379681653],[-0.0008389935157716213,35.979712079648316]]],[[[0.010882828317917625,35.995947808547854],[0.005645140691123355,35.99338526521669],[0.010679101785753082,35.99012041672131],[0.010882828317917625,35.995947808547854]]]]},"properties":{"speed":0.0434,"dir_deg":33.0,"type":"ضعيف"}},{"type":"Feature","geometry":{"type":"MultiPolygon","coordinates":[[[[0.04160035593739126,35.98016573717133],[0.056567340021094044,35.98116041673691],[0.05669996396317172,35.97916481885909],[0.04173297987946894,35.97817013929351],[0.04160035593739126,35.98016573717133]]],[[[0.06162264668670048,35.9804941776532],[0.05643471607901637,35.98315601461474],[0.05683258790524939,35.97716922098126],[0.06162264668670048,35.9804941776532]]]]},"properties":{"speed":0.0096,"dir_deg":86.2,"type":"ضعيف"}},{"type":"Feature","geometry":{"type":"MultiPolygon","coordinates":[[[[0.08375769857684078,35.98007343050072],[0.09734008260126278,35.97370798910101],[0.09649135708130163,35.97189700456442],[0.08290897305687962,35.97826244596413],[0.08375769857684078,35.98007343050072]]],[[[0.1014431811827562,35.97068068303281],[0.09818880812122395,35.9755189736376],[0.09564263156134047,35.97008602002783],[0.1014431811827562,35.97068068303281]]]]},"properties":{"speed":0.0199,"dir_deg":115.1,"type":"ضعيف"}},{"type":"Feature","geometry":{"type":"MultiPolygon","coordinates":[[[[-0.4166669559665201,36.021832061722804],[-0.40166695663807733,36.021836550232216],[-0.40166635817015556,36.01983655032176],[-0.4166663574985983,36.01983206181235],[-0.4166669559665201,36.021832061722804]]],[[[-0.3966666576279689,36.0208380464468],[-0.4016675551059991,36.023836550142676],[-0.4016657597022338,36.0178365504113],[-0.3966666576279689,36.0208380464468]]]]},"properties":{"speed":0.3596,"dir_deg":90.0,"type":"قوي"}},{"type":"Feature","geometry":{"type":"MultiPolygon","coordinates":[[[[-0.3750375175608939,36.02183135773606],[-0.3600480780336624,36.02239412114947],[-0.35997304291187465,36.0203955292125],[-0.3749624824391061,36.019832765799094],[-0.3750375175608939,36.02183135773606]]],[[[-0.355014080630358,36.02158241298545],[-0.3601231131554501,36.02439271308643],[-0.35989800779008696,36.01839693727554],[-0.355014080630358,36.02158241298545]]]]},"properties":{"speed":0.3473,"dir_deg":87.8,"type":"متوسط"}},{"type":"Feature","geometry":{"type":"MultiPolygon","coordinates":[[[[-0.333465624493603,36.0218232739937],[-0.31859744110183885,36.023807492386126],[-0.31833287864951443,36.02182506793389],[-0.3332010620412786,36.01984084954146],[-0.333465624493603,36.0218232739937]]],[[[-0.31350909874508864,36.023477686290825],[-0.3188620035541632,36.02578991683836],[-0.31806831619719006,36.01984264348165],[-0.31350909874508864,36.023477686290825]]]]},"properties":{"speed":0.3432,"dir_deg":82.4,"type":"متوسط"}},{"type":"Feature","geometry":{"type":"MultiPolygon","coordinates":[[[[-0.29193573784842175,36.02179517928538],[-0.2774889750814767,36.025831396023314],[-0.2769508128497516,36.02390516098772],[-0.29139757561669666,36.01986894424978],[-0.29193573784842175,36.02179517928538]]],[[[-0.27240430637663243,36.02621368408483],[-0.2780271373132017,36.027757631058904],[-0.27641265061802656,36.021978925952126],[-0.27240430637663243,36.02621368408483]]]]},"properties":{"speed":0.3813,"dir_deg":74.4,"type":"قوي"}},{"type":"Feature","geometry":{"type":"MultiPolygon","coordinates":[[[[-0.25033705571080167,36.02177354647155],[-0.23621478515119984,36.02682938213358],[-0.2355406737295965,36.02494641272563],[-0.24966294428919833,36.019890577063606],[-0.25033705571080167,36.02177354647155]]],[[[-0.23117030592053087,36.02757317598361],[-0.23688889657280315,36.02871235154153],[-0.2348665623079932,36.02306344331768],[-0.23117030592053087,36.02757317598361]]]]},"properties":{"speed":0.4316,"dir_deg":70.3,"type":"قوي"}},{"type":"Feature","geometry":{"type":"MultiPolygon","coordinates":[[[[-0.2087453825601503,36.021743221106725],[-0.19507799247295543,36.02792403401479],[-0.19425388408521405,36.026101715336495],[-0.2079212741724089,36.01992090242843],[-0.2087453825601503,36.021743221106725]]],[[[-0.19011014158335313,36.02907314564499],[-0.19590210086069684,36.02974635269308],[-0.19342977569747263,36.0242793966582],[-0.19011014158335313,36.02907314564499]]]]},"properties":{"speed":0.452,"dir_deg":65.7,"type":"قوي"}},{"type":"Feature","geometry":{"type":"MultiPolygon","coordinates":[[[[-0.16716955537733993,36.02169641582721],[-0.15420424448285228,36.0292396719815],[-0.1531984769956132,36.02751096386224],[-0.16616378789010086,36.01996770770795],[-0.16716955537733993,36.02169641582721]]],[[[-0.14937959044107016,36.03088973663997],[-0.15521001197009135,36.03096838010077],[-0.15219270950837413,36.025782255742975],[-0.14937959044107016,36.03088973663997]]]]},"properties":{"speed":0.4467,"dir_deg":59.8,"type":"قوي"}},{"type":"Feature","geometry":{"type":"MultiPolygon","coordinates":[[[[-0.1255471067058038,36.02166912464005],[-0.11299116361878266,36.02987572522711],[-0.11189695020717504,36.028201599482166],[-0.12445289329419619,36.01999499889511],[-0.1255471067058038,36.02166912464005]]],[[[-0.10825874255063846,36.031774195883656],[-0.11408537703039026,36.03154985097204],[-0.11080273679556743,36.02652747373723],[-0.10825874255063846,36.031774195883656]]]]},"properties":{"speed":0.4352,"dir_deg":56.8,"type":"قوي"}},{"type":"Feature","geometry":{"type":"MultiPolygon","coordinates":[[[[-0.0838306950047197,36.02169960648588],[-0.07081752423020662,36.029159994303775],[-0.06982280585448764,36.02742490486717],[-0.0828359766290007,36.019964517049274],[-0.0838306950047197,36.02169960648588]]],[[[-0.06598244145084278,36.03077924552477],[-0.07181224260592563,36.030895083740376],[-0.06882808747876863,36.02568981543057],[-0.06598244145084278,36.03077924552477]]]]},"properties":{"speed":0.3898,"dir_deg":60.2,"type":"قوي"}},{"type":"Feature","geometry":{"type":"MultiPolygon","coordinates":[[[[-0.04216508459449114,36.02169899937032],[-0.02916102055329296,36.029175249661236],[-0.028164187181170874,36.02744137445575],[-0.04116825122236906,36.019965124164834],[-0.04216508459449114,36.02169899937032]]],[[[-0.02432791585349919,36.0308003954888],[-0.03015785392541505,36.03090912486673],[-0.027167353809048785,36.02570749925025],[-0.02432791585349919,36.0308003954888]]]]},"properties":{"speed":0.3088,"dir_deg":60.1,"type":"متوسط"}},{"type":"Feature","geometry":{"type":"MultiPolygon","coordinates":[[[[-0.0007058789836418847,36.02154039421809],[0.009919107774084331,36.032128578972724],[0.011330865741368101,36.030711914071695],[0.0007058789836418847,36.02012372931706],[-0.0007058789836418847,36.02154039421809]]],[[[0.014166649010301622,36.03494964144041],[0.008507349806800561,36.03354524387375],[0.012742623708651871,36.029295249170666],[0.014166649010301622,36.03494964144041]]]]},"properties":{"speed":0.2142,"dir_deg":45.1,"type":"متوسط"}},{"type":"Feature","geometry":{"type":"MultiPolygon","coordinates":[[[[0.040803025593777915,36.02133616686807],[0.04836460210116039,36.03429080158785],[0.05009188673046476,36.03328259138687],[0.042530310223082284,36.02032795666709],[0.040803025593777915,36.02133616686807]]],[[[0.0517487699182734,36.038104908060625],[0.04663731747185602,36.03529901178884],[0.051819171359769135,36.032274381185886],[0.0517487699182734,36.038104908060625]]]]},"properties":{"speed":0.1369,"dir_deg":30.3,"type":"ضعيف"}},{"type":"Feature","geometry":{"type":"MultiPolygon","coordinates":[[[[0.08259975530090743,36.021511664318055],[0.09279379355805835,36.03251537205735],[0.09426095458996388,36.03115616695639],[0.08406691633281296,36.0201524592171],[0.08259975530090743,36.021511664318055]]],[[[0.09692538682639476,36.035503672086634],[0.09132663252615282,36.0338745771583],[0.0957281156218694,36.02979696185544],[0.09692538682639476,36.035503672086634]]]]},"properties":{"speed":0.0761,"dir_deg":42.8,"type":"ضعيف"}},{"type":"Feature","geometry":{"type":"MultiPolygon","coordinates":[[[[-0.4165287861893302,36.063490450257866],[-0.4016720323213181,36.061422392109435],[-0.4019477734077761,36.0594414915937],[-0.4168045272757882,36.061509549742134],[-0.4165287861893302,36.063490450257866]]],[[[-0.39685765157520975,36.05974258913542],[-0.40139629123486015,36.06340329262517],[-0.40222351449423405,36.05746059107797],[-0.39685765157520975,36.05974258913542]]]]},"properties":{"speed":0.1717,"dir_deg":97.9,"type":"ضعيف"}},{"type":"Feature","geometry":{"type":"MultiPolygon","coordinates":[[[[-0.37502350107239457,36.06349972381166],[-0.3600276438975223,36.06385223989758],[-0.35998064175273314,36.06185279227426],[-0.37497649892760543,36.06150027618834],[-0.37502350107239457,36.06349972381166]]],[[[-0.355005523766837,36.06297002144789],[-0.36007464604231143,36.06585168752089],[-0.359933639607944,36.059853344650946],[-0.355005523766837,36.06297002144789]]]]},"properties":{"speed":0.1901,"dir_deg":88.7,"type":"متوسط"}},{"type":"Feature","geometry":{"type":"MultiPolygon","coordinates":[[[[-0.33352836853808815,36.06348079821768],[-0.3188163952728525,36.06640617727739],[-0.3184263447315578,36.06444458084203],[-0.33313831799679344,36.06151920178232],[-0.33352836853808815,36.06348079821768]]],[[[-0.31371737891379325,36.06640050541295],[-0.3192064458141472,36.06836777371276],[-0.3180362941902631,36.062482984406664],[-0.31371737891379325,36.06640050541295]]]]},"properties":{"speed":0.2128,"dir_deg":78.8,"type":"متوسط"}},{"type":"Feature","geometry":{"type":"MultiPolygon","coordinates":[[[[-0.29200898556681554,36.06343958020905],[-0.2779152824310795,36.0685745127229],[-0.2772306247625668,36.0666953523048],[-0.29132432789830287,36.06156041979095],[-0.29200898556681554,36.06343958020905]]],[[[-0.2728750525515778,36.06934657668513],[-0.27859994009959216,36.070453673140996],[-0.27654596709405416,36.0648161918867],[-0.2728750525515778,36.06934657668513]]]]},"properties":{"speed":0.2508,"dir_deg":70.0,"type":"متوسط"}},{"type":"Feature","geometry":{"type":"MultiPolygon","coordinates":[[[[-0.2504083795302376,36.06341281222564],[-0.23671619614559572,36.0695385051792],[-0.2358994370851206,36.06771288072792],[-0.24959162046976244,36.06158718777436],[-0.2504083795302376,36.06341281222564]]],[[[-0.2317437554871442,36.07066759060475],[-0.23753295520607087,36.07136412963049],[-0.23508267802464544,36.06588725627663],[-0.2317437554871442,36.07066759060475]]]]},"properties":{"speed":0.2926,"dir_deg":65.9,"type":"متوسط"}},{"type":"Feature","geometry":{"type":"MultiPolygon","coordinates":[[[[-0.2088343465591205,36.06336543675127],[-0.1958527952901254,36.07088070964388],[-0.1948507589044436,36.06914983614134],[-0.2078323101734387,36.06163456324873],[-0.2088343465591205,36.06336543675127]]],[[[-0.1910245933409528,36.07252036385682],[-0.1968548316758072,36.07261158314641],[-0.19384872251876178,36.06741896263881],[-0.1910245933409528,36.07252036385682]]]]},"properties":{"speed":0.327,"dir_deg":59.9,"type":"متوسط"}},{"type":"Feature","geometry":{"type":"MultiPolygon","coordinates":[[[[-0.16728243636205947,36.06328793007262],[-0.15546348527281137,36.07252440099771],[-0.15423195581613322,36.07094854085247],[-0.16605090690538132,36.06171206992738],[-0.16728243636205947,36.06328793007262]]],[[[-0.1509080701813896,36.07481529456678],[-0.15669501472948952,36.07410026114294],[-0.15300042635945507,36.06937268070724],[-0.1509080701813896,36.07481529456678]]]]},"properties":{"speed":0.3717,"dir_deg":52.0,"type":"قوي"}},{"type":"Feature","geometry":{"type":"MultiPolygon","coordinates":[[[[-0.12565797555977534,36.06325303928366],[-0.1143623863048439,36.07312267268029],[-0.11304643518529321,36.071616594112974],[-0.12434202444022466,36.06174696071634],[-0.12565797555977534,36.06325303928366]]],[[[-0.10993921432675807,36.075659511195504],[-0.11567833742439458,36.074628751247616],[-0.11173048406574253,36.07011051554565],[-0.10993921432675807,36.075659511195504]]]]},"properties":{"speed":0.4293,"dir_deg":48.9,"type":"قوي"}},{"type":"Feature","geometry":{"type":"MultiPolygon","coordinates":[[[[-0.08394145047211277,36.06329384920865],[-0.07203371234243057,36.07241556903744],[-0.07081748303192544,36.07082787062014],[-0.08272522116160763,36.06170615079135],[-0.08394145047211277,36.06329384920865]]],[[[-0.0674563516439506,36.07466229310505],[-0.07324994165293569,36.07400326745473],[-0.06960125372142031,36.06924017220285],[-0.0674563516439506,36.07466229310505]]]]},"properties":{"speed":0.4439,"dir_deg":52.5,"type":"قوي"}},{"type":"Feature","geometry":{"type":"MultiPolygon","coordinates":[[[[-0.04223898734801909,36.063320030767144],[-0.029938525840806366,36.07190482236098],[-0.028793886961628382,36.07026476082669],[-0.04109434846884111,36.061679969232856],[-0.04223898734801909,36.063320030767144]]],[[[-0.025266052565479796,36.07394638879178],[-0.03108316471998435,36.07354488389527],[-0.0276492480824504,36.06862469929239],[-0.025266052565479796,36.07394638879178]]]]},"properties":{"speed":0.4009,"dir_deg":55.1,"type":"قوي"}},{"type":"Feature","geometry":{"type":"MultiPolygon","coordinates":[[[[-0.0006800319562516276,36.063233182472835],[0.010317705136315712,36.07343366181661],[0.011677769048818967,36.07196729687094],[0.0006800319562516276,36.061766817527165],[-0.0006800319562516276,36.063233182472835]]],[[[0.014663649456756453,36.07610063912503],[0.008957641223812457,36.074900026762286],[0.013037832961322222,36.07050093192526],[0.014663649456756453,36.07610063912503]]]]},"properties":{"speed":0.3457,"dir_deg":47.2,"type":"متوسط"}},{"type":"Feature","geometry":{"type":"MultiPolygon","coordinates":[[[[0.0408399109710824,36.06306255930047],[0.04927830047816126,36.075463913360686],[0.05093181435285665,36.07433879475975],[0.0424934248457778,36.06193744069953],[0.0408399109710824,36.06306255930047]]],[[[0.05291785391786858,36.07903513874695],[0.04762478660346587,36.07658903196163],[0.05258532822755204,36.0732136761588],[0.05291785391786858,36.07903513874695]]]]},"properties":{"speed":0.2833,"dir_deg":34.2,"type":"متوسط"}},{"type":"Feature","geometry":{"type":"MultiPolygon","coordinates":[[[[0.0823976691910781,36.062852885201444],[0.08769094721272495,36.076887884588174],[0.08956228046428914,36.076182114185286],[0.0842690024426423,36.062147114798556],[0.0823976691910781,36.062852885201444]]],[[[0.09039103984572268,36.081213332515645],[0.08581961396116077,36.07759365499106],[0.09143361371585333,36.0754763437824],[0.09039103984572268,36.081213332515645]]]]},"properties":{"speed":0.2061,"dir_deg":20.7,"type":"متوسط"}},{"type":"Feature","geometry":{"type":"MultiPolygon","coordinates":[[[[0.12401977596666666,36.062697890991394],[0.1269881408376076,36.077401251491395],[0.12894858890427427,36.077005469508606],[0.12598022403333334,36.062302109008606],[0.12401977596666666,36.062697890991394]]],[[[0.12895781982792123,36.082104480666665],[0.12502769277094092,36.07779703347419],[0.13090903697094095,36.07660968752581],[0.12895781982792123,36.082104480666665]]]]},"properties":{"speed":0.1719,"dir_deg":11.4,"type":"ضعيف"}},{"type":"Feature","geometry":{"type":"MultiPolygon","coordinates":[[[[-0.41652409447078625,36.10515772406861],[-0.4016773069279678,36.103019290142015],[-0.4019624314515137,36.101039718469636],[-0.41680921899433215,36.10317815239623],[-0.41652409447078625,36.10515772406861]]],[[[-0.3968709400088013,36.10131669299696],[-0.40139218240442187,36.10499886181439],[-0.4022475559750597,36.099060146797264],[-0.3968709400088013,36.10131669299696]]]]},"properties":{"speed":0.1707,"dir_deg":98.2,"type":"ضعيف"}},{"type":"Feature","geometry":{"type":"MultiPolygon","coordinates":[[[[-0.3750414018566239,36.105167080807966],[-0.36005426322343836,36.10578810865732],[-0.3599714595101906,36.10378982350623],[-0.3749585981433761,36.10316879565688],[-0.3750414018566239,36.105167080807966]]],[[[-0.355017148489086,36.1049959753649],[-0.3601370669366861,36.10778639380842],[-0.35988865579694285,36.10179153835514],[-0.355017148489086,36.1049959753649]]]]},"properties":{"speed":0.1912,"dir_deg":87.6,"type":"متوسط"}},{"type":"Feature","geometry":{"type":"MultiPolygon","coordinates":[[[[-0.33355489719478065,36.10514308635311],[-0.3189276753844688,36.10846639526321],[-0.3184845675297891,36.10651609902183],[-0.33311178934010094,36.103192790111734],[-0.33355489719478065,36.10514308635311]]],[[[-0.3138303808536917,36.108599016779216],[-0.3193707832391486,36.11041669150458],[-0.31804145967510933,36.104565802780456],[-0.3138303808536917,36.108599016779216]]]]},"properties":{"speed":0.2158,"dir_deg":77.2,"type":"متوسط"}},{"type":"Feature","geometry":{"type":"MultiPolygon","coordinates":[[[[-0.29202667392367426,36.10510088390185],[-0.27803248888227705,36.11050114176857],[-0.27731245450004693,36.10863525042972],[-0.29130663954144415,36.103234992562996],[-0.29202667392367426,36.10510088390185]]],[[[-0.27300774334402955,36.11136828205472],[-0.27875252326450717,36.112367033107425],[-0.2765924201178168,36.10676935909087],[-0.27300774334402955,36.11136828205472]]]]},"properties":{"speed":0.2382,"dir_deg":68.9,"type":"متوسط"}},{"type":"Feature","geometry":{"type":"MultiPolygon","coordinates":[[[[-0.2504454549697651,36.10506324257727],[-0.2370158897969795,36.11174506712375],[-0.2361249798574492,36.109954458434046],[-0.24955454503023486,36.10327263388757],[-0.2504454549697651,36.10506324257727]]],[[[-0.23209391310295246,36.113077037627725],[-0.23790679973650974,36.11353567581345],[-0.23523406991791895,36.108163849744344],[-0.23209391310295246,36.113077037627725]]]]},"properties":{"speed":0.2483,"dir_deg":63.5,"type":"متوسط"}},{"type":"Feature","geometry":{"type":"MultiPolygon","coordinates":[[[[-0.20887342030626205,36.10500954425448],[-0.19624932997537686,36.11311092335421],[-0.19516914609541197,36.1114277113101],[-0.20779323642629716,36.103326332210365],[-0.20887342030626205,36.10500954425448]]],[[[-0.19150120792509936,36.11496977703207],[-0.19732951385534178,36.114794135398334],[-0.19408896221544705,36.10974449926598],[-0.19150120792509936,36.11496977703207]]]]},"properties":{"speed":0.2555,"dir_deg":57.3,"type":"متوسط"}},{"type":"Feature","geometry":{"type":"MultiPolygon","coordinates":[[[[-0.1673130980301174,36.104930914584635],[-0.15586845274687391,36.11462731053059],[-0.1545755999540799,36.11310135782616],[-0.1660202452373234,36.10340496188021],[-0.1673130980301174,36.104930914584635]]],[[[-0.15140714458939575,36.11709646616036],[-0.15716130553966792,36.11615326323502],[-0.1532827471612859,36.11157540512173],[-0.15140714458939575,36.11709646616036]]]]},"properties":{"speed":0.2884,"dir_deg":49.7,"type":"متوسط"}},{"type":"Feature","geometry":{"type":"MultiPolygon","coordinates":[[[[-0.1256811437584569,36.104900087930446],[-0.11469889828811163,36.1151172443073],[-0.11333661077119782,36.11365294491125],[-0.1243188562415431,36.1034357885344],[-0.1256811437584569,36.104900087930446]]],[[[-0.11035700603953963,36.11779081340156],[-0.11606118580502545,36.11658154370335],[-0.111974323254284,36.112188645515204],[-0.11035700603953963,36.11779081340156]]]]},"properties":{"speed":0.3504,"dir_deg":47.1,"type":"متوسط"}},{"type":"Feature","geometry":{"type":"MultiPolygon","coordinates":[[[[-0.08397609282641584,36.10493400835106],[-0.07248504104687473,36.114575363494396],[-0.07119952702776344,36.11304322325712],[-0.08269057880730456,36.103401868113785],[-0.08397609282641584,36.10493400835106]]],[[[-0.06801193344413871,36.117023078423536],[-0.07377055506598601,36.11610750373167],[-0.06991401300865216,36.11151108301985],[-0.06801193344413871,36.117023078423536]]]]},"properties":{"speed":0.4035,"dir_deg":50.0,"type":"قوي"}},{"type":"Feature","geometry":{"type":"MultiPolygon","coordinates":[[[[-0.04226953372558898,36.104965780827484],[-0.030301894799601742,36.114008768084865],[-0.029096163165283982,36.11241308289474],[-0.041063802091271216,36.10337009563736],[-0.04226953372558898,36.104965780827484]]],[[[-0.02570981600711378,36.116225254575596],[-0.0315076264339195,36.115604453275],[-0.027890431530966223,36.11081739770461],[-0.02570981600711378,36.116225254575596]]]]},"properties":{"speed":0.4115,"dir_deg":52.9,"type":"قوي"}},{"type":"Feature","geometry":{"type":"MultiPolygon","coordinates":[[[[-0.0006414350571719595,36.104935115570086],[0.010866225007842612,36.11455664142767],[0.01214909512218653,36.11302228675234],[0.0006414350571719595,36.10340076089476],[-0.0006414350571719595,36.104935115570086]]],[[[0.015343546753352762,36.11699663937586],[0.009583354893498692,36.116090996103004],[0.01343196523653045,36.111487932077004],[0.015343546753352762,36.11699663937586]]]]},"properties":{"speed":0.3967,"dir_deg":50.1,"type":"قوي"}},{"type":"Feature","geometry":{"type":"MultiPolygon","coordinates":[[[[0.04092408709670332,36.104837694709104],[0.05097043424690758,36.115976406885004],[0.052455595870361145,36.11463689393164],[0.04240924872015688,36.10349818175574],[0.04092408709670332,36.104837694709104]]],[[[0.05506179744203578,36.11901955446696],[0.04948527262345401,36.11731591983836],[0.05394075749381472,36.11329738097828],[0.05506179744203578,36.11901955446696]]]]},"properties":{"speed":0.3713,"dir_deg":42.0,"type":"قوي"}},{"type":"Feature","geometry":{"type":"MultiPolygon","coordinates":[[[[0.0824886481534734,36.104703197750155],[0.0905175409194458,36.11737351270096],[0.0922069162462194,36.11630299366549],[0.084178023480247,36.10363267871469],[0.0824886481534734,36.104703197750155]]],[[[0.09403852617149008,36.12106169150016],[0.08882816559267222,36.118444031736416],[0.093896291572993,36.115232474630034],[0.09403852617149008,36.12106169150016]]]]},"properties":{"speed":0.3382,"dir_deg":32.4,"type":"متوسط"}},{"type":"Feature","geometry":{"type":"MultiPolygon","coordinates":[[[[0.12407785489538206,36.104554782394885],[0.1298805173322783,36.11838695896415],[0.13172480754151417,36.117613270639225],[0.12592214510461794,36.10378109406996],[0.12407785489538206,36.104554782394885]]],[[[0.13273688324919497,36.12261084032478],[0.12803622712304244,36.11916064728907],[0.13356909775075002,36.116839582314306],[0.13273688324919497,36.12261084032478]]]]},"properties":{"speed":0.2529,"dir_deg":22.8,"type":"متوسط"}},{"type":"Feature","geometry":{"type":"MultiPolygon","coordinates":[[[[0.16569914228437807,36.104420696927946],[0.16949052271718576,36.118933637168084],[0.17142558141587041,36.118428119777036],[0.16763420098306273,36.1039151795369],[0.16569914228437807,36.104420696927946]]],[[[0.17172184554413064,36.12351852521927],[0.16755546401850113,36.119439154559124],[0.17336064011455504,36.117922602385995],[0.17172184554413064,36.12351852521927]]]]},"properties":{"speed":0.1801,"dir_deg":14.6,"type":"متوسط"}},{"type":"Feature","geometry":{"type":"MultiPolygon","coordinates":[[[[-0.4165745789667066,36.146827813586576],[-0.4016383016817534,36.14544664709879],[-0.40182245721345866,36.14345514346079],[-0.41675873449841183,36.14483630994858],[-0.4165745789667066,36.146827813586576]]],[[[-0.3967516203526216,36.14399050645053],[-0.40145414615004815,36.14743815073678],[-0.4020066127451639,36.141463639822796],[-0.3967516203526216,36.14399050645053]]]]},"properties":{"speed":0.1804,"dir_deg":95.3,"type":"متوسط"}},{"type":"Feature","geometry":{"type":"MultiPolygon","coordinates":[[[[-0.3750613087497744,36.14683018061682],[-0.3600895260112276,36.147749811863434],[-0.35996690851167884,36.14575357416496],[-0.3749386912502256,36.14483394291834],[-0.3750613087497744,36.14683018061682]]],[[[-0.355037623015271,36.147058236763066],[-0.36021214351077646,36.149746049561905],[-0.35984429101213,36.143757336466486],[-0.355037623015271,36.147058236763066]]]]},"properties":{"speed":0.1836,"dir_deg":86.5,"type":"متوسط"}},{"type":"Feature","geometry":{"type":"MultiPolygon","coordinates":[[[[-0.33355897000152607,36.1468062755926],[-0.3189457626261805,36.150190676603884],[-0.31849450915801,36.148242248953835],[-0.3331077165333555,36.14485784794255],[-0.33355897000152607,36.1468062755926]]],[[[-0.31384906676698004,36.15034459644929],[-0.319397016094351,36.152139104253926],[-0.3180432556898395,36.14629382130379],[-0.31384906676698004,36.15034459644929]]]]},"properties":{"speed":0.194,"dir_deg":77.0,"type":"متوسط"}},{"type":"Feature","geometry":{"type":"MultiPolygon","coordinates":[[[[-0.2920070565848847,36.14677234254508],[-0.27790284492237854,36.15187834032996],[-0.2772220452177276,36.14999777877496],[-0.2913262568802337,36.14489178099008],[-0.2920070565848847,36.14677234254508]]],[[[-0.272861041182551,36.152640058814086],[-0.27858364462702956,36.15375890188496],[-0.2765412455130766,36.148117217219955],[-0.272861041182551,36.152640058814086]]]]},"properties":{"speed":0.2142,"dir_deg":70.1,"type":"متوسط"}},{"type":"Feature","geometry":{"type":"MultiPolygon","coordinates":[[[[-0.2504057889749913,36.14674602856554],[-0.23669628700557266,36.152832863190405],[-0.2358847090555901,36.151004929594485],[-0.24959421102500873,36.14491809496962],[-0.2504057889749913,36.14674602856554]]],[[[-0.23172066404077518,36.1539478412674],[-0.23750786495555523,36.15466079678633],[-0.23507313110560754,36.14917699599856],[-0.23172066404077518,36.1539478412674]]]]},"properties":{"speed":0.2297,"dir_deg":66.1,"type":"متوسط"}},{"type":"Feature","geometry":{"type":"MultiPolygon","coordinates":[[[[-0.20880420928083304,36.14671425855079],[-0.19557125753265542,36.15377747226909],[-0.19462949570354854,36.15201307870267],[-0.20786244745172616,36.14494986498437],[-0.20880420928083304,36.14671425855079]]],[[[-0.19068939270204277,36.155249680058645],[-0.1965130193617623,36.15554186583552],[-0.19368773387444166,36.15024868513625],[-0.19068939270204277,36.155249680058645]]]]},"properties":{"speed":0.2389,"dir_deg":61.9,"type":"متوسط"}},{"type":"Feature","geometry":{"type":"MultiPolygon","coordinates":[[[[-0.16722404961201995,36.14666232063643],[-0.15477016657924622,36.155022990310925],[-0.15365541062264712,36.15336247257322],[-0.16610929365542085,36.145001802898726],[-0.16722404961201995,36.14666232063643]]],[[[-0.15006149425668877,36.15697962133357],[-0.15588492253584532,36.15668350804863],[-0.15254065466604802,36.15170195483552],[-0.15006149425668877,36.15697962133357]]]]},"properties":{"speed":0.2572,"dir_deg":56.1,"type":"متوسط"}},{"type":"Feature","geometry":{"type":"MultiPolygon","coordinates":[[[[-0.12561432102705758,36.14662111796058],[-0.1137784781320265,36.15583593336644],[-0.11254983607791134,36.15425782098044],[-0.12438567897294242,36.14504300557458],[-0.12561432102705758,36.14662111796058]]],[[[-0.10921887613995857,36.15811848230873],[-0.11500712018614166,36.157414045752446],[-0.11132119402379619,36.152679708594434],[-0.10921887613995857,36.15811848230873]]]]},"properties":{"speed":0.2913,"dir_deg":52.1,"type":"متوسط"}},{"type":"Feature","geometry":{"type":"MultiPolygon","coordinates":[[[[-0.0839680711144202,36.146604791411136],[-0.07237712646106816,36.156125820874536],[-0.07110765586594815,36.15458036158742],[-0.0826986005193002,36.14505933212402],[-0.0839680711144202,36.146604791411136]]],[[[-0.06787874294572414,36.158526767718776],[-0.07364659705618815,36.15767128016165],[-0.06983818527082816,36.153034902300305],[-0.06787874294572414,36.158526767718776]]]]},"properties":{"speed":0.3352,"dir_deg":50.6,"type":"متوسط"}},{"type":"Feature","geometry":{"type":"MultiPolygon","coordinates":[[[[-0.04231297884091565,36.14659513593078],[-0.030866866392853957,36.15628979991806],[-0.029574244527882855,36.15476365159166],[-0.04102035697594455,36.145068987604375],[-0.04231297884091565,36.14659513593078]]],[[[-0.026405184644347844,36.15875828041729],[-0.03215948825782506,36.157815948244476],[-0.028281622662911753,36.153237503265245],[-0.026405184644347844,36.15875828041729]]]]},"properties":{"speed":0.3698,"dir_deg":49.7,"type":"قوي"}},{"type":"Feature","geometry":{"type":"MultiPolygon","coordinates":[[[[-0.0006530336357441593,36.14658939067274],[0.010706899941615439,36.1563848952089],[0.012012967213103758,36.15487023739858],[0.0006530336357441593,36.14507473286242],[-0.0006530336357441593,36.14658939067274]]],[[[0.015146578103146131,36.158892734482464],[0.00940083267012712,36.15789955301921],[0.013319034484592077,36.15335557958827],[0.015146578103146131,36.158892734482464]]]]},"properties":{"speed":0.3853,"dir_deg":49.2,"type":"قوي"}},{"type":"Feature","geometry":{"type":"MultiPolygon","coordinates":[[[[0.04095071890022565,36.14653021434234],[0.05142300752170128,36.15726944946541],[0.05285490553811018,36.15587314431588],[0.04238261691663455,36.145133909192815],[0.04095071890022565,36.14653021434234]]],[[[0.055629719403730946,36.16015104193167],[0.04999110950529237,36.158665754614944],[0.05428680355451909,36.15447683916635],[0.055629719403730946,36.16015104193167]]]]},"properties":{"speed":0.4054,"dir_deg":44.3,"type":"قوي"}},{"type":"Feature","geometry":{"type":"MultiPolygon","coordinates":[[[[0.08255978999625946,36.14646580214299],[0.09206589562748435,36.158068989452005],[0.09361298726868583,36.15680150870118],[0.08410688163746094,36.145198321392165],[0.08255978999625946,36.14646580214299]]],[[[0.09600814332516006,36.16130297817959],[0.09051880398628288,36.15933647020284],[0.0951600789098873,36.155534027950345],[0.09600814332516006,36.16130297817959]]]]},"properties":{"speed":0.4102,"dir_deg":39.3,"type":"قوي"}},{"type":"Feature","geometry":{"type":"MultiPolygon","coordinates":[[[[0.12417408587322439,36.14639585770158],[0.1326310248831918,36.15878456960321],[0.134282853136743,36.157656977735215],[0.1258259141267756,36.14526826583358],[0.12417408587322439,36.14639585770158]]],[[[0.13627591867995656,36.16235034430309],[0.13097919662964058,36.159912161471205],[0.13593468139029424,36.15652938586722],[0.13627591867995656,36.16235034430309]]]]},"properties":{"speed":0.384,"dir_deg":34.3,"type":"قوي"}},{"type":"Feature","geometry":{"type":"MultiPolygon","coordinates":[[[[0.16582817368421424,36.146376966519504],[0.17400174496313756,36.1589544357621],[0.17567874086214988,36.157864626258245],[0.16750516958322656,36.14528715701565],[0.16582817368421424,36.146376966519504]]],[[[0.17756476667228482,36.1626020207577],[0.17232474906412523,36.16004424526596],[0.1773557367611622,36.156774816754385],[0.17756476667228482,36.1626020207577]]]]},"properties":{"speed":0.2887,"dir_deg":33.0,"type":"متوسط"}},{"type":"Feature","geometry":{"type":"MultiPolygon","coordinates":[[[[0.20740583128705248,36.14620589216766],[0.21301328728827654,36.160118348356065],[0.21486828144673079,36.159370687555906],[0.20926082544550673,36.1454582313675],[0.20740583128705248,36.14620589216766]]],[[[0.2158099363679117,36.164382003352124],[0.21115829312982232,36.16086600915623],[0.216723275605185,36.15862302675574],[0.2158099363679117,36.164382003352124]]]]},"properties":{"speed":0.1682,"dir_deg":22.0,"type":"ضعيف"}},{"type":"Feature","geometry":{"type":"MultiPolygon","coordinates":[[[[0.24900102924206863,36.14578670292282],[0.2483206465706572,36.16077126429179],[0.2503185880865199,36.160861981981306],[0.25099897075793137,36.14587742061234],[0.24900102924206863,36.14578670292282]]],[[[0.24909282310478476,36.16581147692621],[0.24632270505479448,36.160680546602265],[0.25231652960238266,36.16095269967083],[0.24909282310478476,36.16581147692621]]]]},"properties":{"speed":0.0804,"dir_deg":357.4,"type":"ضعيف"}},{"type":"Feature","geometry":{"type":"MultiPolygon","coordinates":[[[[-0.4166730403718043,36.18849997962437],[-0.4016733460062931,36.188595734213045],[-0.4016605787278029,36.18659577496431],[-0.4166602730933141,36.18650002037563],[-0.4166730403718043,36.18849997962437]]],[[[-0.396667064245211,36.1876276727849],[-0.40168611328478326,36.19059569346178],[-0.4016478114493128,36.184595815715575],[-0.396667064245211,36.1876276727849]]]]},"properties":{"speed":0.1737,"dir_deg":89.6,"type":"ضعيف"}},{"type":"Feature","geometry":{"type":"MultiPolygon","coordinates":[[[[-0.3751068060218064,36.18849427987695],[-0.3601926078675701,36.190096370204046],[-0.3599789958239573,36.18810781045015],[-0.3748931939781936,36.18650572012305],[-0.3751068060218064,36.18849427987695]]],[[[-0.35511440246101833,36.18963612043613],[-0.360406219911183,36.19208492995794],[-0.35976538378034445,36.18611925069625],[-0.35511440246101833,36.18963612043613]]]]},"properties":{"speed":0.1549,"dir_deg":83.9,"type":"ضعيف"}},{"type":"Feature","geometry":{"type":"MultiPolygon","coordinates":[[[[-0.3335452090095166,36.188477298780995],[-0.31888572729458897,36.19165528491213],[-0.3184619958104373,36.18970068735014],[-0.333121477525365,36.186522701219005],[-0.3335452090095166,36.188477298780995]]],[[[-0.3137873676475373,36.19173731484152],[-0.3193094587787406,36.19360988247412],[-0.3180382643262857,36.18774608978815],[-0.3137873676475373,36.19173731484152]]]]},"properties":{"speed":0.1441,"dir_deg":77.8,"type":"ضعيف"}},{"type":"Feature","geometry":{"type":"MultiPolygon","coordinates":[[[[-0.2919678130676512,36.18845357478041],[-0.27766419136150117,36.19297091980679],[-0.2770618786913172,36.19106377024597],[-0.2913655003974672,36.18654642521959],[-0.2919678130676512,36.18845357478041]]],[[[-0.27259516112435916,36.19352312670184],[-0.27826650403168507,36.19487806936761],[-0.2764595660211333,36.18915662068515],[-0.27259516112435916,36.19352312670184]]]]},"properties":{"speed":0.1572,"dir_deg":72.5,"type":"ضعيف"}},{"type":"Feature","geometry":{"type":"MultiPolygon","coordinates":[[[[-0.2503642522621875,36.18843130032186],[-0.23639474743432992,36.19389508425467],[-0.23566624290995486,36.19203248361095],[-0.24963574773781247,36.18656869967814],[-0.2503642522621875,36.18843130032186]]],[[[-0.23137399356285654,36.19478504524375],[-0.23712325195870496,36.19575768489838],[-0.23493773838557983,36.19016988296724],[-0.23137399356285654,36.19478504524375]]]]},"properties":{"speed":0.1845,"dir_deg":68.6,"type":"متوسط"}},{"type":"Feature","geometry":{"type":"MultiPolygon","coordinates":[[[[-0.20875911336501524,36.188404824366856],[-0.19518674786221382,36.19479159934789],[-0.19433517786474255,36.192981950614175],[-0.20790754336754397,36.186595175633144],[-0.20875911336501524,36.188404824366856]]],[[[-0.19023684102921104,36.196015699974716],[-0.19603831785968506,36.19660124808159],[-0.1934836078672713,36.19117230188047],[-0.19023684102921104,36.196015699974716]]]]},"properties":{"speed":0.2092,"dir_deg":64.8,"type":"متوسط"}},{"type":"Feature","geometry":{"type":"MultiPolygon","coordinates":[[[[-0.16717035698873767,36.18836388718195],[-0.1542120492594563,36.195919167507206],[-0.15320467854942177,36.194191393143306],[-0.16616298627870313,36.18663611281805],[-0.16717035698873767,36.18836388718195]]],[[[-0.14938892799467857,36.19757370710035],[-0.15521941996949085,36.19764694187111],[-0.15219730783938723,36.1924636187794],[-0.14938892799467857,36.19757370710035]]]]},"properties":{"speed":0.2301,"dir_deg":59.8,"type":"متوسط"}},{"type":"Feature","geometry":{"type":"MultiPolygon","coordinates":[[[[-0.12556888348688997,36.18832241812866],[-0.1132326115570327,36.19685567043201],[-0.11209484458325279,36.195210834174695],[-0.12443111651311005,36.18667758187134],[-0.12556888348688997,36.18832241812866]]],[[[-0.10855163742685697,36.1988776697378],[-0.1143703785308126,36.19850050668932],[-0.11095707760947289,36.19356599791738],[-0.10855163742685697,36.1988776697378]]]]},"properties":{"speed":0.2524,"dir_deg":55.3,"type":"متوسط"}},{"type":"Feature","geometry":{"type":"MultiPolygon","coordinates":[[[[-0.08395484576504257,36.18828340627028],[-0.07220375171087769,36.19760605549302],[-0.07096073181451294,36.19603924295246],[-0.08271182586867783,36.18671659372972],[-0.08395484576504257,36.18828340627028]]],[[[-0.067665210411307,36.19993019896365],[-0.07344677160724242,36.19917286803357],[-0.06971771191814821,36.194472430411906],[-0.067665210411307,36.19993019896365]]]]},"properties":{"speed":0.2821,"dir_deg":51.6,"type":"متوسط"}},{"type":"Feature","geometry":{"type":"MultiPolygon","coordinates":[[[[-0.042333806758785925,36.1882449333892],[-0.03115980592077676,36.19825201614454],[-0.02982552822006511,36.19676214936614],[-0.040999529058074274,36.1867550666108],[-0.042333806758785925,36.1882449333892]]],[[[-0.02676800012441788,36.20084277700712],[-0.03249408362148841,36.199741882922936],[-0.028491250519353462,36.19527228258774],[-0.02676800012441788,36.20084277700712]]]]},"properties":{"speed":0.3204,"dir_deg":48.2,"type":"متوسط"}},{"type":"Feature","geometry":{"type":"MultiPolygon","coordinates":[[[[-0.0006706575705068216,36.18824176709493],[0.010455848853453244,36.19830163065253],[0.011797163994466888,36.19681809646267],[0.0006706575705068216,36.18675823290507],[-0.0006706575705068216,36.18824176709493]]],[[[0.014835341898613423,36.200913151410134],[0.009114533712439601,36.199785164842396],[0.013138479135480531,36.195334562272805],[0.014835341898613423,36.200913151410134]]]]},"properties":{"speed":0.3495,"dir_deg":47.9,"type":"متوسط"}},{"type":"Feature","geometry":{"type":"MultiPolygon","coordinates":[[[[0.040951628621352265,36.188199084270984],[0.05143789268609073,36.19892467357715],[0.0528679712602464,36.197526505035185],[0.042381707195507934,36.186800915729016],[0.040951628621352265,36.188199084270984]]],[[[0.055648353328081386,36.201800785741554],[0.05000781411193506,36.200322842119114],[0.05429804983440207,36.196128336493224],[0.055648353328081386,36.201800785741554]]]]},"properties":{"speed":0.3879,"dir_deg":44.4,"type":"قوي"}},{"type":"Feature","geometry":{"type":"MultiPolygon","coordinates":[[[[0.08257090629165521,36.18814707126276],[0.09227697523312335,36.19958351414083],[0.09380183428353332,36.19828937161531],[0.08409576534206518,36.18685292873724],[0.08257090629165521,36.18814707126276]]],[[[0.09627476107215105,36.2027485905041],[0.09075211618271338,36.200877656666364],[0.0953266933339433,36.19699522908978],[0.09627476107215105,36.2027485905041]]]]},"properties":{"speed":0.4312,"dir_deg":40.3,"type":"قوي"}},{"type":"Feature","geometry":{"type":"MultiPolygon","coordinates":[[[[0.12421501355932534,36.18811951294414],[0.13350770772142423,36.19989430955426],[0.1350776806027736,36.19865528366598],[0.12578498644067468,36.18688048705586],[0.12421501355932534,36.18811951294414]]],[[[0.13739025888279854,36.203199728813495],[0.1319377348400749,36.20113333544254],[0.13664765348412292,36.1974162577777],[0.13739025888279854,36.203199728813495]]]]},"properties":{"speed":0.4444,"dir_deg":38.3,"type":"قوي"}},{"type":"Feature","geometry":{"type":"MultiPolygon","coordinates":[[[[0.1658586369080022,36.188089134858956],[0.17469565979229684,36.20020965574473],[0.17631172924373323,36.19903138602682],[0.1674747063594386,36.186910865141044],[0.1658586369080022,36.188089134858956]]],[[[0.17844936881277992,36.20366069451436],[0.17307959034086048,36.20138792546263],[0.1779277986951696,36.19785311630891],[0.17844936881277992,36.20366069451436]]]]},"properties":{"speed":0.4188,"dir_deg":36.1,"type":"قوي"}},{"type":"Feature","geometry":{"type":"MultiPolygon","coordinates":[[[[0.20753386543779537,36.188100715428455],[0.21654459686456465,36.20009265935572],[0.21814352272153312,36.19889122849881],[0.20913279129476384,36.186899284571545],[0.20753386543779537,36.188100715428455]]],[[[0.22034763693530532,36.20348925856968],[0.21494567100759618,36.20129409021262],[0.2197424485785016,36.19768979764191],[0.22034763693530532,36.20348925856968]]]]},"properties":{"speed":0.2655,"dir_deg":36.9,"type":"متوسط"}},{"type":"Feature","geometry":{"type":"MultiPolygon","coordinates":[[[[0.24910085889788905,36.18793765886087],[0.255665741810882,36.20142477539253],[0.25746402401510393,36.200549457670796],[0.250899141102111,36.18706234113913],[0.24910085889788905,36.18793765886087]]],[[[0.2587531772173239,36.20548282204222],[0.2538674596066601,36.20230009311426],[0.25926230621932583,36.19967413994907],[0.2587531772173239,36.20548282204222]]]]},"properties":{"speed":0.1387,"dir_deg":26.0,"type":"ضعيف"}},{"type":"Feature","geometry":{"type":"MultiPolygon","coordinates":[[[[0.2907839871456721,36.18796999404292],[0.29783389778954,36.20121003784623],[0.2995992369633142,36.200270049760384],[0.2925493263194463,36.18703000595708],[0.2907839871456721,36.18796999404292]]],[[[0.3010665375910497,36.205153391737745],[0.29606855861576575,36.20215002593208],[0.30136457613708845,36.19933006167454],[0.3010665375910497,36.205153391737745]]]]},"properties":{"speed":0.0659,"dir_deg":28.0,"type":"ضعيف"}},{"type":"Feature","geometry":{"type":"MultiPolygon","coordinates":[[[[-0.41676345017844374,36.23016324272293],[-0.4018338828207604,36.2316151444112],[-0.4016402959289913,36.22962453543018],[-0.41656986328667467,36.22817263374191],[-0.41676345017844374,36.23016324272293]]],[[[-0.3967605669223147,36.23110380715011],[-0.4020274697125294,36.233605753392226],[-0.4014467090372223,36.22763392644916],[-0.3967605669223147,36.23110380715011]]]]},"properties":{"speed":0.1584,"dir_deg":84.4,"type":"ضعيف"}},{"type":"Feature","geometry":{"type":"MultiPolygon","coordinates":[[[[-0.37514765491738244,36.23015697717269],[-0.3603120708133144,36.23237180093343],[-0.3600167609785495,36.23039372305289],[-0.37485234508261756,36.22817889929215],[-0.37514765491738244,36.23015697717269]]],[[[-0.35521922119457594,36.23212103658007],[-0.3606073806480793,36.23434987881397],[-0.3597214511437846,36.22841564517235],[-0.35521922119457594,36.23212103658007]]]]},"properties":{"speed":0.1392,"dir_deg":81.5,"type":"ضعيف"}},{"type":"Feature","geometry":{"type":"MultiPolygon","coordinates":[[[[-0.3335505322864248,36.23014406779863],[-0.3189085887932483,36.23340190308339],[-0.3184742107552803,36.23144964395097],[-0.3331161542484568,36.22819180866621],[-0.3335505322864248,36.23014406779863]]],[[[-0.31381075194320546,36.2335117186121],[-0.31934296683121627,36.23535416221581],[-0.31803983271731234,36.22949738481854],[-0.31381075194320546,36.2335117186121]]]]},"properties":{"speed":0.1257,"dir_deg":77.5,"type":"ضعيف"}},{"type":"Feature","geometry":{"type":"MultiPolygon","coordinates":[[[[-0.2919813812193742,36.23011712130086],[-0.2777436351928859,36.23483798860308],[-0.2771141862192559,36.23293962246621],[-0.2913519322457442,36.22821875516399],[-0.2919813812193742,36.23011712130086]]],[[[-0.27268299536390816,36.23546242796872],[-0.2783730841665159,36.236736354739946],[-0.2764847372456259,36.23104125632935],[-0.27268299536390816,36.23546242796872]]]]},"properties":{"speed":0.1319,"dir_deg":71.7,"type":"ضعيف"}},{"type":"Feature","geometry":{"type":"MultiPolygon","coordinates":[[[[-0.250394816379716,36.2300866982807],[-0.2366134156555774,36.236008943976444],[-0.2358237828961454,36.234171423879886],[-0.249605183620284,36.22824917818414],[-0.250394816379716,36.2300866982807]]],[[[-0.23162479903448183,36.23706426582674],[-0.2374030484150094,36.237846464072994],[-0.2350341501367134,36.232333903783335],[-0.23162479903448183,36.23706426582674]]]]},"properties":{"speed":0.1565,"dir_deg":66.7,"type":"ضعيف"}},{"type":"Feature","geometry":{"type":"MultiPolygon","coordinates":[[[[-0.2087721578622091,36.2300665085822],[-0.19529360261552153,36.23664895102114],[-0.19441594362366255,36.23485181032159],[-0.2078944988703501,36.228269367882646],[-0.2087721578622091,36.2300665085822]]],[[[-0.19036192137069616,36.23794452815101],[-0.19617126160738052,36.2384460917207],[-0.19353828463180356,36.23305466962203],[-0.19036192137069616,36.23794452815101]]]]},"properties":{"speed":0.1829,"dir_deg":64.0,"type":"متوسط"}},{"type":"Feature","geometry":{"type":"MultiPolygon","coordinates":[[[[-0.16716685816055937,36.2300338559181],[-0.1541780928753995,36.23753665382068],[-0.15317771982172154,36.235804818449324],[-0.16616648510688142,36.22830202054674],[-0.16716685816055937,36.2300338559181]]],[[[-0.14934831792017386,36.2391716687692],[-0.1551784659290774,36.239268489192035],[-0.15217734676804362,36.23407298307797],[-0.14934831792017386,36.2391716687692]]]]},"properties":{"speed":0.2068,"dir_deg":60.0,"type":"متوسط"}},{"type":"Feature","geometry":{"type":"MultiPolygon","coordinates":[[[[-0.12556281934670127,36.229994518163814],[-0.11316412037583247,36.238436808364334],[-0.11203848168242996,36.23678364850155],[-0.12443718065329874,36.22834135830103],[-0.12556281934670127,36.229994518163814]]],[[[-0.10846840137217494,36.240424325166444],[-0.11428975906923498,36.24008996822712],[-0.11091284298902744,36.23513048863877],[-0.10846840137217494,36.240424325166444]]]]},"properties":{"speed":0.2267,"dir_deg":55.7,"type":"متوسط"}},{"type":"Feature","geometry":{"type":"MultiPolygon","coordinates":[[[[-0.08396537291482813,36.22994287636337],[-0.07234130095065551,36.239423432832886],[-0.07107722675471966,36.237873556570996],[-0.08270129871889227,36.22839300010148],[-0.08396537291482813,36.22994287636337]]],[[[-0.06783457319796338,36.24180868019178],[-0.07360537514659136,36.24097330909478],[-0.0698131525587838,36.236323680309106],[-0.06783457319796338,36.24180868019178]]]]},"properties":{"speed":0.2515,"dir_deg":50.8,"type":"متوسط"}},{"type":"Feature","geometry":{"type":"MultiPolygon","coordinates":[[[[-0.04234050047885936,36.22990682230115],[-0.03125723944785147,36.24001431085759],[-0.02990957430699296,36.23853654272013],[-0.04099283533800084,36.22842905416369],[-0.04234050047885936,36.22990682230115]]],[[[-0.02688898653375292,36.24264458964101],[-0.03260490458870998,36.24149207899506],[-0.028561909166134446,36.23705877458266],[-0.02688898653375292,36.24264458964101]]]]},"properties":{"speed":0.2808,"dir_deg":47.6,"type":"متوسط"}},{"type":"Feature","geometry":{"type":"MultiPolygon","coordinates":[[[[-0.000701430043795471,36.229880676539],[0.00998964455484726,36.24040212719593],[0.011392504642438201,36.23897665058278],[0.000701430043795471,36.22845519992585],[-0.000701430043795471,36.229880676539]]],[[[0.014254766131523641,36.24319653910833],[0.008586784467256317,36.24182760380908],[0.012795364730029145,36.23755117396963],[0.014254766131523641,36.24319653910833]]]]},"properties":{"speed":0.3064,"dir_deg":45.5,"type":"متوسط"}},{"type":"Feature","geometry":{"type":"MultiPolygon","coordinates":[[[[0.04093863015464616,36.229853475269394],[0.05122168570927968,36.24077404157615],[0.05267776121684756,36.23940296750221],[0.04239470566221404,36.22848240119545],[0.04093863015464616,36.229853475269394]]],[[[0.05537740864794145,36.2437286933081],[0.04976561020171181,36.2421451156501],[0.05413383672441543,36.23803189342826],[0.05537740864794145,36.2437286933081]]]]},"properties":{"speed":0.3398,"dir_deg":43.3,"type":"متوسط"}},{"type":"Feature","geometry":{"type":"MultiPolygon","coordinates":[[[[0.08256547644627055,36.22980855667346],[0.092174753061837,36.241326447232304],[0.09371047180301631,36.240045210350225],[0.08410119518744985,36.22852731979138],[0.08256547644627055,36.22980855667346]]],[[[0.09614570463761547,36.244525125644216],[0.09063903432065769,36.242607684114375],[0.09524619054419563,36.23876397346815],[0.09614570463761547,36.244525125644216]]]]},"properties":{"speed":0.4034,"dir_deg":39.8,"type":"قوي"}},{"type":"Feature","geometry":{"type":"MultiPolygon","coordinates":[[[[0.12420923967264495,36.22978006412199],[0.13339112801618866,36.24164146903232],[0.13497264867089873,36.24041721725318],[0.12579076032735503,36.228555812342854],[0.12420923967264495,36.22978006412199]]],[[[0.13724251779139157,36.244983144779525],[0.13180960736147856,36.24286572081146],[0.13655416932560882,36.23919296547404],[0.13724251779139157,36.244983144779525]]]]},"properties":{"speed":0.4559,"dir_deg":37.7,"type":"قوي"}},{"type":"Feature","geometry":{"type":"MultiPolygon","coordinates":[[[[0.16585807852153783,36.22975630646655],[0.17468360203345817,36.24188520314929],[0.1763007882578233,36.240708466681035],[0.16747526474590296,36.228579569998296],[0.16585807852153783,36.22975630646655]]],[[[0.17843403631628085,36.245339800476074],[0.17306641580909307,36.24306193961755],[0.1779179744821884,36.239531730212775],[0.17843403631628085,36.245339800476074]]]]},"properties":{"speed":0.4705,"dir_deg":36.0,"type":"قوي"}},{"type":"Feature","geometry":{"type":"MultiPolygon","coordinates":[[[[0.20752226162722845,36.229752891858624],[0.21629656602023348,36.24191889294439],[0.21791869949833578,36.24074898569199],[0.20914439510533075,36.22858298460622],[0.20752226162722845,36.229752891858624]]],[[[0.2200324008902863,36.245389273013444],[0.21467443254213114,36.24308880019679],[0.21954083297643812,36.23957907843959],[0.2200324008902863,36.245389273013444]]]]},"properties":{"speed":0.3819,"dir_deg":35.8,"type":"قوي"}},{"type":"Feature","geometry":{"type":"MultiPolygon","coordinates":[[[[0.24913760945790858,36.229674181803155],[0.2567312630189444,36.242610039934526],[0.2584560441031272,36.24159755279306],[0.2508623905420914,36.22866169466169],[0.24913760945790858,36.229674181803155]]],[[[0.2601248714147144,36.24641574907425],[0.2550064819347615,36.243622527076],[0.2601808251873101,36.24058506565159],[0.2601248714147144,36.24641574907425]]]]},"properties":{"speed":0.2551,"dir_deg":30.4,"type":"متوسط"}},{"type":"Feature","geometry":{"type":"MultiPolygon","coordinates":[[[[0.29074124154595793,36.22954689302182],[0.2964255633869297,36.24342812082084],[0.29827639376013226,36.24267021124204],[0.2925920719191605,36.228788983443025],[0.29074124154595793,36.22954689302182]]],[[[0.2992457525205216,36.24767624196445],[0.2945747330137272,36.24418603039963],[0.30012722413333476,36.24191230166325],[0.2992457525205216,36.24767624196445]]]]},"properties":{"speed":0.1185,"dir_deg":22.3,"type":"ضعيف"}},{"type":"Feature","geometry":{"type":"MultiPolygon","coordinates":[[[[0.3323426631873545,36.22903172891218],[0.3302995233837571,36.24389193011348],[0.3322808835439297,36.244164348753955],[0.3343240233475271,36.22930414755266],[0.3323426631873545,36.22903172891218]]],[[[0.33060915686264425,36.24898153983415],[0.3283181632235845,36.243619511473],[0.33426224370410235,36.24443676739443],[0.33060915686264425,36.24898153983415]]]]},"properties":{"speed":0.0726,"dir_deg":352.2,"type":"ضعيف"}},{"type":"Feature","geometry":{"type":"MultiPolygon","coordinates":[[[[0.3740116710896047,36.229015603190895],[0.37172664546670814,36.243840536846825],[0.37370330328749873,36.24414520692988],[0.3759883289103953,36.22932027327395],[0.3740116710896047,36.229015603190895]]],[[[0.37195329916947123,36.24893451644033],[0.36974998764591754,36.24353586676377],[0.37567996110828933,36.24444987701293],[0.37195329916947123,36.24893451644033]]]]},"properties":{"speed":0.0599,"dir_deg":351.2,"type":"ضعيف"}},{"type":"Feature","geometry":{"type":"MultiPolygon","coordinates":[[[[0.4161558601609959,36.23002763984489],[0.4290513843480082,36.23768958841834],[0.43007297749113477,36.2359701851934],[0.4171774533041225,36.22830823661995],[0.4161558601609959,36.23002763984489]]],[[[0.43386068898190894,36.23938386966369],[0.42802979120488166,36.23940899164327],[0.4310945706342613,36.23425078196847],[0.43386068898190894,36.23938386966369]]]]},"properties":{"speed":0.0135,"dir_deg":59.3,"type":"ضعيف"}},{"type":"Feature","geometry":{"type":"MultiPolygon","coordinates":[[[[-0.41674589028265885,36.271828917847735],[-0.4017930490803593,36.273017421099226],[-0.40163458198016,36.27102370893891],[-0.41658742318245956,36.26983520568742],[-0.41674589028265885,36.271828917847735]]],[[[-0.39672953512949316,36.27241673276957],[-0.4019515161805586,36.27501113325953],[-0.4014761148799607,36.269029996778606],[-0.39672953512949316,36.27241673276957]]]]},"properties":{"speed":0.1455,"dir_deg":85.5,"type":"ضعيف"}},{"type":"Feature","geometry":{"type":"MultiPolygon","coordinates":[[[[-0.3751322611068095,36.2718232766785],[-0.36026403744304436,36.27380719328064],[-0.3599995152294254,36.2718247634588],[-0.3748677388931905,36.26984084685666],[-0.3751322611068095,36.2718232766785]]],[[[-0.3551757017816465,36.273477283903766],[-0.3605285596566633,36.275789623102476],[-0.35973499301580647,36.269842333636966],[-0.3551757017816465,36.273477283903766]]]]},"properties":{"speed":0.1343,"dir_deg":82.4,"type":"ضعيف"}},{"type":"Feature","geometry":{"type":"MultiPolygon","coordinates":[[[[-0.3335804776675165,36.27180104297911],[-0.31904575949455816,36.27550805898024],[-0.3185514906944068,36.27357009655719],[-0.3330862088673651,36.26986308055605],[-0.3335804776675165,36.27180104297911]]],[[[-0.31395371903682967,36.27577474976909],[-0.31954002829470957,36.27744602140331],[-0.3180572218942554,36.27163213413412],[-0.31395371903682967,36.27577474976909]]]]},"properties":{"speed":0.127,"dir_deg":75.7,"type":"ضعيف"}},{"type":"Feature","geometry":{"type":"MultiPolygon","coordinates":[[[[-0.29206197039560716,36.27175060796011],[-0.2782837775076878,36.27768031290583],[-0.2774931501815919,36.27584322052077],[-0.29127134306951125,36.26991351557505],[-0.29206197039560716,36.27175060796011]]],[[[-0.27329573288200004,36.278738335028535],[-0.2790744048337837,36.27951740529088],[-0.27670252285549596,36.27400612813572],[-0.27329573288200004,36.278738335028535]]]]},"properties":{"speed":0.13,"dir_deg":66.7,"type":"ضعيف"}},{"type":"Feature","geometry":{"type":"MultiPolygon","coordinates":[[[[-0.2504955699790783,36.27170062978209],[-0.23746704976137217,36.279134179468265],[-0.2364759098032156,36.277397043439244],[-0.2495044300209217,36.26996349375307],[-0.2504955699790783,36.27170062978209]]],[[[-0.2326286397097252,36.28074346134915],[-0.23845818971952876,36.28087131549729],[-0.235484769845059,36.275659907410216],[-0.2326286397097252,36.28074346134915]]]]},"properties":{"speed":0.1442,"dir_deg":60.3,"type":"ضعيف"}},{"type":"Feature","geometry":{"type":"MultiPolygon","coordinates":[[[[-0.2088405603712002,36.27169387131335],[-0.19591341718461575,36.27930235138716],[-0.19489895317477457,36.27757873229561],[-0.20782609636135901,36.2699702522218],[-0.2088405603712002,36.27169387131335]]],[[[-0.19109713745083365,36.28097670186599],[-0.1969278811944569,36.2810259704787],[-0.19388448916493342,36.27585511320407],[-0.19109713745083365,36.28097670186599]]]]},"properties":{"speed":0.1638,"dir_deg":59.5,"type":"ضعيف"}},{"type":"Feature","geometry":{"type":"MultiPolygon","coordinates":[[[[-0.16719017291764,36.27168408665321],[-0.15440979963317494,36.27953660591201],[-0.15336279706533576,36.277832556140744],[-0.1661431703498008,36.26998003688195],[-0.16719017291764,36.27168408665321]]],[[[-0.14962617392110034,36.28130208744597],[-0.15545680220101415,36.28124065568327],[-0.15231579449749655,36.27612850636948],[-0.14962617392110034,36.28130208744597]]]]},"properties":{"speed":0.1933,"dir_deg":58.4,"type":"متوسط"}},{"type":"Feature","geometry":{"type":"MultiPolygon","coordinates":[[[[-0.12555560669053756,36.27166350701859],[-0.1130839279253622,36.27999760737665],[-0.11197271454428706,36.27833471687463],[-0.12444439330946243,36.27000061651657],[-0.12555560669053756,36.27166350701859]]],[[[-0.10837109497976617,36.281944195578326],[-0.11419514130643733,36.281660497878676],[-0.11086150116321193,36.276671826372606],[-0.10837109497976617,36.281944195578326]]]]},"properties":{"speed":0.2204,"dir_deg":56.2,"type":"متوسط"}},{"type":"Feature","geometry":{"type":"MultiPolygon","coordinates":[[[[-0.08395137141609599,36.27161821187925],[-0.0721591197410603,36.280888745867784],[-0.07092304854258873,36.27931644564444],[-0.08271530021762441,36.270045911655906],[-0.08395137141609599,36.27161821187925]]],[[[-0.06761033358347929,36.2831927737523],[-0.0733951909395319,36.28246104609112],[-0.06968697734411713,36.2777441454211],[-0.06761033358347929,36.2831927737523]]]]},"properties":{"speed":0.2429,"dir_deg":51.8,"type":"متوسط"}},{"type":"Feature","geometry":{"type":"MultiPolygon","coordinates":[[[[-0.04230668401207603,36.271600423262626],[-0.030781261586341525,36.28120066481731],[-0.029501229379049667,36.279663941827216],[-0.04102665180478417,36.27006370027253],[-0.04230668401207603,36.271600423262626]]],[[[-0.026299438007450764,36.2836323838405],[-0.032061293793633386,36.28273738780741],[-0.02822119717175781,36.27812721883712],[-0.026299438007450764,36.2836323838405]]]]},"properties":{"speed":0.2649,"dir_deg":50.2,"type":"متوسط"}},{"type":"Feature","geometry":{"type":"MultiPolygon","coordinates":[[[[-0.0006788237385149242,36.271566363021854],[0.01033569507559765,36.281748719099575],[0.0116933425526275,36.28028011659102],[0.0006788237385149242,36.2700977605133],[-0.0006788237385149242,36.271566363021854]]],[[[0.014686025085483435,36.284408536537875],[0.008978047598567802,36.28321732160812],[0.013050990029657348,36.27881151408248],[0.014686025085483435,36.284408536537875]]]]},"properties":{"speed":0.2805,"dir_deg":47.2,"type":"متوسط"}},{"type":"Feature","geometry":{"type":"MultiPolygon","coordinates":[[[[0.04093476071898116,36.27151346610131],[0.051155825725007396,36.28249207394305],[0.052619640103905276,36.28112926527558],[0.04239857509787904,36.270150657433845],[0.04093476071898116,36.27151346610131]]],[[[0.055294754583131746,36.28547020555656],[0.04969201134610951,36.28385488261052],[0.05408345448280316,36.27976645660811],[0.055294754583131746,36.28547020555656]]]]},"properties":{"speed":0.3128,"dir_deg":43.0,"type":"متوسط"}},{"type":"Feature","geometry":{"type":"MultiPolygon","coordinates":[[[[0.08256095626158125,36.27146722302473],[0.09208837511886339,36.28305291635391],[0.0936331342294213,36.28178259383961],[0.08410571537213915,36.27019690051043],[0.08256095626158125,36.27146722302473]]],[[[0.09603656095990305,36.286279652873155],[0.09054361600830549,36.28432323886822],[0.0951778933399792,36.2805122713253],[0.09603656095990305,36.286279652873155]]]]},"properties":{"speed":0.3633,"dir_deg":39.4,"type":"قوي"}},{"type":"Feature","geometry":{"type":"MultiPolygon","coordinates":[[[[0.1241828458006002,36.27140848089842],[0.13282913276326416,36.28366579388942],[0.1344634411620638,36.28251295562773],[0.12581715419939982,36.270255642636734],[0.1241828458006002,36.27140848089842]]],[[[0.13652838261688532,36.287175145755576],[0.13119482436446456,36.28481863215111],[0.1360977495608634,36.28136011736604],[0.13652838261688532,36.287175145755576]]]]},"properties":{"speed":0.4358,"dir_deg":35.2,"type":"قوي"}},{"type":"Feature","geometry":{"type":"MultiPolygon","coordinates":[[[[0.16584242185150572,36.271398288132666],[0.17433581732780304,36.28376203486589],[0.1759843168922324,36.28262958213571],[0.16749092141593508,36.27026583540249],[0.16584242185150572,36.271398288132666]]],[[[0.17799119893545015,36.28731705741187],[0.17268731776337368,36.28489448759606],[0.17763281645666176,36.28149712940554],[0.17799119893545015,36.28731705741187]]]]},"properties":{"speed":0.4895,"dir_deg":34.5,"type":"قوي"}},{"type":"Feature","geometry":{"type":"MultiPolygon","coordinates":[[[[0.20751283160526815,36.27140371294196],[0.21608759922096427,36.28371116435713],[0.21772859274298717,36.282567862008364],[0.20915382512729105,36.270260410593195],[0.20751283160526815,36.27140371294196]]],[[[0.21976635185387441,36.28724199698781],[0.2144466056989414,36.28485446670589],[0.21936958626501005,36.281424559659605],[0.21976635185387441,36.28724199698781]]]]},"properties":{"speed":0.4634,"dir_deg":34.9,"type":"قوي"}},{"type":"Feature","geometry":{"type":"MultiPolygon","coordinates":[[[[0.24914575239206746,36.27135192811996],[0.2569437476778346,36.28416564223895],[0.25865224289369965,36.283125909534185],[0.2508542476079325,36.270312195415194],[0.24914575239206746,36.27135192811996]]],[[[0.26039732704768953,36.287917013926226],[0.25523525246196954,36.28520537494372],[0.2603607381095647,36.28208617682942],[0.26039732704768953,36.287917013926226]]]]},"properties":{"speed":0.3624,"dir_deg":31.3,"type":"قوي"}},{"type":"Feature","geometry":{"type":"MultiPolygon","coordinates":[[[[0.2907600194008401,36.27125397259789],[0.29708868185549736,36.28485353257368],[0.29890195651893553,36.284009710913054],[0.2925732940642783,36.270410150937266],[0.2907600194008401,36.27125397259789]]],[[[0.3001048733387689,36.28896480840196],[0.2952754071920592,36.285697354234294],[0.3007152311823737,36.28316588925244],[0.3001048733387689,36.28896480840196]]]]},"properties":{"speed":0.2227,"dir_deg":25.0,"type":"متوسط"}},{"type":"Feature","geometry":{"type":"MultiPolygon","coordinates":[[[[0.33240882913866654,36.27121320954167],[0.3381260457500762,36.28508092147329],[0.3399750740076247,36.2843186259251],[0.33425785739621505,36.270450913993486],[0.33240882913866654,36.27121320954167]]],[[[0.3409562987493203,36.28932234434306],[0.3362770174925277,36.28584321702148],[0.34182410226517324,36.28355633037691],[0.3409562987493203,36.28932234434306]]]]},"properties":{"speed":0.1125,"dir_deg":22.4,"type":"ضعيف"}},{"type":"Feature","geometry":{"type":"MultiPolygon","coordinates":[[[[0.3740879227574157,36.27124208018614],[0.3802381990358405,36.28492323882491],[0.3820623535210091,36.28410320198778],[0.3759120772425843,36.270422043349015],[0.3740879227574157,36.27124208018614]]],[[[0.3832003683712331,36.28907360661926],[0.37841404455067185,36.28574327566203],[0.38388650800617774,36.283283165150664],[0.3832003683712331,36.28907360661926]]]]},"properties":{"speed":0.0784,"dir_deg":24.2,"type":"ضعيف"}},{"type":"Feature","geometry":{"type":"MultiPolygon","coordinates":[[[[0.4159464753048689,36.27152584754951],[0.42635326203383783,36.282328568964864],[0.42779362488921846,36.280940997401],[0.4173868381602495,36.270138275985644],[0.4159464753048689,36.27152584754951]]],[[[0.4305423723711845,36.285235690321386],[0.42491289917845726,36.283716140528725],[0.42923398774459903,36.279553425837136],[0.4305423723711845,36.285235690321386]]]]},"properties":{"speed":0.028,"dir_deg":43.9,"type":"ضعيف"}},{"type":"Feature","geometry":{"type":"MultiPolygon","coordinates":[[[[0.45736469175830835,36.27108048530482],[0.4610910448169278,36.285610257941805],[0.4630283478351927,36.28511341086732],[0.45930199477657324,36.270583638230335],[0.45736469175830835,36.27108048530482]]],[[[0.4633018140122667,36.29020509195023],[0.459153741798663,36.286107105016285],[0.46496565085345753,36.28461656379284],[0.4633018140122667,36.29020509195023]]]]},"properties":{"speed":0.0413,"dir_deg":14.4,"type":"ضعيف"}},{"type":"Feature","geometry":{"type":"MultiPolygon","coordinates":[[[[0.4993790543940718,36.271615915423865],[0.5111368592384147,36.28093009951279],[0.512378750450271,36.27936239220021],[0.5006209456059282,36.27004820811129],[0.4993790543940718,36.271615915423865]]],[[[0.5156770731257906,36.28325097388614],[0.5098949680265582,36.28249780682537],[0.5136206416621275,36.27779468488763],[0.5156770731257906,36.28325097388614]]]]},"properties":{"speed":0.0203,"dir_deg":51.6,"type":"ضعيف"}},{"type":"Feature","geometry":{"type":"MultiPolygon","coordinates":[[[[-0.4166938044098625,36.313499631433885],[-0.40169933290154203,36.31390684659343],[-0.4016450375469355,36.31190758372566],[-0.41663950905525593,36.311500368566115],[-0.4166938044098625,36.313499631433885]]],[[[-0.3966740280547986,36.313042953546066],[-0.40175362825614863,36.31590610946121],[-0.4015907421923289,36.309908320857886],[-0.3966740280547986,36.313042953546066]]]]},"properties":{"speed":0.125,"dir_deg":88.4,"type":"ضعيف"}},{"type":"Feature","geometry":{"type":"MultiPolygon","coordinates":[[[[-0.37513567528670805,36.313490753358096],[-0.3602743749152818,36.31552588265872],[-0.3600030243418657,36.31354437594253],[-0.37486432471329195,36.311509246641904],[-0.37513567528670805,36.313490753358096]]],[[[-0.3551849328380983,36.315213505734164],[-0.36054572548869795,36.31750738937491],[-0.35973167376844956,36.311562869226336],[-0.3551849328380983,36.315213505734164]]]]},"properties":{"speed":0.1131,"dir_deg":82.2,"type":"ضعيف"}},{"type":"Feature","geometry":{"type":"MultiPolygon","coordinates":[[[[-0.33366542984218966,36.313443248910346],[-0.31951669618697853,36.31842454753158],[-0.3188525230374808,36.316538049710886],[-0.3330012566926919,36.311556751089654],[-0.33366542984218966,36.313443248910346]]],[[[-0.31446836506049264,36.31914173149498],[-0.3201808693364762,36.32031104535228],[-0.3181883498879831,36.31465155189019],[-0.31446836506049264,36.31914173149498]]]]},"properties":{"speed":0.1066,"dir_deg":70.6,"type":"ضعيف"}},{"type":"Feature","geometry":{"type":"MultiPolygon","coordinates":[[[[-0.2921812040129959,36.313357462008604],[-0.27931927388397104,36.321075671215155],[-0.27829017932309763,36.31936074719795],[-0.2911521094521225,36.311642537991396],[-0.2921812040129959,36.313357462008604]]],[[[-0.27451741656052603,36.32279094560874],[-0.28034836844484445,36.322790595232355],[-0.2772610847622242,36.31764582318075],[-0.27451741656052603,36.32279094560874]]]]},"properties":{"speed":0.1123,"dir_deg":59.0,"type":"ضعيف"}},{"type":"Feature","geometry":{"type":"MultiPolygon","coordinates":[[[[-0.2506012039894437,36.3132990955907],[-0.23861477012893612,36.32231715543236],[-0.23741236215004874,36.32071896425096],[-0.2493987960105563,36.3117009044093],[-0.2506012039894437,36.3132990955907]]],[[[-0.2340180881859899,36.32452407978887],[-0.2398171781078235,36.32391534661376],[-0.23620995417116136,36.31912077306956],[-0.2340180881859899,36.32452407978887]]]]},"properties":{"speed":0.1248,"dir_deg":53.0,"type":"ضعيف"}},{"type":"Feature","geometry":{"type":"MultiPolygon","coordinates":[[[[-0.20893326179259036,36.31330004992594],[-0.19693251290350494,36.322299051320606],[-0.19573264605088342,36.32069895146872],[-0.20773339493996884,36.31169995007406],[-0.20893326179259036,36.31330004992594]]],[[[-0.19233232984749904,36.32449866852622],[-0.19813237975612644,36.32389915117248],[-0.19453277919826192,36.31909885161684],[-0.19233232984749904,36.32449866852622]]]]},"properties":{"speed":0.1386,"dir_deg":53.1,"type":"ضعيف"}},{"type":"Feature","geometry":{"type":"MultiPolygon","coordinates":[[[[-0.16727223505622238,36.31329579704783],[-0.15533527933884092,36.32237924838536],[-0.15412415249383696,36.3207876542897],[-0.16606110821121842,36.31170420295217],[-0.16727223505622238,36.31329579704783]]],[[[-0.15075073067721179,36.32461126845004],[-0.1565464061838449,36.32397084248101],[-0.15291302564883297,36.31919606019405],[-0.15075073067721179,36.32461126845004]]]]},"properties":{"speed":0.1633,"dir_deg":52.7,"type":"ضعيف"}},{"type":"Feature","geometry":{"type":"MultiPolygon","coordinates":[[[[-0.1256062168132352,36.313295299424965],[-0.11367672543874796,36.32238855162349],[-0.11246429181227757,36.32079795277356],[-0.1243937831867648,36.311704700575035],[-0.1256062168132352,36.313295299424965]]],[[[-0.10909401150068368,36.324624336264705],[-0.11488915906521836,36.32397915047342],[-0.11125185818580717,36.31920735392363],[-0.10909401150068368,36.324624336264705]]]]},"properties":{"speed":0.1889,"dir_deg":52.7,"type":"متوسط"}},{"type":"Feature","geometry":{"type":"MultiPolygon","coordinates":[[[[-0.08395748148561896,36.313281307995716],[-0.07223786154987973,36.322643493027094],[-0.0709895702123622,36.32108087703566],[-0.08270919014810144,36.311718692004284],[-0.08395748148561896,36.313281307995716]]],[[[-0.06770717590254122,36.32498291337517],[-0.07348615288739725,36.324206109018526],[-0.06974127887484467,36.31951826104423],[-0.06770717590254122,36.32498291337517]]]]},"properties":{"speed":0.2114,"dir_deg":51.4,"type":"متوسط"}},{"type":"Feature","geometry":{"type":"MultiPolygon","coordinates":[[[[-0.04228962647683403,36.31328225483191],[-0.030555803998130435,36.32262663335797],[-0.029309886861322586,36.32106212369415],[-0.04104370934002617,36.31171774516809],[-0.04228962647683403,36.31328225483191]]],[[[-0.026021571270158646,36.32495917136808],[-0.03180172113493829,36.3241911430218],[-0.028063969724514734,36.31949761403032],[-0.026021571270158646,36.32495917136808]]]]},"properties":{"speed":0.2482,"dir_deg":51.5,"type":"متوسط"}},{"type":"Feature","geometry":{"type":"MultiPolygon","coordinates":[[[[-0.0006245736117231283,36.313280965942624],[0.011089915527641998,36.32264957011847],[0.012339062751088255,36.32108763823322],[0.0006245736117231283,36.311719034057376],[-0.0006245736117231283,36.313280965942624]]],[[[0.015619318852486836,36.324991472234466],[0.009840768304195741,36.32421150200372],[0.013588209974534513,36.319525706347974],[0.015619318852486836,36.324991472234466]]]]},"properties":{"speed":0.2632,"dir_deg":51.3,"type":"متوسط"}},{"type":"Feature","geometry":{"type":"MultiPolygon","coordinates":[[[[0.04092473525923421,36.313170474417156],[0.05098185151653495,36.3242994641551],[0.05246571681492673,36.322958515320785],[0.04240860055762599,36.311829525582844],[0.04092473525923421,36.313170474417156]]],[[[0.05507615625149776,36.32733865298392],[0.04949798621814317,36.3256404129894],[0.05394958211331851,36.32161756648648],[0.05507615625149776,36.32733865298392]]]]},"properties":{"speed":0.2952,"dir_deg":42.1,"type":"متوسط"}},{"type":"Feature","geometry":{"type":"MultiPolygon","coordinates":[[[[0.08252991310103326,36.31309540905241],[0.09146104888720194,36.325146749789816],[0.09306789431885581,36.323955931685],[0.08413675853268714,36.31190459094759],[0.08252991310103326,36.31309540905241]]],[[[0.09524151686508511,36.32856845431654],[0.08985420345554805,36.32633756789464],[0.0946747397505097,36.322765113580175],[0.09524151686508511,36.32856845431654]]]]},"properties":{"speed":0.3335,"dir_deg":36.5,"type":"متوسط"}},{"type":"Feature","geometry":{"type":"MultiPolygon","coordinates":[[[[0.12414834726206342,36.313024106491056],[0.13200994462787616,36.325798897560105],[0.13371325010374932,36.32475068457799],[0.12585165273793658,36.311975893508944],[0.12414834726206342,36.313024106491056]]],[[[0.13548212982108365,36.329533054758734],[0.130306639152003,36.32684711054221],[0.13541655557962248,36.32370247159589],[0.13548212982108365,36.329533054758734]]]]},"properties":{"speed":0.4075,"dir_deg":31.6,"type":"قوي"}},{"type":"Feature","geometry":{"type":"MultiPolygon","coordinates":[[[[0.16581208702277486,36.31301931218235],[0.17360176975799524,36.32583808134653],[0.1753109389798863,36.324799456981836],[0.16752125624466593,36.31198068781765],[0.16581208702277486,36.31301931218235]]],[[[0.1770529152806809,36.32959169221891],[0.17189260053610417,36.32687670571123],[0.17702010820177738,36.32376083261714],[0.1770529152806809,36.32959169221891]]]]},"properties":{"speed":0.4752,"dir_deg":31.3,"type":"قوي"}},{"type":"Feature","geometry":{"type":"MultiPolygon","coordinates":[[[[0.20747599042095438,36.313014753967934],[0.21519729993998984,36.325874823147814],[0.21691197583064029,36.324845315211945],[0.20919066631160482,36.311985246032066],[0.20747599042095438,36.313014753967934]]],[[[0.21862840772499356,36.329646758906506],[0.21348262404933943,36.32690433108369],[0.2186266517212907,36.32381580727607],[0.21862840772499356,36.329646758906506]]]]},"properties":{"speed":0.4874,"dir_deg":31.0,"type":"قوي"}},{"type":"Feature","geometry":{"type":"MultiPolygon","coordinates":[[[[0.24911312516300227,36.31296200976559],[0.25604327164684815,36.32626513232056],[0.2578170213208436,36.325341112789374],[0.25088687483699773,36.31203799023441],[0.24911312516300227,36.31296200976559]]],[[[0.2592401953117945,36.330237496739954],[0.25426952197285274,36.327189151851734],[0.259590770994839,36.3244170932582],[0.2592401953117945,36.330237496739954]]]]},"properties":{"speed":0.4221,"dir_deg":27.5,"type":"قوي"}},{"type":"Feature","geometry":{"type":"MultiPolygon","coordinates":[[[[0.2907433387327866,36.312884036289034],[0.29650388306831454,36.326733806285624],[0.2983505190678597,36.325965733707555],[0.2925899747323318,36.312115963710966],[0.2907433387327866,36.312884036289034]]],[[[0.29934738251326304,36.33096635999545],[0.29465724706876933,36.32750187886369],[0.3001971550674049,36.32519766112949],[0.29934738251326304,36.33096635999545]]]]},"properties":{"speed":0.3001,"dir_deg":22.6,"type":"متوسط"}},{"type":"Feature","geometry":{"type":"MultiPolygon","coordinates":[[[[0.33242020650700976,36.31290765335366],[0.3385350068118958,36.32660470476013],[0.34036128033275787,36.325789398052805],[0.33424648002787183,36.31209234664634],[0.33242020650700976,36.31290765335366]]],[[[0.34148641034062216,36.33076273520862],[0.3367087332910337,36.327420011467446],[0.34218755385362,36.32497409134549],[0.34148641034062216,36.33076273520862]]]]},"properties":{"speed":0.1872,"dir_deg":24.1,"type":"متوسط"}},{"type":"Feature","geometry":{"type":"MultiPolygon","coordinates":[[[[0.3742105344487104,36.31311379487072],[0.38341745750956957,36.324955778140065],[0.3849963886121488,36.32372818839862],[0.3757894655512896,36.31188620512928],[0.3742105344487104,36.31311379487072]]],[[[0.38727589741447893,36.32828931102579],[0.3818385264069904,36.32618336788151],[0.38657531971472797,36.32250059865717],[0.38727589741447893,36.32828931102579]]]]},"properties":{"speed":0.1154,"dir_deg":37.9,"type":"ضعيف"}},{"type":"Feature","geometry":{"type":"MultiPolygon","coordinates":[[[[0.4163518041652491,36.31344914059067],[0.43058891302530566,36.31817192910032],[0.4312186181599259,36.31627364791898],[0.4169815092998693,36.31155085940933],[0.4163518041652491,36.31344914059067]]],[[[0.435649468545968,36.3187970513462],[0.4299592078906854,36.32007021028166],[0.43184832329454614,36.31437536673764],[0.435649468545968,36.3187970513462]]]]},"properties":{"speed":0.0823,"dir_deg":71.6,"type":"ضعيف"}},{"type":"Feature","geometry":{"type":"MultiPolygon","coordinates":[[[[0.45815893213976694,36.31348467291957],[0.47292902593338565,36.31610083983468],[0.47327784818873336,36.31413149399554],[0.45850775439511465,36.31151532708043],[0.45815893213976694,36.31348467291957]]],[[[0.4780268016589324,36.31598822255348],[0.4725802036780379,36.31807018567383],[0.47362667044408113,36.31216214815639],[0.4780268016589324,36.31598822255348]]]]},"properties":{"speed":0.0934,"dir_deg":80.0,"type":"ضعيف"}},{"type":"Feature","geometry":{"type":"MultiPolygon","coordinates":[[[[0.49986485726649343,36.31349082614094],[0.5147272493806716,36.31551796714354],[0.5149975348476847,36.31353631486166],[0.5001351427335066,36.31150917385906],[0.49986485726649343,36.31349082614094]]],[[[0.5198165228189042,36.31520285467013],[0.5144569639136585,36.31749961942543],[0.5152678203146979,36.311554662579766],[0.5198165228189042,36.31520285467013]]]]},"properties":{"speed":0.0969,"dir_deg":82.2,"type":"ضعيف"}},{"type":"Feature","geometry":{"type":"MultiPolygon","coordinates":[[[[0.5412081674084688,36.31338868453948],[0.5545384355006926,36.32026647143567],[0.5554554737535182,36.31848910235671],[0.5421252056612944,36.31161131546052],[0.5412081674084688,36.31338868453948]]],[[[0.5594403773245133,36.321670382528254],[0.5536213972478669,36.32204384051464],[0.556372512006344,36.31671173327774],[0.5594403773245133,36.321670382528254]]]]},"properties":{"speed":0.0961,"dir_deg":62.7,"type":"ضعيف"}},{"type":"Feature","geometry":{"type":"MultiPolygon","coordinates":[[[[0.5826065263765583,36.313186862815925],[0.5929094686154539,36.324088669144324],[0.5943630427925741,36.32271494351247],[0.5840601005536785,36.311813137184075],[0.5826065263765583,36.313186862815925]]],[[[0.5970705697836459,36.327035741771205],[0.5914558944383337,36.325462394776174],[0.5958166169696943,36.32134121788062],[0.5970705697836459,36.327035741771205]]]]},"properties":{"speed":0.1114,"dir_deg":43.4,"type":"ضعيف"}},{"type":"Feature","geometry":{"type":"MultiPolygon","coordinates":[[[[-0.4166989267552337,36.355167417419615],[-0.4017067389473041,36.355651467759735],[-0.4016421989019551,36.35365250938535],[-0.41663438670988473,36.35316845904523],[-0.4166989267552337,36.355167417419615]]],[[[-0.39667707298865307,36.35481333868591],[-0.401771278992653,36.35765042613413],[-0.4015776588566062,36.351653551010955],[-0.39667707298865307,36.35481333868591]]]]},"properties":{"speed":0.0978,"dir_deg":88.2,"type":"ضعيف"}},{"type":"Feature","geometry":{"type":"MultiPolygon","coordinates":[[[[-0.3751875738584589,36.35515018873389],[-0.3604538163365252,36.35796379661077],[-0.36007866861960736,36.35599929560784],[-0.3748124261415411,36.35318568773096],[-0.3751875738584589,36.35515018873389]]],[[[-0.35535498997075504,36.3579194154016],[-0.360828964053443,36.35992829761369],[-0.35970352090268953,36.354034794604914],[-0.35535498997075504,36.3579194154016]]]]},"properties":{"speed":0.0849,"dir_deg":79.2,"type":"ضعيف"}},{"type":"Feature","geometry":{"type":"MultiPolygon","coordinates":[[[[-0.33377351848755327,36.35506585012988],[-0.3203048400256642,36.36166847843157],[-0.31942448958543923,36.359872654636646],[-0.3328931680473283,36.35327002633496],[-0.33377351848755327,36.35506585012988]]],[[[-0.3153751053182553,36.362971442634674],[-0.32118519046588917,36.36346430222648],[-0.31854413914521423,36.35807683084173],[-0.3153751053182553,36.362971442634674]]]]},"properties":{"speed":0.0765,"dir_deg":63.9,"type":"ضعيف"}},{"type":"Feature","geometry":{"type":"MultiPolygon","coordinates":[[[[-0.29229850488888054,36.35494303042523],[-0.28067212199674696,36.36442075277005],[-0.2794084256841043,36.36287056838443],[-0.29103480857623787,36.35339284603961],[-0.29229850488888054,36.35494303042523]]],[[[-0.2761648128763811,36.36680490135885],[-0.2819358183093897,36.365970937155666],[-0.27814472937146156,36.361320383998816],[-0.2761648128763811,36.36680490135885]]]]},"properties":{"speed":0.0819,"dir_deg":50.8,"type":"ضعيف"}},{"type":"Feature","geometry":{"type":"MultiPolygon","coordinates":[[[[-0.25066484350606477,36.35491492090454],[-0.23946010342430493,36.364887573495515],[-0.23813041641217544,36.36339360815128],[-0.24933515649393526,36.3534209555603],[-0.25066484350606477,36.35491492090454]]],[[[-0.2350603465576536,36.367464808353716],[-0.24078979043643442,36.36638153883975],[-0.23680072940004596,36.361899642807046],[-0.2350603465576536,36.367464808353716]]]]},"properties":{"speed":0.0959,"dir_deg":48.3,"type":"ضعيف"}},{"type":"Feature","geometry":{"type":"MultiPolygon","coordinates":[[[[-0.20894599036177103,36.35495828327054],[-0.1970908147899753,36.36414821320291],[-0.19586549079899246,36.36256752312667],[-0.20772066637078818,36.3533775931943],[-0.20894599036177103,36.35495828327054]]],[[[-0.1925264276038853,36.366421178142254],[-0.1983161387809582,36.36572890327915],[-0.19464016680800958,36.36098683305043],[-0.1925264276038853,36.366421178142254]]]]},"properties":{"speed":0.1124,"dir_deg":52.2,"type":"ضعيف"}},{"type":"Feature","geometry":{"type":"MultiPolygon","coordinates":[[[[-0.16726075285948533,36.354972343290335],[-0.15519467699081257,36.36388356167681],[-0.1540065145392827,36.36227475156098],[-0.16607259040795547,36.35336353317451],[-0.16726075285948533,36.354972343290335]]],[[[-0.15057857047549006,36.36604956274772],[-0.15638283944234246,36.36549237179263],[-0.15281835208775282,36.36066594144516],[-0.15057857047549006,36.36604956274772]]]]},"properties":{"speed":0.1337,"dir_deg":53.6,"type":"ضعيف"}},{"type":"Feature","geometry":{"type":"MultiPolygon","coordinates":[[[[-0.12556484005403742,36.35499313864042],[-0.11318683393411344,36.36346573945098],[-0.11205715382603859,36.36181533863499],[-0.12443515994596258,36.35334273782443],[-0.12556484005403742,36.35499313864042]]],[[[-0.10849599184010135,36.36546473931317],[-0.11431651404218827,36.36511614026697],[-0.11092747371796376,36.360164937819],[-0.10849599184010135,36.36546473931317]]]]},"properties":{"speed":0.1502,"dir_deg":55.6,"type":"ضعيف"}},{"type":"Feature","geometry":{"type":"MultiPolygon","coordinates":[[[[-0.08389438814615176,36.35499571856789],[-0.07147768311405016,36.363411503507265],[-0.07035557845546704,36.361755942836325],[-0.08277228348756864,36.35334015789695],[-0.08389438814615176,36.35499571856789]]],[[[-0.06677772910739141,36.36538898481825],[-0.07259978777263326,36.36506706417821],[-0.06923347379688394,36.36010038216538],[-0.06677772910739141,36.36538898481825]]]]},"properties":{"speed":0.1675,"dir_deg":55.9,"type":"ضعيف"}},{"type":"Feature","geometry":{"type":"MultiPolygon","coordinates":[[[[-0.04226793700562099,36.354966984834796],[-0.030282237970031448,36.36398602129266],[-0.02907969977564967,36.36238792808791],[-0.04106539881123921,36.35336889163005],[-0.04226793700562099,36.354966984834796]]],[[[-0.025685735860977377,36.36619332017624],[-0.031484776164413225,36.3655841144974],[-0.027877161581267892,36.36078983488317],[-0.025685735860977377,36.36619332017624]]]]},"properties":{"speed":0.2125,"dir_deg":53.0,"type":"متوسط"}},{"type":"Feature","geometry":{"type":"MultiPolygon","coordinates":[[[[-0.0006203382966631643,36.354952272598425],[0.011144677193379119,36.36425734704837],[0.012385353786705447,36.36268867831637],[0.0006203382966631643,36.35338360386642],[-0.0006203382966631643,36.354952272598425]]],[[[0.01568668732005638,36.366574704165686],[0.00990400060005279,36.36582601578038],[0.013626030380031776,36.36112000958436],[0.01568668732005638,36.366574704165686]]]]},"properties":{"speed":0.223,"dir_deg":51.7,"type":"متوسط"}},{"type":"Feature","geometry":{"type":"MultiPolygon","coordinates":[[[[0.040874270706221474,36.354777943702835],[0.05002435276239386,36.36666390173596],[0.05160914716681111,36.365443890795135],[0.042459065110638725,36.35355793276201],[0.040874270706221474,36.354777943702835]]],[[[0.053866777316659946,36.3700158822766],[0.048439558357976614,36.36788391267678],[0.05319394157122835,36.364223879854315],[0.053866777316659946,36.3700158822766]]]]},"properties":{"speed":0.2731,"dir_deg":37.6,"type":"متوسط"}},{"type":"Feature","geometry":{"type":"MultiPolygon","coordinates":[[[[0.08249926179417824,36.35471959077224],[0.09077404989144129,36.36723070111247],[0.0924421979368052,36.36612739603283],[0.08416740983954216,36.3536162856926],[0.08249926179417824,36.35471959077224]]],[[[0.09436638661321092,36.37084941868606],[0.08910590184607738,36.3683340061921],[0.09411034598216912,36.3650240909532],[0.09436638661321092,36.37084941868606]]]]},"properties":{"speed":0.3278,"dir_deg":33.5,"type":"متوسط"}},{"type":"Feature","geometry":{"type":"MultiPolygon","coordinates":[[[[0.1241255412160812,36.354653038052284],[0.13140203851396667,36.36776991981107],[0.13315095608180424,36.36679972017134],[0.12587445878391879,36.35368283841256],[0.1241255412160812,36.354653038052284]]],[[[0.1347019963971806,36.3716571139108],[0.12965312094612907,36.368740119450784],[0.13489987364964184,36.365829520531626],[0.1347019963971806,36.3716571139108]]]]},"properties":{"speed":0.3911,"dir_deg":29.0,"type":"قوي"}},{"type":"Feature","geometry":{"type":"MultiPolygon","coordinates":[[[[0.16578215106594826,36.35463443942769],[0.1727796689949937,36.36790224794427],[0.17454871013053797,36.36696924555373],[0.16755119220149253,36.35370143703715],[0.16578215106594826,36.35463443942769]]],[[[0.1759966955391143,36.37185834958787],[0.17101062785944943,36.36883525033481],[0.17631775126608223,36.366036243163194],[0.1759966955391143,36.37185834958787]]]]},"properties":{"speed":0.4462,"dir_deg":27.8,"type":"قوي"}},{"type":"Feature","geometry":{"type":"MultiPolygon","coordinates":[[[[0.2074307311767743,36.35459842436867],[0.21388802322041425,36.368137382211245],[0.21569321759942486,36.36727640993875],[0.2092359255557849,36.353737452096176],[0.2074307311767743,36.35459842436867]]],[[[0.21694305109113288,36.37221988202253],[0.21208282884140367,36.36899835448373],[0.21749841197843545,36.36641543766627],[0.21694305109113288,36.37221988202253]]]]},"properties":{"speed":0.4695,"dir_deg":25.5,"type":"قوي"}},{"type":"Feature","geometry":{"type":"MultiPolygon","coordinates":[[[[0.2490645115336075,36.35452129545853],[0.25436486992530966,36.36855362245442],[0.2562358468580947,36.3678469080022],[0.2509354884663925,36.35381458100631],[0.2490645115336075,36.35452129545853]]],[[[0.2570671445222696,36.37287770756027],[0.25249389299252467,36.36926033690665],[0.2581068237908797,36.36714019354997],[0.2570671445222696,36.37287770756027]]]]},"properties":{"speed":0.4435,"dir_deg":20.7,"type":"قوي"}},{"type":"Feature","geometry":{"type":"MultiPolygon","coordinates":[[[[0.2907190917316572,36.35448750132332],[0.29551253809515754,36.36870097633685],[0.2974076680969615,36.36806185015505],[0.2926142217334612,36.353848375141524],[0.2907190917316572,36.35448750132332]]],[[[0.29805791855055963,36.37311923825046],[0.2936174080933535,36.36934010251865],[0.29930279809876553,36.36742272397325],[0.29805791855055963,36.37311923825046]]]]},"properties":{"speed":0.3541,"dir_deg":18.6,"type":"متوسط"}},{"type":"Feature","geometry":{"type":"MultiPolygon","coordinates":[[[[0.3324080405131758,36.35454716746778],[0.3380964790435331,36.368426708781755],[0.33994708455206313,36.36766825031104],[0.3342586460217058,36.353788708997065],[0.3324080405131758,36.35454716746778]]],[[[0.34091792797458387,36.372673993317726],[0.33624587353500307,36.36918516725247],[0.3417976900605932,36.36690979184033],[0.34091792797458387,36.372673993317726]]]]},"properties":{"speed":0.2394,"dir_deg":22.3,"type":"متوسط"}},{"type":"Feature","geometry":{"type":"MultiPolygon","coordinates":[[[[0.37424359965165016,36.35482204717825],[0.38405523383911655,36.3661680524035],[0.38556803453581623,36.36485983451184],[0.37575640034834984,36.35351382928659],[0.37424359965165016,36.35482204717825]]],[[[0.38808217891662183,36.36929594519942],[0.3825424331424169,36.367476270295164],[0.38708083523251585,36.36355161662018],[0.38808217891662183,36.36929594519942]]]]},"properties":{"speed":0.1281,"dir_deg":40.9,"type":"ضعيف"}},{"type":"Feature","geometry":{"type":"MultiPolygon","coordinates":[[[[0.41648999591734454,36.35515221002231],[0.43125407276565203,36.35780212225053],[0.43160739439608137,36.355833578670754],[0.4168433175477739,36.35318366644253],[0.41648999591734454,36.35515221002231]]],[[[0.43635209253030255,36.35770115453671],[0.4309007511352227,36.359770665830304],[0.4319607160265107,36.35386503509098],[0.43635209253030255,36.35770115453671]]]]},"properties":{"speed":0.091,"dir_deg":79.8,"type":"ضعيف"}},{"type":"Feature","geometry":{"type":"MultiPolygon","coordinates":[[[[0.45839190363247295,36.355166222101694],[0.4733661616715426,36.35428781662621],[0.4732490409414783,36.35229124888767],[0.45827478290240864,36.35316965436315],[0.45839190363247295,36.355166222101694]]],[[[0.478299020652867,36.35299673093178],[0.4734832824016069,36.356284384364756],[0.473131920211414,36.35029468114912],[0.478299020652867,36.35299673093178]]]]},"properties":{"speed":0.1003,"dir_deg":93.4,"type":"ضعيف"}},{"type":"Feature","geometry":{"type":"MultiPolygon","coordinates":[[[[0.49990992786178273,36.35516387347626],[0.5148489565193402,36.356514955549514],[0.5150291007957746,36.35452308506184],[0.5000900721382172,36.353172002988586],[0.49990992786178273,36.35516387347626]]],[[[0.5199187048767431,36.35596938099677],[0.5146688122429056,36.35850682603719],[0.5152092450722091,36.352531214574164],[0.5199187048767431,36.35596938099677]]]]},"properties":{"speed":0.1197,"dir_deg":84.8,"type":"ضعيف"}},{"type":"Feature","geometry":{"type":"MultiPolygon","coordinates":[[[[0.5415279112460941,36.35515826212854],[0.5563827696878613,36.35723989146035],[0.5566603202654362,36.355259243668115],[0.5418054618236691,36.3531776143363],[0.5415279112460941,36.35515826212854]]],[[[0.5614731644572378,36.356943444008174],[0.5561052191102864,36.35922053925259],[0.556937870843011,36.35327859587588],[0.5614731644572378,36.356943444008174]]]]},"properties":{"speed":0.1738,"dir_deg":82.0,"type":"ضعيف"}},{"type":"Feature","geometry":{"type":"MultiPolygon","coordinates":[[[[0.5830301211738252,36.35512086762881],[0.5973240621196454,36.35966875199821],[0.5979304467022317,36.357762893205425],[0.5836365057564116,36.35321500883603],[0.5830301211738252,36.35512086762881]]],[[[0.6023919013928786,36.360231784058286],[0.5967176775370592,36.36157461079098],[0.5985368312848179,36.35585703441265],[0.6023919013928786,36.360231784058286]]]]},"properties":{"speed":0.2379,"dir_deg":72.4,"type":"متوسط"}},{"type":"Feature","geometry":{"type":"MultiPolygon","coordinates":[[[[0.6248144073127675,36.35515056499496],[0.6395538087507605,36.35793445530344],[0.6399249941252255,36.35596920177837],[0.6251855926872325,36.353185311469886],[0.6248144073127675,36.35515056499496]]],[[[0.6446525352506574,36.35787979197707],[0.6391826233762956,36.35989970882851],[0.6402961794996904,36.35400394825331],[0.6446525352506574,36.35787979197707]]]]},"properties":{"speed":0.2302,"dir_deg":79.3,"type":"متوسط"}},{"type":"Feature","geometry":{"type":"MultiPolygon","coordinates":[[[[0.6663371247704428,36.355112072250144],[0.6804991350362736,36.360055498716726],[0.6811582585651511,36.35816723068128],[0.6669962482993204,36.3532238042147],[0.6663371247704428,36.355112072250144]]],[[[0.6855493668893226,36.360759173521195],[0.6798400115073959,36.36194376675217],[0.6818173820940288,36.35627896264584],[0.6855493668893226,36.360759173521195]]]]},"properties":{"speed":0.2042,"dir_deg":70.8,"type":"متوسط"}},{"type":"Feature","geometry":{"type":"MultiPolygon","coordinates":[[[[0.70771042843506,36.35495025162188],[0.719445129276968,36.36429352707275],[0.7206908993370847,36.36272890029384],[0.7089561984951768,36.353385624842964],[0.70771042843506,36.35495025162188]]],[[[0.723979581254329,36.36662563883359],[0.7181993592168514,36.365858153851676],[0.7219366693972014,36.361164273514916],[0.723979581254329,36.36662563883359]]]]},"properties":{"speed":0.1979,"dir_deg":51.5,"type":"متوسط"}},{"type":"Feature","geometry":{"type":"MultiPolygon","coordinates":[[[[0.7491772875616485,36.354736396009024],[0.75770415421071,36.367077082584295],[0.7593495790874131,36.36594016703109],[0.7508227124383515,36.35359948045582],[0.7491772875616485,36.354736396009024]]],[[[0.7613691555320821,36.370622186999455],[0.756058729334007,36.368213998137506],[0.7609950039641161,36.36480325147788],[0.7613691555320821,36.370622186999455]]]]},"properties":{"speed":0.2318,"dir_deg":34.6,"type":"متوسط"}},{"type":"Feature","geometry":{"type":"MultiPolygon","coordinates":[[[[-0.4167524547575185,36.396828374318396],[-0.4018077664952815,36.39811534469278],[-0.40163617044536293,36.39612271959115],[-0.4165808587075999,36.39483574921676],[-0.4167524547575185,36.396828374318396]]],[[[-0.39674040571624325,36.39754802226676],[-0.4019793625452001,36.40010796979441],[-0.4014645743954443,36.39413009448952],[-0.39674040571624325,36.39754802226676]]]]},"properties":{"speed":0.0661,"dir_deg":85.1,"type":"ضعيف"}},{"type":"Feature","geometry":{"type":"MultiPolygon","coordinates":[[[[-0.3752730771705706,36.396794053897956],[-0.36084319521486996,36.40089021145651],[-0.3602970408737287,36.39896622719576],[-0.3747269228294294,36.3948700696372],[-0.3752730771705706,36.396794053897956]]],[[[-0.35576015739239913,36.40129360517899],[-0.36138934955601126,36.402814195717276],[-0.3597508865325874,36.397042242934994],[-0.35576015739239913,36.40129360517899]]]]},"properties":{"speed":0.0615,"dir_deg":74.2,"type":"ضعيف"}},{"type":"Feature","geometry":{"type":"MultiPolygon","coordinates":[[[[-0.33380462423272966,36.396714044903334],[-0.3205748771964031,36.403783259382664],[-0.31963231526582536,36.40201929311115],[-0.33286206230215193,36.39495007863182],[-0.33380462423272966,36.396714044903334]]],[[[-0.3156936805523387,36.40525768107336],[-0.3215174391269808,36.405547225654175],[-0.3186897533352477,36.40025532683964],[-0.3156936805523387,36.40525768107336]]]]},"properties":{"speed":0.0609,"dir_deg":61.9,"type":"ضعيف"}},{"type":"Feature","geometry":{"type":"MultiPolygon","coordinates":[[[[-0.2922887206560429,36.39661502822606],[-0.28054422377888744,36.40594598707831],[-0.27930009593192007,36.40438005416135],[-0.2910445928090755,36.3950490953091],[-0.2922887206560429,36.39661502822606]]],[[[-0.2760073275630186,36.40827334023725],[-0.28178835162585486,36.407511919995265],[-0.27805596808495264,36.4028141212444],[-0.2760073275630186,36.40827334023725]]]]},"properties":{"speed":0.068,"dir_deg":51.5,"type":"ضعيف"}},{"type":"Feature","geometry":{"type":"MultiPolygon","coordinates":[[[[-0.25063941058352585,36.39660092723414],[-0.2391064285850611,36.40619208598703],[-0.23782760741800946,36.40465435505391],[-0.24936058941647418,36.39506319630102],[-0.25063941058352585,36.39660092723414]]],[[[-0.2346226906687137,36.408620273438096],[-0.24038524975211276,36.40772981692016],[-0.2365487862509578,36.40311662412078],[-0.2346226906687137,36.408620273438096]]]]},"properties":{"speed":0.0823,"dir_deg":50.3,"type":"ضعيف"}},{"type":"Feature","geometry":{"type":"MultiPolygon","coordinates":[[[[-0.20889297982801472,36.396660789854096],[-0.19646205853029924,36.405055561780124],[-0.195342755606829,36.40339810560709],[-0.20777367690454449,36.39500333368106],[-0.20889297982801472,36.396660789854096]]],[[[-0.1917587666359923,36.40702509100228],[-0.19758136145376945,36.40671301795315],[-0.1942234526833588,36.40174064943406],[-0.1917587666359923,36.40702509100228]]]]},"properties":{"speed":0.1017,"dir_deg":56.0,"type":"ضعيف"}},{"type":"Feature","geometry":{"type":"MultiPolygon","coordinates":[[[[-0.16714400222441908,36.39671078556217],[-0.1539631453055299,36.40387074442265],[-0.15300848412413254,36.40211329683346],[-0.16618934104302172,36.394953337972986],[-0.16714400222441908,36.39671078556217]]],[[[-0.14909219574186816,36.40537867358155],[-0.1549178064869273,36.40562819201183],[-0.15205382294273515,36.40035584924428],[-0.14909219574186816,36.40537867358155]]]]},"properties":{"speed":0.1236,"dir_deg":61.5,"type":"ضعيف"}},{"type":"Feature","geometry":{"type":"MultiPolygon","coordinates":[[[[-0.12538445696280975,36.396755204683785],[-0.11153731321967279,36.40252205912593],[-0.11076839929405329,36.400675773293514],[-0.12461554303719025,36.39490891885137],[-0.12538445696280975,36.396755204683785]]],[[[-0.10653714167581738,36.40352120102377],[-0.1123062271452923,36.40436834495835],[-0.10999948536843378,36.39882948746109],[-0.10653714167581738,36.40352120102377]]]]},"properties":{"speed":0.1377,"dir_deg":67.4,"type":"ضعيف"}},{"type":"Feature","geometry":{"type":"MultiPolygon","coordinates":[[[[-0.0837415723447736,36.39674493795704],[-0.07004842950292123,36.402868485875736],[-0.06923195644709443,36.401042733496816],[-0.0829250992889468,36.39491918557812],[-0.0837415723447736,36.39674493795704]]],[[[-0.0650758120277237,36.40399679232585],[-0.07086490255874803,36.40469423825465],[-0.06841548339126763,36.3992169811179],[-0.0650758120277237,36.40399679232585]]]]},"properties":{"speed":0.1469,"dir_deg":65.9,"type":"ضعيف"}},{"type":"Feature","geometry":{"type":"MultiPolygon","coordinates":[[[[-0.0422315385015599,36.39665724127109],[-0.029853845948871926,36.40513030016804],[-0.028724104762612324,36.40347994116101],[-0.0411017973153003,36.39500688226406],[-0.0422315385015599,36.39665724127109]]],[[[-0.025163077838179466,36.40712947363017],[-0.030983587135131524,36.40678065917506],[-0.027594363576352726,36.40182958215399],[-0.025163077838179466,36.40712947363017]]]]},"properties":{"speed":0.166,"dir_deg":55.6,"type":"ضعيف"}},{"type":"Feature","geometry":{"type":"MultiPolygon","coordinates":[[[[-0.0007356562161527626,36.39650941686768],[0.009424670285395058,36.40754426010997],[0.010895982717700581,36.40618954990977],[0.0007356562161527626,36.395154706667476],[-0.0007356562161527626,36.39650941686768]]],[[[0.01354710200206376,36.41054518609063],[0.007953357853089532,36.40889897031018],[0.012367295150006107,36.40483483970956],[0.01354710200206376,36.41054518609063]]]]},"properties":{"speed":0.1747,"dir_deg":42.6,"type":"ضعيف"}},{"type":"Feature","geometry":{"type":"MultiPolygon","coordinates":[[[[0.040808621921698894,36.39634563462965],[0.04851221485274457,36.409216324430616],[0.05022830682620698,36.40818917870648],[0.042524713895161305,36.39531848890551],[0.040808621921698894,36.39634563462965]]],[[[0.051938125149824335,36.4129929815022],[0.04679612287928216,36.410243470154754],[0.05194439879966938,36.40716203298234],[0.051938125149824335,36.4129929815022]]]]},"properties":{"speed":0.2592,"dir_deg":30.9,"type":"متوسط"}},{"type":"Feature","geometry":{"type":"MultiPolygon","coordinates":[[[[0.08246389595504604,36.39632610055825],[0.0898744778151248,36.40936769848546],[0.09161335753875312,36.40837962090412],[0.08420277567867436,36.39533802297691],[0.08246389595504604,36.39632610055825]]],[[[0.09321411163029855,36.413220859003864],[0.08813559809149647,36.41035577606681],[0.09335223726238144,36.407391543322774],[0.09321411163029855,36.413220859003864]]]]},"properties":{"speed":0.3081,"dir_deg":29.6,"type":"متوسط"}},{"type":"Feature","geometry":{"type":"MultiPolygon","coordinates":[[[[0.12406799029173793,36.3961944950769],[0.12950448993155012,36.41017464070083],[0.13136850934807426,36.40944977408219],[0.12593200970826207,36.39546962845826],[0.12406799029173793,36.3961944950769]]],[[[0.13224866618641626,36.41447225593282],[0.12764047051502594,36.41089950731947],[0.13323252876459843,36.40872490746355],[0.13224866618641626,36.41447225593282]]]]},"properties":{"speed":0.3657,"dir_deg":21.2,"type":"قوي"}},{"type":"Feature","geometry":{"type":"MultiPolygon","coordinates":[[[[0.16573332733229948,36.3961910442393],[0.17111806440815971,36.410191208760615],[0.17298475301100155,36.40947324381717],[0.16760001593514132,36.395473079295854],[0.16573332733229948,36.3961910442393]]],[[[0.17384632106820072,36.414498947796],[0.16925137580531785,36.41090917370406],[0.17485144161384342,36.40875527887372],[0.17384632106820072,36.414498947796]]]]},"properties":{"speed":0.4138,"dir_deg":21.0,"type":"قوي"}},{"type":"Feature","geometry":{"type":"MultiPolygon","coordinates":[[[[0.2073788224572327,36.3961302537688],[0.21185170247560584,36.41044784240451],[0.21376071429369967,36.40985145840206],[0.20928783427532652,36.39553386976635],[0.2073788224572327,36.3961302537688]]],[[[0.21429716839077714,36.41492217994852],[0.20994269065751198,36.41104422640696],[0.21566972611179352,36.40925507439961],[0.21429716839077714,36.41492217994852]]]]},"properties":{"speed":0.4407,"dir_deg":17.3,"type":"قوي"}},{"type":"Feature","geometry":{"type":"MultiPolygon","coordinates":[[[[0.24902146527789532,36.396038143784345],[0.25211269552942833,36.41071616461591],[0.2540697649736377,36.41030400058238],[0.2509785347221047,36.39562597975081],[0.24902146527789532,36.396038143784345]]],[[[0.2541216403353774,36.41540275620967],[0.25015562608521896,36.411128328649454],[0.25602683441784707,36.40989183654884],[0.2541216403353774,36.41540275620967]]]]},"properties":{"speed":0.4505,"dir_deg":11.9,"type":"قوي"}},{"type":"Feature","geometry":{"type":"MultiPolygon","coordinates":[[[[0.29069312883860093,36.396060630006154],[0.2941216524172235,36.41066354841553],[0.29606870820514003,36.410206411938375],[0.2926401846265175,36.395603493529],[0.29069312883860093,36.396060630006154]]],[[[0.296238021504056,36.415302619646745],[0.292174596629307,36.41112068489267],[0.2980157639930565,36.40974927546123],[0.296238021504056,36.415302619646745]]]]},"properties":{"speed":0.3821,"dir_deg":13.2,"type":"قوي"}},{"type":"Feature","geometry":{"type":"MultiPolygon","coordinates":[[[[0.33238279812582444,36.39614264820281],[0.3370415946542913,36.41040082532706],[0.338942684937524,36.40977965245659],[0.33428388840905715,36.395521475332345],[0.33238279812582444,36.39614264820281]]],[[[0.33954507197206324,36.414842964599906],[0.33514050437105863,36.41102199819752],[0.34084377522075665,36.40915847958613],[0.33954507197206324,36.414842964599906]]]]},"properties":{"speed":0.2478,"dir_deg":18.1,"type":"متوسط"}},{"type":"Feature","geometry":{"type":"MultiPolygon","coordinates":[[[[0.37421239171809634,36.39644823803641],[0.3834550357506373,36.40826236226497],[0.3850302523144446,36.4070300097273],[0.37578760828190366,36.39521588549874],[0.37421239171809634,36.39644823803641]]],[[[0.38732352537672127,36.411584227405655],[0.3818798191868299,36.40949471480264],[0.386605468878252,36.40579765718963],[0.38732352537672127,36.411584227405655]]]]},"properties":{"speed":0.1195,"dir_deg":38.0,"type":"ضعيف"}},{"type":"Feature","geometry":{"type":"MultiPolygon","coordinates":[[[[0.4164360797849648,36.39680511586229],[0.43103189120566215,36.40026377007621],[0.431493045100851,36.39831766188678],[0.41689723368015363,36.39485900767286],[0.4164360797849648,36.39680511586229]]],[[[0.4361277386268224,36.40044360071946],[0.43057073731047335,36.40220987826563],[0.4319541989960398,36.39637155369736],[0.4361277386268224,36.40044360071946]]]]},"properties":{"speed":0.0869,"dir_deg":76.7,"type":"ضعيف"}},{"type":"Feature","geometry":{"type":"MultiPolygon","coordinates":[[[[0.4583637037340386,36.396831600782356],[0.473356788955743,36.39637619378339],[0.47329606802254737,36.394377115753834],[0.458302982800843,36.3948325227528],[0.4583637037340386,36.396831600782356]]],[[[0.4783241235630467,36.395224852435625],[0.47341750988893866,36.39837527181295],[0.4732353470893517,36.39237803772427],[0.4783241235630467,36.395224852435625]]]]},"properties":{"speed":0.0845,"dir_deg":91.7,"type":"ضعيف"}},{"type":"Feature","geometry":{"type":"MultiPolygon","coordinates":[[[[0.5001306496007905,36.39682349037409],[0.515002078698493,36.39486374636223],[0.5147407794969121,36.39288088914921],[0.4998693503992096,36.39484063316107],[0.5001306496007905,36.39682349037409]]],[[[0.51982857213027,36.39321906975177],[0.5152633779000738,36.39684660357526],[0.5144794802953313,36.39089803193618],[0.51982857213027,36.39321906975177]]]]},"properties":{"speed":0.0804,"dir_deg":97.5,"type":"ضعيف"}},{"type":"Feature","geometry":{"type":"MultiPolygon","coordinates":[[[[0.5420157473014097,36.39676916185896],[0.556072248672161,36.39153325036104],[0.5553741271391048,36.389659050178274],[0.5413176257683535,36.394894961676194],[0.5420157473014097,36.39676916185896]]],[[[0.56040868836255,36.388850846437016],[0.5567703702052172,36.39340745054381],[0.5546760056060486,36.387784849995505],[0.56040868836255,36.388850846437016]]]]},"properties":{"speed":0.108,"dir_deg":110.4,"type":"ضعيف"}},{"type":"Feature","geometry":{"type":"MultiPolygon","coordinates":[[[[0.5833626317372649,36.39683163189464],[0.5983561836432219,36.396391857812446],[0.5982975470989289,36.39439271755832],[0.5833039951929719,36.394832491640514],[0.5833626317372649,36.39683163189464]]],[[[0.6033247160063944,36.39524569632465],[0.5984148201875149,36.398390998066574],[0.5982389105546358,36.39239357730419],[0.6033247160063944,36.39524569632465]]]]},"properties":{"speed":0.1538,"dir_deg":91.7,"type":"ضعيف"}},{"type":"Feature","geometry":{"type":"MultiPolygon","coordinates":[[[[0.6250960375067411,36.396827439483474],[0.6400267032451556,36.395386876882355],[0.6398346282316734,36.393396121450564],[0.6249039624932589,36.39483668405168],[0.6250960375067411,36.396827439483474]]],[[[0.6449075543178859,36.393911311632756],[0.6402187782586378,36.39737763231414],[0.6396425532181912,36.39140536601878],[0.6449075543178859,36.393911311632756]]]]},"properties":{"speed":0.213,"dir_deg":95.5,"type":"متوسط"}},{"type":"Feature","geometry":{"type":"MultiPolygon","coordinates":[[[[0.6665992849324862,36.39682978769387],[0.681565173826861,36.3978408117298],[0.6816999770316517,36.39584535987722],[0.666734088137277,36.39483433584129],[0.6665992849324862,36.39682978769387]]],[[[0.6866212050607147,36.397180093815486],[0.6814303706220702,36.39983626358239],[0.6818347802364425,36.393849908024634],[0.6866212050607147,36.397180093815486]]]]},"properties":{"speed":0.2468,"dir_deg":86.1,"type":"متوسط"}},{"type":"Feature","geometry":{"type":"MultiPolygon","coordinates":[[[[0.7081075573787645,36.396806245625726],[0.7227203152509695,36.40019258692104],[0.7231718274236772,36.39824421920474],[0.7085590695514723,36.39485787790943],[0.7081075573787645,36.396806245625726]]],[[[0.7278169906280584,36.40034718349466],[0.7222688030782617,36.40214095463733],[0.723623339596385,36.396295851488446],[0.7278169906280584,36.40034718349466]]]]},"properties":{"speed":0.292,"dir_deg":77.0,"type":"متوسط"}},{"type":"Feature","geometry":{"type":"MultiPolygon","coordinates":[[[[0.7495492725411215,36.39672472338197],[0.7629391967570347,36.40348563526515],[0.7638406516747918,36.40170031203636],[0.7504507274588785,36.394939400153184],[0.7495492725411215,36.39672472338197]]],[[[0.7678532322878844,36.40484661094515],[0.7620377418392776,36.40527095849394],[0.7647421065925488,36.39991498880757],[0.7678532322878844,36.40484661094515]]]]},"properties":{"speed":0.3774,"dir_deg":63.2,"type":"قوي"}},{"type":"Feature","geometry":{"type":"MultiPolygon","coordinates":[[[[0.7912916954687226,36.39675909019233],[0.8051971218400247,36.40238395618472],[0.8059471039723427,36.40052989933521],[0.7920416776010406,36.39490503334282],[0.7912916954687226,36.39675909019233]]],[[[0.8102072550299511,36.40333188309076],[0.8044471397077065,36.404238013034224],[0.8066970861046608,36.39867584248571],[0.8102072550299511,36.40333188309076]]]]},"properties":{"speed":0.3231,"dir_deg":68.0,"type":"متوسط"}},{"type":"Feature","geometry":{"type":"MultiPolygon","coordinates":[[[[0.8326072462765648,36.39651968552931],[0.8429216027026247,36.40741069335762],[0.844373737079732,36.40603544583415],[0.834059380653672,36.39514443800584],[0.8326072462765648,36.39651968552931]]],[[[0.8470857886998651,36.41035340553865],[0.8414694683255174,36.408785940881096],[0.8458258714568393,36.40466019831067],[0.8470857886998651,36.41035340553865]]]]},"properties":{"speed":0.2532,"dir_deg":43.4,"type":"متوسط"}},{"type":"Feature","geometry":{"type":"MultiPolygon","coordinates":[[[[0.8741380247578024,36.396339012141716],[0.8817422803698692,36.40926864077468],[0.8834662308542643,36.4082547400264],[0.8758619752421976,36.39532511139344],[0.8741380247578024,36.396339012141716]]],[[[0.8851390074827558,36.41307156661153],[0.8800183298854741,36.41028254152295],[0.8851901813386595,36.407240839278124],[0.8851390074827558,36.41307156661153]]]]},"properties":{"speed":0.2153,"dir_deg":30.5,"type":"متوسط"}},{"type":"Feature","geometry":{"type":"MultiPolygon","coordinates":[[[[-0.41687116965487536,36.438478863864184],[-0.4021882116921117,36.44154655769893],[-0.4017791858474794,36.43958882997056],[-0.41646214381024305,36.436521136135816],[-0.41687116965487536,36.438478863864184]]],[[[-0.39708937944887435,36.441590258446325],[-0.40259723753674403,36.443504285427295],[-0.4013701600028471,36.43763110224219],[-0.39708937944887435,36.441590258446325]]]]},"properties":{"speed":0.0492,"dir_deg":78.2,"type":"ضعيف"}},{"type":"Feature","geometry":{"type":"MultiPolygon","coordinates":[[[[-0.3754805044468833,36.43837699228989],[-0.362325620098543,36.44558455899314],[-0.3613646112047764,36.44383057441336],[-0.3745194955531167,36.43662300771011],[-0.3754805044468833,36.43837699228989]]],[[[-0.357460154202213,36.44711008893766],[-0.3632866289923096,36.44733854357292],[-0.3604036023110098,36.44207658983358],[-0.357460154202213,36.44711008893766]]]]},"properties":{"speed":0.0582,"dir_deg":61.3,"type":"ضعيف"}},{"type":"Feature","geometry":{"type":"MultiPolygon","coordinates":[[[[-0.3338988815764154,36.43832472202655],[-0.32152805117811617,36.44680779666117],[-0.32039697456016697,36.44515835260807],[-0.3327678049584662,36.43667527797345],[-0.3338988815764154,36.43832472202655]]],[[[-0.31683890273637516,36.44881076617949],[-0.32265912779606537,36.448457240714276],[-0.31926589794221777,36.44350890855496],[-0.31683890273637516,36.44881076617949]]]]},"properties":{"speed":0.0693,"dir_deg":55.6,"type":"ضعيف"}},{"type":"Feature","geometry":{"type":"MultiPolygon","coordinates":[[[[-0.2922655552061717,36.43830082496109],[-0.28025318078982325,36.44728430206528],[-0.27905538384259826,36.4456826521431],[-0.2910677582589467,36.43669917503891],[-0.2922655552061717,36.43830082496109]]],[[[-0.2756501575107613,36.44947796947225],[-0.2814509777370482,36.44888595198746],[-0.2778575868953733,36.44408100222092],[-0.2756501575107613,36.44947796947225]]]]},"properties":{"speed":0.0795,"dir_deg":53.2,"type":"ضعيف"}},{"type":"Feature","geometry":{"type":"MultiPolygon","coordinates":[[[[-0.25060173429854316,36.43829869633401],[-0.23862128928843315,36.447324710812154],[-0.2374178206913468,36.44572731814414],[-0.24939826570145682,36.43670130366599],[-0.25060173429854316,36.43829869633401]]],[[[-0.23402607331985328,36.44953468597086],[-0.2398247578855195,36.448922103480164],[-0.23621435209426045,36.444129925476126],[-0.23402607331985328,36.44953468597086]]]]},"properties":{"speed":0.0904,"dir_deg":53.0,"type":"ضعيف"}},{"type":"Feature","geometry":{"type":"MultiPolygon","coordinates":[[[[-0.20888245894188603,36.43833573656791],[-0.19634641042330625,36.446572695202],[-0.19524814927209339,36.444901222066186],[-0.20778419779067317,36.43666426343209],[-0.20888245894188603,36.43833573656791]]],[[[-0.19161859700817324,36.44848261151213],[-0.1974446715745191,36.44824416833781],[-0.19414988812088055,36.44322974893038],[-0.19161859700817324,36.44848261151213]]]]},"properties":{"speed":0.106,"dir_deg":56.7,"type":"ضعيف"}},{"type":"Feature","geometry":{"type":"MultiPolygon","coordinates":[[[[-0.16711117724793048,36.43839577606517],[-0.1536745362703447,36.445063360278326],[-0.15278552504192452,36.44327180814798],[-0.16622216601951031,36.43660422393483],[-0.16711117724793048,36.43839577606517]]],[[[-0.14875115033027267,36.4463901122842],[-0.15456354749876483,36.446854912408675],[-0.15189651381350439,36.441480256017634],[-0.14875115033027267,36.4463901122842]]]]},"properties":{"speed":0.1232,"dir_deg":63.6,"type":"ضعيف"}},{"type":"Feature","geometry":{"type":"MultiPolygon","coordinates":[[[[-0.1253158849714704,36.4384487974941],[-0.11108392256005958,36.44318707206615],[-0.11045215261711883,36.44128947707796],[-0.12468411502852962,36.4365512025059],[-0.1253158849714704,36.4384487974941]]],[[[-0.10602405011811894,36.44381769942941],[-0.11171569250300036,36.44508466705434],[-0.10982038267417805,36.43939188208977],[-0.10602405011811894,36.44381769942941]]]]},"properties":{"speed":0.1325,"dir_deg":71.6,"type":"ضعيف"}},{"type":"Feature","geometry":{"type":"MultiPolygon","coordinates":[[[[-0.08373292824914241,36.43841669290826],[-0.06998253462517204,36.444410579392496],[-0.06918334976060761,36.44257719357597],[-0.08293374338457798,36.43658330709174],[-0.08373292824914241,36.43841669290826]]],[[[-0.06499947765156636,36.445491848645645],[-0.07078171948973648,36.44624396520903],[-0.06838416489604317,36.44074380775944],[-0.06499947765156636,36.445491848645645]]]]},"properties":{"speed":0.1338,"dir_deg":66.4,"type":"ضعيف"}},{"type":"Feature","geometry":{"type":"MultiPolygon","coordinates":[[[[-0.04229406020042147,36.438278703352985],[-0.030613509905649042,36.44768958773285],[-0.029358725321666303,36.44613218102688],[-0.041039275616438727,36.436721296647015],[-0.04229406020042147,36.438278703352985]]],[[[-0.026092600848733532,36.450047845839826],[-0.031868294489631785,36.44924699443882],[-0.02810394073768356,36.44457477432091],[-0.026092600848733532,36.450047845839826]]]]},"properties":{"speed":0.1342,"dir_deg":51.1,"type":"ضعيف"}},{"type":"Feature","geometry":{"type":"MultiPolygon","coordinates":[[[[-0.000832105759551552,36.43805461698939],[0.0074871490813134215,36.45053620338266],[0.009151360600416525,36.44942696940388],[0.000832105759551552,36.43694538301061],[-0.000832105759551552,36.43805461698939]]],[[[0.011092339787819965,36.45414211519103],[0.005822937562210317,36.45164543736144],[0.01081557211951963,36.4483177354251],[0.011092339787819965,36.45414211519103]]]]},"properties":{"speed":0.1634,"dir_deg":33.7,"type":"ضعيف"}},{"type":"Feature","geometry":{"type":"MultiPolygon","coordinates":[[[[0.04077537668809029,36.43795343131844],[0.04757684646473889,36.45132279962354],[0.049359428905418515,36.45041593698666],[0.04255795912876991,36.43704656868156],[0.04077537668809029,36.43795343131844]]],[[[0.0507352942772949,36.4553258244068],[0.04579426402405928,36.45222966226043],[0.05114201134609813,36.44950907434977],[0.0507352942772949,36.4553258244068]]]]},"properties":{"speed":0.2372,"dir_deg":27.0,"type":"متوسط"}},{"type":"Feature","geometry":{"type":"MultiPolygon","coordinates":[[[[0.0823802241212622,36.43780261872995],[0.0869195050704562,36.452099294163915],[0.08882572846165221,36.45149405670402],[0.0842864475124582,36.43719738127005],[0.0823802241212622,36.43780261872995]]],[[[0.08938571041578554,36.45656223391196],[0.08501328167926019,36.45270453162381],[0.09073195185284823,36.45088881924413],[0.08938571041578554,36.45656223391196]]]]},"properties":{"speed":0.2745,"dir_deg":17.6,"type":"متوسط"}},{"type":"Feature","geometry":{"type":"MultiPolygon","coordinates":[[[[0.1240236496957576,36.4377161945499],[0.12726656794423397,36.45236144911354],[0.12921926855271876,36.45192906001374],[0.1259763503042424,36.4372838054501],[0.1240236496957576,36.4377161945499]]],[[[0.12932389099796848,36.45702700608485],[0.12531386733574917,36.45279383821333],[0.13117196916120355,36.45149667091395],[0.12932389099796848,36.45702700608485]]]]},"properties":{"speed":0.3618,"dir_deg":12.5,"type":"قوي"}},{"type":"Feature","geometry":{"type":"MultiPolygon","coordinates":[[[[0.1656956162752283,36.43773885453888],[0.1692784343584341,36.45230468491626],[0.17122054507541828,36.4518269758385],[0.1676377269922125,36.43726114546112],[0.1656956162752283,36.43773885453888]]],[[[0.17144376241132814,36.45692110716984],[0.16733632364144987,36.45278239399402],[0.1731626557924025,36.45134926676074],[0.17144376241132814,36.45692110716984]]]]},"properties":{"speed":0.3922,"dir_deg":13.8,"type":"قوي"}},{"type":"Feature","geometry":{"type":"MultiPolygon","coordinates":[[[[0.20734082629559308,36.43762222781878],[0.2091742435772485,36.452509758879074],[0.21115924771862155,36.45226530324152],[0.20932583043696612,36.43737777218122],[0.20734082629559308,36.43762222781878]]],[[[0.2107778847418202,36.45735004141373],[0.2071892394358755,36.452754214516624],[0.21314425185999455,36.45202084760397],[0.2107778847418202,36.45735004141373]]]]},"properties":{"speed":0.4378,"dir_deg":7.0,"type":"قوي"}},{"type":"Feature","geometry":{"type":"MultiPolygon","coordinates":[[[[0.24900426942299964,36.437592307193796],[0.2503888773299403,36.452528265848805],[0.25238033848394104,36.45234365146121],[0.25099573057700036,36.437407692806204],[0.24900426942299964,36.437592307193796]]],[[[0.2518461438759209,36.45741461154001],[0.24839741617593955,36.4527128802364],[0.2543717996379418,36.45215903707362],[0.2518461438759209,36.45741461154001]]]]},"properties":{"speed":0.4584,"dir_deg":5.3,"type":"قوي"}},{"type":"Feature","geometry":{"type":"MultiPolygon","coordinates":[[[[0.29067547108098973,36.43763248020276],[0.2926626741223618,36.4525002649763],[0.29464504542550074,36.452235304570785],[0.2926578423841287,36.43736751979724],[0.29067547108098973,36.43763248020276]]],[[[0.294316260787722,36.457323713031386],[0.2906803028192229,36.45276522538182],[0.2966274167286396,36.45197034416527],[0.294316260787722,36.457323713031386]]]]},"properties":{"speed":0.3822,"dir_deg":7.6,"type":"قوي"}},{"type":"Feature","geometry":{"type":"MultiPolygon","coordinates":[[[[0.3323558992285626,36.437711194580565],[0.3355238179370912,36.45237285516374],[0.33747870601484753,36.45195046600261],[0.33431078730631897,36.437288805419435],[0.3323558992285626,36.437711194580565]]],[[[0.33755723487881223,36.45704888077756],[0.33356892985933484,36.452795244324875],[0.3394335940926039,36.45152807684147],[0.33755723487881223,36.45704888077756]]]]},"properties":{"speed":0.2268,"dir_deg":12.2,"type":"متوسط"}},{"type":"Feature","geometry":{"type":"MultiPolygon","coordinates":[[[[0.37413877963714304,36.4380082317253],[0.3817622555166305,36.45092653716815],[0.38348469624234444,36.449910073717554],[0.37586122036285696,36.4369917682747],[0.37413877963714304,36.4380082317253]]],[[[0.38516463450598326,36.45472440725714],[0.38003981479091664,36.45194300061875],[0.3852071369680583,36.44889361026696],[0.38516463450598326,36.45472440725714]]]]},"properties":{"speed":0.1074,"dir_deg":30.5,"type":"ضعيف"}},{"type":"Feature","geometry":{"type":"MultiPolygon","coordinates":[[[[0.4162785788301397,36.43842162657386],[0.4301029774381109,36.444242795110156],[0.4308791332429499,36.44239954196243],[0.4170547346349787,36.43657837342614],[0.4162785788301397,36.43842162657386]]],[[[0.43509918820985416,36.445261558048394],[0.42932682163327185,36.44608604825789],[0.43165528904778894,36.4405562888147],[0.43509918820985416,36.445261558048394]]]]},"properties":{"speed":0.0739,"dir_deg":67.2,"type":"ضعيف"}},{"type":"Feature","geometry":{"type":"MultiPolygon","coordinates":[[[[0.4586525957001216,36.43844766971262],[0.4728676413895016,36.433658883222414],[0.47222913652413995,36.43176354379717],[0.45801409083475997,36.43655233028738],[0.4586525957001216,36.43844766971262]]],[[[0.47728673751994743,36.43111495134638],[0.47350614625486326,36.43555422264767],[0.4715906316587783,36.429868204371914],[0.47728673751994743,36.43111495134638]]]]},"properties":{"speed":0.0662,"dir_deg":108.6,"type":"ضعيف"}},{"type":"Feature","geometry":{"type":"MultiPolygon","coordinates":[[[[0.5006858048867653,36.43822778544729],[0.5116025865961329,36.42794071214581],[0.5102309768226023,36.426485141251234],[0.49931419511323466,36.43677221455271],[0.5006858048867653,36.43822778544729]]],[[[0.5145557089458235,36.423783902264695],[0.5129741963696636,36.4293962830404],[0.5088593670490716,36.42502957035665],[0.5145557089458235,36.423783902264695]]]]},"properties":{"speed":0.0987,"dir_deg":133.3,"type":"ضعيف"}},{"type":"Feature","geometry":{"type":"MultiPolygon","coordinates":[[[[0.5423528111928567,36.43822748398863],[0.5532650710223633,36.42793561411901],[0.5518928217064131,36.42648064614174],[0.5409805618769065,36.43677251601137],[0.5423528111928567,36.43822748398863]]],[[[0.556216366307557,36.423777506840494],[0.5546373203383136,36.429390582096275],[0.5505205723904628,36.425025678164474],[0.556216366307557,36.423777506840494]]]]},"properties":{"speed":0.1647,"dir_deg":133.3,"type":"ضعيف"}},{"type":"Feature","geometry":{"type":"MultiPolygon","coordinates":[[[[0.5838071007719371,36.43838063930635],[0.5970166903672623,36.43127382970407],[0.596069115753625,36.42951255109136],[0.5828595261582997,36.43661936069365],[0.5838071007719371,36.43838063930635]]],[[[0.6009460995922188,36.428024253863626],[0.5979642649808998,36.43303510831678],[0.5951215411399875,36.42775127247865],[0.6009460995922188,36.428024253863626]]]]},"properties":{"speed":0.2044,"dir_deg":118.3,"type":"متوسط"}},{"type":"Feature","geometry":{"type":"MultiPolygon","coordinates":[[[[0.6253635199244547,36.43843158642354],[0.6393373162775575,36.43297878755672],[0.6386102764286481,36.43111561470964],[0.6246364800755453,36.43656841357646],[0.6253635199244547,36.43843158642354]]],[[[0.6436317284708039,36.4302296015109],[0.6400643561264671,36.4348419604038],[0.6378832365797386,36.42925244186256],[0.6436317284708039,36.4302296015109]]]]},"properties":{"speed":0.2494,"dir_deg":111.3,"type":"متوسط"}},{"type":"Feature","geometry":{"type":"MultiPolygon","coordinates":[[[[0.6668103996305366,36.43848961939459],[0.6816546905493002,36.43633392295976],[0.6813672643579902,36.434354684170586],[0.6665229734392266,36.43651038060541],[0.6668103996305366,36.43848961939459]]],[[[0.6864590744265664,36.4346257380869],[0.68194211674061,36.43831316174893],[0.6810798381666804,36.43237544538142],[0.6864590744265664,36.4346257380869]]]]},"properties":{"speed":0.2784,"dir_deg":98.3,"type":"متوسط"}},{"type":"Feature","geometry":{"type":"MultiPolygon","coordinates":[[[[0.7083234504945417,36.438499951359724],[0.7233227208903832,36.43864789591837],[0.7233424468315366,36.436647993198925],[0.7083431764356951,36.436500048640276],[0.7083234504945417,36.438499951359724]]],[[[0.7283323406595736,36.437697259411536],[0.7233029949492297,36.44064779863782],[0.7233621727726901,36.43464809047948],[0.7283323406595736,36.437697259411536]]]]},"properties":{"speed":0.3101,"dir_deg":89.4,"type":"متوسط"}},{"type":"Feature","geometry":{"type":"MultiPolygon","coordinates":[[[[0.7497649977797208,36.438471994833556],[0.7643449202830941,36.44199702813774],[0.7648149247236524,36.44005303847063],[0.7502350022202792,36.436528005166444],[0.7497649977797208,36.438471994833556]]],[[[0.7694398966711643,36.44220004440558],[0.7638749158425358,36.44394101780486],[0.7652849291642108,36.43810904880351],[0.7694398966711643,36.44220004440558]]]]},"properties":{"speed":0.3741,"dir_deg":76.4,"type":"قوي"}},{"type":"Feature","geometry":{"type":"MultiPolygon","coordinates":[[[[0.7914416776862355,36.438474356720114],[0.806057028487943,36.44184948944981],[0.8065070461852352,36.43990077600958],[0.7918916953835277,36.436525643279886],[0.7914416776862355,36.438474356720114]]],[[[0.8111538209371582,36.44200017697292],[0.805607010790651,36.44379820289004],[0.8069570638825272,36.43795206256935],[0.8111538209371582,36.44200017697292]]]]},"properties":{"speed":0.4158,"dir_deg":77.0,"type":"قوي"}},{"type":"Feature","geometry":{"type":"MultiPolygon","coordinates":[[[[0.8328948477616268,36.43839874792176],[0.8463760665879746,36.44497573347413],[0.8472529979949578,36.44317823763061],[0.83377177916861,36.43660125207824],[0.8328948477616268,36.43839874792176]]],[[[0.8513082719002487,36.44626931406983],[0.8454991351809915,36.44677322931764],[0.8481299294019409,36.4413807417871],[0.8513082719002487,36.44626931406983]]]]},"properties":{"speed":0.4335,"dir_deg":64.0,"type":"قوي"}},{"type":"Feature","geometry":{"type":"MultiPolygon","coordinates":[[[[0.8744104071506252,36.43830770060788],[0.8865259162687925,36.4471515933485],[0.887705101967542,36.44553619213274],[0.8755895928493748,36.43669229939212],[0.8744104071506252,36.43830770060788]]],[[[0.8911540121575563,36.44929185698749],[0.8853467305700431,36.44876699456425],[0.8888842876662915,36.44392079091699],[0.8911540121575563,36.44929185698749]]]]},"properties":{"speed":0.3776,"dir_deg":53.9,"type":"قوي"}},{"type":"Feature","geometry":{"type":"MultiPolygon","coordinates":[[[[0.9158532057560005,36.43808159180048],[0.924577082763271,36.4502838034837],[0.9262040443210332,36.449120619882734],[0.9174801673137627,36.43691840819952],[0.9158532057560005,36.43808159180048]]],[[[0.9282985225445757,36.45376961557762],[0.9229501212055089,36.45144698708467],[0.9278310058787953,36.44795743628176],[0.9282985225445757,36.45376961557762]]]]},"properties":{"speed":0.4136,"dir_deg":35.6,"type":"قوي"}},{"type":"Feature","geometry":{"type":"MultiPolygon","coordinates":[[[[-0.4171132673276585,36.480062666669625],[-0.40369234076956895,36.48676182559611],[-0.4027991195793703,36.48497236872171],[-0.4162200461374599,36.47827320979522],[-0.4171132673276585,36.480062666669625]]],[[[-0.39877208798843977,36.48810015013441],[-0.4045855619597676,36.488551282470524],[-0.4019058983891717,36.483182911847294],[-0.39877208798843977,36.48810015013441]]]]},"properties":{"speed":0.0433,"dir_deg":63.5,"type":"ضعيف"}},{"type":"Feature","geometry":{"type":"MultiPolygon","coordinates":[[[[-0.37580954750572737,36.47975499260467],[-0.3670037319220699,36.49189820519058],[-0.3653846369106152,36.49072409644609],[-0.37419045249427263,36.478580883860175],[-0.37580954750572737,36.47975499260467]]],[[[-0.3632589125551234,36.49535888834697],[-0.36862282693352466,36.493072313935066],[-0.36376554189916044,36.4895499877016],[-0.3632589125551234,36.49535888834697]]]]},"properties":{"speed":0.0551,"dir_deg":35.9,"type":"ضعيف"}},{"type":"Feature","geometry":{"type":"MultiPolygon","coordinates":[[[[-0.33420477135163423,36.47965846151839],[-0.32684692206208177,36.49272988278129],[-0.3251040658936949,36.491748836209354],[-0.33246191518324736,36.47867741494645],[-0.33420477135163423,36.47965846151839]]],[[[-0.3235228775480375,36.49659649991629],[-0.32858977823046864,36.493710929353234],[-0.323361209725308,36.49076778963741],[-0.3235228775480375,36.49659649991629]]]]},"properties":{"speed":0.0656,"dir_deg":29.4,"type":"ضعيف"}},{"type":"Feature","geometry":{"type":"MultiPolygon","coordinates":[[[[-0.29249983439411686,36.47972094364314],[-0.2842047532333754,36.4922186085665],[-0.2825383979102601,36.49111259774507],[-0.29083347907100154,36.478614932821706],[-0.29249983439411686,36.47972094364314]]],[[[-0.2806065485182373,36.495831491463576],[-0.2858711085564908,36.493324619387934],[-0.2808720425871447,36.49000658692364],[-0.2806065485182373,36.495831491463576]]]]},"properties":{"speed":0.0722,"dir_deg":33.6,"type":"ضعيف"}},{"type":"Feature","geometry":{"type":"MultiPolygon","coordinates":[[[[-0.2507449691123886,36.47983503719179],[-0.24073848472190132,36.49100957387762],[-0.23924854649712415,36.48967537595888],[-0.24925503088761142,36.47850083927305],[-0.2507449691123886,36.47983503719179]]],[[[-0.23665802081268364,36.49406732048019],[-0.2422284229466785,36.49234377179635],[-0.23775860827234696,36.48834117804015],[-0.23665802081268364,36.49406732048019]]]]},"properties":{"speed":0.0814,"dir_deg":41.8,"type":"ضعيف"}},{"type":"Feature","geometry":{"type":"MultiPolygon","coordinates":[[[[-0.20896205643092314,36.479945563476825],[-0.19729767776490917,36.48937648444648],[-0.1960402216356221,36.487821233957675],[-0.20770460030163607,36.47839031298802],[-0.20896205643092314,36.479945563476825]]],[[[-0.19278082347826095,36.491742499525294],[-0.1985551338941962,36.49093173493528],[-0.19478276550633505,36.486265983468876],[-0.19278082347826095,36.491742499525294]]]]},"properties":{"speed":0.0952,"dir_deg":51.0,"type":"ضعيف"}},{"type":"Feature","geometry":{"type":"MultiPolygon","coordinates":[[[[-0.16715712315884612,36.48003940670661],[-0.1540850960460408,36.4873961795835],[-0.15310419299578934,36.485653242635124],[-0.16617622010859467,36.478296469758234],[-0.16715712315884612,36.48003940670661]]],[[[-0.14923730214997993,36.48897696873494],[-0.1550659990962922,36.489139116531874],[-0.15212328994553792,36.48391030568675],[-0.14923730214997993,36.48897696873494]]]]},"properties":{"speed":0.1057,"dir_deg":60.6,"type":"ضعيف"}},{"type":"Feature","geometry":{"type":"MultiPolygon","coordinates":[[[[-0.1253943709049539,36.4800868895855],[-0.11161010060876791,36.486002453159806],[-0.11082135879886013,36.48416455045365],[-0.1246056290950461,36.47824898687934],[-0.1253943709049539,36.4800868895855]]],[[[-0.10662097293841868,36.4870553563315],[-0.1123988424186757,36.48784035586596],[-0.11003261698895234,36.48232664774749],[-0.10662097293841868,36.4870553563315]]]]},"properties":{"speed":0.1051,"dir_deg":66.8,"type":"ضعيف"}},{"type":"Feature","geometry":{"type":"MultiPolygon","coordinates":[[[[-0.08395221055611608,36.479953427924976],[-0.07216986516778336,36.48923654901381],[-0.07093211568927159,36.4876655696287],[-0.08271446107760431,36.47838244853987],[-0.08395221055611608,36.479953427924976]]],[[[-0.0676235419657499,36.49154543301754],[-0.07340761464629514,36.490807528398925],[-0.0696943662107598,36.48609459024359],[-0.0676235419657499,36.49154543301754]]]]},"properties":{"speed":0.1068,"dir_deg":51.8,"type":"ضعيف"}},{"type":"Feature","geometry":{"type":"MultiPolygon","coordinates":[[[[-0.04250701258894423,36.479709990644956],[-0.034376226400966374,36.49231516085267],[-0.03269553703993811,36.4912310560276],[-0.04082632322791597,36.47862588581989],[-0.04250701258894423,36.479709990644956]]],[[[-0.03082561965779296,36.4959748318427],[-0.03605691576199463,36.49339926567773],[-0.031014847678909857,36.49014695120254],[-0.03082561965779296,36.4959748318427]]]]},"properties":{"speed":0.1165,"dir_deg":32.8,"type":"ضعيف"}},{"type":"Feature","geometry":{"type":"MultiPolygon","coordinates":[[[[-0.0009318011113122965,36.47953090749966],[0.004512737897213864,36.49350792416934],[0.006376340119838457,36.49278198563487],[0.0009318011113122965,36.478804968965186],[-0.0009318011113122965,36.47953090749966]]],[[[0.007259385344701548,36.49780396045867],[0.002649135674589271,36.494233862703815],[0.008239942342463051,36.4920560471004],[0.007259385344701548,36.49780396045867]]]]},"properties":{"speed":0.1543,"dir_deg":21.3,"type":"ضعيف"}},{"type":"Feature","geometry":{"type":"MultiPolygon","coordinates":[[[[0.04068854417895359,36.47937596219699],[0.04380890364748708,36.49404781813914],[0.045765151106440104,36.49363177021],[0.04264479163790661,36.478959914267854],[0.04068854417895359,36.47937596219699]]],[[[0.045827147199808085,36.49873041282195],[0.041852656188534065,36.49446386606827],[0.04772139856539312,36.493215722280866],[0.045827147199808085,36.49873041282195]]]]},"properties":{"speed":0.2159,"dir_deg":12.0,"type":"متوسط"}},{"type":"Feature","geometry":{"type":"MultiPolygon","coordinates":[[[[0.08233343123512422,36.47918175226237],[0.08254064168435128,36.49418032098841],[0.08454045084782323,36.494152692928516],[0.08433324039859617,36.47915412420247],[0.08233343123512422,36.47918175226237]]],[[[0.0836096164158296,36.49916602986714],[0.08054083252087935,36.49420794904831],[0.08654026001129517,36.49412506486862],[0.0836096164158296,36.49916602986714]]]]},"properties":{"speed":0.3014,"dir_deg":0.8,"type":"متوسط"}},{"type":"Feature","geometry":{"type":"MultiPolygon","coordinates":[[[[0.12400120904226497,36.47921709738973],[0.12473859640181209,36.49419896175576],[0.12673617831728215,36.49410064344114],[0.12599879095773503,36.479118779075115],[0.12400120904226497,36.47921709738973]]],[[[0.12598318314606283,36.499143757387124],[0.12274101448634205,36.49429728007036],[0.12873376023275218,36.49400232512654],[0.12598318314606283,36.499143757387124]]]]},"properties":{"speed":0.3875,"dir_deg":2.8,"type":"قوي"}},{"type":"Feature","geometry":{"type":"MultiPolygon","coordinates":[[[[0.16566700822304217,36.47919388173548],[0.1660561607689924,36.49418883289566],[0.16805548759034886,36.49413694588954],[0.16766633504439862,36.47914199472936],[0.16566700822304217,36.47919388173548]]],[[[0.16718554169498737,36.49916120644598],[0.16405683394763598,36.49424071990179],[0.17005481441170528,36.49408505888341],[0.16718554169498737,36.49916120644598]]]]},"properties":{"speed":0.4084,"dir_deg":1.5,"type":"قوي"}},{"type":"Feature","geometry":{"type":"MultiPolygon","coordinates":[[[[0.20733350121435376,36.479149346130015],[0.20705461967826322,36.494146753408906],[0.2090542739821149,36.49418393761372],[0.20933315551820544,36.47918653033483],[0.20733350121435376,36.479149346130015]]],[[[0.20796148631815886,36.49916448127094],[0.20505496537441156,36.49410956920409],[0.21105392828596656,36.49422112181853],[0.20796148631815886,36.49916448127094]]]]},"properties":{"speed":0.4721,"dir_deg":358.9,"type":"قوي"}},{"type":"Feature","geometry":{"type":"MultiPolygon","coordinates":[[[[0.24900016898444446,36.47918632138594],[0.2492759162871888,36.494183786619274],[0.25127557831829983,36.49414702031224],[0.2509998310155555,36.479149555078905],[0.24900016898444446,36.47918632138594]]],[[[0.2503676630703257,36.499164558543534],[0.24727625425607774,36.49422055292631],[0.2532752403494109,36.49411025400521],[0.2503676630703257,36.499164558543534]]]]},"properties":{"speed":0.4594,"dir_deg":1.1,"type":"قوي"}},{"type":"Feature","geometry":{"type":"MultiPolygon","coordinates":[[[[0.2906668736038566,36.47918876359104],[0.2909792539831794,36.494185510521575],[0.2929788202405846,36.49414385980434],[0.2926664398612618,36.479147112873804],[0.2906668736038566,36.47918876359104]]],[[[0.29208316390498956,36.499163600806476],[0.2889796877257743,36.49422716123882],[0.2949783864979897,36.494102209087096],[0.29208316390498956,36.499163600806476]]]]},"properties":{"speed":0.3539,"dir_deg":1.2,"type":"متوسط"}},{"type":"Feature","geometry":{"type":"MultiPolygon","coordinates":[[[[0.3323371045444084,36.479254589295486],[0.33363687049042506,36.49419817014097],[0.33562934793648985,36.49402486801484],[0.3343295819904732,36.47908128716936],[0.3323371045444084,36.479254589295486]]],[[[0.33506636452879635,36.49909271269307],[0.3316443930443603,36.494371472267105],[0.33762182538255464,36.493851565888704],[0.33506636452879635,36.49909271269307]]]]},"properties":{"speed":0.1836,"dir_deg":5.0,"type":"متوسط"}},{"type":"Feature","geometry":{"type":"MultiPolygon","coordinates":[[[[0.3740544244502549,36.47949334087489],[0.3789354640872536,36.493676974121065],[0.3808266151867438,36.49302616883613],[0.3759455755497451,36.478842535589955],[0.3740544244502549,36.47949334087489]]],[[[0.3815080528493316,36.498079449227326],[0.37704431298776336,36.494327779406],[0.38271776628623405,36.4923753635512],[0.3815080528493316,36.498079449227326]]]]},"properties":{"speed":0.0905,"dir_deg":19.0,"type":"ضعيف"}},{"type":"Feature","geometry":{"type":"MultiPolygon","coordinates":[[[[0.41634396380912,36.4801144419446],[0.4305415194917544,36.48495483579619],[0.43118690533863285,36.48306182837183],[0.41698934965599843,36.47822143452024],[0.41634396380912,36.4801144419446]]],[[[0.43559673097607177,36.4856217967012],[0.42989613364487594,36.48684784322054],[0.4318322911855113,36.48116882094748],[0.43559673097607177,36.4856217967012]]]]},"properties":{"speed":0.0376,"dir_deg":71.2,"type":"ضعيف"}},{"type":"Feature","geometry":{"type":"MultiPolygon","coordinates":[[[[0.4592285398618386,36.47961360970041],[0.4659136118816593,36.46618566078444],[0.4641232186928637,36.46529431784847],[0.457438146673043,36.478722266764436],[0.4592285398618386,36.47961360970041]]],[[[0.4672467726272017,36.461264006344464],[0.46770400507045484,36.46707700372042],[0.4623328255040682,36.46440297491249],[0.4672467726272017,36.461264006344464]]]]},"properties":{"speed":0.0907,"dir_deg":153.5,"type":"ضعيف"}},{"type":"Feature","geometry":{"type":"MultiPolygon","coordinates":[[[[0.5008531081023018,36.47968967242316],[0.5086791209634007,36.466893050888636],[0.5069729047587972,36.465849582507154],[0.49914689189769823,36.47864620404168],[0.5008531081023018,36.47968967242316]]],[[[0.5104346838147986,36.462105776186384],[0.5103853371680043,36.46793651927012],[0.5052666885541937,36.46480611412567],[0.5104346838147986,36.462105776186384]]]]},"properties":{"speed":0.168,"dir_deg":148.6,"type":"ضعيف"}},{"type":"Feature","geometry":{"type":"MultiPolygon","coordinates":[[[[0.5424004289038793,36.47984736603281],[0.5525918459096718,36.468841230497844],[0.5511243611716764,36.467482374897074],[0.5409329441658839,36.47848851043204],[0.5424004289038793,36.47984736603281]]],[[[0.5552552425426049,36.464493090852464],[0.5540593306476673,36.470200086098615],[0.5496568764336809,36.4661235192963],[0.5552552425426049,36.464493090852464]]]]},"properties":{"speed":0.2256,"dir_deg":137.2,"type":"متوسط"}},{"type":"Feature","geometry":{"type":"MultiPolygon","coordinates":[[[[0.5838606220006285,36.480017612115965],[0.5966057302538018,36.472107984083316],[0.5955511131827816,36.47040863631623],[0.5828060049296083,36.47831826434888],[0.5838606220006285,36.480017612115965]]],[[[0.6003267911360162,36.46862176752222],[0.5976603473248219,36.47380733185041],[0.5944964961117616,36.468709288549135],[0.6003267911360162,36.46862176752222]]]]},"properties":{"speed":0.2472,"dir_deg":121.8,"type":"متوسط"}},{"type":"Feature","geometry":{"type":"MultiPolygon","coordinates":[[[[0.6253765428338837,36.48009433744132],[0.6392725309673863,36.474446194933066],[0.638519445299619,36.472593396515265],[0.6246234571661163,36.47824153902352],[0.6253765428338837,36.48009433744132]]],[[[0.6435279841780036,36.471637081554746],[0.6400256166351536,36.476298993350866],[0.6377663596318518,36.470740598097464],[0.6435279841780036,36.471637081554746]]]]},"properties":{"speed":0.2668,"dir_deg":112.1,"type":"متوسط"}},{"type":"Feature","geometry":{"type":"MultiPolygon","coordinates":[[[[0.666855312125748,36.48014998730781],[0.6815860482565672,36.47732060344482],[0.6812087970748344,36.47535650529404],[0.6664780609440152,36.47818588915703],[0.666855312125748,36.48014998730781]]],[[[0.6863076680426404,36.4753954264151],[0.6819632994382999,36.47928470159559],[0.6808315458931017,36.473392407143265],[0.6863076680426404,36.4753954264151]]]]},"properties":{"speed":0.2771,"dir_deg":100.9,"type":"متوسط"}},{"type":"Feature","geometry":{"type":"MultiPolygon","coordinates":[[[[0.7083623556442431,36.48016751641937],[0.723356028448534,36.4797318837325],[0.7232979440902846,36.4777327273586],[0.7083042712859937,36.47816836004547],[0.7083623556442431,36.48016751641937]]],[[[0.7283248772041728,36.47858709464993],[0.7234141128067832,36.4817310401064],[0.7232398597320353,36.475733570984694],[0.7283248772041728,36.47858709464993]]]]},"properties":{"speed":0.3007,"dir_deg":91.7,"type":"متوسط"}},{"type":"Feature","geometry":{"type":"MultiPolygon","coordinates":[[[[0.7499171983496525,36.480164504279756],[0.7648656890596687,36.48140652903497],[0.7650312923603636,36.4794133969403],[0.7500828016503475,36.47817137218509],[0.7499171983496525,36.480164504279756]]],[[[0.7699313209466883,36.480823971239374],[0.7647000857589737,36.48339966112964],[0.7651968956610585,36.477420264845634],[0.7699313209466883,36.480823971239374]]]]},"properties":{"speed":0.3444,"dir_deg":85.3,"type":"متوسط"}},{"type":"Feature","geometry":{"type":"MultiPolygon","coordinates":[[[[0.7915093553298481,36.480155484126],[0.8063225437335179,36.482515452201504],[0.8066372061435848,36.480540360414345],[0.7918240177399151,36.47818039233884],[0.7915093553298481,36.480155484126]]],[[[0.8114176044064412,36.48231456233309],[0.806007881323451,36.484490543988656],[0.8069518685536516,36.47856526862719],[0.8114176044064412,36.48231456233309]]]]},"properties":{"speed":0.4008,"dir_deg":80.9,"type":"قوي"}},{"type":"Feature","geometry":{"type":"MultiPolygon","coordinates":[[[[0.8329505299663507,36.48009177630972],[0.8468081011258652,36.48583352879123],[0.8475736681234007,36.483985852636636],[0.8337160969638862,36.47824410015512],[0.8329505299663507,36.48009177630972]]],[[[0.8518100750111379,36.48682360820778],[0.8460425341283299,36.48768120494584],[0.8483392351209361,36.48213817648203],[0.8518100750111379,36.48682360820778]]]]},"properties":{"speed":0.4508,"dir_deg":67.5,"type":"قوي"}},{"type":"Feature","geometry":{"type":"MultiPolygon","coordinates":[[[[0.8745717101104744,36.48007157962729],[0.8881263310335871,36.486495927970175],[0.8889829108126382,36.484688645180434],[0.8754282898895256,36.47826429683755],[0.8745717101104744,36.48007157962729]]],[[[0.8930728278974835,36.48773373602293],[0.8872697512545359,36.48830321075992],[0.8898394905916894,36.482881362390685],[0.8930728278974835,36.48773373602293]]]]},"properties":{"speed":0.4816,"dir_deg":64.6,"type":"قوي"}},{"type":"Feature","geometry":{"type":"MultiPolygon","coordinates":[[[[0.916110074528691,36.47999871080934],[0.9285716631825106,36.4883478909022],[0.9296848871948918,36.48668634574836],[0.9172232985410722,36.4783371656555],[0.916110074528691,36.47999871080934]]],[[[0.9332821380733077,36.490300178356236],[0.9274584391701294,36.49000943605604],[0.9307981112072731,36.485024800594516],[0.9332821380733077,36.490300178356236]]]]},"properties":{"speed":0.5937,"dir_deg":56.2,"type":"قوي"}},{"type":"Feature","geometry":{"type":"MultiPolygon","coordinates":[[[[0.9578651527321889,36.48005158155874],[0.9711198026269294,36.48707399255268],[0.9720561240927885,36.485306705900044],[0.958801474198048,36.4782842949061],[0.9578651527321889,36.48005158155874]]],[[[0.9760061799914391,36.488531152891014],[0.9701834811610703,36.48884127920531],[0.9729924455586476,36.483539419247414],[0.9760061799914391,36.488531152891014]]]]},"properties":{"speed":0.4743,"dir_deg":62.1,"type":"قوي"}},{"type":"Feature","geometry":{"type":"MultiPolygon","coordinates":[[[[0.9993147062299459,36.47989620497526],[1.010238707372527,36.49017561152608],[1.0116092949126352,36.4887190780404],[1.000685293770054,36.47843967148958],[0.9993147062299459,36.47989620497526]]],[[[1.014565334856775,36.49287381363351],[1.0088681198324185,36.49163214501176],[1.0129798824527436,36.48726254455472],[1.014565334856775,36.49287381363351]]]]},"properties":{"speed":0.4291,"dir_deg":46.7,"type":"قوي"}},{"type":"Feature","geometry":{"type":"MultiPolygon","coordinates":[[[[-0.41683558600760157,36.52181768994292],[-0.4020511633774285,36.524351629068555],[-0.4017133048273438,36.52238037271787],[-0.41649772745751684,36.519846433592235],[-0.41683558600760157,36.52181768994292]]],[[[-0.39695409322566183,36.524210647268426],[-0.4023890219275133,36.52632288541925],[-0.401375446277259,36.520409116367176],[-0.39695409322566183,36.524210647268426]]]]},"properties":{"speed":0.0293,"dir_deg":80.3,"type":"ضعيف"}},{"type":"Feature","geometry":{"type":"MultiPolygon","coordinates":[[[[-0.3759789160112887,36.52103632493813],[-0.3729149684530586,36.53572006510746],[-0.3709571364304812,36.53531153876636],[-0.3740210839887113,36.520627798597026],[-0.3759789160112887,36.52103632493813]]],[[[-0.3709147365890266,36.540410381993354],[-0.37487280047563604,36.53612859144856],[-0.3689993044079038,36.53490301242526],[-0.3709147365890266,36.540410381993354]]]]},"properties":{"speed":0.0316,"dir_deg":11.8,"type":"ضعيف"}},{"type":"Feature","geometry":{"type":"MultiPolygon","coordinates":[[[[-0.33430920534657155,36.52061367403323],[-0.3375850213618227,36.53525160522019],[-0.3356332972035612,36.53568838068889],[-0.33235748118831004,36.52105044950193],[-0.33430920534657155,36.52061367403323]]],[[[-0.33770109795444236,36.54034930335019],[-0.3395367455200843,36.53481482975149],[-0.33368157304529966,36.53612515615759],[-0.33770109795444236,36.54034930335019]]]]},"properties":{"speed":0.0471,"dir_deg":347.4,"type":"ضعيف"}},{"type":"Feature","geometry":{"type":"MultiPolygon","coordinates":[[[[-0.29265431652183516,36.52067544714295],[-0.2950035358912554,36.53549034398209],[-0.2930282163127035,36.53580357323135],[-0.29067899694328325,36.52098867639221],[-0.29265431652183516,36.52067544714295]]],[[[-0.2947989492251195,36.5405852575531],[-0.2969788554698073,36.53517711473283],[-0.2910528967341516,36.536116802480606],[-0.2947989492251195,36.5405852575531]]]]},"properties":{"speed":0.0532,"dir_deg":351.0,"type":"ضعيف"}},{"type":"Feature","geometry":{"type":"MultiPolygon","coordinates":[[[[-0.25098177578893593,36.52102210465816],[-0.24813113243026652,36.5357487414922],[-0.24616758085239465,36.53536865571104],[-0.24901822421106407,36.520642018877],[-0.25098177578893593,36.52102210465816]]],[[[-0.2461991421884408,36.540467577546295],[-0.2500946840081384,36.53612882727335],[-0.24420402927452278,36.53498856992989],[-0.2461991421884408,36.540467577546295]]]]},"properties":{"speed":0.0576,"dir_deg":11.0,"type":"ضعيف"}},{"type":"Feature","geometry":{"type":"MultiPolygon","coordinates":[[[[-0.2091688971556486,36.52138144760488],[-0.20092810959605836,36.53391497944541],[-0.19925697201732037,36.53281620777081],[-0.2074977595769106,36.520282675930275],[-0.2091688971556486,36.52138144760488]]],[[[-0.1973456116201593,36.53754343755496],[-0.20259924717479635,36.535013751120026],[-0.19758583443858238,36.531717436096194],[-0.1973456116201593,36.53754343755496]]]]},"properties":{"speed":0.0681,"dir_deg":33.3,"type":"ضعيف"}},{"type":"Feature","geometry":{"type":"MultiPolygon","coordinates":[[[[-0.16732101884253883,36.521588256008705],[-0.15597810522565475,36.53140346414098],[-0.15466941080801788,36.529891075658725],[-0.16601232442490196,36.52007586752645],[-0.16732101884253883,36.521588256008705]]],[[[-0.15154278681120828,36.53391900594395],[-0.1572867996432916,36.532915852623226],[-0.15336071639038104,36.52837868717648],[-0.15154278681120828,36.53391900594395]]]]},"properties":{"speed":0.0736,"dir_deg":49.1,"type":"ضعيف"}},{"type":"Feature","geometry":{"type":"MultiPolygon","coordinates":[[[[-0.12568160922134944,36.521563778153464],[-0.11470586343308675,36.531787916473704],[-0.11334264499038788,36.53032448370193],[-0.12431839077865056,36.52010034538169],[-0.12568160922134944,36.521563778153464]]],[[[-0.11036567228231643,36.53446424619457],[-0.11606908187578564,36.53325134924547],[-0.11197942654768898,36.52886105093017],[-0.11036567228231643,36.53446424619457]]]]},"properties":{"speed":0.0711,"dir_deg":47.0,"type":"ضعيف"}},{"type":"Feature","geometry":{"type":"MultiPolygon","coordinates":[[[[-0.08425773501242285,36.521213488205106],[-0.07853633844954581,36.53507947613855],[-0.0766875400584205,36.53431662326349],[-0.08240893662129754,36.52045063533005],[-0.08425773501242285,36.521213488205106]]],[[[-0.07570480706635747,36.53932004567883],[-0.08038513684067113,36.5358423290136],[-0.07483874166729519,36.533553770388444],[-0.07570480706635747,36.53932004567883]]]]},"properties":{"speed":0.094,"dir_deg":22.4,"type":"ضعيف"}},{"type":"Feature","geometry":{"type":"MultiPolygon","coordinates":[[[[-0.04264636780620884,36.521032531491706],[-0.03963932194427517,36.535728029958385],[-0.03767992214871769,36.53532709051013],[-0.04068696801065136,36.52063159204345],[-0.04264636780620884,36.521032531491706]]],[[[-0.03765727342585187,36.54042605972315],[-0.04159872173983266,36.53612896940665],[-0.0357205223531602,36.53492615106187],[-0.03765727342585187,36.54042605972315]]]]},"properties":{"speed":0.1213,"dir_deg":11.6,"type":"ضعيف"}},{"type":"Feature","geometry":{"type":"MultiPolygon","coordinates":[[[[-0.000996702298702338,36.5209132068707],[0.00022047424820118618,36.535863741351235],[0.002213878845605862,36.53570145114499],[0.000996702298702338,36.520750916664454],[-0.000996702298702338,36.5209132068707]]],[[[0.0016229020625380323,36.540766107741625],[-0.0017729303492034897,36.53602603155749],[0.004207283443010538,36.53553916093873],[0.0016229020625380323,36.540766107741625]]]]},"properties":{"speed":0.1707,"dir_deg":4.7,"type":"ضعيف"}},{"type":"Feature","geometry":{"type":"MultiPolygon","coordinates":[[[[0.04066725265885156,36.520797868801786],[0.04015435817192672,36.53578909754546],[0.0421531886710838,36.535857483477045],[0.04266608315800864,36.52086625473337],[0.04066725265885156,36.520797868801786]]],[[[0.04098280859253031,36.54082036675915],[0.038155527672769626,36.53572071161387],[0.04415201917024089,36.535925869408636],[0.04098280859253031,36.54082036675915]]]]},"properties":{"speed":0.2621,"dir_deg":358.0,"type":"متوسط"}},{"type":"Feature","geometry":{"type":"MultiPolygon","coordinates":[[[[0.08233558306411325,36.520765058451346],[0.081330533320655,36.53573134974255],[0.0833260388261489,36.53586535637501],[0.08433108856960715,36.52089906508381],[0.08233558306411325,36.520765058451346]]],[[[0.0819932694922492,36.540787116822514],[0.07933502781516111,36.53559734311009],[0.0853215443316428,36.53599936300747],[0.0819932694922492,36.540787116822514]]]]},"properties":{"speed":0.3657,"dir_deg":356.2,"type":"قوي"}},{"type":"Feature","geometry":{"type":"MultiPolygon","coordinates":[[[[0.12400502227998249,36.52073196513093],[0.12250357273022489,36.53565663093119],[0.12449352817025991,36.535856824204494],[0.12599497772001753,36.52093215840423],[0.12400502227998249,36.52073196513093]]],[[[0.12299806726698986,36.54073161616793],[0.12051361729018985,36.53545643765789],[0.12648348361029496,36.536057017477795],[0.12299806726698986,36.54073161616793]]]]},"properties":{"speed":0.433,"dir_deg":354.3,"type":"قوي"}},{"type":"Feature","geometry":{"type":"MultiPolygon","coordinates":[[[[0.1656735591291205,36.520714897126126],[0.1639160895072942,36.535611584695125],[0.165902314516494,36.53584591397803],[0.1676597841383203,36.52094922640903],[0.1656735591291205,36.520714897126126]]],[[[0.16432337880461867,36.540694311859575],[0.16192986449809438,36.535377255412214],[0.16788853952569383,36.53608024326094],[0.16432337880461867,36.540694311859575]]]]},"properties":{"speed":0.4765,"dir_deg":353.3,"type":"قوي"}},{"type":"Feature","geometry":{"type":"MultiPolygon","coordinates":[[[[0.2073355414787854,36.5207655687067],[0.20633814556564262,36.53573237201911],[0.208333719340631,36.53586535814087],[0.2093311152537738,36.520898554828456],[0.2073355414787854,36.5207655687067]]],[[[0.20700346714875587,36.54078779951746],[0.20434257179065426,36.53559938589736],[0.21032929311561935,36.535998344262616],[0.20700346714875587,36.54078779951746]]]]},"properties":{"speed":0.501,"dir_deg":356.2,"type":"قوي"}},{"type":"Feature","geometry":{"type":"MultiPolygon","coordinates":[[[[0.24900434970799493,36.520738892587964],[0.24760681201376436,36.53567364696804],[0.2495981125977745,36.53585998532727],[0.2509956502920051,36.52092523094719],[0.24900434970799493,36.520738892587964]]],[[[0.24813661640769258,36.54074506760768],[0.24561551142975419,36.53548730860881],[0.2515894131817847,36.536046323686506],[0.24813661640769258,36.54074506760768]]]]},"properties":{"speed":0.439,"dir_deg":354.7,"type":"قوي"}},{"type":"Feature","geometry":{"type":"MultiPolygon","coordinates":[[[[0.29067638705573734,36.52069290010918],[0.2885889621798189,36.53554694526151],[0.2905695015334626,36.5358252685783],[0.29265692640938107,36.520971223425974],[0.29067638705573734,36.52069290010918]]],[[[0.28888342356466795,36.540637455304015],[0.28660842282617516,36.535268621944724],[0.29255004088710634,36.536103591895085],[0.28888342356466795,36.540637455304015]]]]},"properties":{"speed":0.3012,"dir_deg":352.0,"type":"متوسط"}},{"type":"Feature","geometry":{"type":"MultiPolygon","coordinates":[[[[0.33234248309576664,36.520697168772244],[0.3303190881657762,36.535560071347355],[0.3323008085091245,36.53582985733802],[0.33432420343911495,36.52096695476291],[0.33234248309576664,36.520697168772244]]],[[[0.3306354833607869,36.54064926520106],[0.32833736782242784,36.53529028535669],[0.3342825288524729,36.53609964332869],[0.3306354833607869,36.54064926520106]]]]},"properties":{"speed":0.1325,"dir_deg":352.2,"type":"ضعيف"}},{"type":"Feature","geometry":{"type":"MultiPolygon","coordinates":[[[[0.3740146473340074,36.52066153281513],[0.37145671304736255,36.53544182280502],[0.37342741837934773,36.53578288070991],[0.3759853526659926,36.52100259072002],[0.3740146473340074,36.52066153281513]]],[[[0.37158942095114017,36.54053911508743],[0.3694860077153774,36.535100764900136],[0.3753981237113329,36.53612393861479],[0.37158942095114017,36.54053911508743]]]]},"properties":{"speed":0.0608,"dir_deg":350.2,"type":"ضعيف"}},{"type":"Feature","geometry":{"type":"MultiPolygon","coordinates":[[[[0.417664990122207,36.52077435177612],[0.41679934025030396,36.505799350931404],[0.4148026734710084,36.50591477091432],[0.4156683233429114,36.52088977175904],[0.417664990122207,36.52077435177612]]],[[[0.41551245690335514,36.50086539397462],[0.41879600702959957,36.505683930948486],[0.4128060066917128,36.50603019089724],[0.41551245690335514,36.50086539397462]]]]},"properties":{"speed":0.0536,"dir_deg":183.3,"type":"ضعيف"}},{"type":"Feature","geometry":{"type":"MultiPolygon","coordinates":[[[[0.4592956586460256,36.52110399762792],[0.4633746965511324,36.506669266949146],[0.46145006579396275,36.506125395228466],[0.457371027888856,36.52056012590724],[0.4592956586460256,36.52110399762792]]],[[[0.46377206047424985,36.50158575419588],[0.4652993273083021,36.507213138669826],[0.45952543503679305,36.505581523507786],[0.46377206047424985,36.50158575419588]]]]},"properties":{"speed":0.1667,"dir_deg":164.2,"type":"ضعيف"}},{"type":"Feature","geometry":{"type":"MultiPolygon","coordinates":[[[[0.5008444649023083,36.521367672660645],[0.5088786282982771,36.508700699126024],[0.5071896984936606,36.50762947733989],[0.4991555350976917,36.52029645087451],[0.5008444649023083,36.521367672660645]]],[[[0.5107122178612918,36.50394276372141],[0.5105675581028937,36.50977192091215],[0.505500768689044,36.50655825555376],[0.5107122178612918,36.50394276372141]]]]},"properties":{"speed":0.2377,"dir_deg":147.6,"type":"متوسط"}},{"type":"Feature","geometry":{"type":"MultiPolygon","coordinates":[[[[0.5423830366187649,36.52152980280645],[0.5528491522017824,36.5107845515482],[0.5514164520340159,36.50938906947046],[0.5409503364509983,36.52013432072871],[0.5423830366187649,36.52152980280645]]],[[[0.5556215073122384,36.506505060089914],[0.5542818523695491,36.51218003362593],[0.5499837518662493,36.507993587392725],[0.5556215073122384,36.506505060089914]]]]},"properties":{"speed":0.2608,"dir_deg":135.8,"type":"متوسط"}},{"type":"Feature","geometry":{"type":"MultiPolygon","coordinates":[[[[0.5839014004225059,36.52165503030212],[0.5962459284406354,36.51313372594131],[0.5951097545258603,36.51148778887222],[0.5827652265077309,36.520009093233035],[0.5839014004225059,36.52165503030212]]],[[[0.5997926841559577,36.509470322619826],[0.5973821023554106,36.514779663010394],[0.5939735806110852,36.50984185180314],[0.5997926841559577,36.509470322619826]]]]},"properties":{"speed":0.2498,"dir_deg":124.6,"type":"متوسط"}},{"type":"Feature","geometry":{"type":"MultiPolygon","coordinates":[[[[0.6254605134978579,36.52171971446897],[0.6387753040187557,36.5148120120011],[0.6378542770230399,36.513036706598314],[0.6245394865021421,36.519944409066184],[0.6254605134978579,36.52171971446897]]],[[[0.6427530540278638,36.51162179181042],[0.6396963310144717,36.51658731740389],[0.6369332500273239,36.511261401195526],[0.6427530540278638,36.51162179181042]]]]},"properties":{"speed":0.2399,"dir_deg":117.4,"type":"متوسط"}},{"type":"Feature","geometry":{"type":"MultiPolygon","coordinates":[[[[0.666986191047488,36.52177964652179],[0.6811999623607403,36.5169870788327],[0.6805609533355275,36.51509190932427],[0.6663471820222752,36.51988447701336],[0.666986191047488,36.52177964652179]]],[[[0.685618381619218,36.51444197151545],[0.6818389713859531,36.518882248341136],[0.6799219443103147,36.51319673981583],[0.685618381619218,36.51444197151545]]]]},"properties":{"speed":0.2282,"dir_deg":108.6,"type":"متوسط"}},{"type":"Feature","geometry":{"type":"MultiPolygon","coordinates":[[[[0.7085061108184901,36.52181701916496],[0.723280471779298,36.519225058864386],[0.7229348770725545,36.517255144069615],[0.7081605161117467,36.51984710437019],[0.7085061108184901,36.52181701916496]]],[[[0.7280324614128622,36.51737611470014],[0.7236260664860413,36.52119497365916],[0.7225892823658112,36.51528522927484],[0.7280324614128622,36.51737611470014]]]]},"properties":{"speed":0.2305,"dir_deg":100.0,"type":"متوسط"}},{"type":"Feature","geometry":{"type":"MultiPolygon","coordinates":[[[[0.7499616016096665,36.52183132427744],[0.7649505392576272,36.52240730013244],[0.7650273360382942,36.52040877511271],[0.7500383983903335,36.51983279925771],[0.7499616016096665,36.52183132427744]]],[[[0.769985250197281,36.521600029574245],[0.7648737424769604,36.52440582515217],[0.7651041328189611,36.518410250092984],[0.769985250197281,36.521600029574245]]]]},"properties":{"speed":0.2707,"dir_deg":87.8,"type":"متوسط"}},{"type":"Feature","geometry":{"type":"MultiPolygon","coordinates":[[[[0.7915381703304237,36.52182376917664],[0.8064137814663785,36.52375151224351],[0.8066708138752943,36.52176809742538],[0.7917952027393395,36.519840354358514],[0.7915381703304237,36.52182376917664]]],[[[0.8115008347161546,36.523402385856734],[0.8061567490574628,36.525734927061634],[0.80692784628421,36.51978468260725],[0.8115008347161546,36.523402385856734]]]]},"properties":{"speed":0.3267,"dir_deg":82.6,"type":"متوسط"}},{"type":"Feature","geometry":{"type":"MultiPolygon","coordinates":[[[[0.8330179597229767,36.521781035959705],[0.8472525726048348,36.52651134209183],[0.8478832800891183,36.524613393707575],[0.8336486672072602,36.51988308757545],[0.8330179597229767,36.521781035959705]]],[[[0.8523127973075959,36.527139136610415],[0.8466218651205512,36.52840929047608],[0.8485139875734019,36.52271544532333],[0.8523127973075959,36.527139136610415]]]]},"properties":{"speed":0.4011,"dir_deg":71.6,"type":"قوي"}},{"type":"Feature","geometry":{"type":"MultiPolygon","coordinates":[[[[0.8746995066493087,36.521785845677165],[0.8890062652931396,36.52629324593753],[0.8896072519945222,36.52438567811836],[0.8753004933506913,36.51987827785799],[0.8746995066493087,36.521785845677165]]],[[[0.8940756781917746,36.5268419287814],[0.8884052785917572,36.52820081375671],[0.8902082386959046,36.522478110299176],[0.8940756781917746,36.5268419287814]]]]},"properties":{"speed":0.4734,"dir_deg":72.5,"type":"قوي"}},{"type":"Feature","geometry":{"type":"MultiPolygon","coordinates":[[[[0.9162225784934696,36.521728035008],[0.9296621770998068,36.528389655629184],[0.9305503931826309,36.526597709148334],[0.9171107945762936,36.51993608852715],[0.9162225784934696,36.521728035008]]],[[[0.9345861513433312,36.52971422259582],[0.9287739610169827,36.53018160211003],[0.931438609265455,36.52480576266749],[0.9345861513433312,36.52971422259582]]]]},"properties":{"speed":0.5881,"dir_deg":63.6,"type":"قوي"}},{"type":"Feature","geometry":{"type":"MultiPolygon","coordinates":[[[[0.9580147970815122,36.52177997912335],[0.9722335574180972,36.52655772487744],[0.9728705901853097,36.524661890165895],[0.9586518298487247,36.519884144411805],[0.9580147970815122,36.52177997912335]]],[[[0.9772916605805653,36.5272023894397],[0.9715965246508849,36.52845355958898],[0.9735076229525221,36.522766055454355],[0.9772916605805653,36.5272023894397]]]]},"properties":{"speed":0.6017,"dir_deg":71.4,"type":"قوي"}},{"type":"Feature","geometry":{"type":"MultiPolygon","coordinates":[[[[0.9995883528666126,36.521743405082454],[1.0132585025897924,36.52791811208326],[1.014081796856567,36.52609542545351],[1.0004116471333873,36.5199207184527],[0.9995883528666126,36.521743405082454]]],[[[1.0182268662975729,36.529065004435324],[1.0124352083230177,36.52974079871302],[1.0149050911233417,36.524272738823754],[1.0182268662975729,36.529065004435324]]]]},"properties":{"speed":0.6459,"dir_deg":65.7,"type":"قوي"}},{"type":"Feature","geometry":{"type":"MultiPolygon","coordinates":[[[[-0.41611637300660514,36.5633349777368],[-0.4035917069546191,36.55508072184749],[-0.4046922744065272,36.55341076637389],[-0.41721694045851326,36.5616650222632],[-0.41611637300660514,36.5633349777368]]],[[[-0.3999671019965778,36.55149432548092],[-0.4024911395027109,36.556750677321084],[-0.4057928418584354,36.55174081090029],[-0.3999671019965778,36.55149432548092]]]]},"properties":{"speed":0.0545,"dir_deg":123.4,"type":"ضعيف"}},{"type":"Feature","geometry":{"type":"MultiPolygon","coordinates":[[[[-0.3748835462043894,36.56349319611029],[-0.35998560455009454,36.56174638917613],[-0.3602185121413157,36.559759996955556],[-0.3751164537956106,36.56150680388971],[-0.3748835462043894,36.56349319611029]]],[[[-0.35513607779427353,36.560170924087785],[-0.3597526969588733,36.5637327813967],[-0.36045141973253697,36.55777360473498],[-0.35513607779427353,36.560170924087785]]]]},"properties":{"speed":0.0206,"dir_deg":96.7,"type":"ضعيف"}},{"type":"Feature","geometry":{"type":"MultiPolygon","coordinates":[[[[-0.3342698438337141,36.56214933393468],[-0.33952983481357285,36.57619684242878],[-0.3376568336810262,36.576898174559425],[-0.3323968427011675,36.56285066606532],[-0.3342698438337141,36.56214933393468]]],[[[-0.34034666457391916,36.58123001132547],[-0.3414028359461195,36.57549551029813],[-0.3357838325484796,36.57759950669007],[-0.34034666457391916,36.58123001132547]]]]},"properties":{"speed":0.0187,"dir_deg":339.5,"type":"ضعيف"}},{"type":"Feature","geometry":{"type":"MultiPolygon","coordinates":[[[[-0.2925345551964813,36.56200325836059],[-0.29998567978759944,36.575021735319424],[-0.29824988285975523,36.57601521859824],[-0.2907987582686371,36.56299674163941],[-0.2925345551964813,36.56200325836059]]],[[[-0.30160148952071675,36.57985796927844],[-0.3017214767154437,36.57402825204061],[-0.296514085931911,36.577008701877055],[-0.30160148952071675,36.57985796927844]]]]},"properties":{"speed":0.0366,"dir_deg":330.2,"type":"ضعيف"}},{"type":"Feature","geometry":{"type":"MultiPolygon","coordinates":[[[[-0.25097137731486585,36.5622624581886],[-0.25453450448588993,36.57683311791158],[-0.25259174985615823,36.577308201534386],[-0.24902862268513412,36.5627375418114],[-0.25097137731486585,36.5622624581886]]],[[[-0.25475083622803213,36.581927546297315],[-0.2564772591156217,36.57635803428878],[-0.2506489952264265,36.57778328515719],[-0.25475083622803213,36.581927546297315]]]]},"properties":{"speed":0.0464,"dir_deg":346.3,"type":"ضعيف"}},{"type":"Feature","geometry":{"type":"MultiPolygon","coordinates":[[[[-0.20932331312692923,36.562641174267064],[-0.20720569912094622,36.57749094567681],[-0.20522572959964697,36.57720859714268],[-0.20734334360562998,36.562358825732936],[-0.20932331312692923,36.562641174267064]]],[[[-0.20550984302496894,36.582299695212996],[-0.2091856686422455,36.57777329421094],[-0.2032457600783477,36.576926248608544],[-0.20550984302496894,36.582299695212996]]]]},"properties":{"speed":0.0543,"dir_deg":8.1,"type":"ضعيف"}},{"type":"Feature","geometry":{"type":"MultiPolygon","coordinates":[[[[-0.16760237091765295,36.56285279859701],[-0.16231039196259095,36.576888287855994],[-0.16043899339472584,36.57618269066198],[-0.16573097234978784,36.56214720140299],[-0.16760237091765295,36.56285279859701]]],[[[-0.15961069969363773,36.58121398567865],[-0.1641817905304561,36.57759388505],[-0.1585675948268607,36.575477093467974],[-0.15961069969363773,36.58121398567865]]]]},"properties":{"speed":0.0586,"dir_deg":20.7,"type":"ضعيف"}},{"type":"Feature","geometry":{"type":"MultiPolygon","coordinates":[[[[-0.1259805559843524,36.56269623955144],[-0.12303696271270177,36.57740457931673],[-0.12107585074399697,36.57701210021384],[-0.1240194440156476,36.56230376044856],[-0.1259805559843524,36.56269623955144]]],[[[-0.1210752089711325,36.58211111968705],[-0.12499807468140657,36.57779705841961],[-0.11911473877529218,36.57661962111096],[-0.1210752089711325,36.58211111968705]]]]},"properties":{"speed":0.0702,"dir_deg":11.3,"type":"ضعيف"}},{"type":"Feature","geometry":{"type":"MultiPolygon","coordinates":[[[[-0.08433277426549897,36.562533508019676],[-0.08383015397037932,36.57752508474926],[-0.08183127707310178,36.57745806870991],[-0.08233389736822143,36.562466491980324],[-0.08433277426549897,36.562533508019676]]],[[[-0.08266317542336735,36.58248876897277],[-0.08582903086765688,36.57759210078861],[-0.07983240017582423,36.57739105267056],[-0.08266317542336735,36.58248876897277]]]]},"properties":{"speed":0.1099,"dir_deg":1.9,"type":"ضعيف"}},{"type":"Feature","geometry":{"type":"MultiPolygon","coordinates":[[[[-0.042666576513862825,36.562513519644284],[-0.04246378184959501,36.57751214872577],[-0.04046396463872956,36.577485109437205],[-0.040666759302997374,36.562486480355716],[-0.042666576513862825,36.562513519644284]]],[[[-0.04139627502273968,36.58249817210866],[-0.04446359906046046,36.57753918801434],[-0.03846414742786411,36.57745807014864],[-0.04139627502273968,36.58249817210866]]]]},"properties":{"speed":0.1459,"dir_deg":0.8,"type":"ضعيف"}},{"type":"Feature","geometry":{"type":"MultiPolygon","coordinates":[[[[-0.0009986799680836384,36.56244863540764],[-0.0017691488535061571,36.577428834928895],[0.00022821108266111968,36.57753156411361],[0.0009986799680836384,36.56255136459236],[-0.0009986799680836384,36.56244863540764]]],[[[-0.001027291847230025,36.58247359936167],[-0.003766508789673434,36.57732610574417],[0.0022255710188283967,36.57763429329834],[-0.001027291847230025,36.58247359936167]]]]},"properties":{"speed":0.2212,"dir_deg":357.1,"type":"متوسط"}},{"type":"Feature","geometry":{"type":"MultiPolygon","coordinates":[[[[0.04067555665861383,36.56236696432626],[0.038680021552503906,36.577233633073504],[0.04066224405213644,36.57749970442099],[0.04265777915824637,36.56263303567374],[0.04067555665861383,36.56236696432626]]],[[[0.03900595443361686,36.582322224996325],[0.03669779905287136,36.57696756172602],[0.042644466551768984,36.57776577576847],[0.03900595443361686,36.582322224996325]]]]},"properties":{"speed":0.3369,"dir_deg":352.4,"type":"متوسط"}},{"type":"Feature","geometry":{"type":"MultiPolygon","coordinates":[[[[0.08235655320321723,36.56228576712277],[0.0791430600448174,36.57693750632742],[0.08109662527210333,36.57736597208187],[0.08431011843050316,36.56271423287723],[0.08235655320321723,36.56228576712277]]],[[[0.07904867827232709,36.58203565227286],[0.07718949481753146,36.576509040572965],[0.08305019049938928,36.577794437836324],[0.07904867827232709,36.58203565227286]]]]},"properties":{"speed":0.4398,"dir_deg":347.6,"type":"قوي"}},{"type":"Feature","geometry":{"type":"MultiPolygon","coordinates":[[[[0.12402349132293128,36.56228452191849],[0.12079132010034146,36.57693215207453],[0.12274433745447891,36.57736310823754],[0.12597650867706872,36.56271547808151],[0.12402349132293128,36.56228452191849]]],[[[0.12069043836988025,36.582030173541376],[0.11883830274620404,36.57650119591152],[0.12469735480861634,36.57779406440055],[0.12069043836988025,36.582030173541376]]]]},"properties":{"speed":0.5091,"dir_deg":347.6,"type":"قوي"}},{"type":"Feature","geometry":{"type":"MultiPolygon","coordinates":[[[[0.16567490637733231,36.562371930970876],[0.16375387094043006,36.5772484098167],[0.16573740145320623,36.577504547874945],[0.16765843689010848,36.562628069029124],[0.16567490637733231,36.562371930970876]]],[[[0.16410529105118407,36.58233530512776],[0.1617703404276539,36.57699227175844],[0.1677209319659824,36.5777606859332],[0.16410529105118407,36.58233530512776]]]]},"properties":{"speed":0.5279,"dir_deg":352.6,"type":"قوي"}},{"type":"Feature","geometry":{"type":"MultiPolygon","coordinates":[[[[0.20735296464609634,36.5623028021903],[0.20439499750067383,36.57700825799305],[0.20635572494104035,36.577402653612445],[0.20931369208646286,36.5626971978097],[0.20735296464609634,36.5623028021903]]],[[[0.20438937217238293,36.58210727440367],[0.20243427006030731,36.57661386237366],[0.20831645238140686,36.57779704923183],[0.20438937217238293,36.58210727440367]]]]},"properties":{"speed":0.4838,"dir_deg":348.6,"type":"قوي"}},{"type":"Feature","geometry":{"type":"MultiPolygon","coordinates":[[[[0.2490552144174069,36.56217231081354],[0.2441398766204743,36.57634409455243],[0.24602944778566047,36.57699947292536],[0.2509447855825931,36.56282768918646],[0.2490552144174069,36.56217231081354]]],[[[0.2434462162707565,36.581395711651865],[0.2422503054552881,36.575688716179506],[0.24791901895084664,36.577654851298284],[0.2434462162707565,36.581395711651865]]]]},"properties":{"speed":0.3961,"dir_deg":340.9,"type":"قوي"}},{"type":"Feature","geometry":{"type":"MultiPolygon","coordinates":[[[[0.2907438356807223,36.56211477109884],[0.2849654021633668,36.57595708687639],[0.28681104426704057,36.57672754467871],[0.2925894777843961,36.56288522890116],[0.2907438356807223,36.56211477109884]]],[[[0.2839620787094185,36.58095642103674],[0.283119760059693,36.57518662907408],[0.28865668637071434,36.57749800248102],[0.2839620787094185,36.58095642103674]]]]},"properties":{"speed":0.235,"dir_deg":337.3,"type":"متوسط"}},{"type":"Feature","geometry":{"type":"MultiPolygon","coordinates":[[[[0.33252181178576895,36.56191569130226],[0.3237571813196577,36.57408866352734],[0.3253802442830014,36.57525728092282],[0.33414487474911264,36.56308430869774],[0.33252181178576895,36.56191569130226]]],[[[0.32164716931262577,36.578730629633434],[0.322134118356314,36.572920046131856],[0.3270033072463451,36.576425898318305],[0.32164716931262577,36.578730629633434]]]]},"properties":{"speed":0.1092,"dir_deg":324.2,"type":"ضعيف"}},{"type":"Feature","geometry":{"type":"MultiPolygon","coordinates":[[[[0.3750792807490196,36.561503147672504],[0.3601264958365743,36.56031393643721],[0.35996793433853513,36.562307641092204],[0.3749207192509804,36.563496852327496],[0.3750792807490196,36.561503147672504]]],[[[0.35506295345007294,36.56091438501961],[0.3602850573346134,36.55832023178222],[0.359809372840496,36.5643013457472],[0.35506295345007294,36.56091438501961]]]]},"properties":{"speed":0.055,"dir_deg":265.5,"type":"ضعيف"}},{"type":"Feature","geometry":{"type":"MultiPolygon","coordinates":[[[[0.4176596093766844,36.562381488200906],[0.41588193239025856,36.54748719853903],[0.4138960271020082,36.54772422213722],[0.415673704088434,36.562618511799094],[0.4176596093766844,36.562381488200906]]],[[[0.4142964207506581,36.5426409471175],[0.417867837678509,36.54725017494084],[0.41191012181375775,36.54796124573541],[0.4142964207506581,36.5426409471175]]]]},"properties":{"speed":0.1498,"dir_deg":186.8,"type":"ضعيف"}},{"type":"Feature","geometry":{"type":"MultiPolygon","coordinates":[[[[0.4592709464748714,36.56284770709716],[0.4644865529322806,36.548783658985705],[0.4626113465174194,36.54808824479138],[0.4573957400600102,36.56215229290284],[0.4592709464748714,36.56284770709716]]],[[[0.46528748521065305,36.543747935851385],[0.4663617593471418,36.549479073180024],[0.4607361401025582,36.54739283059706],[0.46528748521065305,36.543747935851385]]]]},"properties":{"speed":0.2408,"dir_deg":159.7,"type":"متوسط"}},{"type":"Feature","geometry":{"type":"MultiPolygon","coordinates":[[[[0.5007979217635246,36.56310276103001],[0.5098393372136135,36.55113393457714],[0.5082434936865644,36.54992841251712],[0.4992020782364754,36.56189723896999],[0.5007979217635246,36.56310276103001]]],[[[0.5120552206001187,36.54654156472951],[0.5114351807406627,36.55233945663715],[0.5066476501595152,36.54872289045711],[0.5120552206001187,36.54654156472951]]]]},"properties":{"speed":0.2744,"dir_deg":142.9,"type":"متوسط"}},{"type":"Feature","geometry":{"type":"MultiPolygon","coordinates":[[[[0.5423789559699883,36.56320190615599],[0.552907548309797,36.55251786462939],[0.5514830094395836,36.55111405231741],[0.5409544170997749,36.56179809384401],[0.5423789559699883,36.56320190615599]]],[[[0.5557048096546267,36.548254611297864],[0.5543320871800104,36.55392167694136],[0.5500584705693703,36.54971024000544],[0.5557048096546267,36.548254611297864]]]]},"properties":{"speed":0.2613,"dir_deg":135.4,"type":"متوسط"}},{"type":"Feature","geometry":{"type":"MultiPolygon","coordinates":[[[[0.5839891067954754,36.563254940466436],[0.5953132137919813,36.55341804051108],[0.5940016271312673,36.55190815957821],[0.5826775201347614,36.561745059533564],[0.5839891067954754,36.563254940466436]]],[[[0.5984321227937929,36.549384133392856],[0.5966248004526955,36.55492792144395],[0.5926900404705531,36.550398278645346],[0.5984321227937929,36.549384133392856]]]]},"properties":{"speed":0.2367,"dir_deg":131.0,"type":"متوسط"}},{"type":"Feature","geometry":{"type":"MultiPolygon","coordinates":[[[[0.6255989891900571,36.56330075711061],[0.6376103458492283,36.55431591925976],[0.6364123674691141,36.552714405038536],[0.6244010108099429,36.56169924288939],[0.6255989891900571,36.56330075711061]]],[[[0.6410151422122283,36.550520216198855],[0.6388083242293425,36.55591743348098],[0.6352143890889999,36.551112890817315],[0.6410151422122283,36.550520216198855]]]]},"properties":{"speed":0.2156,"dir_deg":126.8,"type":"متوسط"}},{"type":"Feature","geometry":{"type":"MultiPolygon","coordinates":[[[[0.667131715809583,36.563385295303085],[0.6804111453559121,36.55640985618257],[0.6794810868065093,36.5546392655764],[0.6662016572601802,36.561614704696915],[0.667131715809583,36.563385295303085]]],[[[0.6843725925966537,36.553199414505976],[0.6813412039053147,36.55818044678875],[0.6785510282571067,36.55286867497022],[0.6843725925966537,36.553199414505976]]]]},"properties":{"speed":0.194,"dir_deg":117.7,"type":"متوسط"}},{"type":"Feature","geometry":{"type":"MultiPolygon","coordinates":[[[[0.7086321601826078,36.56345430112619],[0.7229466770754445,36.558971600363854],[0.7223489836404657,36.55706299811147],[0.708034466747629,36.56154569887381],[0.7086321601826078,36.56345430112619]]],[[[0.7274193359889006,36.55652306565021],[0.7235443705104233,36.56088020261623],[0.7217512902054869,36.55515439585909],[0.7274193359889006,36.55652306565021]]]]},"properties":{"speed":0.189,"dir_deg":107.4,"type":"متوسط"}},{"type":"Feature","geometry":{"type":"MultiPolygon","coordinates":[[[[0.7500204130736903,36.5634997916315],[0.7650172875462284,36.563193595526144],[0.7649764613988479,36.561194012263144],[0.7499795869263097,36.5615002083685],[0.7500204130736903,36.5634997916315]]],[[[0.7699958326300509,36.56209173852619],[0.765058113693609,36.56519317878915],[0.7649356352514673,36.55919442900014],[0.7699958326300509,36.56209173852619]]]]},"properties":{"speed":0.2104,"dir_deg":91.2,"type":"متوسط"}},{"type":"Feature","geometry":{"type":"MultiPolygon","coordinates":[[[[0.7915587563173452,36.56349415847235],[0.8064711334025746,36.5651131117354],[0.8066869938376474,36.563124794790696],[0.791774616752418,36.56150584152765],[0.7915587563173452,36.56349415847235]]],[[[0.811549855981854,36.564658604350726],[0.8062552729675019,36.5671014286801],[0.8069028542727201,36.561136477846],[0.811549855981854,36.564658604350726]]]]},"properties":{"speed":0.2546,"dir_deg":83.8,"type":"متوسط"}},{"type":"Feature","geometry":{"type":"MultiPolygon","coordinates":[[[[0.8330539796576519,36.56346019405539],[0.8474568904885017,36.56765020116738],[0.8480155581034347,36.565729813056606],[0.8336126472725849,36.56153980594461],[0.8330539796576519,36.56346019405539]]],[[[0.8525371945729181,36.56808667614933],[0.8468982228735686,36.569570589278165],[0.8485742257183677,36.56380942494582],[0.8525371945729181,36.56808667614933]]]]},"properties":{"speed":0.3189,"dir_deg":73.8,"type":"متوسط"}},{"type":"Feature","geometry":{"type":"MultiPolygon","coordinates":[[[[0.8747073724574879,36.563456226501074],[0.8890507699736534,36.567845639638755],[0.8896360250586777,36.565933186636606],[0.8752926275425121,36.561543773498926],[0.8747073724574879,36.563456226501074]]],[[[0.8941245300215541,36.56835255085024],[0.8884655148886291,36.56975809264091],[0.8902212801437019,36.56402073363445],[0.8941245300215541,36.56835255085024]]]]},"properties":{"speed":0.3696,"dir_deg":73.0,"type":"قوي"}},{"type":"Feature","geometry":{"type":"MultiPolygon","coordinates":[[[[0.9163145951809447,36.563435965639584],[0.9303540797747128,36.56871733594864],[0.9310582624825866,36.56684540466947],[0.9170187778888185,36.561564034360416],[0.9163145951809447,36.563435965639584]]],[[[0.9353859993265724,36.56954182707874],[0.9296498970668391,36.57058926722781],[0.9317624451904604,36.5649734733903],[0.9353859993265724,36.56954182707874]]]]},"properties":{"speed":0.4542,"dir_deg":69.4,"type":"قوي"}},{"type":"Feature","geometry":{"type":"MultiPolygon","coordinates":[[[[0.958062661174632,36.56346267717208],[0.9725028187559142,36.56752246152938],[0.973044123336887,36.56559710718521],[0.9586039657556048,36.56153732282792],[0.958062661174632,36.56346267717208]]],[[[0.9775868569068279,36.567913045809725],[0.9719615141749415,36.56944781587355],[0.9735854279178596,36.56367175284104],[0.9775868569068279,36.567913045809725]]]]},"properties":{"speed":0.5489,"dir_deg":74.3,"type":"قوي"}},{"type":"Feature","geometry":{"type":"MultiPolygon","coordinates":[[[[0.9996921594614327,36.563451437965824],[1.013963728948819,36.568069046044336],[1.0145794100259535,36.56616617011269],[1.0003078405385673,36.561548562034176],[0.9996921594614327,36.563451437965824]]],[[[1.019028759316515,36.568656810771344],[1.0133480478716845,36.56997192197599],[1.015195091103088,36.56426329418103],[1.019028759316515,36.568656810771344]]]]},"properties":{"speed":0.6439,"dir_deg":72.1,"type":"قوي"}},{"type":"Feature","geometry":{"type":"MultiPolygon","coordinates":[[[[-0.416096899260871,36.60498975112077],[-0.4037697059356456,36.59644338904545],[-0.404909220879022,36.59479976326875],[-0.4172364142042474,36.603346125344075],[-0.416096899260871,36.60498975112077]]],[[[-0.400230398965592,36.592772788798655],[-0.4026301909922692,36.59808701482215],[-0.40604873582239837,36.59315613749205],[-0.400230398965592,36.592772788798655]]]]},"properties":{"speed":0.081,"dir_deg":124.7,"type":"ضعيف"}},{"type":"Feature","geometry":{"type":"MultiPolygon","coordinates":[[[[-0.37473837027061024,36.60513310655178],[-0.36026084548018517,36.601208660610936],[-0.3607841049389647,36.599278323972214],[-0.37526162972938976,36.60320276991306],[-0.37473837027061024,36.60513310655178]]],[[[-0.35569663361276654,36.59893534364463],[-0.3597375860214056,36.60313899724966],[-0.36130736439774425,36.59734798733349],[-0.35569663361276654,36.59893534364463]]]]},"properties":{"speed":0.0519,"dir_deg":105.2,"type":"ضعيف"}},{"type":"Feature","geometry":{"type":"MultiPolygon","coordinates":[[[[-0.3337453942749017,36.605079099012556],[-0.32007798257292414,36.61125986412447],[-0.31925388055800236,36.6094375425642],[-0.3329212922599799,36.60325677745229],[-0.3337453942749017,36.605079099012556]]],[[[-0.31511012766480406,36.61240895838164],[-0.3209020845878459,36.61308218568473],[-0.3184297785430806,36.60761522100394],[-0.31511012766480406,36.61240895838164]]]]},"properties":{"speed":0.0294,"dir_deg":65.7,"type":"ضعيف"}},{"type":"Feature","geometry":{"type":"MultiPolygon","coordinates":[[[[-0.2926424218391666,36.604386758836405],[-0.28936011277942275,36.61902323543551],[-0.28740858256620794,36.61858559422755],[-0.2906908916259518,36.60394911762844],[-0.2926424218391666,36.604386758836405]]],[[[-0.2872902446529007,36.62368324036457],[-0.29131164299263757,36.61946087664348],[-0.2854570523529931,36.61814795301958],[-0.2872902446529007,36.62368324036457]]]]},"properties":{"speed":0.0305,"dir_deg":12.6,"type":"ضعيف"}},{"type":"Feature","geometry":{"type":"MultiPolygon","coordinates":[[[[-0.25099311964549836,36.604050834134604],[-0.2527496811127344,36.61894762881708],[-0.25076344182173765,36.61918183701272],[-0.24900688035450166,36.60428504233024],[-0.25099311964549836,36.604050834134604]]],[[[-0.2523420819563147,36.624030331142386],[-0.25473592040373105,36.618713420621454],[-0.24877720253074098,36.61941604520835],[-0.2523420819563147,36.624030331142386]]]]},"properties":{"speed":0.0455,"dir_deg":353.3,"type":"ضعيف"}},{"type":"Feature","geometry":{"type":"MultiPolygon","coordinates":[[[[-0.20932955371155249,36.60408113350078],[-0.21063162468622298,36.61902451367987],[-0.20863917399567722,36.61919812314316],[-0.20733710302100672,36.604254742964066],[-0.20932955371155249,36.60408113350078]]],[[[-0.2100694229991736,36.62409244513788],[-0.21262407537676878,36.61885090421658],[-0.20664672330513142,36.619371732606446],[-0.2100694229991736,36.62409244513788]]]]},"properties":{"speed":0.0599,"dir_deg":355.0,"type":"ضعيف"}},{"type":"Feature","geometry":{"type":"MultiPolygon","coordinates":[[[[-0.1676661829686937,36.60413667977341],[-0.16813505985389576,36.61912934979801],[-0.16613603718394915,36.61919186671603],[-0.1656671602987471,36.60419919669143],[-0.1676661829686937,36.60413667977341]]],[[[-0.16729184081398982,36.624158164931885],[-0.17013408252384235,36.61906683287998],[-0.16413701451400256,36.61925438363406],[-0.16729184081398982,36.624158164931885]]]]},"properties":{"speed":0.0738,"dir_deg":358.2,"type":"ضعيف"}},{"type":"Feature","geometry":{"type":"MultiPolygon","coordinates":[[[[-0.12599829132285678,36.60410950506796],[-0.1268747887897622,36.619083874910814],[-0.12487820614404863,36.61920074123974],[-0.12400170867714322,36.604226371396884],[-0.12599829132285678,36.60410950506796]]],[[[-0.12616866328920723,36.62413376468956],[-0.12887137143547575,36.6189670085819],[-0.12288162349833505,36.619317607568654],[-0.12616866328920723,36.62413376468956]]]]},"properties":{"speed":0.0949,"dir_deg":356.7,"type":"ضعيف"}},{"type":"Feature","geometry":{"type":"MultiPolygon","coordinates":[[[[-0.08433327864994272,36.604157245685165],[-0.08449366685884228,36.6191563881814],[-0.08249378119267724,36.619177773275915],[-0.08233339298377768,36.60417863077968],[-0.08433327864994272,36.604157245685165]]],[[[-0.08354718676205962,36.62416679489407],[-0.08649355252500732,36.61913500308688],[-0.0804938955265122,36.619199158370435],[-0.08354718676205962,36.62416679489407]]]]},"properties":{"speed":0.1284,"dir_deg":359.4,"type":"ضعيف"}},{"type":"Feature","geometry":{"type":"MultiPolygon","coordinates":[[[[-0.0426659335935346,36.604129622562354],[-0.043240668644529065,36.61911860783892],[-0.041242137274320065,36.61919523917906],[-0.0406674022233256,36.60420625390249],[-0.0426659335935346,36.604129622562354]]],[[[-0.04243298130975605,36.62415325193451],[-0.04523920001473807,36.61904197649879],[-0.03924360590411106,36.619271870519185],[-0.04243298130975605,36.62415325193451]]]]},"properties":{"speed":0.1856,"dir_deg":357.8,"type":"متوسط"}},{"type":"Feature","geometry":{"type":"MultiPolygon","coordinates":[[[[-0.0009820781973553093,36.60397946432367],[-0.0038091868285990487,36.618710637284],[-0.0018450304338884303,36.619087585101504],[0.0009820781973553093,36.60435641214117],[-0.0009820781973553093,36.60397946432367]]],[[[-0.003769478174991653,36.623809502179526],[-0.005773343223309668,36.6183336894665],[0.00011912596082218861,36.619464532919004],[-0.003769478174991653,36.623809502179526]]]]},"properties":{"speed":0.3015,"dir_deg":349.1,"type":"متوسط"}},{"type":"Feature","geometry":{"type":"MultiPolygon","coordinates":[[[[0.04071040483106421,36.603875430237885],[0.036322784913043554,36.61821937639837],[0.038235311067775335,36.618804392387446],[0.04262293098579599,36.60446044622696],[0.04071040483106421,36.603875430237885]]],[[[0.035816508017735886,36.62329319977974],[0.034410258758311774,36.617634360409305],[0.040147837222507116,36.61938940837651],[0.035816508017735886,36.62329319977974]]]]},"properties":{"speed":0.4403,"dir_deg":343.0,"type":"قوي"}},{"type":"Feature","geometry":{"type":"MultiPolygon","coordinates":[[[[0.08237433408165892,36.60388453803503],[0.07812333112080261,36.61826956406305],[0.08004133459120516,36.61883636445783],[0.08429233755206147,36.60445133842981],[0.08237433408165892,36.60388453803503]]],[[[0.07766533186905178,36.62334797293645],[0.07620532765040004,36.61770276366827],[0.08195933806160773,36.619403164852606],[0.07766533186905178,36.62334797293645]]]]},"properties":{"speed":0.5356,"dir_deg":343.5,"type":"قوي"}},{"type":"Feature","geometry":{"type":"MultiPolygon","coordinates":[[[[0.12401717777951389,36.60398338340881],[0.12124885542532164,36.6187257167161],[0.12321449986629386,36.61909482636332],[0.1259828222204861,36.604352493056034],[0.12401717777951389,36.60398338340881]]],[[[0.12130890352774368,36.62382438264214],[0.11928321098434944,36.618356607068876],[0.12518014430726607,36.61946393601055],[0.12130890352774368,36.62382438264214]]]]},"properties":{"speed":0.5653,"dir_deg":349.4,"type":"قوي"}},{"type":"Feature","geometry":{"type":"MultiPolygon","coordinates":[[[[0.16569592985477732,36.60392781243495],[0.16209404289260806,36.61848893911909],[0.1640355264504942,36.61896919071404],[0.16763741341266347,36.6044080640299],[0.16569592985477732,36.60392781243495]]],[[[0.1618641556841614,36.623582773811286],[0.1601525593347219,36.61800868752413],[0.1659770100083804,36.619449442309],[0.1618641556841614,36.623582773811286]]]]},"properties":{"speed":0.524,"dir_deg":346.1,"type":"قوي"}},{"type":"Feature","geometry":{"type":"MultiPolygon","coordinates":[[[[0.207429585475158,36.60373986255366],[0.20100845029373496,36.61729600592049],[0.20281593607597817,36.61815215727801],[0.2092370712574012,36.604596013911184],[0.207429585475158,36.60373986255366]]],[[[0.19977181479104889,36.622242796054856],[0.19920096451149172,36.61643985456296],[0.2046234218582214,36.619008308635536],[0.19977181479104889,36.622242796054856]]]]},"properties":{"speed":0.4631,"dir_deg":334.7,"type":"قوي"}},{"type":"Feature","geometry":{"type":"MultiPolygon","coordinates":[[[[0.2491418990419118,36.60365445722427],[0.24143968391970014,36.6165259715956],[0.24315588583587652,36.6175529336119],[0.2508581009580882,36.60468141924057],[0.2491418990419118,36.60365445722427]]],[[[0.23973037983705112,36.62132995739419],[0.23972348200352372,36.61549900957931],[0.24487208775205294,36.61857989562819],[0.23973037983705112,36.62132995739419]]]]},"properties":{"speed":0.3382,"dir_deg":329.1,"type":"متوسط"}},{"type":"Feature","geometry":{"type":"MultiPolygon","coordinates":[[[[0.2909578622234718,36.60346252321707],[0.28037663699315457,36.61409444085338],[0.28179422601132936,36.615505270884086],[0.2923754512416466,36.604873353247775],[0.2909578622234718,36.60346252321707]]],[[[0.2775583564254696,36.61834382841417],[0.2789590479749798,36.61268361082267],[0.28321181502950415,36.61691610091479],[0.2775583564254696,36.61834382841417]]]]},"properties":{"speed":0.1856,"dir_deg":315.1,"type":"متوسط"}},{"type":"Feature","geometry":{"type":"MultiPolygon","coordinates":[[[[0.3330791510402815,36.603200784515764],[0.3185718452903618,36.607013667923155],[0.31908022974468037,36.60894797535647],[0.3335875354946001,36.60513509194908],[0.3330791510402815,36.603200784515764]]],[[[0.3139902689342145,36.60925178277561],[0.3180634608360432,36.60507936048983],[0.319588614198999,36.610882282789795],[0.3139902689342145,36.60925178277561]]]]},"properties":{"speed":0.1256,"dir_deg":284.7,"type":"ضعيف"}},{"type":"Feature","geometry":{"type":"MultiPolygon","coordinates":[[[[0.3756995077908664,36.60345331326048],[0.3649801332117983,36.59296069639748],[0.36358111763006545,36.594389946341366],[0.3743004922091336,36.60488256320436],[0.3756995077908664,36.60345331326048]]],[[[0.36070750056124246,36.5901777824151],[0.36637914879353106,36.59153144645361],[0.3621821020483327,36.59581919628524],[0.36070750056124246,36.5901777824151]]]]},"properties":{"speed":0.1426,"dir_deg":225.6,"type":"ضعيف"}},{"type":"Feature","geometry":{"type":"MultiPolygon","coordinates":[[[[0.41766572385741896,36.604124753975746],[0.4170179600073131,36.58913874710285],[0.4150198257575936,36.5892251156162],[0.41566758960769945,36.6042111224891],[0.41766572385741896,36.604124753975746]]],[[[0.41580297159908475,36.584186595735225],[0.4190160942570326,36.58905237858951],[0.4130216915078741,36.589311484129546],[0.41580297159908475,36.584186595735225]]]]},"properties":{"speed":0.224,"dir_deg":182.5,"type":"متوسط"}},{"type":"Feature","geometry":{"type":"MultiPolygon","coordinates":[[[[0.45923657866198775,36.60459708368799],[0.46567376049556003,36.591048552769784],[0.4638672897064661,36.590190261858645],[0.45743010787289384,36.60373879277685],[0.45923657866198775,36.60459708368799]]],[[[0.46691625237887047,36.586103230341486],[0.4674802312846539,36.59190684368093],[0.4620608189173723,36.5893319709475],[0.46691625237887047,36.586103230341486]]]]},"properties":{"speed":0.2775,"dir_deg":154.6,"type":"متوسط"}},{"type":"Feature","geometry":{"type":"MultiPolygon","coordinates":[[[[0.5007824251814029,36.60479068283136],[0.510123594165475,36.593054305110314],[0.5085587438026692,36.591808815912444],[0.4992175748185971,36.60354519363349],[0.5007824251814029,36.60479068283136]]],[[[0.5124548919787628,36.588519434604365],[0.5116884445282809,36.59429979430819],[0.5069938934398633,36.590563326714566],[0.5124548919787628,36.588519434604365]]]]},"properties":{"speed":0.2517,"dir_deg":141.5,"type":"متوسط"}},{"type":"Feature","geometry":{"type":"MultiPolygon","coordinates":[[[[0.5424633964285485,36.60477230016482],[0.5515288254145375,36.59282165175981],[0.5499354056272038,36.59161292789502],[0.5408699766412147,36.603563576300026],[0.5424633964285485,36.60477230016482]]],[[[0.553753925182867,36.58823374035909],[0.5531222452018711,36.59403037562461],[0.5483419858398701,36.59040420403022],[0.553753925182867,36.58823374035909]]]]},"properties":{"speed":0.2312,"dir_deg":142.8,"type":"متوسط"}},{"type":"Feature","geometry":{"type":"MultiPolygon","coordinates":[[[[0.5841356418610668,36.60476482108948],[0.5930888847170013,36.592729895150256],[0.5914842279251045,36.591536129436136],[0.58253098506917,36.60357105537536],[0.5841356418610668,36.60476482108948]]],[[[0.5952709706063644,36.58812137031345],[0.5946935415088981,36.593923660864384],[0.5898795711332077,36.59034236372201],[0.5952709706063644,36.58812137031345]]]]},"properties":{"speed":0.2166,"dir_deg":143.4,"type":"متوسط"}},{"type":"Feature","geometry":{"type":"MultiPolygon","coordinates":[[[[0.6257604442988279,36.60481734139562],[0.6355014917468969,36.5934106769132],[0.633980603149241,36.5921118705868],[0.6242395557011721,36.60351853506922],[0.6257604442988279,36.60481734139562]]],[[[0.6379880632640919,36.588959052255866],[0.6370223803445526,36.59470948323961],[0.6324597145515852,36.59081306426039],[0.6379880632640919,36.588959052255866]]]]},"properties":{"speed":0.1811,"dir_deg":139.5,"type":"متوسط"}},{"type":"Feature","geometry":{"type":"MultiPolygon","coordinates":[[[[0.6672609490241964,36.6049722093893],[0.6793250163774364,36.59605827204958],[0.6781364913988067,36.59444972973582],[0.6660724240455668,36.60336366707554],[0.6672609490241964,36.6049722093893]]],[[[0.6827521096725349,36.592282688446126],[0.6805135413560659,36.59766681436335],[0.6769479664201772,36.59284118742205],[0.6827521096725349,36.592282688446126]]]]},"properties":{"speed":0.135,"dir_deg":126.5,"type":"ضعيف"}},{"type":"Feature","geometry":{"type":"MultiPolygon","coordinates":[[[[0.7085755129896681,36.60513816469584],[0.7231289099408705,36.60150517182759],[0.7226445108917711,36.59956471890076],[0.7080911139405687,36.603197711769006],[0.7085755129896681,36.60513816469584]]],[[[0.7277378427333883,36.599323947741425],[0.7236133089899701,36.603445624754414],[0.7221601118426715,36.597624265973934],[0.7277378427333883,36.599323947741425]]]]},"properties":{"speed":0.1144,"dir_deg":104.0,"type":"ضعيف"}},{"type":"Feature","geometry":{"type":"MultiPolygon","coordinates":[[[[0.7498860520431269,36.60516142495258],[0.7647883528454525,36.60687064430567],[0.7650162487591988,36.60488367086536],[0.7501139479568731,36.60317445151227],[0.7498860520431269,36.60516142495258]]],[[[0.7698697344031009,36.606446897369885],[0.7645604569317062,36.60885761774598],[0.7652441446729452,36.60289669742505],[0.7698697344031009,36.606446897369885]]]]},"properties":{"speed":0.1285,"dir_deg":83.5,"type":"ضعيف"}},{"type":"Feature","geometry":{"type":"MultiPolygon","coordinates":[[[[0.7914535040508266,36.605144950631775],[0.8061086900411418,36.6083426878926],[0.8065350550092518,36.606388663093895],[0.7918798690189366,36.60319092583307],[0.7914535040508266,36.605144950631775]]],[[[0.8112069345219685,36.60843158791352],[0.8056823250730318,36.61029671269131],[0.8069614199773618,36.60443463829519],[0.8112069345219685,36.60843158791352]]]]},"properties":{"speed":0.1561,"dir_deg":77.7,"type":"ضعيف"}},{"type":"Feature","geometry":{"type":"MultiPolygon","coordinates":[[[[0.8330425477167334,36.605124732504756],[0.8473944618017035,36.60948621873053],[0.8479759932984736,36.607572630185864],[0.8336240792135035,36.60321114396009],[0.8330425477167334,36.605124732504756]]],[[[0.8524691989117453,36.60998325320012],[0.8468129303049333,36.61139980727519],[0.8485575247952438,36.6056590416412],[0.8524691989117453,36.60998325320012]]]]},"properties":{"speed":0.1944,"dir_deg":73.1,"type":"متوسط"}},{"type":"Feature","geometry":{"type":"MultiPolygon","coordinates":[[[[0.8747484279893772,36.6051357768158],[0.8892660067400169,36.60890935697514],[0.8897691507612624,36.606973679808384],[0.8752515720106228,36.603200099649044],[0.8747484279893772,36.6051357768158]]],[[[0.8943567716675195,36.60919937844488],[0.8887628627187713,36.61084503414189],[0.890272294782508,36.605038002641635],[0.8943567716675195,36.60919937844488]]]]},"properties":{"speed":0.2302,"dir_deg":75.4,"type":"متوسط"}},{"type":"Feature","geometry":{"type":"MultiPolygon","coordinates":[[[[0.9163980274527245,36.605131173560665],[0.9308465573763626,36.609161059793024],[0.9313838755406768,36.60723458913654],[0.9169353456170387,36.60320470290418],[0.9163980274527245,36.605131173560665]]],[[[0.9359313930997325,36.609541119875566],[0.9303092392120484,36.61108753044951],[0.9319211937049909,36.60530811848005],[0.9359313930997325,36.609541119875566]]]]},"properties":{"speed":0.2867,"dir_deg":74.4,"type":"متوسط"}},{"type":"Feature","geometry":{"type":"MultiPolygon","coordinates":[[[[0.9580867776435362,36.60513707191189],[0.9726237828355377,36.60883510923562],[0.9731168544787021,36.60689684187668],[0.9585798492867006,36.60319880455295],[0.9580867776435362,36.60513707191189]]],[[[0.9777159870544537,36.609098654664066],[0.9721307111923734,36.61077337659455],[0.9736099261218665,36.60495857451775],[0.9777159870544537,36.609098654664066]]]]},"properties":{"speed":0.3555,"dir_deg":75.7,"type":"متوسط"}},{"type":"Feature","geometry":{"type":"MultiPolygon","coordinates":[[[[0.9997508443436333,36.60513640168496],[1.0142777961316929,36.60887373653046],[1.0147761074444261,36.60693680962539],[1.0002491556563666,36.603199474779885],[0.9997508443436333,36.60513640168496]]],[[[1.019369269050746,36.60915105135975],[1.0137794848189594,36.61081066343554],[1.0152744187571596,36.604999882720314],[1.019369269050746,36.60915105135975]]]]},"properties":{"speed":0.4395,"dir_deg":75.6,"type":"قوي"}},{"type":"Feature","geometry":{"type":"MultiPolygon","coordinates":[[[[-0.41606255427070105,36.64662896842182],[-0.40410895445705464,36.63756743149395],[-0.40531715938077095,36.63597361818546],[-0.41727075919441736,36.645035155113334],[-0.41606255427070105,36.64662896842182]]],[[[-0.40072852364769734,36.63375001253041],[-0.4029007495333383,36.63916124480243],[-0.40652536430448727,36.63437980487698],[-0.40072852364769734,36.63375001253041]]]]},"properties":{"speed":0.0718,"dir_deg":127.2,"type":"ضعيف"}},{"type":"Feature","geometry":{"type":"MultiPolygon","coordinates":[[[[-0.3748694832353731,36.646823507870074],[-0.35999779169795715,36.64486575640067],[-0.3602588252272109,36.64288286419568],[-0.3751305167646269,36.64484061566508],[-0.3748694832353731,36.646823507870074]]],[[[-0.35517107795011205,36.64322172647504],[-0.35973675816870343,36.646848648605655],[-0.36051985875646464,36.64089997199069],[-0.35517107795011205,36.64322172647504]]]]},"properties":{"speed":0.0544,"dir_deg":97.5,"type":"ضعيف"}},{"type":"Feature","geometry":{"type":"MultiPolygon","coordinates":[[[[-0.3338807654818963,36.646668918337795],[-0.32132791692859447,36.65488025155463],[-0.3202330724996834,36.653206538414196],[-0.33278592105298527,36.64499520519736],[-0.3338807654818963,36.646668918337795]]],[[[-0.3165962118630383,36.65678050605669],[-0.3224227613575056,36.65655396469507],[-0.3191382280707723,36.651532825273755],[-0.3165962118630383,36.65678050605669]]]]},"properties":{"speed":0.0464,"dir_deg":56.8,"type":"ضعيف"}},{"type":"Feature","geometry":{"type":"MultiPolygon","coordinates":[[[[-0.292616129169574,36.646145912195884],[-0.2879083727449527,36.660387998751105],[-0.28600942787092304,36.65976029789449],[-0.2907171842955444,36.64551821133927],[-0.292616129169574,36.646145912195884]]],[[[-0.2853896481663974,36.66482151050788],[-0.28980731761898226,36.661015699607724],[-0.28411048299689345,36.659132597037875],[-0.2853896481663974,36.66482151050788]]]]},"properties":{"speed":0.0487,"dir_deg":18.3,"type":"ضعيف"}},{"type":"Feature","geometry":{"type":"MultiPolygon","coordinates":[[[[-0.2509920431783413,36.645706163664705],[-0.252880514721408,36.660586811339826],[-0.2508964283647254,36.66083860754557],[-0.24900795682165872,36.64595795987045],[-0.2509920431783413,36.645706163664705]]],[[[-0.2525179620574223,36.665672925334405],[-0.2548646010780905,36.66033501513409],[-0.24891234200804288,36.66109040375131],[-0.2525179620574223,36.665672925334405]]]]},"properties":{"speed":0.0609,"dir_deg":352.8,"type":"ضعيف"}},{"type":"Feature","geometry":{"type":"MultiPolygon","coordinates":[[[[-0.20930708179913113,36.64560445629311],[-0.21272116391621845,36.66021075778588],[-0.2107736570505154,36.660665968734826],[-0.20735957493342808,36.64605966724205],[-0.20930708179913113,36.64560445629311]]],[[[-0.21288543785572936,36.66530713042461],[-0.21466867078192153,36.659755546836934],[-0.20882615018481232,36.661121179683775],[-0.21288543785572936,36.66530713042461]]]]},"properties":{"speed":0.0789,"dir_deg":346.8,"type":"ضعيف"}},{"type":"Feature","geometry":{"type":"MultiPolygon","coordinates":[[[[-0.1676510080472439,36.645655761384674],[-0.17029551379078772,36.66042080758753],[-0.16832684096374073,36.660773408353336],[-0.1656823352201969,36.64600836215048],[-0.1676510080472439,36.645655761384674]]],[[[-0.17019267929177884,36.66551879003805],[-0.17226418661783469,36.66006820682172],[-0.16635816813669377,36.661126009119144],[-0.17019267929177884,36.66551879003805]]]]},"properties":{"speed":0.0998,"dir_deg":349.8,"type":"ضعيف"}},{"type":"Feature","geometry":{"type":"MultiPolygon","coordinates":[[[[-0.12599529664033846,36.64573518763413],[-0.1274484086420338,36.66066463723921],[-0.1254578153613569,36.6608583855061],[-0.12400470335966154,36.645928935901026],[-0.12599529664033846,36.64573518763413]]],[[[-0.12693748266892713,36.66573799457435],[-0.1294390019227107,36.66047088897231],[-0.12346722208067998,36.661052133773],[-0.12693748266892713,36.66573799457435]]]]},"properties":{"speed":0.1125,"dir_deg":354.4,"type":"ضعيف"}},{"type":"Feature","geometry":{"type":"MultiPolygon","coordinates":[[[[-0.08433288352980821,36.64580198903008],[-0.08478397459222653,36.6607952047243],[-0.08278487916633051,36.66085535019929],[-0.08233378810391219,36.64586213450507],[-0.08433288352980821,36.64580198903008]]],[[[-0.0839347905667513,36.665823016026536],[-0.08678307001812254,36.66073505924931],[-0.0807857837404345,36.66091549567428],[-0.0839347905667513,36.665823016026536]]]]},"properties":{"speed":0.1428,"dir_deg":358.3,"type":"ضعيف"}},{"type":"Feature","geometry":{"type":"MultiPolygon","coordinates":[[[[-0.04265065410575827,36.645653817094534],[-0.045324324201379454,36.660413610054455],[-0.043356351806723106,36.660770099400544],[-0.040682681711101926,36.64601030644062],[-0.04265065410575827,36.645653817094534]]],[[[-0.04523156136925834,36.665511785714145],[-0.0472922965960358,36.66005712070837],[-0.04138837941206676,36.661126588746626],[-0.04523156136925834,36.665511785714145]]]]},"properties":{"speed":0.2464,"dir_deg":349.7,"type":"متوسط"}},{"type":"Feature","geometry":{"type":"MultiPolygon","coordinates":[[[[-0.0009507774493100655,36.645522187209274],[-0.0055988958238542535,36.659783848948926],[-0.0036973409252341223,36.660403598065535],[0.0009507774493100655,36.64614193632588],[-0.0009507774493100655,36.645522187209274]]],[[[-0.006197491166058917,36.66484761075378],[-0.007500450722474385,36.659164099832324],[-0.0017957860266139916,36.66102334718214],[-0.006197491166058917,36.66484761075378]]]]},"properties":{"speed":0.4194,"dir_deg":341.9,"type":"قوي"}},{"type":"Feature","geometry":{"type":"MultiPolygon","coordinates":[[[[0.040715408572101076,36.64552366968751],[0.036089527371124974,36.65979255973245],[0.03799204604378302,36.66040934389258],[0.04261792724475912,36.64614045384764],[0.040715408572101076,36.64552366968751]]],[[[0.03549882630712863,36.66485724849416],[0.03418700869846692,36.65917577557232],[0.039894564716441074,36.66102612805271],[0.03549882630712863,36.66485724849416]]]]},"properties":{"speed":0.5547,"dir_deg":342.0,"type":"قوي"}},{"type":"Feature","geometry":{"type":"MultiPolygon","coordinates":[[[[0.08236140686630218,36.64559678721505],[0.0788322885783844,36.660175721473415],[0.08077614647950043,36.660646270578475],[0.08430526476741822,36.64606733632011],[0.08236140686630218,36.64559678721505]]],[[[0.07862784476630315,36.665270640778736],[0.07688843067726835,36.65970517236836],[0.08272000438061648,36.66111681968353],[0.07862784476630315,36.665270640778736]]]]},"properties":{"speed":0.5933,"dir_deg":346.4,"type":"قوي"}},{"type":"Feature","geometry":{"type":"MultiPolygon","coordinates":[[[[0.12403984483579773,36.64555259430855],[0.11984783295037356,36.65995492177158],[0.1217681432787781,36.66051385668964],[0.12596015516420225,36.64611152922661],[0.12403984483579773,36.64555259430855]]],[[[0.11941065081943444,36.66503516505162],[0.11792752262196904,36.659395986853525],[0.12368845360718261,36.661072791607694],[0.11941065081943444,36.66503516505162]]]]},"properties":{"speed":0.5696,"dir_deg":343.8,"type":"قوي"}},{"type":"Feature","geometry":{"type":"MultiPolygon","coordinates":[[[[0.16577853577182766,36.645372480772735],[0.1588848208491965,36.658694518701125],[0.16066109257298197,36.65961368069081],[0.16755480749561313,36.64629164276242],[0.16577853577182766,36.645372480772735]]],[[[0.15747505173687884,36.663594779005436],[0.157108549125411,36.65777535671144],[0.16243736429676747,36.660532842680496],[0.15747505173687884,36.663594779005436]]]]},"properties":{"speed":0.5182,"dir_deg":332.6,"type":"قوي"}},{"type":"Feature","geometry":{"type":"MultiPolygon","coordinates":[[[[0.20750344829392475,36.64527411995564],[0.19913432111485926,36.65772232104096],[0.20079408125956896,36.65883820466484],[0.20916320843863445,36.64639000357952],[0.20750344829392475,36.64527411995564]]],[[[0.1971744921275256,36.662429663214674],[0.1974745609701496,36.65660643741708],[0.20245384140427863,36.659954088288714],[0.1971744921275256,36.662429663214674]]]]},"properties":{"speed":0.4257,"dir_deg":326.1,"type":"قوي"}},{"type":"Feature","geometry":{"type":"MultiPolygon","coordinates":[[[[0.24931308748738185,36.64510532164896],[0.23841198570811503,36.655409009338236],[0.23978581073335134,36.65686248957547],[0.25068691251261815,36.646558801886194],[0.24931308748738185,36.64510532164896]]],[[[0.23546519762764426,36.659570312019945],[0.2370381606828787,36.653955529101],[0.24115963575858768,36.658315969812705],[0.23546519762764426,36.659570312019945]]]]},"properties":{"speed":0.2901,"dir_deg":313.4,"type":"متوسط"}},{"type":"Feature","geometry":{"type":"MultiPolygon","coordinates":[[[[0.2913914270640599,36.64487068326273],[0.2769707494913867,36.64899912829022],[0.2775212088283853,36.650921885299915],[0.2919418864010585,36.646793440272425],[0.2913914270640599,36.64487068326273]]],[[[0.27243908663566163,36.65133665513756],[0.2764202901543882,36.647076371280534],[0.27807166816538387,36.6528446423096],[0.27243908663566163,36.65133665513756]]]]},"properties":{"speed":0.2032,"dir_deg":286.0,"type":"متوسط"}},{"type":"Feature","geometry":{"type":"MultiPolygon","coordinates":[[[[0.33362942372411863,36.64487689876412],[0.31930197867226023,36.64043569191395],[0.31870981775890456,36.64234601792087],[0.33303726281076296,36.64678722477104],[0.33362942372411863,36.64487689876412]]],[[[0.31423008319829626,36.63991045263402],[0.31989413958561597,36.638525365907036],[0.3181176568455488,36.644256343927786],[0.31423008319829626,36.63991045263402]]]]},"properties":{"speed":0.1777,"dir_deg":252.8,"type":"ضعيف"}},{"type":"Feature","geometry":{"type":"MultiPolygon","coordinates":[[[[0.3758066497137875,36.645241031955095],[0.36694120252650697,36.63314128624828],[0.3653279030989319,36.63432334587325],[0.3741933502862125,36.64642309158006],[0.3758066497137875,36.645241031955095]]],[[[0.36317940375029256,36.62969906749183],[0.36855450195408207,36.63195922662331],[0.36371460367135683,36.63550540549822],[0.36317940375029256,36.62969906749183]]]]},"properties":{"speed":0.2083,"dir_deg":216.2,"type":"متوسط"}},{"type":"Feature","geometry":{"type":"MultiPolygon","coordinates":[[[[0.41766608502964864,36.645865871218575],[0.4181732267946502,36.630874446762235],[0.4161743702004713,36.63080682786024],[0.41566722843546977,36.64579825231658],[0.41766608502964864,36.645865871218575]]],[[[0.41734284575256125,36.62584349582579],[0.42017208338882905,36.630942065664236],[0.41417551360629246,36.63073920895824],[0.41734284575256125,36.62584349582579]]]]},"properties":{"speed":0.249,"dir_deg":178.1,"type":"متوسط"}},{"type":"Feature","geometry":{"type":"MultiPolygon","coordinates":[[[[0.45923985188912714,36.64625424907057],[0.4655726614340195,36.632656619745276],[0.4637596441906468,36.63181224513929],[0.45742683464575445,36.64540987446458],[0.45923985188912714,36.64625424907057]]],[[[0.4667770893272973,36.62770188933385],[0.4673856786773921,36.63350099435126],[0.4619466269472742,36.630967870533304],[0.4667770893272973,36.62770188933385]]]]},"properties":{"speed":0.2456,"dir_deg":155.0,"type":"متوسط"}},{"type":"Feature","geometry":{"type":"MultiPolygon","coordinates":[[[[0.5008869968749325,36.64629383719336],[0.5078136282617222,36.63298888406937],[0.5060396345118571,36.6320653332178],[0.4991130031250674,36.645370286341794],[0.5008869968749325,36.64629383719336]]],[[[0.5092355085157194,36.628092124268925],[0.5095876220115874,36.633912434920944],[0.5042656407619919,36.63114178236623],[0.5092355085157194,36.628092124268925]]]]},"properties":{"speed":0.1808,"dir_deg":152.5,"type":"متوسط"}},{"type":"Feature","geometry":{"type":"MultiPolygon","coordinates":[[[[0.5426097206754065,36.646164757739605],[0.5476001602558477,36.63201924563173],[0.5457140919747979,36.63135385368768],[0.5407236523943567,36.64549936579555],[0.5426097206754065,36.646164757739605]]],[[[0.5483206059754698,36.62697137895708],[0.5494862285368973,36.63268463757579],[0.5438280236937483,36.63068846174362],[0.5483206059754698,36.62697137895708]]]]},"properties":{"speed":0.197,"dir_deg":160.6,"type":"متوسط"}},{"type":"Feature","geometry":{"type":"MultiPolygon","coordinates":[[[[0.5842551836531826,36.64621956061449],[0.5900676663568668,36.63239150779353],[0.5882239259807384,36.631616510099704],[0.5824114432770542,36.645444562920666],[0.5842551836531826,36.64621956061449]]],[[[0.5910832904033639,36.627394658006295],[0.5919114067329954,36.63316650548735],[0.5863801856046098,36.63084151240588],[0.5910832904033639,36.627394658006295]]]]},"properties":{"speed":0.1819,"dir_deg":157.2,"type":"متوسط"}},{"type":"Feature","geometry":{"type":"MultiPolygon","coordinates":[[[[0.6258949788142404,36.646278170411364],[0.6325866084710364,36.63285348819776],[0.6307966508425557,36.63196127091019],[0.6241050211857596,36.64538595312379],[0.6258949788142404,36.646278170411364]]],[[[0.633922172875728,36.62793248548277],[0.6343765660995171,36.63374570548533],[0.629006693214075,36.63106905362262],[0.633922172875728,36.62793248548277]]]]},"properties":{"speed":0.1199,"dir_deg":153.5,"type":"ضعيف"}},{"type":"Feature","geometry":{"type":"MultiPolygon","coordinates":[[[[0.6674563548730873,36.64644559572396],[0.6766593642188374,36.634600570650875],[0.675080027542426,36.63337350273811],[0.6658770181966759,36.645218527811195],[0.6674563548730873,36.64644559572396]]],[[[0.6789373656625485,36.63003869500346],[0.678238700895249,36.63582763856364],[0.6735006908660145,36.632146434825344],[0.6789373656625485,36.63003869500346]]]]},"properties":{"speed":0.0499,"dir_deg":142.2,"type":"ضعيف"}},{"type":"Feature","geometry":{"type":"MultiPolygon","coordinates":[[[[0.707762532251988,36.64665316395777],[0.7200790651048615,36.65521488215473],[0.7212206275311223,36.65357267777434],[0.7089040946782488,36.645010959577384],[0.707762532251988,36.64665316395777]]],[[[0.7247553572689497,36.65724768603019],[0.7189375026786007,36.65685708653511],[0.7223621899573831,36.65193047339396],[0.7247553572689497,36.65724768603019]]]]},"properties":{"speed":0.0235,"dir_deg":55.2,"type":"ضعيف"}},{"type":"Feature","geometry":{"type":"MultiPolygon","coordinates":[[[[0.7491928706219325,36.64642243636651],[0.7580484896058656,36.65852937703752],[0.7596627483620005,36.65734862783966],[0.7508071293780675,36.64524168716865],[0.7491928706219325,36.64642243636651]]],[[[0.7618074919785774,36.661974649328926],[0.7564342308497307,36.659710126235375],[0.7612770071181354,36.6561678786418],[0.7618074919785774,36.661974649328926]]]]},"properties":{"speed":0.0417,"dir_deg":36.2,"type":"ضعيف"}},{"type":"Feature","geometry":{"type":"MultiPolygon","coordinates":[[[[0.7911217070241187,36.646670511129706],[0.8036984474560004,36.65484520379115],[0.8047884064775263,36.65316830506689],[0.7922116660456445,36.64499361240545],[0.7911217070241187,36.646670511129706]]],[[[0.8084356737773906,36.65673165198284],[0.8026084884344745,36.656522102515396],[0.8058783654990521,36.65149140634264],[0.8084356737773906,36.65673165198284]]]]},"properties":{"speed":0.0543,"dir_deg":57.0,"type":"ضعيف"}},{"type":"Feature","geometry":{"type":"MultiPolygon","coordinates":[[[[0.8330208608007277,36.64678199509814],[0.8472698607591774,36.651468785064],[0.8478947660879589,36.64956891840288],[0.8336457661295091,36.64488212843702],[0.8330208608007277,36.64678199509814]]],[[[0.8523319800763848,36.652081115055395],[0.8466449554303959,36.653368651725124],[0.8485196714167405,36.64766905174175],[0.8523319800763848,36.652081115055395]]]]},"properties":{"speed":0.0824,"dir_deg":71.8,"type":"ضعيف"}},{"type":"Feature","geometry":{"type":"MultiPolygon","coordinates":[[[[0.8748413948879137,36.64681940386555],[0.8896515263574355,36.64919848054684],[0.8899687365816081,36.6472237963509],[0.8751586051120863,36.64484471966961],[0.8748413948879137,36.64681940386555]]],[[[0.8947468419593624,36.649004164009305],[0.8893343161332629,36.65117316474278],[0.8902859468057808,36.645249112154964],[0.8947468419593624,36.649004164009305]]]]},"properties":{"speed":0.1192,"dir_deg":80.9,"type":"ضعيف"}},{"type":"Feature","geometry":{"type":"MultiPolygon","coordinates":[[[[0.9165687644826276,36.64682725585502],[0.931496675794279,36.64829608663884],[0.931692519898787,36.64630569846395],[0.9167646085871356,36.644836867680134],[0.9165687644826276,36.64682725585502]]],[[[0.9365705682837502,36.64779050281266],[0.9313008316897708,36.650286474813726],[0.9318883640032951,36.64431531028906],[0.9365705682837502,36.64779050281266]]]]},"properties":{"speed":0.1655,"dir_deg":84.4,"type":"ضعيف"}},{"type":"Feature","geometry":{"type":"MultiPolygon","coordinates":[[[[0.9582675556939665,36.646829897383064],[0.9732350899262626,36.64781626395034],[0.9733666054685665,36.64582059271937],[0.9583990712362703,36.64483422615209],[0.9582675556939665,36.646829897383064]]],[[[0.9782900257748466,36.647147217190614],[0.9731035743839589,36.64981193518131],[0.9734981210108702,36.643824921488395],[0.9782900257748466,36.647147217190614]]]]},"properties":{"speed":0.2231,"dir_deg":86.2,"type":"متوسط"}},{"type":"Feature","geometry":{"type":"MultiPolygon","coordinates":[[[[0.9999187614382502,36.64682875645307],[1.0148691817206066,36.648047334879315],[1.015031658844106,36.646053945508335],[1.0000812385617497,36.64483536708209],[0.9999187614382502,36.64682875645307]]],[[[1.0199338937098081,36.64745683300257],[1.014706704597107,36.650040724250296],[1.0151941359676055,36.644060556137354],[1.0199338937098081,36.64745683300257]]]]},"properties":{"speed":0.2952,"dir_deg":85.3,"type":"متوسط"}},{"type":"Feature","geometry":{"type":"MultiPolygon","coordinates":[[[[-0.4158273053541778,36.68804358924162],[-0.4076734667298194,36.6754533185659],[-0.40935216948658226,36.674366140082654],[-0.41750600811094063,36.68695641075838],[-0.4158273053541778,36.68804358924162]]],[[[-0.4057948719000814,36.67071297243237],[-0.4059947639730566,36.676540497049146],[-0.41103087224334506,36.67327896159941],[-0.4057948719000814,36.67071297243237]]]]},"properties":{"speed":0.0445,"dir_deg":147.1,"type":"ضعيف"}},{"type":"Feature","geometry":{"type":"MultiPolygon","coordinates":[[[[-0.3751358525933565,36.688490729061286],[-0.36027491667405387,36.69052851796163],[-0.3600032114873408,36.68854705983906],[-0.3748641474066435,36.686509270938714],[-0.3751358525933565,36.688490729061286]]],[[[-0.35518541877426313,36.69021705186713],[-0.3605466218607669,36.6925099760842],[-0.3597315063006278,36.68656560171649],[-0.35518541877426313,36.69021705186713]]]]},"properties":{"speed":0.0312,"dir_deg":82.2,"type":"ضعيف"}},{"type":"Feature","geometry":{"type":"MultiPolygon","coordinates":[[[[-0.3342508056955725,36.68789782243899],[-0.3282834691106706,36.70165975886097],[-0.3264485442544072,36.70086411398299],[-0.3324158808393091,36.68710217756101],[-0.3342508056955725,36.68789782243899]]],[[[-0.3253768944875716,36.705849248562636],[-0.330118393966934,36.70245540373896],[-0.3246136193981438,36.700068469105],[-0.3253768944875716,36.705849248562636]]]]},"properties":{"speed":0.0471,"dir_deg":23.4,"type":"ضعيف"}},{"type":"Feature","geometry":{"type":"MultiPolygon","coordinates":[[[[-0.2926580942517856,36.68736941805075],[-0.2946168234905482,36.70224098083914],[-0.29263394845209534,36.70250214473764],[-0.2906752192133328,36.68763058194925],[-0.2926580942517856,36.68736941805075]]],[[[-0.2942782957175759,36.70732875038453],[-0.29659969852900103,36.70197981694064],[-0.2906510734136425,36.70276330863614],[-0.2942782957175759,36.70732875038453]]]]},"properties":{"speed":0.068,"dir_deg":352.5,"type":"ضعيف"}},{"type":"Feature","geometry":{"type":"MultiPolygon","coordinates":[[[[-0.2509331194389376,36.68714043343777],[-0.2563266178724469,36.70113722502183],[-0.25446037899457175,36.701856358146294],[-0.24906688056106238,36.68785956656223],[-0.2509331194389376,36.68714043343777]]],[[[-0.2571913312446791,36.70616238877875],[-0.25819285675032216,36.70041809189736],[-0.2525941401166965,36.702575491270764],[-0.2571913312446791,36.70616238877875]]]]},"properties":{"speed":0.0873,"dir_deg":338.9,"type":"ضعيف"}},{"type":"Feature","geometry":{"type":"MultiPolygon","coordinates":[[[[-0.2092759932721566,36.68716625926945],[-0.21428210423040378,36.70130623285761],[-0.2123967744186498,36.701973714318704],[-0.2073906634604026,36.68783374073055],[-0.2092759932721566,36.68716625926945]]],[[[-0.21500814297727586,36.70635329811754],[-0.21616743404215777,36.70063875139651],[-0.2105114446068958,36.702641195779805],[-0.21500814297727586,36.70635329811754]]]]},"properties":{"speed":0.1013,"dir_deg":340.5,"type":"ضعيف"}},{"type":"Feature","geometry":{"type":"MultiPolygon","coordinates":[[[[-0.16764707036822726,36.687302976343105],[-0.1706024252216916,36.70200895736071],[-0.16864162775267788,36.7024030046745],[-0.16568627289921353,36.687697023656895],[-0.16764707036822726,36.687302976343105]]],[[[-0.17060714477167285,36.70710797469014],[-0.17256322269070537,36.701614910046914],[-0.16668083028366412,36.7027970519883],[-0.17060714477167285,36.70710797469014]]]]},"properties":{"speed":0.1143,"dir_deg":348.6,"type":"ضعيف"}},{"type":"Feature","geometry":{"type":"MultiPolygon","coordinates":[[[[-0.12599909342609925,36.68745742857854],[-0.1266376647480225,36.70244382997003],[-0.12463947789582398,36.70252897281295],[-0.12400090657390074,36.68754257142146],[-0.12599909342609925,36.68745742857854]]],[[[-0.125851428429231,36.70748186852199],[-0.128635851600221,36.7023586871271],[-0.12264129104362548,36.70261411565588],[-0.125851428429231,36.70748186852199]]]]},"properties":{"speed":0.119,"dir_deg":357.6,"type":"ضعيف"}},{"type":"Feature","geometry":{"type":"MultiPolygon","coordinates":[[[[-0.08432740618971854,36.68739126135091],[-0.08595848592602373,36.702302316943786],[-0.08397034518030705,36.702519794241965],[-0.08233926544400186,36.68760873864909],[-0.08432740618971854,36.68739126135091]]],[[[-0.08550810879860046,36.70738140745717],[-0.08794662667174043,36.702084839645615],[-0.08198220443459035,36.70273727154014],[-0.08550810879860046,36.70738140745717]]]]},"properties":{"speed":0.1804,"dir_deg":353.8,"type":"متوسط"}},{"type":"Feature","geometry":{"type":"MultiPolygon","coordinates":[[[[-0.04262488745033189,36.687213966244094],[-0.04691539378891736,36.70158725937262],[-0.04499895470511378,36.702159326884434],[-0.04070844836652831,36.687786033755906],[-0.04262488745033189,36.687213966244094]]],[[[-0.047387343026544064,36.706664390838036],[-0.04883183287272094,36.70101519186081],[-0.0430825156213102,36.702731394396245],[-0.047387343026544064,36.706664390838036]]]]},"properties":{"speed":0.352,"dir_deg":343.4,"type":"متوسط"}},{"type":"Feature","geometry":{"type":"MultiPolygon","coordinates":[[[[-0.0009476196464436123,36.687180598989244],[-0.005738634807833594,36.7013948936859],[-0.003843395514946369,36.702033695707414],[0.0009476196464436123,36.687819401010756],[-0.0009476196464436123,36.687180598989244]]],[[[-0.006388020215186641,36.706452392928874],[-0.007633874100720818,36.70075609166438],[-0.0019481562220591444,36.70267249772893],[-0.006388020215186641,36.706452392928874]]]]},"properties":{"speed":0.5326,"dir_deg":341.4,"type":"قوي"}},{"type":"Feature","geometry":{"type":"MultiPolygon","coordinates":[[[[0.040703553053973884,36.68723090935147],[0.03666719332603819,36.70167763216831],[0.03859342303495062,36.70221581346537],[0.042629782762886315,36.68776909064853],[0.040703553053973884,36.68723090935147]]],[[[0.03628485493784918,36.70676229708913],[0.03474096361712576,36.70113945087125],[0.04051965274386305,36.70275399476243],[0.03628485493784918,36.70676229708913]]]]},"properties":{"speed":0.6098,"dir_deg":344.4,"type":"قوي"}},{"type":"Feature","geometry":{"type":"MultiPolygon","coordinates":[[[[0.08238352992223237,36.68718716016473],[0.07769093239321928,36.70143424858415],[0.07959054418247494,36.702059928254684],[0.08428314171148803,36.68781283983527],[0.08238352992223237,36.68718716016473]]],[[[0.07707653911150941,36.706496117892556],[0.07579132060396361,36.700808568913615],[0.08149015597173061,36.70268560792522],[0.07707653911150941,36.706496117892556]]]]},"properties":{"speed":0.5962,"dir_deg":341.8,"type":"قوي"}},{"type":"Feature","geometry":{"type":"MultiPolygon","coordinates":[[[[0.12411931952260909,36.6870262892267],[0.11701365792307684,36.70023649638757],[0.11877501887785867,36.701183917934166],[0.1258806804773909,36.6879737107733],[0.12411931952260909,36.6870262892267]]],[[[0.11552578453395702,36.705113609547816],[0.11525229696829503,36.69928907484096],[0.12053637983264048,36.70213133948077],[0.11552578453395702,36.705113609547816]]]]},"properties":{"speed":0.566,"dir_deg":331.7,"type":"قوي"}},{"type":"Feature","geometry":{"type":"MultiPolygon","coordinates":[[[[0.16585669363578864,36.686913539734626],[0.1570597896551283,36.6990632097036],[0.1586797456509918,36.70023613023435],[0.16747664963165215,36.688086460265374],[0.16585669363578864,36.686913539734626]]],[[[0.15493746632617325,36.703699559958636],[0.1554398336592648,36.69789028917285],[0.16029970164685528,36.70140905076511],[0.15493746632617325,36.703699559958636]]]]},"properties":{"speed":0.5001,"dir_deg":324.1,"type":"قوي"}},{"type":"Feature","geometry":{"type":"MultiPolygon","coordinates":[[[[0.20763724041337892,36.68678204348194],[0.19686789264246135,36.69722336277545],[0.19826006854826272,36.69865927581157],[0.2090294163191803,36.68821795651806],[0.20763724041337892,36.68678204348194]]],[[[0.1939741980050562,36.701421759058015],[0.19547571673665995,36.69578744973933],[0.19965224445406413,36.7000951888477],[0.1939741980050562,36.701421759058015]]]]},"properties":{"speed":0.3924,"dir_deg":314.1,"type":"قوي"}},{"type":"Feature","geometry":{"type":"MultiPolygon","coordinates":[[[[0.2495659149658768,36.686599128098365],[0.23605283644139521,36.69311040361021],[0.23692100650964162,36.69491214741348],[0.25043408503412323,36.688400871901635],[0.2495659149658768,36.686599128098365]]],[[[0.2319825619673579,36.696181700682466],[0.23518466637314878,36.69130865980695],[0.23778917657788806,36.696713891216746],[0.2319825619673579,36.696181700682466]]]]},"properties":{"speed":0.2977,"dir_deg":295.7,"type":"متوسط"}},{"type":"Feature","geometry":{"type":"MultiPolygon","coordinates":[[[[0.29170043572385407,36.68650057067296],[0.27670899581825803,36.68599388580354],[0.2766414378356683,36.68799274445762],[0.29163287774126434,36.68849942932704],[0.29170043572385407,36.68650057067296]]],[[[0.2716780701917645,36.686824420174105],[0.2767765538008478,36.68399502714946],[0.2765738798530785,36.6899916031117],[0.2716780701917645,36.686824420174105]]]]},"properties":{"speed":0.2341,"dir_deg":268.1,"type":"متوسط"}},{"type":"Feature","geometry":{"type":"MultiPolygon","coordinates":[[[[0.33384184084797086,36.68663893658155],[0.320925889571201,36.679011472873604],[0.31990889441014086,36.6807335997105],[0.33282484568691073,36.68836106341845],[0.33384184084797086,36.68663893658155]]],[[[0.3161120748984143,36.6773300483894],[0.32194288473226107,36.6772893460367],[0.3188918992490808,36.6824557265474],[0.3161120748984143,36.6773300483894]]]]},"properties":{"speed":0.2252,"dir_deg":239.4,"type":"متوسط"}},{"type":"Feature","geometry":{"type":"MultiPolygon","coordinates":[[[[0.3758231758501775,36.686932213491104],[0.36730637821673384,36.67458457573844],[0.36566002651637886,36.675720148756234],[0.3741768241498225,36.688067786508896],[0.3758231758501775,36.686932213491104]]],[[[0.3636442698220751,36.67103648299645],[0.3689527299170888,36.67344900272065],[0.3640136748160239,36.676855721774025],[0.3636442698220751,36.67103648299645]]]]},"properties":{"speed":0.2229,"dir_deg":214.6,"type":"متوسط"}},{"type":"Feature","geometry":{"type":"MultiPolygon","coordinates":[[[[0.4176634927209496,36.68742051407515],[0.41647120384815955,36.672467974249294],[0.41447753187137876,36.672626946098994],[0.4156698207441688,36.68757948592485],[0.4176634927209496,36.68742051407515]]],[[[0.4150769382355058,36.667563280232194],[0.4184648758249404,36.67230900239959],[0.4124838598945979,36.6727859179487],[0.4150769382355058,36.667563280232194]]]]},"properties":{"speed":0.2376,"dir_deg":184.6,"type":"متوسط"}},{"type":"Feature","geometry":{"type":"MultiPolygon","coordinates":[[[[0.45932930867975896,36.68758973793772],[0.46067537774553163,36.672650256752945],[0.4586834469208953,36.672470780877504],[0.45733737785512263,36.68741026206228],[0.45932930867975896,36.68758973793772]]],[[[0.4601281020218044,36.667580691753635],[0.46266730857016797,36.67282973262838],[0.45669151609625896,36.67229130500207],[0.4601281020218044,36.667580691753635]]]]},"properties":{"speed":0.1723,"dir_deg":174.9,"type":"ضعيف"}},{"type":"Feature","geometry":{"type":"MultiPolygon","coordinates":[[[[0.5009862858751728,36.68733495402933],[0.4985105963151092,36.67254066590174],[0.4965380245647637,36.67287075784308],[0.49901371412482726,36.68766504597067],[0.5009862858751728,36.68733495402933]]],[[[0.4966990805865819,36.667774282496545],[0.5004831680654547,36.6722105739604],[0.49456545281441816,36.67320084978442],[0.4966990805865819,36.667774282496545]]]]},"properties":{"speed":0.147,"dir_deg":189.5,"type":"ضعيف"}},{"type":"Feature","geometry":{"type":"MultiPolygon","coordinates":[[[[0.542661491510689,36.68739820088356],[0.5411345047640271,36.672476126246444],[0.5391448948124123,36.67267972447933],[0.5406718815590742,36.68760179911644],[0.542661491510689,36.68739820088356]]],[[[0.5396307042059991,36.667603900483854],[0.543124114715642,36.67227252801356],[0.5371552848607974,36.67288332271222],[0.5396307042059991,36.667603900483854]]]]},"properties":{"speed":0.1825,"dir_deg":185.8,"type":"متوسط"}},{"type":"Feature","geometry":{"type":"MultiPolygon","coordinates":[[[[0.5843290943143521,36.68740823671595],[0.5829526450536109,36.67247152397745],[0.5809610833551435,36.67265505054554],[0.5823375326158847,36.68759176328405],[0.5843290943143521,36.68740823671595]]],[[[0.5814980477841301,36.667584383015324],[0.5849442067520781,36.67228799740935],[0.5789695216566763,36.672838577113644],[0.5814980477841301,36.667584383015324]]]]},"properties":{"speed":0.1342,"dir_deg":185.3,"type":"ضعيف"}},{"type":"Feature","geometry":{"type":"MultiPolygon","coordinates":[[[[0.6258447472062194,36.686964834457775],[0.6178172640728514,36.67429362636448],[0.6161277696604126,36.67536395744893],[0.6241552527937806,36.688035165542225],[0.6258447472062194,36.686964834457775]]],[[[0.6142966891555094,36.67060505587561],[0.6195067584852902,36.67322329528003],[0.6144382752479738,36.67643428853338],[0.6142966891555094,36.67060505587561]]]]},"properties":{"speed":0.0681,"dir_deg":212.4,"type":"ضعيف"}},{"type":"Feature","geometry":{"type":"MultiPolygon","coordinates":[[[[0.6665895797270478,36.68650297716165],[0.6516342371518415,36.687659579279156],[0.6517884507675091,36.68965362495585],[0.6667437933427154,36.68849702283835],[0.6665895797270478,36.68650297716165]]],[[[0.6467262297679398,36.68904213615668],[0.651480023536174,36.68566553360246],[0.6519426643831767,36.69164767063255],[0.6467262297679398,36.68904213615668]]]]},"properties":{"speed":0.0559,"dir_deg":274.4,"type":"ضعيف"}},{"type":"Feature","geometry":{"type":"MultiPolygon","coordinates":[[[[0.7077860470232759,36.686663041553224],[0.6952316703216062,36.69487203818086],[0.6963262032052913,36.69654595507441],[0.708880579906961,36.688336958446776],[0.7077860470232759,36.686663041553224]]],[[[0.6915941445295588,36.698445328836854],[0.694137137437921,36.6931981212873],[0.6974207360889764,36.69821987196797],[0.6915941445295588,36.698445328836854]]]]},"properties":{"speed":0.0733,"dir_deg":303.2,"type":"ضعيف"}},{"type":"Feature","geometry":{"type":"MultiPolygon","coordinates":[[[[0.7493610812383473,36.686730725786205],[0.7378219680314388,36.69631450721099],[0.7390998055547442,36.69785305563858],[0.7506389187616527,36.688269274213795],[0.7493610812383473,36.686730725786205]]],[[[0.734614515724122,36.700278375233054],[0.7365441305081335,36.6947759587834],[0.7403776430780495,36.69939160406617],[0.734614515724122,36.700278375233054]]]]},"properties":{"speed":0.0646,"dir_deg":309.7,"type":"ضعيف"}},{"type":"Feature","geometry":{"type":"MultiPolygon","coordinates":[[[[0.7908342466246016,36.68694588467286],[0.7825225167174823,36.69943248332706],[0.7841873965380424,36.70054071398134],[0.7924991264451616,36.68805411532714],[0.7908342466246016,36.68694588467286]]],[[[0.780584379992056,36.7041487982056],[0.7808576368969221,36.698324252672776],[0.7858522763586026,36.70164894463562],[0.780584379992056,36.7041487982056]]]]},"properties":{"speed":0.0363,"dir_deg":326.4,"type":"ضعيف"}},{"type":"Feature","geometry":{"type":"MultiPolygon","coordinates":[[[[0.8325621841407121,36.68813667854137],[0.8421123622612587,36.69970361840746],[0.8436546209100713,36.698430261324724],[0.8341044427895247,36.68686332145863],[0.8325621841407121,36.68813667854137]]],[[[0.846066884292514,36.70292258648813],[0.8405701036124462,36.7009769754902],[0.8451968795588838,36.697156904241986],[0.846066884292514,36.70292258648813]]]]},"properties":{"speed":0.031,"dir_deg":39.5,"type":"ضعيف"}},{"type":"Feature","geometry":{"type":"MultiPolygon","coordinates":[[[[0.8747594087611064,36.68847062652744],[0.8893188066726861,36.692079495110846],[0.8897999891504734,36.690138242055966],[0.8752405912388936,36.68652937347256],[0.8747594087611064,36.68847062652744]]],[[[0.8944125305487731,36.692311824777875],[0.8888376241948989,36.69402074816572],[0.8902811716282607,36.68819698900109],[0.8944125305487731,36.692311824777875]]]]},"properties":{"speed":0.0595,"dir_deg":76.1,"type":"ضعيف"}},{"type":"Feature","geometry":{"type":"MultiPolygon","coordinates":[[[[0.9167211213059673,36.68849851732869],[0.931698881236337,36.687681995762404],[0.9315900116941657,36.685684961105025],[0.9166122517637959,36.68650148267131],[0.9167211213059673,36.68849851732869]]],[[[0.9366370331087079,36.686411304578286],[0.9318077507785084,36.68967903041979],[0.9314811421519943,36.68368792644764],[0.9366370331087079,36.686411304578286]]]]},"properties":{"speed":0.0862,"dir_deg":93.1,"type":"ضعيف"}},{"type":"Feature","geometry":{"type":"MultiPolygon","coordinates":[[[[0.9586018762250194,36.688463262188606],[0.9730508090540813,36.684434820790095],[0.9725136835342794,36.682508296412884],[0.9580647507052175,36.686536737811394],[0.9586018762250194,36.688463262188606]]],[[[0.9775985572372009,36.68212874480198],[0.973587934573883,36.6863613451673],[0.9719765580144776,36.68058177203568],[0.9775985572372009,36.68212874480198]]]]},"properties":{"speed":0.114,"dir_deg":105.6,"type":"ضعيف"}},{"type":"Feature","geometry":{"type":"MultiPolygon","coordinates":[[[[1.000302915775098,36.68845301733101],[1.0145981757401794,36.68390928070453],[1.0139923441899834,36.68200324604252],[0.9996970842249019,36.68654698266899],[1.000302915775098,36.68845301733101]]],[[[1.0190603466201087,36.68144168449804],[1.0152040072903756,36.68581531536654],[1.0133865126397872,36.68009721138051],[1.0190603466201087,36.68144168449804]]]]},"properties":{"speed":0.1438,"dir_deg":107.6,"type":"ضعيف"}}]}