{"type":"FeatureCollection","date":"2026-09-05","features":[{"type":"Feature","geometry":{"type":"MultiPolygon","coordinates":[[[[-0.24901167977639307,35.85401554684287],[-0.2512975506196705,35.839190743488764],[-0.2532741910668844,35.839495526267875],[-0.25098832022360695,35.85432032962198],[-0.24901167977639307,35.85401554684287]]],[[[-0.25304782779103663,35.834401533760285],[-0.24932091017245667,35.83888596070966],[-0.2552508315140983,35.83980030904698],[-0.25304782779103663,35.834401533760285]]]]},"properties":{"speed":0.0284,"dir_deg":188.8,"type":"ضعيف"}},{"type":"Feature","geometry":{"type":"MultiPolygon","coordinates":[[[[-0.20733764147331085,35.854075161019864],[-0.20872929966169898,35.839139857625334],[-0.21072067344763648,35.83932541205045],[-0.20932901525924835,35.85426071544498],[-0.20733764147331085,35.854075161019864]]],[[[-0.21018887261746377,35.834254200373046],[-0.2067379258757615,35.83895430320021],[-0.21271204723357395,35.83951096647557],[-0.21018887261746377,35.834254200373046]]]]},"properties":{"speed":0.0239,"dir_deg":185.3,"type":"ضعيف"}},{"type":"Feature","geometry":{"type":"MultiPolygon","coordinates":[[[[-0.1659011643926226,35.854811365511786],[-0.15624975520219686,35.84332875689532],[-0.15778076968439247,35.84204190233659],[-0.1674321788748182,35.85352451095306],[-0.1659011643926226,35.854811365511786]]],[[[-0.15379812604648607,35.83885779341047],[-0.15471874072000125,35.84461561145404],[-0.1593117841665881,35.84075504777787],[-0.15379812604648607,35.83885779341047]]]]},"properties":{"speed":0.0132,"dir_deg":140.0,"type":"ضعيف"}},{"type":"Feature","geometry":{"type":"MultiPolygon","coordinates":[[[[-0.12496026855091663,35.85516714862666],[-0.10997211263734305,35.85457117689041],[-0.11005157553550979,35.85257275610193],[-0.12503973144908337,35.85316872783818],[-0.12496026855091663,35.85516714862666]]],[[[-0.10501579211523523,35.853373309250756],[-0.10989264973917631,35.856569597678885],[-0.11013103843367653,35.85057433531345],[-0.10501579211523523,35.853373309250756]]]]},"properties":{"speed":0.0263,"dir_deg":92.3,"type":"ضعيف"}},{"type":"Feature","geometry":{"type":"MultiPolygon","coordinates":[[[[-0.0836406354733842,35.85511955103241],[-0.06936644347357022,35.85972904588027],[-0.06875184416052223,35.8578258202803],[-0.0830260361603362,35.853216325432435],[-0.0836406354733842,35.85511955103241]]],[[[-0.06430107981710824,35.8603139313629],[-0.06998104278661821,35.86163227148025],[-0.06813724484747424,35.85592259468032],[-0.06430107981710824,35.8603139313629]]]]},"properties":{"speed":0.0221,"dir_deg":72.1,"type":"ضعيف"}},{"type":"Feature","geometry":{"type":"MultiPolygon","coordinates":[[[[-0.042565933803494445,35.854605340621504],[-0.03600489796727335,35.868094329047466],[-0.03420636617714466,35.8672195242693],[-0.040767402013365754,35.85373053584334],[-0.042565933803494445,35.854605340621504]]],[[[-0.03291862012680198,35.87215325613371],[-0.03780342975740204,35.86896913382563],[-0.03240783438701597,35.86634471949114],[-0.03291862012680198,35.87215325613371]]]]},"properties":{"speed":0.0153,"dir_deg":25.9,"type":"ضعيف"}},{"type":"Feature","geometry":{"type":"MultiPolygon","coordinates":[[[[-0.29264897069922946,35.895644820557145],[-0.29545758885572876,35.9103795300572],[-0.29349296092238825,35.910754012478066],[-0.29068434276588895,35.89601930297801],[-0.29264897069922946,35.895644820557145]]],[[[-0.29541148094122494,35.915478341100986],[-0.2974222167890693,35.91000504763633],[-0.2915283329890477,35.91112849489893],[-0.29541148094122494,35.915478341100986]]]]},"properties":{"speed":0.0048,"dir_deg":349.2,"type":"ضعيف"}},{"type":"Feature","geometry":{"type":"MultiPolygon","coordinates":[[[[-0.24901941259744356,35.89563597926977],[-0.25196065006460155,35.88092716823142],[-0.2539218248697145,35.88131933322704],[-0.25098058740255647,35.89602814426539],[-0.24901941259744356,35.89563597926977]]],[[[-0.25392164995621064,35.87622031371645],[-0.2499994752594887,35.8805350032358],[-0.25588299967482736,35.881711498222664],[-0.25392164995621064,35.87622031371645]]]]},"properties":{"speed":0.0274,"dir_deg":191.3,"type":"ضعيف"}},{"type":"Feature","geometry":{"type":"MultiPolygon","coordinates":[[[[-0.20748771369613372,35.89529826795941],[-0.21549462081859175,35.882614047907225],[-0.2171858501588835,35.88368163552356],[-0.20917894303642548,35.896365855575745],[-0.20748771369613372,35.89529826795941]]],[[[-0.21900920452955697,35.87891976836466],[-0.2138033914783,35.8815464602909],[-0.21887707949917526,35.884749223139885],[-0.21900920452955697,35.87891976836466]]]]},"properties":{"speed":0.0206,"dir_deg":212.3,"type":"ضعيف"}},{"type":"Feature","geometry":{"type":"MultiPolygon","coordinates":[[[[-0.1659335559205137,35.89515195784092],[-0.1761351148203153,35.88415522214282],[-0.1776013462467287,35.88551542999613],[-0.1673997873469271,35.89651216569423],[-0.1659335559205137,35.89515195784092]]],[[[-0.1802687501667892,35.88116974750344],[-0.17466888339390188,35.88279501428952],[-0.1790675776731421,35.886875637849435],[-0.1802687501667892,35.88116974750344]]]]},"properties":{"speed":0.013,"dir_deg":222.9,"type":"ضعيف"}},{"type":"Feature","geometry":{"type":"MultiPolygon","coordinates":[[[[-0.1240226625287022,35.896043748959436],[-0.12084735465081482,35.88138368688997],[-0.12280202959341043,35.880960312506254],[-0.1259773374712978,35.89562037457572],[-0.1240226625287022,35.896043748959436]]],[[[-0.12076625616281683,35.87628531234162],[-0.11889267970821922,35.88180706127369],[-0.12475670453600603,35.88053693812253],[-0.12076625616281683,35.87628531234162]]]]},"properties":{"speed":0.0116,"dir_deg":167.8,"type":"ضعيف"}},{"type":"Feature","geometry":{"type":"MultiPolygon","coordinates":[[[[-0.08294426731298338,35.8967532705926],[-0.06912613493771333,35.890917243034444],[-0.06990427194546697,35.889074825384405],[-0.08372240432073702,35.89491085294256],[-0.08294426731298338,35.8967532705926]]],[[[-0.06490915931650014,35.88805069169004],[-0.06834799792995967,35.892759660684476],[-0.07068240895322063,35.88723240773437],[-0.06490915931650014,35.88805069169004]]]]},"properties":{"speed":0.0241,"dir_deg":112.9,"type":"ضعيف"}},{"type":"Feature","geometry":{"type":"MultiPolygon","coordinates":[[[[-0.04165488968001962,35.89683199240184],[-0.02665593016609033,35.89665531897569],[-0.026679486622911294,35.89465545770716],[-0.04167844613684058,35.89483213113331],[-0.04165488968001962,35.89683199240184]]],[[[-0.021668055223191048,35.89559649719937],[-0.026632373709269366,35.89865518024421],[-0.026703043079732258,35.89265559643864],[-0.021668055223191048,35.89559649719937]]]]},"properties":{"speed":0.0402,"dir_deg":90.7,"type":"ضعيف"}},{"type":"Feature","geometry":{"type":"MultiPolygon","coordinates":[[[[-0.0003432331012947598,35.896771312020796],[0.013745520697019191,35.90191980854022],[0.01443198689960871,35.900041308033785],[0.0003432331012947598,35.89489281151436],[-0.0003432331012947598,35.896771312020796]]],[[[0.0187850050644186,35.902696723793476],[0.013059054494429671,35.903798309046664],[0.01511845310219823,35.89816280752734],[0.0187850050644186,35.902696723793476]]]]},"properties":{"speed":0.0495,"dir_deg":69.9,"type":"ضعيف"}},{"type":"Feature","geometry":{"type":"MultiPolygon","coordinates":[[[[-0.41695842391773863,35.93845648936725],[-0.40261108340906576,35.94283299714494],[-0.4020275490387069,35.940920018410445],[-0.4163748895473798,35.93654351063275],[-0.41695842391773863,35.93845648936725]]],[[[-0.3975368693876621,35.94333534370359],[-0.40319461777942467,35.94474597587943],[-0.401444014668348,35.93900703967596],[-0.3975368693876621,35.94333534370359]]]]},"properties":{"speed":0.2828,"dir_deg":73.0,"type":"متوسط"}},{"type":"Feature","geometry":{"type":"MultiPolygon","coordinates":[[[[-0.37541390141638503,35.938410321711],[-0.36175907575141375,35.94461884295677],[-0.3609312729186437,35.94279819953478],[-0.37458609858361497,35.936589678289],[-0.37541390141638503,35.938410321711]]],[[[-0.35679356578003835,35.9457780283277],[-0.36258687858418376,35.94643948637877],[-0.3601034700858737,35.94097755611278],[-0.35679356578003835,35.9457780283277]]]]},"properties":{"speed":0.2412,"dir_deg":65.5,"type":"متوسط"}},{"type":"Feature","geometry":{"type":"MultiPolygon","coordinates":[[[[-0.3338457767567004,35.93835872691764],[-0.3209648729920505,35.946045229256534],[-0.3199400060135313,35.94432777542125],[-0.3328209097781812,35.93664127308236],[-0.3338457767567004,35.93835872691764]]],[[[-0.3161588049145743,35.94774866978519],[-0.3219897399705698,35.947762683091824],[-0.318915139035012,35.94261032158596],[-0.3161588049145743,35.94774866978519]]]]},"properties":{"speed":0.2276,"dir_deg":59.2,"type":"متوسط"}},{"type":"Feature","geometry":{"type":"MultiPolygon","coordinates":[[[[-0.2919157340657236,35.938468483599294],[-0.27738848007629596,35.94220464359676],[-0.2768903254099672,35.94026767639817],[-0.29141757939939483,35.936531516400706],[-0.2919157340657236,35.938468483599294]]],[[[-0.27229698474665576,35.94248154666329],[-0.27788663474262465,35.94414161079535],[-0.27639217074363853,35.93833070919958],[-0.27229698474665576,35.94248154666329]]]]},"properties":{"speed":0.1944,"dir_deg":75.6,"type":"متوسط"}},{"type":"Feature","geometry":{"type":"MultiPolygon","coordinates":[[[[-0.25004207113159266,35.93849911461799],[-0.2350553518617036,35.93913018159188],[-0.23497120959851822,35.9371319523559],[-0.24995792886840731,35.93650088538201],[-0.25004207113159266,35.93849911461799]]],[[[-0.23001770764014787,35.93834142263185],[-0.23513949412488894,35.941128410827865],[-0.23488706733533288,35.93513372311991],[-0.23001770764014787,35.93834142263185]]]]},"properties":{"speed":0.1595,"dir_deg":87.6,"type":"ضعيف"}},{"type":"Feature","geometry":{"type":"MultiPolygon","coordinates":[[[[-0.2083766038702039,35.93849906317656],[-0.19339065622178933,35.93914819573542],[-0.19330410521394073,35.937150069382305],[-0.2082900528623553,35.93650093682344],[-0.2083766038702039,35.93849906317656]]],[[[-0.18835206483506017,35.938365510078484],[-0.19347720722963796,35.94114632208854],[-0.1932175542060921,35.93515194302918],[-0.18835206483506017,35.938365510078484]]]]},"properties":{"speed":0.0918,"dir_deg":87.5,"type":"ضعيف"}},{"type":"Feature","geometry":{"type":"MultiPolygon","coordinates":[[[[-0.1667519654694802,35.93849635584084],[-0.1518066278568396,35.939775763377234],[-0.15163604018531998,35.937783051695554],[-0.1665813777979606,35.93650364415916],[-0.1667519654694802,35.93849635584084]]],[[[-0.14673955481686626,35.9392058767152],[-0.15197721552835924,35.94176847505892],[-0.15146545251380034,35.93579034001387],[-0.14673955481686626,35.9392058767152]]]]},"properties":{"speed":0.0371,"dir_deg":85.1,"type":"ضعيف"}},{"type":"Feature","geometry":{"type":"MultiPolygon","coordinates":[[[[-0.12421130692888983,35.93811478714982],[-0.11498949968160173,35.92628439108317],[-0.11656688582382206,35.92505481678353],[-0.12578869307111015,35.93688521285018],[-0.12421130692888983,35.93811478714982]]],[[[-0.11270425700361586,35.921726138577796],[-0.11341211353938141,35.92751396538281],[-0.11814427196604238,35.92382524248389],[-0.11270425700361586,35.921726138577796]]]]},"properties":{"speed":0.0204,"dir_deg":142.1,"type":"ضعيف"}},{"type":"Feature","geometry":{"type":"MultiPolygon","coordinates":[[[[-0.0825054484441285,35.938060894373365],[-0.07409203284366819,35.92564258378239],[-0.07574780758913158,35.92452079503566],[-0.08416122318959189,35.936939105626635],[-0.0825054484441285,35.938060894373365]]],[[[-0.07211544834957978,35.920942252545366],[-0.07243625809820481,35.92676437252912],[-0.07740358233459496,35.92339900628893],[-0.07211544834957978,35.920942252545366]]]]},"properties":{"speed":0.0292,"dir_deg":145.9,"type":"ضعيف"}},{"type":"Feature","geometry":{"type":"MultiPolygon","coordinates":[[[[-0.041215873802656684,35.938392627959566],[-0.027826454409158385,35.931630716372965],[-0.028728042620705208,35.92984546045383],[-0.042117462014203515,35.936607372040434],[-0.041215873802656684,35.938392627959566]]],[[[-0.023814108717099023,35.92848411788453],[-0.026924866197611558,35.933415972292096],[-0.029629630832252035,35.9280602045347],[-0.023814108717099023,35.92848411788453]]]]},"properties":{"speed":0.0537,"dir_deg":116.8,"type":"ضعيف"}},{"type":"Feature","geometry":{"type":"MultiPolygon","coordinates":[[[[0.00013115179101729141,35.93849136229892],[0.015001586274764401,35.93652408543366],[0.014739282692729819,35.93454136083582],[-0.00013115179101729141,35.93650863770108],[0.00013115179101729141,35.93849136229892]]],[[[0.019827245978329484,35.93487696417965],[0.015263889856798985,35.93850681003149],[0.014476979110695235,35.93255863623799],[0.019827245978329484,35.93487696417965]]]]},"properties":{"speed":0.0734,"dir_deg":97.5,"type":"ضعيف"}},{"type":"Feature","geometry":{"type":"MultiPolygon","coordinates":[[[[0.04182773648941292,35.93848694321631],[0.056631884734061805,35.93607091450157],[0.05630974757209617,35.93409702806895],[0.04150559932744728,35.93651305678369],[0.04182773648941292,35.93848694321631]]],[[[0.061405532234628614,35.93427862838034],[0.05695402189602745,35.938044800934186],[0.05598761041013053,35.93212314163633],[0.061405532234628614,35.93427862838034]]]]},"properties":{"speed":0.0771,"dir_deg":99.3,"type":"ضعيف"}},{"type":"Feature","geometry":{"type":"MultiPolygon","coordinates":[[[[-0.4167725987572396,35.98016231054067],[-0.4018570141335486,35.98175144091088],[-0.4016451300841878,35.97976269629438],[-0.4165607147078788,35.97817356592417],[-0.4167725987572396,35.98016231054067]]],[[[-0.3967792105676378,35.98128677872603],[-0.4020688981829094,35.98374018552737],[-0.40143324603482694,35.97777395167789],[-0.3967792105676378,35.98128677872603]]]]},"properties":{"speed":0.4273,"dir_deg":83.9,"type":"قوي"}},{"type":"Feature","geometry":{"type":"MultiPolygon","coordinates":[[[[-0.375175466302597,35.98015242366992],[-0.3604081847400714,35.98278441820888],[-0.3600572521348774,35.98081544733388],[-0.374824533697403,35.97818345279492],[-0.375175466302597,35.98015242366992]]],[[[-0.3553102912499658,35.98267726428436],[-0.3607591173452655,35.984753389083885],[-0.3597063195296833,35.97884647645888],[-0.3553102912499658,35.98267726428436]]]]},"properties":{"speed":0.4108,"dir_deg":79.9,"type":"قوي"}},{"type":"Feature","geometry":{"type":"MultiPolygon","coordinates":[[[[-0.33358480253703093,35.980135806113765],[-0.31906678431687197,35.98390769515762],[-0.3185638657776917,35.98197195939493],[-0.33308188399785066,35.97820007035108],[-0.33358480253703093,35.980135806113765]]],[[[-0.31397598564056217,35.98419712362423],[-0.3195697028560523,35.985843430920305],[-0.31806094723851136,35.98003622363225],[-0.31397598564056217,35.98419712362423]]]]},"properties":{"speed":0.3979,"dir_deg":75.4,"type":"قوي"}},{"type":"Feature","geometry":{"type":"MultiPolygon","coordinates":[[[[-0.29192275771182963,35.980134588266516],[-0.27742300720039786,35.98397610295557],[-0.276910805241857,35.982042802887385],[-0.2914105557532888,35.97820128819833],[-0.29192275771182963,35.980134588266516]]],[[[-0.2723336560506502,35.98428995781783],[-0.27793520915893866,35.98590940302377],[-0.2763986032833162,35.98010950281919],[-0.2723336560506502,35.98428995781783]]]]},"properties":{"speed":0.3817,"dir_deg":75.2,"type":"قوي"}},{"type":"Feature","geometry":{"type":"MultiPolygon","coordinates":[[[[-0.2501965488263194,35.98014843227058],[-0.23548913825387996,35.983096664665375],[-0.23509604060124112,35.981135676589055],[-0.24980345117368058,35.97818744419426],[-0.2501965488263194,35.98014843227058]]],[[[-0.23039011923674738,35.98309891475881],[-0.23588223590651877,35.9850576527417],[-0.2347029429486023,35.97917468851273],[-0.23039011923674738,35.98309891475881]]]]},"properties":{"speed":0.3665,"dir_deg":78.7,"type":"متوسط"}},{"type":"Feature","geometry":{"type":"MultiPolygon","coordinates":[[[[-0.20851024289073683,35.980152164451866],[-0.1937468495991146,35.98280588231872],[-0.19339302055020013,35.980837429879834],[-0.20815641384182237,35.97818371201298],[-0.20851024289073683,35.980152164451866]]],[[[-0.18864880397744996,35.98270622872157],[-0.19410067864802905,35.9847743347576],[-0.19303919150128568,35.97886897744095],[-0.18864880397744996,35.98270622872157]]]]},"properties":{"speed":0.3386,"dir_deg":79.8,"type":"متوسط"}},{"type":"Feature","geometry":{"type":"MultiPolygon","coordinates":[[[[-0.16684903088048228,35.98015117020155],[-0.15210055134352324,35.98288655890298],[-0.15173583284999947,35.98092009496472],[-0.16648431238695852,35.97818470626329],[-0.16684903088048228,35.98015117020155]]],[[[-0.14700203225110833,35.98281512316766],[-0.15246526983704697,35.98485302284124],[-0.15137111435647574,35.978953631026464],[-0.14700203225110833,35.98281512316766]]]]},"properties":{"speed":0.2806,"dir_deg":79.5,"type":"متوسط"}},{"type":"Feature","geometry":{"type":"MultiPolygon","coordinates":[[[[-0.12510577632473144,35.98016232818065],[-0.11018992710139121,35.981748973051616],[-0.10997837445192833,35.979760193155165],[-0.12489422367526856,35.9781735482842],[-0.12510577632473144,35.98016232818065]]],[[[-0.10511220103554636,35.98128346472705],[-0.1104014797508541,35.98373775294806],[-0.10976682180246544,35.97777141325872],[-0.10511220103554636,35.98128346472705]]]]},"properties":{"speed":0.2062,"dir_deg":83.9,"type":"متوسط"}},{"type":"Feature","geometry":{"type":"MultiPolygon","coordinates":[[[[-0.0833963314791103,35.9801659520332],[-0.06842612446748297,35.981110886966945],[-0.06830013314298278,35.979114859365396],[-0.0832703401546101,35.97816992443165],[-0.0833963314791103,35.9801659520332]]],[[[-0.0633730598013571,35.98042785147742],[-0.06855211579198318,35.983106914568495],[-0.06817414181848257,35.977118831763846],[-0.0633730598013571,35.98042785147742]]]]},"properties":{"speed":0.1494,"dir_deg":86.4,"type":"ضعيف"}},{"type":"Feature","geometry":{"type":"MultiPolygon","coordinates":[[[[-0.04166272246812052,35.98016793044914],[-0.026662839217319143,35.9801087488445],[-0.026670730097938293,35.97810876441106],[-0.04167061334873968,35.9781679460157],[-0.04166272246812052,35.98016793044914]]],[[[-0.021666823574028254,35.97908902942623],[-0.02665494833669999,35.98210873327794],[-0.026678620978557447,35.97610877997762],[-0.021666823574028254,35.97908902942623]]]]},"properties":{"speed":0.1254,"dir_deg":90.2,"type":"ضعيف"}},{"type":"Feature","geometry":{"type":"MultiPolygon","coordinates":[[[[0.00014423436531298142,35.980157481787735],[0.014987387695017599,35.97799396630804],[0.014698918964391636,35.976014879197415],[-0.00014423436531298142,35.97817839467711],[0.00014423436531298142,35.980157481787735]]],[[[0.019790871106272825,35.976283250926166],[0.015275856425643561,35.97997305341867],[0.014410450233765673,35.97403579208679],[0.019790871106272825,35.976283250926166]]]]},"properties":{"speed":0.1173,"dir_deg":98.3,"type":"ضعيف"}},{"type":"Feature","geometry":{"type":"MultiPolygon","coordinates":[[[[0.041737068319556085,35.98016545704533],[0.056699850513235533,35.97910945087844],[0.05655904969098356,35.97711441325262],[0.041596267497304114,35.97817041941951],[0.041737068319556085,35.98016545704533]]],[[[0.06161704416666936,35.9777599300099],[0.05684065133548751,35.981104488504265],[0.056418248868731584,35.9751193756268],[0.06161704416666936,35.9777599300099]]]]},"properties":{"speed":0.0864,"dir_deg":94.0,"type":"ضعيف"}},{"type":"Feature","geometry":{"type":"MultiPolygon","coordinates":[[[[0.08313596352880745,35.980148266840544],[0.09784089265068646,35.98310885116133],[0.09823563722679196,35.98114819394509],[0.08353070810491295,35.9781876096243],[0.08313596352880745,35.980148266840544]]],[[[0.10293990797936556,35.98311538399348],[0.09744614807458098,35.985069508377585],[0.09863038180289745,35.97918753672884],[0.10293990797936556,35.98311538399348]]]]},"properties":{"speed":0.0616,"dir_deg":78.6,"type":"ضعيف"}},{"type":"Feature","geometry":{"type":"MultiPolygon","coordinates":[[[[-0.4166586466436427,36.0218320296863],[-0.4016591278627952,36.021711878352555],[-0.40167514804062815,36.01971194251511],[-0.4166746668214757,36.019832093848855],[-0.4166586466436427,36.0218320296863]]],[[[-0.3966672983580958,36.02067185998925],[-0.40164310768496214,36.02371181419],[-0.4016911682184612,36.01771200667766],[-0.3966672983580958,36.02067185998925]]]]},"properties":{"speed":0.2825,"dir_deg":90.5,"type":"متوسط"}},{"type":"Feature","geometry":{"type":"MultiPolygon","coordinates":[[[[-0.375106717868424,36.02182635111005],[-0.3601923777313014,36.02342711913641],[-0.35997894199445346,36.02143854045146],[-0.374893282131576,36.019837772425106],[-0.375106717868424,36.02182635111005]]],[[[-0.3551142131505033,36.02296641913606],[-0.36040581346814937,36.02541569782136],[-0.3597655062576055,36.01944996176651],[-0.3551142131505033,36.02296641913606]]]]},"properties":{"speed":0.3097,"dir_deg":83.9,"type":"متوسط"}},{"type":"Feature","geometry":{"type":"MultiPolygon","coordinates":[[[[-0.3335274580252315,36.02181304059549],[-0.31881277560658,36.02472476196235],[-0.31842454609099863,36.022762804306524],[-0.3331392285096501,36.01985108293967],[-0.3335274580252315,36.02181304059549]]],[[[-0.31371376670923884,36.02471435692339],[-0.3192010051221613,36.02668671961816],[-0.3180363165754173,36.02080084665071],[-0.31371376670923884,36.02471435692339]]]]},"properties":{"speed":0.3511,"dir_deg":78.8,"type":"متوسط"}},{"type":"Feature","geometry":{"type":"MultiPolygon","coordinates":[[[[-0.2919032513913829,36.02180367021104],[-0.27732912473938004,36.0253525900934],[-0.27685593542173265,36.02340937320647],[-0.2914300620737355,36.019860453324114],[-0.2919032513913829,36.02180367021104]]],[[[-0.272234487863222,36.025563954944055],[-0.2778023140570275,36.027295806980334],[-0.2763827461040852,36.02146615631953],[-0.272234487863222,36.025563954944055]]]]},"properties":{"speed":0.3924,"dir_deg":76.3,"type":"قوي"}},{"type":"Feature","geometry":{"type":"MultiPolygon","coordinates":[[[[-0.25024977341394444,36.02180036608012],[-0.2357252087258215,36.02554696728929],[-0.23522566189793256,36.0236103586642],[-0.24975022658605553,36.019863757455035],[-0.25024977341394444,36.02180036608012]]],[[[-0.2306339137491694,36.02582753004647],[-0.23622475555371045,36.02748357591437],[-0.23472611507004362,36.02167375003912],[-0.2306339137491694,36.02582753004647]]]]},"properties":{"speed":0.423,"dir_deg":75.5,"type":"قوي"}},{"type":"Feature","geometry":{"type":"MultiPolygon","coordinates":[[[[-0.20861564867715557,36.021791381965464],[-0.1942258457089057,36.026026186628606],[-0.19366120508715376,36.024107546232834],[-0.20805100805540364,36.01987274156969],[-0.20861564867715557,36.021791381965464]]],[[[-0.1891469244086131,36.0264784679851],[-0.1947904863306576,36.02794482702437],[-0.19309656446540185,36.02218890583707],[-0.1891469244086131,36.0264784679851]]]]},"properties":{"speed":0.4333,"dir_deg":73.6,"type":"قوي"}},{"type":"Feature","geometry":{"type":"MultiPolygon","coordinates":[[[[-0.16699069029726055,36.021778112456325],[-0.15279992996606362,36.026638392409424],[-0.15215189263898332,36.02474629103193],[-0.16634265297018025,36.01988601107883],[-0.16699069029726055,36.021778112456325]]],[[[-0.14774565785879118,36.02731243503838],[-0.15344796729314392,36.02853049378692],[-0.15150385531190302,36.02285418965444],[-0.14774565785879118,36.02731243503838]]]]},"properties":{"speed":0.4328,"dir_deg":71.1,"type":"قوي"}},{"type":"Feature","geometry":{"type":"MultiPolygon","coordinates":[[[[-0.12530678744255527,36.02178383982211],[-0.11103011662456207,36.026385651460444],[-0.11041654173945152,36.024482095351374],[-0.12469321255744473,36.01988028371304],[-0.12530678744255527,36.02178383982211]]],[[[-0.1059644389093424,36.026967810618686],[-0.11164369150967261,36.02828920756951],[-0.10980296685434097,36.02257853924231],[-0.1059644389093424,36.026967810618686]]]]},"properties":{"speed":0.4201,"dir_deg":72.1,"type":"قوي"}},{"type":"Feature","geometry":{"type":"MultiPolygon","coordinates":[[[[-0.08362525460955275,36.02178850487539],[-0.06927860799243667,36.02616728676578],[-0.06869477040705156,36.024254400550156],[-0.08304141702416765,36.01987561865977],[-0.08362525460955275,36.02178850487539]]],[[[-0.06420447366070542,36.026670437621426],[-0.06986244557782176,36.02808017298139],[-0.06811093282166647,36.02234151433454],[-0.06420447366070542,36.026670437621426]]]]},"properties":{"speed":0.3728,"dir_deg":73.0,"type":"متوسط"}},{"type":"Feature","geometry":{"type":"MultiPolygon","coordinates":[[[[-0.042010792169686575,36.02177098588209],[-0.027926930451986284,36.02693284980094],[-0.027238681929473332,36.025055001571914],[-0.041322543647173623,36.019893137653064],[-0.042010792169686575,36.02177098588209]]],[[[-0.022888185618163043,36.027714546992705],[-0.028615178974499243,36.02881069802997],[-0.026550433406960373,36.023177153342886],[-0.022888185618163043,36.027714546992705]]]]},"properties":{"speed":0.3023,"dir_deg":69.9,"type":"متوسط"}},{"type":"Feature","geometry":{"type":"MultiPolygon","coordinates":[[[[-0.0003694229288136159,36.02176132314075],[0.013569497668744261,36.02730266707295],[0.014308343526371493,36.025444144326606],[0.0003694229288136159,36.019902800394405],[-0.0003694229288136159,36.02176132314075]]],[[[0.018585227463410504,36.02822052034385],[0.01283065181111703,36.02916118981929],[0.015047189383998724,36.02358562158027],[0.018585227463410504,36.02822052034385]]]]},"properties":{"speed":0.2289,"dir_deg":68.3,"type":"متوسط"}},{"type":"Feature","geometry":{"type":"MultiPolygon","coordinates":[[[[0.04124007726004298,36.02173650658],[0.05480674944630323,36.028135366305804],[0.05565993074307747,36.026326476680964],[0.04209325855681722,36.01992761695516],[0.04124007726004298,36.02173650658]]],[[[0.0597555641567771,36.02936387473532],[0.05395356814952899,36.02994425593064],[0.056513112039851716,36.02451758705613],[0.0597555641567771,36.02936387473532]]]]},"properties":{"speed":0.153,"dir_deg":64.7,"type":"ضعيف"}},{"type":"Feature","geometry":{"type":"MultiPolygon","coordinates":[[[[0.08287621706288396,36.02172146743698],[0.09621730210390378,36.028578248746626],[0.09713153961185625,36.02679943740782],[0.08379045457083643,36.01994265609817],[0.08287621706288396,36.02172146743698]]],[[[0.10112144920488662,36.029974436847105],[0.09530306459595131,36.03035706008543],[0.09804577711980872,36.025020626069015],[0.10112144920488662,36.029974436847105]]]]},"properties":{"speed":0.1087,"dir_deg":62.8,"type":"ضعيف"}},{"type":"Feature","geometry":{"type":"MultiPolygon","coordinates":[[[[-0.4164291812315965,36.063471393528104],[-0.4018582783100352,36.059909261013665],[-0.4023332293119606,36.05796647395746],[-0.4169041322335219,36.061528606471896],[-0.4164291812315965,36.063471393528104]]],[[[-0.3972387861704774,36.05775048998075],[-0.40138332730810977,36.06185204806987],[-0.402808180313886,36.05602368690125],[-0.3972387861704774,36.05775048998075]]]]},"properties":{"speed":0.1933,"dir_deg":103.7,"type":"متوسط"}},{"type":"Feature","geometry":{"type":"MultiPolygon","coordinates":[[[[-0.37496163633271823,36.06349926384355],[-0.3599726786794204,36.06292380883433],[-0.36004940601398394,36.06092528114722],[-0.37503836366728177,36.06150073615645],[-0.37496163633271823,36.06349926384355]]],[[[-0.35501472312893617,36.06173272665436],[-0.3598959513448569,36.064922336521434],[-0.36012613334854743,36.05892675346011],[-0.35501472312893617,36.06173272665436]]]]},"properties":{"speed":0.2156,"dir_deg":92.2,"type":"متوسط"}},{"type":"Feature","geometry":{"type":"MultiPolygon","coordinates":[[[[-0.3334256741126657,36.06349572838416],[-0.31848974835027954,36.064880691062534],[-0.3183050866598297,36.06288923429421],[-0.3332410124222159,36.06150427161584],[-0.3334256741126657,36.06349572838416]]],[[[-0.31341877558425923,36.0643466169045],[-0.31867441004072944,36.06687214783085],[-0.3181204249693798,36.060897777525895],[-0.31341877558425923,36.0643466169045]]]]},"properties":{"speed":0.2581,"dir_deg":84.7,"type":"متوسط"}},{"type":"Feature","geometry":{"type":"MultiPolygon","coordinates":[[[[-0.2918437719040626,36.06348419013205],[-0.2770809199233222,36.0661409177046],[-0.27672668958031543,36.0641725374405],[-0.29148954156105583,36.06151580986795],[-0.2918437719040626,36.06348419013205]]],[[[-0.271982854091572,36.066042303430066],[-0.27743515026632887,36.0681092979687],[-0.27637245923730874,36.0622041571764],[-0.271982854091572,36.066042303430066]]]]},"properties":{"speed":0.3101,"dir_deg":79.8,"type":"متوسط"}},{"type":"Feature","geometry":{"type":"MultiPolygon","coordinates":[[[[-0.25023252261141576,36.06347259099069],[-0.2356436577509962,36.06696043016193],[-0.2351786125281646,36.06501524818054],[-0.2497674773885842,36.06152740900931],[-0.25023252261141576,36.06347259099069]]],[[[-0.2305481801861072,36.06715045222832],[-0.23610870297382777,36.06890561214332],[-0.23471356730533302,36.06307006619915],[-0.2305481801861072,36.06715045222832]]]]},"properties":{"speed":0.3632,"dir_deg":76.6,"type":"متوسط"}},{"type":"Feature","geometry":{"type":"MultiPolygon","coordinates":[[[[-0.20864474897510593,36.06345027217385],[-0.19439066636731933,36.06812158130625],[-0.19376782514966667,36.066221036958545],[-0.20802190775745327,36.06154972782615],[-0.20864474897510593,36.06345027217385]]],[[[-0.1893278848892308,36.068728412176526],[-0.19501350758497196,36.070022125653956],[-0.19314498393201404,36.06432049261084],[-0.1893278848892308,36.068728412176526]]]]},"properties":{"speed":0.4121,"dir_deg":71.9,"type":"قوي"}},{"type":"Feature","geometry":{"type":"MultiPolygon","coordinates":[[[[-0.16706846590859678,36.06341572996057],[-0.1533325165001202,36.069442644083715],[-0.15252892795036743,36.06761118416258],[-0.16626487735884402,36.06158427003943],[-0.16706846590859678,36.06341572996057]]],[[[-0.1483520724224183,36.07053588549753],[-0.15413610504987293,36.07127410400484],[-0.1517253394006147,36.06577972424145],[-0.1483520724224183,36.07053588549753]]]]},"properties":{"speed":0.4639,"dir_deg":66.3,"type":"قوي"}},{"type":"Feature","geometry":{"type":"MultiPolygon","coordinates":[[[[-0.1254244982150203,36.06340542877436],[-0.11184306659957456,36.06977290199966],[-0.11099407016953396,36.067962044450944],[-0.1245755017849797,36.06159457122564],[-0.1254244982150203,36.06340542877436]]],[[[-0.106891424512739,36.07098996430041],[-0.11269206302961518,36.07158375954839],[-0.11014507373949334,36.06615118690222],[-0.106891424512739,36.07098996430041]]]]},"properties":{"speed":0.5026,"dir_deg":64.9,"type":"قوي"}},{"type":"Feature","geometry":{"type":"MultiPolygon","coordinates":[[[[-0.08374112320934073,36.06341307690943],[-0.07004496956789322,36.069529887796634],[-0.06922939478293216,36.06770373397778],[-0.08292554842437967,36.06158692309057],[-0.08374112320934073,36.06341307690943]]],[[[-0.06507179762826353,36.070655747849614],[-0.07086054435285426,36.071356041615495],[-0.06841381999797112,36.06587758015892],[-0.06507179762826353,36.070655747849614]]]]},"properties":{"speed":0.512,"dir_deg":65.9,"type":"قوي"}},{"type":"Feature","geometry":{"type":"MultiPolygon","coordinates":[[[[-0.04211777183046952,36.06339247142897],[-0.028730700395979174,36.07015903025956],[-0.027828492551900338,36.06837408740162],[-0.04121556398639068,36.06160752857103],[-0.04211777183046952,36.06339247142897]]],[[[-0.02381723932910964,36.071522078440786],[-0.029632908240058008,36.07194397311749],[-0.026926284707821505,36.06658914454369],[-0.02381723932910964,36.071522078440786]]]]},"properties":{"speed":0.4879,"dir_deg":63.2,"type":"قوي"}},{"type":"Feature","geometry":{"type":"MultiPolygon","coordinates":[[[[-0.00053374865562155,36.063345643170976],[0.012150898909052537,36.0713518730053],[0.013218396220295638,36.069660586663346],[0.00053374865562155,36.061654356829024],[-0.00053374865562155,36.063345643170976]]],[[[0.016912863419565452,36.07317497311243],[0.011083401597809437,36.07304315934726],[0.014285893531538738,36.06796930032139],[0.016912863419565452,36.07317497311243]]]]},"properties":{"speed":0.4145,"dir_deg":57.7,"type":"قوي"}},{"type":"Feature","geometry":{"type":"MultiPolygon","coordinates":[[[[0.04105244662747216,36.06328913384037],[0.052889454233034316,36.07250245305474],[0.0541178967949502,36.070924185374],[0.04228088918938804,36.06171086615963],[0.04105244662747216,36.06328913384037]]],[[[0.05744934471584631,36.07478442561916],[0.05166101167111843,36.07408072073548],[0.05534633935686609,36.069345917693255],[0.05744934471584631,36.07478442561916]]]]},"properties":{"speed":0.3107,"dir_deg":52.1,"type":"متوسط"}},{"type":"Feature","geometry":{"type":"MultiPolygon","coordinates":[[[[0.08262793309714957,36.06320880674589],[0.09326003428555961,36.07378984754155],[0.09467083972498087,36.072372234049766],[0.08403873853657083,36.06179119325411],[0.08262793309714957,36.06320880674589]]],[[[0.09750947073474026,36.076608054394214],[0.09184922884613834,36.07520746103334],[0.09608164516440214,36.07095462055798],[0.09750947073474026,36.076608054394214]]]]},"properties":{"speed":0.2023,"dir_deg":45.1,"type":"متوسط"}},{"type":"Feature","geometry":{"type":"MultiPolygon","coordinates":[[[[0.12423243390787421,36.06314096980757],[0.13384698102145248,36.07465446118945],[0.1353821132057041,36.07337252157431],[0.1257675660921258,36.06185903019243],[0.12423243390787421,36.06314096980757]]],[[[0.1378193961514377,36.077851321842516],[0.1323118488372009,36.0759364008046],[0.13691724538995567,36.072090581959166],[0.1378193961514377,36.077851321842516]]]]},"properties":{"speed":0.1474,"dir_deg":39.9,"type":"ضعيف"}},{"type":"Feature","geometry":{"type":"MultiPolygon","coordinates":[[[[-0.416149278007198,36.10502369477172],[-0.4033129299177952,36.0972630138913],[-0.40434768736851767,36.09555150081271],[-0.41718403545792043,36.10331218169313],[-0.416149278007198,36.10502369477172]]],[[[-0.39955152594668886,36.0938203637252],[-0.4022781724670728,36.09897452696988],[-0.4053824448192401,36.09383998773413],[-0.39955152594668886,36.0938203637252]]]]},"properties":{"speed":0.2072,"dir_deg":121.2,"type":"متوسط"}},{"type":"Feature","geometry":{"type":"MultiPolygon","coordinates":[[[[-0.3746670287077173,36.10511087519665],[-0.36052297424423324,36.10011630581241],[-0.36118891682879867,36.098230431883955],[-0.3753329712922827,36.10322500126819],[-0.3746670287077173,36.10511087519665]]],[[[-0.3561412607153546,36.09750851238677],[-0.35985703165966776,36.10200217974088],[-0.36185485941336415,36.09634455795549],[-0.3561412607153546,36.09750851238677]]]]},"properties":{"speed":0.1926,"dir_deg":109.4,"type":"متوسط"}},{"type":"Feature","geometry":{"type":"MultiPolygon","coordinates":[[[[-0.333180173193741,36.105156138074825],[-0.31835717555771514,36.102858586969326],[-0.31866351570511475,36.10088218728452],[-0.3334865133411406,36.10317973839002],[-0.333180173193741,36.105156138074825]]],[[[-0.3135693464194063,36.10110453675843],[-0.3180508354103155,36.104834986654126],[-0.3189698558525144,36.09890578759972],[-0.3135693464194063,36.10110453675843]]]]},"properties":{"speed":0.1965,"dir_deg":98.8,"type":"متوسط"}},{"type":"Feature","geometry":{"type":"MultiPolygon","coordinates":[[[[-0.29165838235251457,36.10516790399915],[-0.27665889585154235,36.10504378829848],[-0.2766754446116316,36.10304385676502],[-0.29167493111260384,36.10316797246569],[-0.29165838235251457,36.10516790399915]]],[[[-0.2716673413979296,36.104002450631526],[-0.27664234709145313,36.10704371983194],[-0.27669199337172085,36.10104392523156],[-0.2716673413979296,36.104002450631526]]]]},"properties":{"speed":0.2187,"dir_deg":90.5,"type":"متوسط"}},{"type":"Feature","geometry":{"type":"MultiPolygon","coordinates":[[[[-0.2501178460184011,36.105160970113054],[-0.2352223678089552,36.10692866038907],[-0.23498667577215301,36.10494259662781],[-0.2498821539815989,36.10317490635179],[-0.2501178460184011,36.105160970113054]]],[[[-0.23013936238740546,36.106524858600444],[-0.23545805984575735,36.10891472415033],[-0.23475098373535086,36.10295653286655],[-0.23013936238740546,36.106524858600444]]]]},"properties":{"speed":0.2478,"dir_deg":83.2,"type":"متوسط"}},{"type":"Feature","geometry":{"type":"MultiPolygon","coordinates":[[[[-0.2085993652282886,36.10513190108858],[-0.19413992238591768,36.10912245401872],[-0.1936078486618997,36.107194528306394],[-0.2080672915042706,36.10320397537626],[-0.2085993652282886,36.10513190108858]]],[[[-0.18905407124311838,36.109488675472605],[-0.19467199610993569,36.11105037973103],[-0.1930757749378817,36.10526660259408],[-0.18905407124311838,36.109488675472605]]]]},"properties":{"speed":0.2881,"dir_deg":74.6,"type":"متوسط"}},{"type":"Feature","geometry":{"type":"MultiPolygon","coordinates":[[[[-0.1670584426246115,36.105088000996965],[-0.1532575011564853,36.11096456586033],[-0.15247395917470308,36.10912444033124],[-0.1662749006428293,36.10324787546788],[-0.1670584426246115,36.105088000996965]]],[[[-0.14826541634288543,36.112003358050245],[-0.1540410431382675,36.112804691389414],[-0.15169041719292087,36.10728431480216],[-0.14826541634288543,36.112003358050245]]]]},"properties":{"speed":0.349,"dir_deg":66.9,"type":"متوسط"}},{"type":"Feature","geometry":{"type":"MultiPolygon","coordinates":[[[[-0.12545989238126648,36.1050559128929],[-0.11214027247407932,36.1119542986119],[-0.11122048771154636,36.11017834929094],[-0.12454010761873352,36.10327996357194],[-0.12545989238126648,36.1050559128929]]],[[[-0.1072405067904171,36.11336578585775],[-0.11306005723661226,36.11373024793286],[-0.11030070294901341,36.10840239996998],[-0.1072405067904171,36.11336578585775]]]]},"properties":{"speed":0.412,"dir_deg":62.6,"type":"قوي"}},{"type":"Feature","geometry":{"type":"MultiPolygon","coordinates":[[[[-0.08383087130136907,36.1050353818569],[-0.07081921693413856,36.11249841412453],[-0.06982414596512082,36.11076352687557],[-0.08283580033235133,36.10330049460794],[-0.08383087130136907,36.1050353818569]]],[[[-0.06598446332721952,36.1141186479226],[-0.07181428790315629,36.114233301373496],[-0.06882907499610309,36.10902863962661],[-0.06598446332721952,36.1141186479226]]]]},"properties":{"speed":0.4667,"dir_deg":60.2,"type":"قوي"}},{"type":"Feature","geometry":{"type":"MultiPolygon","coordinates":[[[[-0.04219356822453954,36.10501786532158],[-0.029444661887176753,36.11292137006322],[-0.028390861254957878,36.11122151588491],[-0.04113976759232066,36.103318011143266],[-0.04219356822453954,36.10501786532158]]],[[[-0.02466812612527972,36.11470594455461],[-0.03049846251939563,36.11462122424154],[-0.027337060622739,36.10952166170659],[-0.02466812612527972,36.11470594455461]]]]},"properties":{"speed":0.5157,"dir_deg":58.2,"type":"قوي"}},{"type":"Feature","geometry":{"type":"MultiPolygon","coordinates":[[[[-0.0005815116076629736,36.104981476338565],[0.01162155998454181,36.11370415045351],[0.012784583199867756,36.11207707424122],[0.0005815116076629736,36.10335440012628],[-0.0005815116076629736,36.104981476338565]]],[[[0.01627076212293971,36.11579817038568],[0.010458536769215862,36.1153312266658],[0.013947606415193704,36.110449998028926],[0.01627076212293971,36.11579817038568]]]]},"properties":{"speed":0.5245,"dir_deg":54.4,"type":"قوي"}},{"type":"Feature","geometry":{"type":"MultiPolygon","coordinates":[[[[0.04101549332429901,36.104926866200664],[0.05239941284794652,36.114694484962634],[0.053701762016208694,36.11317662902615],[0.04231784249256119,36.10340901026418],[0.04101549332429901,36.104926866200664]]],[[[0.05684522727329344,36.117191429915046],[0.051097063679684335,36.11621234089912],[0.05500411118447088,36.111658773089665],[0.05684522727329344,36.117191429915046]]]]},"properties":{"speed":0.4605,"dir_deg":49.4,"type":"قوي"}},{"type":"Feature","geometry":{"type":"MultiPolygon","coordinates":[[[[0.0826228651764163,36.10487166507507],[0.09317876781617793,36.11552872468173],[0.09459970909706572,36.11412127099643],[0.0840438064573041,36.10346421138977],[0.0826228651764163,36.10487166507507]]],[[[0.0974078726698757,36.1183773510413],[0.09175782653529012,36.116936178367034],[0.09602065037795353,36.112713817311125],[0.0974078726698757,36.1183773510413]]]]},"properties":{"speed":0.3438,"dir_deg":44.7,"type":"متوسط"}},{"type":"Feature","geometry":{"type":"MultiPolygon","coordinates":[[[[0.1242071076383623,36.10477729995001],[0.13334753340211825,36.11667068537457],[0.13493331812539366,36.1154519619394],[0.1257928923616377,36.103558576514835],[0.1242071076383623,36.10477729995001]]],[[[0.13718723435167463,36.120025785465174],[0.13176174867884285,36.11788940880974],[0.13651910284866905,36.114233238504234],[0.13718723435167463,36.120025785465174]]]]},"properties":{"speed":0.2006,"dir_deg":37.5,"type":"متوسط"}},{"type":"Feature","geometry":{"type":"MultiPolygon","coordinates":[[[[0.16579625161193076,36.10466024807964],[0.17318089932019928,36.117716548406484],[0.17492173936377856,36.11673192871205],[0.16753709165551003,36.103675628385204],[0.16579625161193076,36.10466024807964]]],[[[0.17651286857807844,36.12157633866821],[0.17144005927661998,36.11870116810092],[0.17666257940735786,36.115747309017614],[0.17651286857807844,36.12157633866821]]]]},"properties":{"speed":0.1214,"dir_deg":29.5,"type":"ضعيف"}},{"type":"Feature","geometry":{"type":"MultiPolygon","coordinates":[[[[-0.4161445376905856,36.146684934387615],[-0.4033514483900321,36.13885314875801],[-0.4043956864739793,36.137147403517936],[-0.4171887757745328,36.14497918914754],[-0.4161445376905856,36.146684934387615]]],[[[-0.3996092043318212,36.13538968092811],[-0.402307210306085,36.14055889399808],[-0.4054399245579264,36.13544165827786],[-0.3996092043318212,36.13538968092811]]]]},"properties":{"speed":0.2501,"dir_deg":121.5,"type":"متوسط"}},{"type":"Feature","geometry":{"type":"MultiPolygon","coordinates":[[[[-0.37458368593741387,36.146741282643546],[-0.3609453727979186,36.14049657170475],[-0.36177800092309087,36.138678129952815],[-0.37541631406258613,36.14492284089161],[-0.37458368593741387,36.146741282643546]]],[[[-0.35681558248067297,36.13750578051585],[-0.3601127446727463,36.14231501345668],[-0.3626106290482632,36.136859688200886],[-0.35681558248067297,36.13750578051585]]]]},"properties":{"speed":0.2148,"dir_deg":114.6,"type":"متوسط"}},{"type":"Feature","geometry":{"type":"MultiPolygon","coordinates":[[[[-0.33304256954619843,36.146788853616954],[-0.3186906918055388,36.14242724779832],[-0.3192722392480235,36.140513664099565],[-0.33362411698868316,36.1448752699182],[-0.33304256954619843,36.146788853616954]]],[[[-0.31419750627989457,36.14001658734273],[-0.318109144363054,36.144340831497075],[-0.3198537866905083,36.138600080400806],[-0.31419750627989457,36.14001658734273]]]]},"properties":{"speed":0.1934,"dir_deg":106.9,"type":"متوسط"}},{"type":"Feature","geometry":{"type":"MultiPolygon","coordinates":[[[[-0.29150755713130067,36.14681932430454],[-0.2766986190769411,36.14443283028566],[-0.2770168182794582,36.14245830521174],[-0.29182575633381774,36.14484479923062],[-0.29150755713130067,36.14681932430454]]],[[[-0.27192140599341313,36.14265006974241],[-0.276380419874424,36.14640735535957],[-0.27733501748197525,36.14048378013783],[-0.27192140599341313,36.14265006974241]]]]},"properties":{"speed":0.1945,"dir_deg":99.2,"type":"متوسط"}},{"type":"Feature","geometry":{"type":"MultiPolygon","coordinates":[[[[-0.24997779597001085,36.14683181522771],[-0.23498149406798333,36.14649875477787],[-0.23502590212796162,36.1444992478576],[-0.25002220402998915,36.14483230830744],[-0.24997779597001085,36.14683181522771]]],[[[-0.23000493079729664,36.145387981167794],[-0.23493708600800503,36.148498261698144],[-0.23507031018793992,36.14249974093733],[-0.23000493079729664,36.145387981167794]]]]},"properties":{"speed":0.2054,"dir_deg":91.3,"type":"متوسط"}},{"type":"Feature","geometry":{"type":"MultiPolygon","coordinates":[[[[-0.20847675175735061,36.14682172318993],[-0.19363183042205612,36.148973074055995],[-0.1933449836399141,36.14699375121129],[-0.2081899049752086,36.144842400345226],[-0.20847675175735061,36.14682172318993]]],[[[-0.18854009991922027,36.148700529589],[-0.19391867720419811,36.1509523969007],[-0.1930581368577721,36.145014428366586],[-0.18854009991922027,36.148700529589]]]]},"properties":{"speed":0.2229,"dir_deg":81.8,"type":"متوسط"}},{"type":"Feature","geometry":{"type":"MultiPolygon","coordinates":[[[[-0.16697252880018754,36.1467841391771],[-0.15269136765736877,36.15137199667411],[-0.1520796533244345,36.14946784185506],[-0.16636081446725326,36.144879984358056],[-0.16697252880018754,36.1467841391771]]],[[[-0.14762512344329537,36.15194920509692],[-0.15330308199030304,36.15327615149315],[-0.1514679389915002,36.14756368703602],[-0.14762512344329537,36.15194920509692]]]]},"properties":{"speed":0.254,"dir_deg":72.2,"type":"متوسط"}},{"type":"Feature","geometry":{"type":"MultiPolygon","coordinates":[[[[-0.12543384652246456,36.14673304855713],[-0.11191904467919953,36.1532407463941],[-0.11105135163427043,36.15143877281499],[-0.12456615347753545,36.144931074978025],[-0.12543384652246456,36.14673304855713]]],[[[-0.10698026420897998,36.15450899221687],[-0.11278673772412862,36.155042719973196],[-0.11018365858934134,36.14963679923589],[-0.10698026420897998,36.15450899221687]]]]},"properties":{"speed":0.2892,"dir_deg":64.3,"type":"متوسط"}},{"type":"Feature","geometry":{"type":"MultiPolygon","coordinates":[[[[-0.08389180181224275,36.146661589182436],[-0.07144889058936932,36.155038579113175],[-0.07033195859860422,36.15337952428346],[-0.08277486982147765,36.14500253435272],[-0.08389180181224275,36.146661589182436]]],[[[-0.06674278751969562,36.15700138167523],[-0.07256582258013443,36.15669763394289],[-0.06921502660783911,36.15172046945374],[-0.06674278751969562,36.15700138167523]]]]},"properties":{"speed":0.3425,"dir_deg":56.1,"type":"متوسط"}},{"type":"Feature","geometry":{"type":"MultiPolygon","coordinates":[[[[-0.04226232358723104,36.14663530165224],[-0.03021372531729759,36.15557013683425],[-0.029022413959695712,36.15396365706493],[-0.04107101222962916,36.14502882188292],[-0.04226232358723104,36.14663530165224]]],[[[-0.025601870215185504,36.1577451753436],[-0.03140503667489947,36.15717661660358],[-0.027831102602093833,36.1523571772956],[-0.025601870215185504,36.1577451753436]]]]},"properties":{"speed":0.4105,"dir_deg":53.4,"type":"قوي"}},{"type":"Feature","geometry":{"type":"MultiPolygon","coordinates":[[[[-0.000629907420270711,36.146608731994824],[0.01102014598839558,36.15605734329888],[0.012279960828937002,36.15450400284439],[0.000629907420270711,36.14505539154033],[-0.000629907420270711,36.146608731994824]]],[[[0.015533404544888387,36.158430210172995],[0.009760331147854157,36.15761068375337],[0.013539775669478425,36.152950662389905],[0.015533404544888387,36.158430210172995]]]]},"properties":{"speed":0.4762,"dir_deg":51.0,"type":"قوي"}},{"type":"Feature","geometry":{"type":"MultiPolygon","coordinates":[[[[0.040969217218208294,36.14654869454293],[0.051718708848492674,36.15701045489626],[0.053113610228936285,36.15557718934556],[0.042364118598651905,36.14511542899223],[0.040969217218208294,36.14654869454293]]],[[[0.05599932341547595,36.15978107557201],[0.05032380746804907,36.15844372044697],[0.05450851160937989,36.15414392379485],[0.05599932341547595,36.15978107557201]]]]},"properties":{"speed":0.5208,"dir_deg":45.8,"type":"قوي"}},{"type":"Feature","geometry":{"type":"MultiPolygon","coordinates":[[[[0.0826055149902449,36.14651782910738],[0.09289202508733956,36.15743514150661],[0.09434766674057014,36.156063606827004],[0.0840611566434755,36.145146294427775],[0.0826055149902449,36.14651782910738]]],[[[0.0970486826129864,36.160388478299886],[0.09143638343410895,36.158806676186224],[0.09580330839380075,36.15469207214739],[0.0970486826129864,36.160388478299886]]]]},"properties":{"speed":0.4701,"dir_deg":43.3,"type":"قوي"}},{"type":"Feature","geometry":{"type":"MultiPolygon","coordinates":[[[[0.12423085368893268,36.14647113449597],[0.13381694461477908,36.15800832916198],[0.1353552372369137,36.1567301837052],[0.1257691463110673,36.14519298903919],[0.12423085368893268,36.14647113449597]]],[[[0.13778145456779517,36.16121498798893],[0.13227865199264444,36.15928647461876],[0.13689352985904835,36.15545203824842],[0.13778145456779517,36.16121498798893]]]]},"properties":{"speed":0.3419,"dir_deg":39.7,"type":"متوسط"}},{"type":"Feature","geometry":{"type":"MultiPolygon","coordinates":[[[[0.16586789451867853,36.146433688828544],[0.17489230043315365,36.158415345554175],[0.17648985466323738,36.15721209143224],[0.16746544874876226,36.14523043470661],[0.16586789451867853,36.146433688828544]]],[[[0.17869921285302054,36.161807604068414],[0.17329474620306992,36.1596185996761],[0.17808740889332111,36.15600883731032],[0.17869921285302054,36.161807604068414]]]]},"properties":{"speed":0.1944,"dir_deg":37.0,"type":"متوسط"}},{"type":"Feature","geometry":{"type":"MultiPolygon","coordinates":[[[[0.2074521971600175,36.146304933629025],[0.2145452750817662,36.159521901722954],[0.2163075374942904,36.15857615800006],[0.2092144595725417,36.14535918990613],[0.2074521971600175,36.146304933629025]]],[[[0.21779076559527788,36.16345468589282],[0.21278301266924202,36.160467645445856],[0.2180697999068146,36.15763041427716],[0.21779076559527788,36.16345468589282]]]]},"properties":{"speed":0.081,"dir_deg":28.2,"type":"ضعيف"}},{"type":"Feature","geometry":{"type":"MultiPolygon","coordinates":[[[[0.24900133917289724,36.14588379717528],[0.24977737028847624,36.16086370958182],[0.25177469194268176,36.160760238766414],[0.25099866082710276,36.145780326359876],[0.24900133917289724,36.14588379717528]]],[[[0.25103470815410533,36.165805278309634],[0.24778004863427072,36.16096718039723],[0.2537720135968873,36.160656767951004],[0.25103470815410533,36.165805278309634]]]]},"properties":{"speed":0.0288,"dir_deg":3.0,"type":"ضعيف"}},{"type":"Feature","geometry":{"type":"MultiPolygon","coordinates":[[[[-0.41617271575277853,36.18836949543328],[-0.4031302842535913,36.180960380736565],[-0.40411816621315266,36.17922138987001],[-0.4171605977123399,36.18663050456672],[-0.41617271575277853,36.18836949543328]]],[[[-0.3992767480669762,36.17762118040439],[-0.4021424022940299,36.18269937160312],[-0.40510604817271406,36.17748239900345],[-0.3992767480669762,36.17762118040439]]]]},"properties":{"speed":0.2131,"dir_deg":119.6,"type":"متوسط"}},{"type":"Feature","geometry":{"type":"MultiPolygon","coordinates":[[[[-0.3746060458710913,36.188419130101956],[-0.36081909434179904,36.18250981816833],[-0.3616070025996164,36.180671557964416],[-0.3753939541289087,36.186580869898044],[-0.3746060458710913,36.188419130101956]]],[[[-0.3566173979609436,36.17962091742183],[-0.36003118608398166,36.18434807837223],[-0.3623949108574338,36.17883329776051],[-0.3566173979609436,36.17962091742183]]]]},"properties":{"speed":0.1872,"dir_deg":113.2,"type":"متوسط"}},{"type":"Feature","geometry":{"type":"MultiPolygon","coordinates":[[[[-0.333057335467139,36.18846115539544],[-0.3186400045356237,36.18432103839091],[-0.3191920201362273,36.18239872760004],[-0.3336093510677426,36.18653884460456],[-0.333057335467139,36.18846115539544]]],[[[-0.31411023535875365,36.181979843993965],[-0.31808798893502016,36.18624334918178],[-0.3197440357368308,36.18047641680917],[-0.31411023535875365,36.181979843993965]]]]},"properties":{"speed":0.1765,"dir_deg":106.0,"type":"ضعيف"}},{"type":"Feature","geometry":{"type":"MultiPolygon","coordinates":[[[[-0.2915256199421535,36.18849000435542],[-0.2766755546108423,36.18637445249934],[-0.27695762819165376,36.18439444378849],[-0.29180769352296493,36.18650999564458],[-0.2915256199421535,36.18849000435542]]],[[[-0.2718665696241443,36.184679264191885],[-0.2763934810300308,36.188354461210174],[-0.27723970177246526,36.18241443507765],[-0.2718665696241443,36.184679264191885]]]]},"properties":{"speed":0.1839,"dir_deg":98.1,"type":"ضعيف"}},{"type":"Feature","geometry":{"type":"MultiPolygon","coordinates":[[[[-0.2500088700019852,36.18849996066076],[-0.23500946009060614,36.18863301069054],[-0.23499172008663577,36.186633089369025],[-0.24999112999801482,36.18650003933924],[-0.2500088700019852,36.18849996066076]]],[[[-0.23000078678482794,36.1876774000397],[-0.23502720009457653,36.19063293201206],[-0.23497398008266537,36.184633168047505],[-0.23000078678482794,36.1876774000397]]]]},"properties":{"speed":0.2036,"dir_deg":89.5,"type":"متوسط"}},{"type":"Feature","geometry":{"type":"MultiPolygon","coordinates":[[[[-0.20847148878689883,36.18849040986373],[-0.193615340830944,36.19056281617302],[-0.19333901998970554,36.188581996445556],[-0.20819516794566037,36.18650959013627],[-0.20847148878689883,36.18849040986373]]],[[[-0.18852513109167318,36.19026320841238],[-0.1938916616721825,36.19254363590048],[-0.19306269914846705,36.1866011767181],[-0.18852513109167318,36.19026320841238]]]]},"properties":{"speed":0.227,"dir_deg":82.1,"type":"متوسط"}},{"type":"Feature","geometry":{"type":"MultiPolygon","coordinates":[[[[-0.16692745760383296,36.18846539664273],[-0.15244650796289771,36.19237718619441],[-0.1519249360226726,36.19044639290896],[-0.16640588566360784,36.18653460335727],[-0.16692745760383296,36.18846539664273]]],[[[-0.14735873877914007,36.19271571940225],[-0.1529680799031228,36.19430797947987],[-0.1514033640824475,36.1885155996235],[-0.14735873877914007,36.19271571940225]]]]},"properties":{"speed":0.2515,"dir_deg":74.9,"type":"متوسط"}},{"type":"Feature","geometry":{"type":"MultiPolygon","coordinates":[[[[-0.12535849505441085,36.188433531625584],[-0.11135552067067123,36.19381095744175],[-0.11063853056184955,36.19194389419058],[-0.12464150494558916,36.186566468374416],[-0.12535849505441085,36.188433531625584]]],[[[-0.10632936748834718,36.19466990108822],[-0.11207251077949291,36.19567802069291],[-0.10992154045302786,36.19007683093942],[-0.10632936748834718,36.19466990108822]]]]},"properties":{"speed":0.2705,"dir_deg":69.0,"type":"متوسط"}},{"type":"Feature","geometry":{"type":"MultiPolygon","coordinates":[[[[-0.08385772099008368,36.18835148117425],[-0.07108550337632287,36.196217258772606],[-0.07003673302987591,36.1945142964241],[-0.08280895064363672,36.18664851882575],[-0.08385772099008368,36.18835148117425]]],[[[-0.06630371233184579,36.19798770346447],[-0.07213427372276981,36.19792022112111],[-0.06898796268342897,36.1928113340756],[-0.06630371233184579,36.19798770346447]]]]},"properties":{"speed":0.2893,"dir_deg":58.4,"type":"متوسط"}},{"type":"Feature","geometry":{"type":"MultiPolygon","coordinates":[[[[-0.04228361118302072,36.18828700762127],[-0.030478496863967492,36.19754115674013],[-0.029244610314786253,36.19596714149759],[-0.04104972463383948,36.18671299237873],[-0.04228361118302072,36.18828700762127]]],[[[-0.025926515483025797,36.19983886549181],[-0.031712383413148734,36.19911517198267],[-0.02801072376560501,36.19439312625505],[-0.025926515483025797,36.19983886549181]]]]},"properties":{"speed":0.3353,"dir_deg":51.9,"type":"متوسط"}},{"type":"Feature","geometry":{"type":"MultiPolygon","coordinates":[[[[-0.0006361243707305015,36.188271586537574],[0.010937673692853154,36.19781345209853],[0.012209922434314157,36.19627027902338],[0.0006361243707305015,36.186728413462426],[-0.0006361243707305015,36.188271586537574]]],[[[0.015431730751444874,36.20022248741461],[0.009665424951392151,36.19935662517367],[0.01348217117577516,36.19472710594824],[0.015431730751444874,36.20022248741461]]]]},"properties":{"speed":0.3711,"dir_deg":50.5,"type":"متوسط"}},{"type":"Feature","geometry":{"type":"MultiPolygon","coordinates":[[[[0.04090987522689008,36.18815365498328],[0.050714699976098045,36.199505545206385],[0.05222828533917808,36.19819823523982],[0.04242346058997012,36.18684634501672],[0.04090987522689008,36.18815365498328]]],[[[0.05473976757404071,36.2026358536308],[0.049201114613018015,36.20081285517295],[0.05374187070225811,36.19689092527326],[0.05473976757404071,36.2026358536308]]]]},"properties":{"speed":0.4648,"dir_deg":40.8,"type":"قوي"}},{"type":"Feature","geometry":{"type":"MultiPolygon","coordinates":[[[[0.08253340382396046,36.18810009066543],[0.09153476380540101,36.20009907055893],[0.09313462779120049,36.19889888922807],[0.08413326780975994,36.18689990933457],[0.08253340382396046,36.18810009066543]]],[[[0.09533514912544759,36.203498639858],[0.08993489981960155,36.201299251889786],[0.09473449177699995,36.19769870789721],[0.09533514912544759,36.203498639858]]]]},"properties":{"speed":0.5099,"dir_deg":36.9,"type":"قوي"}},{"type":"Feature","geometry":{"type":"MultiPolygon","coordinates":[[[[0.12416359336873127,36.18804810942992],[0.132385234817565,36.200594208898956],[0.1340580480801025,36.19949799003911],[0.12583640663126874,36.18695189057008],[0.12416359336873127,36.18804810942992]]],[[[0.135962188598445,36.204228132625374],[0.13071242155502755,36.2016904277588],[0.13573086134263995,36.19840177117927],[0.135962188598445,36.204228132625374]]]]},"properties":{"speed":0.44,"dir_deg":33.2,"type":"قوي"}},{"type":"Feature","geometry":{"type":"MultiPolygon","coordinates":[[[[0.16581247452133258,36.188019949317905],[0.1736117142898848,36.200832906003725],[0.17532010851466046,36.199793007367916],[0.16752086874610822,36.186980050682095],[0.16581247452133258,36.188019949317905]]],[[[0.17706565799179005,36.20458394224776],[0.17190332006510914,36.20187280463953],[0.17702850273943613,36.19875310873211],[0.17706565799179005,36.20458394224776]]]]},"properties":{"speed":0.3098,"dir_deg":31.3,"type":"متوسط"}},{"type":"Feature","geometry":{"type":"MultiPolygon","coordinates":[[[[0.20750730874053386,36.188063641355726],[0.21596192907640044,36.20045393574191],[0.21761396832789193,36.19932665303046],[0.20915934799202535,36.186936358644274],[0.20750730874053386,36.188063641355726]]],[[[0.21960615548076837,36.20402039251491],[0.21430988982490898,36.20158121845336],[0.2192660075793834,36.19819937031901],[0.21960615548076837,36.20402039251491]]]]},"properties":{"speed":0.1559,"dir_deg":34.3,"type":"ضعيف"}},{"type":"Feature","geometry":{"type":"MultiPolygon","coordinates":[[[[0.2490640581539882,36.18785215459799],[0.25434637712380687,36.201891282288166],[0.2562182608158305,36.201186973092184],[0.2509359418460118,36.18714784540201],[0.2490640581539882,36.18785215459799]]],[[[0.2570430919597582,36.206218836920236],[0.2524744934317833,36.20259559148414],[0.25809014450785406,36.20048266389621],[0.2570430919597582,36.206218836920236]]]]},"properties":{"speed":0.0638,"dir_deg":20.6,"type":"ضعيف"}},{"type":"Feature","geometry":{"type":"MultiPolygon","coordinates":[[[[0.29067030229993535,36.187414689715794],[0.2893906480368921,36.202360006205154],[0.2913833569021398,36.202530626773566],[0.29266301116518306,36.187585310284206],[0.29067030229993535,36.187414689715794]]],[[[0.2899604510485015,36.20742708865248],[0.28739793917164436,36.20218938563675],[0.2933760657673875,36.20270124734197],[0.2899604510485015,36.20742708865248]]]]},"properties":{"speed":0.0388,"dir_deg":355.1,"type":"ضعيف"}},{"type":"Feature","geometry":{"type":"MultiPolygon","coordinates":[[[[-0.4161831976288981,36.23004330518124],[-0.4030526933965916,36.22279141862632],[-0.4040196116039138,36.221040684728685],[-0.4171501158362203,36.2282925712836],[-0.4161831976288981,36.23004330518124]]],[[[-0.39915931775615054,36.2194987561592],[-0.40208577518926936,36.224542152523966],[-0.40498652981123606,36.21928995083104],[-0.39915931775615054,36.2194987561592]]]]},"properties":{"speed":0.1496,"dir_deg":118.9,"type":"ضعيف"}},{"type":"Feature","geometry":{"type":"MultiPolygon","coordinates":[[[[-0.3746346514622438,36.23009880903224],[-0.3606715894649288,36.224618580965895],[-0.3614022865404412,36.222756839366255],[-0.3753653485377562,36.2282370674326],[-0.3746346514622438,36.23009880903224]]],[[[-0.35638258400357997,36.2218609674773],[-0.35994089238941634,36.226480322565536],[-0.36213298361595364,36.220895097766615],[-0.35638258400357997,36.2218609674773]]]]},"properties":{"speed":0.143,"dir_deg":111.4,"type":"ضعيف"}},{"type":"Feature","geometry":{"type":"MultiPolygon","coordinates":[[[[-0.333062755482384,36.230130633537584],[-0.31862232590497647,36.22607181676173],[-0.31916350147509004,36.22414642615141],[-0.3336039310524976,36.22820524292726],[-0.333062755482384,36.230130633537584]]],[[[-0.31407943716423076,36.22375618253129],[-0.31808115033486295,36.22799720737205],[-0.31970467704520356,36.22222103554109],[-0.31407943716423076,36.22375618253129]]]]},"properties":{"speed":0.1491,"dir_deg":105.7,"type":"ضعيف"}},{"type":"Feature","geometry":{"type":"MultiPolygon","coordinates":[[[[-0.291502781291052,36.2301544192711],[-0.276705565710885,36.22769628764849],[-0.2770333165938994,36.22572332557113],[-0.2918305321740664,36.22818145719374],[-0.291502781291052,36.2301544192711]]],[[[-0.2719370359590032,36.22589042940228],[-0.27637781482787066,36.229669249725845],[-0.27736106747691375,36.22375036349378],[-0.2719370359590032,36.22589042940228]]]]},"properties":{"speed":0.1652,"dir_deg":99.4,"type":"ضعيف"}},{"type":"Feature","geometry":{"type":"MultiPolygon","coordinates":[[[[-0.24999403355532962,36.23016792043303],[-0.2349943005461708,36.230078423762976],[-0.23500623343551155,36.228078459361754],[-0.2500059664446704,36.22816795603181],[-0.24999403355532962,36.23016792043303]]],[[[-0.23000035598778823,36.22904860933902],[-0.23498236765683003,36.2320783881642],[-0.2350181663248523,36.22607849496053],[-0.23000035598778823,36.22904860933902]]]]},"properties":{"speed":0.1883,"dir_deg":90.3,"type":"متوسط"}},{"type":"Feature","geometry":{"type":"MultiPolygon","coordinates":[[[[-0.20847265041428442,36.2301581853566],[-0.19361894355163758,36.232248016076674],[-0.19334029945562795,36.23026752182832],[-0.20819400631827478,36.22817769110824],[-0.20847265041428442,36.2301581853566]]],[[[-0.18852838588275048,36.231954379192516],[-0.19389758764764722,36.234228510325025],[-0.1930616553596183,36.22828702757997],[-0.18852838588275048,36.231954379192516]]]]},"properties":{"speed":0.2181,"dir_deg":82.0,"type":"متوسط"}},{"type":"Feature","geometry":{"type":"MultiPolygon","coordinates":[[[[-0.16691608297642596,36.23013633586879],[-0.15239011843085426,36.23387750600938],[-0.15189129574544313,36.23194071073664],[-0.16641726029101483,36.22819954059605],[-0.16691608297642596,36.23013633586879]]],[[[-0.14729871890629145,36.23415616508653],[-0.1528889411162654,36.23581430128212],[-0.151392473060032,36.2300039154639],[-0.14729871890629145,36.23415616508653]]]]},"properties":{"speed":0.2506,"dir_deg":75.6,"type":"متوسط"}},{"type":"Feature","geometry":{"type":"MultiPolygon","coordinates":[[[[-0.12535144736375928,36.23010414587526],[-0.11130833272120233,36.23537585633165],[-0.11060543799368378,36.233503441045976],[-0.12464855263624072,36.228231730589584],[-0.12535144736375928,36.23010414587526]]],[[[-0.10627584714325741,36.23619688550761],[-0.11201122744872088,36.237248271617325],[-0.10990254326616522,36.2316310257603],[-0.10627584714325741,36.23619688550761]]]]},"properties":{"speed":0.2785,"dir_deg":69.4,"type":"متوسط"}},{"type":"Feature","geometry":{"type":"MultiPolygon","coordinates":[[[[-0.08381278254316575,36.23004550921909],[-0.07064921774320179,36.23723721011367],[-0.06969032429059069,36.235482068140335],[-0.08285388909055465,36.228290367245755],[-0.08381278254316575,36.23004550921909]]],[[[-0.06578191608357492,36.238756872758536],[-0.0716081111958129,36.238992352086996],[-0.06873143083797958,36.23372692616701],[-0.06578191608357492,36.238756872758536]]]]},"properties":{"speed":0.2865,"dir_deg":61.4,"type":"متوسط"}},{"type":"Feature","geometry":{"type":"MultiPolygon","coordinates":[[[[-0.042290857736027615,36.22994921094993],[-0.030571766973393706,36.23931205836389],[-0.029323387318198675,36.23774951292887],[-0.041042478080832584,36.22838666551491],[-0.042290857736027615,36.22994921094993]]],[[[-0.026041213558251553,36.24165173478437],[-0.03182014662858874,36.24087460379891],[-0.028075007663003644,36.23618696749386],[-0.026041213558251553,36.24165173478437]]]]},"properties":{"speed":0.324,"dir_deg":51.4,"type":"متوسط"}},{"type":"Feature","geometry":{"type":"MultiPolygon","coordinates":[[[[-0.0006316032771319167,36.229943229984165],[0.010997772998969492,36.23941727914114],[0.012260979553233324,36.237866695637656],[0.0006316032771319167,36.22839264648068],[-0.0006316032771319167,36.229943229984165]]],[[[0.01550583503480188,36.24180000377506],[0.009734566444705658,36.240967862644624],[0.013524186107497158,36.236316112134176],[0.01550583503480188,36.24180000377506]]]]},"properties":{"speed":0.3281,"dir_deg":50.8,"type":"متوسط"}},{"type":"Feature","geometry":{"type":"MultiPolygon","coordinates":[[[[0.0408738686375044,36.229777421059104],[0.050016111037727,36.24166941012299],[0.0516017095795784,36.24045044446962],[0.0424594671793558,36.22855845540574],[0.0408738686375044,36.229777421059104]]],[[[0.05385632444206024,36.24502392365093],[0.0484305124958756,36.24288837577635],[0.0531873081214298,36.23923147881626],[0.05385632444206024,36.24502392365093]]]]},"properties":{"speed":0.3953,"dir_deg":37.6,"type":"قوي"}},{"type":"Feature","geometry":{"type":"MultiPolygon","coordinates":[[[[0.0824717036340195,36.22967547146433],[0.09008470211267178,36.242599954206945],[0.09180796647835318,36.24158488774312],[0.0841949679997009,36.22866040500051],[0.0824717036340195,36.22967547146433]]],[[[0.09348400045506325,36.24640058188923],[0.08836143774699037,36.24361502067077],[0.09353123084403459,36.2405698212793],[0.09348400045506325,36.24640058188923]]]]},"properties":{"speed":0.489,"dir_deg":30.5,"type":"قوي"}},{"type":"Feature","geometry":{"type":"MultiPolygon","coordinates":[[[[0.12411332140631787,36.22963032451196],[0.13104911559940202,36.24293050341719],[0.1328224727867663,36.24200573085812],[0.12588667859368213,36.228705551952885],[0.12411332140631787,36.22963032451196]]],[[[0.13424772559077888,36.24690151010606],[0.12927575841203776,36.24385527597627],[0.13459582997413055,36.24108095829904],[0.13424772559077888,36.24690151010606]]]]},"properties":{"speed":0.5002,"dir_deg":27.5,"type":"قوي"}},{"type":"Feature","geometry":{"type":"MultiPolygon","coordinates":[[[[0.16576580275573358,36.22960202954157],[0.17227717239290055,36.24311506271137],[0.1740789101488742,36.24224688009308],[0.16756754051170722,36.22873384692328],[0.16576580275573358,36.22960202954157]]],[[[0.1753484978166097,36.24718531579216],[0.17047543463692688,36.24398324532966],[0.17588064790484786,36.24137869747479],[0.1753484978166097,36.24718531579216]]]]},"properties":{"speed":0.4193,"dir_deg":25.7,"type":"قوي"}},{"type":"Feature","geometry":{"type":"MultiPolygon","coordinates":[[[[0.2074347367829706,36.22960672424679],[0.2140165269985131,36.243085597996426],[0.21581371016513107,36.242208025967685],[0.2092319199495886,36.22872915221805],[0.2074347367829706,36.22960672424679]]],[[[0.21710904865366956,36.2471397698986],[0.21221934383189514,36.24396317002516],[0.21761089333174902,36.24133045393895],[0.21710904865366956,36.2471397698986]]]]},"properties":{"speed":0.2722,"dir_deg":26.0,"type":"متوسط"}},{"type":"Feature","geometry":{"type":"MultiPolygon","coordinates":[[[[0.24906835990863016,36.22953132059324],[0.25451909532087424,36.24350592196379],[0.25638237550361387,36.242779157242154],[0.2509316400913698,36.228804555871605],[0.24906835990863016,36.22953132059324]]],[[[0.2572676472163254,36.247800740059816],[0.25265581513813457,36.24423268668542],[0.25824565568635355,36.24205239252052],[0.2572676472163254,36.247800740059816]]]]},"properties":{"speed":0.1349,"dir_deg":21.3,"type":"ضعيف"}},{"type":"Feature","geometry":{"type":"MultiPolygon","coordinates":[[[[0.2906678920538865,36.22921762843906],[0.2914132451534625,36.24419909861915],[0.29341077451080794,36.244099718205874],[0.2926654214112319,36.229118248025785],[0.2906678920538865,36.22921762843906]]],[[[0.2926604608653272,36.249143231805874],[0.289415715796117,36.24429847903242],[0.2954083038681534,36.2440003377926],[0.2926604608653272,36.249143231805874]]]]},"properties":{"speed":0.0521,"dir_deg":2.8,"type":"ضعيف"}},{"type":"Feature","geometry":{"type":"MultiPolygon","coordinates":[[[[0.332388880967811,36.22949655801968],[0.3373181777766926,36.24366349251413],[0.3392071023759522,36.24300625293961],[0.3342778055670706,36.22883931844516],[0.332388880967811,36.22949655801968]]],[[[0.3399057390126163,36.24805718422502],[0.335429253177433,36.244320732088646],[0.3410960269752118,36.24234901336509],[0.3399057390126163,36.24805718422502]]]]},"properties":{"speed":0.0195,"dir_deg":19.2,"type":"ضعيف"}},{"type":"Feature","geometry":{"type":"MultiPolygon","coordinates":[[[[0.375855463733721,36.22968580095582],[0.38362340458473454,36.21685384495001],[0.3819124771172926,36.21581811950321],[0.374144536266279,36.22865007550902],[0.375855463733721,36.22968580095582]]],[[[0.3853572544680181,36.212058663558004],[0.38533433205217643,36.217889570396814],[0.3802015496498507,36.21478239405641],[0.3853572544680181,36.212058663558004]]]]},"properties":{"speed":0.0174,"dir_deg":148.8,"type":"ضعيف"}},{"type":"Feature","geometry":{"type":"MultiPolygon","coordinates":[[[[0.41764864671775853,36.22897900525762],[0.41481465209570006,36.21424915547963],[0.4128506721253014,36.21462702142923],[0.4156846667473599,36.22935687120722],[0.41764864671775853,36.22897900525762]]],[[[0.41288799723648123,36.209528138528434],[0.41677863206609866,36.21387128953002],[0.4108866921549028,36.21500488737884],[0.41288799723648123,36.209528138528434]]]]},"properties":{"speed":0.0209,"dir_deg":190.9,"type":"ضعيف"}},{"type":"Feature","geometry":{"type":"MultiPolygon","coordinates":[[[[-0.41616221529805875,36.271695507677386],[-0.4032105266509825,36.26412888615988],[-0.4042194095199834,36.262401994340266],[-0.41717109816705966,36.26996861585777],[-0.41616221529805875,36.271695507677386]]],[[[-0.39939773853645755,36.26074323307757],[-0.4022016437819816,36.26585577797949],[-0.40522829238898433,36.26067510252066],[-0.39939773853645755,36.26074323307757]]]]},"properties":{"speed":0.1138,"dir_deg":120.3,"type":"ضعيف"}},{"type":"Feature","geometry":{"type":"MultiPolygon","coordinates":[[[[-0.3745446550940739,36.271722376889684],[-0.36118992826251284,36.264892203300796],[-0.362100618074365,36.263111573056584],[-0.3754553449059261,36.26994174664547],[-0.3745446550940739,36.271722376889684]]],[[[-0.3571936975579185,36.261725163649054],[-0.36027923845066073,36.266672833545],[-0.3630113078862171,36.26133094281238],[-0.3571936975579185,36.261725163649054]]]]},"properties":{"speed":0.1104,"dir_deg":117.1,"type":"ضعيف"}},{"type":"Feature","geometry":{"type":"MultiPolygon","coordinates":[[[[-0.3329425971107614,36.2717525602418],[-0.31913511999747013,36.26589136789161],[-0.3199166123108289,36.26405037094317],[-0.3337240894241202,36.269911563293356],[-0.3329425971107614,36.2717525602418]]],[[[-0.3149233737830524,36.26301713863399],[-0.3183536276841113,36.26773236484005],[-0.32069810462418774,36.26220937399473],[-0.3149233737830524,36.26301713863399]]]]},"properties":{"speed":0.1138,"dir_deg":113.0,"type":"ضعيف"}},{"type":"Feature","geometry":{"type":"MultiPolygon","coordinates":[[[[-0.29138820053443965,36.27179251069685],[-0.27698146659544504,36.26761566772505],[-0.27753837899168415,36.26569476986651],[-0.29194511293067876,36.26987161283831],[-0.29138820053443965,36.27179251069685]]],[[[-0.27245767814723304,36.26526293780519],[-0.2764245541992059,36.269536565583586],[-0.27809529138792327,36.26377387200798],[-0.27245767814723304,36.26526293780519]]]]},"properties":{"speed":0.128,"dir_deg":106.2,"type":"ضعيف"}},{"type":"Feature","geometry":{"type":"MultiPolygon","coordinates":[[[[-0.24988818059294274,36.27182579031211],[-0.23498225242505574,36.27014849920625],[-0.23520589123917027,36.26816104211719],[-0.2501118194070573,36.26983833322305],[-0.24988818059294274,36.27182579031211]]],[[[-0.23012542910948403,36.268595673626436],[-0.23475861361094122,36.2721359562953],[-0.2354295300532848,36.26617358502814],[-0.23012542910948403,36.268595673626436]]]]},"properties":{"speed":0.1471,"dir_deg":96.4,"type":"ضعيف"}},{"type":"Feature","geometry":{"type":"MultiPolygon","coordinates":[[[[-0.20840270750228476,36.27182965213215],[-0.19343885203370265,36.27287033917222],[-0.19330009376169233,36.27087515844308],[-0.20826394923027444,36.26983447140301],[-0.20840270750228476,36.27182965213215]]],[[[-0.18838152107483677,36.272219644487684],[-0.19357761030571294,36.27486551990137],[-0.19316133548968203,36.26887997771394],[-0.18838152107483677,36.272219644487684]]]]},"properties":{"speed":0.1684,"dir_deg":86.0,"type":"ضعيف"}},{"type":"Feature","geometry":{"type":"MultiPolygon","coordinates":[[[[-0.16687068998626964,36.27181102883129],[-0.15218618403066472,36.27487130411953],[-0.15177814732556624,36.27291336999211],[-0.16646265328117116,36.26985309470387],[-0.16687068998626964,36.27181102883129]]],[[[-0.14708733035958052,36.27491242881856],[-0.1525942207357632,36.27682923824694],[-0.15137011062046776,36.2709554358647],[-0.14708733035958052,36.27491242881856]]]]},"properties":{"speed":0.1936,"dir_deg":78.2,"type":"متوسط"}},{"type":"Feature","geometry":{"type":"MultiPolygon","coordinates":[[[[-0.1253751245779868,36.271759036174444],[-0.11147050847495105,36.277385904844245],[-0.11072025931897744,36.27553195603051],[-0.1246248754220132,36.26990508736071],[-0.1253751245779868,36.271759036174444]]],[[[-0.106460511862619,36.27833455332731],[-0.11222075763092464,36.279239853657984],[-0.10997001016300385,36.27367800721677],[-0.106460511862619,36.27833455332731]]]]},"properties":{"speed":0.2221,"dir_deg":68.0,"type":"متوسط"}},{"type":"Feature","geometry":{"type":"MultiPolygon","coordinates":[[[[-0.08384333553957433,36.2716922363329],[-0.07094071705970416,36.27934223217362],[-0.06992071761427589,36.27762188304297],[-0.08282333609414606,36.26997188720225],[-0.08384333553957433,36.2716922363329]]],[[[-0.06612984451036663,36.28103205622186],[-0.07196071650513244,36.28106258130427],[-0.0689007181688476,36.27590153391232],[-0.06612984451036663,36.28103205622186]]]]},"properties":{"speed":0.2376,"dir_deg":59.3,"type":"متوسط"}},{"type":"Feature","geometry":{"type":"MultiPolygon","coordinates":[[[[-0.04232735311414686,36.27158272484709],[-0.031067406921421237,36.28149300293284],[-0.029746036509987722,36.27999167677381],[-0.04100598270271334,36.27008139868806],[-0.04232735311414686,36.27158272484709]]],[[[-0.02665340631812927,36.28404576588191],[-0.03238877733285475,36.28299432909187],[-0.028424666098554208,36.27849035061478],[-0.02665340631812927,36.28404576588191]]]]},"properties":{"speed":0.2897,"dir_deg":48.6,"type":"متوسط"}},{"type":"Feature","geometry":{"type":"MultiPolygon","coordinates":[[[[-0.0006798571143702581,36.27156540636873],[0.010320311902923648,36.28176326308429],[0.011680026131664165,36.280296573881984],[0.0006798571143702581,36.27009871716643],[-0.0006798571143702581,36.27156540636873]]],[[[0.014666892023058542,36.28442920405498],[0.008960597674183132,36.2832299522866],[0.013039740360404681,36.27882988467967],[0.014666892023058542,36.28442920405498]]]]},"properties":{"speed":0.3063,"dir_deg":47.2,"type":"متوسط"}},{"type":"Feature","geometry":{"type":"MultiPolygon","coordinates":[[[[0.04082456553640052,36.27137137948009],[0.048914331223982956,36.28400291506053],[0.05059853596804211,36.282924279635516],[0.04250877028045968,36.27029274405507],[0.04082456553640052,36.27137137948009]]],[[[0.052453022158540016,36.28767410920817],[0.047230126479923806,36.28508155048554],[0.05228274071210126,36.281845644210506],[0.052453022158540016,36.28767410920817]]]]},"properties":{"speed":0.3687,"dir_deg":32.6,"type":"متوسط"}},{"type":"Feature","geometry":{"type":"MultiPolygon","coordinates":[[[[0.08243517770431834,36.271271734378594],[0.08903026686951745,36.284744106066725],[0.09082658309460118,36.28386476084469],[0.08423149392940206,36.27039238915656],[0.08243517770431834,36.271271734378594]]],[[[0.09212678803712569,36.288795224018415],[0.08723395064443372,36.28562345128875],[0.09262289931968491,36.28298541562267],[0.09212678803712569,36.288795224018415]]]]},"properties":{"speed":0.4764,"dir_deg":26.1,"type":"قوي"}},{"type":"Feature","geometry":{"type":"MultiPolygon","coordinates":[[[[0.12408711280908828,36.27124027369375],[0.13021029170167314,36.284933581557425],[0.13203606608349655,36.28411715770508],[0.1259128871909117,36.27042384984141],[0.12408711280908828,36.27124027369375]]],[[[0.13316423852344647,36.28908980558581],[0.1283845173198497,36.285750005409774],[0.13386184046532,36.283300733852734],[0.13316423852344647,36.28908980558581]]]]},"properties":{"speed":0.5342,"dir_deg":24.1,"type":"قوي"}},{"type":"Feature","geometry":{"type":"MultiPolygon","coordinates":[[[[0.16573405854768744,36.27119293963024],[0.17114722648762978,36.285182135920735],[0.1730124526596957,36.28446038019541],[0.16759928471975336,36.27047118390492],[0.16573405854768744,36.27119293963024]]],[[[0.17388422888697683,36.28948432348824],[0.16928200031556387,36.285903891646065],[0.1748776788317616,36.28373862447008],[0.17388422888697683,36.28948432348824]]]]},"properties":{"speed":0.5015,"dir_deg":21.2,"type":"قوي"}},{"type":"Feature","geometry":{"type":"MultiPolygon","coordinates":[[[[0.2073904756038322,36.271165271413814],[0.21238862029738545,36.285308062850525],[0.21427432582228026,36.284641643558054],[0.209276181128727,36.27049885212134],[0.2073904756038322,36.271165271413814]]],[[[0.21499752129101726,36.28968911701653],[0.21050291477249067,36.285974482143],[0.21616003134717504,36.28397522426558],[0.21499752129101726,36.28968911701653]]]]},"properties":{"speed":0.3695,"dir_deg":19.5,"type":"متوسط"}},{"type":"Feature","geometry":{"type":"MultiPolygon","coordinates":[[[[0.2490371895136826,36.271102239426604],[0.25308985439908527,36.28554439672136],[0.2550154753717201,36.28500404140331],[0.2509628104863174,36.27056188410855],[0.2490371895136826,36.271102239426604]]],[[[0.25540355318053687,36.29008827149393],[0.25116423342645045,36.286084752039415],[0.2569410963443549,36.28446368608526],[0.25540355318053687,36.29008827149393]]]]},"properties":{"speed":0.2023,"dir_deg":15.7,"type":"متوسط"}},{"type":"Feature","geometry":{"type":"MultiPolygon","coordinates":[[[[0.2906825302036498,36.27100953000445],[0.29334455375665647,36.28577142793809],[0.29531280681447525,36.285416491464346],[0.2926507832614686,36.27065459353071],[0.2906825302036498,36.27100953000445]]],[[[0.2952160214699014,36.290514592345765],[0.29137630069883763,36.28612636441182],[0.2972810598722941,36.28506155499061],[0.2952160214699014,36.290514592345765]]]]},"properties":{"speed":0.0847,"dir_deg":10.2,"type":"ضعيف"}},{"type":"Feature","geometry":{"type":"MultiPolygon","coordinates":[[[[0.33243760471624584,36.27127664297265],[0.33910632279232467,36.284712721240574],[0.3408977998947146,36.28382355883043],[0.33422908181863575,36.270387480562505],[0.33243760471624584,36.27127664297265]]],[[[0.34222496736887925,36.288746832791475],[0.3373148456899348,36.28560188365071],[0.34268927699710444,36.28293439642029],[0.34222496736887925,36.288746832791475]]]]},"properties":{"speed":0.0321,"dir_deg":26.4,"type":"ضعيف"}},{"type":"Feature","geometry":{"type":"MultiPolygon","coordinates":[[[[0.37484275040975457,36.27181962066019],[0.38965613379886316,36.27417836451387],[0.389970632979354,36.27220324672865],[0.37515724959024543,36.26984450287497],[0.37484275040975457,36.27181962066019]]],[[[0.39475117785214475,36.27397705357249],[0.38934163461837223,36.27615348229909],[0.39028513215984495,36.27022812894344],[0.39475117785214475,36.27397705357249]]]]},"properties":{"speed":0.0163,"dir_deg":81.0,"type":"ضعيف"}},{"type":"Feature","geometry":{"type":"MultiPolygon","coordinates":[[[[0.4161987803368247,36.271715855679254],[0.429455689011956,36.27873400161527],[0.430391441803425,36.27696641379192],[0.4171345331282937,36.2699482678559],[0.4161987803368247,36.271715855679254]]],[[[0.43434253496606756,36.280189589682266],[0.4285199362204871,36.28050158943862],[0.4313271945948939,36.275198825968566],[0.43434253496606756,36.280189589682266]]]]},"properties":{"speed":0.0313,"dir_deg":62.1,"type":"ضعيف"}},{"type":"Feature","geometry":{"type":"MultiPolygon","coordinates":[[[[0.457445407953047,36.271292030111546],[0.4643449331125629,36.284611059827455],[0.4661208037413505,36.28369112313952],[0.4592212785818346,36.27037209342361],[0.457445407953047,36.271292030111546]]],[[[0.4675327101467953,36.28859076805546],[0.4625690624837754,36.28553099651539],[0.46789667437013804,36.28277118645158],[0.4675327101467953,36.28859076805546]]]]},"properties":{"speed":0.0561,"dir_deg":27.4,"type":"ضعيف"}},{"type":"Feature","geometry":{"type":"MultiPolygon","coordinates":[[[[0.5002636695818624,36.271796674825545],[0.514732865451368,36.26784163109761],[0.5142055262876432,36.26591240498168],[0.4997363304181376,36.26986744870961],[0.5002636695818624,36.271796674825545]]],[[[0.5192922611593407,36.26555867013033],[0.5152602046150927,36.269770857213544],[0.5136781871239184,36.26398317886574],[0.5192922611593407,36.26555867013033]]]]},"properties":{"speed":0.0087,"dir_deg":105.3,"type":"ضعيف"}},{"type":"Feature","geometry":{"type":"MultiPolygon","coordinates":[[[[-0.41614338993692346,36.31335216891552],[-0.40336085620406553,36.305503166980984],[-0.404407389795337,36.30379882914994],[-0.41718992352819495,36.31164783108448],[-0.41614338993692346,36.31335216891552]]],[[[-0.39962327842208195,36.30203466408729],[-0.4023143226127941,36.307207504812034],[-0.40545392338660846,36.30209449131889],[-0.39962327842208195,36.30203466408729]]]]},"properties":{"speed":0.0901,"dir_deg":121.6,"type":"ضعيف"}},{"type":"Feature","geometry":{"type":"MultiPolygon","coordinates":[[[[-0.3744580122193437,36.31334038636687],[-0.36185221671630896,36.30521056965702],[-0.3629361922776215,36.303529796923286],[-0.3755419877806563,36.31165961363313],[-0.3744580122193437,36.31334038636687]]],[[[-0.3581922726626203,36.30166024438687],[-0.36076824115499634,36.30689134239076],[-0.36402016783893415,36.30184902418954],[-0.3581922726626203,36.30166024438687]]]]},"properties":{"speed":0.0877,"dir_deg":122.8,"type":"ضعيف"}},{"type":"Feature","geometry":{"type":"MultiPolygon","coordinates":[[[[-0.3328495027525153,36.31337515618956],[-0.31972215990918856,36.30611754846568],[-0.32068984093903957,36.30436723608656],[-0.3338171837823663,36.31162484381044],[-0.3328495027525153,36.31337515618956]]],[[[-0.3158302194763385,36.30282318970149],[-0.31875447887933755,36.30786786084479],[-0.3216575219688906,36.302616923707454],[-0.3158302194763385,36.30282318970149]]]]},"properties":{"speed":0.0853,"dir_deg":118.9,"type":"ضعيف"}},{"type":"Feature","geometry":{"type":"MultiPolygon","coordinates":[[[[-0.2913204551504131,36.31343816014865],[-0.27724805292062676,36.30824513641646],[-0.27794045608491896,36.30636881611916],[-0.2920128583147053,36.31156183985135],[-0.2913204551504131,36.31343816014865]]],[[[-0.2729034537595107,36.305575968357076],[-0.27655564975633457,36.310121456713766],[-0.27863285924921116,36.304492495821854],[-0.2729034537595107,36.305575968357076]]]]},"properties":{"speed":0.0933,"dir_deg":110.3,"type":"ضعيف"}},{"type":"Feature","geometry":{"type":"MultiPolygon","coordinates":[[[[-0.24980221866107277,36.31348024616397],[-0.23509852620156677,36.31051352608006],[-0.23549408887942122,36.30855303375212],[-0.2501977813389272,36.31151975383603],[-0.24980221866107277,36.31348024616397]]],[[[-0.23039507672065865,36.30854437322146],[-0.23470296352371228,36.31247401840799],[-0.2358896515572757,36.30659254142419],[-0.23039507672065865,36.30854437322146]]]]},"properties":{"speed":0.111,"dir_deg":101.4,"type":"ضعيف"}},{"type":"Feature","geometry":{"type":"MultiPolygon","coordinates":[[[[-0.20826876057291796,36.31349791332292],[-0.1933000607291242,36.3125293964225],[-0.19342919631584748,36.31053356977666],[-0.20839789615964124,36.31150208667708],[-0.20826876057291796,36.31349791332292]]],[[[-0.18837506190788791,36.31120864413277],[-0.1931709251424009,36.31452522306834],[-0.1935583319025708,36.30853774313082],[-0.18837506190788791,36.31120864413277]]]]},"properties":{"speed":0.1248,"dir_deg":93.7,"type":"ضعيف"}},{"type":"Feature","geometry":{"type":"MultiPolygon","coordinates":[[[[-0.16673078260954494,36.3134979427753],[-0.15176164098000466,36.314459607412665],[-0.1516334190283556,36.312463721862066],[-0.16660256065789586,36.3115020572247],[-0.16673078260954494,36.3134979427753]]],[[[-0.1467078161276667,36.31378221951649],[-0.15188986293165374,36.31645549296327],[-0.1515051970767065,36.31046783631146],[-0.1467078161276667,36.31378221951649]]]]},"properties":{"speed":0.1299,"dir_deg":86.3,"type":"ضعيف"}},{"type":"Feature","geometry":{"type":"MultiPolygon","coordinates":[[[[-0.12539461069402508,36.31341884840978],[-0.11161188454727765,36.31933800882016],[-0.1108226631592275,36.3175003120006],[-0.12460538930597492,36.31158115159022],[-0.12539461069402508,36.31341884840978]]],[[[-0.10662303180433676,36.3203922138805],[-0.1124011059353278,36.32117570563973],[-0.11003344177117734,36.315662615181026],[-0.10662303180433676,36.3203922138805]]]]},"properties":{"speed":0.1383,"dir_deg":66.8,"type":"ضعيف"}},{"type":"Feature","geometry":{"type":"MultiPolygon","coordinates":[[[[-0.08396554358009269,36.313274798905596],[-0.07234355999619324,36.32275791535408],[-0.07107914446972827,36.32120831754289],[-0.08270112805362771,36.311725201094404],[-0.08396554358009269,36.313274798905596]]],[[[-0.06783735770499427,36.32514415526465],[-0.07360797552265823,36.324307513165266],[-0.06981472894326328,36.319658719731706],[-0.06783735770499427,36.32514415526465]]]]},"properties":{"speed":0.1589,"dir_deg":50.8,"type":"ضعيف"}},{"type":"Feature","geometry":{"type":"MultiPolygon","coordinates":[[[[-0.042406409370597704,36.31317289120157],[-0.032313041347049785,36.324269013134085],[-0.030833558422714576,36.32292323073095],[-0.040926926446262495,36.31182710879843],[-0.042406409370597704,36.31317289120157]]],[[[-0.028208843877032874,36.32729482924335],[-0.033792524271385,36.32561479553723],[-0.029354075498379362,36.32157744832781],[-0.028208843877032874,36.32729482924335]]]]},"properties":{"speed":0.2205,"dir_deg":42.3,"type":"متوسط"}},{"type":"Feature","geometry":{"type":"MultiPolygon","coordinates":[[[[-0.0007643691361149434,36.31314477889524],[0.00890731429257788,36.324610315936965],[0.010436052564807766,36.32332075814648],[0.0007643691361149434,36.31185522110476],[-0.0007643691361149434,36.31314477889524]]],[[[0.012895577904923766,36.3277873827223],[0.007378576020347993,36.32589987372746],[0.011964790837037654,36.32203120035599],[0.012895577904923766,36.3277873827223]]]]},"properties":{"speed":0.2598,"dir_deg":40.1,"type":"متوسط"}},{"type":"Feature","geometry":{"type":"MultiPolygon","coordinates":[[[[0.04076122999535676,36.31292447872217],[0.04712841082780644,36.32650604741826],[0.04893928665395312,36.32565708997393],[0.04257210582150344,36.31207552127783],[0.04076122999535676,36.31292447872217]]],[[[0.050156242351696335,36.33060875826147],[0.04531753500165976,36.32735500486259],[0.050750162480099795,36.324808132529604],[0.050156242351696335,36.33060875826147]]]]},"properties":{"speed":0.3579,"dir_deg":25.1,"type":"متوسط"}},{"type":"Feature","geometry":{"type":"MultiPolygon","coordinates":[[[[0.08240693997662238,36.31287655112162],[0.08805520680085857,36.32677248872518],[0.08990799848133418,36.326019386481946],[0.08425973165709802,36.31212344887838],[0.08240693997662238,36.31287655112162]]],[[[0.0908643582491751,36.33102791680476],[0.08620241512038293,36.32752559096841],[0.09176079016180982,36.325266284238715],[0.0908643582491751,36.33102791680476]]]]},"properties":{"speed":0.4681,"dir_deg":22.1,"type":"قوي"}},{"type":"Feature","geometry":{"type":"MultiPolygon","coordinates":[[[[0.12406130957537269,36.31284476120245],[0.12923272761208443,36.32692511757186],[0.13111010846133903,36.32623559516696],[0.1259386904246273,36.31215523879755],[0.12406130957537269,36.31284476120245]]],[[[0.13189522404894896,36.33127380849255],[0.1273553467628298,36.32761463997675],[0.13298748931059365,36.32554607276207],[0.13189522404894896,36.33127380849255]]]]},"properties":{"speed":0.5423,"dir_deg":20.2,"type":"قوي"}},{"type":"Feature","geometry":{"type":"MultiPolygon","coordinates":[[[[0.16570502675126764,36.31277429750282],[0.16981948929354312,36.32719897073961],[0.17174277905844865,36.32665037573397],[0.16762831651617316,36.31222570249718],[0.16570502675126764,36.31277429750282]]],[[[0.17215262169008771,36.331732897649054],[0.16789619952863757,36.32774756574524],[0.1736660688233542,36.32610178072834],[0.17215262169008771,36.331732897649054]]]]},"properties":{"speed":0.5521,"dir_deg":15.9,"type":"قوي"}},{"type":"Feature","geometry":{"type":"MultiPolygon","coordinates":[[[[0.20736140341156273,36.3127352910589],[0.21089076929507236,36.327314165379654],[0.2128346192045061,36.326843583261855],[0.20930525332099648,36.3122647089411],[0.20736140341156273,36.3127352910589]]],[[[0.21303914954429246,36.331938499094335],[0.20894691938563859,36.327784747497454],[0.21477846911393988,36.326373001144056],[0.21303914954429246,36.331938499094335]]]]},"properties":{"speed":0.4352,"dir_deg":13.6,"type":"قوي"}},{"type":"Feature","geometry":{"type":"MultiPolygon","coordinates":[[[[0.24901414833596472,36.31266762009581],[0.25152844977309247,36.32745539505634],[0.2535001531011631,36.32712015486472],[0.2509858516640353,36.31233237990419],[0.24901414833596472,36.31266762009581]]],[[[0.25335240191617037,36.332217033280706],[0.2495567464450219,36.32779063524796],[0.25547185642923365,36.326784914673105],[0.25335240191617037,36.332217033280706]]]]},"properties":{"speed":0.2558,"dir_deg":9.6,"type":"متوسط"}},{"type":"Feature","geometry":{"type":"MultiPolygon","coordinates":[[[[0.2906821970417826,36.31267561069795],[0.29331635751109736,36.3274425060596],[0.29528527689265055,36.327091284663695],[0.2926511164233358,36.31232438930205],[0.2906821970417826,36.31267561069795]]],[[[0.29517887069164556,36.33218919381553],[0.2913474381295441,36.32779372745551],[0.2972541962742038,36.326740063267785],[0.29517887069164556,36.33218919381553]]]]},"properties":{"speed":0.1207,"dir_deg":10.1,"type":"ضعيف"}},{"type":"Feature","geometry":{"type":"MultiPolygon","coordinates":[[[[0.3325361415425832,36.31310371301947],[0.34159183683471406,36.32506173889234],[0.34318624028442923,36.32385431285339],[0.3341305449922984,36.31189628698053],[0.3325361415425832,36.31310371301947]]],[[[0.3454076036569486,36.32844403449715],[0.3399974333849989,36.32626916493129],[0.3447806437341444,36.32264688681444],[0.3454076036569486,36.32844403449715]]]]},"properties":{"speed":0.0551,"dir_deg":37.1,"type":"ضعيف"}},{"type":"Feature","geometry":{"type":"MultiPolygon","coordinates":[[[[0.3747786370021244,36.31347519148026],[0.38940650920602304,36.31679563644839],[0.3898492352017743,36.314845253487874],[0.3752213629978756,36.31152480851974],[0.3747786370021244,36.31347519148026]]],[[[0.3945038296051982,36.31692725995751],[0.38896378321027175,36.31874601940891],[0.39029196119752557,36.31289487052735],[0.3945038296051982,36.31692725995751]]]]},"properties":{"speed":0.0525,"dir_deg":77.2,"type":"ضعيف"}},{"type":"Feature","geometry":{"type":"MultiPolygon","coordinates":[[[[0.41623097988364327,36.31340010315149],[0.4297325271559639,36.31993525588523],[0.43060388085379575,36.31813504958225],[0.41710233358147514,36.31159989684851],[0.41623097988364327,36.31340010315149]]],[[[0.43466871976232,36.32121353697832],[0.4288611734581321,36.3217354621882],[0.43147523455162756,36.31633484327928],[0.43466871976232,36.32121353697832]]]]},"properties":{"speed":0.0696,"dir_deg":64.2,"type":"ضعيف"}},{"type":"Feature","geometry":{"type":"MultiPolygon","coordinates":[[[[0.4577533744970911,36.31331463870852],[0.4699729551248903,36.32201417026376],[0.4711328926655897,36.320384892846725],[0.4589133120377905,36.31168536129148],[0.4577533744970911,36.31331463870852]]],[[[0.4746261174378397,36.324099375406995],[0.46881301758419086,36.3236434476808],[0.47229283020628915,36.31875561542969],[0.4746261174378397,36.324099375406995]]]]},"properties":{"speed":0.0584,"dir_deg":54.6,"type":"ضعيف"}},{"type":"Feature","geometry":{"type":"MultiPolygon","coordinates":[[[[0.4997843372284669,36.313476467904735],[0.5144313557994694,36.31671140947773],[0.5148626813425358,36.31475847366826],[0.5002156627715332,36.311523532095265],[0.4997843372284669,36.313476467904735]]],[[[0.5195293580946702,36.31681325543066],[0.5140000302564032,36.318664345287196],[0.515294006885602,36.3128055378588],[0.5195293580946702,36.31681325543066]]]]},"properties":{"speed":0.0492,"dir_deg":77.5,"type":"ضعيف"}},{"type":"Feature","geometry":{"type":"MultiPolygon","coordinates":[[[[0.541395522417446,36.313462533127435],[0.5558335193290145,36.31752999488897],[0.5563758475638856,36.3156049286341],[0.5419378506523171,36.311537466872565],[0.541395522417446,36.313462533127435]]],[[[0.5609173490836395,36.31792328234871],[0.5552911910941433,36.31945506114385],[0.5569181757987568,36.313679862379225],[0.5609173490836395,36.31792328234871]]]]},"properties":{"speed":0.0943,"dir_deg":74.3,"type":"ضعيف"}},{"type":"Feature","geometry":{"type":"MultiPolygon","coordinates":[[[[0.5831683457794883,36.31348629897227],[0.5979628303635153,36.31596081425673],[0.5982927657347755,36.31398821631218],[0.5834982811507485,36.31151370102773],[0.5831683457794883,36.31348629897227]]],[[[0.6030592929104878,36.315799353712606],[0.5976328949922549,36.31793341220126],[0.5986227011060359,36.312015618367646],[0.6030592929104878,36.315799353712606]]]]},"properties":{"speed":0.1157,"dir_deg":80.5,"type":"ضعيف"}},{"type":"Feature","geometry":{"type":"MultiPolygon","coordinates":[[[[-0.4163097370874276,36.35510207332272],[-0.4022977107330131,36.34974827864575],[-0.4030115500232764,36.347880008465154],[-0.41702357637769083,36.353233803142125],[-0.4163097370874276,36.35510207332272]]],[[[-0.39798395492667327,36.34702954532979],[-0.40158387144274993,36.351616548826335],[-0.4037253893135396,36.34601173828457],[-0.39798395492667327,36.34702954532979]]]]},"properties":{"speed":0.0648,"dir_deg":110.9,"type":"ضعيف"}},{"type":"Feature","geometry":{"type":"MultiPolygon","coordinates":[[[[-0.3747021224812767,36.35512254233038],[-0.3603830610118985,36.35065437954953],[-0.36097881604934506,36.34874517135362],[-0.3752978775187233,36.353213334134466],[-0.3747021224812767,36.35512254233038]]],[[[-0.355907918040829,36.348210387857954],[-0.3597873059744519,36.35256358774545],[-0.36157457108679164,36.3468359631577],[-0.355907918040829,36.348210387857954]]]]},"properties":{"speed":0.0633,"dir_deg":107.3,"type":"ضعيف"}},{"type":"Feature","geometry":{"type":"MultiPolygon","coordinates":[[[[-0.3331401628777568,36.3551491014895],[-0.31842271402157446,36.35225139564424],[-0.3188090748009425,36.35028906913008],[-0.3335265236571248,36.35318677497534],[-0.3331401628777568,36.3551491014895]]],[[[-0.3137100781258644,36.35030433043874],[-0.31803635324220636,36.35421372215839],[-0.3191954355803106,36.348326742615924],[-0.3137100781258644,36.35030433043874]]]]},"properties":{"speed":0.0684,"dir_deg":101.1,"type":"ضعيف"}},{"type":"Feature","geometry":{"type":"MultiPolygon","coordinates":[[[[-0.2915503198414359,36.35516114804297],[-0.27665217268325387,36.35341609467612],[-0.27688484646550043,36.35142967505503],[-0.2917829936236825,36.35317472842188],[-0.2915503198414359,36.35516114804297]]],[[[-0.27180246052164975,36.35184120040996],[-0.2764194989010073,36.35540251429721],[-0.277117520247747,36.34944325543394],[-0.27180246052164975,36.35184120040996]]]]},"properties":{"speed":0.0835,"dir_deg":96.7,"type":"ضعيف"}},{"type":"Feature","geometry":{"type":"MultiPolygon","coordinates":[[[[-0.24988528588528508,36.35516133677877],[-0.23498430769007375,36.35344062505805],[-0.2352137359195036,36.35145382796535],[-0.2501147141147149,36.35317453968607],[-0.24988528588528508,36.35516133677877]]],[[[-0.23013202907305158,36.35187365593812],[-0.23475487946064388,36.35542742215074],[-0.23544316414893346,36.34946703087266],[-0.23013202907305158,36.35187365593812]]]]},"properties":{"speed":0.1043,"dir_deg":96.6,"type":"ضعيف"}},{"type":"Feature","geometry":{"type":"MultiPolygon","coordinates":[[[[-0.20818757210665126,36.35515725876328],[-0.1933477641437661,36.352970914868855],[-0.19363927666302277,36.350992273807144],[-0.20847908462590795,36.353178617701566],[-0.20818757210665126,36.35515725876328]]],[[[-0.18854691774909937,36.35125281303986],[-0.19305625162450943,36.354949555930574],[-0.19393078918227943,36.349013632745425],[-0.18854691774909937,36.35125281303986]]]]},"properties":{"speed":0.1162,"dir_deg":98.4,"type":"ضعيف"}},{"type":"Feature","geometry":{"type":"MultiPolygon","coordinates":[[[[-0.1665497234707492,36.35516107625263],[-0.15165265316766696,36.35340685380806],[-0.15188654949360936,36.35142057776765],[-0.1667836197966916,36.353174800212216],[-0.1665497234707492,36.35516107625263]]],[[[-0.14680391122961076,36.351828974972996],[-0.1514187568417246,36.35539312984847],[-0.15212044581955173,36.349434301727236],[-0.14680391122961076,36.351828974972996]]]]},"properties":{"speed":0.1056,"dir_deg":96.7,"type":"ضعيف"}},{"type":"Feature","geometry":{"type":"MultiPolygon","coordinates":[[[[-0.1253552758361313,36.355102699742254],[-0.11133385318866876,36.360431837284224],[-0.1106233015164062,36.35856231426456],[-0.12464472416386872,36.35323317672259],[-0.1253552758361313,36.355102699742254]]],[[[-0.10630476980338331,36.36127345495505],[-0.11204440486093131,36.36230136030388],[-0.10991274984414365,36.3566927912449],[-0.10630476980338331,36.36127345495505]]]]},"properties":{"speed":0.0892,"dir_deg":69.2,"type":"ضعيف"}},{"type":"Feature","geometry":{"type":"MultiPolygon","coordinates":[[[[-0.08406939639273518,36.35484485390563],[-0.07391566129452719,36.365885762543755],[-0.07244354014277722,36.364531931197334],[-0.08259727524098522,36.35349102255921],[-0.08406939639273518,36.35484485390563]]],[[[-0.06979502235258286,36.36888914974992],[-0.07538778244627717,36.36723959389018],[-0.07097141899102724,36.363178099850906],[-0.06979502235258286,36.36888914974992]]]]},"properties":{"speed":0.1074,"dir_deg":42.6,"type":"ضعيف"}},{"type":"Feature","geometry":{"type":"MultiPolygon","coordinates":[[[[-0.04246346886728645,36.354772180097875],[-0.03339984088549788,36.36672419448072],[-0.031806238967785186,36.36551571074981],[-0.04086986694957375,36.35356369636697],[-0.04246346886728645,36.354772180097875]]],[[[-0.029581830599378682,36.37010395740955],[-0.03499344280321058,36.36793267821162],[-0.03021263705007249,36.364307227018905],[-0.029581830599378682,36.37010395740955]]]]},"properties":{"speed":0.1529,"dir_deg":37.2,"type":"ضعيف"}},{"type":"Feature","geometry":{"type":"MultiPolygon","coordinates":[[[[-0.0008565844708004425,36.354683945058326],[0.006883517917817767,36.36753271212033],[0.008596686859418652,36.36650069846852],[0.0008565844708004425,36.35365193140652],[-0.0008565844708004425,36.354683945058326]]],[[[0.010320136518157613,36.37129962764843],[0.005170348976216882,36.368564725772146],[0.010309855801019537,36.365468684816705],[0.010320136518157613,36.37129962764843]]]]},"properties":{"speed":0.2033,"dir_deg":31.1,"type":"متوسط"}},{"type":"Feature","geometry":{"type":"MultiPolygon","coordinates":[[[[0.04071172898966668,36.35446474062701],[0.045163764908430624,36.36878882440846],[0.04707364274595747,36.36819521961929],[0.04262160682719352,36.353871135837835],[0.04071172898966668,36.35446474062701]]],[[[0.04760271580011536,36.37326671660769],[0.04325388707090379,36.36938242919763],[0.048983520583484305,36.36760161483012],[0.04760271580011536,36.37326671660769]]]]},"properties":{"speed":0.3442,"dir_deg":17.3,"type":"متوسط"}},{"type":"Feature","geometry":{"type":"MultiPolygon","coordinates":[[[[0.08237892282343515,36.35446642749183],[0.08685626171454261,36.368782622393205],[0.08876508770139271,36.36818564387439],[0.08428774881028525,36.353869448973015],[0.08237892282343515,36.35446642749183]]],[[[0.08930312100500348,36.373256198100925],[0.08494743572769252,36.36937960091202],[0.0906739136882428,36.367588665355576],[0.08930312100500348,36.373256198100925]]]]},"properties":{"speed":0.4491,"dir_deg":17.4,"type":"قوي"}},{"type":"Feature","geometry":{"type":"MultiPolygon","coordinates":[[[[0.1240276870806126,36.354401620895004],[0.1275329270193723,36.36898631468581],[0.1294775528581471,36.36851894936065],[0.1259723129193874,36.35393425556984],[0.1240276870806126,36.354401620895004]]],[[[0.1296736532516796,36.37361419662017],[0.1255883011805975,36.369453680010984],[0.1314221786969219,36.36805158403548],[0.1296736532516796,36.37361419662017]]]]},"properties":{"speed":0.5335,"dir_deg":13.5,"type":"قوي"}},{"type":"Feature","geometry":{"type":"MultiPolygon","coordinates":[[[[0.16567917709646623,36.35432559145596],[0.16804397544959718,36.36913800951477],[0.1700189645241055,36.36882270306769],[0.16765416617097456,36.35401028500888],[0.16567917709646623,36.35432559145596]]],[[[0.16981973610456164,36.373917828977504],[0.16606898637508888,36.369453315961856],[0.1719939535986138,36.36850739662061],[0.16981973610456164,36.373917828977504]]]]},"properties":{"speed":0.5819,"dir_deg":9.1,"type":"قوي"}},{"type":"Feature","geometry":{"type":"MultiPolygon","coordinates":[[[[0.20734300450149235,36.35430671374479],[0.2094246371870026,36.3691615717166],[0.21140528491657712,36.368884020691866],[0.20932365223106686,36.35402916272005],[0.20734300450149235,36.35430671374479]]],[[[0.21110883861362661,36.37397441552817],[0.20744398945742806,36.36943912274133],[0.21338593264615166,36.368606469667135],[0.21110883861362661,36.37397441552817]]]]},"properties":{"speed":0.4718,"dir_deg":8.0,"type":"قوي"}},{"type":"Feature","geometry":{"type":"MultiPolygon","coordinates":[[[[0.2490042602796013,36.3542601467419],[0.25038738792178294,36.36919624254788],[0.2523788673625804,36.36901182552892],[0.25099573972039874,36.35407572972294],[0.2490042602796013,36.3542601467419]]],[[[0.25184417018957556,36.374082732640396],[0.24839590848098556,36.369380659566836],[0.25437034680337783,36.368827408509965],[0.25184417018957556,36.374082732640396]]]]},"properties":{"speed":0.2896,"dir_deg":5.3,"type":"متوسط"}},{"type":"Feature","geometry":{"type":"MultiPolygon","coordinates":[[[[0.29068446603370107,36.35435582498309],[0.2935027672937216,36.36908868546596],[0.29546714869143786,36.36871291196463],[0.29264884743141734,36.353980051481756],[0.29068446603370107,36.35435582498309]]],[[[0.2954243917459199,36.37381175220958],[0.29153838589600534,36.3694644589673],[0.29743153008915413,36.36833713846329],[0.2954243917459199,36.37381175220958]]]]},"properties":{"speed":0.1446,"dir_deg":10.8,"type":"ضعيف"}},{"type":"Feature","geometry":{"type":"MultiPolygon","coordinates":[[[[0.332668888385841,36.35491526661427],[0.3438788141135876,36.36488208983827],[0.34520772387678716,36.36338743307457],[0.33399779814904057,36.35342060985057],[0.332668888385841,36.35491526661427]]],[[[0.3482799109044362,36.36745703586442],[0.342549904350388,36.36637674660197],[0.34653663363998677,36.36189277631087],[0.3482799109044362,36.36745703586442]]]]},"properties":{"speed":0.0581,"dir_deg":48.4,"type":"ضعيف"}},{"type":"Feature","geometry":{"type":"MultiPolygon","coordinates":[[[[0.3752084337829073,36.35514597471341],[0.3898789809977239,36.3520194679698],[0.3894621134319093,36.35006339500782],[0.3747915662170927,36.353189901751435],[0.3752084337829073,36.35514597471341]]],[[[0.3945607296197554,36.34999926257427],[0.39029584856353855,36.35397554093177],[0.3890452458660946,36.34810732204585],[0.3945607296197554,36.34999926257427]]]]},"properties":{"speed":0.0515,"dir_deg":102.0,"type":"ضعيف"}},{"type":"Feature","geometry":{"type":"MultiPolygon","coordinates":[[[[0.41689152732692564,36.355142326869355],[0.43150735688096015,36.351769267953856],[0.4310576156922273,36.34982049067999],[0.41644178613819277,36.35319354959549],[0.41689152732692564,36.355142326869355]]],[[[0.4361544294712719,36.34967052634509],[0.431957098069693,36.35371804522773],[0.4306078745034944,36.347871713406114],[0.4361544294712719,36.34967052634509]]]]},"properties":{"speed":0.051,"dir_deg":103.0,"type":"ضعيف"}},{"type":"Feature","geometry":{"type":"MultiPolygon","coordinates":[[[[0.4583948077046194,36.35516604750648],[0.47336644681550244,36.3542440809488],[0.4732435179411453,36.35224786240069],[0.4582718788302622,36.353169828958364],[0.4583948077046194,36.35516604750648]]],[[[0.4782955287486182,36.35293864948885],[0.47348937568985955,36.356240299496925],[0.47312058906678817,36.350251643852566],[0.4782955287486182,36.35293864948885]]]]},"properties":{"speed":0.0581,"dir_deg":93.5,"type":"ضعيف"}},{"type":"Feature","geometry":{"type":"MultiPolygon","coordinates":[[[[0.4998945849533646,36.35516236654454],[0.514811009635142,36.35674359224407],[0.5150218397284129,36.354754735619835],[0.5001054150466354,36.3531735099203],[0.4998945849533646,36.35516236654454]]],[[[0.51988856624237,36.35627623916513],[0.5146001795418711,36.35873244886831],[0.5152326698216838,36.3527658789956],[0.51988856624237,36.35627623916513]]]]},"properties":{"speed":0.0911,"dir_deg":83.9,"type":"ضعيف"}},{"type":"Feature","geometry":{"type":"MultiPolygon","coordinates":[[[[0.5415729188435834,36.3551635323365],[0.556506830404706,36.35657004770597],[0.5566943657873025,36.35457885949782],[0.5417604542261798,36.353172344128346],[0.5415729188435834,36.3551635323365]]],[[[0.5615785686163786,36.35604329205839],[0.5563192950221095,36.358561235914124],[0.556881901169899,36.35258767128967],[0.5615785686163786,36.35604329205839]]]]},"properties":{"speed":0.1595,"dir_deg":84.6,"type":"ضعيف"}},{"type":"Feature","geometry":{"type":"MultiPolygon","coordinates":[[[[0.5831649050865055,36.35515365554383],[0.5979506647576526,36.35767978122303],[0.5982874815148783,36.35570834660021],[0.5835017218437313,36.35318222092101],[0.5831649050865055,36.35515365554383]]],[[[0.6030476596933144,36.35753610580468],[0.5976138480004267,36.35965121584585],[0.5986242982721042,36.353736911977386],[0.6030476596933144,36.35753610580468]]]]},"properties":{"speed":0.2195,"dir_deg":80.3,"type":"متوسط"}},{"type":"Feature","geometry":{"type":"MultiPolygon","coordinates":[[[[0.624781016907326,36.35514366688585],[0.6394169467087653,36.35842841327596],[0.6398549128941132,36.3564769559691],[0.625218983092674,36.35319220957899],[0.624781016907326,36.35514366688585]]],[[[0.6445145730685857,36.3585476000859],[0.6389789805234172,36.36037987058282],[0.6402928790794613,36.35452549866224],[0.6445145730685857,36.3585476000859]]]]},"properties":{"speed":0.2339,"dir_deg":77.4,"type":"متوسط"}},{"type":"Feature","geometry":{"type":"MultiPolygon","coordinates":[[[[0.6662371306413938,36.35507097850526],[0.679782734733985,36.36151431690758],[0.6806418465209606,36.359708236361904],[0.6670962424283694,36.35326489795958],[0.6662371306413938,36.35507097850526]]],[[[0.6847274919916698,36.36275905610218],[0.6789236229470094,36.36332039745326],[0.6815009583079362,36.35790215581623],[0.6847274919916698,36.36275905610218]]]]},"properties":{"speed":0.238,"dir_deg":64.6,"type":"متوسط"}},{"type":"Feature","geometry":{"type":"MultiPolygon","coordinates":[[[[0.7077654119037875,36.35499103471318],[0.7201118591151728,36.363509558133146],[0.7212476622378347,36.36186336517163],[0.7089012150264493,36.353344841751664],[0.7077654119037875,36.35499103471318]]],[[[0.7247952430802987,36.36552596945904],[0.7189760559925109,36.36515575109466],[0.7223834653604966,36.36021717221011],[0.7247952430802987,36.36552596945904]]]]},"properties":{"speed":0.2194,"dir_deg":55.4,"type":"متوسط"}},{"type":"Feature","geometry":{"type":"MultiPolygon","coordinates":[[[[0.7491767274275755,36.35473558448802],[0.7576914212615329,36.36708467307439],[0.759337966406382,36.365949380563194],[0.7508232725724245,36.353600291976825],[0.7491767274275755,36.35473558448802]]],[[[0.7613529251119432,36.37063338968091],[0.7560448761166838,36.36821996558558],[0.760984511551231,36.364814088052],[0.7613529251119432,36.37063338968091]]]]},"properties":{"speed":0.278,"dir_deg":34.6,"type":"متوسط"}},{"type":"Feature","geometry":{"type":"MultiPolygon","coordinates":[[[[-0.41658997623557603,36.39682911748387],[-0.40163414049125723,36.39567891002912],[-0.4017875014852236,36.39368479859654],[-0.4167433372295424,36.39483500605129],[-0.41658997623557603,36.39682911748387]]],[[[-0.3967255424068008,36.394298451827915],[-0.40148077949729094,36.39767302146169],[-0.40194086247918986,36.391690687163965],[-0.3967255424068008,36.394298451827915]]]]},"properties":{"speed":0.0369,"dir_deg":94.4,"type":"ضعيف"}},{"type":"Feature","geometry":{"type":"MultiPolygon","coordinates":[[[[-0.37521927058332705,36.3968077258549],[-0.36058430927351587,36.400096784604806],[-0.3601457681068618,36.398145456430164],[-0.37478072941667295,36.39485639768026],[-0.37521927058332705,36.3968077258549]]],[[[-0.35548671825358513,36.40021747343412],[-0.36102285044016996,36.40204811277945],[-0.3597072269402077,36.39619412825552],[-0.35548671825358513,36.40021747343412]]]]},"properties":{"speed":0.0409,"dir_deg":77.3,"type":"ضعيف"}},{"type":"Feature","geometry":{"type":"MultiPolygon","coordinates":[[[[-0.3335982391575897,36.39679633878555],[-0.319134083888062,36.40076977713778],[-0.31860429210776425,36.39884122310184],[-0.3330684473772919,36.39486778474961],[-0.3335982391575897,36.39679633878555]]],[[[-0.3140478029080706,36.401129979570555],[-0.31966387566835974,36.40269833117372],[-0.31807450032746654,36.396912669065905],[-0.3140478029080706,36.401129979570555]]]]},"properties":{"speed":0.0569,"dir_deg":74.6,"type":"ضعيف"}},{"type":"Feature","geometry":{"type":"MultiPolygon","coordinates":[[[[-0.2918440598590933,36.39681620003566],[-0.27708198583792054,36.39947724693367],[-0.2767271795848524,36.39750897039751],[-0.2914892536060251,36.3948479234995],[-0.2918440598590933,36.39681620003566]]],[[[-0.2719838913709955,36.39938012429826],[-0.27743679209098876,36.401445523469825],[-0.27637237333178416,36.395540693861356],[-0.2719838913709955,36.39938012429826]]]]},"properties":{"speed":0.0784,"dir_deg":79.8,"type":"ضعيف"}},{"type":"Feature","geometry":{"type":"MultiPolygon","coordinates":[[[[-0.2500395320735959,36.396831280069634],[-0.23505125754280443,36.39742426117357],[-0.23497219339561265,36.39542582456946],[-0.2499604679264041,36.39483284346552],[-0.2500395320735959,36.396831280069634]]],[[[-0.23001563395894473,36.396622703239494],[-0.2351303216899962,36.39942269777767],[-0.23489312924842087,36.39342738796535],[-0.23001563395894473,36.396622703239494]]]]},"properties":{"speed":0.0986,"dir_deg":87.7,"type":"ضعيف"}},{"type":"Feature","geometry":{"type":"MultiPolygon","coordinates":[[[[-0.20824827255147438,36.396828437955755],[-0.19330262972880666,36.39555260073367],[-0.1934727413584171,36.39355984835732],[-0.20841838418108483,36.3948356855794],[-0.20824827255147438,36.396828437955755]]],[[[-0.18840580460272263,36.394130945471474],[-0.1931325180991962,36.39754535311003],[-0.19364285298802755,36.39156709598096],[-0.18840580460272263,36.394130945471474]]]]},"properties":{"speed":0.1067,"dir_deg":94.9,"type":"ضعيف"}},{"type":"Feature","geometry":{"type":"MultiPolygon","coordinates":[[[[-0.16656279327519533,36.39682665177689],[-0.15164394313546337,36.39526847639902],[-0.1518516998525135,36.39327929638039],[-0.16677054999224547,36.394837471758265],[-0.16656279327519533,36.39682665177689]]],[[[-0.1467748714474111,36.393754494597076],[-0.1514361864184132,36.39725765641765],[-0.15205945656956368,36.39129011636176],[-0.1467748714474111,36.393754494597076]]]]},"properties":{"speed":0.0906,"dir_deg":96.0,"type":"ضعيف"}},{"type":"Feature","geometry":{"type":"MultiPolygon","coordinates":[[[[-0.12541974559641866,36.39673970356603],[-0.11180511861972173,36.40303588751231],[-0.11096562742688437,36.40122060391541],[-0.12458025440358132,36.39492441996913],[-0.12541974559641866,36.39673970356603]]],[[[-0.10684716403107074,36.40422697369595],[-0.11264460981255908,36.4048511711092],[-0.11012613623404702,36.39940532031852],[-0.10684716403107074,36.40422697369595]]]]},"properties":{"speed":0.069,"dir_deg":65.2,"type":"ضعيف"}},{"type":"Feature","geometry":{"type":"MultiPolygon","coordinates":[[[[-0.0841233676232137,36.396445127624524],[-0.0749273797690617,36.408295604719825],[-0.07334731615635472,36.40706947300593],[-0.0825433040105067,36.39521899591063],[-0.0841233676232137,36.396445127624524]]],[[[-0.07107201867799089,36.411632697894646],[-0.07650744338176871,36.40952173643371],[-0.07176725254364771,36.40584334129205],[-0.07107201867799089,36.411632697894646]]]]},"properties":{"speed":0.0826,"dir_deg":37.8,"type":"ضعيف"}},{"type":"Feature","geometry":{"type":"MultiPolygon","coordinates":[[[[-0.04246567746289051,36.39643338009582],[-0.033445902539245245,36.40841852341273],[-0.03184788343032442,36.40721588675624],[-0.04086765835396969,36.395230743439335],[-0.04246567746289051,36.39643338009582]]],[[[-0.02964030134356975,36.411812252856784],[-0.03504392164816606,36.409621160069214],[-0.030249864321403603,36.406013250099754],[-0.02964030134356975,36.411812252856784]]]]},"properties":{"speed":0.1064,"dir_deg":37.0,"type":"ضعيف"}},{"type":"Feature","geometry":{"type":"MultiPolygon","coordinates":[[[[-0.0009255237737727146,36.39621075127652],[0.004754818860333125,36.41009360788311],[0.006605866407878554,36.40933622886523],[0.0009255237737727146,36.395453372258636],[-0.0009255237737727146,36.39621075127652]]],[[[0.007573790178807787,36.41434253724303],[0.002903771312787696,36.41085098690099],[0.008456913955423983,36.40857884984735],[0.007573790178807787,36.41434253724303]]]]},"properties":{"speed":0.1755,"dir_deg":22.3,"type":"ضعيف"}},{"type":"Feature","geometry":{"type":"MultiPolygon","coordinates":[[[[0.040694562292320456,36.396066605305386],[0.04421271535945971,36.41064818954703],[0.046156926591679,36.41017910247142],[0.04263877352453974,36.39559751822977],[0.040694562292320456,36.396066605305386]]],[[[0.046357538664615776,36.415274174089774],[0.04226850412724043,36.411117276622655],[0.04810113782389828,36.409710015395795],[0.046357538664615776,36.415274174089774]]]]},"properties":{"speed":0.3421,"dir_deg":13.6,"type":"متوسط"}},{"type":"Feature","geometry":{"type":"MultiPolygon","coordinates":[[[[0.08235552414565972,36.39604154765174],[0.08549781240812519,36.41070872271975],[0.08745343575052615,36.41028975095142],[0.08431114748806068,36.395622575883415],[0.08235552414565972,36.39604154765174]]],[[[0.0875230535001475,36.41538829519159],[0.08354218906572423,36.41112769448808],[0.08940905909292711,36.40987077918309],[0.0875230535001475,36.41538829519159]]]]},"properties":{"speed":0.4203,"dir_deg":12.1,"type":"قوي"}},{"type":"Feature","geometry":{"type":"MultiPolygon","coordinates":[[[[0.1240029816948384,36.39590922716897],[0.12516046271578538,36.410864501746396],[0.1271544993261086,36.41071017094361],[0.1259970183051616,36.395754896366185],[0.1240029816948384,36.39590922716897]]],[[[0.12654330802792932,36.41577242787081],[0.12316642610546216,36.41101883254919],[0.1291485359364318,36.410555840140816],[0.12654330802792932,36.41577242787081]]]]},"properties":{"speed":0.5354,"dir_deg":4.4,"type":"قوي"}},{"type":"Feature","geometry":{"type":"MultiPolygon","coordinates":[[[[0.16566771225093907,36.39587767044606],[0.1663518424282163,36.41086206118778],[0.16834976119377895,36.41077084383081],[0.16766563101650173,36.395786453089094],[0.16566771225093907,36.39587767044606]]],[[[0.16757884520342337,36.41581124942321],[0.16435392366265367,36.41095327854475],[0.17034767995934158,36.410679626473836],[0.16757884520342337,36.41581124942321]]]]},"properties":{"speed":0.5963,"dir_deg":2.6,"type":"قوي"}},{"type":"Feature","geometry":{"type":"MultiPolygon","coordinates":[[[[0.20733447511418596,36.39587993849242],[0.2080526259868716,36.410862737273824],[0.2100503324910589,36.41076698382414],[0.20933218161837325,36.395784185042736],[0.20733447511418596,36.39587993849242]]],[[[0.2092908628631938,36.41580912680945],[0.2060549194826843,36.410958490723516],[0.21204803899524619,36.41067123037445],[0.2092908628631938,36.41580912680945]]]]},"properties":{"speed":0.4832,"dir_deg":2.7,"type":"قوي"}},{"type":"Feature","geometry":{"type":"MultiPolygon","coordinates":[[[[0.24900029307938845,36.39585627070976],[0.2493634272120611,36.41085187451893],[0.25136284105328416,36.410803456634575],[0.2509997069206115,36.3958078528254],[0.24900029307938845,36.39585627070976]]],[[[0.2504841788435635,36.41582620017981],[0.24736401337083802,36.41090029240329],[0.25336225489450726,36.41075503875022],[0.2504841788435635,36.41582620017981]]]]},"properties":{"speed":0.3045,"dir_deg":1.4,"type":"متوسط"}},{"type":"Feature","geometry":{"type":"MultiPolygon","coordinates":[[[[0.290677364353923,36.395978008982595],[0.2928665725792341,36.41081739466214],[0.2948451573365065,36.410525500232104],[0.2926559491111954,36.39568611455256],[0.290677364353923,36.395978008982595]]],[[[0.294585601032974,36.415617909340305],[0.2908879878219617,36.41110928909218],[0.29682374209377893,36.41023360580206],[0.294585601032974,36.415617909340305]]]]},"properties":{"speed":0.1432,"dir_deg":8.4,"type":"ضعيف"}},{"type":"Feature","geometry":{"type":"MultiPolygon","coordinates":[[[[0.3326682159121243,36.39657879170618],[0.3438691649912063,36.40655570203593],[0.34519941970183926,36.40506224215872],[0.3339984706227573,36.39508533182897],[0.3326682159121243,36.39657879170618]]],[[[0.3482679420395501,36.409134608873906],[0.34253891028057337,36.40804916191314],[0.3465296744124722,36.40356878228151],[0.3482679420395501,36.409134608873906]]]]},"properties":{"speed":0.0327,"dir_deg":48.3,"type":"ضعيف"}},{"type":"Feature","geometry":{"type":"MultiPolygon","coordinates":[[[[0.3757874983607883,36.39644837851387],[0.38503224955511756,36.384635903102044],[0.383457252833541,36.38340326960947],[0.3742125016392117,36.39521574502129],[0.3757874983607883,36.39644837851387]]],[[[0.38732633492577234,36.38008209455181],[0.38660724627669407,36.38586853659462],[0.38188225611196447,36.38217063611689],[0.38732633492577234,36.38008209455181]]]]},"properties":{"speed":0.023,"dir_deg":142.0,"type":"ضعيف"}},{"type":"Feature","geometry":{"type":"MultiPolygon","coordinates":[[[[0.41729287892615763,36.3966117064073],[0.4289875485219636,36.38721837350332],[0.42773510413476673,36.38565908422388],[0.4160404345389608,36.39505241712786],[0.41729287892615763,36.3966117064073]]],[[[0.43225954952696716,36.38330761789561],[0.4302399929091605,36.388777662782765],[0.4264826597475698,36.38409979494444],[0.43225954952696716,36.38330761789561]]]]},"properties":{"speed":0.0338,"dir_deg":128.8,"type":"ضعيف"}},{"type":"Feature","geometry":{"type":"MultiPolygon","coordinates":[[[[0.45860596318865177,36.396794183578244],[0.4730377903486394,36.39270488476008],[0.47249255050621747,36.39078064113875],[0.4580607233462298,36.39486993995691],[0.45860596318865177,36.396794183578244]]],[[[0.47757577948075763,36.39037966334336],[0.4735830301910614,36.39462912838141],[0.47194731066379547,36.388856397517415],[0.47757577948075763,36.39037966334336]]]]},"properties":{"speed":0.0726,"dir_deg":105.8,"type":"ضعيف"}},{"type":"Feature","geometry":{"type":"MultiPolygon","coordinates":[[[[0.5001016660293433,36.39682688035329],[0.51502394481502,36.39530188991314],[0.5148206127563335,36.39331225274172],[0.4998983339706568,36.39483724318187],[0.5001016660293433,36.39682688035329]]],[[[0.5198963717142356,36.39379874118072],[0.5152272768737064,36.39729152708457],[0.5146172806976471,36.391322615570296],[0.5198963717142356,36.39379874118072]]]]},"properties":{"speed":0.1187,"dir_deg":95.8,"type":"ضعيف"}},{"type":"Feature","geometry":{"type":"MultiPolygon","coordinates":[[[[0.5417438454813259,36.39682908057231],[0.5566991275522636,36.39567169637564],[0.5565448096593749,36.39367765876618],[0.5415895275884373,36.394835042962846],[0.5417438454813259,36.39682908057231]]],[[[0.5616070626294652,36.394288882838694],[0.5568534454451521,36.3976657339851],[0.5563904917664864,36.39168362115672],[0.5616070626294652,36.394288882838694]]]]},"properties":{"speed":0.163,"dir_deg":94.4,"type":"ضعيف"}},{"type":"Feature","geometry":{"type":"MultiPolygon","coordinates":[[[[0.5831822236845403,36.39682058181199],[0.5980100243507245,36.39908692852066],[0.5983122039118807,36.39710988843184],[0.5834844032456965,36.39484354172317],[0.5831822236845403,36.39682058181199]]],[[[0.6031037143533641,36.39885385737914],[0.5977078447895683,36.401063968609485],[0.5986143834730369,36.39513284834302],[0.6031037143533641,36.39885385737914]]]]},"properties":{"speed":0.2195,"dir_deg":81.3,"type":"متوسط"}},{"type":"Feature","geometry":{"type":"MultiPolygon","coordinates":[[[[0.6248641131943428,36.39682278613694],[0.639724978734777,36.39886108822179],[0.6399967523460914,36.396879639483075],[0.6251358868056572,36.39484133739822],[0.6248641131943428,36.39682278613694]]],[[[0.6448144873872456,36.39854979788072],[0.6394532051234626,36.40084253696052],[0.6402685259574058,36.39489819074435],[0.6448144873872456,36.39854979788072]]]]},"properties":{"speed":0.2794,"dir_deg":82.2,"type":"متوسط"}},{"type":"Feature","geometry":{"type":"MultiPolygon","coordinates":[[[[0.6663831038542835,36.39679100955723],[0.6807673206989563,36.4010447497662],[0.6813344860601526,36.3991268541869],[0.6669502692154797,36.39487311397793],[0.6663831038542835,36.39679100955723]]],[[[0.6858456423277787,36.40150371537954],[0.6802001553377599,36.40296264534549],[0.681901651421349,36.397208958607614],[0.6858456423277787,36.40150371537954]]]]},"properties":{"speed":0.3367,"dir_deg":73.5,"type":"متوسط"}},{"type":"Feature","geometry":{"type":"MultiPolygon","coordinates":[[[[0.7080321649925336,36.39678563903107],[0.722335823945,36.40130286611984],[0.7229381208901695,36.39939571159285],[0.7086344619377032,36.39487848450408],[0.7080321649925336,36.39678563903107]]],[[[0.7274048587350734,36.40185503121927],[0.7217335269998304,36.40321002064684],[0.7235404178353391,36.397488557065856],[0.7274048587350734,36.40185503121927]]]]},"properties":{"speed":0.3814,"dir_deg":72.5,"type":"قوي"}},{"type":"Feature","geometry":{"type":"MultiPolygon","coordinates":[[[[0.7495301382617691,36.39671480178986],[0.7627712385960681,36.403762727863324],[0.76371096207253,36.401997247818755],[0.7504698617382309,36.394949321745294],[0.7495301382617691,36.39671480178986]]],[[[0.7676548004457321,36.4052292965322],[0.7618315151196061,36.4055282079079],[0.764650685548992,36.40023176777418],[0.7676548004457321,36.4052292965322]]]]},"properties":{"speed":0.4438,"dir_deg":62.0,"type":"قوي"}},{"type":"Feature","geometry":{"type":"MultiPolygon","coordinates":[[[[0.7912688250481238,36.39674950726315],[0.8050305074817818,36.40271742956452],[0.8058262304552974,36.40088253857337],[0.7920645480216394,36.394914616272004],[0.7912688250481238,36.39674950726315]]],[[[0.8100155964464256,36.40378929150273],[0.8042347845082664,36.40455232055567],[0.8066219534288129,36.399047647582215],[0.8100155964464256,36.40378929150273]]]]},"properties":{"speed":0.3467,"dir_deg":66.6,"type":"متوسط"}},{"type":"Feature","geometry":{"type":"MultiPolygon","coordinates":[[[[0.832806657243361,36.39668214013108],[0.8455578326958023,36.40458198345744],[0.8466111451393171,36.40288182673044],[0.8338599696868758,36.39498198340408],[0.832806657243361,36.39668214013108]]],[[[0.8503348807350402,36.40636518620273],[0.8445045202522874,36.40628214018443],[0.847664457582832,36.40118167000345],[0.8503348807350402,36.40636518620273]]]]},"properties":{"speed":0.1922,"dir_deg":58.2,"type":"متوسط"}},{"type":"Feature","geometry":{"type":"MultiPolygon","coordinates":[[[[0.8741665282732478,36.396384623873324],[0.8824549598594141,36.408886699774605],[0.8841219033129185,36.407781575563114],[0.8758334717267522,36.39527949966183],[0.8741665282732478,36.396384623873324]]],[[[0.8860512421148884,36.412501496302625],[0.8807880164059098,36.40999182398609],[0.8857888467664229,36.40667645135163],[0.8860512421148884,36.412501496302625]]]]},"properties":{"speed":0.1597,"dir_deg":33.5,"type":"ضعيف"}},{"type":"Feature","geometry":{"type":"MultiPolygon","coordinates":[[[[-0.4160326859393419,36.43827335698959],[-0.40443233109549453,36.42876379509133],[-0.40570027268192915,36.42721708111215],[-0.4173006275257765,36.43672664301041],[-0.4160326859393419,36.43827335698959]]],[[[-0.4011995169407627,36.42482058413565],[-0.40316438950906,36.43031050907051],[-0.4069682142683637,36.425670367132966],[-0.4011995169407627,36.42482058413565]]]]},"properties":{"speed":0.0242,"dir_deg":129.3,"type":"ضعيف"}},{"type":"Feature","geometry":{"type":"MultiPolygon","coordinates":[[[[-0.37492593752292375,36.438497253603394],[-0.359967133471961,36.43738631644725],[-0.3601152584261135,36.435391809240464],[-0.37507406247707625,36.436502746396606],[-0.37492593752292375,36.438497253603394]]],[[[-0.3550549279320497,36.43601875045847],[-0.3598190085178085,36.43938082365405],[-0.36026338338026603,36.43339730203367],[-0.3550549279320497,36.43601875045847]]]]},"properties":{"speed":0.0252,"dir_deg":94.2,"type":"ضعيف"}},{"type":"Feature","geometry":{"type":"MultiPolygon","coordinates":[[[[-0.33350477499225656,36.438485196002695],[-0.31872683495182785,36.44105667187493],[-0.31838397150219633,36.43908627986954],[-0.33316191154262503,36.436514803997305],[-0.33350477499225656,36.438485196002695]]],[[[-0.3136294232135359,36.440928634496316],[-0.3190696984014594,36.44302706388032],[-0.3180411080525648,36.43711588786415],[-0.3136294232135359,36.440928634496316]]]]},"properties":{"speed":0.0435,"dir_deg":80.1,"type":"ضعيف"}},{"type":"Feature","geometry":{"type":"MultiPolygon","coordinates":[[[[-0.2918226124014507,36.4384877640555],[-0.2770061515689294,36.44082709908887],[-0.2766942402311464,36.43885157097787],[-0.2915107010636677,36.4365122359445],[-0.2918226124014507,36.4384877640555]]],[[[-0.2719113756225308,36.44061911337783],[-0.27731806290671235,36.442802627199875],[-0.27638232889336345,36.436876042866864],[-0.2719113756225308,36.44061911337783]]]]},"properties":{"speed":0.0653,"dir_deg":81.0,"type":"ضعيف"}},{"type":"Feature","geometry":{"type":"MultiPolygon","coordinates":[[[[-0.25007843990677714,36.438496918843754],[-0.2351246572505199,36.439673517445414],[-0.23496777743696567,36.437679679757906],[-0.2499215600932229,36.436503081156246],[-0.25007843990677714,36.438496918843754]]],[[[-0.23006162312499037,36.439068798135544],[-0.23528153706407415,36.441667355132914],[-0.23481089762341142,36.435685842070406],[-0.23006162312499037,36.439068798135544]]]]},"properties":{"speed":0.081,"dir_deg":85.5,"type":"ضعيف"}},{"type":"Feature","geometry":{"type":"MultiPolygon","coordinates":[[[[-0.20836287218481164,36.43849956348612],[-0.1933694198929953,36.438942720764096],[-0.19331033225593122,36.43694359379186],[-0.20830378454774756,36.43650043651388],[-0.20836287218481164,36.43849956348612]]],[[[-0.1883420586438578,36.43809087637064],[-0.19342850753005936,36.44094184773634],[-0.19325124461886717,36.434944466819616],[-0.1883420586438578,36.43809087637064]]]]},"properties":{"speed":0.0813,"dir_deg":88.3,"type":"ضعيف"}},{"type":"Feature","geometry":{"type":"MultiPolygon","coordinates":[[[[-0.16679717083799234,36.438491448414034],[-0.1519254446275288,36.44044893647811],[-0.15166444621898492,36.438466039650045],[-0.16653617242944846,36.436508551585966],[-0.16679717083799234,36.438491448414034]]],[[[-0.14683770335310237,36.44010998408544],[-0.15218644303607268,36.44243183330617],[-0.15140344781044104,36.436483142821984],[-0.14683770335310237,36.44010998408544]]]]},"properties":{"speed":0.0636,"dir_deg":82.5,"type":"ضعيف"}},{"type":"Feature","geometry":{"type":"MultiPolygon","coordinates":[[[[-0.12570832568449253,36.438205885773115],[-0.11512003908774614,36.448830771040505],[-0.11370338771876105,36.447418999494275],[-0.12429167431550746,36.436794114226885],[-0.12570832568449253,36.438205885773115]]],[[[-0.11088228453767146,36.45166651368985],[-0.1165366904567312,36.450242542586736],[-0.11228673634977598,36.446007227948044],[-0.11088228453767146,36.45166651368985]]]]},"properties":{"speed":0.0561,"dir_deg":44.9,"type":"ضعيف"}},{"type":"Feature","geometry":{"type":"MultiPolygon","coordinates":[[[[-0.0842092396564553,36.437982485713555],[-0.07697195395316318,36.45112104330748],[-0.07522014627397298,36.45015607188037],[-0.0824574319772651,36.437017514286445],[-0.0842092396564553,36.437982485713555]]],[[[-0.07368362154580405,36.4550180767919],[-0.07872376163235338,36.45208601473458],[-0.07346833859478279,36.44919110045327],[-0.07368362154580405,36.4550180767919]]]]},"properties":{"speed":0.0648,"dir_deg":28.8,"type":"ضعيف"}},{"type":"Feature","geometry":{"type":"MultiPolygon","coordinates":[[[[-0.04246293831738544,36.43810494085316],[-0.033388825519983734,36.45004899698749],[-0.03179628470207305,36.448839115281174],[-0.040870397499474756,36.43689505914684],[-0.04246293831738544,36.43810494085316]]],[[[-0.02956785084522782,36.45342540817911],[-0.03498136633789443,36.451258878693814],[-0.030203743884162353,36.44762923357485],[-0.02956785084522782,36.45342540817911]]]]},"properties":{"speed":0.0721,"dir_deg":37.2,"type":"ضعيف"}},{"type":"Feature","geometry":{"type":"MultiPolygon","coordinates":[[[[-0.0009596975680202046,36.437781034834025],[0.0032558249423720277,36.452176498354326],[0.005175220078412437,36.45161442868628],[0.0009596975680202046,36.437218965165975],[-0.0009596975680202046,36.437781034834025]]],[[[0.005620696680522976,36.45669395136041],[0.0013364298063316183,36.45273856802238],[0.007094615214452846,36.45105235901822],[0.005620696680522976,36.45669395136041]]]]},"properties":{"speed":0.1672,"dir_deg":16.3,"type":"ضعيف"}},{"type":"Feature","geometry":{"type":"MultiPolygon","coordinates":[[[[0.04068358645247126,36.43768316891371],[0.04343112015812753,36.45242939075309],[0.0453972830700452,36.45206305292567],[0.042649749364388936,36.43731683108629],[0.04068358645247126,36.43768316891371]]],[[[0.04533004618263846,36.45716162911918],[0.041464957246209855,36.45279572858051],[0.047363445981962876,36.45169671509825],[0.04533004618263846,36.45716162911918]]]]},"properties":{"speed":0.3239,"dir_deg":10.6,"type":"متوسط"}},{"type":"Feature","geometry":{"type":"MultiPolygon","coordinates":[[[[0.08233450072687346,36.437548254150194],[0.08305831297982076,36.4525307805],[0.08505598315979425,36.45243427219961],[0.08433217090684694,36.437451745849806],[0.08233450072687346,36.437548254150194]]],[[[0.08429841882078995,36.457476701799735],[0.08106064279984729,36.45262728880039],[0.08705365333976772,36.452337763899216],[0.08429841882078995,36.457476701799735]]]]},"properties":{"speed":0.4005,"dir_deg":2.8,"type":"قوي"}},{"type":"Feature","geometry":{"type":"MultiPolygon","coordinates":[[[[0.12400363441162396,36.43741482010625],[0.12272593600530306,36.45236030393189],[0.12471866718205514,36.45253066371939],[0.12599636558837604,36.43758517989375],[0.12400363441162396,36.43741482010625]]],[[[0.12329640212490546,36.45742731176752],[0.12073320482855097,36.45218994414438],[0.1267113983588072,36.452701023506904],[0.12329640212490546,36.45742731176752]]]]},"properties":{"speed":0.5594,"dir_deg":355.1,"type":"قوي"}},{"type":"Feature","geometry":{"type":"MultiPolygon","coordinates":[[[[0.16566849873909958,36.437439577550165],[0.16476216199154534,36.45241217096948],[0.16675850778078696,36.45253301586915],[0.1676648445283412,36.437560422449835],[0.16566849873909958,36.437439577550165]]],[[[0.1654582226369814,36.457463457892416],[0.1627658162023037,36.452291326069805],[0.1687548535700286,36.45265386076883],[0.1654582226369814,36.457463457892416]]]]},"properties":{"speed":0.5915,"dir_deg":356.5,"type":"قوي"}},{"type":"Feature","geometry":{"type":"MultiPolygon","coordinates":[[[[0.20733464273691501,36.43744874559823],[0.20656582671038384,36.4524290300387],[0.20856319796911302,36.45253153884224],[0.2093320139956442,36.43755125440177],[0.20733464273691501,36.43744874559823]]],[[[0.20730824033090473,36.457473712587294],[0.2045684554516547,36.452326521235165],[0.21056056922784216,36.45263404764577],[0.20730824033090473,36.457473712587294]]]]},"properties":{"speed":0.4699,"dir_deg":357.1,"type":"قوي"}},{"type":"Feature","geometry":{"type":"MultiPolygon","coordinates":[[[[0.2490017294162084,36.43744121359395],[0.248119933325443,36.45241527235083],[0.25011647449302615,36.45253284516293],[0.2509982705837916,36.43755878640605],[0.2490017294162084,36.43744121359395]]],[[[0.24882427187897943,36.457465411675834],[0.2461233921578598,36.452297699538725],[0.25211301566060934,36.45265041797503],[0.24882427187897943,36.457465411675834]]]]},"properties":{"speed":0.2972,"dir_deg":356.6,"type":"متوسط"}},{"type":"Feature","geometry":{"type":"MultiPolygon","coordinates":[[[[0.2906679036998275,36.43745007626207],[0.28991904763083065,36.45243137175304],[0.2919165536962941,36.45253121922891],[0.29266540976529093,36.43754992373793],[0.2906679036998275,36.43745007626207]]],[[[0.29066818197389677,36.45747506065464],[0.28792154156536726,36.45233152427718],[0.2939140597617575,36.452631066704775],[0.29066818197389677,36.45747506065464]]]]},"properties":{"speed":0.1193,"dir_deg":357.1,"type":"ضعيف"}},{"type":"Feature","geometry":{"type":"MultiPolygon","coordinates":[[[[0.3324501686405304,36.43703095567546],[0.32541450377245495,36.45027857507912],[0.32718085302627575,36.4512166637282],[0.3342165178943512,36.43796904432454],[0.3324501686405304,36.43703095567546]]],[[[0.32395245677667356,36.45516349253821],[0.3236481545186341,36.44934048643004],[0.3289472022800966,36.452154752377275],[0.32395245677667356,36.45516349253821]]]]},"properties":{"speed":0.0298,"dir_deg":332.0,"type":"ضعيف"}},{"type":"Feature","geometry":{"type":"MultiPolygon","coordinates":[[[[0.37422619009639113,36.43686658210234],[0.3647249216314817,36.448473730656474],[0.3662725414386994,36.449740566451794],[0.37577380990360887,36.43813341789766],[0.37422619009639113,36.43686658210234]]],[[[0.36233164204678736,36.45297619807218],[0.3631773018242639,36.447206894861154],[0.3678201612459172,36.451007402247114],[0.36233164204678736,36.45297619807218]]]]},"properties":{"speed":0.0147,"dir_deg":320.7,"type":"ضعيف"}},{"type":"Feature","geometry":{"type":"MultiPolygon","coordinates":[[[[0.4168609844455688,36.4384809366646],[0.43157503441456796,36.43556602096945],[0.4311863789885488,36.43360414764026],[0.4164723290195496,36.4365190633354],[0.4168609844455688,36.4384809366646]]],[[[0.43628539002455813,36.43361344573981],[0.4319636898405871,36.437527894298654],[0.43079772356252966,36.43164227431106],[0.43628539002455813,36.43361344573981]]]]},"properties":{"speed":0.0306,"dir_deg":101.2,"type":"ضعيف"}},{"type":"Feature","geometry":{"type":"MultiPolygon","coordinates":[[[[0.45874789811599415,36.43841002432799],[0.47239826303590393,36.43219170159969],[0.47156915333879723,36.430371652943705],[0.45791878841888745,36.43658997567201],[0.45874789811599415,36.43841002432799]]],[[[0.4765338298273205,36.429208903028936],[0.47322737273301063,36.43401175025568],[0.47074004364169053,36.42855160428772],[0.4765338298273205,36.429208903028936]]]]},"properties":{"speed":0.0989,"dir_deg":114.5,"type":"ضعيف"}},{"type":"Feature","geometry":{"type":"MultiPolygon","coordinates":[[[[0.5003620527148349,36.43843215762169],[0.5143444170402325,36.43300136689917],[0.5136203116105627,36.43113705165579],[0.4996379472851651,36.43656784237831],[0.5003620527148349,36.43843215762169]]],[[[0.5186431524338634,36.4302589457033],[0.5150685224699023,36.43486568214256],[0.5128962061808928,36.4292727364124],[0.5186431524338634,36.4302589457033]]]]},"properties":{"speed":0.1565,"dir_deg":111.2,"type":"ضعيف"}},{"type":"Feature","geometry":{"type":"MultiPolygon","coordinates":[[[[0.5420137415410825,36.43843784477536],[0.5560814131714892,36.43323201968234],[0.5553873031590874,36.43135633013163],[0.5413196315286807,36.43656215522464],[0.5420137415410825,36.43843784477536]]],[[[0.5604235820420904,36.43055889987598],[0.556775523183891,36.435107709233066],[0.5546931931466855,36.429480640580906],[0.5604235820420904,36.43055889987598]]]]},"properties":{"speed":0.1886,"dir_deg":110.3,"type":"متوسط"}},{"type":"Feature","geometry":{"type":"MultiPolygon","coordinates":[[[[0.5835263518746718,36.43848119120075],[0.5982442198859818,36.43558561505745],[0.5978581430668749,36.43362323265595],[0.583140275055565,36.43651880879925],[0.5835263518746718,36.43848119120075]]],[[[0.6029571374801984,36.43363923180893],[0.5986302967050887,36.43754799745896],[0.5974720662477679,36.43166085025444],[0.6029571374801984,36.43363923180893]]]]},"properties":{"speed":0.2019,"dir_deg":101.1,"type":"متوسط"}},{"type":"Feature","geometry":{"type":"MultiPolygon","coordinates":[[[[0.6251291084571762,36.4384916304787],[0.640003565637667,36.43655500362106],[0.6397453487233147,36.43457174266366],[0.6248708915428238,36.4365083695213],[0.6251291084571762,36.4384916304787]]],[[[0.6448326095739878,36.43491783085648],[0.6402617825520195,36.438538264578455],[0.6394871318089622,36.43258848170626],[0.6448326095739878,36.43491783085648]]]]},"properties":{"speed":0.2299,"dir_deg":97.4,"type":"متوسط"}},{"type":"Feature","geometry":{"type":"MultiPolygon","coordinates":[[[[0.6665605334496832,36.438494349798866],[0.6814757804326583,36.44008664607684],[0.681688086603055,36.43809794647911],[0.6667728396200799,36.436505650201134],[0.6665605334496832,36.438494349798866]]],[[[0.6865536825121817,36.43962306170397],[0.6812634742622617,36.442075345674574],[0.6819003927734516,36.43610924688138],[0.6865536825121817,36.43962306170397]]]]},"properties":{"speed":0.2822,"dir_deg":83.9,"type":"متوسط"}},{"type":"Feature","geometry":{"type":"MultiPolygon","coordinates":[[[[0.7081337095649121,36.43847987666725],[0.7228318595736731,36.44147393517035],[0.7232310673740858,36.43951418183585],[0.7085329173653248,36.43652012333275],[0.7081337095649121,36.43847987666725]]],[[[0.7279308468101332,36.441492078004124],[0.7224326517732604,36.443433688504854],[0.7236302751744985,36.43755442850134],[0.7279308468101332,36.441492078004124]]]]},"properties":{"speed":0.3478,"dir_deg":78.5,"type":"متوسط"}},{"type":"Feature","geometry":{"type":"MultiPolygon","coordinates":[[[[0.7496397066235793,36.43843283904448],[0.7636322922907871,36.443837239690794],[0.7643528790436286,36.44197156160183],[0.7503602933764207,36.43656716095552],[0.7496397066235793,36.43843283904448]]],[[[0.7686567808896105,36.44470586752841],[0.7629117055379456,36.445702917779755],[0.7650734657964701,36.44010588351287],[0.7686567808896105,36.44470586752841]]]]},"properties":{"speed":0.4399,"dir_deg":68.9,"type":"قوي"}},{"type":"Feature","geometry":{"type":"MultiPolygon","coordinates":[[[[0.7913425320794769,36.43844600416968],[0.8055325946245925,36.44330832100075],[0.8061809035354018,36.441416312661396],[0.7919908409902863,36.43655399583032],[0.7913425320794769,36.43844600416968]]],[[[0.810586769928369,36.443983089108094],[0.8048842857137831,36.445200329340096],[0.8068292124462112,36.43952430432205],[0.810586769928369,36.443983089108094]]]]},"properties":{"speed":0.4961,"dir_deg":71.1,"type":"قوي"}},{"type":"Feature","geometry":{"type":"MultiPolygon","coordinates":[[[[0.833007193850592,36.43844532851275],[0.8471871215418655,36.44333712273065],[0.8478393607709184,36.44144646570515],[0.8336594330796449,36.43655467148725],[0.833007193850592,36.43844532851275]]],[[[0.8522398837201498,36.44402239229053],[0.8465348823128125,36.44522777975615],[0.8484915999999714,36.43955580867964],[0.8522398837201498,36.44402239229053]]]]},"properties":{"speed":0.4808,"dir_deg":71.0,"type":"قوي"}},{"type":"Feature","geometry":{"type":"MultiPolygon","coordinates":[[[[0.8745509855596791,36.43839352450016],[0.8879538530620555,36.445128741104966],[0.8888518819426973,36.44334169210465],[0.8754490144403209,36.43660647549984],[0.8745509855596791,36.43839352450016]]],[[[0.8928704900031685,36.44648028880642],[0.8870558241814139,36.44691579010529],[0.8897499108233389,36.44155464310433],[0.8928704900031685,36.44648028880642]]]]},"properties":{"speed":0.4416,"dir_deg":63.3,"type":"قوي"}},{"type":"Feature","geometry":{"type":"MultiPolygon","coordinates":[[[[0.9159589627479685,36.438206489236606],[0.9265563012970297,36.4488223460403],[0.9279717488708559,36.44740936756709],[0.9173744103217947,36.436793510763394],[0.9159589627479685,36.438206489236606]]],[[[0.9307964712669632,36.45165447573826],[0.9251408537232035,36.45023532451351],[0.929387196444682,36.445996389093885],[0.9307964712669632,36.45165447573826]]]]},"properties":{"speed":0.5109,"dir_deg":44.9,"type":"قوي"}},{"type":"Feature","geometry":{"type":"MultiPolygon","coordinates":[[[[-0.4156967167836646,36.47941128262939],[-0.4120465508290631,36.46486218339597],[-0.4139864307268523,36.46437549460203],[-0.4176365966814538,36.47892459383545],[-0.4156967167836646,36.47941128262939]]],[[[-0.41179976879309055,36.45976913925453],[-0.41010667093127395,36.46534887218992],[-0.41592631062464147,36.46388880580808],[-0.41179976879309055,36.45976913925453]]]]},"properties":{"speed":0.0486,"dir_deg":165.9,"type":"ضعيف"}},{"type":"Feature","geometry":{"type":"MultiPolygon","coordinates":[[[[-0.37418928653669753,36.47975338138117],[-0.3654076393054248,36.46759267943163],[-0.36702906623202974,36.46642179313413],[-0.37581071346330247,36.47858249508367],[-0.37418928653669753,36.47975338138117]]],[[[-0.3632911370249697,36.46295366896637],[-0.3637862123788198,36.468763565729134],[-0.36865049315863474,36.46525090683663],[-0.3632911370249697,36.46295366896637]]]]},"properties":{"speed":0.0431,"dir_deg":144.2,"type":"ضعيف"}},{"type":"Feature","geometry":{"type":"MultiPolygon","coordinates":[[[[-0.3328818518310346,36.480060213684766],[-0.3194977200459067,36.473287842138674],[-0.32040070291871914,36.47150329123399],[-0.333784834703847,36.47827566278008],[-0.3328818518310346,36.480060213684766]]],[[[-0.31548783422060367,36.4701381095043],[-0.31859473717309433,36.475072393043355],[-0.3213036857915315,36.469718740329306],[-0.31548783422060367,36.4701381095043]]]]},"properties":{"speed":0.0457,"dir_deg":116.8,"type":"ضعيف"}},{"type":"Feature","geometry":{"type":"MultiPolygon","coordinates":[[[[-0.2915510275103153,36.48016123067826],[-0.2766516408227118,36.47842679234461],[-0.2768828992671996,36.476440207452924],[-0.2917822859548031,36.47817464578658],[-0.2915510275103153,36.48016123067826]]],[[[-0.27180080781575455,36.47685535378754],[-0.276420382378224,36.48041337723629],[-0.2771141577116874,36.47445362256124],[-0.27180080781575455,36.47685535378754]]]]},"properties":{"speed":0.0549,"dir_deg":96.6,"type":"ضعيف"}},{"type":"Feature","geometry":{"type":"MultiPolygon","coordinates":[[[[-0.25008037602233385,36.480164702846075],[-0.23512890681751653,36.481370343181084],[-0.23496815477284877,36.47937681395378],[-0.24991962397766612,36.47817117361877],[-0.25008037602233385,36.480164702846075]]],[[[-0.23006470772691018,36.4807754586791],[-0.23528965886218425,36.4833638724084],[-0.23480740272818104,36.477383284726464],[-0.23006470772691018,36.4807754586791]]]]},"properties":{"speed":0.0605,"dir_deg":85.4,"type":"ضعيف"}},{"type":"Feature","geometry":{"type":"MultiPolygon","coordinates":[[[[-0.20862038541064892,36.48012585172187],[-0.1942516830688389,36.484431707387415],[-0.19367756898010025,36.48251588040851],[-0.20804627132191028,36.47821002474297],[-0.20862038541064892,36.48012585172187]]],[[[-0.18917505857719957,36.48490907911981],[-0.19482579715757756,36.486347534366324],[-0.19310345489136158,36.480600053429605],[-0.18917505857719957,36.48490907911981]]]]},"properties":{"speed":0.055,"dir_deg":73.3,"type":"ضعيف"}},{"type":"Feature","geometry":{"type":"MultiPolygon","coordinates":[[[[-0.16728932199710206,36.47995043840813],[-0.1555518193615048,36.48929019385886],[-0.15430651863474149,36.48772519350744],[-0.16604402127033874,36.47838543805671],[-0.16728932199710206,36.47995043840813]]],[[[-0.15101666811959072,36.49162094550005],[-0.15679712008826815,36.49085519421027],[-0.15306121790797814,36.486160193156024],[-0.15101666811959072,36.49162094550005]]]]},"properties":{"speed":0.0482,"dir_deg":51.5,"type":"ضعيف"}},{"type":"Feature","geometry":{"type":"MultiPolygon","coordinates":[[[[-0.12588632058305022,36.47963101039101],[-0.11894023820419464,36.492925819136765],[-0.11716759703809423,36.49199967481959],[-0.1241136794169498,36.478704866073834],[-0.12588632058305022,36.47963101039101]]],[[[-0.11573855682819258,36.496894349893424],[-0.12071287937029505,36.49385196345395],[-0.11539495587199382,36.491073530502405],[-0.11573855682819258,36.496894349893424]]]]},"properties":{"speed":0.0581,"dir_deg":27.6,"type":"ضعيف"}},{"type":"Feature","geometry":{"type":"MultiPolygon","coordinates":[[[[-0.08423025402487265,36.479610134713795],[-0.07759730680432711,36.49306390783398],[-0.07580347038830221,36.49217951487123],[-0.08243641760884775,36.47872574175105],[-0.08423025402487265,36.479610134713795]]],[[[-0.07448940618946615,36.49710630239267],[-0.079391143220352,36.49394830079672],[-0.07400963397227732,36.49129512190849],[-0.07448940618946615,36.49710630239267]]]]},"properties":{"speed":0.0544,"dir_deg":26.2,"type":"ضعيف"}},{"type":"Feature","geometry":{"type":"MultiPolygon","coordinates":[[[[-0.042487615201592055,36.47973894220951],[-0.03392255554527533,36.49205315160694],[-0.03228066095895142,36.49091114365277],[-0.040845720615268144,36.478596934255336],[-0.042487615201592055,36.47973894220951]]],[[[-0.030246588366674463,36.49558688409566],[-0.03556445013159923,36.49319515956112],[-0.03063876637262752,36.48976913569859],[-0.030246588366674463,36.49558688409566]]]]},"properties":{"speed":0.0534,"dir_deg":34.8,"type":"ضعيف"}},{"type":"Feature","geometry":{"type":"MultiPolygon","coordinates":[[[[-0.0009828748484764646,36.47935221257202],[0.0017812402454157113,36.494095335299164],[0.0037469899423686406,36.49372678661997],[0.0009828748484764646,36.478983663892826],[-0.0009828748484764646,36.47935221257202]]],[[[0.0036854867918562346,36.49882543520195],[-0.00018450945153721757,36.49446388397835],[0.005712739639321569,36.49335823794079],[0.0036854867918562346,36.49882543520195]]]]},"properties":{"speed":0.1569,"dir_deg":10.6,"type":"ضعيف"}},{"type":"Feature","geometry":{"type":"MultiPolygon","coordinates":[[[[0.04066694874310624,36.47919163613284],[0.04102241724935486,36.49418742361269],[0.0430218555800026,36.49414002781186],[0.04266638707375396,36.479144240332005],[0.04066694874310624,36.47919163613284]]],[[[0.04214062591676161,36.4991623215389],[0.03902297891870714,36.49423481941353],[0.04502129391065032,36.494092632011025],[0.04214062591676161,36.4991623215389]]]]},"properties":{"speed":0.2971,"dir_deg":1.4,"type":"متوسط"}},{"type":"Feature","geometry":{"type":"MultiPolygon","coordinates":[[[[0.08234975535124399,36.47898746810288],[0.0796427034080599,36.49374117508712],[0.08160986433929232,36.49410211534621],[0.08431691628247641,36.479348408361965],[0.08234975535124399,36.47898746810288]]],[[[0.07972393322594808,36.49883954754475],[0.0776755424768275,36.49338023482803],[0.08357702527052473,36.4944630556053],[0.07972393322594808,36.49883954754475]]]]},"properties":{"speed":0.4313,"dir_deg":349.6,"type":"قوي"}},{"type":"Feature","geometry":{"type":"MultiPolygon","coordinates":[[[[0.12401936668915031,36.478972085456974],[0.12108157505738071,36.49368158511972],[0.12304284167908008,36.49407329067061],[0.1259806333108497,36.47936379100787],[0.12401936668915031,36.478972085456974]]],[[[0.12108294449097386,36.498780604449415],[0.11912030843568133,36.49328987956881],[0.12500410830077946,36.49446499622152],[0.12108294449097386,36.498780604449415]]]]},"properties":{"speed":0.5955,"dir_deg":348.7,"type":"قوي"}},{"type":"Feature","geometry":{"type":"MultiPolygon","coordinates":[[[[0.16567818706942966,36.479016616501795],[0.16340836111007423,36.493843884966154],[0.1653853302386557,36.49414652842741],[0.16765515619801113,36.47931925996305],[0.16567818706942966,36.479016616501795]]],[[[0.1636402370212465,36.49893762951824],[0.16143139198149276,36.49354124150491],[0.16736229936723718,36.494449171888654],[0.1636402370212465,36.49893762951824]]]]},"properties":{"speed":0.5619,"dir_deg":351.3,"type":"قوي"}},{"type":"Feature","geometry":{"type":"MultiPolygon","coordinates":[[[[0.20734835757231795,36.47899521725789],[0.20475754295436915,36.493769779167316],[0.20672748454229245,36.49411522111638],[0.20931829916024125,36.479340659206954],[0.20734835757231795,36.47899521725789]]],[[[0.20487890887568122,36.49886735411165],[0.20278760136644586,36.49342433721826],[0.20869742613021575,36.49446066306544],[0.20487890887568122,36.49886735411165]]]]},"properties":{"speed":0.4371,"dir_deg":350.1,"type":"قوي"}},{"type":"Feature","geometry":{"type":"MultiPolygon","coordinates":[[[[0.24901708919315638,36.47898385578951],[0.24625585254941304,36.49372751789216],[0.2482216741631003,36.49409568277799],[0.25098291080684365,36.479352020675336],[0.24901708919315638,36.47898385578951]]],[[[0.24631835114167552,36.4988261543693],[0.24429003093572577,36.493359353006326],[0.25018749577678756,36.49446384766382],[0.24631835114167552,36.4988261543693]]]]},"properties":{"speed":0.2661,"dir_deg":349.4,"type":"متوسط"}},{"type":"Feature","geometry":{"type":"MultiPolygon","coordinates":[[[[0.29074246981466423,36.47878599773864],[0.2850133624079074,36.492648801507066],[0.2868617362436974,36.49341268249463],[0.2925908436504542,36.4795498787262],[0.29074246981466423,36.47878599773864]]],[[[0.2840278468568835,36.49765167659032],[0.28316498857211747,36.491884920519496],[0.2887101100794873,36.4941765634822],[0.2840278468568835,36.49765167659032]]]]},"properties":{"speed":0.1054,"dir_deg":337.5,"type":"ضعيف"}},{"type":"Feature","geometry":{"type":"MultiPolygon","coordinates":[[[[0.3325420375803589,36.478556517502],[0.3233707266240039,36.49042610280823],[0.3249533379981677,36.49164894426907],[0.3341246489545227,36.479779358962844],[0.3325420375803589,36.478556517502]]],[[[0.3211049286589675,36.49499405197406],[0.32178811524984,36.48920326134738],[0.3265359493723316,36.492871785729925],[0.3211049286589675,36.49499405197406]]]]},"properties":{"speed":0.0662,"dir_deg":322.3,"type":"ضعيف"}},{"type":"Feature","geometry":{"type":"MultiPolygon","coordinates":[[[[0.37415904488801804,36.47862683334459],[0.36604247157059666,36.49124116002432],[0.3677243817945606,36.49232336979998],[0.37584095511198196,36.47970904312025],[0.37415904488801804,36.47862683334459]]],[[[0.36417790224343816,36.49598704047206],[0.3643605613466328,36.49015895024867],[0.36940629201852443,36.49340557957564],[0.36417790224343816,36.49598704047206]]]]},"properties":{"speed":0.041,"dir_deg":327.2,"type":"ضعيف"}},{"type":"Feature","geometry":{"type":"MultiPolygon","coordinates":[[[[0.4175807052447905,36.4795735431107],[0.4236647784190499,36.465862815427236],[0.4218366813945873,36.46505160567067],[0.4157526082203279,36.47876233335414],[0.4175807052447905,36.4795735431107]]],[[[0.4247787542982384,36.4608869679878],[0.4254928754435125,36.466674025183806],[0.4200085843701247,36.4642403959141],[0.4247787542982384,36.4608869679878]]]]},"properties":{"speed":0.0473,"dir_deg":156.1,"type":"ضعيف"}},{"type":"Feature","geometry":{"type":"MultiPolygon","coordinates":[[[[0.45914779811760925,36.47974816516823],[0.46785120215472875,36.467531342415704],[0.46622229245439184,36.466370888544084],[0.45751888841727234,36.47858771129661],[0.45914779811760925,36.47974816516823]]],[[[0.46993788198360015,36.462878841229056],[0.4694801118550656,36.46869179628732],[0.464593382754055,36.46521043467247],[0.46993788198360015,36.462878841229056]]]]},"properties":{"speed":0.1365,"dir_deg":144.5,"type":"ضعيف"}},{"type":"Feature","geometry":{"type":"MultiPolygon","coordinates":[[[[0.5007161387546446,36.47986589617105],[0.5111855078340893,36.46912381485138],[0.5097532303248001,36.467727898974125],[0.49928386124535545,36.478469980293795],[0.5007161387546446,36.47986589617105]]],[[[0.5139591587725929,36.46484516313953],[0.5126177853433784,36.47051973072864],[0.508320952815511,36.466331983096865],[0.5139591587725929,36.46484516313953]]]]},"properties":{"speed":0.1799,"dir_deg":135.7,"type":"ضعيف"}},{"type":"Feature","geometry":{"type":"MultiPolygon","coordinates":[[[[0.5423084919012595,36.47993480580357],[0.5538115054685774,36.470307725307904],[0.5525278947358215,36.4687739901656],[0.5410248811685037,36.47840107066127],[0.5423084919012595,36.47993480580357]]],[[[0.557004037957972,36.46633183090486],[0.5550951162013333,36.471841460450214],[0.5512442840030656,36.46724025502329],[0.557004037957972,36.46633183090486]]]]},"properties":{"speed":0.1964,"dir_deg":129.9,"type":"متوسط"}},{"type":"Feature","geometry":{"type":"MultiPolygon","coordinates":[[[[0.5838717520195759,36.48001060300745],[0.5965117236450027,36.47193402469059],[0.5954348465360878,36.47024869514053],[0.582794874910661,36.47832527345739],[0.5838717520195759,36.48001060300745]]],[[[0.6001866089656875,36.468399167143275],[0.5975886007539176,36.47361935424065],[0.5943579694271729,36.46856336559048],[0.6001866089656875,36.468399167143275]]]]},"properties":{"speed":0.2132,"dir_deg":122.6,"type":"متوسط"}},{"type":"Feature","geometry":{"type":"MultiPolygon","coordinates":[[[[0.625417626794816,36.48007655688744],[0.6390469066201272,36.4738121549652],[0.6382116530304951,36.47199491765517],[0.624582373205184,36.478259319577404],[0.625417626794816,36.48007655688744]]],[[[0.6431723731004149,36.4708154023361],[0.6398821602097592,36.475629392275245],[0.6373763994408631,36.470177680345124],[0.6431723731004149,36.4708154023361]]]]},"properties":{"speed":0.2374,"dir_deg":114.7,"type":"متوسط"}},{"type":"Feature","geometry":{"type":"MultiPolygon","coordinates":[[[[0.6668420058337193,36.4801524498593],[0.681609680236867,36.47752266037673],[0.6812590416391915,36.47555363712298],[0.6664913672360439,36.47818342660555],[0.6668420058337193,36.4801524498593]]],[[[0.6863569190724118,36.475661552255666],[0.6819603188345426,36.479491683630485],[0.6809084030415159,36.47358461386922],[0.6863569190724118,36.475661552255666]]]]},"properties":{"speed":0.2562,"dir_deg":100.1,"type":"متوسط"}},{"type":"Feature","geometry":{"type":"MultiPolygon","coordinates":[[[[0.7082967476016643,36.48016726947762],[0.7232867162796408,36.48071575742943],[0.7233598480065491,36.478717094939036],[0.7083698793285725,36.478168606987225],[0.7082967476016643,36.48016726947762]]],[[[0.7283199383690871,36.47989925550151],[0.7232135845527325,36.48271441991983],[0.7234329797334573,36.476718432448635],[0.7283199383690871,36.47989925550151]]]]},"properties":{"speed":0.2818,"dir_deg":87.9,"type":"متوسط"}},{"type":"Feature","geometry":{"type":"MultiPolygon","coordinates":[[[[0.749722446110982,36.48012864830247],[0.7641330971616972,36.48429195663774],[0.7646882049397331,36.48237053649765],[0.750277553889018,36.478207228162375],[0.749722446110982,36.48012864830247]]],[[[0.7692142014009535,36.48471901601278],[0.7635779893836613,36.48621337677784],[0.765243312717769,36.48044911635755],[0.7692142014009535,36.48471901601278]]]]},"properties":{"speed":0.333,"dir_deg":73.9,"type":"متوسط"}},{"type":"Feature","geometry":{"type":"MultiPolygon","coordinates":[[[[0.791339980424029,36.48011306421193],[0.8055168701165745,36.48501365587472],[0.8061702823382797,36.483123403915705],[0.7919933926457342,36.478222812252916],[0.791339980424029,36.48011306421193]]],[[[0.8105692061249423,36.485702060449476],[0.8048634578948692,36.48690390783372],[0.8068236945599849,36.4812331519567],[0.8105692061249423,36.485702060449476]]]]},"properties":{"speed":0.4204,"dir_deg":70.9,"type":"قوي"}},{"type":"Feature","geometry":{"type":"MultiPolygon","coordinates":[[[[0.8329306564893927,36.48008328918146],[0.8466609207249188,36.486123143817345],[0.8474662346763703,36.48429244191927],[0.8337359704408441,36.478252587283386],[0.8329306564893927,36.48008328918146]]],[[[0.8516403324458199,36.48722107774694],[0.8458556067734674,36.48795384571542],[0.8482715486278217,36.4824617400212],[0.8516403324458199,36.48722107774694]]]]},"properties":{"speed":0.4982,"dir_deg":66.3,"type":"قوي"}},{"type":"Feature","geometry":{"type":"MultiPolygon","coordinates":[[[[0.8745405581729222,36.480056146095215],[0.8878636761148521,36.486947773501385],[0.8887825597690077,36.4851713577758],[0.8754594418270778,36.47827973036963],[0.8745405581729222,36.480056146095215]]],[[[0.8927641572559065,36.488356774773976],[0.8869447924606966,36.48872418922698],[0.8897014434231632,36.483394942050204],[0.8927641572559065,36.488356774773976]]]]},"properties":{"speed":0.5473,"dir_deg":62.6,"type":"قوي"}},{"type":"Feature","geometry":{"type":"MultiPolygon","coordinates":[[[[0.9161207872191577,36.48000578901692],[0.9286885489867016,36.48819427875278],[0.9297803476181494,36.48651857718378],[0.9172125858506055,36.47833008744792],[0.9161207872191577,36.48000578901692]]],[[[0.9334237022249401,36.4900859245469],[0.9275967503552538,36.489869980321785],[0.9308721462495972,36.484842875614774],[0.9334237022249401,36.4900859245469]]]]},"properties":{"speed":0.6578,"dir_deg":56.9,"type":"قوي"}},{"type":"Feature","geometry":{"type":"MultiPolygon","coordinates":[[[[0.9577659573273488,36.47999141076562],[0.9701180453253515,36.488501752832164],[0.9712527576008907,36.486854807765766],[0.958900669602888,36.47834446569922],[0.9577659573273488,36.47999141076562]]],[[[0.974802764129122,36.49051506098782],[0.9689833330498122,36.49014869789857],[0.97238746987643,36.48520786269936],[0.974802764129122,36.49051506098782]]]]},"properties":{"speed":0.5745,"dir_deg":55.4,"type":"قوي"}},{"type":"Feature","geometry":{"type":"MultiPolygon","coordinates":[[[[0.9993904280076535,36.47996066894719],[1.0112813887292698,36.48910424883239],[1.0125005327139627,36.48751878740285],[1.0006095719923465,36.47837520751765],[0.9993904280076535,36.47996066894719]]],[[[1.0158546142954883,36.49135937807935],[1.0100622447445768,36.49068971026194],[1.0137196766986556,36.4859333259733],[1.0158546142954883,36.49135937807935]]]]},"properties":{"speed":0.4386,"dir_deg":52.4,"type":"قوي"}},{"type":"Feature","geometry":{"type":"MultiPolygon","coordinates":[[[[-0.4156673639246356,36.5208696634169],[-0.41510333918472625,36.50588027129805],[-0.41710192480057345,36.5058050679994],[-0.4176659495404828,36.52079446011825],[-0.4156673639246356,36.5208696634169]]],[[[-0.41591462374601335,36.50084620560911],[-0.413104753568879,36.5059554745967],[-0.4191005104164207,36.50572986470074],[-0.41591462374601335,36.50084620560911]]]]},"properties":{"speed":0.0734,"dir_deg":177.8,"type":"ضعيف"}},{"type":"Feature","geometry":{"type":"MultiPolygon","coordinates":[[[[-0.3740580070816185,36.52116769451586],[-0.3690235158573918,36.507037800740136],[-0.37090750169415476,36.50636653524357],[-0.3759419929183815,36.520496429019296],[-0.3740580070816185,36.52116769451586]]],[[[-0.3682873450343644,36.50199220339995],[-0.3671395300206289,36.5077090662367],[-0.3727914875309177,36.50569526974701],[-0.3682873450343644,36.50199220339995]]]]},"properties":{"speed":0.0655,"dir_deg":160.4,"type":"ضعيف"}},{"type":"Feature","geometry":{"type":"MultiPolygon","coordinates":[[[[-0.33259536732465045,36.521506888788274],[-0.3224729620141962,36.51043724964642],[-0.32394891389977687,36.50908759560503],[-0.33407131921023114,36.52015723474688],[-0.33259536732465045,36.521506888788274]]],[[[-0.3198368028535018,36.506072542911774],[-0.32099701012861553,36.51178690368782],[-0.3254248657853575,36.50773794156363],[-0.3198368028535018,36.506072542911774]]]]},"properties":{"speed":0.0547,"dir_deg":137.6,"type":"ضعيف"}},{"type":"Feature","geometry":{"type":"MultiPolygon","coordinates":[[[[-0.29148305846816336,36.52181506312938],[-0.27673803804108565,36.51906108916344],[-0.27710523456987735,36.51709508643984],[-0.29185025499695505,36.519849060405775],[-0.29148305846816336,36.52181506312938]]],[[[-0.2720066294964556,36.517160096479664],[-0.276370841512294,36.521027091887056],[-0.277472431098669,36.515129083716225],[-0.2720066294964556,36.517160096479664]]]]},"properties":{"speed":0.0451,"dir_deg":100.6,"type":"ضعيف"}},{"type":"Feature","geometry":{"type":"MultiPolygon","coordinates":[[[[-0.25040091904461986,36.52174817525381],[-0.23665921675109935,36.52776196092311],[-0.23585737866185963,36.52592973395064],[-0.24959908095538014,36.519915948281344],[-0.25040091904461986,36.52174817525381]]],[[[-0.231677730275306,36.52885044265997],[-0.23746105484033908,36.529594187895576],[-0.2350555405726199,36.52409750697817],[-0.231677730275306,36.52885044265997]]]]},"properties":{"speed":0.0473,"dir_deg":66.4,"type":"ضعيف"}},{"type":"Feature","geometry":{"type":"MultiPolygon","coordinates":[[[[-0.209061799738321,36.521517138011596],[-0.19878565607806956,36.53244420859222],[-0.19732871333398674,36.53107405610418],[-0.2076048569942382,36.52014698552356],[-0.209061799738321,36.521517138011596]]],[[[-0.19463180348594433,36.535401489208404],[-0.20024259882215237,36.533814361080246],[-0.19587177058990393,36.52970390361615],[-0.19463180348594433,36.535401489208404]]]]},"properties":{"speed":0.0532,"dir_deg":43.2,"type":"ضعيف"}},{"type":"Feature","geometry":{"type":"MultiPolygon","coordinates":[[[[-0.16752546636052426,36.52134438160636],[-0.15984066877873152,36.53422630250842],[-0.1581230793251238,36.533201662830855],[-0.16580787690691653,36.520319741928795],[-0.16752546636052426,36.52134438160636]]],[[[-0.15642027485799676,36.53800795630365],[-0.1615582582323392,36.535250942185996],[-0.1564054898715161,36.53217702315328],[-0.15642027485799676,36.53800795630365]]]]},"properties":{"speed":0.0633,"dir_deg":30.8,"type":"ضعيف"}},{"type":"Feature","geometry":{"type":"MultiPolygon","coordinates":[[[[-0.12588211641656005,36.52130309321837],[-0.11881664465467977,36.53453483946677],[-0.11705241182155963,36.533592776565186],[-0.12411788358343993,36.520361030316785],[-0.12588211641656005,36.52130309321837]]],[[[-0.1155793709841596,36.53847439009878],[-0.12058087748779989,36.53547690236836],[-0.11528817898843952,36.5326507136636],[-0.1155793709841596,36.53847439009878]]]]},"properties":{"speed":0.0705,"dir_deg":28.1,"type":"ضعيف"}},{"type":"Feature","geometry":{"type":"MultiPolygon","coordinates":[[[[-0.08420163367805464,36.5213281049353],[-0.0767609861622023,36.534352572853216],[-0.07502439043981342,36.53336048651777],[-0.08246503795566576,36.520336018599856],[-0.08420163367805464,36.5213281049353]]],[[[-0.07341247246239041,36.538198018991466],[-0.07849758188459119,36.53534465918867],[-0.07328779471742453,36.53236840018232],[-0.07341247246239041,36.538198018991466]]]]},"properties":{"speed":0.0565,"dir_deg":29.7,"type":"ضعيف"}},{"type":"Feature","geometry":{"type":"MultiPolygon","coordinates":[[[[-0.04263407934462532,36.521085271390454],[-0.03883593500143514,36.53559644293338],[-0.0369011121290447,36.53509002368763],[-0.04069925647223488,36.5205788521447],[-0.04263407934462532,36.521085271390454]]],[[[-0.036602475450843185,36.540180290491485],[-0.04077075787382558,36.53610286217914],[-0.03496628925665426,36.53458360444187],[-0.036602475450843185,36.540180290491485]]]]},"properties":{"speed":0.0619,"dir_deg":14.7,"type":"ضعيف"}},{"type":"Feature","geometry":{"type":"MultiPolygon","coordinates":[[[[-0.0009990626635261578,36.5207887744213],[-0.0016483728577356134,36.53577471437419],[0.0003497524693167022,36.53586128906675],[0.0009990626635261578,36.52087534911386],[-0.0009990626635261578,36.5207887744213]]],[[[-0.0008657469256126075,36.5408133150381],[-0.003646498184787929,36.53568813968163],[0.002347877796369018,36.53594786375931],[-0.0008657469256126075,36.5408133150381]]]]},"properties":{"speed":0.1687,"dir_deg":357.5,"type":"ضعيف"}},{"type":"Feature","geometry":{"type":"MultiPolygon","coordinates":[[[[0.04068663731062611,36.52063321502416],[0.0377039361593553,36.535333673991225],[0.039663997354963274,36.53573136747806],[0.042646698506234086,36.521030908510994],[0.04068663731062611,36.52063321502416]]],[[[0.037689733040069014,36.54043267372366],[0.035743874963747334,36.534935980504386],[0.04162405855057124,36.536129060964896],[0.037689733040069014,36.54043267372366]]]]},"properties":{"speed":0.3176,"dir_deg":348.5,"type":"متوسط"}},{"type":"Feature","geometry":{"type":"MultiPolygon","coordinates":[[[[0.08239028643591784,36.520499408998006],[0.07740049489233072,36.53464514971214],[0.07928659365421545,36.535310455251285],[0.08427638519780256,36.52116471453715],[0.08239028643591784,36.520499408998006]]],[[[0.07668028042541071,36.53969304938642],[0.07551439613044601,36.533979844173],[0.08117269241610016,36.53597576079043],[0.07668028042541071,36.53969304938642]]]]},"properties":{"speed":0.5003,"dir_deg":340.6,"type":"قوي"}},{"type":"Feature","geometry":{"type":"MultiPolygon","coordinates":[[[[0.12403634814585385,36.520564900572786],[0.12002893022402988,36.53501967838498],[0.12195623393232219,36.53555400077456],[0.12596365185414615,36.52109922296237],[0.12403634814585385,36.520564900572786]]],[[[0.11965677610423471,36.5401050988505],[0.11810162651573759,36.5344853559954],[0.12388353764061448,36.53608832316414],[0.11965677610423471,36.5401050988505]]]]},"properties":{"speed":0.6175,"dir_deg":344.5,"type":"قوي"}},{"type":"Feature","geometry":{"type":"MultiPolygon","coordinates":[[[[0.1656934163257474,36.52060233561429],[0.1622475240264956,36.535201165233886],[0.16419403464244156,36.53566061754046],[0.16763992694169338,36.521061787920864],[0.1656934163257474,36.52060233561429]]],[[[0.16207214856805133,36.54029716792704],[0.16030101341054961,36.53474171292732],[0.16614054525838753,36.53612006984702],[0.16207214856805133,36.54029716792704]]]]},"properties":{"speed":0.5133,"dir_deg":346.7,"type":"قوي"}},{"type":"Feature","geometry":{"type":"MultiPolygon","coordinates":[[[[0.20737572489879924,36.52054397219979],[0.20305438138194443,36.534908024211994],[0.2049695883169051,36.53548420334757],[0.20929093183375996,36.52112015133537],[0.20737572489879924,36.52054397219979]]],[[[0.20257153701047315,36.53998413111719],[0.2011391744469837,36.53433184507641],[0.20688479525186582,36.53606038248316],[0.20257153701047315,36.53998413111719]]]]},"properties":{"speed":0.3883,"dir_deg":343.3,"type":"قوي"}},{"type":"Feature","geometry":{"type":"MultiPolygon","coordinates":[[[[0.24907042573552574,36.5204634268712],[0.24354090228986575,36.53440704083832],[0.24540005081881427,36.53514431063107],[0.25092957426447426,36.52120069666395],[0.24907042573552574,36.5204634268712]]],[[[0.24262730207245337,36.53942354705706],[0.24168175376091722,36.53366977104556],[0.2472591993477628,36.535881580423826],[0.24262730207245337,36.53942354705706]]]]},"properties":{"speed":0.2229,"dir_deg":338.4,"type":"متوسط"}},{"type":"Feature","geometry":{"type":"MultiPolygon","coordinates":[[[[0.29089452727790066,36.520196596500824],[0.2813625482766148,36.5317785383207],[0.28290680718593186,36.53304946885421],[0.29243878618721775,36.52146752703433],[0.29089452727790066,36.520196596500824]]],[[[0.2789573513975113,36.53627465086075],[0.2798182893672977,36.5305076077872],[0.28445106609524895,36.53432039938771],[0.2789573513975113,36.53627465086075]]]]},"properties":{"speed":0.1283,"dir_deg":320.5,"type":"ضعيف"}},{"type":"Feature","geometry":{"type":"MultiPolygon","coordinates":[[[[0.33262355170340757,36.520127650001896],[0.3220573752182195,36.53077452346239],[0.3234769583462859,36.532183346993754],[0.334043134831474,36.52153647353326],[0.33262355170340757,36.520127650001896]]],[[[0.3192451079538567,36.535027893048245],[0.3206377920901531,36.529365699931034],[0.3248965414743523,36.53359217052511],[0.3192451079538567,36.535027893048245]]]]},"properties":{"speed":0.1041,"dir_deg":315.2,"type":"ضعيف"}},{"type":"Feature","geometry":{"type":"MultiPolygon","coordinates":[[[[0.37484539850377774,36.519844084856224],[0.36002574483348865,36.522163107299555],[0.36033494782593317,36.52413906112226],[0.37515460149622226,36.52182003867893],[0.37484539850377774,36.519844084856224]]],[[[0.35524046177294794,36.523924091692024],[0.35971654184104407,36.520187153476854],[0.36064415081837775,36.52611501494496],[0.35524046177294794,36.523924091692024]]]]},"properties":{"speed":0.0484,"dir_deg":278.9,"type":"ضعيف"}},{"type":"Feature","geometry":{"type":"MultiPolygon","coordinates":[[[[0.4176666532547914,36.520834699100234],[0.4177062132445999,36.505834751266754],[0.4157062202001355,36.50582947660144],[0.415666660210327,36.52082942443492],[0.4176666532547914,36.520834699100234]]],[[[0.4167194033856372,36.50083213132294],[0.41970620628906424,36.50584002593206],[0.4137062271556711,36.505824201936136],[0.4167194033856372,36.50083213132294]]]]},"properties":{"speed":0.1163,"dir_deg":179.8,"type":"ضعيف"}},{"type":"Feature","geometry":{"type":"MultiPolygon","coordinates":[[[[0.4592668321963126,36.5211906679857],[0.46464592546810163,36.50718833405262],[0.46277894761035804,36.50647112161638],[0.457399854338569,36.52047345554946],[0.4592668321963126,36.5211906679857]]],[[[0.46550546762982614,36.502162283190145],[0.4665129033258452,36.50790554648886],[0.46091196975261445,36.50575390918014],[0.46550546762982614,36.502162283190145]]]]},"properties":{"speed":0.1932,"dir_deg":159.0,"type":"متوسط"}},{"type":"Feature","geometry":{"type":"MultiPolygon","coordinates":[[[[0.5008259603405973,36.52139578999621],[0.509281883770128,36.50900638488725],[0.5076299630889333,36.50787892842998],[0.4991740396594027,36.520268333538944],[0.5008259603405973,36.52139578999621]]],[[[0.5112745645727076,36.50431285495563],[0.5109338044513225,36.51013384134452],[0.5059780424077387,36.50675147197271],[0.5112745645727076,36.50431285495563]]]]},"properties":{"speed":0.2179,"dir_deg":145.7,"type":"متوسط"}},{"type":"Feature","geometry":{"type":"MultiPolygon","coordinates":[[[[0.5423921451554187,36.52152032755191],[0.5527161319204669,36.51063844824385],[0.5512652146793927,36.509261916675186],[0.5409412279143445,36.520143795983245],[0.5423921451554187,36.52152032755191]]],[[[0.5554320022216126,36.50632288935684],[0.5541670491615411,36.51201497981253],[0.5498142974383184,36.50788538510651],[0.5554320022216126,36.50632288935684]]]]},"properties":{"speed":0.2224,"dir_deg":136.5,"type":"متوسط"}},{"type":"Feature","geometry":{"type":"MultiPolygon","coordinates":[[[[0.5839734177937557,36.52160034976596],[0.5954977377695058,36.5119987848364],[0.5942175291122312,36.510462208839634],[0.5826932091364811,36.520063773769195],[0.5839734177937557,36.52160034976596]]],[[[0.5986990734327852,36.50802997519483],[0.5967779464267802,36.51353536083317],[0.5929373204549568,36.50892563284287],[0.5986990734327852,36.50802997519483]]]]},"properties":{"speed":0.2345,"dir_deg":129.8,"type":"متوسط"}},{"type":"Feature","geometry":{"type":"MultiPolygon","coordinates":[[[[0.6254981780279671,36.521699136535084],[0.6385042995406016,36.51422646611557],[0.6375079434846673,36.51249231658056],[0.6245018219720329,36.51996498700007],[0.6254981780279671,36.521699136535084]]],[[[0.6423414953501793,36.510868501208236],[0.639500655596536,36.51596061565059],[0.6365115874287329,36.510758167045545],[0.6423414953501793,36.510868501208236]]]]},"properties":{"speed":0.2325,"dir_deg":119.9,"type":"متوسط"}},{"type":"Feature","geometry":{"type":"MultiPolygon","coordinates":[[[[0.6669567504072703,36.52178906905592],[0.6813118597323622,36.51743811097009],[0.6807317319875847,36.515524096393406],[0.6663766226624929,36.519875054479236],[0.6669567504072703,36.52178906905592]]],[[[0.6858068323016707,36.515030784319805],[0.6818919874771397,36.51935212554677],[0.6801516042428072,36.51361008181673],[0.6858068323016707,36.515030784319805]]]]},"properties":{"speed":0.2169,"dir_deg":106.9,"type":"متوسط"}},{"type":"Feature","geometry":{"type":"MultiPolygon","coordinates":[[[[0.7084545086856917,36.521824690458736],[0.7233439390530627,36.52000676215014],[0.7231015486119161,36.51802150476782],[0.7082121182445451,36.51983943307642],[0.7084545086856917,36.521824690458736]]],[[[0.7281858872882798,36.51840815735611],[0.7235863294942094,36.521992019532455],[0.7228591581707694,36.51603624738551],[0.7281858872882798,36.51840815735611]]]]},"properties":{"speed":0.2043,"dir_deg":97.0,"type":"متوسط"}},{"type":"Feature","geometry":{"type":"MultiPolygon","coordinates":[[[[0.7498585023356217,36.521822000357076],[0.764707581178078,36.52394446532275],[0.7649905765068347,36.52196458814375],[0.7501414976643783,36.51984212317808],[0.7498585023356217,36.521822000357076]]],[[[0.7697987717899418,36.523662015055145],[0.7644245858493215,36.525924342501746],[0.7652735718355912,36.519984710964756],[0.7697987717899418,36.523662015055145]]]]},"properties":{"speed":0.2072,"dir_deg":81.9,"type":"متوسط"}},{"type":"Feature","geometry":{"type":"MultiPolygon","coordinates":[[[[0.7914585579902971,36.5218101632495],[0.8061300802190591,36.524932091418265],[0.8065463373082281,36.522975888454425],[0.7918748150794661,36.51985396028566],[0.7914585579902971,36.5218101632495]]],[[[0.811228716173231,36.524994632659265],[0.8057138231298901,36.5268882943821],[0.806962594397397,36.52101968549059],[0.811228716173231,36.524994632659265]]]]},"properties":{"speed":0.2376,"dir_deg":78.0,"type":"متوسط"}},{"type":"Feature","geometry":{"type":"MultiPolygon","coordinates":[[[[0.832925951333371,36.521745328483064],[0.846624952065691,36.527855760459275],[0.8474396763291858,36.5260292270283],[0.8337406755968658,36.51991879505209],[0.832925951333371,36.521745328483064]]],[[[0.8515986477748784,36.528979304402526],[0.8458102278021963,36.529682293890254],[0.8482544005926805,36.524202693597324],[0.8515986477748784,36.528979304402526]]]]},"properties":{"speed":0.3328,"dir_deg":66.0,"type":"متوسط"}},{"type":"Feature","geometry":{"type":"MultiPolygon","coordinates":[[[[0.8745573396393238,36.521728751125764],[0.8880076800121308,36.5283686565359],[0.8888930007334832,36.52657527781953],[0.8754426603606762,36.51993537240939],[0.8745573396393238,36.521728751125764]]],[[[0.8929337871637426,36.529685268981105],[0.8871223592907785,36.53016203525228],[0.8897783214548355,36.524781899103154],[0.8929337871637426,36.529685268981105]]]]},"properties":{"speed":0.46,"dir_deg":63.7,"type":"قوي"}},{"type":"Feature","geometry":{"type":"MultiPolygon","coordinates":[[[[0.9161890940552917,36.52171064325125],[0.9293678163102684,36.528874530445094],[0.9303230012694482,36.52711736747776],[0.9171442790144715,36.51995348028391],[0.9161890940552917,36.52171064325125]]],[[[0.9342383162081839,36.53038391135937],[0.9284126313510888,36.530631693412424],[0.9312781862286279,36.52536020451043],[0.9342383162081839,36.53038391135937]]]]},"properties":{"speed":0.5673,"dir_deg":61.5,"type":"قوي"}},{"type":"Feature","geometry":{"type":"MultiPolygon","coordinates":[[[[0.9578687801809156,36.521717617428095],[0.9711521150886204,36.528685616691135],[0.9720811816570261,36.5269145053701],[0.9587978467493212,36.51994650610706],[0.9578687801809156,36.521717617428095]]],[[[0.9760444266753915,36.530122727451634],[0.9702230485202149,36.53045672801216],[0.9730102482254316,36.525143394049074],[0.9760444266753915,36.530122727451634]]]]},"properties":{"speed":0.6244,"dir_deg":62.3,"type":"قوي"}},{"type":"Feature","geometry":{"type":"MultiPolygon","coordinates":[[[[0.9995541545030916,36.52172717170099],[1.012980803504218,36.52841485415461],[1.013872494498035,36.52662463428779],[1.0004458454969085,36.51993695183417],[0.9995541545030916,36.52172717170099]]],[[[1.0179021986681687,36.52974897170575],[1.0120891125104012,36.530205074021424],[1.0147641854918519,36.52483441442098],[1.0179021986681687,36.52974897170575]]]]},"properties":{"speed":0.6613,"dir_deg":63.5,"type":"قوي"}},{"type":"Feature","geometry":{"type":"MultiPolygon","coordinates":[[[[-0.41566829221721124,36.56255716899941],[-0.4148107572259993,36.547581701269195],[-0.4168074862566952,36.54746736327037],[-0.41766502124790716,36.56244283100059],[-0.41566829221721124,36.56255716899941]]],[[[-0.41552327674427664,36.54253270969304],[-0.41281402819530333,36.547696039268025],[-0.4188042152873912,36.54735302527154],[-0.41552327674427664,36.54253270969304]]]]},"properties":{"speed":0.1041,"dir_deg":176.7,"type":"ضعيف"}},{"type":"Feature","geometry":{"type":"MultiPolygon","coordinates":[[[[-0.37404722367250554,36.56280367296515],[-0.36949212919517693,36.548512028052734],[-0.37139768185016586,36.54790468212243],[-0.37595277632749446,36.56219632703485],[-0.37404722367250554,36.56280367296515]]],[[[-0.3689265406968952,36.54344447345011],[-0.367586576540188,36.549119373983046],[-0.3733032345051548,36.547297336192116],[-0.3689265406968952,36.54344447345011]]]]},"properties":{"speed":0.0939,"dir_deg":162.3,"type":"ضعيف"}},{"type":"Feature","geometry":{"type":"MultiPolygon","coordinates":[[[[-0.33251323745623435,36.563072211899936],[-0.3239300589572333,36.55077062473184],[-0.3255702705796462,36.54962620093197],[-0.33415344907864725,36.561927788100064],[-0.33251323745623435,36.563072211899936]]],[[[-0.32188910526877273,36.54609788377587],[-0.3222898473348204,36.551915048531704],[-0.3272104822020591,36.5484817771321],[-0.32188910526877273,36.54609788377587]]]]},"properties":{"speed":0.0722,"dir_deg":145.1,"type":"ضعيف"}},{"type":"Feature","geometry":{"type":"MultiPolygon","coordinates":[[[[-0.29149303260190695,36.56348481199284],[-0.2767208527092021,36.56088045003306],[-0.2770681009705066,36.558910826047374],[-0.29184028086321145,36.56151518800716],[-0.29149303260190695,36.56348481199284]]],[[[-0.2719704168756194,36.55902751738696],[-0.27637360444789766,36.562850074018755],[-0.27741534923181105,36.55694120206168],[-0.2719704168756194,36.55902751738696]]]]},"properties":{"speed":0.042,"dir_deg":100.0,"type":"ضعيف"}},{"type":"Feature","geometry":{"type":"MultiPolygon","coordinates":[[[[-0.25068420857241586,36.56322928638369],[-0.23974491281709678,36.57349241496993],[-0.23837649567226502,36.57203384220255],[-0.24931579142758412,36.56177071361631],[-0.25068420857241586,36.56322928638369]]],[[[-0.23541427232624118,36.57618417144832],[-0.24111332996192852,36.5749509877373],[-0.23700807852743327,36.570575269435174],[-0.23541427232624118,36.57618417144832]]]]},"properties":{"speed":0.0495,"dir_deg":46.8,"type":"ضعيف"}},{"type":"Feature","geometry":{"type":"MultiPolygon","coordinates":[[[[-0.20916260497278022,36.563058838357584],[-0.2007800296089715,36.575497987455094],[-0.19912147639597028,36.574380310739926],[-0.20750405175977898,36.561941161642416],[-0.20916260497278022,36.563058838357584]]],[[[-0.19715656121453465,36.579085532130016],[-0.20243858282197277,36.57661566417027],[-0.197462923182969,36.57326263402475],[-0.19715656121453465,36.579085532130016]]]]},"properties":{"speed":0.0663,"dir_deg":34.0,"type":"ضعيف"}},{"type":"Feature","geometry":{"type":"MultiPolygon","coordinates":[[[[-0.1674937307998957,36.563062114877624],[-0.15906200763554681,36.57546800237025],[-0.15740788930319619,36.574343772615],[-0.16583961246754508,36.561937885122376],[-0.1674937307998957,36.563062114877624]]],[[[-0.1554243740812552,36.579041183323504],[-0.16071612596789742,36.5765922321255],[-0.15575377097084558,36.57321954285975],[-0.1554243740812552,36.579041183323504]]]]},"properties":{"speed":0.079,"dir_deg":34.2,"type":"ضعيف"}},{"type":"Feature","geometry":{"type":"MultiPolygon","coordinates":[[[[-0.12582342851867298,36.56306742001607],[-0.11731212827763424,36.575418847796165],[-0.11566527124028828,36.57428400776403],[-0.12417657148132702,36.56193257998393],[-0.12582342851867298,36.56306742001607]]],[[[-0.113651599678615,36.57896857037346],[-0.11895898531498018,36.5765536878283],[-0.11401841420294233,36.57314916773189],[-0.113651599678615,36.57896857037346]]]]},"properties":{"speed":0.079,"dir_deg":34.6,"type":"ضعيف"}},{"type":"Feature","geometry":{"type":"MultiPolygon","coordinates":[[[[-0.08423991242451499,36.562922041294726],[-0.07790929300364029,36.576520690409545],[-0.0760961397883307,36.57567660782009],[-0.0824267592092054,36.562077958705274],[-0.08423991242451499,36.562922041294726]]],[[[-0.07489250992236059,36.5806315321531],[-0.07972244621894986,36.57736477299899],[-0.07428298657302113,36.57483252523065],[-0.07489250992236059,36.5806315321531]]]]},"properties":{"speed":0.0653,"dir_deg":25.0,"type":"ضعيف"}},{"type":"Feature","geometry":{"type":"MultiPolygon","coordinates":[[[[-0.04266533807897515,36.5624484452673],[-0.04343865906943844,36.57742849782547],[-0.04144131872834834,36.57753160729087],[-0.04066799773788505,36.5625515547327],[-0.04266533807897515,36.5624484452673]]],[[[-0.04269776256238115,36.5824734034109],[-0.045435999410528546,36.57732538836008],[-0.03944397838725823,36.577634716756265],[-0.04269776256238115,36.5824734034109]]]]},"properties":{"speed":0.0991,"dir_deg":357.0,"type":"ضعيف"}},{"type":"Feature","geometry":{"type":"MultiPolygon","coordinates":[[[[-0.0009570797757233592,36.56221017539286],[-0.005304448882757862,36.576566372028715],[-0.0033902893313111438,36.57714602124299],[0.0009570797757233592,36.56278982460714],[-0.0009570797757233592,36.56221017539286]]],[[[-0.005796492142712672,36.58164159551447],[-0.007218608434204581,36.57598672281444],[-0.0014761297798644253,36.57772567045726],[-0.005796492142712672,36.58164159551447]]]]},"properties":{"speed":0.2246,"dir_deg":343.2,"type":"متوسط"}},{"type":"Feature","geometry":{"type":"MultiPolygon","coordinates":[[[[0.040759756269313795,36.56207867912604],[0.03443994315989663,36.575682353712786],[0.03625376643812924,36.57652499546071],[0.042573579547546404,36.56292132087396],[0.040759756269313795,36.56207867912604]]],[[[0.03324025042920721,36.58063823278233],[0.03262611988166403,36.57483971196486],[0.038067589716361844,36.57736763720863],[0.03324025042920721,36.58063823278233]]]]},"properties":{"speed":0.4076,"dir_deg":335.1,"type":"قوي"}},{"type":"Feature","geometry":{"type":"MultiPolygon","coordinates":[[[[0.08242329003357333,36.562085492253004],[0.07620567382859524,36.575736179002305],[0.07802576539516896,36.5765651944963],[0.08424338160014706,36.562914507746996],[0.08242329003357333,36.562085492253004]]],[[[0.0750431808768894,36.58070091566574],[0.07438558226202152,36.57490716350831],[0.07984585696174268,36.577394209990295],[0.0750431808768894,36.58070091566574]]]]},"properties":{"speed":0.5911,"dir_deg":335.5,"type":"قوي"}},{"type":"Feature","geometry":{"type":"MultiPolygon","coordinates":[[[[0.12404911933480779,36.562190442314645],[0.11940575405445189,36.57645365229253],[0.1213075153848363,36.57707276766324],[0.12595088066519222,36.562809557685355],[0.12404911933480779,36.562190442314645]]],[[[0.1188088462928588,36.581517613303845],[0.11750399272406747,36.57583453692181],[0.12320927671522072,36.57769188303396],[0.1188088462928588,36.581517613303845]]]]},"properties":{"speed":0.603,"dir_deg":342.0,"type":"قوي"}},{"type":"Feature","geometry":{"type":"MultiPolygon","coordinates":[[[[0.16571444441444744,36.56219460955667],[0.16113358776453723,36.576478017845766],[0.16303804220308316,36.577088798732426],[0.16761889885299336,36.56280539044333],[0.16571444441444744,36.56219460955667]]],[[[0.16055886276717346,36.58154454438546],[0.15922913332599128,36.57586723695911],[0.1649424966416291,36.57769957961908],[0.16055886276717346,36.58154454438546]]]]},"properties":{"speed":0.4659,"dir_deg":342.2,"type":"قوي"}},{"type":"Feature","geometry":{"type":"MultiPolygon","coordinates":[[[[0.20742127639653057,36.56208992536719],[0.20127015690433236,36.575770704913424],[0.20309426084383042,36.576590854179045],[0.20924538033602863,36.56291007463281],[0.20742127639653057,36.56208992536719]]],[[[0.2001318357100153,36.58074103939498],[0.19944605296483428,36.574950555647796],[0.2049183647833285,36.577411003444674],[0.2001318357100153,36.58074103939498]]]]},"properties":{"speed":0.337,"dir_deg":335.8,"type":"متوسط"}},{"type":"Feature","geometry":{"type":"MultiPolygon","coordinates":[[[[0.24919062930228955,36.56191270188687],[0.24038115760531883,36.57405326235253],[0.24199989900073973,36.57522785857879],[0.2508093706977105,36.56308729811313],[0.24919062930228955,36.56191270188687]]],[[[0.2382540377373724,36.578687413954206],[0.2387624162098979,36.572878666126265],[0.24361864039616066,36.576402454805056],[0.2382540377373724,36.578687413954206]]]]},"properties":{"speed":0.2098,"dir_deg":324.0,"type":"متوسط"}},{"type":"Feature","geometry":{"type":"MultiPolygon","coordinates":[[[[0.2909825404268235,36.56177062706369],[0.28004194638212154,36.572032371649726],[0.281410178993593,36.57349111752235],[0.29235077303829493,36.56322937293631],[0.2909825404268235,36.56177062706369]]],[[[0.27707919800628994,36.57618232611471],[0.27867371377065014,36.5705736257771],[0.2827784116050644,36.57494986339498],[0.27707919800628994,36.57618232611471]]]]},"properties":{"speed":0.1751,"dir_deg":313.2,"type":"ضعيف"}},{"type":"Feature","geometry":{"type":"MultiPolygon","coordinates":[[[[0.3327587727757892,36.56168154490036],[0.32048194628122123,36.570300102275134],[0.32163108726452444,36.571937012474415],[0.3339079137590924,36.56331845509964],[0.3327587727757892,36.56168154490036]]],[[[0.31696424127468353,36.573991409833035],[0.319332805297918,36.56866319207586],[0.32278022824782765,36.57357392267369],[0.31696424127468353,36.573991409833035]]]]},"properties":{"speed":0.1311,"dir_deg":305.1,"type":"ضعيف"}},{"type":"Feature","geometry":{"type":"MultiPolygon","coordinates":[[[[0.3755160861072065,36.56164346329329],[0.3626680355064967,36.55390217168519],[0.3616358632920837,36.555615245098615],[0.3744839138927935,36.56335653670671],[0.3755160861072065,36.56164346329329]]],[[[0.35786926586572027,36.55217827785587],[0.36370020772090966,36.55218909827176],[0.3606036910776707,36.55732831851204],[0.35786926586572027,36.55217827785587]]]]},"properties":{"speed":0.0879,"dir_deg":238.9,"type":"ضعيف"}},{"type":"Feature","geometry":{"type":"MultiPolygon","coordinates":[[[[0.41764357750095554,36.56228639800498],[0.4144395475756786,36.54763258647903],[0.4124857060388859,36.548059790469075],[0.41568973596416287,36.56271360199502],[0.41764357750095554,36.56228639800498]]],[[[0.4123946168321899,36.542961584632074],[0.4163933891124713,36.547205382489],[0.41053186450209317,36.54848699445911],[0.4123946168321899,36.542961584632074]]]]},"properties":{"speed":0.1694,"dir_deg":192.3,"type":"ضعيف"}},{"type":"Feature","geometry":{"type":"MultiPolygon","coordinates":[[[[0.4593320934745866,36.56254998023336],[0.46008179697491797,36.54756872712617],[0.4580842965606264,36.547468766659456],[0.457334593060295,36.56245001976664],[0.4593320934745866,36.56254998023336]]],[[[0.45933294793454926,36.542524995857086],[0.4620792973892095,36.54766868759288],[0.45608679614633485,36.54736880619274],[0.45933294793454926,36.542524995857086]]]]},"properties":{"speed":0.227,"dir_deg":177.1,"type":"متوسط"}},{"type":"Feature","geometry":{"type":"MultiPolygon","coordinates":[[[[0.5009705203186064,36.56274101931701],[0.5045858100737584,36.548183214537914],[0.5026447694365455,36.547701175903896],[0.49902947968139355,36.56225898068299],[0.5009705203186064,36.56274101931701]]],[[[0.5048203863402025,36.54308959362787],[0.5065268507109713,36.54866525317193],[0.5007037287993326,36.54721913726988],[0.5048203863402025,36.54308959362787]]]]},"properties":{"speed":0.2326,"dir_deg":166.1,"type":"متوسط"}},{"type":"Feature","geometry":{"type":"MultiPolygon","coordinates":[[[[0.5425808787015581,36.56290528099189],[0.5486600935799072,36.54919239849174],[0.5468317092465541,36.54838183650796],[0.540752494368205,36.56209471900811],[0.5425808787015581,36.56290528099189]]],[[[0.5497723063726804,36.54421615666647],[0.5504884779132602,36.55000296047552],[0.5450033249132011,36.54757127452418],[0.5497723063726804,36.54421615666647]]]]},"properties":{"speed":0.2211,"dir_deg":156.1,"type":"متوسط"}},{"type":"Feature","geometry":{"type":"MultiPolygon","coordinates":[[[[0.5841915140857813,36.56301331442089],[0.5918912303991337,36.55014030511095],[0.590174829157808,36.549113676269165],[0.5824751128444555,36.56198668557911],[0.5841915140857813,36.56301331442089]]],[[[0.5935996018829216,36.54533598758674],[0.5936076316404596,36.55116693395273],[0.5884584279164821,36.54808704742739],[0.5935996018829216,36.54533598758674]]]]},"properties":{"speed":0.2156,"dir_deg":149.1,"type":"متوسط"}},{"type":"Feature","geometry":{"type":"MultiPolygon","coordinates":[[[[0.6257882516635116,36.56311535300029],[0.6350185466679259,36.55129157804762],[0.6334420433409027,36.550060872047034],[0.6242117483364884,36.56188464699971],[0.6257882516635116,36.56311535300029]]],[[[0.6373070600058857,36.546734966729765],[0.6365950499949491,36.55252228404821],[0.6318655400138795,36.54883016604644],[0.6373070600058857,36.546734966729765]]]]},"properties":{"speed":0.1752,"dir_deg":142.0,"type":"ضعيف"}},{"type":"Feature","geometry":{"type":"MultiPolygon","coordinates":[[[[0.667351549969823,36.56322867144549],[0.6782816216522524,36.55295571992137],[0.6769118947823695,36.551498377030384],[0.6659818230999401,36.56177132855451],[0.667351549969823,36.56322867144549]]],[[[0.6812401154447872,36.54880273130117],[0.6796513485221353,36.554413062812365],[0.6755421679124866,36.55004103413939],[0.6812401154447872,36.54880273130117]]]]},"properties":{"speed":0.1286,"dir_deg":133.2,"type":"ضعيف"}},{"type":"Feature","geometry":{"type":"MultiPolygon","coordinates":[[[[0.7089318386109169,36.56330110401937],[0.72094839890143,36.55432322683239],[0.719751348609833,36.552721018793655],[0.7077347883193199,36.56169889598063],[0.7089318386109169,36.56330110401937]]],[[[0.7243553938524693,36.55052949708403],[0.7221454491930271,36.55592543487112],[0.7185542983182359,36.55111881075492],[0.7243553938524693,36.55052949708403]]]]},"properties":{"speed":0.1061,"dir_deg":126.8,"type":"ضعيف"}},{"type":"Feature","geometry":{"type":"MultiPolygon","coordinates":[[[[0.7503225236139939,36.563446561418196],[0.7645209448869267,36.558608707208286],[0.7638758976589389,36.556715584371894],[0.7496774763860061,36.561553438581804],[0.7503225236139939,36.563446561418196]]],[[[0.7689312283639104,36.55604952772012],[0.7651659921149145,36.56050183004468],[0.7632308504309511,36.5548224615355],[0.7689312283639104,36.55604952772012]]]]},"properties":{"speed":0.0982,"dir_deg":108.8,"type":"ضعيف"}},{"type":"Feature","geometry":{"type":"MultiPolygon","coordinates":[[[[0.7918212446280603,36.56348798370221],[0.8066410001612134,36.56116961230453],[0.8063318839748561,36.55919364490011],[0.7915121284417029,36.56151201629779],[0.7918212446280603,36.56348798370221]]],[[[0.8114263605790858,36.55940883813643],[0.8069501163475706,36.56314557970895],[0.8060227677884989,36.55721767749569],[0.8114263605790858,36.55940883813643]]]]},"properties":{"speed":0.1212,"dir_deg":98.9,"type":"ضعيف"}},{"type":"Feature","geometry":{"type":"MultiPolygon","coordinates":[[[[0.8331356895076231,36.5634802779052],[0.8478398580856276,36.56644463726763],[0.8482351060006182,36.56448408145723],[0.8335309374226137,36.5615197220948],[0.8331356895076231,36.5634802779052]]],[[[0.8529388715691244,36.56645247914991],[0.847444610170637,36.56840519307803],[0.8486303539156088,36.56252352564683],[0.8529388715691244,36.56645247914991]]]]},"properties":{"speed":0.174,"dir_deg":78.6,"type":"ضعيف"}},{"type":"Feature","geometry":{"type":"MultiPolygon","coordinates":[[[[0.8746365636887764,36.56343161904644],[0.8886108493853312,36.568883163714794],[0.8893377220077784,36.56701992562191],[0.8753634363112236,36.56156838095356],[0.8746365636887764,36.56343161904644]]],[[[0.8936323809287398,36.569768726224474],[0.8878839767628839,36.57074640180767],[0.8900645946302257,36.56515668752904],[0.8936323809287398,36.569768726224474]]]]},"properties":{"speed":0.275,"dir_deg":68.7,"type":"متوسط"}},{"type":"Feature","geometry":{"type":"MultiPolygon","coordinates":[[[[0.9163336394628426,36.563442910201346],[0.9304772924830639,36.56843861628193],[0.9311433866271418,36.56655279587924],[0.9169997336069206,36.561557089798654],[0.9163336394628426,36.563442910201346]]],[[[0.9355248905618433,36.56916094144078],[0.9298111983389861,36.57032443668463],[0.9318094807712196,36.56466697547654],[0.9355248905618433,36.56916094144078]]]]},"properties":{"speed":0.3992,"dir_deg":70.5,"type":"قوي"}},{"type":"Feature","geometry":{"type":"MultiPolygon","coordinates":[[[[0.9579751688308195,36.56343366611855],[0.9719801606090265,36.568805835633036],[0.9726964498776244,36.56693850339594],[0.9586914580994174,36.56156633388145],[0.9579751688308195,36.56343366611855]]],[[[0.9770066358360611,36.569662892685976],[0.9712638713404286,36.570673167870126],[0.9734127391462223,36.56507117115885],[0.9770066358360611,36.569662892685976]]]]},"properties":{"speed":0.5351,"dir_deg":69.0,"type":"قوي"}},{"type":"Feature","geometry":{"type":"MultiPolygon","coordinates":[[[[0.99960742568097,36.56341972028576],[1.013403229967368,36.569308335071206],[1.0141883786054278,36.56746889449969],[1.0003925743190298,36.56158027971424],[0.99960742568097,36.56341972028576]]],[[[1.0183944057151975,36.570351486380595],[1.0126180813293082,36.57114777564273],[1.0149735272434877,36.56562945392817],[1.0183944057151975,36.570351486380595]]]]},"properties":{"speed":0.6698,"dir_deg":66.9,"type":"قوي"}},{"type":"Feature","geometry":{"type":"MultiPolygon","coordinates":[[[[-0.4157117697758656,36.60446490775937],[-0.411257226871628,36.590141603408966],[-0.4131670007850152,36.58954766435507],[-0.4176215436892528,36.60387096870547],[-0.4157117697758656,36.60446490775937]]],[[[-0.41072726619357575,36.58507019909855],[-0.4093474529582408,36.590735542462866],[-0.41507677469840243,36.58895372530117],[-0.41072726619357575,36.58507019909855]]]]},"properties":{"speed":0.1359,"dir_deg":162.7,"type":"ضعيف"}},{"type":"Feature","geometry":{"type":"MultiPolygon","coordinates":[[[[-0.37412080709249174,36.60464440421377],[-0.3669738173721885,36.59145651060115],[-0.368732203187205,36.59050357863845],[-0.37587919290750826,36.60369147225107],[-0.37412080709249174,36.60464440421377]]],[[[-0.36547068037292896,36.586584080082254],[-0.365215431557172,36.592409442563856],[-0.3704905890022215,36.58955064667574],[-0.36547068037292896,36.586584080082254]]]]},"properties":{"speed":0.1202,"dir_deg":151.5,"type":"ضعيف"}},{"type":"Feature","geometry":{"type":"MultiPolygon","coordinates":[[[[-0.3326047409149357,36.60485287517253],[-0.3223306868133211,36.59392383988496],[-0.3237878915183313,36.592553966004736],[-0.3340619456199459,36.60348300129231],[-0.3326047409149357,36.60485287517253]]],[[[-0.319634604465288,36.58959589118232],[-0.32087348210831085,36.59529371376517],[-0.3252450962233416,36.59118409212452],[-0.319634604465288,36.58959589118232]]]]},"properties":{"speed":0.0938,"dir_deg":136.8,"type":"ضعيف"}},{"type":"Feature","geometry":{"type":"MultiPolygon","coordinates":[[[[-0.2915032302856277,36.60515449375364],[-0.2767048974673758,36.60270309704966],[-0.27703175036123884,36.60072998600723],[-0.2918300831794907,36.603181382711206],[-0.2915032302856277,36.60515449375364]]],[[[-0.2719355463082233,36.60089940929379],[-0.2763780445735128,36.604676208092094],[-0.27735860325510187,36.5987568749648],[-0.2719355463082233,36.60089940929379]]]]},"properties":{"speed":0.0582,"dir_deg":99.4,"type":"ضعيف"}},{"type":"Feature","geometry":{"type":"MultiPolygon","coordinates":[[[[-0.2505693819280355,36.6049900113557],[-0.23823828507876976,36.61353074027624],[-0.23709952122269873,36.61188659402968],[-0.24943061807196448,36.60334586510914],[-0.2505693819280355,36.6049900113557]]],[[[-0.23355853753431233,36.615555576793135],[-0.23937704893484085,36.61517488652281],[-0.23596075736662764,36.61024244778311],[-0.23355853753431233,36.615555576793135]]]]},"properties":{"speed":0.059,"dir_deg":55.3,"type":"ضعيف"}},{"type":"Feature","geometry":{"type":"MultiPolygon","coordinates":[[[[-0.20899357773469313,36.60491898468339],[-0.197727880970194,36.61482272520959],[-0.19640738223336696,36.61332063230766],[-0.20767307899786608,36.60341689178146],[-0.20899357773469313,36.60491898468339]]],[[[-0.19331239934694744,36.61737292560069],[-0.19904837970702105,36.61632481811153],[-0.1950868834965399,36.611818539405725],[-0.19331239934694744,36.61737292560069]]]]},"properties":{"speed":0.0733,"dir_deg":48.7,"type":"ضعيف"}},{"type":"Feature","geometry":{"type":"MultiPolygon","coordinates":[[[[-0.16730507412962414,36.60493764093686],[-0.1557595335630084,36.61451367837542],[-0.1544827285712009,36.61297427296654],[-0.16602826913781665,36.60339823552798],[-0.16730507412962414,36.60493764093686]]],[[[-0.1512726175448994,36.616935988150495],[-0.15703633855481589,36.6160530837843],[-0.15320592357939342,36.611434867557655],[-0.1512726175448994,36.616935988150495]]]]},"properties":{"speed":0.0839,"dir_deg":50.3,"type":"ضعيف"}},{"type":"Feature","geometry":{"type":"MultiPolygon","coordinates":[[[[-0.12573802704487697,36.60484270936475],[-0.1156164600598798,36.615913115037905],[-0.11414040597012584,36.61456357277324],[-0.12426197295512302,36.60349316710009],[-0.12573802704487697,36.60484270936475]]],[[[-0.11150457735333709,36.61892847912996],[-0.11709251414963376,36.617262657302575],[-0.11266435188037188,36.61321403050857],[-0.11150457735333709,36.61892847912996]]]]},"properties":{"speed":0.0761,"dir_deg":42.4,"type":"ضعيف"}},{"type":"Feature","geometry":{"type":"MultiPolygon","coordinates":[[[[-0.08431698311672357,36.60434804372782],[-0.08161540068579803,36.61910275322577],[-0.07964810608607129,36.618742542234976],[-0.08234968851699682,36.603987832737026],[-0.08431698311672357,36.60434804372782]]],[[[-0.07973122590895948,36.623840884229686],[-0.08358269528552478,36.61946296421656],[-0.07768081148634454,36.618382331244185],[-0.07973122590895948,36.623840884229686]]]]},"properties":{"speed":0.0787,"dir_deg":10.4,"type":"ضعيف"}},{"type":"Feature","geometry":{"type":"MultiPolygon","coordinates":[[[[-0.04262594110954466,36.603885458276274],[-0.04686314045171294,36.618274556292995],[-0.044944594049483824,36.61883951620529],[-0.04070739470731554,36.60445041818857],[-0.04262594110954466,36.603885458276274]]],[[[-0.04731626703132114,36.623353402254715],[-0.04878168685394206,36.617709596380706],[-0.043026047647254706,36.61940447611758],[-0.04731626703132114,36.623353402254715]]]]},"properties":{"speed":0.1497,"dir_deg":343.6,"type":"ضعيف"}},{"type":"Feature","geometry":{"type":"MultiPolygon","coordinates":[[[[-0.0008854529566048269,36.60370320921284],[-0.007856388250304545,36.61698500356191],[-0.006085482337094891,36.617914461601075],[0.0008854529566048269,36.604632667252005],[-0.0008854529566048269,36.60370320921284]]],[[[-0.009294580391599624,36.62187699736452],[-0.009627294163514198,36.61605554552275],[-0.0043145764238852365,36.618843919640234],[-0.009294580391599624,36.62187699736452]]]]},"properties":{"speed":0.3178,"dir_deg":332.3,"type":"متوسط"}},{"type":"Feature","geometry":{"type":"MultiPolygon","coordinates":[[[[0.04079443256160003,36.603678851839504],[0.033458136667788844,36.616762382041955],[0.035202607361448986,36.61774055482779],[0.04253890325526017,36.60465702462534],[0.04079443256160003,36.603678851839504]]],[[[0.03188494005001519,36.62161264516902],[0.0317136659741287,36.61578420925611],[0.03694707805510913,36.61871872761363],[0.03188494005001519,36.62161264516902]]]]},"properties":{"speed":0.5402,"dir_deg":330.7,"type":"قوي"}},{"type":"Feature","geometry":{"type":"MultiPolygon","coordinates":[[[[0.08240791889605359,36.603788987678016],[0.07672366057995957,36.61767024149012],[0.07857449442157279,36.61842814259893],[0.08425875273766681,36.60454688878683],[0.08240791889605359,36.603788987678016]]],[[[0.07575432472873483,36.622676276648555],[0.07487282673834636,36.616912340381305],[0.08042532826318599,36.61918604370774],[0.07575432472873483,36.622676276648555]]]]},"properties":{"speed":0.628,"dir_deg":337.7,"type":"قوي"}},{"type":"Feature","geometry":{"type":"MultiPolygon","coordinates":[[[[0.12404958420897708,36.60385695620051],[0.1193848537302452,36.61811319306585],[0.12128568531229104,36.61873515712968],[0.12595041579102292,36.604478920264334],[0.12404958420897708,36.60385695620051]]],[[[0.11878035936169082,36.62317625405288],[0.11748402214819935,36.61749122900202],[0.12318651689433689,36.61935712119351],[0.11878035936169082,36.62317625405288]]]]},"properties":{"speed":0.5384,"dir_deg":341.9,"type":"قوي"}},{"type":"Feature","geometry":{"type":"MultiPolygon","coordinates":[[[[0.16574816115773586,36.60377254158916],[0.15981721150873376,36.61755019872893],[0.16165423246070285,36.618340992015455],[0.16758518210970494,36.604563334875685],[0.16574816115773586,36.60377254158916]]],[[[0.15875873876838428,36.62253814775211],[0.15798019055676468,36.616759405442394],[0.16349125341267193,36.61913178530199],[0.15875873876838428,36.62253814775211]]]]},"properties":{"speed":0.4214,"dir_deg":336.7,"type":"قوي"}},{"type":"Feature","geometry":{"type":"MultiPolygon","coordinates":[[[[0.20747342246729572,36.60365748564413],[0.19981663364293475,36.61655607412889],[0.20153644544090252,36.617576979305476],[0.20919323426526348,36.604678390820716],[0.20747342246729572,36.60365748564413]]],[[[0.19812427660046497,36.621366056212096],[0.19809682184496696,36.615535168952306],[0.2032562572388703,36.61859788448206],[0.19812427660046497,36.621366056212096]]]]},"properties":{"speed":0.3048,"dir_deg":329.3,"type":"متوسط"}},{"type":"Feature","geometry":{"type":"MultiPolygon","coordinates":[[[[0.24927704482520885,36.603477043294504],[0.23891362075641737,36.61432137091637],[0.24035953110599967,36.61570316079221],[0.25072295517479115,36.60485883317034],[0.24927704482520885,36.603477043294504]]],[[[0.23618210124161135,36.618627041728246],[0.23746771040683506,36.61293958104053],[0.24180544145558197,36.61708495066805],[0.23618210124161135,36.618627041728246]]]]},"properties":{"speed":0.236,"dir_deg":316.3,"type":"متوسط"}},{"type":"Feature","geometry":{"type":"MultiPolygon","coordinates":[[[[0.2910203163028412,36.603404889053856],[0.2795745786243342,36.613099995499624],[0.2808672594837702,36.61462609385676],[0.2923129971622772,36.60493098741099],[0.2910203163028412,36.603404889053856]]],[[[0.2764056731612165,36.61709474682678],[0.27828189776489826,36.61157389714249],[0.2821599403432062,36.61615219221389],[0.2764056731612165,36.61709474682678]]]]},"properties":{"speed":0.2175,"dir_deg":310.3,"type":"متوسط"}},{"type":"Feature","geometry":{"type":"MultiPolygon","coordinates":[[[[0.3329398706846964,36.603248601881226],[0.3191498254167722,36.60915069062239],[0.31993677058226105,36.610989363324784],[0.3337268158501852,36.60508727458362],[0.3329398706846964,36.603248601881226]]],[[[0.3149466162435419,36.61203738988731],[0.31836288025128334,36.60731201792],[0.32072371574774994,36.612828036027175],[0.3149466162435419,36.61203738988731]]]]},"properties":{"speed":0.1499,"dir_deg":293.2,"type":"ضعيف"}},{"type":"Feature","geometry":{"type":"MultiPolygon","coordinates":[[[[0.3755979186188062,36.60336638141891],[0.36357456641615093,36.594397602136816],[0.36237872917853853,36.59600071576384],[0.3744020813811938,36.604969495045935],[0.3755979186188062,36.60336638141891]]],[[[0.358968863729793,36.5922095658563],[0.3647704036537634,36.592794488509796],[0.36118289194092607,36.59760382939086],[0.358968863729793,36.5922095658563]]]]},"properties":{"speed":0.153,"dir_deg":233.3,"type":"ضعيف"}},{"type":"Feature","geometry":{"type":"MultiPolygon","coordinates":[[[[0.41754075887332587,36.60368219607087],[0.4102546264500777,36.59057066395937],[0.4085064221685444,36.59154214828247],[0.41579255459179254,36.60465368039397],[0.41754075887332587,36.60368219607087]]],[[[0.4069518135015617,36.58668589541709],[0.41200283073161104,36.589599179636274],[0.40675821788701105,36.592513632605566],[0.4069518135015617,36.58668589541709]]]]},"properties":{"speed":0.2334,"dir_deg":209.1,"type":"متوسط"}},{"type":"Feature","geometry":{"type":"MultiPolygon","coordinates":[[[[0.4593084778169769,36.60394632458144],[0.4559842730522665,36.5893193063384],[0.45403400395319427,36.58976253364036],[0.45735820871790467,36.6043895518834],[0.4593084778169769,36.60394632458144]]],[[[0.45390107024782694,36.5846652472417],[0.4579345421513388,36.58887607903644],[0.452083734854122,36.590205760942325],[0.45390107024782694,36.5846652472417]]]]},"properties":{"speed":0.2894,"dir_deg":192.8,"type":"متوسط"}},{"type":"Feature","geometry":{"type":"MultiPolygon","coordinates":[[[[0.5009987794326989,36.60421733099321],[0.501739670844449,36.589235639502725],[0.49974211197905133,36.58913685398115],[0.4990012205673012,36.604118545471636],[0.5009987794326989,36.60421733099321]]],[[[0.5009878552156668,36.584192349578444],[0.5037372297098467,36.58933442502429],[0.4977445531136537,36.58903806845959],[0.5009878552156668,36.584192349578444]]]]},"properties":{"speed":0.292,"dir_deg":177.2,"type":"متوسط"}},{"type":"Feature","geometry":{"type":"MultiPolygon","coordinates":[[[[0.5426355013639902,36.60441572408129],[0.5463522890970096,36.589883501644664],[0.5444146594387924,36.58938792994692],[0.540697871705773,36.60392015238355],[0.5426355013639902,36.60441572408129]]],[[[0.5466224035122409,36.58479164165025],[0.5482899187552269,36.5903790733424],[0.5424770297805751,36.58889235824919],[0.5466224035122409,36.58479164165025]]]]},"properties":{"speed":0.2596,"dir_deg":165.7,"type":"متوسط"}},{"type":"Feature","geometry":{"type":"MultiPolygon","coordinates":[[[[0.5842745611683667,36.604505655216194],[0.5893403159249824,36.59038693966747],[0.5874578205184857,36.589711505699924],[0.5823920657618701,36.60383022124865],[0.5842745611683667,36.604505655216194]]],[[[0.5900876531406059,36.585342984167454],[0.5912228113314791,36.59106237363502],[0.585575325111989,36.58903607173237],[0.5900876531406059,36.585342984167454]]]]},"properties":{"speed":0.2333,"dir_deg":160.3,"type":"متوسط"}},{"type":"Feature","geometry":{"type":"MultiPolygon","coordinates":[[[[0.625919021384666,36.604562145911856],[0.6318321365762095,36.590776825141866],[0.6299940938068774,36.589988409783],[0.624080978615334,36.60377373055299],[0.625919021384666,36.604562145911856]]],[[[0.6328841535887246,36.5857875105391],[0.6336701793455416,36.59156524050074],[0.6281560510375453,36.58919999442412],[0.6328841535887246,36.5857875105391]]]]},"properties":{"speed":0.1858,"dir_deg":156.8,"type":"ضعيف"}},{"type":"Feature","geometry":{"type":"MultiPolygon","coordinates":[[[[0.6675745149133033,36.60458728013986],[0.6738646435248437,36.59096985446353],[0.6720489867680002,36.590131170648654],[0.6657588581564599,36.603748596324984],[0.6675745149133033,36.60458728013986]]],[[[0.675053524683602,36.58601137066399],[0.6756803002816872,36.5918085382784],[0.6702333300111566,36.589292486833784],[0.675053524683602,36.58601137066399]]]]},"properties":{"speed":0.1367,"dir_deg":155.2,"type":"ضعيف"}},{"type":"Feature","geometry":{"type":"MultiPolygon","coordinates":[[[[0.709253298183924,36.60455989246083],[0.7151326116099902,36.59076012167874],[0.713292642172379,36.58997621322193],[0.7074133287463128,36.60377598400402],[0.709253298183924,36.60455989246083]]],[[[0.7161723980332066,36.58576824385631],[0.7169725810476015,36.59154403013555],[0.7114526727347676,36.58919230476512],[0.7161723980332066,36.58576824385631]]]]},"properties":{"speed":0.1126,"dir_deg":156.9,"type":"ضعيف"}},{"type":"Feature","geometry":{"type":"MultiPolygon","coordinates":[[[[0.7508838578142806,36.60463569389955],[0.7579001928212773,36.591377826685346],[0.7561324771927161,36.59044231535108],[0.7491161421857194,36.60370018256529],[0.7508838578142806,36.60463569389955]]],[[[0.7593551133426623,36.58649078194681],[0.7596679084498384,36.592313338019615],[0.754364761564155,36.589506804016814],[0.7593551133426623,36.58649078194681]]]]},"properties":{"speed":0.0927,"dir_deg":152.1,"type":"ضعيف"}},{"type":"Feature","geometry":{"type":"MultiPolygon","coordinates":[[[[0.7923815729115835,36.604867178869405],[0.8028701824663029,36.59414388321888],[0.8014404097128991,36.59274540194491],[0.7909518001581797,36.60346869759544],[0.7923815729115835,36.604867178869405]]],[[[0.8056514992745075,36.589870210698386],[0.8042999552197068,36.595542364492836],[0.8000106369594953,36.59134692067095],[0.8056514992745075,36.589870210698386]]]]},"properties":{"speed":0.0785,"dir_deg":135.6,"type":"ضعيف"}},{"type":"Feature","geometry":{"type":"MultiPolygon","coordinates":[[[[0.8336449780859213,36.60511813040464],[0.8478978606691554,36.6004431610926],[0.8472745314275496,36.59854277674816],[0.8330216488443155,36.6032177460602],[0.8336449780859213,36.60511813040464]]],[[[0.8523371569094305,36.597934645816366],[0.8485211899107611,36.60234354543703],[0.8466512021859439,36.59664239240373],[0.8523371569094305,36.597934645816366]]]]},"properties":{"speed":0.09,"dir_deg":108.2,"type":"ضعيف"}},{"type":"Feature","geometry":{"type":"MultiPolygon","coordinates":[[[[0.875002656395321,36.6051679347042],[0.8900026034719569,36.605128088774386],[0.8899972906813148,36.60312809583083],[0.874997343604679,36.603167941760645],[0.875002656395321,36.6051679347042]]],[[[0.8949999294355145,36.604114810326],[0.8900079162625989,36.60712808171794],[0.8899919778906729,36.60112810288728],[0.8949999294355145,36.604114810326]]]]},"properties":{"speed":0.1502,"dir_deg":90.2,"type":"ضعيف"}},{"type":"Feature","geometry":{"type":"MultiPolygon","coordinates":[[[[0.9165051475621127,36.60515480456596],[0.9313081425652285,36.6075778891575],[0.9316312205107664,36.605604156490415],[0.9168282255076505,36.60318107189888],[0.9165051475621127,36.60515480456596]]],[[[0.9364040132057028,36.6073987176878],[0.9309850646196908,36.60955162182458],[0.9319542984563042,36.60363042382333],[0.9364040132057028,36.6073987176878]]]]},"properties":{"speed":0.2392,"dir_deg":80.7,"type":"متوسط"}},{"type":"Feature","geometry":{"type":"MultiPolygon","coordinates":[[[[0.9580719741236582,36.605133185220815],[0.9725506789495796,36.60905327534272],[0.9730733576325,36.60712278136593],[0.9585946528065786,36.60320269124403],[0.9580719741236582,36.605133185220815]]],[[[0.9776382532330136,36.60939472506163],[0.9720280002666593,36.61098376931951],[0.9735960363154204,36.60519228738914],[0.9776382532330136,36.60939472506163]]]]},"properties":{"speed":0.3192,"dir_deg":74.9,"type":"متوسط"}},{"type":"Feature","geometry":{"type":"MultiPolygon","coordinates":[[[[0.9996611272913877,36.60510877046367],[1.0137736107601292,36.61019186109286],[1.0144513561773536,36.608310196630356],[1.0003388727086122,36.60322710600117],[0.9996611272913877,36.60510877046367]]],[[[1.0188166446249887,36.610945392404666],[1.0130958653429045,36.61207352555535],[1.0151291015945783,36.60642853216786],[1.0188166446249887,36.610945392404666]]]]},"properties":{"speed":0.4178,"dir_deg":70.2,"type":"قوي"}},{"type":"Feature","geometry":{"type":"MultiPolygon","coordinates":[[[[-0.4158019639566752,36.64633436287581],[-0.4082674473331524,36.63336397123755],[-0.40999683288492045,36.63235936902108],[-0.41753134950844323,36.645329760659344],[-0.4158019639566752,36.64633436287581]]],[[[-0.4066206345678622,36.6285382062499],[-0.4065380617813843,36.63436857345402],[-0.41172621843668855,36.63135476680461],[-0.4066206345678622,36.6285382062499]]]]},"properties":{"speed":0.15,"dir_deg":149.8,"type":"ضعيف"}},{"type":"Feature","geometry":{"type":"MultiPolygon","coordinates":[[[[-0.3742570429367216,36.64650140084617],[-0.3642169567579057,36.63535704489699],[-0.36570287088446257,36.63401836673981],[-0.3757429570632784,36.64516272268899],[-0.3742570429367216,36.64650140084617]]],[[[-0.36161321842824556,36.63097292050201],[-0.3627310426313488,36.63669572305417],[-0.3671887850110195,36.632679688582634],[-0.36161321842824556,36.63097292050201]]]]},"properties":{"speed":0.124,"dir_deg":138.0,"type":"ضعيف"}},{"type":"Feature","geometry":{"type":"MultiPolygon","coordinates":[[[[-0.33282692842597733,36.646694351746845],[-0.31989257873696153,36.639098129124896],[-0.32090540841988846,36.63737354916636],[-0.33383975810890426,36.64496977178831],[-0.33282692842597733,36.646694351746845]]],[[[-0.3160875436820864,36.635703764938306],[-0.3188797490540346,36.64082270908343],[-0.3219182381028154,36.63564896920783],[-0.3160875436820864,36.635703764938306]]]]},"properties":{"speed":0.095,"dir_deg":120.4,"type":"ضعيف"}},{"type":"Feature","geometry":{"type":"MultiPolygon","coordinates":[[[[-0.29172491383619165,36.64683036338025],[-0.27675038964601517,36.64770421993474],[-0.2766338754387503,36.64570761670939],[-0.29160839962892676,36.6448337601549],[-0.29172491383619165,36.64683036338025]]],[[[-0.27170062447899057,36.64699720384023],[-0.2768669038532801,36.649700823160096],[-0.27651736123148535,36.64371101348403],[-0.27170062447899057,36.64699720384023]]]]},"properties":{"speed":0.0721,"dir_deg":86.7,"type":"ضعيف"}},{"type":"Feature","geometry":{"type":"MultiPolygon","coordinates":[[[[-0.25044778965014197,36.646726200699305],[-0.2370357056742718,36.65344304545143],[-0.2361401263739879,36.65165476758798],[-0.24955221034985806,36.64493792283585],[-0.25044778965014197,36.646726200699305]]],[[[-0.23211722136550647,36.65478785477042],[-0.2379312849745557,36.65523132331488],[-0.23524454707370399,36.64986648972453],[-0.23211722136550647,36.65478785477042]]]]},"properties":{"speed":0.0716,"dir_deg":63.4,"type":"ضعيف"}},{"type":"Feature","geometry":{"type":"MultiPolygon","coordinates":[[[[-0.2087386986942824,36.646746214324416],[-0.19502641034170065,36.652826769244456],[-0.19421566968569504,36.65099846413078],[-0.2079279580382768,36.64491790921074],[-0.2087386986942824,36.646746214324416]]],[[[-0.1900502772295039,36.653939468327636],[-0.1958371509977063,36.65465507435813],[-0.1934049290296894,36.6491701590171],[-0.1900502772295039,36.653939468327636]]]]},"properties":{"speed":0.0781,"dir_deg":66.1,"type":"ضعيف"}},{"type":"Feature","geometry":{"type":"MultiPolygon","coordinates":[[[[-0.16709354547907765,36.646736372953036],[-0.15352887769716236,36.65313948063339],[-0.15267513000644786,36.651330858262476],[-0.16623979778836315,36.64492775058212],[-0.16709354547907765,36.646736372953036]]],[[[-0.1485804479245,36.65436953867472],[-0.15438262538787687,36.654948103004315],[-0.15182138231573336,36.64952223589155],[-0.1485804479245,36.65436953867472]]]]},"properties":{"speed":0.0785,"dir_deg":64.7,"type":"ضعيف"}},{"type":"Feature","geometry":{"type":"MultiPolygon","coordinates":[[[[-0.12579583856853285,36.64643757062204],[-0.11671320575155728,36.65837514915003],[-0.11512152861449154,36.65716413144111],[-0.12420416143146713,36.645226552913115],[-0.12579583856853285,36.64643757062204]]],[[[-0.11288982291069921,36.66174883313823],[-0.118304882888623,36.659586166858965],[-0.11352985147742582,36.655953113732174],[-0.11288982291069921,36.66174883313823]]]]},"properties":{"speed":0.064,"dir_deg":37.3,"type":"ضعيف"}},{"type":"Feature","geometry":{"type":"MultiPolygon","coordinates":[[[[-0.08430491610645521,36.645595351520925],[-0.08785556980624828,36.66016905586485],[-0.08591240922705826,36.660642476358156],[-0.08236175552726518,36.64606877201423],[-0.08430491610645521,36.645595351520925]]],[[[-0.08806754074991761,36.66526366755948],[-0.08979873038543833,36.65969563537154],[-0.08396924864786821,36.66111589685146],[-0.08806754074991761,36.66526366755948]]]]},"properties":{"speed":0.1127,"dir_deg":346.3,"type":"ضعيف"}},{"type":"Feature","geometry":{"type":"MultiPolygon","coordinates":[[[[-0.04252307724606867,36.64531576432772],[-0.05026753884396108,36.6581619043923],[-0.04855472016868394,36.65919449927202],[-0.04081025857079153,36.64634835920744],[-0.04252307724606867,36.64531576432772]]],[[[-0.05199261670561998,36.66296024852035],[-0.05198035751923822,36.657129309512584],[-0.0468419014934068,36.660227094151736],[-0.05199261670561998,36.66296024852035]]]]},"properties":{"speed":0.2515,"dir_deg":328.9,"type":"متوسط"}},{"type":"Feature","geometry":{"type":"MultiPolygon","coordinates":[[[[-0.0008383914454260041,36.64528699316251],[-0.009014420521524711,36.6578628648439],[-0.007337637630672703,36.65895300205404],[0.0008383914454260041,36.64637713037265],[-0.0008383914454260041,36.64528699316251]]],[[[-0.010901372101464944,36.6625998906761],[-0.01069120341237672,36.65677272763375],[-0.005660854739820694,36.66004313926419],[-0.010901372101464944,36.6625998906761]]]]},"properties":{"speed":0.4699,"dir_deg":327.0,"type":"قوي"}},{"type":"Feature","geometry":{"type":"MultiPolygon","coordinates":[[[[0.04077230138724697,36.64538472685302],[0.034062277668807,36.65880022467076],[0.03585101071117326,36.659694894499886],[0.04256103442961323,36.64627939668214],[0.04077230138724697,36.64538472685302]]],[[[0.032719969617176804,36.66371939219124],[0.03227354462644074,36.65790555484163],[0.03763974375353952,36.660589564329015],[0.032719969617176804,36.66371939219124]]]]},"properties":{"speed":0.623,"dir_deg":333.4,"type":"قوي"}},{"type":"Feature","geometry":{"type":"MultiPolygon","coordinates":[[[[0.08239538490797628,36.64548529370024],[0.07719386389793892,36.6595545573335],[0.07906976571570676,36.66024809346818],[0.08427128672574412,36.646178829834916],[0.08239538490797628,36.64548529370024]]],[[[0.07639797447014371,36.664591079945254],[0.07531796208017107,36.65886102119883],[0.08094566753347461,36.660941629602846],[0.07639797447014371,36.664591079945254]]]]},"properties":{"speed":0.5797,"dir_deg":339.7,"type":"قوي"}},{"type":"Feature","geometry":{"type":"MultiPolygon","coordinates":[[[[0.12408235554136879,36.64543465939272],[0.11812131991848658,36.65919932627219],[0.119956608835749,36.659994131021904],[0.1259176444586312,36.646229464142436],[0.12408235554136879,36.64543465939272]]],[[[0.11705195250282371,36.664184950940204],[0.11628603100122414,36.65840452152247],[0.12179189775301144,36.66078893577162],[0.11705195250282371,36.664184950940204]]]]},"properties":{"speed":0.4801,"dir_deg":336.6,"type":"قوي"}},{"type":"Feature","geometry":{"type":"MultiPolygon","coordinates":[[[[0.16579246865871375,36.64534650110351],[0.15850905869770382,36.65845954572861],[0.16025746464771712,36.659430667056746],[0.16754087460872705,36.646317622431646],[0.16579246865871375,36.64534650110351]]],[[[0.15695545835237384,36.66331612126771],[0.1567606527476905,36.657488424400476],[0.16200587059773044,36.66040178838488],[0.15695545835237384,36.66331612126771]]]]},"properties":{"speed":0.393,"dir_deg":331.0,"type":"قوي"}},{"type":"Feature","geometry":{"type":"MultiPolygon","coordinates":[[[[0.20749783078381775,36.64528256764595],[0.19925541895944313,36.657815031382874],[0.20092641412436682,36.65891401962613],[0.20916882594874145,36.64638155588921],[0.20749783078381775,36.64528256764595]]],[[[0.1973434459337801,36.66254201341682],[0.19758442379451943,36.656716043139625],[0.20259740928929051,36.66001300786938],[0.1973434459337801,36.66254201341682]]]]},"properties":{"speed":0.3003,"dir_deg":326.7,"type":"متوسط"}},{"type":"Feature","geometry":{"type":"MultiPolygon","coordinates":[[[[0.24928407642790507,36.64513388310927],[0.23881139655326286,36.65587273669069],[0.24024324369745273,36.65726909400731],[0.25071592357209493,36.64653024042589],[0.24928407642790507,36.64513388310927]]],[[[0.2360364268338104,36.660150533209475],[0.237379549409073,36.654476379374074],[0.2416750908416426,36.65866545132393],[0.2360364268338104,36.660150533209475]]]]},"properties":{"speed":0.2575,"dir_deg":315.7,"type":"متوسط"}},{"type":"Feature","geometry":{"type":"MultiPolygon","coordinates":[[[[0.29104466020433833,36.64504904176855],[0.2792993602188861,36.654378989691864],[0.2805433532753278,36.65594502968992],[0.2922886532607801,36.646615081766605],[0.29104466020433833,36.64504904176855]]],[[[0.2760062567519562,36.658271992332],[0.27805536716244433,36.6528129496938],[0.28178734633176955,36.65751106968798],[0.2760062567519562,36.658271992332]]]]},"properties":{"speed":0.2261,"dir_deg":308.5,"type":"متوسط"}},{"type":"Feature","geometry":{"type":"MultiPolygon","coordinates":[[[[0.3331181784164164,36.644855484025214],[0.31846951228093434,36.64808295679058],[0.31889984198298316,36.65003611227531],[0.3335485081184652,36.64680863950994],[0.3331181784164164,36.644855484025214]]],[[[0.3138017884201314,36.65013535878807],[0.31803918257888547,36.64612980130585],[0.319330171685032,36.651989267760044],[0.3138017884201314,36.65013535878807]]]]},"properties":{"speed":0.1539,"dir_deg":282.4,"type":"ضعيف"}},{"type":"Feature","geometry":{"type":"MultiPolygon","coordinates":[[[[0.3756432638308047,36.6450664171738],[0.364158594924164,36.63541745971173],[0.3628720672625546,36.636948748899286],[0.3743567361691953,36.646597706361355],[0.3756432638308047,36.6450664171738]]],[[[0.35968710812447907,36.63296678515148],[0.3654451225857734,36.63388617052418],[0.36158553960094525,36.63848003808684],[0.35968710812447907,36.63296678515148]]]]},"properties":{"speed":0.2031,"dir_deg":230.0,"type":"متوسط"}},{"type":"Feature","geometry":{"type":"MultiPolygon","coordinates":[[[[0.41752933128680875,36.6453263023253],[0.40994293965268264,36.63238618401156],[0.40821759054418355,36.63339770289611],[0.41580398217830966,36.646337821209855],[0.41752933128680875,36.6453263023253]]],[[[0.4065514678870577,36.628578570682585],[0.41166828876118167,36.63137466512701],[0.4064922414356845,36.63440922178066],[0.4065514678870577,36.628578570682585]]]]},"properties":{"speed":0.2944,"dir_deg":210.4,"type":"متوسط"}},{"type":"Feature","geometry":{"type":"MultiPolygon","coordinates":[[[[0.45930451645649917,36.645593686775484],[0.45572889157513935,36.631026088939606],[0.4537865451970226,36.631502838923794],[0.4573621700783824,36.64607043675967],[0.45930451645649917,36.645593686775484]]],[[[0.45356584342562767,36.62640859798641],[0.45767123795325604,36.630549338955426],[0.4518441988189059,36.631979588907974],[0.45356584342562767,36.62640859798641]]]]},"properties":{"speed":0.3573,"dir_deg":193.8,"type":"متوسط"}},{"type":"Feature","geometry":{"type":"MultiPolygon","coordinates":[[[[0.5009996658374996,36.64580621194483],[0.5006119184962445,36.630811224382335],[0.4986125868212454,36.63086292402783],[0.4990003341625004,36.645857911590326],[0.5009996658374996,36.64580621194483]]],[[[0.4994830035449933,36.62583874501759],[0.5026112501712438,36.63075952473683],[0.49661325514624616,36.630914623673334],[0.4994830035449933,36.62583874501759]]]]},"properties":{"speed":0.3529,"dir_deg":181.5,"type":"متوسط"}},{"type":"Feature","geometry":{"type":"MultiPolygon","coordinates":[[[[0.5426638715791986,36.64590704168082],[0.5437885702778928,36.63094926601607],[0.5417942001892588,36.63079930618958],[0.5406695014905646,36.645757081854335],[0.5426638715791986,36.64590704168082]]],[[[0.5431662847998072,36.625888360881234],[0.545782940366527,36.63109922584256],[0.5397998301006247,36.630649346363086],[0.5431662847998072,36.625888360881234]]]]},"properties":{"speed":0.2764,"dir_deg":175.7,"type":"متوسط"}},{"type":"Feature","geometry":{"type":"MultiPolygon","coordinates":[[[[0.5843299512747,36.645913995133874],[0.5855589517691288,36.63096442799015],[0.5835656761499656,36.63080056125756],[0.5823366756555368,36.64575012840128],[0.5843299512747,36.645913995133874]]],[[[0.5849719807910234,36.62589930557595],[0.5875522273882918,36.63112829472274],[0.5815724005308025,36.630636694524966],[0.5849719807910234,36.62589930557595]]]]},"properties":{"speed":0.2333,"dir_deg":175.3,"type":"متوسط"}},{"type":"Feature","geometry":{"type":"MultiPolygon","coordinates":[[[[0.6259946146890939,36.64593570355567],[0.6275492415104619,36.63101648321926],[0.6255600121322741,36.630809199643075],[0.6240053853109061,36.645728419979484],[0.6259946146890939,36.64593570355567]]],[[[0.627072835761824,36.6259397679857],[0.6295384708886496,36.63122376679544],[0.6235707827540864,36.630601916066894],[0.627072835761824,36.6259397679857]]]]},"properties":{"speed":0.195,"dir_deg":174.1,"type":"متوسط"}},{"type":"Feature","geometry":{"type":"MultiPolygon","coordinates":[[[[0.667663701248477,36.6459092735599],[0.6688218781333765,36.63095405285597],[0.6668278487061857,36.63079962927132],[0.6656696718212862,36.645754849975255],[0.667663701248477,36.6459092735599]]],[[[0.6682109223814142,36.62589176749567],[0.6708159075605673,36.63110847644062],[0.6648338192789949,36.63064520568667],[0.6682109223814142,36.62589176749567]]]]},"properties":{"speed":0.1495,"dir_deg":175.6,"type":"ضعيف"}},{"type":"Feature","geometry":{"type":"MultiPolygon","coordinates":[[[[0.7093325504347588,36.64579300439307],[0.7087466898170919,36.63080444984846],[0.706748215877811,36.63088256459748],[0.707334076495478,36.645871119142086],[0.7093325504347588,36.64579300439307]]],[[[0.7075521659748957,36.62584732237477],[0.7107451637563729,36.63072633509944],[0.70474974193853,36.6309606793465],[0.7075521659748957,36.62584732237477]]]]},"properties":{"speed":0.1294,"dir_deg":182.2,"type":"ضعيف"}},{"type":"Feature","geometry":{"type":"MultiPolygon","coordinates":[[[[0.7509802879071173,36.64563448742927],[0.7480166728324373,36.63093016882251],[0.7460560970182026,36.631325317499126],[0.7490197120928827,36.64602963610589],[0.7509802879071173,36.64563448742927]]],[[[0.74604851323376,36.62622630362523],[0.7499772486466721,36.630535020145885],[0.7440955212039678,36.63172046617575],[0.74604851323376,36.62622630362523]]]]},"properties":{"speed":0.1064,"dir_deg":191.4,"type":"ضعيف"}},{"type":"Feature","geometry":{"type":"MultiPolygon","coordinates":[[[[0.7925914741814942,36.645451578116585],[0.7868842194166057,36.6315797634174],[0.7850346441233804,36.632340730719385],[0.790741898888269,36.64621254541857],[0.7925914741814942,36.645451578116585]]],[[[0.7840570135150301,36.627336308835325],[0.788733794709831,36.63081879611541],[0.7831850688301552,36.63310169802137],[0.7840570135150301,36.627336308835325]]]]},"properties":{"speed":0.0738,"dir_deg":202.4,"type":"ضعيف"}},{"type":"Feature","geometry":{"type":"MultiPolygon","coordinates":[[[[0.8342843057009833,36.64552284700835],[0.8296460843125574,36.631257963470375],[0.8277440998408275,36.63187639298883],[0.8323823212292535,36.646141276526805],[0.8342843057009833,36.64552284700835]]],[[[0.8271490182805504,36.62681221705028],[0.8315480687842871,36.630639533951914],[0.8258421153690978,36.63249482250729],[0.8271490182805504,36.62681221705028]]]]},"properties":{"speed":0.0489,"dir_deg":198.0,"type":"ضعيف"}},{"type":"Feature","geometry":{"type":"MultiPolygon","coordinates":[[[[0.8759539791487336,36.646131934713644],[0.880452073339703,36.63182224748264],[0.8785441150422357,36.63122250159051],[0.8740460208512664,36.64553218882151],[0.8759539791487336,36.646131934713644]]],[[[0.8809974589212926,36.62675247879291],[0.8823600316371703,36.63242199337477],[0.8766361567447685,36.630622755698376],[0.8809974589212926,36.62675247879291]]]]},"properties":{"speed":0.0466,"dir_deg":162.6,"type":"ضعيف"}},{"type":"Feature","geometry":{"type":"MultiPolygon","coordinates":[[[[0.9171775183508866,36.646691742438385],[0.9300727284129727,36.63902926519831],[0.9290510647809628,36.637309903856696],[0.9161558547188766,36.64497238109677],[0.9171775183508866,36.646691742438385]]],[[[0.9338602999509965,36.635615425447476],[0.9310943920449828,36.64074862653992],[0.9280294011489527,36.63559054251509],[0.9338602999509965,36.635615425447476]]]]},"properties":{"speed":0.0618,"dir_deg":120.7,"type":"ضعيف"}},{"type":"Feature","geometry":{"type":"MultiPolygon","coordinates":[[[[0.9583770439356645,36.646831105132975],[0.9733626944166349,36.64617514807478],[0.9732752334755428,36.64417706134399],[0.9582895829945723,36.64483301840218],[0.9583770439356645,36.646831105132975]]],[[[0.978314180773079,36.64495745235666],[0.9734501553577272,36.64817323480558],[0.9731877725344505,36.64217897461319],[0.978314180773079,36.64495745235666]]]]},"properties":{"speed":0.1115,"dir_deg":92.5,"type":"ضعيف"}},{"type":"Feature","geometry":{"type":"MultiPolygon","coordinates":[[[[0.9998248376173062,36.64681660132478],[1.014592930975287,36.64944403706519],[1.0149432557406746,36.647474957950784],[1.0001751623826938,36.64484752221038],[0.9998248376173062,36.64681660132478]]],[[[1.0196907911439745,36.64933530942145],[1.0142426062098997,36.65141311617958],[1.0152935805060619,36.64550587883639],[1.0196907911439745,36.64933530942145]]]]},"properties":{"speed":0.1869,"dir_deg":79.9,"type":"ضعيف"}},{"type":"Feature","geometry":{"type":"MultiPolygon","coordinates":[[[[-0.41581409258808355,36.68802262259763],[-0.40797475362361924,36.67523416043049],[-0.40967988191257054,36.674188915235234],[-0.41751922087703486,36.68697737740237],[-0.41581409258808355,36.68802262259763]]],[[[-0.40621420477994014,36.67044871711049],[-0.406269625334668,36.676279405625756],[-0.4113850102015218,36.67314367003997],[-0.40621420477994014,36.67044871711049]]]]},"properties":{"speed":0.1483,"dir_deg":148.5,"type":"ضعيف"}},{"type":"Feature","geometry":{"type":"MultiPolygon","coordinates":[[[[-0.37433323902246735,36.68824527162756],[-0.36315416460912986,36.67824385696457],[-0.36448768656419517,36.676753313709455],[-0.37566676097753265,36.68675472837244],[-0.37433323902246735,36.68824527162756]]],[[[-0.36009456744888335,36.674164780449345],[-0.3618206426540646,36.67973440021968],[-0.3658212085192604,36.675262770454346],[-0.36009456744888335,36.674164780449345]]]]},"properties":{"speed":0.1112,"dir_deg":131.8,"type":"ضعيف"}},{"type":"Feature","geometry":{"type":"MultiPolygon","coordinates":[[[[-0.33309664270663364,36.68847158264935],[-0.3185229029664175,36.684921074237245],[-0.3189963040880318,36.68297790893855],[-0.33357004382824795,36.68652841735065],[-0.33309664270663364,36.68847158264935]]],[[[-0.313901690280486,36.682765988783856],[-0.3180495018448032,36.686864239535936],[-0.3194697052096461,36.681034743639856],[-0.313901690280486,36.682765988783856]]]]},"properties":{"speed":0.0832,"dir_deg":103.7,"type":"ضعيف"}},{"type":"Feature","geometry":{"type":"MultiPolygon","coordinates":[[[[-0.29197949939389056,36.688449804963795],[-0.27773242493695366,36.69314244488377],[-0.27710673961429094,36.69124283495618],[-0.29135381407122785,36.686550195036205],[-0.29197949939389056,36.688449804963795]]],[[[-0.27267055745664337,36.693756853226624],[-0.2783581102596163,36.69504205481136],[-0.2764810542916283,36.68934322502859],[-0.27267055745664337,36.693756853226624]]]]},"properties":{"speed":0.0755,"dir_deg":71.8,"type":"ضعيف"}},{"type":"Feature","geometry":{"type":"MultiPolygon","coordinates":[[[[-0.2503857496520907,36.688422603493336],[-0.23654669725208233,36.6942088482747],[-0.23577519794790092,36.692363641288026],[-0.2496142503479093,36.686577396506664],[-0.2503857496520907,36.688422603493336]]],[[[-0.23154793013332217,36.695214993041816],[-0.23731819655626374,36.696054055261364],[-0.2350036986437195,36.69051843430136],[-0.23154793013332217,36.695214993041816]]]]},"properties":{"speed":0.0702,"dir_deg":67.3,"type":"ضعيف"}},{"type":"Feature","geometry":{"type":"MultiPolygon","coordinates":[[[[-0.20849962776708453,36.688486075306095],[-0.19370849817564753,36.69098056631817],[-0.19337589937403768,36.68900841570598],[-0.20816702896547468,36.686513924693905],[-0.20849962776708453,36.688486075306095]]],[[[-0.1886118222443636,36.6908259880161],[-0.19404109697725735,36.69295271693036],[-0.19304330057242786,36.68703626509379],[-0.1886118222443636,36.6908259880161]]]]},"properties":{"speed":0.0677,"dir_deg":80.4,"type":"ضعيف"}},{"type":"Feature","geometry":{"type":"MultiPolygon","coordinates":[[[[-0.1670631381791822,36.68841804916989],[-0.15329240063088234,36.694365047351816],[-0.15249946753995874,36.692528949012036],[-0.1662702050882586,36.68658195083011],[-0.1670631381791822,36.68841804916989]]],[[[-0.14830568823598728,36.695429330909235],[-0.15408533372180597,36.69620114569159],[-0.15170653444903512,36.690692850672264],[-0.14830568823598728,36.695429330909235]]]]},"properties":{"speed":0.052,"dir_deg":66.6,"type":"ضعيف"}},{"type":"Feature","geometry":{"type":"MultiPolygon","coordinates":[[[[-0.12598063219105693,36.68730414161784],[-0.1289185079234773,36.70201362448369],[-0.12695724354136345,36.70240534124802],[-0.12401936780894306,36.68769585838216],[-0.12598063219105693,36.68730414161784]]],[[[-0.1289171676432272,36.70711264382114],[-0.1308797723055912,36.70162190771937],[-0.12499597915924957,36.70279705801234],[-0.1289171676432272,36.70711264382114]]]]},"properties":{"speed":0.0721,"dir_deg":348.7,"type":"ضعيف"}},{"type":"Feature","geometry":{"type":"MultiPolygon","coordinates":[[[[-0.08416401571513252,36.68694324969097],[-0.09251527035059984,36.69940344816506],[-0.0908539105540552,36.70051694878312],[-0.08250265591858788,36.68805675030903],[-0.08416401571513252,36.68694324969097]]],[[[-0.09446834199748329,36.704113597965446],[-0.09417663014714449,36.698289947546996],[-0.08919255075751055,36.70163044940118],[-0.09446834199748329,36.704113597965446]]]]},"properties":{"speed":0.2126,"dir_deg":326.2,"type":"متوسط"}},{"type":"Feature","geometry":{"type":"MultiPolygon","coordinates":[[[[-0.04248824459568363,36.686929901984776],[-0.051039714824032814,36.69925355229358],[-0.049396561449525755,36.700393748324025],[-0.04084509122117657,36.688070098015224],[-0.04248824459568363,36.686929901984776]]],[[[-0.05306862821289568,36.70393153374507],[-0.052682868198539866,36.69811335626313],[-0.047753408075018704,36.70153394435447],[-0.05306862821289568,36.70393153374507]]]]},"properties":{"speed":0.4237,"dir_deg":325.2,"type":"قوي"}},{"type":"Feature","geometry":{"type":"MultiPolygon","coordinates":[[[[-0.000873224492095896,36.68701268184273],[-0.008182996851127984,36.70011104922417],[-0.006436547866936192,36.70108568553871],[0.000873224492095896,36.68798731815727],[-0.000873224492095896,36.68701268184273]]],[[[-0.009746363145376118,36.70496448984192],[-0.009929445835319775,36.69913641290963],[-0.0046900988827444,36.702060321853246],[-0.009746363145376118,36.70496448984192]]]]},"properties":{"speed":0.5977,"dir_deg":330.8,"type":"قوي"}},{"type":"Feature","geometry":{"type":"MultiPolygon","coordinates":[[[[0.040740452069212986,36.687123006340656],[0.035085547179097475,36.70101624392891],[0.0369379788575317,36.7017702312476],[0.04259288374764721,36.687876993659344],[0.040740452069212986,36.687123006340656]]],[[[0.03412679472160941,36.706024316784344],[0.033233115500663254,36.70026225661023],[0.03879041053596592,36.70252421856628],[0.03412679472160941,36.706024316784344]]]]},"properties":{"speed":0.6029,"dir_deg":337.9,"type":"قوي"}},{"type":"Feature","geometry":{"type":"MultiPolygon","coordinates":[[[[0.08241904847835049,36.68709493375524],[0.07634305480700826,36.700809243832886],[0.07817162948402767,36.701619376322405],[0.0842476231553699,36.68790506624476],[0.08241904847835049,36.68709493375524]]],[[[0.07523201092173722,36.7057857467702],[0.07451448012998886,36.699999111343374],[0.08000020416104707,36.70242950881192],[0.07523201092173722,36.7057857467702]]]]},"properties":{"speed":0.5101,"dir_deg":336.1,"type":"قوي"}},{"type":"Feature","geometry":{"type":"MultiPolygon","coordinates":[[[[0.12413044484550607,36.68700616416362],[0.11672290729980728,36.70004949148103],[0.11846201760879513,36.70103716315379],[0.1258695551544939,36.68799383583638],[0.12413044484550607,36.68700616416362]]],[[[0.11512328327240161,36.70489110308988],[0.11498379699081944,36.69906181980827],[0.12020112791778297,36.70202483482655],[0.11512328327240161,36.70489110308988]]]]},"properties":{"speed":0.457,"dir_deg":330.4,"type":"قوي"}},{"type":"Feature","geometry":{"type":"MultiPolygon","coordinates":[[[[0.16580808732701977,36.6869873276014],[0.15811800134800325,36.69986609220191],[0.1598351699614045,36.70089143699911],[0.16752525594042103,36.6880126723986],[0.16580808732701977,36.6869873276014]]],[[[0.15641322366169838,36.70467168613401],[0.156400832734602,36.6988407474047],[0.16155233857480575,36.701916781796314],[0.15641322366169838,36.70467168613401]]]]},"properties":{"speed":0.381,"dir_deg":329.2,"type":"قوي"}},{"type":"Feature","geometry":{"type":"MultiPolygon","coordinates":[[[[0.2074974845974863,36.68695103261101],[0.19926297376270574,36.69948868914291],[0.20093466130029236,36.700586623920884],[0.2091691721350729,36.68804896738899],[0.2074974845974863,36.68695103261101]]],[[[0.1973539805865722,36.70421687537586],[0.19759128622511915,36.698390754364944],[0.20260634883787895,36.70168455869885],[0.1973539805865722,36.70421687537586]]]]},"properties":{"speed":0.3108,"dir_deg":326.7,"type":"متوسط"}},{"type":"Feature","geometry":{"type":"MultiPolygon","coordinates":[[[[0.24926058705701465,36.68682674781861],[0.23916180433617182,36.69791794196339],[0.24064063022214252,36.699264446326175],[0.25073941294298535,36.68817325218139],[0.24926058705701465,36.68682674781861]]],[[[0.23653495637220956,36.70228825885971],[0.23768297845020114,36.69657143760061],[0.2421194561081132,36.700610950688954],[0.23653495637220956,36.70228825885971]]]]},"properties":{"speed":0.2534,"dir_deg":317.7,"type":"متوسط"}},{"type":"Feature","geometry":{"type":"MultiPolygon","coordinates":[[[[0.29109114687964077,36.68668220515458],[0.2788242241983568,36.69531485294836],[0.27997524390419365,36.69695044263919],[0.29224216658547764,36.68831779484542],[0.29109114687964077,36.68668220515458]]],[[[0.2753107598241805,36.69901019705837],[0.27767320449251987,36.693679263257515],[0.28112626361003057,36.698586032330034],[0.2753107598241805,36.69901019705837]]]]},"properties":{"speed":0.2059,"dir_deg":305.1,"type":"متوسط"}},{"type":"Feature","geometry":{"type":"MultiPolygon","coordinates":[[[[0.3333197653343919,36.68650009218438],[0.3183211481001207,36.68670376118011],[0.3183483039662185,36.68870357681135],[0.3333469212004897,36.68849990781562],[0.3333197653343919,36.68650009218438]]],[[[0.3133351869550792,36.68777155866098],[0.3182939922340229,36.684703945548875],[0.3183754598323163,36.690703392442586],[0.3133351869550792,36.68777155866098]]]]},"properties":{"speed":0.1389,"dir_deg":270.8,"type":"ضعيف"}},{"type":"Feature","geometry":{"type":"MultiPolygon","coordinates":[[[[0.37577149535858706,36.68686376504994],[0.36622797110767796,36.67529133467114],[0.36468498039050384,36.67656380457125],[0.37422850464141294,36.68813623495006],[0.37577149535858706,36.68686376504994]]],[[[0.36227530099878785,36.67207009282826],[0.3677709618248521,36.674018864771014],[0.3631419896733297,36.677836274471375],[0.36227530099878785,36.67207009282826]]]]},"properties":{"speed":0.2164,"dir_deg":219.5,"type":"متوسط"}},{"type":"Feature","geometry":{"type":"MultiPolygon","coordinates":[[[[0.41756957899927,36.68707019611416],[0.41112252071176225,36.6735263621135],[0.40931667617834067,36.67438596988517],[0.4157637344658484,36.68792980388584],[0.41756957899927,36.68707019611416]]],[[[0.4080705790158822,36.66944155466579],[0.4129283652451838,36.67266675434183],[0.40751083164491914,36.67524557765684],[0.4080705790158822,36.66944155466579]]]]},"properties":{"speed":0.3298,"dir_deg":205.5,"type":"متوسط"}},{"type":"Feature","geometry":{"type":"MultiPolygon","coordinates":[[[[0.45930481660947475,36.687262851216076],[0.4557475848505909,36.67269075108557],[0.453804638166523,36.673165048653416],[0.45736186992540684,36.687737148783924],[0.45930481660947475,36.687262851216076]]],[[[0.453590367588929,36.66807053315932],[0.45769053153465883,36.67221645351771],[0.4518616914824551,36.67363934622127],[0.453590367588929,36.66807053315932]]]]},"properties":{"speed":0.4015,"dir_deg":193.7,"type":"قوي"}},{"type":"Feature","geometry":{"type":"MultiPolygon","coordinates":[[[[0.5009958180204938,36.6874086409826],[0.4996254327595232,36.6724713706752],[0.4976337967185357,36.67265408870999],[0.49900418197950624,36.6875913590174],[0.5009958180204938,36.6874086409826]]],[[[0.4981728196520393,36.66758363959013],[0.5016170688005107,36.6722886526404],[0.49564216067754824,36.67283680674479],[0.4981728196520393,36.66758363959013]]]]},"properties":{"speed":0.3843,"dir_deg":185.2,"type":"قوي"}},{"type":"Feature","geometry":{"type":"MultiPolygon","coordinates":[[[[0.5426616761155444,36.68740002133041],[0.5411619960717303,36.67247517762047],[0.5391720169104047,36.67267513495965],[0.5406716969542188,36.68759997866959],[0.5426616761155444,36.68740002133041]]],[[[0.5396671131431295,36.667600208386744],[0.5431519752330559,36.67227522028129],[0.5371820377490791,36.672875092298824],[0.5396671131431295,36.667600208386744]]]]},"properties":{"speed":0.2871,"dir_deg":185.7,"type":"متوسط"}},{"type":"Feature","geometry":{"type":"MultiPolygon","coordinates":[[[[0.58431953419504,36.687334565203564],[0.5818380122484507,36.67254125425474],[0.5798655707886075,36.67287212384761],[0.5823470927351968,36.687665434796436],[0.58431953419504,36.687334565203564]]],[[[0.5800246175363326,36.66777558540157],[0.5838104537082939,36.67221038466186],[0.5778931293287642,36.67320299344049],[0.5800246175363326,36.66777558540157]]]]},"properties":{"speed":0.2525,"dir_deg":189.5,"type":"متوسط"}},{"type":"Feature","geometry":{"type":"MultiPolygon","coordinates":[[[[0.6259915145874404,36.687370004527416],[0.6240415824986535,36.67249728571581],[0.6220585533237727,36.672757276660974],[0.6240084854125596,36.687629995472584],[0.6259915145874404,36.687370004527416]]],[[[0.6224000905482842,36.66766970825119],[0.6260246116735344,36.67223729477063],[0.6200755241488918,36.67301726760615],[0.6224000905482842,36.66766970825119]]]]},"properties":{"speed":0.2242,"dir_deg":187.5,"type":"متوسط"}},{"type":"Feature","geometry":{"type":"MultiPolygon","coordinates":[[[[0.6676453452548866,36.68729450764063],[0.6645629598643832,36.672614626840556],[0.6626056424243731,36.6730256115593],[0.6656880278148766,36.68770549235937],[0.6676453452548866,36.68729450764063]]],[[[0.6625568393475436,36.6679268255999],[0.6665202773043931,36.67220364212182],[0.6606483249843632,36.67343659627803],[0.6625568393475436,36.6679268255999]]]]},"properties":{"speed":0.1747,"dir_deg":191.9,"type":"ضعيف"}},{"type":"Feature","geometry":{"type":"MultiPolygon","coordinates":[[[[0.7092581508962973,36.687119637375794],[0.7035527115332533,36.67324707590811],[0.7017030366708955,36.67400780115652],[0.7074084760339395,36.687880362624206],[0.7092581508962973,36.687119637375794]]],[[[0.7007260609810597,36.669003251376424],[0.7054023863956109,36.6724863506597],[0.6998533618085379,36.674768526404925],[0.7007260609810597,36.669003251376424]]]]},"properties":{"speed":0.1608,"dir_deg":202.4,"type":"ضعيف"}},{"type":"Feature","geometry":{"type":"MultiPolygon","coordinates":[[[[0.7508047269350957,36.68690635485353],[0.7419000497379931,36.67483545082709],[0.7402905958678017,36.676022741120036],[0.7491952730649043,36.68809364514647],[0.7508047269350957,36.68690635485353]]],[[[0.7381270970705297,36.671405461298086],[0.7435095036081844,36.67364816053414],[0.7386811419976104,36.67721003141298],[0.7381270970705297,36.671405461298086]]]]},"properties":{"speed":0.1394,"dir_deg":216.4,"type":"ضعيف"}},{"type":"Feature","geometry":{"type":"MultiPolygon","coordinates":[[[[0.7923443182682824,36.68676459858996],[0.7813132971176886,36.67660012258895],[0.7799580336508869,36.67807092540903],[0.7909890548014807,36.68823540141004],[0.7923443182682824,36.68676459858996]]],[[[0.7769586583340898,36.67394736533198],[0.7826685605844902,36.67512931976887],[0.7786027701840853,36.67954172822911],[0.7769586583340898,36.67394736533198]]]]},"properties":{"speed":0.1144,"dir_deg":227.3,"type":"ضعيف"}},{"type":"Feature","geometry":{"type":"MultiPolygon","coordinates":[[[[0.8340828129479628,36.686837995071606],[0.8241527390220763,36.67559550282894],[0.8226537400563875,36.67691951268573],[0.832583813982274,36.688162004928394],[0.8340828129479628,36.686837995071606]]],[[[0.8200932148972697,36.67251001034311],[0.8256517379877653,36.67427149297216],[0.8211547410906985,36.67824352254251],[0.8200932148972697,36.67251001034311]]]]},"properties":{"speed":0.0941,"dir_deg":221.5,"type":"ضعيف"}},{"type":"Feature","geometry":{"type":"MultiPolygon","coordinates":[[[[0.8758831412101196,36.68703089275961],[0.8688465326042336,36.67378377460781],[0.8670802501839945,36.674721989088596],[0.8741168587898804,36.68796910724039],[0.8758831412101196,36.68703089275961]]],[[[0.8656178551921521,36.66983717579761],[0.8706128150244727,36.67284556012703],[0.8653139677637554,36.67566020356938],[0.8656178551921521,36.66983717579761]]]]},"properties":{"speed":0.0904,"dir_deg":208.0,"type":"ضعيف"}},{"type":"Feature","geometry":{"type":"MultiPolygon","coordinates":[[[[0.9175959002364118,36.68713045717855],[0.9120527579145928,36.67319225165559],[0.9101943305115324,36.6739313372985],[0.9157374728333514,36.68786954282145],[0.9175959002364118,36.68713045717855]]],[[[0.9092758301057897,36.6689157259694],[0.9139111853176531,36.67245316601268],[0.9083359031084721,36.67467042294141],[0.9092758301057897,36.6689157259694]]]]},"properties":{"speed":0.0945,"dir_deg":201.7,"type":"ضعيف"}},{"type":"Feature","geometry":{"type":"MultiPolygon","coordinates":[[[[0.9593225998116975,36.687354011902976],[0.9571327783563629,36.67251471670429],[0.9551542056632046,36.67280669289834],[0.9573440271185393,36.687645988097024],[0.9593225998116975,36.687354011902976]]],[[[0.9554135515246722,36.66771427306842],[0.959111351049521,36.67222274051025],[0.9531756329700465,36.67309866909238],[0.9554135515246722,36.66771427306842]]]]},"properties":{"speed":0.0798,"dir_deg":188.4,"type":"ضعيف"}},{"type":"Feature","geometry":{"type":"MultiPolygon","coordinates":[[[[1.0007827794463358,36.68812229923541],[1.0101172679775152,36.67638060754037],[1.0085517090848437,36.675136009069554],[0.9992172205536642,36.68687770076459],[1.0007827794463358,36.68812229923541]]],[[[1.0124459847082392,36.67184441107329],[1.0116828268701867,36.6776252060112],[1.0069861501921722,36.67389141059873],[1.0124459847082392,36.67184441107329]]]]},"properties":{"speed":0.0611,"dir_deg":141.5,"type":"ضعيف"}}]}