{"type":"FeatureCollection","date":"2026-09-06","features":[{"type":"Feature","geometry":{"type":"MultiPolygon","coordinates":[[[[-0.2508123275312154,35.85358473673892],[-0.2595603499338295,35.86576964970715],[-0.25793569487139867,35.86693605269416],[-0.2491876724687846,35.85475113972593],[-0.2508123275312154,35.85358473673892]]],[[[-0.2616640298701521,35.87041448885673],[-0.26118500499626024,35.86460324672013],[-0.2563110398089679,35.868102455681175],[-0.2616640298701521,35.87041448885673]]]]},"properties":{"speed":0.0345,"dir_deg":324.3,"type":"ضعيف"}},{"type":"Feature","geometry":{"type":"MultiPolygon","coordinates":[[[[-0.20909533702991792,35.853520371404564],[-0.2188088394477658,35.86495050135914],[-0.21728482212048916,35.866245635014856],[-0.20757131970264128,35.85481550506028],[-0.20909533702991792,35.853520371404564]]],[[[-0.2212846649234101,35.86940811150519],[-0.2203328567750424,35.86365536770343],[-0.21576080479321255,35.867540768670565],[-0.2212846649234101,35.86940811150519]]]]},"properties":{"speed":0.0492,"dir_deg":319.6,"type":"ضعيف"}},{"type":"Feature","geometry":{"type":"MultiPolygon","coordinates":[[[[-0.16710307967931576,35.85326818936872],[-0.1805993126349008,35.85981431005265],[-0.1797264965437101,35.86161380778005],[-0.16623026358812504,35.855067687096124],[-0.16710307967931576,35.85326818936872]]],[[[-0.1846616489078338,35.86289609914433],[-0.1814721287260915,35.85801481232524],[-0.1788536804525194,35.863413305507464],[-0.1846616489078338,35.86289609914433]]]]},"properties":{"speed":0.0425,"dir_deg":295.9,"type":"ضعيف"}},{"type":"Feature","geometry":{"type":"MultiPolygon","coordinates":[[[[-0.12505405937404446,35.85316940050951],[-0.14003212521772174,35.85398029112017],[-0.13992400646963282,35.855977366566],[-0.12494594062595553,35.855166475955336],[-0.12505405937404446,35.85316940050951]]],[[[-0.14497075445823637,35.855249125713314],[-0.14014024396581068,35.85198321567435],[-0.13981588772154388,35.85797444201182],[-0.14497075445823637,35.855249125713314]]]]},"properties":{"speed":0.015,"dir_deg":273.1,"type":"ضعيف"}},{"type":"Feature","geometry":{"type":"MultiPolygon","coordinates":[[[[-0.08403175872172358,35.854883623530554],[-0.07329647924974465,35.86535996710351],[-0.07189963344001789,35.86392859650724],[-0.08263491291199682,35.85345225293429],[-0.08403175872172358,35.854883623530554]]],[[[-0.06901962985422164,35.86813639632969],[-0.07469332505947143,35.86679133769977],[-0.07050278763029111,35.86249722591098],[-0.06901962985422164,35.86813639632969]]]]},"properties":{"speed":0.0147,"dir_deg":45.7,"type":"ضعيف"}},{"type":"Feature","geometry":{"type":"MultiPolygon","coordinates":[[[[-0.04174681253222726,35.8551647214783],[-0.026795063843956968,35.85636689083526],[-0.02663477459636264,35.8543733243435],[-0.041586523284632936,35.85317115498654],[-0.04174681253222726,35.8551647214783]]],[[[-0.02173100299073637,35.855770830708366],[-0.026955353091551292,35.85836045732703],[-0.026474485348768315,35.85237975785173],[-0.02173100299073637,35.855770830708366]]]]},"properties":{"speed":0.018,"dir_deg":85.4,"type":"ضعيف"}},{"type":"Feature","geometry":{"type":"MultiPolygon","coordinates":[[[[-0.29265329021867886,35.895995016865896],[-0.29020896374393007,35.91079451915769],[-0.28823569677169075,35.910468608961054],[-0.29068002324643955,35.89566910666926],[-0.29265329021867886,35.895995016865896]]],[[[-0.2884075547662275,35.91556473148997],[-0.2921822307161694,35.91112042935432],[-0.28626242979945143,35.910142698764425],[-0.2884075547662275,35.91556473148997]]]]},"properties":{"speed":0.0809,"dir_deg":9.4,"type":"ضعيف"}},{"type":"Feature","geometry":{"type":"MultiPolygon","coordinates":[[[[-0.2509832335632308,35.89601441241917],[-0.24824797378933283,35.91076291586763],[-0.24628150666287124,35.910398214564445],[-0.2490167664367692,35.895649711115986],[-0.2509832335632308,35.89601441241917]]],[[[-0.24635298696813607,35.91549673303219],[-0.2502144409157944,35.91112761717082],[-0.24431503953640962,35.910033513261254],[-0.24635298696813607,35.91549673303219]]]]},"properties":{"speed":0.0553,"dir_deg":10.5,"type":"ضعيف"}},{"type":"Feature","geometry":{"type":"MultiPolygon","coordinates":[[[[-0.20933116783506497,35.89576636249411],[-0.21031665693707313,35.91073395452589],[-0.2083209779995024,35.91086535307283],[-0.20733548889749423,35.89589776104105],[-0.20933116783506497,35.89576636249411]]],[[[-0.20964731383562382,35.91578885114328],[-0.21231233587464388,35.910602555978954],[-0.20632529906193164,35.91099675161976],[-0.20964731383562382,35.91578885114328]]]]},"properties":{"speed":0.0603,"dir_deg":356.2,"type":"ضعيف"}},{"type":"Feature","geometry":{"type":"MultiPolygon","coordinates":[[[[-0.16757157106654683,35.895406436326056],[-0.17395595268936997,35.90897992781845],[-0.17214615382371712,35.909831178701495],[-0.16576177220089397,35.8962576872091],[-0.16757157106654683,35.895406436326056]]],[[[-0.17517918046415126,35.913930050424106],[-0.17576575155502283,35.908128676935405],[-0.17033635495806426,35.91068242958454],[-0.17517918046415126,35.913930050424106]]]]},"properties":{"speed":0.0476,"dir_deg":334.8,"type":"ضعيف"}},{"type":"Feature","geometry":{"type":"MultiPolygon","coordinates":[[[[-0.1256389713729414,35.895062831253],[-0.1371774290916452,35.90464740184712],[-0.13589948634576243,35.90618586287628],[-0.12436102862705861,35.896601292282156],[-0.1256389713729414,35.895062831253]]],[[[-0.1403846102916051,35.90861148922641],[-0.13845537183752799,35.90310894081796],[-0.13462154359987966,35.90772432390544],[-0.1403846102916051,35.90861148922641]]]]},"properties":{"speed":0.0263,"dir_deg":309.7,"type":"ضعيف"}},{"type":"Feature","geometry":{"type":"MultiPolygon","coordinates":[[[[-0.08376967068334525,35.894932277413254],[-0.09726643599823212,35.90147730041053],[-0.09639376626526203,35.903276869119175],[-0.08289700095037515,35.8967318461219],[-0.08376967068334525,35.894932277413254]]],[[[-0.10132902290337603,35.90455875909728],[-0.0981391057312022,35.89967773170187],[-0.09552109653229195,35.90507643782783],[-0.10132902290337603,35.90455875909728]]]]},"properties":{"speed":0.0155,"dir_deg":295.9,"type":"ضعيف"}},{"type":"Feature","geometry":{"type":"MultiPolygon","coordinates":[[[[-0.04162617698537702,35.89483288186128],[-0.056613875579851744,35.89422551801548],[-0.05669485742595791,35.896223877828085],[-0.04170715883148318,35.89683124167388],[-0.04162617698537702,35.89483288186128]]],[[[-0.0616502660343964,35.895022243306514],[-0.056532893733745586,35.892227158202886],[-0.05677583927206407,35.89822223764068],[-0.0616502660343964,35.895022243306514]]]]},"properties":{"speed":0.0077,"dir_deg":267.7,"type":"ضعيف"}},{"type":"Feature","geometry":{"type":"MultiPolygon","coordinates":[[[[0.0009958461312164302,35.89574100967841],[-0.00036993520625507254,35.88080331771016],[-0.002361627468687933,35.8809854218885],[-0.0009958461312164302,35.895923113856746],[0.0009958461312164302,35.89574100967841]]],[[[-0.0018210417832953373,35.87591513914325],[0.0016217570561777876,35.88062121353183],[-0.004353319731120793,35.881167526066825],[-0.0018210417832953373,35.87591513914325]]]]},"properties":{"speed":0.0231,"dir_deg":185.2,"type":"ضعيف"}},{"type":"Feature","geometry":{"type":"MultiPolygon","coordinates":[[[[-0.41669306539475526,35.93849965123046],[-0.4016982969378491,35.938895781163396],[-0.401645479613457,35.93689647870248],[-0.41664024807036315,35.93650034876954],[-0.41669306539475526,35.93849965123046]]],[[[-0.396673632123351,35.93802817324392],[-0.4017511142622412,35.94089508362432],[-0.4015926622890649,35.934897176241556],[-0.396673632123351,35.93802817324392]]]]},"properties":{"speed":0.3822,"dir_deg":88.5,"type":"قوي"}},{"type":"Feature","geometry":{"type":"MultiPolygon","coordinates":[[[[-0.3751484473716988,35.93848892030914],[-0.36031464273455194,35.940715630884625],[-0.3600177479911544,35.938737790266345],[-0.3748515526283012,35.93651107969086],[-0.3751484473716988,35.93848892030914]]],[[[-0.3552215938171376,35.94046894743398],[-0.36061153747794944,35.94269347150291],[-0.3597208532477569,35.93675994964806],[-0.3552215938171376,35.94046894743398]]]]},"properties":{"speed":0.3372,"dir_deg":81.5,"type":"قوي"}},{"type":"Feature","geometry":{"type":"MultiPolygon","coordinates":[[[[-0.33359068989894236,35.938466319156],[-0.319095902558925,35.942326518628526],[-0.3185812092959219,35.94039388031653],[-0.33307599663593923,35.936533680844],[-0.33359068989894236,35.938466319156]]],[[[-0.31400696014741764,35.94264693263003],[-0.3196105958219282,35.94425915694053],[-0.3180665160329187,35.93846124200452],[-0.31400696014741764,35.94264693263003]]]]},"properties":{"speed":0.2795,"dir_deg":75.1,"type":"متوسط"}},{"type":"Feature","geometry":{"type":"MultiPolygon","coordinates":[[[[-0.29208148391074773,35.93840990022103],[-0.2784329805952507,35.94463230789386],[-0.2776033262388736,35.9428125074518],[-0.2912518295543707,35.93659009977897],[-0.29208148391074773,35.93840990022103]]],[[[-0.27346865231189643,35.94579654356377],[-0.2792626349516277,35.946452108335926],[-0.27677367188249663,35.940992707009734],[-0.27346865231189643,35.94579654356377]]]]},"properties":{"speed":0.2181,"dir_deg":65.5,"type":"متوسط"}},{"type":"Feature","geometry":{"type":"MultiPolygon","coordinates":[[[[-0.25063791405026437,35.93827010756682],[-0.23908630054794583,35.94783881832079],[-0.2378104724474171,35.946298603187145],[-0.24936208594973563,35.93672989243318],[-0.25063791405026437,35.93827010756682]]],[[[-0.23459784866357528,35.95025828100529],[-0.24036212864847453,35.949379033454434],[-0.2365346443468884,35.9447583880535],[-0.23459784866357528,35.95025828100529]]]]},"properties":{"speed":0.1751,"dir_deg":50.4,"type":"متوسط"}},{"type":"Feature","geometry":{"type":"MultiPolygon","coordinates":[[[[-0.2091846246448819,35.93802468528285],[-0.2013143454021535,35.95079412946188],[-0.1996117528449489,35.94974475889619],[-0.2074820320876773,35.93697531471715],[-0.2091846246448819,35.93802468528285]]],[[[-0.19783962270930838,35.95452592557205],[-0.2030169379593581,35.95184350002758],[-0.1979091602877443,35.94869538833049],[-0.19783962270930838,35.95452592557205]]]]},"properties":{"speed":0.1573,"dir_deg":31.6,"type":"ضعيف"}},{"type":"Feature","geometry":{"type":"MultiPolygon","coordinates":[[[[-0.16761837983379996,35.93780700407473],[-0.16301331871283828,35.952082627075924],[-0.16110990231267916,35.95146861892647],[-0.16571496343364084,35.93719299592527],[-0.16761837983379996,35.93780700407473]]],[[[-0.16052659013910484,35.95653416400159],[-0.16491673511299743,35.95269663522539],[-0.15920648591252,35.95085461077701],[-0.16052659013910484,35.95653416400159]]]]},"properties":{"speed":0.1399,"dir_deg":17.9,"type":"ضعيف"}},{"type":"Feature","geometry":{"type":"MultiPolygon","coordinates":[[[[-0.12599141868671085,35.93763072485471],[-0.12403054586596893,35.952502005155374],[-0.12204770849254726,35.95224055544595],[-0.12400858131328917,35.93736927514529],[-0.12599141868671085,35.93763072485471]]],[[[-0.12238550290567746,35.957328373734214],[-0.12601338323939063,35.95276345486481],[-0.12006487111912557,35.95197910573651],[-0.12238550290567746,35.957328373734214]]]]},"properties":{"speed":0.0921,"dir_deg":7.5,"type":"ضعيف"}},{"type":"Feature","geometry":{"type":"MultiPolygon","coordinates":[[[[-0.08432250051816753,35.937353189940104],[-0.08652465141665369,35.95219066045971],[-0.08454632201403903,35.952484280579505],[-0.08234417111555287,35.937646810059896],[-0.08432250051816753,35.937353189940104]]],[[[-0.08626953701484173,35.95728329402615],[-0.08850298081926837,35.951897040339915],[-0.08256799261142435,35.9527779006993],[-0.08626953701484173,35.95728329402615]]]]},"properties":{"speed":0.0427,"dir_deg":351.6,"type":"ضعيف"}},{"type":"Feature","geometry":{"type":"MultiPolygon","coordinates":[[[[-0.04259760608918925,35.93713482318857],[-0.048075258260611854,35.95109889589996],[-0.046213381899093554,35.95182924952282],[-0.04073572972767095,35.93786517681143],[-0.04259760608918925,35.93713482318857]]],[[[-0.04897020413699357,35.95611876361518],[-0.04993713462213015,35.950368542277104],[-0.04435150553757526,35.95255960314567],[-0.04897020413699357,35.95611876361518]]]]},"properties":{"speed":0.01,"dir_deg":338.6,"type":"ضعيف"}},{"type":"Feature","geometry":{"type":"MultiPolygon","coordinates":[[[[0.0007855293850568852,35.93811882435732],[0.010067894744852531,35.926335883581466],[0.00849683597473876,35.92509823486683],[-0.0007855293850568852,35.93688117564268],[0.0007855293850568852,35.93811882435732]]],[[[0.012376487146394196,35.921789412298864],[0.011638953514966301,35.92757353229611],[0.00692577720462499,35.92386058615219],[0.012376487146394196,35.921789412298864]]]]},"properties":{"speed":0.0304,"dir_deg":141.8,"type":"ضعيف"}},{"type":"Feature","geometry":{"type":"MultiPolygon","coordinates":[[[[0.04254483847135756,35.93797834763761],[0.04972005303551703,35.9248057891937],[0.04796371190966211,35.92384909391848],[0.04078849734550264,35.93702165236239],[0.04254483847135756,35.93797834763761]]],[[[0.05123362066064272,35.91993658874145],[0.05147639416137194,35.92576248446892],[0.0462073707838072,35.922892398643256],[0.05123362066064272,35.91993658874145]]]]},"properties":{"speed":0.0676,"dir_deg":151.4,"type":"ضعيف"}},{"type":"Feature","geometry":{"type":"MultiPolygon","coordinates":[[[[-0.4167165927223483,35.98016669065266],[-0.4017353064188344,35.9809157304995],[-0.40163543443925626,35.97891822565902],[-0.4166167207427701,35.978169185812185],[-0.4167165927223483,35.98016669065266]]],[[[-0.3966916083278741,35.9801666580282],[-0.40183517839841254,35.982913235339964],[-0.40153556245967814,35.976920720818555],[-0.3966916083278741,35.9801666580282]]]]},"properties":{"speed":0.4691,"dir_deg":87.1,"type":"قوي"}},{"type":"Feature","geometry":{"type":"MultiPolygon","coordinates":[[[[-0.37514068522471244,35.980157992608476],[-0.36028986958387266,35.98226827097916],[-0.36000849913444777,35.980288162227055],[-0.37485931477528756,35.97817788385637],[-0.37514068522471244,35.980157992608476]]],[[[-0.35519891247888025,35.98198164272667],[-0.36057124003329755,35.98424837973128],[-0.3597271286850229,35.97830805347494],[-0.35519891247888025,35.98198164272667]]]]},"properties":{"speed":0.4611,"dir_deg":81.9,"type":"قوي"}},{"type":"Feature","geometry":{"type":"MultiPolygon","coordinates":[[[[-0.33354499938204507,35.98014528243441],[-0.3188848363522937,35.98332012415347],[-0.31846152412308515,35.9813654357495],[-0.3331216871528365,35.97819059403044],[-0.33354499938204507,35.98014528243441]]],[[[-0.31378645922777226,35.98340106052451],[-0.31930814858150225,35.985274812557435],[-0.3180382118938766,35.97941074734554],[-0.31378645922777226,35.98340106052451]]]]},"properties":{"speed":0.4621,"dir_deg":77.8,"type":"قوي"}},{"type":"Feature","geometry":{"type":"MultiPolygon","coordinates":[[[[-0.2919347732487181,35.98013132472484],[-0.27748397586253093,35.98415307246722],[-0.2769477428302132,35.98222629948239],[-0.2913985402164003,35.978204551740006],[-0.2919347732487181,35.98013132472484]]],[[[-0.27239892688430967,35.9845302685556],[-0.27802020889484874,35.986079845452046],[-0.27641150979789536,35.98029952649757],[-0.27239892688430967,35.9845302685556]]]]},"properties":{"speed":0.4405,"dir_deg":74.4,"type":"قوي"}},{"type":"Feature","geometry":{"type":"MultiPolygon","coordinates":[[[[-0.25033586212913456,35.980109849390765],[-0.2362071947539726,35.98514778132778],[-0.23553547049570342,35.9832639590111],[-0.24966413787086542,35.97822602707408],[-0.25033586212913456,35.980109849390765]]],[[[-0.23116177683311734,35.98588518081511],[-0.23687891901224173,35.987031603644475],[-0.23486374623743428,35.981380136694405],[-0.23116177683311734,35.98588518081511]]]]},"properties":{"speed":0.3889,"dir_deg":70.4,"type":"قوي"}},{"type":"Feature","geometry":{"type":"MultiPolygon","coordinates":[[[[-0.2088336254558921,35.98003379204348],[-0.19584581829000813,35.987538248387665],[-0.19484522411078314,35.98580654076555],[-0.2078330312766671,35.978302084421365],[-0.2088336254558921,35.98003379204348]]],[[[-0.19101625214510098,35.98917388002467],[-0.1968464124692331,35.989269956009785],[-0.19384462993155818,35.98407483314343],[-0.19101625214510098,35.98917388002467]]]]},"properties":{"speed":0.3362,"dir_deg":60.0,"type":"قوي"}},{"type":"Feature","geometry":{"type":"MultiPolygon","coordinates":[[[[-0.16732939576742067,35.97991680185326],[-0.15609644145488447,35.989857663858764],[-0.1547709931874839,35.988359936617094],[-0.16600394750002012,35.97841907461159],[-0.16732939576742067,35.97991680185326]]],[[[-0.15168939921700547,35.99242242090643],[-0.157421889722285,35.991355391100434],[-0.1534455449200834,35.986862209375424],[-0.15168939921700547,35.99242242090643]]]]},"properties":{"speed":0.2907,"dir_deg":48.5,"type":"متوسط"}},{"type":"Feature","geometry":{"type":"MultiPolygon","coordinates":[[[[-0.12574185956503625,35.97983849351408],[-0.11568353034011283,35.990966386989626],[-0.11419981121004033,35.98962527642631],[-0.12425814043496375,35.97849738295076],[-0.12574185956503625,35.97983849351408]]],[[[-0.11158889436676878,35.99400512953315],[-0.11716724947018535,35.99230749755295],[-0.11271609207996781,35.988284165862986],[-0.11158889436676878,35.99400512953315]]]]},"properties":{"speed":0.2213,"dir_deg":42.1,"type":"متوسط"}},{"type":"Feature","geometry":{"type":"MultiPolygon","coordinates":[[[[-0.0841393926131169,35.979759776420785],[-0.07526181978762643,35.99185062836464],[-0.07364970619511303,35.99066695198791],[-0.0825272790206035,35.97857610004406],[-0.0841393926131169,35.979759776420785]]],[[[-0.07149657204953958,35.995289074157554],[-0.07687393338013983,35.99303430474137],[-0.07203759260259963,35.98948327561118],[-0.07149657204953958,35.995289074157554]]]]},"properties":{"speed":0.126,"dir_deg":36.3,"type":"ضعيف"}},{"type":"Feature","geometry":{"type":"MultiPolygon","coordinates":[[[[-0.04262426713736614,35.97945604188867],[-0.038302712293707866,35.99382003032271],[-0.036387513835835786,35.99324382301022],[-0.04070906867949406,35.978879834576176],[-0.04262426713736614,35.97945604188867]]],[[[-0.0359045947835524,35.99831992281114],[-0.04021791075157996,35.99439623763519],[-0.03447231537796369,35.992667615697734],[-0.0359045947835524,35.99831992281114]]]]},"properties":{"speed":0.057,"dir_deg":16.7,"type":"ضعيف"}},{"type":"Feature","geometry":{"type":"MultiPolygon","coordinates":[[[[-0.00021003110834465192,35.980145632936065],[0.014455389446269227,35.98329609956124],[0.014875451662958531,35.98134071015395],[0.00021003110834465192,35.97819024352878],[-0.00021003110834465192,35.980145632936065]]],[[[0.019553894072818507,35.98336856039931],[0.014035327229579923,35.985251488968515],[0.015295513879647836,35.97938532074667],[0.019553894072818507,35.98336856039931]]]]},"properties":{"speed":0.007,"dir_deg":77.9,"type":"ضعيف"}},{"type":"Feature","geometry":{"type":"MultiPolygon","coordinates":[[[[0.04243541752783071,35.97980748809183],[0.05202866541898141,35.96827624380082],[0.05049116618018018,35.96699714408201],[0.040897918289029486,35.978528388373014],[0.04243541752783071,35.97980748809183]]],[[[0.05445766509663103,35.96379294584441],[0.05356616465778264,35.969555343519644],[0.04895366694137895,35.965718044363186],[0.05445766509663103,35.96379294584441]]]]},"properties":{"speed":0.0567,"dir_deg":140.2,"type":"ضعيف"}},{"type":"Feature","geometry":{"type":"MultiPolygon","coordinates":[[[[0.08405139186991452,35.97986392350861],[0.09449117101275144,35.969093082712796],[0.0930550589066428,35.96770111216042],[0.08261527976380588,35.978471952956234],[0.08405139186991452,35.97986392350861]]],[[[0.09725304134064276,35.964806817171336],[0.09592728311886006,35.97048505326517],[0.09161894680053417,35.96630914160804],[0.09725304134064276,35.964806817171336]]]]},"properties":{"speed":0.082,"dir_deg":135.9,"type":"ضعيف"}},{"type":"Feature","geometry":{"type":"MultiPolygon","coordinates":[[[[-0.4167882327983545,36.0218246438852],[-0.40189950103400357,36.02364828487213],[-0.40165634890241303,36.02166312063688],[-0.41654508066676393,36.01983947964995],[-0.4167882327983545,36.0218246438852]]],[[[-0.39681501438009137,36.023263583083484],[-0.40214265316559417,36.025633449107374],[-0.40141319677082243,36.01967795640164],[-0.39681501438009137,36.023263583083484]]]]},"properties":{"speed":0.3422,"dir_deg":83.0,"type":"قوي"}},{"type":"Feature","geometry":{"type":"MultiPolygon","coordinates":[[[[-0.3752003951714984,36.02181177691763],[-0.3605046679207283,36.024817704490104],[-0.3601038775777315,36.02285827419],[-0.3747996048285016,36.019852346617526],[-0.3752003951714984,36.02181177691763]]],[[[-0.3554056969989732,36.02483996519754],[-0.3609054582637251,36.02677713479021],[-0.35970308723473465,36.020898843889896],[-0.3554056969989732,36.02483996519754]]]]},"properties":{"speed":0.3444,"dir_deg":78.4,"type":"قوي"}},{"type":"Feature","geometry":{"type":"MultiPolygon","coordinates":[[[[-0.3336069690117922,36.021793898007296],[-0.31917942541607464,36.02589828417257],[-0.3186321739273718,36.023974611693134],[-0.3330597175230894,36.01987022552786],[-0.3336069690117922,36.021793898007296]]],[[[-0.3140966184731507,36.0263045766546],[-0.3197266769047774,36.027821956652],[-0.31808492243866904,36.022050939213706],[-0.3140966184731507,36.0263045766546]]]]},"properties":{"speed":0.3801,"dir_deg":74.1,"type":"قوي"}},{"type":"Feature","geometry":{"type":"MultiPolygon","coordinates":[[[[-0.2919490862808248,36.02179134981101],[-0.27755976562938445,36.02602779303499],[-0.2769949065328533,36.024109216948126],[-0.29138422718429363,36.019872773724146],[-0.2919490862808248,36.02179134981101]]],[[[-0.2724808958639721,36.026480652732886],[-0.27812462472591554,36.02794636912185],[-0.2764300474363222,36.02219064086127],[-0.2724808958639721,36.026480652732886]]]]},"properties":{"speed":0.4247,"dir_deg":73.6,"type":"قوي"}},{"type":"Feature","geometry":{"type":"MultiPolygon","coordinates":[[[[-0.25025158132102876,36.02179989793083],[-0.235734038872163,36.02557361774627],[-0.23523087623010547,36.02363794541976],[-0.24974841867897124,36.01986422560432],[-0.25025158132102876,36.02179989793083]]],[[[-0.23064327673484564,36.02586368818815],[-0.23623720151422054,36.027509290072786],[-0.23472771358804792,36.02170227309324],[-0.23064327673484564,36.02586368818815]]]]},"properties":{"speed":0.4386,"dir_deg":75.4,"type":"قوي"}},{"type":"Feature","geometry":{"type":"MultiPolygon","coordinates":[[[[-0.2086598338695795,36.0217772570682],[-0.19448190436027366,36.0266748396177],[-0.19382889335367384,36.02478444901645],[-0.2080068228629797,36.019886866466955],[-0.2086598338695795,36.0217772570682]]],[[[-0.18942942235387178,36.02736217183357],[-0.1951349153668735,36.02856523021894],[-0.193175882347074,36.02289405841521],[-0.18942942235387178,36.02736217183357]]]]},"properties":{"speed":0.4287,"dir_deg":70.9,"type":"قوي"}},{"type":"Feature","geometry":{"type":"MultiPolygon","coordinates":[[[[-0.1671129262295616,36.02172696781611],[-0.15368933550165306,36.02842078675373],[-0.15279682630997068,36.02663097465667],[-0.1662204170378792,36.01993715571905],[-0.1671129262295616,36.02172696781611]]],[[[-0.1487685506631757,36.0297571536844],[-0.1545818446933354,36.03021059885078],[-0.15190431711828833,36.02484116255962],[-0.1487685506631757,36.0297571536844]]]]},"properties":{"speed":0.4051,"dir_deg":63.5,"type":"قوي"}},{"type":"Feature","geometry":{"type":"MultiPolygon","coordinates":[[[[-0.12553723520734333,36.0216754942379],[-0.11288574815253744,36.029734022348045],[-0.11181127773785077,36.02804715740741],[-0.12446276479265667,36.01998862929726],[-0.12553723520734333,36.0216754942379]]],[[[-0.10813135059359212,36.031576765914444],[-0.11396021856722412,36.03142088728869],[-0.11073680732316409,36.02636029246676],[-0.10813135059359212,36.031576765914444]]]]},"properties":{"speed":0.3682,"dir_deg":57.5,"type":"قوي"}},{"type":"Feature","geometry":{"type":"MultiPolygon","coordinates":[[[[-0.08387723156554228,36.0216712145633],[-0.0712899396297345,36.02982965079353],[-0.07020214813237034,36.02815134520209],[-0.08278944006817812,36.01999290897186],[-0.08387723156554228,36.0216712145633]]],[[[-0.06655027990244983,36.03170997674122],[-0.07237773112709865,36.03150795638497],[-0.06911435663500619,36.02647303961065],[-0.06655027990244983,36.03170997674122]]]]},"properties":{"speed":0.3075,"dir_deg":57.1,"type":"متوسط"}},{"type":"Feature","geometry":{"type":"MultiPolygon","coordinates":[[[[-0.042249260847468766,36.02164482585843],[-0.030057799484653636,36.03038371994401],[-0.028892613606576297,36.02875819176231],[-0.04108407496939143,36.020019297676726],[-0.042249260847468766,36.02164482585843]]],[[[-0.025411386091343253,36.03248392054835],[-0.031222985362730975,36.032009248125725],[-0.027727427728498958,36.027132663580595],[-0.025411386091343253,36.03248392054835]]]]},"properties":{"speed":0.2334,"dir_deg":54.4,"type":"متوسط"}},{"type":"Feature","geometry":{"type":"MultiPolygon","coordinates":[[[[-0.0006861625807974773,36.02155950998753],[0.010225560718503269,36.0318519486995],[0.011597885880098222,36.03039705225959],[0.0006861625807974773,36.02010461354762],[-0.0006861625807974773,36.02155950998753]]],[[[0.014548964399067662,36.03455531338353],[0.008853235556908314,36.0333068451394],[0.012970211041693177,36.028942155819685],[0.014548964399067662,36.03455531338353]]]]},"properties":{"speed":0.1401,"dir_deg":46.7,"type":"ضعيف"}},{"type":"Feature","geometry":{"type":"MultiPolygon","coordinates":[[[[0.04106175302999119,36.02162835190933],[0.0530061051561941,36.03070207508591],[0.05421593491307192,36.02910949480241],[0.04227158278686901,36.02003577162583],[0.04106175302999119,36.02162835190933]]],[[[0.05759247074336731,36.032930359336355],[0.05179627539931627,36.032294655369405],[0.055425764669949744,36.02751691451892],[0.05759247074336731,36.032930359336355]]]]},"properties":{"speed":0.051,"dir_deg":52.8,"type":"ضعيف"}},{"type":"Feature","geometry":{"type":"MultiPolygon","coordinates":[[[[0.08407355404815951,36.02150442846072],[0.09415905444534976,36.010401154991236],[0.09267861798275114,36.009056421604946],[0.08259311758556089,36.02015969507443],[0.08407355404815951,36.02150442846072]]],[[[0.09678066967978054,36.00602769714159],[0.0956394909079484,36.011745888377526],[0.0911981815201525,36.007711688218656],[0.09678066967978054,36.00602769714159]]]]},"properties":{"speed":0.0357,"dir_deg":137.8,"type":"ضعيف"}},{"type":"Feature","geometry":{"type":"MultiPolygon","coordinates":[[[[-0.41683343542930923,36.063485994354096],[-0.4020435201178604,36.06598767480535],[-0.4017099627243603,36.06401568609716],[-0.4164998780358092,36.061514005645904],[-0.41683343542930923,36.063485994354096]]],[[[-0.39694676965062736,36.065835573935004],[-0.4023770775113605,36.06795966351354],[-0.4013764053308602,36.062043697388965],[-0.39694676965062736,36.065835573935004]]]]},"properties":{"speed":0.2028,"dir_deg":80.4,"type":"متوسط"}},{"type":"Feature","geometry":{"type":"MultiPolygon","coordinates":[[[[-0.3752056239170922,36.06347863108714],[-0.3605261576099705,36.066562989843526],[-0.36011490977578603,36.06460572766924],[-0.3747943760829078,36.06152136891286],[-0.3752056239170922,36.06347863108714]]],[[[-0.355427378257171,36.066612478341845],[-0.3609374054441549,36.068520252017805],[-0.3597036619416016,36.06264846549496],[-0.355427378257171,36.066612478341845]]]]},"properties":{"speed":0.2126,"dir_deg":78.1,"type":"متوسط"}},{"type":"Feature","geometry":{"type":"MultiPolygon","coordinates":[[[[-0.3336021919760678,36.06346318241879],[-0.319154455694191,36.0674959130482],[-0.31861675827693703,36.06556954821061],[-0.3330644945588138,36.06153681758121],[-0.3336021919760678,36.06346318241879]]],[[[-0.3140696948916051,36.06787697417254],[-0.319692153111445,36.06942227788578],[-0.318079060859683,36.06364318337303],[-0.3140696948916051,36.06787697417254]]]]},"properties":{"speed":0.2386,"dir_deg":74.4,"type":"متوسط"}},{"type":"Feature","geometry":{"type":"MultiPolygon","coordinates":[[[[-0.2919615359689439,36.06345553452891],[-0.27762851803521604,36.067878723074685],[-0.2770387595624466,36.06596765401686],[-0.2913717774961745,36.06154446547109],[-0.2919615359689439,36.06345553452891]]],[[[-0.27255596615425537,36.06839758472769],[-0.2782182765079854,36.06978979213252],[-0.27644900108967724,36.064056584959026],[-0.27255596615425537,36.06839758472769]]]]},"properties":{"speed":0.2837,"dir_deg":72.8,"type":"متوسط"}},{"type":"Feature","geometry":{"type":"MultiPolygon","coordinates":[[[[-0.2502741804953493,36.06346167824971],[-0.23584900674966233,36.06757438567995],[-0.23530064575896378,36.06565102918053],[-0.24972581950465073,36.06153832175029],[-0.2502741804953493,36.06346167824971]]],[[[-0.23076643500575073,36.06798360990699],[-0.23639736774036088,36.06949774217937],[-0.23475228476826523,36.063727672681104],[-0.23076643500575073,36.06798360990699]]]]},"properties":{"speed":0.3266,"dir_deg":74.1,"type":"متوسط"}},{"type":"Feature","geometry":{"type":"MultiPolygon","coordinates":[[[[-0.20865528602890374,36.06344675406705],[-0.19445397502313877,36.06827611900641],[-0.1938100596978905,36.06638261087231],[-0.20801137070365547,36.06155324593295],[-0.20865528602890374,36.06344675406705]]],[[[-0.18939824702525965,36.06893915325248],[-0.19509789034838704,36.070169627140515],[-0.19316614437264223,36.06448910273821],[-0.18939824702525965,36.06893915325248]]]]},"properties":{"speed":0.3621,"dir_deg":71.2,"type":"قوي"}},{"type":"Feature","geometry":{"type":"MultiPolygon","coordinates":[[[[-0.16708221276908178,36.06340957438663],[-0.1534385969695556,36.06964269141705],[-0.15260751469883285,36.06782354264379],[-0.16625113049835902,36.06159042561337],[-0.16708221276908178,36.06340957438663]]],[[[-0.14847518390101883,36.07081082270723],[-0.15426967924027837,36.071461840190324],[-0.1517764324281101,36.066004393870514],[-0.14847518390101883,36.07081082270723]]]]},"properties":{"speed":0.3978,"dir_deg":65.4,"type":"قوي"}},{"type":"Feature","geometry":{"type":"MultiPolygon","coordinates":[[[[-0.12550324770583215,36.06336414220275],[-0.11254111466457303,36.07091285779023],[-0.11153461925290872,36.06918457338473],[-0.12449675229416785,36.06163585779725],[-0.12550324770583215,36.06336414220275]]],[[[-0.10771715594498783,36.07256495411664],[-0.11354761007623734,36.072641142195735],[-0.11052812384124441,36.06745628897923],[-0.10771715594498783,36.07256495411664]]]]},"properties":{"speed":0.4325,"dir_deg":59.8,"type":"قوي"}},{"type":"Feature","geometry":{"type":"MultiPolygon","coordinates":[[[[-0.08388620328994634,36.06333326919852],[-0.07138716531213574,36.07162628129482],[-0.07028143036596346,36.06995974289777],[-0.08278046834377406,36.06166673080148],[-0.08388620328994634,36.06333326919852]]],[[[-0.06666795184644606,36.07355734946172],[-0.07249290025830803,36.07329281969186],[-0.06917569541979117,36.06829320450073],[-0.06666795184644606,36.07355734946172]]]]},"properties":{"speed":0.4399,"dir_deg":56.4,"type":"قوي"}},{"type":"Feature","geometry":{"type":"MultiPolygon","coordinates":[[[[-0.042244501916506826,36.06331615431085],[-0.03000218725384001,36.071983664432],[-0.02884651923768656,36.0703513558103],[-0.04108883390035337,36.06168384568915],[-0.042244501916506826,36.06331615431085]]],[[[-0.025343581691541012,36.07405668016153],[-0.031157855269993463,36.073615973053684],[-0.027690851221533107,36.068719047188615],[-0.025343581691541012,36.07405668016153]]]]},"properties":{"speed":0.4072,"dir_deg":54.7,"type":"قوي"}},{"type":"Feature","geometry":{"type":"MultiPolygon","coordinates":[[[[-0.0006312256517140819,36.063275599237116],[0.011002762905056971,36.072743984012824],[0.012265214208485134,36.07119278553859],[0.0006312256517140819,36.061724400762884],[-0.0006312256517140819,36.063275599237116]]],[[[0.015511984742361404,36.07512451303428],[0.009740311601628807,36.07429518248706],[0.013527665511913298,36.06964158706435],[0.015511984742361404,36.07512451303428]]]]},"properties":{"speed":0.3434,"dir_deg":50.9,"type":"قوي"}},{"type":"Feature","geometry":{"type":"MultiPolygon","coordinates":[[[[0.041003784156176476,36.063248722332375],[0.05223461914181242,36.07319197861618],[0.053560386646319666,36.07169453395143],[0.04232955166068372,36.061751277667625],[0.041003784156176476,36.063248722332375]]],[[[0.0566411145559447,36.075757675045075],[0.050908851637305165,36.07468942328093],[0.05488615415082692,36.07019708928668],[0.0566411145559447,36.075757675045075]]]]},"properties":{"speed":0.2347,"dir_deg":48.5,"type":"متوسط"}},{"type":"Feature","geometry":{"type":"MultiPolygon","coordinates":[[[[0.08264675401753897,36.06322705256539],[0.09355254249839559,36.073525779555204],[0.09492570609703804,36.07207167442443],[0.08401991761618142,36.06177294743461],[0.08264675401753897,36.06322705256539]]],[[[0.09787438712466902,36.076231635986424],[0.09217937889975313,36.07497988468599],[0.09629886969568051,36.070617569293645],[0.09787438712466902,36.076231635986424]]]]},"properties":{"speed":0.1277,"dir_deg":46.6,"type":"ضعيف"}},{"type":"Feature","geometry":{"type":"MultiPolygon","coordinates":[[[[0.12416409504344378,36.063048874214736],[0.1323972082645204,36.07558744856308],[0.13406901817763284,36.074489700133604],[0.12583590495655622,36.061951125785264],[0.12416409504344378,36.063048874214736]]],[[[0.13597748429476883,36.079218099131126],[0.13072539835140795,36.07668519699256],[0.13574082809074528,36.073391951704124],[0.13597748429476883,36.079218099131126]]]]},"properties":{"speed":0.1033,"dir_deg":33.3,"type":"ضعيف"}},{"type":"Feature","geometry":{"type":"MultiPolygon","coordinates":[[[[-0.416615533309898,36.10516663057527],[-0.4016351481672367,36.10439977923535],[-0.4017373950125592,36.10240239454966],[-0.41671778015522043,36.103169245889575],[-0.416615533309898,36.10516663057527]]],[[[-0.3966928098756775,36.1031454697792],[-0.4015329013219143,36.10639716392104],[-0.40183964185788157,36.10040500986397],[-0.3966928098756775,36.1031454697792]]]]},"properties":{"speed":0.1511,"dir_deg":92.9,"type":"ضعيف"}},{"type":"Feature","geometry":{"type":"MultiPolygon","coordinates":[[[[-0.375077568283229,36.10516492527418],[-0.3601227626568324,36.106328449522614],[-0.35996762609037436,36.104334475439096],[-0.374922431716771,36.10317095119066],[-0.375077568283229,36.10516492527418]]],[[[-0.35506025916480455,36.105719303897004],[-0.36027789922329045,36.10832242360613],[-0.3598124895239163,36.10234050135558],[-0.35506025916480455,36.105719303897004]]]]},"properties":{"speed":0.1608,"dir_deg":85.6,"type":"ضعيف"}},{"type":"Feature","geometry":{"type":"MultiPolygon","coordinates":[[[[-0.3335803034394797,36.105136963863366],[-0.319044918975319,36.10884136644395],[-0.3185509986312412,36.10690331518206],[-0.3330863830954019,36.10319891260148],[-0.3335803034394797,36.105136963863366]]],[[[-0.3139528306485599,36.1091071416732],[-0.31953883931939686,36.110779417705835],[-0.31805707828716334,36.10496526392017],[-0.3139528306485599,36.1091071416732]]]]},"properties":{"speed":0.1761,"dir_deg":75.7,"type":"متوسط"}},{"type":"Feature","geometry":{"type":"MultiPolygon","coordinates":[[[[-0.29202549800276245,36.10510133683045],[-0.2780245190323563,36.1104839558835],[-0.2773068364919498,36.108617158687444],[-0.29130781546235596,36.10323453963439],[-0.29202549800276245,36.10510133683045]]],[[[-0.2729986847720177,36.11134476363649],[-0.27874220157276286,36.112350753079554],[-0.27658915395154327,36.10675036149139],[-0.2729986847720177,36.11134476363649]]]]},"properties":{"speed":0.2002,"dir_deg":69.0,"type":"متوسط"}},{"type":"Feature","geometry":{"type":"MultiPolygon","coordinates":[[[[-0.25039615440365975,36.10508612214018],[-0.23662339578732855,36.11102843819508],[-0.2358310869800091,36.109192070379564],[-0.24960384559634027,36.103249754324665],[-0.25039615440365975,36.10508612214018]]],[[[-0.23163632184489177,36.11209102630561],[-0.23741570459464803,36.112864806010585],[-0.23503877817268962,36.10735570256406],[-0.23163632184489177,36.11209102630561]]]]},"properties":{"speed":0.2253,"dir_deg":66.7,"type":"متوسط"}},{"type":"Feature","geometry":{"type":"MultiPolygon","coordinates":[[[[-0.20876427715606538,36.10507031461763],[-0.1952286313779362,36.11153454646441],[-0.19436673379836464,36.109729793694],[-0.20790237957649382,36.103265561847216],[-0.20876427715606538,36.10507031461763]]],[[[-0.19028580066210735,36.112786914028135],[-0.19609052895750778,36.11333929923483],[-0.19350483621879305,36.10792504092358],[-0.19028580066210735,36.112786914028135]]]]},"properties":{"speed":0.2523,"dir_deg":64.5,"type":"متوسط"}},{"type":"Feature","geometry":{"type":"MultiPolygon","coordinates":[[[[-0.16715533806219526,36.105040408932034],[-0.15406827756801372,36.11237040535916],[-0.153090944711064,36.110625463959934],[-0.16617800520524553,36.10329546753281],[-0.16715533806219526,36.105040408932034]]],[[[-0.14921725764147833,36.113941266801916],[-0.15504561042496343,36.11411534675838],[-0.1521136118541143,36.10888052256071],[-0.14921725764147833,36.113941266801916]]]]},"properties":{"speed":0.291,"dir_deg":60.7,"type":"متوسط"}},{"type":"Feature","geometry":{"type":"MultiPolygon","coordinates":[[[[-0.12554731357920235,36.10500486585535],[-0.11299339923527507,36.11321456954339],[-0.11189877207687038,36.11154071429753],[-0.12445268642079765,36.103331010609494],[-0.12554731357920235,36.10500486585535]]],[[[-0.1082614475414303,36.11511420981647],[-0.11408802639367975,36.11488842478924],[-0.1108041449184657,36.10986685905168],[-0.1082614475414303,36.11511420981647]]]]},"properties":{"speed":0.3523,"dir_deg":56.8,"type":"قوي"}},{"type":"Feature","geometry":{"type":"MultiPolygon","coordinates":[[[[-0.0839232830977018,36.104975379998635],[-0.07181165660448435,36.11382458921126],[-0.07063176204280114,36.112209705678836],[-0.08274338853601859,36.10336049646621],[-0.0839232830977018,36.104975379998635]]],[[[-0.06718450049257027,36.115966883849254],[-0.07299155116616758,36.115439472743695],[-0.06945186748111791,36.1105948221464],[-0.06718450049257027,36.115966883849254]]]]},"properties":{"speed":0.419,"dir_deg":53.8,"type":"قوي"}},{"type":"Feature","geometry":{"type":"MultiPolygon","coordinates":[[[[-0.04228657678691102,36.10495261203878],[-0.030516469691577574,36.114251245215996],[-0.029276651934615736,36.11268189760328],[-0.04104675902994918,36.103383264426064],[-0.04228657678691102,36.10495261203878]]],[[[-0.02597319178131884,36.11656611580204],[-0.031756287448539415,36.115820592828705],[-0.028036834177653895,36.11111254999057],[-0.02597319178131884,36.11656611580204]]]]},"properties":{"speed":0.4566,"dir_deg":51.7,"type":"قوي"}},{"type":"Feature","geometry":{"type":"MultiPolygon","coordinates":[[[[-0.0006449391188960125,36.104932172184114],[0.01081857015647285,36.114606258967555],[0.012108448394264873,36.11307779106417],[0.0006449391188960125,36.10340370428073],[-0.0006449391188960125,36.104932172184114]]],[[[0.01528467903382515,36.11706672061034],[0.009528691918680825,36.11613472687094],[0.013398326632056898,36.11154932316079],[0.01528467903382515,36.11706672061034]]]]},"properties":{"speed":0.4438,"dir_deg":49.8,"type":"قوي"}},{"type":"Feature","geometry":{"type":"MultiPolygon","coordinates":[[[[0.040983870893425964,36.10489854636015],[0.05194299280933802,36.11514050158521],[0.05330858683934629,36.11367928532976],[0.042349464923434235,36.1034373301047],[0.040983870893425964,36.10489854636015]]],[[[0.05627883046297951,36.117823878532505],[0.05057739877932974,36.116601717840666],[0.05467418086935457,36.1122180690743],[0.05627883046297951,36.117823878532505]]]]},"properties":{"speed":0.3858,"dir_deg":46.9,"type":"قوي"}},{"type":"Feature","geometry":{"type":"MultiPolygon","coordinates":[[[[0.08263291559383465,36.10488166893176],[0.09333887608389765,36.11538797227714],[0.09473971652994875,36.113960510878464],[0.08403375603988575,36.10345420753308],[0.08263291559383465,36.10488166893176]]],[[[0.09760794980361087,36.118176342692934],[0.09193803563784657,36.11681543367582],[0.09614055697599984,36.11253304947979],[0.09760794980361087,36.118176342692934]]]]},"properties":{"speed":0.3076,"dir_deg":45.5,"type":"متوسط"}},{"type":"Feature","geometry":{"type":"MultiPolygon","coordinates":[[[[0.12423706365322414,36.10481441184423],[0.1339341678303931,36.116258457045866],[0.1354600405239448,36.11496550982225],[0.12576293634677585,36.10352146462061],[0.12423706365322414,36.10481441184423]]],[[[0.1379294722362253,36.119426665167936],[0.13240829513684138,36.11755140426949],[0.13698591321749654,36.11367256259862],[0.1379294722362253,36.119426665167936]]]]},"properties":{"speed":0.1938,"dir_deg":40.3,"type":"متوسط"}},{"type":"Feature","geometry":{"type":"MultiPolygon","coordinates":[[[[0.16580337777738605,36.10467263984488],[0.1733739019642213,36.11762204768989],[0.17510048967689001,36.11661264446498],[0.16752996549005475,36.103663236619965],[0.16580337777738605,36.10467263984488]]],[[[0.17676070388283407,36.12143381535911],[0.1716473142515526,36.118631450914805],[0.17682707738955872,36.115603241240066],[0.17676070388283407,36.12143381535911]]]]},"properties":{"speed":0.1157,"dir_deg":30.3,"type":"ضعيف"}},{"type":"Feature","geometry":{"type":"MultiPolygon","coordinates":[[[[-0.416408713538677,36.146798221852],[-0.4019163122723508,36.14292907394377],[-0.40243219866011526,36.14099675377492],[-0.41692459992644143,36.144865901683154],[-0.416408713538677,36.146798221852]]],[[[-0.39734345504412427,36.14067319788993],[-0.40140042588458635,36.14486139411261],[-0.4029480850478797,36.13906443360608],[-0.39734345504412427,36.14067319788993]]]]},"properties":{"speed":0.1535,"dir_deg":104.9,"type":"ضعيف"}},{"type":"Feature","geometry":{"type":"MultiPolygon","coordinates":[[[[-0.3749816829075402,36.14683189399557],[-0.3599841994877174,36.146557137608674],[-0.36002083367263704,36.144557473152695],[-0.3750183170924598,36.14483222953959],[-0.3749816829075402,36.14683189399557]]],[[[-0.3550033554402363,36.145465719918384],[-0.35994756530279787,36.14855680206465],[-0.3600574678575566,36.14255780869672],[-0.3550033554402363,36.145465719918384]]]]},"properties":{"speed":0.1543,"dir_deg":91.0,"type":"ضعيف"}},{"type":"Feature","geometry":{"type":"MultiPolygon","coordinates":[[[[-0.33359444734396715,36.146797372422874],[-0.31911478751457895,36.15071393357077],[-0.31859257936152624,36.14878331226018],[-0.33307223919091444,36.14486675111228],[-0.33359444734396715,36.146797372422874]]],[[[-0.31402713016158984,36.151054143298104],[-0.3196369956676316,36.152644554881356],[-0.3180703712084736,36.14685269094959],[-0.31402713016158984,36.151054143298104]]]]},"properties":{"speed":0.1655,"dir_deg":74.9,"type":"متوسط"}},{"type":"Feature","geometry":{"type":"MultiPolygon","coordinates":[[[[-0.2921102713616413,36.14672827940904],[-0.27866700673973926,36.15338249884527],[-0.27777977748157506,36.151590063562345],[-0.2912230421034771,36.14493584412612],[-0.2921102713616413,36.14672827940904]]],[[[-0.2737423039033565,36.15470435434922],[-0.2795542359979034,36.15517493412819],[-0.2768925482234109,36.14979762827942],[-0.2737423039033565,36.15470435434922]]]]},"properties":{"speed":0.1828,"dir_deg":63.7,"type":"متوسط"}},{"type":"Feature","geometry":{"type":"MultiPolygon","coordinates":[[[[-0.2505136445106915,36.146690064865844],[-0.2376435980366805,36.154394732526214],[-0.23661630901529745,36.15267872632968],[-0.24948635548930848,36.14497405866931],[-0.2505136445106915,36.146690064865844]]],[[[-0.23283993803465197,36.15610495198141],[-0.23867088705806358,36.15611073872275],[-0.23558901999391438,36.150962720133144],[-0.23283993803465197,36.15610495198141]]]]},"properties":{"speed":0.2024,"dir_deg":59.1,"type":"متوسط"}},{"type":"Feature","geometry":{"type":"MultiPolygon","coordinates":[[[[-0.20885239650694357,36.14668679462956],[-0.1960314035772513,36.15447281673952],[-0.19499326729592337,36.15276335101556],[-0.20781426022561564,36.1449773289056],[-0.20885239650694357,36.14668679462956]]],[[[-0.1912386711266899,36.156213424580855],[-0.19706953985857925,36.156182282463476],[-0.1939551310145954,36.1510538852916],[-0.1912386711266899,36.156213424580855]]]]},"properties":{"speed":0.2215,"dir_deg":58.7,"type":"متوسط"}},{"type":"Feature","geometry":{"type":"MultiPolygon","coordinates":[[[[-0.16718508796144993,36.14668719012703],[-0.15435816256963167,36.15446343504298],[-0.1533213299141726,36.15275317832407],[-0.16614825530599087,36.144976933408124],[-0.16718508796144993,36.14668719012703]]],[[[-0.14956410444462936,36.15620038832217],[-0.1553949952250907,36.156173691761886],[-0.15228449725871357,36.15104292160516],[-0.14956410444462936,36.15620038832217]]]]},"properties":{"speed":0.2397,"dir_deg":58.8,"type":"متوسط"}},{"type":"Feature","geometry":{"type":"MultiPolygon","coordinates":[[[[-0.12555496063892485,36.14666393837456],[-0.11307681153419281,36.15498834795843],[-0.11196689025634309,36.15332459474447],[-0.12444503936107514,36.1450001851606],[-0.12555496063892485,36.14666393837456]]],[[[-0.10836246786035725,36.156931274546075],[-0.11418673281204253,36.1566521011724],[-0.11085696897849337,36.1516608415305],[-0.10836246786035725,36.156931274546075]]]]},"properties":{"speed":0.2752,"dir_deg":56.3,"type":"متوسط"}},{"type":"Feature","geometry":{"type":"MultiPolygon","coordinates":[[[[-0.0839269360044257,36.146636821866814],[-0.07185553451588697,36.155540824680294],[-0.07066833414075596,36.15393130448182],[-0.0827397356292947,36.14502730166834],[-0.0839269360044257,36.146636821866814]]],[[[-0.06723813383214189,36.157704065518885],[-0.07304273489101797,36.157150344878765],[-0.06948113376562497,36.15232178428335],[-0.06723813383214189,36.157704065518885]]]]},"properties":{"speed":0.3243,"dir_deg":53.6,"type":"متوسط"}},{"type":"Feature","geometry":{"type":"MultiPolygon","coordinates":[[[[-0.04231711460225825,36.14659161367396],[-0.03092383600653322,36.156348314081384],[-0.02962294261887692,36.154829210268616],[-0.041016221214601946,36.145072509861194],[-0.04231711460225825,36.14659161367396]]],[[[-0.026475629780796726,36.15884099564414],[-0.03222472939418953,36.157867417894145],[-0.028322049231220617,36.153310106455855],[-0.026475629780796726,36.15884099564414]]]]},"properties":{"speed":0.382,"dir_deg":49.4,"type":"قوي"}},{"type":"Feature","geometry":{"type":"MultiPolygon","coordinates":[[[[-0.0006903422532395221,36.14655554471374],[0.010161901939241609,36.15691067851233],[0.011542586445720652,36.155463712620005],[0.0006903422532395221,36.145108578821414],[-0.0006903422532395221,36.14655554471374]]],[[[0.014469658923308176,36.15963890683237],[0.008781217432762565,36.15835764440467],[0.012923270952199696,36.15401674672767],[0.014469658923308176,36.15963890683237]]]]},"properties":{"speed":0.4303,"dir_deg":46.3,"type":"قوي"}},{"type":"Feature","geometry":{"type":"MultiPolygon","coordinates":[[[[0.040950782061575014,36.146530279107864],[0.051424042165827646,36.15726856681069],[0.05285581385953782,36.15587213213012],[0.042382553755285185,36.14513384442729],[0.040950782061575014,36.146530279107864]]],[[[0.05563101471410028,36.16014977870468],[0.049992270472117475,36.15866500149126],[0.05428758555324799,36.154475697449556],[0.05563101471410028,36.16014977870468]]]]},"properties":{"speed":0.4495,"dir_deg":44.3,"type":"قوي"}},{"type":"Feature","geometry":{"type":"MultiPolygon","coordinates":[[[[0.08262321459642878,36.14653614120365],[0.0931844061374399,36.15718795951012],[0.09460464857830274,36.15577980063798],[0.08404345703729162,36.14512798233151],[0.08262321459642878,36.14653614120365]]],[[[0.09741492453820835,36.16003448617621],[0.09176416369657708,36.15859611838225],[0.09602489101916556,36.15437164176585],[0.09741492453820835,36.16003448617621]]]]},"properties":{"speed":0.4257,"dir_deg":44.8,"type":"قوي"}},{"type":"Feature","geometry":{"type":"MultiPolygon","coordinates":[[[[0.124292774839794,36.146539050149926],[0.1348976005749775,36.157147427553014],[0.13631205089538947,36.15573345078832],[0.125707225160206,36.14512507338523],[0.124292774839794,36.146539050149926]]],[[[0.13913976764691133,36.1599765649717],[0.13348315025456547,36.1585614043177],[0.1377265012158015,36.15431947402363],[0.13913976764691133,36.1599765649717]]]]},"properties":{"speed":0.3559,"dir_deg":45.0,"type":"قوي"}},{"type":"Feature","geometry":{"type":"MultiPolygon","coordinates":[[[[0.16590797401812482,36.14648350472601],[0.17567961839459278,36.15786396895994],[0.17719701362578394,36.15656108304308],[0.16742536924931598,36.14518061880915],[0.16590797401812482,36.14648350472601]]],[[[0.17969553080234435,36.16100601407949],[0.17416222316340163,36.1591668548768],[0.1787144088569751,36.155258197126216],[0.17969553080234435,36.16100601407949]]]]},"properties":{"speed":0.2242,"dir_deg":40.7,"type":"متوسط"}},{"type":"Feature","geometry":{"type":"MultiPolygon","coordinates":[[[[0.2073999341736658,36.14619091449669],[0.21278272511042362,36.1601918273859],[0.2146495134956512,36.15947412192767],[0.2092667225588934,36.145473209038464],[0.2073999341736658,36.14619091449669]]],[[[0.21551038294862335,36.16449994561985],[0.21091593672519604,36.16090953284414],[0.21651630188087878,36.15875641646944],[0.21551038294862335,36.16449994561985]]]]},"properties":{"speed":0.134,"dir_deg":21.0,"type":"ضعيف"}},{"type":"Feature","geometry":{"type":"MultiPolygon","coordinates":[[[[0.24905550695045856,36.14616059316542],[0.25398347791808645,36.16032798890854],[0.2558724640171693,36.15967092611286],[0.2509444930495414,36.14550353036974],[0.24905550695045856,36.14616059316542]]],[[[0.2565706279568372,36.16472192275841],[0.25209449181900356,36.16098505170422],[0.2577614501162522,36.15901386331718],[0.2565706279568372,36.16472192275841]]]]},"properties":{"speed":0.0514,"dir_deg":19.2,"type":"ضعيف"}},{"type":"Feature","geometry":{"type":"MultiPolygon","coordinates":[[[[-0.4166819011250325,36.1884998837975],[-0.40168364416256924,36.1887285496846],[-0.40165315537762264,36.1867287820896],[-0.4166514123400859,36.1865001162025],[-0.4166819011250325,36.1884998837975]]],[[[-0.3966689807826082,36.18780488784947],[-0.40171413294751585,36.19072831727959],[-0.40162266659267604,36.18472901449461],[-0.3966689807826082,36.18780488784947]]]]},"properties":{"speed":0.1669,"dir_deg":89.1,"type":"متوسط"}},{"type":"Feature","geometry":{"type":"MultiPolygon","coordinates":[[[[-0.375205211123615,36.18847871772986],[-0.3605244451756969,36.19155688458408],[-0.3601140229284669,36.189599449124366],[-0.374794788876385,36.18652128227014],[-0.375205211123615,36.18847871772986]]],[[[-0.3554256454027758,36.1916042224723],[-0.3609348674229268,36.1935143200438],[-0.35970360068123697,36.18764201366464],[-0.3554256454027758,36.1916042224723]]]]},"properties":{"speed":0.1709,"dir_deg":78.2,"type":"متوسط"}},{"type":"Feature","geometry":{"type":"MultiPolygon","coordinates":[[[[-0.3336959039343248,36.18843196017234],[-0.3197165013492199,36.193870370175595],[-0.3189913800154519,36.19200644983092],[-0.3329707826005568,36.18656803982766],[-0.3336959039343248,36.18843196017234]]],[[[-0.3146941398206343,36.19475121333768],[-0.320441622682988,36.19573429052028],[-0.31826625868168384,36.19014252948624],[-0.3146941398206343,36.19475121333768]]]]},"properties":{"speed":0.1814,"dir_deg":68.7,"type":"متوسط"}},{"type":"Feature","geometry":{"type":"MultiPolygon","coordinates":[[[[-0.292130768019113,36.18838577689837],[-0.2788441145435001,36.19534744619668],[-0.27791589197039257,36.193575892399934],[-0.29120254544600543,36.18661422310163],[-0.292130768019113,36.18838577689837]]],[[[-0.2739511187650754,36.19678222573108],[-0.27977233711660765,36.19711899999343],[-0.27698766939728503,36.191804338603184],[-0.2739511187650754,36.19678222573108]]]]},"properties":{"speed":0.1928,"dir_deg":62.3,"type":"متوسط"}},{"type":"Feature","geometry":{"type":"MultiPolygon","coordinates":[[[[-0.25052264143543174,36.1883525525966],[-0.23773435248642752,36.19619217412807],[-0.2366890696155641,36.194487068934876],[-0.2494773585645683,36.1866474474034],[-0.25052264143543174,36.1883525525966]]],[[[-0.23294894806799443,36.19795282870864],[-0.23877963535729096,36.197897279321275],[-0.23564378674470066,36.19278196374167],[-0.23294894806799443,36.19795282870864]]]]},"properties":{"speed":0.2056,"dir_deg":58.5,"type":"متوسط"}},{"type":"Feature","geometry":{"type":"MultiPolygon","coordinates":[[[[-0.20886996940210822,36.18834381064148],[-0.19621280977999817,36.19639342617891],[-0.19513952770834092,36.19470580489595],[-0.20779668733045098,36.18665618935852],[-0.20886996940210822,36.18834381064148]]],[[[-0.19145711553679953,36.19823282071657],[-0.19728609185165544,36.198081047461855],[-0.19406624563668365,36.193018183613006],[-0.19145711553679953,36.19823282071657]]]]},"properties":{"speed":0.2165,"dir_deg":57.5,"type":"متوسط"}},{"type":"Feature","geometry":{"type":"MultiPolygon","coordinates":[[[[-0.16719653626871703,36.188348082229844],[-0.1544753028210331,36.19629605175479],[-0.15341557355103985,36.194599887295105],[-0.16613680699872377,36.186651917770156],[-0.16719653626871703,36.188348082229844]]],[[[-0.1497050270368085,36.198097292699934],[-0.1555350320910264,36.19799221621449],[-0.15235584428104657,36.19290372283541],[-0.1497050270368085,36.198097292699934]]]]},"properties":{"speed":0.2248,"dir_deg":58.0,"type":"متوسط"}},{"type":"Feature","geometry":{"type":"MultiPolygon","coordinates":[[[[-0.12555823503213487,36.188329682860434],[-0.11311299212562995,36.196703208342456],[-0.11199652206136021,36.19504384262159],[-0.12444176496786513,36.186670317139566],[-0.12555823503213487,36.188329682860434]]],[[[-0.10840634279132677,36.198664700642695],[-0.11422946218989968,36.198362574063324],[-0.11088005199709047,36.19338447690072],[-0.10840634279132677,36.198664700642695]]]]},"properties":{"speed":0.2347,"dir_deg":56.1,"type":"متوسط"}},{"type":"Feature","geometry":{"type":"MultiPolygon","coordinates":[[[[-0.08394994357779809,36.18828727051841],[-0.07214088580170884,36.19753638693248],[-0.07090767027983307,36.19596184589566],[-0.08271672805592231,36.18671272948159],[-0.08394994357779809,36.18828727051841]]],[[[-0.0675879254487412,36.19983215521876],[-0.0733741013235846,36.199110927969286],[-0.0696744547579573,36.19438730485885],[-0.0675879254487412,36.19983215521876]]]]},"properties":{"speed":0.2589,"dir_deg":51.9,"type":"متوسط"}},{"type":"Feature","geometry":{"type":"MultiPolygon","coordinates":[[[[-0.0423517076311061,36.188228505716076],[-0.03142412188996009,36.19850410155622],[-0.030054042444608093,36.197047090124066],[-0.0409816281857541,36.186771494283924],[-0.0423517076311061,36.188228505716076]]],[[[-0.027096553586902092,36.20120079445352],[-0.03279420133531209,36.19996111298837],[-0.028683962999256095,36.195590078691914],[-0.027096553586902092,36.20120079445352]]]]},"properties":{"speed":0.2961,"dir_deg":46.8,"type":"متوسط"}},{"type":"Feature","geometry":{"type":"MultiPolygon","coordinates":[[[[-0.0007551470220691472,36.18815555547062],[0.009078185037234161,36.19948276080166],[0.010588479081372457,36.19817164986041],[0.0007551470220691472,36.18684444452938],[-0.0007551470220691472,36.18815555547062]]],[[[0.013111109412404412,36.20260294044138],[0.0075678909930958676,36.200793871742896],[0.012098773125510751,36.196860538919175],[0.013111109412404412,36.20260294044138]]]]},"properties":{"speed":0.3595,"dir_deg":41.0,"type":"قوي"}},{"type":"Feature","geometry":{"type":"MultiPolygon","coordinates":[[[[0.04089975881891737,36.18814175575449],[0.05052609513628759,36.19964539209718],[0.052059913315313046,36.198361880588195],[0.042433576997942826,36.18685824424551],[0.04089975881891737,36.18814175575449]]],[[[0.05450178299825706,36.202838181790256],[0.04899227695726214,36.20092890360616],[0.0535937314943385,36.197078369079215],[0.05450178299825706,36.202838181790256]]]]},"properties":{"speed":0.428,"dir_deg":39.9,"type":"قوي"}},{"type":"Feature","geometry":{"type":"MultiPolygon","coordinates":[[[[0.0825735151437599,36.18815013271317],[0.09232550584125944,36.199547442809674],[0.09384514718746002,36.19824717738334],[0.08409315648996049,36.18684986728683],[0.0825735151437599,36.18815013271317]]],[[[0.0963359900801929,36.20269641346201],[0.09080586449505884,36.200847708236005],[0.09536478853366062,36.196946911957006],[0.0963359900801929,36.20269641346201]]]]},"properties":{"speed":0.4719,"dir_deg":40.6,"type":"قوي"}},{"type":"Feature","geometry":{"type":"MultiPolygon","coordinates":[[[[0.12426837952634308,36.18818171216985],[0.13449406207414172,36.1991560192747],[0.1359573030214556,36.197792594935],[0.12573162047365694,36.18681828783015],[0.12426837952634308,36.18818171216985]]],[[[0.13863424339706484,36.20213240947314],[0.13303082112682788,36.20051944361441],[0.13742054396876943,36.196429170595295],[0.13863424339706484,36.20213240947314]]]]},"properties":{"speed":0.4575,"dir_deg":43.0,"type":"قوي"}},{"type":"Feature","geometry":{"type":"MultiPolygon","coordinates":[[[[0.16592573204873237,36.18817157168746],[0.1759993073606313,36.199285665462284],[0.17748118653060735,36.19794252208736],[0.16740761121870842,36.18682842831254],[0.16592573204873237,36.18817157168746]]],[[[0.18009810538291895,36.20231879169976],[0.17451742819065524,36.2006288088372],[0.1789630657005834,36.19659937871244],[0.18009810538291895,36.20231879169976]]]]},"properties":{"speed":0.3925,"dir_deg":42.2,"type":"قوي"}},{"type":"Feature","geometry":{"type":"MultiPolygon","coordinates":[[[[0.20759478490314617,36.18817420586846],[0.21770787293001279,36.19925235781546],[0.21918495985627964,36.19790394607855],[0.20907187182941303,36.18682579413154],[0.20759478490314617,36.18817420586846]]],[[[0.22181744573543508,36.20227086926267],[0.21623078600374596,36.20060076955238],[0.22066204678254647,36.19655553434163],[0.22181744573543508,36.20227086926267]]]]},"properties":{"speed":0.2474,"dir_deg":42.4,"type":"متوسط"}},{"type":"Feature","geometry":{"type":"MultiPolygon","coordinates":[[[[0.24916135963207628,36.18804468553615],[0.2573316426742956,36.20062429105501],[0.259008923410143,36.19953491998271],[0.2508386403679237,36.18695531446385],[0.24916135963207628,36.18804468553615]]],[[[0.2608937107229591,36.20427280735847],[0.25565436193844815,36.201713662127304],[0.2606862041459904,36.19844554891041],[0.2608937107229591,36.20427280735847]]]]},"properties":{"speed":0.1143,"dir_deg":33.0,"type":"ضعيف"}},{"type":"Feature","geometry":{"type":"MultiPolygon","coordinates":[[[[0.2906756150124144,36.1876335526448],[0.2926789046843778,36.20249917844697],[0.2946609881246674,36.202232073157376],[0.292657698452704,36.1873664473552],[0.2906756150124144,36.1876335526448]]],[[[0.2943377096285104,36.20732083440289],[0.2906968212440882,36.202766283736565],[0.296643071564957,36.20196496786778],[0.2943377096285104,36.20732083440289]]]]},"properties":{"speed":0.0822,"dir_deg":7.7,"type":"ضعيف"}},{"type":"Feature","geometry":{"type":"MultiPolygon","coordinates":[[[[-0.4171066784508676,36.230065925363405],[-0.4036368714860735,36.23666625113803],[-0.4027568280494568,36.234870276876066],[-0.41622663501425083,36.22826995110144],[-0.4171066784508676,36.230065925363405]]],[[[-0.3987069141128338,36.23796837259859],[-0.40451691492269026,36.238462225400006],[-0.40187678461284004,36.23307430261409],[-0.3987069141128338,36.23796837259859]]]]},"properties":{"speed":0.159,"dir_deg":63.9,"type":"ضعيف"}},{"type":"Feature","geometry":{"type":"MultiPolygon","coordinates":[[[[-0.3755195107291399,36.230022402159285],[-0.36270255182620925,36.237815063096384],[-0.3616635303679294,36.23610613524266],[-0.3744804892708601,36.22831347430556],[-0.3755195107291399,36.230022402159285]]],[[[-0.3579107214627591,36.23955815281522],[-0.3637415732844891,36.239523990950104],[-0.3606245089096496,36.23439720738894],[-0.3579107214627591,36.23955815281522]]]]},"properties":{"speed":0.1683,"dir_deg":58.7,"type":"متوسط"}},{"type":"Feature","geometry":{"type":"MultiPolygon","coordinates":[[[[-0.33387328860211996,36.23000963831889],[-0.32124778730511777,36.23810881833908],[-0.32016789663575945,36.23642541816614],[-0.33279339793276164,36.228326238145954],[-0.33387328860211996,36.23000963831889]]],[[[-0.31649934153810455,36.239966844926],[-0.32232767797447603,36.23979221851201],[-0.3190880059664012,36.23474201799321],[-0.31649934153810455,36.239966844926]]]]},"properties":{"speed":0.1788,"dir_deg":57.3,"type":"متوسط"}},{"type":"Feature","geometry":{"type":"MultiPolygon","coordinates":[[[[-0.29218415390872376,36.23002362314678],[-0.27934888019333765,36.23778608078925],[-0.2783138858410085,36.23607471096054],[-0.29114915955639464,36.228312253318066],[-0.29218415390872376,36.23002362314678]]],[[[-0.2745529584453777,36.23951788175572],[-0.28038387454566677,36.23949745061797],[-0.2772788914886794,36.23436334113182],[-0.2745529584453777,36.23951788175572]]]]},"properties":{"speed":0.1895,"dir_deg":58.8,"type":"متوسط"}},{"type":"Feature","geometry":{"type":"MultiPolygon","coordinates":[[[[-0.250504297249144,36.230031468361894],[-0.2375513453070654,36.23759592709905],[-0.23654275080877735,36.23586886684011],[-0.24949570275085597,36.22830440810295],[-0.250504297249144,36.230031468361894]]],[[[-0.23272939741056184,36.239253883215305],[-0.23855993980535345,36.239322987357994],[-0.2355341563104893,36.234141806581164],[-0.23272939741056184,36.239253883215305]]]]},"properties":{"speed":0.2058,"dir_deg":59.7,"type":"متوسط"}},{"type":"Feature","geometry":{"type":"MultiPolygon","coordinates":[[[[-0.2088302891995205,36.23003571120401],[-0.19581369462565004,36.23749012370262],[-0.19481977295916822,36.235754577759444],[-0.2078363675330387,36.22830016526083],[-0.2088302891995205,36.23003571120401]]],[[[-0.1909778689344523,36.23910715489724],[-0.19680761629213184,36.239225669645805],[-0.19382585129268642,36.23401903181626],[-0.1909778689344523,36.23910715489724]]]]},"properties":{"speed":0.2208,"dir_deg":60.2,"type":"متوسط"}},{"type":"Feature","geometry":{"type":"MultiPolygon","coordinates":[[[[-0.16716512580070655,36.23003485428569],[-0.1541613850016833,36.23751166679048],[-0.153164476667711,36.235777834683944],[-0.16616821746673424,36.22830102217915],[-0.16716512580070655,36.23003485428569]]],[[[-0.14932835056835606,36.23913702157215],[-0.1551582933356556,36.23924549889702],[-0.1521675683337387,36.234044002577406],[-0.14932835056835606,36.23913702157215]]]]},"properties":{"speed":0.2354,"dir_deg":60.1,"type":"متوسط"}},{"type":"Feature","geometry":{"type":"MultiPolygon","coordinates":[[[[-0.12551617549464256,36.230024421074475],[-0.11266893286385339,36.23776705349411],[-0.11163658187456828,36.236054087810004],[-0.12448382450535744,36.22831145539037],[-0.12551617549464256,36.230024421074475]]],[[[-0.10787034315894778,36.23949144812527],[-0.11370128385313849,36.23948001917822],[-0.11060423088528318,36.2343411221259],[-0.10787034315894778,36.23949144812527]]]]},"properties":{"speed":0.2447,"dir_deg":58.9,"type":"متوسط"}},{"type":"Feature","geometry":{"type":"MultiPolygon","coordinates":[[[[-0.08394969766810911,36.22995540129081],[-0.0721377517922965,36.23920082905954],[-0.07090502808979868,36.23762590294277],[-0.08271697396561128,36.228380475174035],[-0.08394969766810911,36.22995540129081]]],[[[-0.06758407464911005,36.2414951752574],[-0.07337047549479435,36.240775755176315],[-0.06967230438730083,36.23605097682599],[-0.06758407464911005,36.2414951752574]]]]},"properties":{"speed":0.2645,"dir_deg":51.9,"type":"متوسط"}},{"type":"Feature","geometry":{"type":"MultiPolygon","coordinates":[[[[-0.042350210197188716,36.229897849144436],[-0.03140154651696306,36.240150983475814],[-0.030034461939445825,36.238691161651786],[-0.04098312561967148,36.22843802732041],[-0.042350210197188716,36.229897849144436]]],[[[-0.027068449668129223,36.242838784007596],[-0.03276863109448029,36.24161080529984],[-0.028667377361928596,36.23723133982776],[-0.027068449668129223,36.242838784007596]]]]},"properties":{"speed":0.2896,"dir_deg":46.9,"type":"متوسط"}},{"type":"Feature","geometry":{"type":"MultiPolygon","coordinates":[[[[-0.0007663294505277006,36.2298103860305],[0.008870387520626443,36.24130532778842],[0.010403046421681843,36.24002043219226],[0.0007663294505277006,36.22852549043434],[-0.0007663294505277006,36.2298103860305]]],[[[0.012848955961538858,36.24449452724298],[0.007337728619571041,36.24259022338457],[0.011935705322737244,36.23873553659611],[0.012848955961538858,36.24449452724298]]]]},"properties":{"speed":0.3279,"dir_deg":40.0,"type":"متوسط"}},{"type":"Feature","geometry":{"type":"MultiPolygon","coordinates":[[[[0.04085753961936261,36.22975557027021],[0.04967202018612953,36.24189249460622],[0.051290276764264515,36.24071723053065],[0.04247579619749759,36.22858030619464],[0.04085753961936261,36.22975557027021]]],[[[0.053419308664119335,36.24535050401377],[0.04805376360799456,36.24306775868179],[0.05290853334239949,36.23954196645508],[0.053419308664119335,36.24535050401377]]]]},"properties":{"speed":0.3895,"dir_deg":36.0,"type":"قوي"}},{"type":"Feature","geometry":{"type":"MultiPolygon","coordinates":[[[[0.08252370493714171,36.229754877614816],[0.09132779567306738,36.24189934081059],[0.09294705743250435,36.2407254620458],[0.08414296669657868,36.22858099885003],[0.08252370493714171,36.229754877614816]]],[[[0.0950721234647611,36.24536055582679],[0.08970853391363041,36.24307321957538],[0.09456631919194132,36.23955158328101],[0.0950721234647611,36.24536055582679]]]]},"properties":{"speed":0.4493,"dir_deg":35.9,"type":"قوي"}},{"type":"Feature","geometry":{"type":"MultiPolygon","coordinates":[[[[0.12420406877210931,36.22977332528256],[0.1332848745241003,36.24171229370092],[0.1348767369798817,36.24050151960065],[0.1257959312278907,36.228562551182286],[0.12420406877210931,36.22977332528256]]],[[[0.13710774100265466,36.245086562790235],[0.1316930120683189,36.242923067801186],[0.13646859943566308,36.239290745500384],[0.13710774100265466,36.245086562790235]]]]},"properties":{"speed":0.4817,"dir_deg":37.3,"type":"قوي"}},{"type":"Feature","geometry":{"type":"MultiPolygon","coordinates":[[[[0.16588193339379675,36.22978776554289],[0.17517934305081115,36.241558839141746],[0.17674881953065844,36.240319184520814],[0.16745140987364404,36.228548110921956],[0.16588193339379675,36.22978776554289]]],[[[0.1790632178430729,36.2448627030309],[0.17360986657096383,36.242798493762685],[0.17831829601050575,36.239079529899875],[0.1790632178430729,36.2448627030309]]]]},"properties":{"speed":0.4771,"dir_deg":38.3,"type":"قوي"}},{"type":"Feature","geometry":{"type":"MultiPolygon","coordinates":[[[[0.20756430084478547,36.22980715390118],[0.21715253587614186,36.24134256672359],[0.21869059091913012,36.24006413538608],[0.20910235588777373,36.22852872256367],[0.20756430084478547,36.22980715390118]]],[[[0.22111764174142146,36.2445484886623],[0.21561448083315357,36.242620998061106],[0.2202286459621184,36.23878570404856],[0.22111764174142146,36.2445484886623]]]]},"properties":{"speed":0.389,"dir_deg":39.7,"type":"قوي"}},{"type":"Feature","geometry":{"type":"MultiPolygon","coordinates":[[[[0.2492161844005473,36.229788931876556],[0.25853108906255473,36.24154616586834],[0.2600987202614601,36.240304178580075],[0.2507838155994527,36.22854694458829],[0.2492161844005473,36.229788931876556]]],[[[0.26241987288267654,36.244844250221476],[0.2569634578636493,36.24278815315661],[0.2616663514603655,36.23906219129181],[0.26241987288267654,36.244844250221476]]]]},"properties":{"speed":0.2464,"dir_deg":38.4,"type":"متوسط"}},{"type":"Feature","geometry":{"type":"MultiPolygon","coordinates":[[[[0.2908196645643468,36.22969954360014],[0.29879374508012135,36.24240442612333],[0.3004877294165461,36.24134121538789],[0.2925136489007716,36.2286363328647],[0.2908196645643468,36.22969954360014]]],[[[0.30229876408692524,36.24610778159667],[0.29709976074369665,36.24346763685877],[0.3021817137529708,36.24027800465245],[0.30229876408692524,36.24610778159667]]]]},"properties":{"speed":0.1382,"dir_deg":32.1,"type":"ضعيف"}},{"type":"Feature","geometry":{"type":"MultiPolygon","coordinates":[[[[0.3324281285589414,36.22959289273766],[0.3388024461374099,36.24317111336515],[0.3406128755544087,36.24232120435468],[0.3342385579759402,36.22874298372719],[0.3324281285589414,36.22959289273766]]],[[[0.3418324333720655,36.24727223240241],[0.33699201672041107,36.24402102237561],[0.34242330497140755,36.24147129534422],[0.3418324333720655,36.24727223240241]]]]},"properties":{"speed":0.0826,"dir_deg":25.1,"type":"ضعيف"}},{"type":"Feature","geometry":{"type":"MultiPolygon","coordinates":[[[[0.3740505844815991,36.22948196080075],[0.37876092300652603,36.24372319357676],[0.3806597540433278,36.24309514844011],[0.3759494155184009,36.2288539156641],[0.3740505844815991,36.22948196080075]]],[[[0.38128045136656924,36.24815624860044],[0.3768620919697243,36.24435123871342],[0.3825585850801295,36.242467103303454],[0.38128045136656924,36.24815624860044]]]]},"properties":{"speed":0.0444,"dir_deg":18.3,"type":"ضعيف"}},{"type":"Feature","geometry":{"type":"MultiPolygon","coordinates":[[[[0.41573568683107465,36.22953303416848],[0.4212121258720223,36.24349758269075],[0.4230740656749914,36.24276739081863],[0.41759762663404376,36.22880284229636],[0.41573568683107465,36.22953303416848]]],[[[0.4239685754538227,36.247787336262114],[0.41935018606905317,36.24422777456288],[0.4249360054779605,36.2420371989465],[0.4239685754538227,36.247787336262114]]]]},"properties":{"speed":0.0308,"dir_deg":21.4,"type":"ضعيف"}},{"type":"Feature","geometry":{"type":"MultiPolygon","coordinates":[[[[-0.4171978257093651,36.271679327675116],[-0.4044888370962703,36.279646862327205],[-0.40342649914265855,36.27795233051213],[-0.4161354877557533,36.26998479586004],[-0.4171978257093651,36.271679327675116]]],[[[-0.3997213385817662,36.2814554413037],[-0.4055511750498821,36.28134139414229],[-0.4023641611890468,36.276257798697046],[-0.3997213385817662,36.2814554413037]]]]},"properties":{"speed":0.1702,"dir_deg":57.9,"type":"متوسط"}},{"type":"Feature","geometry":{"type":"MultiPolygon","coordinates":[[[[-0.375535467558069,36.27167661756458],[-0.36286713060298603,36.279708630935616],[-0.36179619548684805,36.27801951934161],[-0.374464532441931,36.269987505970576],[-0.375535467558069,36.27167661756458]]],[[[-0.3581088840598894,36.28154141292896],[-0.36393806571912396,36.28139774252963],[-0.3607252603707101,36.2763304077476],[-0.3581088840598894,36.28154141292896]]]]},"properties":{"speed":0.1812,"dir_deg":57.6,"type":"متوسط"}},{"type":"Feature","geometry":{"type":"MultiPolygon","coordinates":[[[[-0.3338598696200629,36.27168222057627],[-0.3211074874897018,36.2795801158656],[-0.32005443478445755,36.27787979824822],[-0.33280681691481867,36.26998190295889],[-0.3338598696200629,36.27168222057627]]],[[[-0.31633016709362594,36.28136258882002],[-0.322160540194946,36.28128043348298],[-0.31900138207921336,36.27617948063084],[-0.31633016709362594,36.28136258882002]]]]},"properties":{"speed":0.186,"dir_deg":58.2,"type":"متوسط"}},{"type":"Feature","geometry":{"type":"MultiPolygon","coordinates":[[[[-0.29216452838486445,36.27169931249132],[-0.27915576752873583,36.2791673872759],[-0.27816002422412534,36.27743288582841],[-0.29116878508025396,36.269964811043835],[-0.29216452838486445,36.27169931249132]]],[[[-0.27432164225772104,36.28078949481368],[-0.2801515108333463,36.28090188872338],[-0.2771642809195149,36.27569838438093],[-0.27432164225772104,36.28078949481368]]]]},"properties":{"speed":0.1877,"dir_deg":60.1,"type":"متوسط"}},{"type":"Feature","geometry":{"type":"MultiPolygon","coordinates":[[[[-0.2504871141642158,36.27170540007031],[-0.237387039623223,36.27901211253355],[-0.2364128112947913,36.277265435928086],[-0.24951288583578415,36.269958723464846],[-0.2504871141642158,36.27170540007031]]],[[[-0.23253323394534287,36.280574345051896],[-0.23836126795165466,36.280758789139014],[-0.23543858296635964,36.27551875932262],[-0.23253323394534287,36.280574345051896]]]]},"properties":{"speed":0.1973,"dir_deg":60.8,"type":"متوسط"}},{"type":"Feature","geometry":{"type":"MultiPolygon","coordinates":[[[[-0.20882023268723826,36.271705517079674],[-0.195718403005772,36.27900908189405],[-0.1947445943638547,36.27726217126986],[-0.20784642404532094,36.26995860645548],[-0.20882023268723826,36.271705517079674]]],[[[-0.1908642221243246,36.280570148186754],[-0.19669221164768935,36.28075599251825],[-0.19377078572193734,36.27551526064566],[-0.1908642221243246,36.280570148186754]]]]},"properties":{"speed":0.2126,"dir_deg":60.9,"type":"متوسط"}},{"type":"Feature","geometry":{"type":"MultiPolygon","coordinates":[[[[-0.16716268183994204,36.27170037845826],[-0.15413793147965146,36.27914053155159],[-0.15314591106720818,36.27740389817022],[-0.16617066142749876,36.26996374507689],[-0.16716268183994204,36.27170037845826]]],[[[-0.14930033781999963,36.28075226589201],[-0.15512995189209478,36.28087716493296],[-0.15215389065476487,36.27566726478885],[-0.14930033781999963,36.28075226589201]]]]},"properties":{"speed":0.2377,"dir_deg":60.3,"type":"متوسط"}},{"type":"Feature","geometry":{"type":"MultiPolygon","coordinates":[[[[-0.12551583052097032,36.27168875241982],[-0.11266547073736946,36.27942621023438],[-0.11163380969542883,36.27771282892989],[-0.12448416947902968,36.269975371115336],[-0.12551583052097032,36.27168875241982]]],[[[-0.10786618695519887,36.28114867218699],[-0.11369713177931008,36.28113959153885],[-0.1106021486534882,36.275999447625416],[-0.10786618695519887,36.28114867218699]]]]},"properties":{"speed":0.2603,"dir_deg":58.9,"type":"متوسط"}},{"type":"Feature","geometry":{"type":"MultiPolygon","coordinates":[[[[-0.08395151369283027,36.27161810000689],[-0.07216094010314628,36.28089076814644],[-0.07092458435120613,36.27931869166782],[-0.08271515794089013,36.270046023528266],[-0.08395151369283027,36.27161810000689]]],[[[-0.06761257103061487,36.28319561928698],[-0.07339729585508642,36.282462844625066],[-0.06968822859926599,36.277746615189194],[-0.06761257103061487,36.28319561928698]]]]},"properties":{"speed":0.283,"dir_deg":51.8,"type":"متوسط"}},{"type":"Feature","geometry":{"type":"MultiPolygon","coordinates":[[[[-0.042334311596956505,36.27157654273118],[-0.031167097142875168,36.281591198059076],[-0.029831809765822358,36.28010223613187],[-0.040999024219903694,36.270087580803974],[-0.042334311596956505,36.27157654273118]]],[[[-0.026777048636321646,36.28418493553811],[-0.03250238451992797,36.28308015998629],[-0.02849652238876955,36.27861327420465],[-0.026777048636321646,36.28418493553811]]]]},"properties":{"speed":0.3144,"dir_deg":48.1,"type":"متوسط"}},{"type":"Feature","geometry":{"type":"MultiPolygon","coordinates":[[[[-0.0007348367468171194,36.27151030579116],[0.009438823606940882,36.28253285699342],[0.01090849710057512,36.281176368946255],[0.0007348367468171194,36.270153817743996],[-0.0007348367468171194,36.27151030579116]]],[[[0.013564880471677337,36.28552879670392],[0.007969150113306643,36.28388934504059],[0.01237817059420936,36.27981988089908],[0.013564880471677337,36.28552879670392]]]]},"properties":{"speed":0.327,"dir_deg":42.7,"type":"متوسط"}},{"type":"Feature","geometry":{"type":"MultiPolygon","coordinates":[[[[0.04082833088737675,36.27137721407578],[0.049005615510316444,36.28395226939158],[0.05068228955242314,36.28286196477518],[0.04250500492948345,36.27028690945938],[0.04082833088737675,36.27137721407578]]],[[[0.052569714072349685,36.28759880218865],[0.04732894146820976,36.28504257400797],[0.05235896359452982,36.28177166015879],[0.052569714072349685,36.28759880218865]]]]},"properties":{"speed":0.3744,"dir_deg":33.0,"type":"قوي"}},{"type":"Feature","geometry":{"type":"MultiPolygon","coordinates":[[[[0.08248884328098349,36.27136762909],[0.09052235311734505,36.284035017128154],[0.09221133818909846,36.28296388248331],[0.0841778283527369,36.270296494445155],[0.08248884328098349,36.27136762909]]],[[[0.09404468226534228,36.28772191248511],[0.08883336804559162,36.285106151773],[0.09390032326085189,36.28189274783846],[0.09404468226534228,36.28772191248511]]]]},"properties":{"speed":0.4107,"dir_deg":32.4,"type":"قوي"}},{"type":"Feature","geometry":{"type":"MultiPolygon","coordinates":[[[[0.12415107920855102,36.27136058186166],[0.13207888061974135,36.28409439373339],[0.13377672220263928,36.28303735354523],[0.12584892079144896,36.2703035416735],[0.12415107920855102,36.27136058186166]]],[[[0.1355704018815871,36.28781047759656],[0.1303810390368434,36.28515143392155],[0.13547456378553724,36.281980313357074],[0.1355704018815871,36.28781047759656]]]]},"properties":{"speed":0.454,"dir_deg":31.9,"type":"قوي"}},{"type":"Feature","geometry":{"type":"MultiPolygon","coordinates":[[[[0.16582082349898,36.27136548555122],[0.17382218025362758,36.28405320757233],[0.17551387652310838,36.28298636000504],[0.1675125197684608,36.270298637983934],[0.16582082349898,36.27136548555122]]],[[[0.17733514730658384,36.287749024462386],[0.1721304839841468,36.285120055139615],[0.17720557279258917,36.28191951243775],[0.17733514730658384,36.287749024462386]]]]},"properties":{"speed":0.4957,"dir_deg":32.2,"type":"قوي"}},{"type":"Feature","geometry":{"type":"MultiPolygon","coordinates":[[[[0.2074964190123554,36.27137940328191],[0.2157065417273756,36.28393304359078],[0.217380360435224,36.28283836056211],[0.2091702377202038,36.270284720253244],[0.2074964190123554,36.27137940328191]]],[[[0.2192801586529732,36.28757024884606],[0.2140327230195272,36.28502772661945],[0.2190541791430724,36.28174367753344],[0.2192801586529732,36.28757024884606]]]]},"properties":{"speed":0.4659,"dir_deg":33.2,"type":"قوي"}},{"type":"Feature","geometry":{"type":"MultiPolygon","coordinates":[[[[0.2491600425139168,36.27137471397809],[0.2572998256715862,36.28397407626934],[0.25897974064375257,36.28288877184831],[0.2508399574860832,36.270289409557066],[0.2491600425139168,36.27137471397809]]],[[[0.26085304421022587,36.28763121148924],[0.2556199106994198,36.285059380690356],[0.260659655615919,36.281803467427295],[0.26085304421022587,36.28763121148924]]]]},"properties":{"speed":0.3407,"dir_deg":32.9,"type":"قوي"}},{"type":"Feature","geometry":{"type":"MultiPolygon","coordinates":[[[[0.29080905121968154,36.27134636983118],[0.2985236721736505,36.28421045252434],[0.30023888319940584,36.28318183639714],[0.2925242622454369,36.27031775370398],[0.29080905121968154,36.27134636983118]]],[[[0.30195281800451784,36.28798417202513],[0.2968084611478952,36.285239068651535],[0.3019540942251611,36.28215322026995],[0.30195281800451784,36.28798417202513]]]]},"properties":{"speed":0.2221,"dir_deg":31.0,"type":"متوسط"}},{"type":"Feature","geometry":{"type":"MultiPolygon","coordinates":[[[[0.33252654239654633,36.271422885222364],[0.3413888942183199,36.28352489828578],[0.34300249596010884,36.28234325137621],[0.33414014413833526,36.27024123831279],[0.33252654239654633,36.271422885222364]]],[[[0.3451498123631389,36.28696807918546],[0.33977529247653104,36.284706545195355],[0.3446160977018977,36.28116160446664],[0.3451498123631389,36.28696807918546]]]]},"properties":{"speed":0.1388,"dir_deg":36.2,"type":"ضعيف"}},{"type":"Feature","geometry":{"type":"MultiPolygon","coordinates":[[[[0.37431460824257773,36.27156023629258],[0.3852372261175639,36.281841112653915],[0.38660800963240843,36.28038476360391],[0.37568539175742227,36.27010388724258],[0.37431460824257773,36.27156023629258]]],[[[0.38956349049998157,36.28453989691602],[0.3838664426027194,36.28329746170391],[0.3879787931472529,36.27892841455392],[0.38956349049998157,36.28453989691602]]]]},"properties":{"speed":0.0913,"dir_deg":46.7,"type":"ضعيف"}},{"type":"Feature","geometry":{"type":"MultiPolygon","coordinates":[[[[0.41615893742087,36.27169358431548],[0.4290817756393502,36.27930937399082],[0.43009721426272857,36.27758632889502],[0.4171743760442484,36.26997053921968],[0.41615893742087,36.27169358431548]]],[[[0.43389710769053275,36.280986448001364],[0.42806633701597174,36.281032419086614],[0.431112652886107,36.275863283799225],[0.43389710769053275,36.280986448001364]]]]},"properties":{"speed":0.089,"dir_deg":59.5,"type":"ضعيف"}},{"type":"Feature","geometry":{"type":"MultiPolygon","coordinates":[[[[0.45757601686088023,36.27148509830096],[0.4673715648615467,36.28284499439937],[0.4688862176746678,36.28153892133261],[0.45909066967400136,36.2701790252342],[0.45757601686088023,36.27148509830096]]],[[[0.4713940739349961,36.28597858989879],[0.46585691204842555,36.28415106746613],[0.47040087048778895,36.280232848265854],[0.4713940739349961,36.28597858989879]]]]},"properties":{"speed":0.0704,"dir_deg":40.8,"type":"ضعيف"}},{"type":"Feature","geometry":{"type":"MultiPolygon","coordinates":[[[[0.4990006522955747,36.27086817500144],[0.499542350803488,36.28585839056782],[0.5015410462123386,36.285786164100095],[0.5009993477044253,36.27079594853372],[0.4990006522955747,36.27086817500144]]],[[[0.5007222646772177,36.29081901585609],[0.4975436553946374,36.28593061703554],[0.5035397416211892,36.28571393763237],[0.5007222646772177,36.29081901585609]]]]},"properties":{"speed":0.0418,"dir_deg":2.1,"type":"ضعيف"}},{"type":"Feature","geometry":{"type":"MultiPolygon","coordinates":[[[[-0.417166274206616,36.31336624614263],[-0.4041725820672028,36.32086050825348],[-0.4031733471190892,36.319128015968225],[-0.4161670392585024,36.31163375385737],[-0.417166274206616,36.31336624614263]]],[[[-0.39934173388000826,36.32249234948114],[-0.4051718170153164,36.32259300053874],[-0.4021741121709756,36.31739552368297],[-0.39934173388000826,36.32249234948114]]]]},"properties":{"speed":0.1876,"dir_deg":60.0,"type":"متوسط"}},{"type":"Feature","geometry":{"type":"MultiPolygon","coordinates":[[[[-0.3754989092248189,36.31336665424789],[-0.36249909550642717,36.32085029262018],[-0.3615012770567894,36.31911698412439],[-0.3745010907751811,36.31163334575211],[-0.3754989092248189,36.31336665424789]]],[[[-0.3576669150421444,36.322478184496376],[-0.363496913956065,36.322583601115966],[-0.3605034586071516,36.317383675628605],[-0.3576669150421444,36.322478184496376]]]]},"properties":{"speed":0.1904,"dir_deg":60.1,"type":"متوسط"}},{"type":"Feature","geometry":{"type":"MultiPolygon","coordinates":[[[[-0.33384612773878175,36.313358517376614],[-0.32096836708954213,36.32105028444673],[-0.3199427981468602,36.3193332496935],[-0.33282055879609984,36.311641482623386],[-0.33384612773878175,36.313358517376614]]],[[[-0.3161629957351213,36.32275568942682],[-0.32199393603222404,36.32276731919996],[-0.3189172292041783,36.317616214940266],[-0.3161629957351213,36.32275568942682]]]]},"properties":{"speed":0.1845,"dir_deg":59.2,"type":"متوسط"}},{"type":"Feature","geometry":{"type":"MultiPolygon","coordinates":[[[[-0.2921964702542187,36.31334811416228],[-0.27947475781995773,36.321295316987175],[-0.27841513077663876,36.31959908866261],[-0.2911368432108997,36.31165188583772],[-0.2921964702542187,36.31334811416228]]],[[[-0.27470437348687793,36.32309627043319],[-0.28053438486327664,36.322991545311744],[-0.27735550373331985,36.317902860338044],[-0.27470437348687793,36.32309627043319]]]]},"properties":{"speed":0.1771,"dir_deg":58.0,"type":"متوسط"}},{"type":"Feature","geometry":{"type":"MultiPolygon","coordinates":[[[[-0.2505581562184402,36.313329735883165],[-0.23811211797092066,36.32170207915977],[-0.23699580553404023,36.32004260739344],[-0.24944184378155979,36.311670264116835],[-0.2505581562184402,36.313329735883165]]],[[[-0.2334052823366406,36.32366312436881],[-0.23922843040780106,36.32336155092611],[-0.23587949309715983,36.3183831356271],[-0.2334052823366406,36.32366312436881]]]]},"properties":{"speed":0.1796,"dir_deg":56.1,"type":"متوسط"}},{"type":"Feature","geometry":{"type":"MultiPolygon","coordinates":[[[[-0.20891291698151876,36.313314909220146],[-0.19668927867927194,36.32200873844874],[-0.19553010144879357,36.320378920008444],[-0.20775373975104044,36.311685090779854],[-0.20891291698151876,36.313314909220146]]],[[[-0.19203514396328378,36.32409177230478],[-0.19784845590975025,36.32363855688904],[-0.19437092421831526,36.318749101568145],[-0.19203514396328378,36.32409177230478]]]]},"properties":{"speed":0.1925,"dir_deg":54.6,"type":"متوسط"}},{"type":"Feature","geometry":{"type":"MultiPolygon","coordinates":[[[[-0.16725011232446912,36.31331215574884],[-0.15506777609182476,36.32206376611007],[-0.1539008947103273,36.32043945461239],[-0.16608323094297167,36.31168784425116],[-0.16725011232446912,36.31331215574884]]],[[[-0.15042355665686127,36.32416881381497],[-0.15623465747332219,36.323688077607756],[-0.15273401332882988,36.318815143114705],[-0.15042355665686127,36.32416881381497]]]]},"properties":{"speed":0.2149,"dir_deg":54.3,"type":"متوسط"}},{"type":"Feature","geometry":{"type":"MultiPolygon","coordinates":[[[[-0.12559628566740577,36.31330277232317],[-0.11355470081986802,36.32224705733426],[-0.11236212948505647,36.32064151268792],[-0.12440371433259423,36.31169722767683],[-0.12559628566740577,36.31330277232317]]],[[[-0.10894455353661633,36.32442571334811],[-0.11474727215467957,36.3238526019806],[-0.11116955815024492,36.31903596804158],[-0.10894455353661633,36.32442571334811]]]]},"properties":{"speed":0.2399,"dir_deg":53.4,"type":"متوسط"}},{"type":"Feature","geometry":{"type":"MultiPolygon","coordinates":[[[[-0.08399686998894616,36.313248145976715],[-0.07277468033822757,36.32320115855801],[-0.07144761199405564,36.32170486660458],[-0.08266980164477424,36.311751854023285],[-0.08399686998894616,36.313248145976715]]],[[[-0.06837041628256874,36.32577068344172],[-0.07410174868239948,36.32469745051144],[-0.07012054364988372,36.32020857465115],[-0.06837041628256874,36.32577068344172]]]]},"properties":{"speed":0.2664,"dir_deg":48.4,"type":"متوسط"}},{"type":"Feature","geometry":{"type":"MultiPolygon","coordinates":[[[[-0.04234950931562679,36.31323056663804],[-0.031391009745020904,36.32347318774599],[-0.030025326930627518,36.32201205446991],[-0.04098382650123341,36.31176943336196],[-0.04234950931562679,36.31323056663804]]],[[[-0.027055335147622248,36.32615682814394],[-0.03275669255941428,36.32493432102207],[-0.028659644116234135,36.32055092119383],[-0.027055335147622248,36.32615682814394]]]]},"properties":{"speed":0.3052,"dir_deg":46.9,"type":"متوسط"}},{"type":"Feature","geometry":{"type":"MultiPolygon","coordinates":[[[[-0.0007296268284500958,36.31318384551706],[0.009528055927480569,36.32412824794381],[0.01098730958438076,36.32276055690969],[0.0007296268284500958,36.31181615448294],[-0.0007296268284500958,36.31318384551706]]],[[[0.013676910341240887,36.327092536569005],[0.008068802270580377,36.32549593897794],[0.01244656324128095,36.321392865875566],[0.013676910341240887,36.327092536569005]]]]},"properties":{"speed":0.3094,"dir_deg":43.1,"type":"متوسط"}},{"type":"Feature","geometry":{"type":"MultiPolygon","coordinates":[[[[0.04079978350071586,36.31299850920118],[0.04827742151842793,36.32600177531689],[0.05001119033385642,36.32500475691453],[0.04253355231614434,36.31200149079882],[0.04079978350071586,36.31299850920118]]],[[[0.0516368519320462,36.329837688154285],[0.04654365270299944,36.326998793719255],[0.05174495914928491,36.324007738512165],[0.0516368519320462,36.329837688154285]]]]},"properties":{"speed":0.3684,"dir_deg":29.9,"type":"قوي"}},{"type":"Feature","geometry":{"type":"MultiPolygon","coordinates":[[[[0.08246572013333801,36.312997235382596],[0.08992425087229218,36.32601147063543],[0.09165948223933655,36.325016999870236],[0.08420095150038238,36.312002764617404],[0.08246572013333801,36.312997235382596]]],[[[0.09327804346879907,36.32985231367044],[0.08818901950524781,36.32700594140062],[0.09339471360638092,36.324022529105044],[0.09327804346879907,36.32985231367044]]]]},"properties":{"speed":0.3936,"dir_deg":29.8,"type":"قوي"}},{"type":"Feature","geometry":{"type":"MultiPolygon","coordinates":[[[[0.12411513265275835,36.31296584308279],[0.13110277889464428,36.326238853291414],[0.1328725135891276,36.32530716712583],[0.12588486734724166,36.31203415691721],[0.12411513265275835,36.31296584308279]]],[[[0.13431686165584794,36.330197346944836],[0.12933304420016098,36.327170539457],[0.1346422482836109,36.32437548096024],[0.13431686165584794,36.330197346944836]]]]},"properties":{"speed":0.4216,"dir_deg":27.8,"type":"قوي"}},{"type":"Feature","geometry":{"type":"MultiPolygon","coordinates":[[[[0.16576253240120278,36.31292723792929],[0.17217110134052527,36.326489326417054],[0.1739793798055605,36.32563485055848],[0.167570810866238,36.31207276207071],[0.16576253240120278,36.31292723792929]]],[[[0.1752114302194837,36.33058278465035],[0.17036282287549,36.32734380227563],[0.17578765827059575,36.324780374699905],[0.1752114302194837,36.33058278465035]]]]},"properties":{"speed":0.4806,"dir_deg":25.3,"type":"قوي"}},{"type":"Feature","geometry":{"type":"MultiPolygon","coordinates":[[[[0.20743432528349087,36.312937942298866],[0.21400345976648616,36.3264229885407],[0.21580146593206362,36.32554710394297],[0.20923233144906833,36.312062057701134],[0.20743432528349087,36.312937942298866]]],[[[0.21709217434360664,36.33048006165578],[0.21220545360090867,36.32729887313843],[0.2175994720976411,36.324671219345234],[0.21709217434360664,36.33048006165578]]]]},"properties":{"speed":0.4942,"dir_deg":26.0,"type":"قوي"}},{"type":"Feature","geometry":{"type":"MultiPolygon","coordinates":[[[[0.24910771691044623,36.31295147634279],[0.25587986205225205,36.326335722686096],[0.25766442823135954,36.32543277000052],[0.25089228308955375,36.31204852365721],[0.24910771691044623,36.31295147634279]]],[[[0.2590295268557411,36.33034566179108],[0.2540952958731445,36.32723867537167],[0.2594489944104671,36.32452981731495],[0.2590295268557411,36.33034566179108]]]]},"properties":{"speed":0.4091,"dir_deg":26.8,"type":"قوي"}},{"type":"Feature","geometry":{"type":"MultiPolygon","coordinates":[[[[0.2907919178727329,36.312984594600785],[0.29806083688450513,36.32610567749818],[0.29981031460415775,36.32513648829661],[0.2925413955923855,36.312015405399215],[0.2907919178727329,36.312984594600785]]],[[[0.3013585487482555,36.329994777196525],[0.2963113591648526,36.327074866699746],[0.3015597923238103,36.32416729909504],[0.3013585487482555,36.329994777196525]]]]},"properties":{"speed":0.2961,"dir_deg":29.0,"type":"متوسط"}},{"type":"Feature","geometry":{"type":"MultiPolygon","coordinates":[[[[0.33253820882754415,36.313106433197056],[0.34163470678336827,36.325033449795505],[0.34322497566316157,36.32382058340139],[0.33412847770733745,36.311893566802944],[0.33253820882754415,36.313106433197056]]],[[[0.34546200720853965,36.32840268879793],[0.340044437903575,36.32624631618961],[0.3448152445429548,36.32260771700729],[0.34546200720853965,36.32840268879793]]]]},"properties":{"speed":0.1995,"dir_deg":37.3,"type":"متوسط"}},{"type":"Feature","geometry":{"type":"MultiPolygon","coordinates":[[[[0.37440733774433566,36.313305451085235],[0.3864891040229039,36.3221953849202],[0.38767442853423256,36.32058448274973],[0.37559266225566434,36.311694548914765],[0.37440733774433566,36.313305451085235]]],[[[0.39110902170475764,36.32435324511329],[0.38530377951157524,36.323806287090676],[0.3888597530455612,36.318973580579254],[0.39110902170475764,36.32435324511329]]]]},"properties":{"speed":0.1271,"dir_deg":53.7,"type":"ضعيف"}},{"type":"Feature","geometry":{"type":"MultiPolygon","coordinates":[[[[0.416277956442274,36.31342136425171],[0.4300984202179491,36.31925186860599],[0.4308758207985195,36.31740914010257],[0.4170553570228444,36.31157863574829],[0.416277956442274,36.31342136425171]]],[[[0.43509394176679267,36.3202740058057],[0.42932101963737873,36.321094597109415],[0.43165322137908985,36.31556641159914],[0.43509394176679267,36.3202740058057]]]]},"properties":{"speed":0.1075,"dir_deg":67.1,"type":"ضعيف"}},{"type":"Feature","geometry":{"type":"MultiPolygon","coordinates":[[[[0.458038615446856,36.3134555812429],[0.47237233409028534,36.31787649855167],[0.472961789731455,36.31596533606587],[0.4586280710880256,36.3115444187571],[0.458038615446856,36.3134555812429]]],[[[0.4774449681253466,36.3183945564117],[0.47178287844911565,36.31978766103746],[0.47355124537262466,36.31405417358008],[0.4774449681253466,36.3183945564117]]]]},"properties":{"speed":0.0873,"dir_deg":72.9,"type":"ضعيف"}},{"type":"Feature","geometry":{"type":"MultiPolygon","coordinates":[[[[0.49966387499891735,36.313441817383385],[0.5137911357497003,36.318483692399624],[0.5144633857518657,36.316600057632854],[0.5003361250010827,36.311558182616615],[0.49966387499891735,36.313441817383385]]],[[[0.5188363476677107,36.31922250002165],[0.513118885747535,36.320367327166394],[0.515135635754031,36.314716422866084],[0.5188363476677107,36.31922250002165]]]]},"properties":{"speed":0.0735,"dir_deg":70.4,"type":"ضعيف"}},{"type":"Feature","geometry":{"type":"MultiPolygon","coordinates":[[[[0.5414705583590157,36.313480578267466],[0.5561792323710432,36.31642250090545],[0.556571488722775,36.31446134437052],[0.5418628147107475,36.311519421732534],[0.5414705583590157,36.313480578267466]]],[[[0.5612782518842515,36.31642256351732],[0.5557869760193114,36.31838365744039],[0.5569637450745067,36.31250018783558],[0.5612782518842515,36.31642256351732]]]]},"properties":{"speed":0.0825,"dir_deg":78.7,"type":"ضعيف"}},{"type":"Feature","geometry":{"type":"MultiPolygon","coordinates":[[[[0.5830151753939309,36.31344804439119],[0.5972358412617355,36.318220115459],[0.5978721174041105,36.316324026676625],[0.5836514515363059,36.31155195560881],[0.5830151753939309,36.31344804439119]]],[[[0.6022942012888578,36.31886276142375],[0.5965995651193604,36.32011620424137],[0.5985083935464856,36.31442793789425],[0.6022942012888578,36.31886276142375]]]]},"properties":{"speed":0.0915,"dir_deg":71.4,"type":"ضعيف"}},{"type":"Feature","geometry":{"type":"MultiPolygon","coordinates":[[[[-0.4172046126749373,36.35501091118813],[-0.40456001833927263,36.363080250323804],[-0.40348410645451643,36.361394304412386],[-0.4161287007901811,36.35332496527671],[-0.4172046126749373,36.35501091118813]]],[[[-0.39980719761833966,36.36492705707998],[-0.40563593022402883,36.36476619623523],[-0.40240819456976024,36.35970835850096],[-0.39980719761833966,36.36492705707998]]]]},"properties":{"speed":0.1788,"dir_deg":57.5,"type":"متوسط"}},{"type":"Feature","geometry":{"type":"MultiPolygon","coordinates":[[[[-0.37556565532319086,36.354992580006375],[-0.36319602871391843,36.363477409854234],[-0.3620647180675367,36.36182812630633],[-0.37443434467680914,36.35334329645847],[-0.37556565532319086,36.354992580006375]]],[[[-0.3585071645209701,36.36548104469624],[-0.3643273393603001,36.36512669340213],[-0.36093340742115504,36.36017884275843],[-0.3585071645209701,36.36548104469624]]]]},"properties":{"speed":0.1718,"dir_deg":55.6,"type":"متوسط"}},{"type":"Feature","geometry":{"type":"MultiPolygon","coordinates":[[[[-0.333943669272577,36.35496008857639],[-0.3220614141130019,36.36411497865343],[-0.32084076210272944,36.362530677965495],[-0.3327230172623046,36.35337578788845],[-0.333943669272577,36.35496008857639]]],[[[-0.3174903363880073,36.366374458335144],[-0.32328206612327437,36.36569927934138],[-0.31962011009245694,36.36094637727755],[-0.3174903363880073,36.366374458335144]]]]},"properties":{"speed":0.1611,"dir_deg":52.4,"type":"ضعيف"}},{"type":"Feature","geometry":{"type":"MultiPolygon","coordinates":[[[[-0.29231543717977543,36.35492891387678],[-0.28090080251436733,36.36466062058503],[-0.2796032416199349,36.363138669296305],[-0.291017876285343,36.35340696258806],[-0.29231543717977543,36.35492891387678]]],[[[-0.2764471438453484,36.367143547176745],[-0.2821983634087997,36.36618257187375],[-0.2783056807255025,36.36161671800758],[-0.2764471438453484,36.367143547176745]]]]},"properties":{"speed":0.1547,"dir_deg":49.6,"type":"ضعيف"}},{"type":"Feature","geometry":{"type":"MultiPolygon","coordinates":[[[[-0.25067397101842354,36.35490669601839],[-0.23959260422893588,36.36501626129474],[-0.2382446621920888,36.363538745722806],[-0.24932602898157646,36.353429180446454],[-0.25067397101842354,36.35490669601839]]],[[[-0.2352248442806831,36.36764735860089],[-0.24094054626578293,36.36649377686667],[-0.23689672015524177,36.36206123015088],[-0.2352248442806831,36.36764735860089]]]]},"properties":{"speed":0.1599,"dir_deg":47.6,"type":"ضعيف"}},{"type":"Feature","geometry":{"type":"MultiPolygon","coordinates":[[[[-0.20901387815446096,36.35490064007206],[-0.1980233505599175,36.36510888689478],[-0.19666225098355478,36.363643483215505],[-0.20765277857809825,36.353435236392784],[-0.20901387815446096,36.35490064007206]]],[[[-0.19367929157355498,36.36777893399605],[-0.1993844501362802,36.36657429057405],[-0.19530115140719206,36.362178079536235],[-0.19367929157355498,36.36777893399605]]]]},"properties":{"speed":0.1751,"dir_deg":47.1,"type":"متوسط"}},{"type":"Feature","geometry":{"type":"MultiPolygon","coordinates":[[[[-0.1673267556641136,36.35491913000076],[-0.15605887913903252,36.36482039045666],[-0.15473871107824613,36.36331800691998],[-0.1660065876033272,36.353416746464084],[-0.1673267556641136,36.35491913000076]]],[[[-0.15164283626694564,36.367369618840286],[-0.1573790471998189,36.36632277399334],[-0.15341854301745975,36.3618156233833],[-0.15164283626694564,36.367369618840286]]]]},"properties":{"speed":0.1921,"dir_deg":48.7,"type":"متوسط"}},{"type":"Feature","geometry":{"type":"MultiPolygon","coordinates":[[[[-0.1256579453322453,36.35492100392662],[-0.11436195991928844,36.3647901839103],[-0.11304606925479779,36.363284052521905],[-0.12434205466775468,36.353414872538224],[-0.1256579453322453,36.35492100392662]]],[[[-0.10993868611605748,36.367326844877326],[-0.11567785058377907,36.3662963152987],[-0.11173017859030716,36.36177792113351],[-0.10993868611605748,36.367326844877326]]]]},"properties":{"speed":0.21,"dir_deg":48.9,"type":"متوسط"}},{"type":"Feature","geometry":{"type":"MultiPolygon","coordinates":[[[[-0.08404117119895625,36.35487431566118],[-0.07344550976764815,36.365491846392615],[-0.07202983900345604,36.3640790915351],[-0.08262550043476415,36.353461560803666],[-0.08404117119895625,36.35487431566118]]],[[[-0.06920578724178272,36.368324645874345],[-0.07486118053184025,36.36690460125012],[-0.07061416823926393,36.3626663366776],[-0.06920578724178272,36.368324645874345]]]]},"properties":{"speed":0.2315,"dir_deg":44.9,"type":"متوسط"}},{"type":"Feature","geometry":{"type":"MultiPolygon","coordinates":[[[[-0.04240691477041666,36.35484027340428],[-0.03232188719252734,36.36594397633408],[-0.03084139346855423,36.36459930599037],[-0.04092642104644354,36.353495603060566],[-0.04240691477041666,36.35484027340428]]],[[[-0.02821996447124435,36.36897287547215],[-0.03380238091650045,36.3672886466778],[-0.02936089974458112,36.36325463564665],[-0.02821996447124435,36.36897287547215]]]]},"properties":{"speed":0.256,"dir_deg":42.2,"type":"متوسط"}},{"type":"Feature","geometry":{"type":"MultiPolygon","coordinates":[[[[-0.0008314493911550248,36.354723538727335],[0.007502558032544944,36.36719527959466],[0.009165456814854993,36.366084078604835],[0.0008314493911550248,36.35361233773751],[-0.0008314493911550248,36.354723538727335]]],[[[0.011112009898266627,36.37079692605552],[0.005839659250234894,36.36830648058449],[0.010828355597165043,36.36497287761501],[0.011112009898266627,36.37079692605552]]]]},"properties":{"speed":0.2648,"dir_deg":33.8,"type":"متوسط"}},{"type":"Feature","geometry":{"type":"MultiPolygon","coordinates":[[[[0.040752085964242395,36.354572338859725],[0.046818095373838985,36.36829106802254],[0.048647259262214394,36.36748226676794],[0.042581249852617804,36.35376353760512],[0.040752085964242395,36.354572338859725]]],[[[0.04975468045455889,36.372459577116175],[0.04498893148546358,36.36909986927716],[0.0504764231505898,36.36667346551332],[0.04975468045455889,36.372459577116175]]]]},"properties":{"speed":0.3476,"dir_deg":23.9,"type":"قوي"}},{"type":"Feature","geometry":{"type":"MultiPolygon","coordinates":[[[[0.08243953265852212,36.354616397722396],[0.08916642500808418,36.368023445097464],[0.09095403132476033,36.36712652611752],[0.08422713897519828,36.35371947874245],[0.08243953265852212,36.354616397722396]]],[[[0.09230252561627628,36.37204400139918],[0.08737881869140801,36.368920364077404],[0.0927416376414365,36.366229607137576],[0.09230252561627628,36.37204400139918]]]]},"properties":{"speed":0.373,"dir_deg":26.6,"type":"قوي"}},{"type":"Feature","geometry":{"type":"MultiPolygon","coordinates":[[[[0.12407108596272527,36.354538233670354],[0.12962551753171975,36.368471944229476],[0.13148334560626918,36.36773135335361],[0.12592891403727471,36.35379764279449],[0.12407108596272527,36.354538233670354]]],[[[0.1324059087586593,36.372746218977916],[0.1277676894571703,36.36921253510534],[0.13334117368081863,36.36699076247775],[0.1324059087586593,36.372746218977916]]]]},"properties":{"speed":0.3958,"dir_deg":21.7,"type":"قوي"}},{"type":"Feature","geometry":{"type":"MultiPolygon","coordinates":[[[[0.16571098984308316,36.354462339854436],[0.1701270141732913,36.368797566713994],[0.17203837775456576,36.368208763469966],[0.16762235342435763,36.35387353661041],[0.16571098984308316,36.354462339854436]]],[[[0.1725547040739979,36.373281574045166],[0.16821565059201682,36.36938636995802],[0.17394974133584024,36.36761996022594],[0.1725547040739979,36.373281574045166]]]]},"properties":{"speed":0.4629,"dir_deg":17.1,"type":"قوي"}},{"type":"Feature","geometry":{"type":"MultiPolygon","coordinates":[[[[0.20738084952208619,36.35447254297855],[0.21194992071401225,36.36875972564145],[0.21385487840239908,36.3681505161492],[0.20928580721047302,36.353863333486295],[0.20738084952208619,36.35447254297855]]],[[[0.2144254232888477,36.37321751511629],[0.2100449630256254,36.369368935133714],[0.21575983609078594,36.36754130665694],[0.2144254232888477,36.37321751511629]]]]},"properties":{"speed":0.4992,"dir_deg":17.7,"type":"قوي"}},{"type":"Feature","geometry":{"type":"MultiPolygon","coordinates":[[[[0.24906131352907843,36.354512710199536],[0.254232893035813,36.36859300726336],[0.2561102659776562,36.36790346332913],[0.2509386864709216,36.35382316626531],[0.24906131352907843,36.354512710199536]]],[[[0.2568954393423128,36.372941667650856],[0.25235552009396983,36.36928255119759],[0.25798763891949933,36.36721391939489],[0.2568954393423128,36.372941667650856]]]]},"properties":{"speed":0.4486,"dir_deg":20.2,"type":"قوي"}},{"type":"Feature","geometry":{"type":"MultiPolygon","coordinates":[[[[0.29076532144031497,36.35460106026021],[0.29726215185713123,36.36812108964387],[0.2990648224416197,36.3672548455883],[0.29256799202480344,36.353734816204636],[0.29076532144031497,36.35460106026021]]],[[[0.30032909728831425,36.372194644077304],[0.2954594812726427,36.36898733369945],[0.3008674930261082,36.36638860153272],[0.30032909728831425,36.372194644077304]]]]},"properties":{"speed":0.3324,"dir_deg":25.7,"type":"قوي"}},{"type":"Feature","geometry":{"type":"MultiPolygon","coordinates":[[[[0.3325229581366175,36.35475383578297],[0.3413114213948668,36.366909612745324],[0.34293219165651345,36.365737817644224],[0.3341437283982641,36.35358204068187],[0.3325229581366175,36.35475383578297]]],[[[0.34505129427843995,36.37037564084889],[0.3396906511332201,36.368081407846425],[0.34455296191816015,36.36456602254312],[0.34505129427843995,36.37037564084889]]]]},"properties":{"speed":0.1995,"dir_deg":35.9,"type":"متوسط"}},{"type":"Feature","geometry":{"type":"MultiPolygon","coordinates":[[[[0.3743942643416559,36.35496360418759],[0.38632925366914805,36.36404963906275],[0.38754072498583625,36.362458307152416],[0.3756057356583441,36.353372272277255],[0.3743942643416559,36.35496360418759]]],[[[0.39091331910332283,36.3662826513993],[0.38511778235245986,36.36564097097308],[0.38875219630252444,36.36086697524208],[0.39091331910332283,36.3662826513993]]]]},"properties":{"speed":0.0981,"dir_deg":52.7,"type":"ضعيف"}},{"type":"Feature","geometry":{"type":"MultiPolygon","coordinates":[[[[0.41648866048621086,36.35515196939874],[0.43124912798098647,36.357821913093964],[0.43160512047368316,36.35585385076133],[0.41684465297890755,36.353183907066104],[0.41648866048621086,36.35515196939874]]],[[[0.43634728005892665,36.35772786315939],[0.4308931354882898,36.3597899754266],[0.43196111296637985,36.35388578842869],[0.43634728005892665,36.35772786315939]]]]},"properties":{"speed":0.0532,"dir_deg":79.7,"type":"ضعيف"}},{"type":"Feature","geometry":{"type":"MultiPolygon","coordinates":[[[[0.4584795707136234,36.355157189228876],[0.47331833566041587,36.35296377753614],[0.4730258807680507,36.35098527554323],[0.4581871158212582,36.35317868723597],[0.4584795707136234,36.355157189228876]]],[[[0.4781183631964974,36.35124338930877],[0.47361079055278105,36.35494227952904],[0.4727334258756855,36.34900677355033],[0.4781183631964974,36.35124338930877]]]]},"properties":{"speed":0.0552,"dir_deg":98.4,"type":"ضعيف"}},{"type":"Feature","geometry":{"type":"MultiPolygon","coordinates":[[[[0.4999729750258717,36.35516757299111],[0.5149674964061628,36.35557294760303],[0.5150215463544194,36.35357367808566],[0.5000270249741283,36.35316830347374],[0.4999729750258717,36.35516757299111]]],[[[0.5199926951737215,36.35470843771499],[0.5149134464579062,36.3575722171204],[0.5150755963026761,36.35157440856829],[0.5199926951737215,36.35470843771499]]]]},"properties":{"speed":0.0872,"dir_deg":88.5,"type":"ضعيف"}},{"type":"Feature","geometry":{"type":"MultiPolygon","coordinates":[[[[0.5416718377565101,36.35516792496479],[0.5566716387420578,36.355090656640364],[0.5566613362988009,36.35309068317563],[0.5416615353132531,36.353167951500055],[0.5416718377565101,36.35516792496479]]],[[[0.5616664211822786,36.35406491379985],[0.5566819411853149,36.357090630105105],[0.5566510338555438,36.35109070971089],[0.5616664211822786,36.35406491379985]]]]},"properties":{"speed":0.1555,"dir_deg":90.3,"type":"ضعيف"}},{"type":"Feature","geometry":{"type":"MultiPolygon","coordinates":[[[[0.5832258977389021,36.35516215242552],[0.5981391106354016,36.356773388318764],[0.5983539420878342,36.354784959932566],[0.5834407291913347,36.35317372403932],[0.5832258977389021,36.35516215242552]]],[[[0.6032175973271178,36.35631625275675],[0.597924279182969,36.35876181670496],[0.5985687735402668,36.35279653154637],[0.6032175973271178,36.35631625275675]]]]},"properties":{"speed":0.2224,"dir_deg":83.8,"type":"متوسط"}},{"type":"Feature","geometry":{"type":"MultiPolygon","coordinates":[[[[0.6249421526760258,36.3551662636739],[0.6399170342982468,36.35603397353351],[0.6400327289461951,36.354037322650555],[0.6250578473239742,36.35316961279094],[0.6249421526760258,36.3551662636739]]],[[[0.6449665088296279,36.355324884711905],[0.6398013396502983,36.35803062441648],[0.6401484235941436,36.35204067176759],[0.6449665088296279,36.355324884711905]]]]},"properties":{"speed":0.232,"dir_deg":86.7,"type":"متوسط"}},{"type":"Feature","geometry":{"type":"MultiPolygon","coordinates":[[[[0.666457620590038,36.35514583977691],[0.6811261437573168,36.358281828949565],[0.681544275647004,36.35632602586059],[0.6668757524797252,36.353190036687934],[0.666457620590038,36.35514583977691]]],[[[0.6862247174245867,36.35834925712929],[0.6807080118676295,36.36023763203853],[0.6819624075366914,36.35437022277162],[0.6862247174245867,36.35834925712929]]]]},"properties":{"speed":0.2133,"dir_deg":77.9,"type":"متوسط"}},{"type":"Feature","geometry":{"type":"MultiPolygon","coordinates":[[[[0.707686481016042,36.35493057037364],[0.7191259631343424,36.364633057109785],[0.7204196280324952,36.36310779282735],[0.7089801459141948,36.353405306091204],[0.707686481016042,36.35493057037364]]],[[[0.7235859562895189,36.36710458721395],[0.7178322982361897,36.36615832139223],[0.7217132929306479,36.36158252854491],[0.7235859562895189,36.36710458721395]]]]},"properties":{"speed":0.2165,"dir_deg":49.7,"type":"متوسط"}},{"type":"Feature","geometry":{"type":"MultiPolygon","coordinates":[[[[0.7491627228615416,36.354714716975074],[0.7573644040013069,36.367273874051946],[0.7590389582782237,36.36618031656664],[0.7508372771384584,36.35362115948977],[0.7491627228615416,36.354714716975074]]],[[[0.7609355748530203,36.37091348100159],[0.7556898497243902,36.368367431537244],[0.7607135125551403,36.36508675908134],[0.7609355748530203,36.37091348100159]]]]},"properties":{"speed":0.2448,"dir_deg":33.1,"type":"متوسط"}},{"type":"Feature","geometry":{"type":"MultiPolygon","coordinates":[[[[-0.41716661062766464,36.396698113788396],[-0.4041758303153429,36.40419742221498],[-0.403175922525132,36.40246531817334],[-0.4161667028374538,36.39496600974676],[-0.41716661062766464,36.396698113788396]]],[[[-0.3993456163161302,36.40583113966969],[-0.4051757381055537,36.40592952625662],[-0.4021760147349212,36.4007332141317],[-0.3993456163161302,36.40583113966969]]]]},"properties":{"speed":0.1389,"dir_deg":60.0,"type":"ضعيف"}},{"type":"Feature","geometry":{"type":"MultiPolygon","coordinates":[[[[-0.3755655160358572,36.39665679906708],[-0.3631944565433405,36.40513953960494],[-0.3620634244716261,36.40349006500593],[-0.3744344839641428,36.395007324468075],[-0.3755655160358572,36.39665679906708]]],[[[-0.35850525400997774,36.40714238248472],[-0.3643254886150548,36.40678901420394],[-0.36093239239991176,36.401840590406934],[-0.35850525400997774,36.40714238248472]]]]},"properties":{"speed":0.1301,"dir_deg":55.6,"type":"ضعيف"}},{"type":"Feature","geometry":{"type":"MultiPolygon","coordinates":[[[[-0.3339938306211923,36.39658289893737],[-0.32273127307438154,36.40649020924364],[-0.3214102983668785,36.404988534904064],[-0.3326728559136893,36.39508122459779],[-0.3339938306211923,36.39658289893737]]],[[[-0.31831659987169314,36.40904180884261],[-0.3240522477818846,36.407991883583215],[-0.3200893236593755,36.40348686056449],[-0.31831659987169314,36.40904180884261]]]]},"properties":{"speed":0.1262,"dir_deg":48.7,"type":"ضعيف"}},{"type":"Feature","geometry":{"type":"MultiPolygon","coordinates":[[[[-0.2923850208086615,36.39652772911205],[-0.2819500106415713,36.407303190253586],[-0.2805132824893667,36.40591185556464],[-0.2909482926564569,36.395136394423105],[-0.2923850208086615,36.39652772911205]]],[[[-0.27775330984310564,36.41019934328963],[-0.28338673879377596,36.40869452494253],[-0.27907655433716205,36.40452052087569],[-0.27775330984310564,36.41019934328963]]]]},"properties":{"speed":0.1312,"dir_deg":44.1,"type":"ضعيف"}},{"type":"Feature","geometry":{"type":"MultiPolygon","coordinates":[[[[-0.2507257394892738,36.396520031384426],[-0.24040619523652482,36.40740612372353],[-0.2389547162579773,36.406030184489836],[-0.24927426051072624,36.39514409215073],[-0.2507257394892738,36.396520031384426]]],[[[-0.23624060766300142,36.41034685155305],[-0.24185767421507237,36.408782062957236],[-0.23750323727942974,36.40465424525613],[-0.23624060766300142,36.41034685155305]]]]},"properties":{"speed":0.1433,"dir_deg":43.5,"type":"ضعيف"}},{"type":"Feature","geometry":{"type":"MultiPolygon","coordinates":[[[[-0.20904217749095186,36.39653742190145],[-0.19846177548292013,36.407170158771535],[-0.19704407723357562,36.40575943850379],[-0.20762447924160735,36.39512670163371],[-0.20904217749095186,36.39653742190145]]],[[[-0.19422612568890393,36.410009044261024],[-0.1998794737322646,36.40858087903927],[-0.19562637898423113,36.40434871823606],[-0.19422612568890393,36.410009044261024]]]]},"properties":{"speed":0.1599,"dir_deg":44.9,"type":"ضعيف"}},{"type":"Feature","geometry":{"type":"MultiPolygon","coordinates":[[[[-0.16734089791247284,36.396570586597925],[-0.15626302545726214,36.40668398077921],[-0.15491457289975727,36.40520693111852],[-0.16599244535496796,36.39509353693723],[-0.16734089791247284,36.396570586597925]]],[[[-0.15189617502677283,36.40931658734263],[-0.15761147801476705,36.408161030439906],[-0.15356612034225237,36.40372988145783],[-0.15189617502677283,36.40931658734263]]]]},"properties":{"speed":0.1729,"dir_deg":47.6,"type":"متوسط"}},{"type":"Feature","geometry":{"type":"MultiPolygon","coordinates":[[[[-0.12567613340447614,36.3965688409878],[-0.11462444510114053,36.40671084205494],[-0.11327217829218822,36.405237283614504],[-0.12432386659552384,36.39509528254736],[-0.12567613340447614,36.3965688409878]]],[[[-0.1102644155955525,36.4093547298571],[-0.11597671191009283,36.40818440049539],[-0.11191991148323592,36.40376372517406],[-0.1102644155955525,36.4093547298571]]]]},"properties":{"speed":0.1832,"dir_deg":47.5,"type":"متوسط"}},{"type":"Feature","geometry":{"type":"MultiPolygon","coordinates":[[[[-0.08408923468339981,36.396486750169466],[-0.07426890865510886,36.40782523316756],[-0.07275711092202965,36.40651585636378],[-0.08257743695032059,36.39517737336569],[-0.08408923468339981,36.396486750169466]]],[[[-0.07023956777913895,36.41095003909837],[-0.0757807063881881,36.409134609971325],[-0.07124531318895042,36.405206479560015],[-0.07023956777913895,36.41095003909837]]]]},"properties":{"speed":0.1953,"dir_deg":40.9,"type":"متوسط"}},{"type":"Feature","geometry":{"type":"MultiPolygon","coordinates":[[[[-0.04249748422044097,36.39638860849131],[-0.03414928336446328,36.40885085317147],[-0.032487650740441534,36.407737759724014],[-0.040835851596419226,36.39527551504385],[-0.04249748422044097,36.39638860849131]]],[[[-0.030535733433793177,36.412448388007796],[-0.03581091598848503,36.40996394661894],[-0.030826018116419787,36.40662466627655],[-0.030535733433793177,36.412448388007796]]]]},"properties":{"speed":0.1991,"dir_deg":33.8,"type":"متوسط"}},{"type":"Feature","geometry":{"type":"MultiPolygon","coordinates":[[[[-0.0009250554226459246,36.39621189392134],[0.004772426883821401,36.41008772526103],[0.00662253772911325,36.409328060953506],[0.0009250554226459246,36.39545222961382],[-0.0009250554226459246,36.39621189392134]]],[[[0.0075966430752897685,36.414333170220495],[0.002922316038529552,36.41084738956856],[0.0084726485744051,36.408568396645975],[0.0075966430752897685,36.414333170220495]]]]},"properties":{"speed":0.235,"dir_deg":22.3,"type":"متوسط"}},{"type":"Feature","geometry":{"type":"MultiPolygon","coordinates":[[[[0.04073548747496459,36.39619662040529],[0.046203867040656134,36.41016432690727],[0.048066227907587154,36.409435209631845],[0.04259784834189561,36.395467503129865],[0.04073548747496459,36.39619662040529]]],[[[0.0489578406626855,36.41445567043689],[0.04434150617372512,36.4108934441827],[0.04992858877451817,36.40870609235642],[0.0489578406626855,36.41445567043689]]]]},"properties":{"speed":0.3154,"dir_deg":21.4,"type":"متوسط"}},{"type":"Feature","geometry":{"type":"MultiPolygon","coordinates":[[[[0.08239608218793118,36.39618071006466],[0.0876258066441872,36.4102395144986],[0.08950031390204524,36.40954221790443],[0.08427058944578922,36.395483413470494],[0.08239608218793118,36.39618071006466]]],[[[0.0903063017585349,36.41457713434616],[0.08575129938632917,36.41093681109277],[0.09137482115990328,36.40884492131026],[0.0903063017585349,36.41457713434616]]]]},"properties":{"speed":0.3318,"dir_deg":20.4,"type":"قوي"}},{"type":"Feature","geometry":{"type":"MultiPolygon","coordinates":[[[[0.12401770532712132,36.39601940416971],[0.12682784135900455,36.41075382426288],[0.12879243070476193,36.41037913945863],[0.1259822946728787,36.39564471936545],[0.12401770532712132,36.39601940416971]]],[[[0.12874684804251096,36.41547795522515],[0.1248632520132472,36.41112850906713],[0.13075702005051928,36.41000445465438],[0.12874684804251096,36.41547795522515]]]]},"properties":{"speed":0.3967,"dir_deg":10.8,"type":"قوي"}},{"type":"Feature","geometry":{"type":"MultiPolygon","coordinates":[[[[0.16568340713245777,36.3960142455225],[0.16841616345625857,36.41076321304144],[0.17038269245878382,36.410398845531596],[0.16764993613498302,36.395649878012655],[0.16568340713245777,36.3960142455225]]],[[[0.17031034673212145,36.41549735179283],[0.16644963445373334,36.41112758055128],[0.17234922146130904,36.41003447802176],[0.17031034673212145,36.41549735179283]]]]},"properties":{"speed":0.4647,"dir_deg":10.5,"type":"قوي"}},{"type":"Feature","geometry":{"type":"MultiPolygon","coordinates":[[[[0.2073526219861251,36.396027548329585],[0.21028492041618943,36.4107381440319],[0.2122463331764984,36.41034717090789],[0.2093140347464341,36.39563657520557],[0.2073526219861251,36.396027548329585]]],[[[0.2122430596063654,36.41544618937067],[0.20832350765588042,36.41112911715591],[0.21420774593680741,36.409956197783885],[0.2122430596063654,36.41544618937067]]]]},"properties":{"speed":0.5025,"dir_deg":11.3,"type":"قوي"}},{"type":"Feature","geometry":{"type":"MultiPolygon","coordinates":[[[[0.2490281679835748,36.396067736398905],[0.25256328745347373,36.410645216645285],[0.25450695148632413,36.41017386738263],[0.2509718320164252,36.39559638713625],[0.2490281679835748,36.396067736398905]]],[[[0.2547134926265319,36.415268702096085],[0.2506196234206233,36.41111656590794],[0.25645061551917453,36.40970251811998],[0.2547134926265319,36.415268702096085]]]]},"properties":{"speed":0.4577,"dir_deg":13.6,"type":"قوي"}},{"type":"Feature","geometry":{"type":"MultiPolygon","coordinates":[[[[0.29072511219055264,36.396168950288335],[0.29577844000190395,36.41029211841843],[0.2976615290859171,36.40961834137692],[0.29260820127456577,36.39549517324682],[0.29072511219055264,36.396168950288335]]],[[[0.2984044271476943,36.414662952607706],[0.2938953509178909,36.410965895459945],[0.29954461816993017,36.40894456433541],[0.2984044271476943,36.414662952607706]]]]},"properties":{"speed":0.3266,"dir_deg":19.7,"type":"متوسط"}},{"type":"Feature","geometry":{"type":"MultiPolygon","coordinates":[[[[0.33243457007683275,36.39627047567229],[0.3390107786475032,36.40975207353141],[0.3408083250287193,36.40887524572199],[0.33423211645804884,36.39539364786287],[0.33243457007683275,36.39627047567229]]],[[[0.34210162136166805,36.41380752557974],[0.33721323226628713,36.41062890134083],[0.3426058714099353,36.407998417912566],[0.34210162136166805,36.41380752557974]]]]},"properties":{"speed":0.1688,"dir_deg":26.0,"type":"متوسط"}},{"type":"Feature","geometry":{"type":"MultiPolygon","coordinates":[[[[0.3741620499826616,36.396377808749655],[0.38234825471376754,36.40894705900973],[0.3840241547484443,36.40785556504558],[0.3758379500173384,36.3952863147855],[0.3741620499826616,36.396377808749655]]],[[[0.38591493964147455,36.412591062114345],[0.3806723546790907,36.41003855297388],[0.38570005478312114,36.40676407108143],[0.38591493964147455,36.412591062114345]]]]},"properties":{"speed":0.0645,"dir_deg":33.1,"type":"ضعيف"}},{"type":"Feature","geometry":{"type":"MultiPolygon","coordinates":[[[[0.41651485536439303,36.39682047278766],[0.43134102066564833,36.39909749331015],[0.4316446234019807,36.39712067126999],[0.4168184581007254,36.3948436507475],[0.41651485536439303,36.39682047278766]]],[[[0.43643487713423296,36.3988680891309],[0.43103741792931594,36.40107431535032],[0.4319482261383131,36.39514384922982],[0.43643487713423296,36.3988680891309]]]]},"properties":{"speed":0.0396,"dir_deg":81.3,"type":"ضعيف"}},{"type":"Feature","geometry":{"type":"MultiPolygon","coordinates":[[[[0.45838639427486505,36.39683065357138],[0.47336527133182554,36.396034888460015],[0.47325916931697704,36.394037704852416],[0.45828029226001654,36.39483346996378],[0.45838639427486505,36.39683065357138]]],[[[0.47830517934338806,36.394771041619094],[0.473471373346674,36.39803207206761],[0.4731530673021286,36.39204052124482],[0.47830517934338806,36.394771041619094]]]]},"properties":{"speed":0.0743,"dir_deg":93.0,"type":"ضعيف"}},{"type":"Feature","geometry":{"type":"MultiPolygon","coordinates":[[[[0.5000154185352756,36.3968319428949],[0.51501363544507,36.396600664865765],[0.5149827983745187,36.394600902611124],[0.49998458146472435,36.39483218064026],[0.5000154185352756,36.3968319428949]]],[[[0.5199976225463924,36.39552369106207],[0.5150444725156212,36.39860042712041],[0.5149519613039674,36.39260114035648],[0.5199976225463924,36.39552369106207]]]]},"properties":{"speed":0.1165,"dir_deg":90.9,"type":"ضعيف"}},{"type":"Feature","geometry":{"type":"MultiPolygon","coordinates":[[[[0.5418209330847614,36.396820094156645],[0.5566414189208023,36.39450639590845],[0.5563329258210427,36.39253033113032],[0.5415124399850018,36.39484402937851],[0.5418209330847614,36.396820094156645]]],[[[0.5614273343162695,36.39274713076998],[0.556949912020562,36.39648246068659],[0.556024432721283,36.390554266352176],[0.5614273343162695,36.39274713076998]]]]},"properties":{"speed":0.169,"dir_deg":98.9,"type":"متوسط"}},{"type":"Feature","geometry":{"type":"MultiPolygon","coordinates":[[[[0.5833317424846772,36.39683206053359],[0.5983317239748193,36.39685562524021],[0.5983348659357016,36.39485562770818],[0.5833348844455596,36.394832063001566],[0.5833317424846772,36.39683206053359]]],[[[0.6033332887853077,36.3958634813764],[0.5983285820139369,36.398855622772224],[0.598338007896584,36.392855630176165],[0.6033332887853077,36.3958634813764]]]]},"properties":{"speed":0.2307,"dir_deg":89.9,"type":"متوسط"}},{"type":"Feature","geometry":{"type":"MultiPolygon","coordinates":[[[[0.6250083682298079,36.39683202675333],[0.640007843016087,36.39670650330621],[0.6399911065564713,36.39470657333471],[0.6249916317701921,36.394832096781826],[0.6250083682298079,36.39683202675333]]],[[[0.6449992997150389,36.39566469717142],[0.6400245794757029,36.39870643327772],[0.6399743700968554,36.392706643363205],[0.6449992997150389,36.39566469717142]]]]},"properties":{"speed":0.2871,"dir_deg":90.5,"type":"متوسط"}},{"type":"Feature","geometry":{"type":"MultiPolygon","coordinates":[[[[0.6665541172909897,36.39682570565013],[0.6814587755292439,36.39851424430851],[0.6816839140170278,36.396526956543404],[0.6667792557787735,36.394838417885026],[0.6665541172909897,36.39682570565013]]],[[[0.6865395641858872,36.398083446645416],[0.68123363704146,36.400501532073605],[0.6819090525048117,36.39453966877831],[0.6865395641858872,36.398083446645416]]]]},"properties":{"speed":0.3298,"dir_deg":83.5,"type":"قوي"}},{"type":"Feature","geometry":{"type":"MultiPolygon","coordinates":[[[[0.7080608666753823,36.39679423261871],[0.7224934294423183,36.40088093446475],[0.7230383230217906,36.39895659276249],[0.7086057602548546,36.394869890916446],[0.7080608666753823,36.39679423261871]]],[[[0.7275767304876998,36.4012809975623],[0.7219485358628459,36.40280527616701],[0.723583216601263,36.39703225106023],[0.7275767304876998,36.4012809975623]]]]},"properties":{"speed":0.3582,"dir_deg":74.2,"type":"قوي"}},{"type":"Feature","geometry":{"type":"MultiPolygon","coordinates":[[[[0.7494652720751327,36.39667708605502],[0.7621406363867651,36.40469800492803],[0.7632100922364997,36.40300795635314],[0.7505347279248673,36.394987037480135],[0.7494652720751327,36.39667708605502]]],[[[0.7669004857488432,36.40652662026493],[0.7610711805370306,36.406388053502916],[0.7642795480862342,36.40131790777826],[0.7669004857488432,36.40652662026493]]]]},"properties":{"speed":0.4362,"dir_deg":57.7,"type":"قوي"}},{"type":"Feature","geometry":{"type":"MultiPolygon","coordinates":[[[[0.7911338212851327,36.39667826187725],[0.8038268229302219,36.404671240623486],[0.8048925534297198,36.402978840404145],[0.7921995517846305,36.39498586165791],[0.7911338212851327,36.39667826187725]]],[[[0.8085906887283338,36.40648936676256],[0.8027610924307239,36.406363640842834],[0.8059582839292178,36.4012864401848],[0.8085906887283338,36.40648936676256]]]]},"properties":{"speed":0.3743,"dir_deg":57.8,"type":"قوي"}},{"type":"Feature","geometry":{"type":"MultiPolygon","coordinates":[[[[0.8326582051355492,36.39656978037473],[0.8437239842429102,36.40669640531827],[0.8450742009020485,36.40522096810396],[0.8340084217946876,36.39509434316042],[0.8326582051355492,36.39656978037473]]],[[[0.8480876856082664,36.409334228358965],[0.8423737675837717,36.40817184253259],[0.846424417561187,36.403745530889644],[0.8480876856082664,36.409334228358965]]]]},"properties":{"speed":0.2129,"dir_deg":47.5,"type":"متوسط"}},{"type":"Feature","geometry":{"type":"MultiPolygon","coordinates":[[[[0.8740883707329463,36.396243075246005],[0.8802535729093952,36.40991751425181],[0.8820768314435026,36.409095487294955],[0.8759116292670537,36.39542104828915],[0.8740883707329463,36.396243075246005]]],[[[0.8832202695685986,36.41406464710865],[0.8784303143752877,36.41073954120867],[0.88390008997761,36.408273460338094],[0.8832202695685986,36.41406464710865]]]]},"properties":{"speed":0.1849,"dir_deg":24.3,"type":"متوسط"}},{"type":"Feature","geometry":{"type":"MultiPolygon","coordinates":[[[[-0.41685342755144134,36.43848240351242],[-0.4021173748651494,36.44128396579565],[-0.40174383322738516,36.439319158770815],[-0.4164798859136771,36.43651759648758],[-0.41685342755144134,36.43848240351242]]],[[[-0.39701858648417,36.441235416377644],[-0.40249091650291374,36.44324877282049],[-0.40137029158962084,36.437354351745974],[-0.39701858648417,36.441235416377644]]]]},"properties":{"speed":0.1106,"dir_deg":79.2,"type":"ضعيف"}},{"type":"Feature","geometry":{"type":"MultiPolygon","coordinates":[[[[-0.37528813776582626,36.43845758896605],[-0.36092430327504543,36.44277965545345],[-0.3603480277433929,36.440864477521345],[-0.37471186223417374,36.43654241103395],[-0.37528813776582626,36.43845758896605]]],[[[-0.3558482206789589,36.443262755316525],[-0.361500578806698,36.444694833385554],[-0.35977175221174035,36.43894929958924],[-0.3558482206789589,36.443262755316525]]]]},"properties":{"speed":0.1034,"dir_deg":73.3,"type":"ضعيف"}},{"type":"Feature","geometry":{"type":"MultiPolygon","coordinates":[[[[-0.3338298833068471,36.43836801381859],[-0.32080967602796945,36.44581611440968],[-0.31981659594915685,36.4440800867725],[-0.3328368032280345,36.43663198618141],[-0.3338298833068471,36.43836801381859]]],[[[-0.3159730668956039,36.447430800788126],[-0.32180275610678205,36.44755214204687],[-0.31882351587034424,36.442344059135316],[-0.3159730668956039,36.447430800788126]]]]},"properties":{"speed":0.1047,"dir_deg":60.2,"type":"ضعيف"}},{"type":"Feature","geometry":{"type":"MultiPolygon","coordinates":[[[[-0.29230882319420803,36.43826656521936],[-0.2808103449037982,36.44789906214409],[-0.27952601198050053,36.44636593170537],[-0.2910244902709104,36.43673343478064],[-0.29230882319420803,36.43826656521936]]],[[[-0.2763353523453461,36.45034332923298],[-0.2820946778270958,36.44943219258281],[-0.27824167905720293,36.44483280126665],[-0.2763353523453461,36.45034332923298]]]]},"properties":{"speed":0.1187,"dir_deg":50.0,"type":"ضعيف"}},{"type":"Feature","geometry":{"type":"MultiPolygon","coordinates":[[[[-0.25068875577371086,36.43822499343734],[-0.23981385421367385,36.448556330043],[-0.2384363426662522,36.44710634316832],[-0.24931124422628917,36.43677500656266],[-0.25068875577371086,36.43822499343734]]],[[[-0.23550013125328403,36.45127511547422],[-0.24119136576109554,36.450006316917666],[-0.2370588311188305,36.445656356293654],[-0.23550013125328403,36.45127511547422]]]]},"properties":{"speed":0.136,"dir_deg":46.5,"type":"ضعيف"}},{"type":"Feature","geometry":{"type":"MultiPolygon","coordinates":[[[[-0.20902948257737364,36.43821789227212],[-0.1982610984955066,36.44866020543853],[-0.19686879007331853,36.44722442089429],[-0.20763717415518557,36.43678210772788],[-0.20902948257737364,36.43821789227212]]],[[[-0.19397548292379024,36.45142308422188],[-0.1996534069176947,36.45009598998278],[-0.19547648165113043,36.44578863635004],[-0.19397548292379024,36.45142308422188]]]]},"properties":{"speed":0.1509,"dir_deg":45.9,"type":"ضعيف"}},{"type":"Feature","geometry":{"type":"MultiPolygon","coordinates":[[[[-0.16735988322912354,36.43822073412851],[-0.1565488713014781,36.44861890805955],[-0.1551624481106718,36.44717743980254],[-0.16597346003831726,36.43677926587149],[-0.16735988322912354,36.43822073412851]]],[[[-0.15225198906352647,36.451364231908066],[-0.15793529449228438,36.45006037631657],[-0.15377602491986553,36.44573597154552],[-0.15225198906352647,36.451364231908066]]]]},"properties":{"speed":0.1582,"dir_deg":46.1,"type":"ضعيف"}},{"type":"Feature","geometry":{"type":"MultiPolygon","coordinates":[[[[-0.12573138540289805,36.43818196436302],[-0.11550191995761562,36.44915274540649],[-0.11403914915181955,36.44778881668045],[-0.12426861459710196,36.43681803563698],[-0.12573138540289805,36.43818196436302]]],[[[-0.11136071273962345,36.45212770805796],[-0.11696469076341169,36.45051667413252],[-0.11257637834602348,36.446424887954414],[-0.11136071273962345,36.45212770805796]]]]},"properties":{"speed":0.1614,"dir_deg":43.0,"type":"ضعيف"}},{"type":"Feature","geometry":{"type":"MultiPolygon","coordinates":[[[[-0.08416926359674853,36.438048839454495],[-0.07593667177931542,36.45058775615282],[-0.07426481621953875,36.44949007724383],[-0.08249740803697186,36.436951160545505],[-0.08416926359674853,36.438048839454495]]],[[[-0.07235654672694938,36.45421855559777],[-0.07760852733909208,36.45168543506181],[-0.07259296065976208,36.44839239833484],[-0.07235654672694938,36.45421855559777]]]]},"properties":{"speed":0.1685,"dir_deg":33.3,"type":"متوسط"}},{"type":"Feature","geometry":{"type":"MultiPolygon","coordinates":[[[[-0.04257057968960408,36.43792771894026],[-0.03615479558574352,36.45148639565787],[-0.03434697202339556,36.45063095777735],[-0.04076275612725612,36.43707228105974],[-0.04257057968960408,36.43792771894026]]],[[[-0.033112289103282684,36.45557823562348],[-0.03796261914809147,36.45234183353838],[-0.03253914846104761,36.44977551989684],[-0.033112289103282684,36.45557823562348]]]]},"properties":{"speed":0.1632,"dir_deg":25.3,"type":"ضعيف"}},{"type":"Feature","geometry":{"type":"MultiPolygon","coordinates":[[[[-0.0009451028331649706,36.437826773063065],[0.0039564931127793485,36.45200331556054],[0.00584669877910929,36.45134976943441],[0.0009451028331649706,36.437173226936935],[-0.0009451028331649706,36.437826773063065]]],[[[0.006535461261259093,36.4564020566633],[0.0020662874464494074,36.45265686168666],[0.007736904445439232,36.450696223308285],[0.006535461261259093,36.4564020566633]]]]},"properties":{"speed":0.2065,"dir_deg":19.1,"type":"متوسط"}},{"type":"Feature","geometry":{"type":"MultiPolygon","coordinates":[[[[0.04069568238324848,36.43773913826521],[0.04428275636140216,36.452303921142935],[0.0462247274117654,36.45182564461252],[0.04263765343361172,36.43726086173479],[0.04069568238324848,36.43773913826521]]],[[[0.04644943321263501,36.456919710503634],[0.04234078531103891,36.45278219767336],[0.04816669846212865,36.4513473680821],[0.04644943321263501,36.456919710503634]]]]},"properties":{"speed":0.2703,"dir_deg":13.8,"type":"متوسط"}},{"type":"Feature","geometry":{"type":"MultiPolygon","coordinates":[[[[0.0823341560910666,36.43754049537706],[0.0829415867469291,36.45252819126396],[0.08493994619851629,36.452447200509845],[0.0843325155426538,36.43745950462294],[0.0823341560910666,36.43754049537706]]],[[[0.0841432433580102,36.45748359451587],[0.0809432272953419,36.45260918201807],[0.08693830565010349,36.45236620975573],[0.0841432433580102,36.45748359451587]]]]},"properties":{"speed":0.3325,"dir_deg":2.3,"type":"قوي"}},{"type":"Feature","geometry":{"type":"MultiPolygon","coordinates":[[[[0.12400306125632182,36.43757818658039],[0.12517585996219907,36.45253226773556],[0.12716973744955543,36.452375894574786],[0.12599693874367818,36.43742181341961],[0.12400306125632182,36.43757818658039]]],[[[0.12656373160783632,36.457438774873566],[0.1231819824748427,36.45268864089635],[0.1291636149369118,36.452219521414],[0.12656373160783632,36.457438774873566]]]]},"properties":{"speed":0.4282,"dir_deg":4.5,"type":"قوي"}},{"type":"Feature","geometry":{"type":"MultiPolygon","coordinates":[[[[0.16567044366897307,36.43758677466367],[0.1669720636240564,36.45253019413488],[0.16896451955355105,36.45235664480754],[0.16766289959846772,36.43741322533633],[0.16567044366897307,36.43758677466367]]],[[[0.1684021649071648,36.45742455929495],[0.16497960769456177,36.45270374346222],[0.17095697548304567,36.452183095480194],[0.1684021649071648,36.45742455929495]]]]},"properties":{"speed":0.4585,"dir_deg":5.0,"type":"قوي"}},{"type":"Feature","geometry":{"type":"MultiPolygon","coordinates":[[[[0.2073345116704231,36.437548633404965],[0.208064012744869,36.45253088384281],[0.210061646136582,36.45243361703288],[0.2093321450621361,36.437451366595035],[0.2073345116704231,36.437548633404965]]],[[[0.2093059964655408,36.45747633391713],[0.20606637935315597,36.452628150652735],[0.212059279528295,36.45233635022296],[0.2093059964655408,36.45747633391713]]]]},"properties":{"speed":0.5079,"dir_deg":2.8,"type":"قوي"}},{"type":"Feature","geometry":{"type":"MultiPolygon","coordinates":[[[[0.2490096905107942,36.43763887806014],[0.2510928614129304,36.45249352039823],[0.25307348039134203,36.452215764277945],[0.2509903094892058,36.43736112193986],[0.2490096905107942,36.43763887806014]]],[[[0.2527775612028483,36.45730618978411],[0.2491122424345188,36.45277127651851],[0.25505409936975365,36.45193800815766],[0.2527775612028483,36.45730618978411]]]]},"properties":{"speed":0.4397,"dir_deg":8.0,"type":"قوي"}},{"type":"Feature","geometry":{"type":"MultiPolygon","coordinates":[[[[0.29068113122872574,36.43766952722877],[0.2932240396602475,36.452452409786275],[0.29519509066791444,36.452113355328734],[0.29265218223639267,36.43733047277123],[0.29068113122872574,36.43766952722877]]],[[[0.2950572013079215,36.45721051007667],[0.2912529886525806,36.45279146424381],[0.29716614167558136,36.4517743008712],[0.2950572013079215,36.45721051007667]]]]},"properties":{"speed":0.3005,"dir_deg":9.8,"type":"متوسط"}},{"type":"Feature","geometry":{"type":"MultiPolygon","coordinates":[[[[0.33235549105238077,36.43770929654919],[0.3354949392902077,36.45237707977509],[0.33745064372032774,36.451958486676716],[0.3343111954825008,36.43729070345081],[0.33235549105238077,36.43770929654919]]],[[[0.33751927425121003,36.4570570443012],[0.33353923486008763,36.45279567287347],[0.3394063481504478,36.451539893578335],[0.33751927425121003,36.4570570443012]]]]},"properties":{"speed":0.1451,"dir_deg":12.1,"type":"ضعيف"}},{"type":"Feature","geometry":{"type":"MultiPolygon","coordinates":[[[[0.37413219370630174,36.437996902643],[0.38158573335126134,36.45101399704848],[0.38332134593865785,36.450020191762476],[0.37586780629369826,36.437003097357],[0.37413219370630174,36.437996902643]]],[[[0.38493805285994614,36.45485612587397],[0.3798501207638649,36.45200780233447],[0.3850569585260543,36.44902638647648],[0.38493805285994614,36.45485612587397]]]]},"properties":{"speed":0.0726,"dir_deg":29.8,"type":"ضعيف"}},{"type":"Feature","geometry":{"type":"MultiPolygon","coordinates":[[[[0.4163618944369007,36.43845242844516],[0.4306483211142619,36.44302386288004],[0.4312578457055789,36.44111900598972],[0.4169714190282177,36.43654757155484],[0.4163618944369007,36.43845242844516]]],[[[0.43571522563570747,36.44359524591317],[0.4300387965229449,36.44492871977035],[0.43186737029689587,36.439214149099406],[0.43571522563570747,36.44359524591317]]]]},"properties":{"speed":0.0805,"dir_deg":72.3,"type":"ضعيف"}},{"type":"Feature","geometry":{"type":"MultiPolygon","coordinates":[[[[0.4582676249979429,36.43849783821788],[0.47323519826608473,36.43948361226035],[0.47336663480508057,36.43748793582459],[0.4583990615369387,36.43650216178212],[0.4582676249979429,36.43849783821788]]],[[[0.47829010762496327,36.43881436538996],[0.4731037617270889,36.4414792886961],[0.4734980713440764,36.43549225938884],[0.47829010762496327,36.43881436538996]]]]},"properties":{"speed":0.1107,"dir_deg":86.2,"type":"ضعيف"}},{"type":"Feature","geometry":{"type":"MultiPolygon","coordinates":[[[[0.5001703367428213,36.43848538591123],[0.5149511254112292,36.43593033476891],[0.5146104519255866,36.433959562946455],[0.49982966325717876,36.43651461408877],[0.5001703367428213,36.43848538591123]]],[[[0.5197077182245439,36.434093265143574],[0.5152917988968717,36.43790110659137],[0.5142697784399441,36.431988791124],[0.5197077182245439,36.434093265143574]]]]},"properties":{"speed":0.1418,"dir_deg":99.8,"type":"ضعيف"}},{"type":"Feature","geometry":{"type":"MultiPolygon","coordinates":[[[[0.5419965241915371,36.43844403766887],[0.5561570892246388,36.43349647281904],[0.5554974139113278,36.43160839748129],[0.5413368488782261,36.43655596233113],[0.5419965241915371,36.43844403766887]]],[[[0.5605474399123506,36.43090324686689],[0.5568167645379498,36.43538454815678],[0.5548377385980168,36.429720322143545],[0.5605474399123506,36.43090324686689]]]]},"properties":{"speed":0.1933,"dir_deg":109.3,"type":"متوسط"}},{"type":"Feature","geometry":{"type":"MultiPolygon","coordinates":[[[[0.5835368044294676,36.438479076824066],[0.5982229567904962,36.435426712358826],[0.5978159748617977,36.43346855871069],[0.5831298225007692,36.436520923175934],[0.5835368044294676,36.438479076824066]]],[[[0.6029148499464899,36.43343018071302],[0.5986299387191948,36.437384866006965],[0.5974089929330991,36.431510405062554],[0.6029148499464899,36.43343018071302]]]]},"properties":{"speed":0.2383,"dir_deg":101.7,"type":"متوسط"}},{"type":"Feature","geometry":{"type":"MultiPolygon","coordinates":[[[[0.6251521762684927,36.43848835336966],[0.6399774768133121,36.43620570934227],[0.6396731242763266,36.434229002602954],[0.6248478237315073,36.43651164663034],[0.6251521762684927,36.43848835336966]]],[[[0.6447670673930924,36.434456474630146],[0.6402818293502974,36.438182416081574],[0.6393687717393413,36.43225229586365],[0.6447670673930924,36.434456474630146]]]]},"properties":{"speed":0.2817,"dir_deg":98.8,"type":"متوسط"}},{"type":"Feature","geometry":{"type":"MultiPolygon","coordinates":[[[[0.6666429103394229,36.43849971730631],[0.6816386699340263,36.438856360238184],[0.6816862223249437,36.43685692562557],[0.6666904627303403,36.43650028269369],[0.6666429103394229,36.43849971730631]]],[[[0.6866610326610194,36.437975523909174],[0.681591117543109,36.4408557948508],[0.681733774715861,36.434857491012956],[0.6866610326610194,36.437975523909174]]]]},"properties":{"speed":0.322,"dir_deg":88.6,"type":"متوسط"}},{"type":"Feature","geometry":{"type":"MultiPolygon","coordinates":[[[[0.7082197760230645,36.43849353371822],[0.7231227817964536,36.44019659534903],[0.7233498566805614,36.43820952791258],[0.7084468509071723,36.43650646628178],[0.7082197760230645,36.43849353371822]]],[[[0.7282039878296371,36.43977074884108],[0.7228957069123458,36.44218366278548],[0.7235769315646692,36.43622246047613],[0.7282039878296371,36.43977074884108]]]]},"properties":{"speed":0.3298,"dir_deg":83.5,"type":"قوي"}},{"type":"Feature","geometry":{"type":"MultiPolygon","coordinates":[[[[0.7495458350432815,36.4383909176124],[0.7629095992293183,36.44520339196318],[0.7638179291427553,36.44342155673838],[0.7504541649567185,36.4366090823876],[0.7495458350432815,36.4383909176124]]],[[[0.7678183522480491,36.44658329913437],[0.7620012693158813,36.44698522718799],[0.7647262590561923,36.441639721513575],[0.7678183522480491,36.44658329913437]]]]},"properties":{"speed":0.4057,"dir_deg":63.0,"type":"قوي"}},{"type":"Feature","geometry":{"type":"MultiPolygon","coordinates":[[[[0.7913065611808534,36.438432903922916],[0.8053001200245453,36.44383478423334],[0.8060203707326017,36.44196897638751],[0.7920268118889098,36.436567096077084],[0.7913065611808534,36.438432903922916]]],[[[0.8103247649931374,36.444702507080564],[0.804579869316489,36.44570059207916],[0.8067406214406581,36.44010316854168],[0.8103247649931374,36.444702507080564]]]]},"properties":{"speed":0.4556,"dir_deg":68.9,"type":"قوي"}},{"type":"Feature","geometry":{"type":"MultiPolygon","coordinates":[[[[0.832961361232135,36.438428251871194],[0.8468851393000736,36.44400753536595],[0.8476290437660403,36.44215103162356],[0.8337052656981018,36.436571748128806],[0.832961361232135,36.438428251871194]]],[[[0.8518983508890364,36.44493904465967],[0.8461412348341069,36.44586403910834],[0.848372948232007,36.440294527881164],[0.8518983508890364,36.44493904465967]]]]},"properties":{"speed":0.43,"dir_deg":68.2,"type":"قوي"}},{"type":"Feature","geometry":{"type":"MultiPolygon","coordinates":[[[[0.8744216849955421,36.438315813554446],[0.8866588883122414,36.446990538621314],[0.8878155183211572,36.44535891151242],[0.8755783150044579,36.436684186445554],[0.8744216849955421,36.438315813554446]]],[[[0.8913162710889324,36.44906630008916],[0.8855022583033255,36.44862216573021],[0.8889721483300731,36.44372728440353],[0.8913162710889324,36.44906630008916]]]]},"properties":{"speed":0.4073,"dir_deg":54.7,"type":"قوي"}},{"type":"Feature","geometry":{"type":"MultiPolygon","coordinates":[[[[0.9158857447317844,36.438124603794556],[0.9252548016501443,36.449838730841016],[0.9268166852563386,36.448589523251904],[0.9174476283379788,36.436875396205444],[0.9158857447317844,36.438124603794556]]],[[[0.9291587624260281,36.45311883606194],[0.92369291804395,36.451087938430135],[0.9283785688625329,36.447340315662785],[0.9291587624260281,36.45311883606194]]]]},"properties":{"speed":0.4856,"dir_deg":38.7,"type":"قوي"}},{"type":"Feature","geometry":{"type":"MultiPolygon","coordinates":[[[[-0.4165005855085591,36.480154051992876],[-0.4017088791017309,36.477662983632875],[-0.4020410215497311,36.475690756111966],[-0.4168327279565593,36.47818182447197],[-0.4165005855085591,36.480154051992876]]],[[[-0.39694438152345496,36.47584651375242],[-0.4013767366537308,36.479635211153784],[-0.4023731639977312,36.47371852859106],[-0.39694438152345496,36.47584651375242]]]]},"properties":{"speed":0.0976,"dir_deg":99.6,"type":"ضعيف"}},{"type":"Feature","geometry":{"type":"MultiPolygon","coordinates":[[[[-0.3749636137287656,36.4801672760328],[-0.3599735467230857,36.47962148196429],[-0.3600463192655545,36.47762280636353],[-0.3750363862712344,36.47816860043204],[-0.3749636137287656,36.4801672760328]]],[[[-0.35501324399242684,36.47844021280773],[-0.3599007741806169,36.48162015756504],[-0.3601190918080233,36.475624130762775],[-0.35501324399242684,36.47844021280773]]]]},"properties":{"speed":0.0974,"dir_deg":92.1,"type":"ضعيف"}},{"type":"Feature","geometry":{"type":"MultiPolygon","coordinates":[[[[-0.3335840262644766,36.480136007462896],[-0.3190629878073153,36.48389625241843],[-0.3185616218132437,36.481960113957484],[-0.333082660270405,36.47819986900195],[-0.3335840262644766,36.480136007462896]]],[[[-0.3139719586578924,36.48418159817314],[-0.3195643538013869,36.48583239087939],[-0.3180602558191721,36.48002397549653],[-0.3139719586578924,36.48418159817314]]]]},"properties":{"speed":0.097,"dir_deg":75.5,"type":"ضعيف"}},{"type":"Feature","geometry":{"type":"MultiPolygon","coordinates":[[[[-0.2921743088378346,36.48002950038341],[-0.27925087657306297,36.48764428196254],[-0.27823557236251223,36.48592115766056],[-0.29115900462728384,36.478306376081434],[-0.2921743088378346,36.48002950038341]]],[[[-0.2744354137128638,36.48932098033793],[-0.28026618078361365,36.489367406264506],[-0.27722026815196155,36.484198033358595],[-0.2744354137128638,36.48932098033793]]]]},"properties":{"speed":0.1068,"dir_deg":59.5,"type":"ضعيف"}},{"type":"Feature","geometry":{"type":"MultiPolygon","coordinates":[[[[-0.25064204245403915,36.47993460731828],[-0.2391420061661587,36.48956524412886],[-0.23785792125808045,36.48803190595715],[-0.24935795754596088,36.478401269146566],[-0.25064204245403915,36.47993460731828]]],[[[-0.2346666182828261,36.4920087873132],[-0.24042609107423696,36.49109858230058],[-0.23657383635000218,36.48649856778543],[-0.2346666182828261,36.4920087873132]]]]},"properties":{"speed":0.1221,"dir_deg":50.1,"type":"ضعيف"}},{"type":"Feature","geometry":{"type":"MultiPolygon","coordinates":[[[[-0.20904997436723832,36.479865375333034],[-0.19858841785806042,36.49061506534741],[-0.19715512585614298,36.48922019114619],[-0.20761668236532088,36.47847050113181],[-0.20904997436723832,36.479865375333034]]],[[[-0.19438458635404238,36.49350085825159],[-0.20002170985997786,36.49200993954864],[-0.19572183385422554,36.487825316944964],[-0.19438458635404238,36.49350085825159]]]]},"properties":{"speed":0.1348,"dir_deg":44.2,"type":"ضعيف"}},{"type":"Feature","geometry":{"type":"MultiPolygon","coordinates":[[[[-0.1674438690325055,36.47979719509836],[-0.15800501604353576,36.491455156080136],[-0.15645062124596557,36.490196642348266],[-0.1658894742349353,36.47853868136649],[-0.1674438690325055,36.47979719509836]]],[[[-0.15408153431509408,36.49471188620812],[-0.15955941084110592,36.492713669812],[-0.1548962264483954,36.488938128616404],[-0.15408153431509408,36.49471188620812]]]]},"properties":{"speed":0.1399,"dir_deg":39.0,"type":"ضعيف"}},{"type":"Feature","geometry":{"type":"MultiPolygon","coordinates":[[[[-0.12585583586840227,36.47968518572285],[-0.11809712351195197,36.492522723748884],[-0.11638545177514746,36.49148822876803],[-0.12414416413159775,36.47865069074199],[-0.12585583586840227,36.47968518572285]]],[[[-0.11465505019139961,36.49628465560047],[-0.11980879524875648,36.49355721872975],[-0.11467378003834294,36.49045373378716],[-0.11465505019139961,36.49628465560047]]]]},"properties":{"speed":0.1423,"dir_deg":31.1,"type":"ضعيف"}},{"type":"Feature","geometry":{"type":"MultiPolygon","coordinates":[[[[-0.08425933862817128,36.47954545484589],[-0.07859658942615877,36.493435497015554],[-0.0767445838035366,36.492680463788616],[-0.08240733300554912,36.47879042161895],[-0.08425933862817128,36.47954545484589]]],[[[-0.07578300354751018,36.497687994458644],[-0.08044859504878094,36.494190530242484],[-0.07489257818091444,36.491925430561686],[-0.07578300354751018,36.497687994458644]]]]},"properties":{"speed":0.149,"dir_deg":22.2,"type":"ضعيف"}},{"type":"Feature","geometry":{"type":"MultiPolygon","coordinates":[[[[-0.042618980253446036,36.479473063120835],[-0.03804210692722148,36.493757748296076],[-0.03613748223718961,36.49314749851925],[-0.04071435556341416,36.47886281334401],[-0.042618980253446036,36.479473063120835]]],[[[-0.03556417014013069,36.49821418513274],[-0.03994673161725335,36.49436799807291],[-0.034232857547157734,36.492537248742416],[-0.03556417014013069,36.49821418513274]]]]},"properties":{"speed":0.1392,"dir_deg":17.8,"type":"ضعيف"}},{"type":"Feature","geometry":{"type":"MultiPolygon","coordinates":[[[[-0.0009866830403778798,36.47933059301357],[0.0014531386768587072,36.49413083861924],[0.0034265047576144667,36.49380552905694],[0.0009866830403778798,36.47900528345127],[-0.0009866830403778798,36.47933059301357]]],[[[0.003253095622982116,36.49890159903998],[-0.0005202274038970519,36.49445614818154],[0.005399870838370226,36.49348021949464],[0.003253095622982116,36.49890159903998]]]]},"properties":{"speed":0.1774,"dir_deg":9.4,"type":"متوسط"}},{"type":"Feature","geometry":{"type":"MultiPolygon","coordinates":[[[[0.04066703996323932,36.47914066239708],[0.04025790243309443,36.49413508157494],[0.04225715832347599,36.494189633245625],[0.04266629585362088,36.479195214067765],[0.04066703996323932,36.47914066239708]]],[[[0.04112115120157024,36.49916049713624],[0.03825864654271287,36.49408052990425],[0.04425641421385755,36.49424418491631],[0.04112115120157024,36.49916049713624]]]]},"properties":{"speed":0.2836,"dir_deg":358.4,"type":"متوسط"}},{"type":"Feature","geometry":{"type":"MultiPolygon","coordinates":[[[[0.08233341961221868,36.47915499282029],[0.0821392384302094,36.49415373588992],[0.08413907083949243,36.49417962671418],[0.08433325202150171,36.47918088364455],[0.08233341961221868,36.47915499282029]]],[[[0.08307442757418115,36.499166262325254],[0.08013940602092638,36.49412784506565],[0.08613890324877545,36.49420551753845],[0.08307442757418115,36.499166262325254]]]]},"properties":{"speed":0.3917,"dir_deg":359.3,"type":"قوي"}},{"type":"Feature","geometry":{"type":"MultiPolygon","coordinates":[[[[0.1240005134253779,36.479199978631144],[0.12448111940619105,36.49419227725048],[0.12648009255543524,36.49412819645303],[0.1259994865746221,36.4791358978337],[0.1240005134253779,36.479199978631144]]],[[[0.12564080797441754,36.499157669724866],[0.12248214625694687,36.49425635804792],[0.12847906570467943,36.49406411565559],[0.12564080797441754,36.499157669724866]]]]},"properties":{"speed":0.4255,"dir_deg":1.8,"type":"قوي"}},{"type":"Feature","geometry":{"type":"MultiPolygon","coordinates":[[[[0.16567394695417295,36.47904753179315],[0.16386785036513885,36.49393840198636],[0.16585329972423374,36.49417921486491],[0.16765939631326784,36.479288344671694],[0.16567394695417295,36.47904753179315]]],[[[0.1642585428483416,36.49902243182337],[0.16188240100604395,36.493697589107825],[0.16783874908332863,36.494420027743445],[0.1642585428483416,36.49902243182337]]]]},"properties":{"speed":0.4819,"dir_deg":353.1,"type":"قوي"}},{"type":"Feature","geometry":{"type":"MultiPolygon","coordinates":[[[[0.20733551203929437,36.4791018884209],[0.20634476486650544,36.49406913332568],[0.2083403975204759,36.494201232948726],[0.20933114469326483,36.479233988043944],[0.20733551203929437,36.4791018884209]]],[[[0.20701233213589434,36.49912426477213],[0.204349132212535,36.49393703370264],[0.21033603017444633,36.49433333257176],[0.20701233213589434,36.49912426477213]]]]},"properties":{"speed":0.5182,"dir_deg":356.2,"type":"قوي"}},{"type":"Feature","geometry":{"type":"MultiPolygon","coordinates":[[[[0.24900173394598038,36.47922680150953],[0.24988468310262932,36.49420079231983],[0.25188121521066853,36.49408306576561],[0.2509982660540196,36.47910907495531],[0.24900173394598038,36.47922680150953]]],[[[0.2511772655421986,36.49913325931281],[0.2478881509945901,36.494318518874046],[0.25387774731870777,36.49396533921139],[0.2511772655421986,36.49913325931281]]]]},"properties":{"speed":0.4071,"dir_deg":3.4,"type":"قوي"}},{"type":"Feature","geometry":{"type":"MultiPolygon","coordinates":[[[[0.2906667634160901,36.47918254493227],[0.2908858639138132,36.49418094467931],[0.2928856505467514,36.49415173127961],[0.2926665500490283,36.47915333153257],[0.2906667634160901,36.47918254493227]]],[[[0.29195879072952335,36.499165804561805],[0.28888607728087506,36.494210158079],[0.29488543717968957,36.494122517879916],[0.29195879072952335,36.499165804561805]]]]},"properties":{"speed":0.2661,"dir_deg":0.8,"type":"متوسط"}},{"type":"Feature","geometry":{"type":"MultiPolygon","coordinates":[[[[0.3323469816158421,36.479332530736066],[0.3348158691704882,36.494127955510045],[0.33678859247368564,36.49379877050276],[0.3343197049190395,36.47900334572878],[0.3323469816158421,36.479332530736066]]],[[[0.33662519334030233,36.498895171264394],[0.33284314586729086,36.49445714051733],[0.338761315776883,36.49346958549547],[0.33662519334030233,36.498895171264394]]]]},"properties":{"speed":0.1333,"dir_deg":9.5,"type":"ضعيف"}},{"type":"Feature","geometry":{"type":"MultiPolygon","coordinates":[[[[0.37417073320546756,36.47972679115],[0.3825535269691436,36.49216579306799],[0.38421206055820845,36.49104808723283],[0.37582926679453244,36.478609085314844],[0.37417073320546756,36.47972679115]]],[[[0.38617705835156807,36.49575327412307],[0.3808949933800787,36.493283498903146],[0.3858705941472733,36.48993038139768],[0.38617705835156807,36.49575327412307]]]]},"properties":{"speed":0.0871,"dir_deg":34.0,"type":"ضعيف"}},{"type":"Feature","geometry":{"type":"MultiPolygon","coordinates":[[[[0.4162449122702408,36.48007465296623],[0.42984563327735476,36.48640081990101],[0.43068912220199157,36.48458739043339],[0.4170884011948776,36.47826122349861],[0.4162449122702408,36.48007465296623]]],[[[0.4348009514087111,36.48760282747879],[0.429002144352718,36.488214249368625],[0.43153261112662833,36.48277396096577],[0.4348009514087111,36.48760282747879]]]]},"properties":{"speed":0.0669,"dir_deg":65.1,"type":"ضعيف"}},{"type":"Feature","geometry":{"type":"MultiPolygon","coordinates":[[[[0.45876770201182393,36.48006867819555],[0.4722788014587612,36.4735532970298],[0.47141008396999495,36.471751817103545],[0.45789898452305766,36.47826719826929],[0.45876770201182393,36.48006867819555]]],[[[0.4763481425300239,36.47048076334476],[0.4731475189475275,36.47535477695606],[0.4705413664812287,36.46995033717729],[0.4763481425300239,36.47048076334476]]]]},"properties":{"speed":0.0596,"dir_deg":115.7,"type":"ضعيف"}},{"type":"Feature","geometry":{"type":"MultiPolygon","coordinates":[[[[0.5008151010314137,36.47974725706397],[0.5095048835046618,36.467520741592764],[0.5078746814418345,36.46636210392967],[0.4991848989685863,36.478588619400874],[0.5008151010314137,36.47974725706397]]],[[[0.5115863766309975,36.46286591760415],[0.5111350855674892,36.46867937925587],[0.5062444793790071,36.465203466266566],[0.5115863766309975,36.46286591760415]]]]},"properties":{"speed":0.1239,"dir_deg":144.6,"type":"ضعيف"}},{"type":"Feature","geometry":{"type":"MultiPolygon","coordinates":[[[[0.5424130012337023,36.47983353147933],[0.5523968999372623,36.46863881099702],[0.5509042705396209,36.467307624503206],[0.5409203718360609,36.478502344985515],[0.5424130012337023,36.47983353147933]]],[[[0.5549785514729615,36.464241644256006],[0.5538895293349035,36.46996999749083],[0.5494116411419796,36.4659764380094],[0.5549785514729615,36.464241644256006]]]]},"properties":{"speed":0.1883,"dir_deg":138.3,"type":"متوسط"}},{"type":"Feature","geometry":{"type":"MultiPolygon","coordinates":[[[[0.5838841771432791,36.4800025334685],[0.5964031056844412,36.47173957829609],[0.5953013783281198,36.47007038782393],[0.5827824497869577,36.47833334299634],[0.5838841771432791,36.4800025334685]]],[[[0.6000252181866679,36.46815066466921],[0.5975048330407627,36.473408768768245],[0.5941996509717983,36.468401197351774],[0.6000252181866679,36.46815066466921]]]]},"properties":{"speed":0.2196,"dir_deg":123.4,"type":"متوسط"}},{"type":"Feature","geometry":{"type":"MultiPolygon","coordinates":[[[[0.6253920864757997,36.48008786659675],[0.6391910119407183,36.47420656945975],[0.6384068389891189,36.4723667127311],[0.6246079135242003,36.478248009868096],[0.6253920864757997,36.48008786659675]]],[[[0.6433985672865582,36.47132620871643],[0.6399751848923175,36.47604642618841],[0.6376226660375196,36.470526856002444],[0.6433985672865582,36.47132620871643]]]]},"properties":{"speed":0.2512,"dir_deg":113.1,"type":"متوسط"}},{"type":"Feature","geometry":{"type":"MultiPolygon","coordinates":[[[[0.6668350721338081,36.48015365943544],[0.6816208901790393,36.47762787545154],[0.6812841189811862,36.47565643304551],[0.6664983009359551,36.478182217029406],[0.6668350721338081,36.48015365943544]]],[[[0.6863811105951898,36.47580022625389],[0.6819576613768924,36.47959931785757],[0.6809473477833331,36.47368499063948],[0.6863811105951898,36.47580022625389]]]]},"properties":{"speed":0.2738,"dir_deg":99.7,"type":"متوسط"}},{"type":"Feature","geometry":{"type":"MultiPolygon","coordinates":[[[[0.7083388310154792,36.480167923010626],[0.7233386026885266,36.48008515975521],[0.7233275675878049,36.478085190198804],[0.7083277959147576,36.47816795345422],[0.7083388310154792,36.480167923010626]]],[[[0.7283330090291815,36.479057587225206],[0.7233496377892483,36.48208512931162],[0.7233165324870832,36.476085220642396],[0.7283330090291815,36.479057587225206]]]]},"properties":{"speed":0.2969,"dir_deg":90.3,"type":"متوسط"}},{"type":"Feature","geometry":{"type":"MultiPolygon","coordinates":[[[[0.7497876425932405,36.480145130297366],[0.7644455235674377,36.48333049139876],[0.7648702383809567,36.48137610726887],[0.7502123574067595,36.47819074616748],[0.7497876425932405,36.480145130297366]]],[[[0.7695438412989295,36.483415086367614],[0.7640208087539185,36.485284875528656],[0.7652949531944758,36.47942172313898],[0.7695438412989295,36.483415086367614]]]]},"properties":{"speed":0.3299,"dir_deg":77.7,"type":"قوي"}},{"type":"Feature","geometry":{"type":"MultiPolygon","coordinates":[[[[0.7914174460477581,36.480136379856674],[0.8059440704114963,36.483874987163524],[0.8064425513857433,36.48193810391502],[0.7919159270220051,36.47819949660817],[0.7914174460477581,36.480136379856674]]],[[[0.8110355190198658,36.48415274797489],[0.8054455894372493,36.48581187041202],[0.8069410323599903,36.48000122066652],[0.8110355190198658,36.48415274797489]]]]},"properties":{"speed":0.3879,"dir_deg":75.6,"type":"قوي"}},{"type":"Feature","geometry":{"type":"MultiPolygon","coordinates":[[[[0.8329555367081353,36.48009383494474],[0.8468439873929214,36.48576048629949],[0.8475995409068877,36.483908692874856],[0.8337110902221015,36.478242041520105],[0.8329555367081353,36.48009383494474]]],[[[0.8518512477114999,36.48672347337209],[0.846088433878955,36.48761227972413],[0.8483550944208541,36.482056899450214],[0.8518512477114999,36.48672347337209]]]]},"properties":{"speed":0.3928,"dir_deg":67.8,"type":"قوي"}},{"type":"Feature","geometry":{"type":"MultiPolygon","coordinates":[[[[0.8744434864250374,36.47999877674915],[0.8869060641759895,36.488346480373586],[0.8880190913259146,36.48668480334013],[0.8755565135749626,36.478337099715695],[0.8744434864250374,36.47999877674915]]],[[[0.8916167703346027,36.49029820973168],[0.8857930370260643,36.49000815740705],[0.8891321184758398,36.48502312630667],[0.8916167703346027,36.49029820973168]]]]},"properties":{"speed":0.4584,"dir_deg":56.2,"type":"قوي"}},{"type":"Feature","geometry":{"type":"MultiPolygon","coordinates":[[[[0.916068973385046,36.479969648273844],[0.928094624006346,36.48893534552138],[0.9292900503060172,36.48733192543853],[0.9172643996847172,36.478366228191],[0.916068973385046,36.479969648273844]]],[[[0.9327008873632815,36.49112220122913],[0.926899197706675,36.490538765604214],[0.9304854766056883,36.485728505355695],[0.9327008873632815,36.49112220122913]]]]},"properties":{"speed":0.5991,"dir_deg":53.3,"type":"قوي"}},{"type":"Feature","geometry":{"type":"MultiPolygon","coordinates":[[[[0.9577657082643669,36.479991239110646],[0.9701152214376852,36.48850531712192],[0.9712504318391882,36.48685871536547],[0.9589009186658699,36.4783446373542],[0.9577657082643669,36.479991239110646]]],[[[0.9747993310295429,36.490520042247454],[0.9689800110361823,36.49015191887836],[0.9723856422406912,36.48521211360903],[0.9747993310295429,36.490520042247454]]]]},"properties":{"speed":0.5216,"dir_deg":55.4,"type":"قوي"}},{"type":"Feature","geometry":{"type":"MultiPolygon","coordinates":[[[[0.9993815106898966,36.47995373144523],[1.0111684088819461,36.48923107109678],[1.0124053875021533,36.48765948467117],[1.0006184893101036,36.478382145019616],[0.9993815106898966,36.47995373144523]]],[[[1.0157158642560664,36.491537724434494],[1.0099314302617393,36.49080265752239],[1.0136423661223601,36.486087898245565],[1.0157158642560664,36.491537724434494]]]]},"properties":{"speed":0.4376,"dir_deg":51.8,"type":"قوي"}},{"type":"Feature","geometry":{"type":"MultiPolygon","coordinates":[[[[-0.4161402877474083,36.52168231801805],[-0.4033864439902887,36.51378678324079],[-0.40443918196059053,36.51208627073984],[-0.4171930257177101,36.519981805517105],[-0.4161402877474083,36.52168231801805]]],[[[-0.3996615317230664,36.51030468206456],[-0.40233370601998686,36.51548729574174],[-0.4054919199308924,36.51038575823889],[-0.3996615317230664,36.51030468206456]]]]},"properties":{"speed":0.0759,"dir_deg":121.8,"type":"ضعيف"}},{"type":"Feature","geometry":{"type":"MultiPolygon","coordinates":[[[[-0.37470186677086936,36.52178658603531],[-0.3603840027548987,36.51731458759835],[-0.36098026921315995,36.51540553906288],[-0.37529813322913064,36.519877537499845],[-0.37470186677086936,36.52178658603531]]],[[[-0.35590951464537246,36.51486939718497],[-0.35978773629663735,36.51922363613381],[-0.3615765356714213,36.51349649052742],[-0.35590951464537246,36.51486939718497]]]]},"properties":{"speed":0.0817,"dir_deg":107.3,"type":"ضعيف"}},{"type":"Feature","geometry":{"type":"MultiPolygon","coordinates":[[[[-0.3333867411259504,36.52183063508422],[-0.31840814137634155,36.522631602961866],[-0.31830134565932233,36.52063445632858],[-0.3332799454089312,36.519833488450935],[-0.3333867411259504,36.52183063508422]]],[[[-0.31336187693462897,36.52190001893777],[-0.3185149370933607,36.524628749595145],[-0.3181945499423032,36.5186373096953],[-0.31336187693462897,36.52190001893777]]]]},"properties":{"speed":0.0846,"dir_deg":86.9,"type":"ضعيف"}},{"type":"Feature","geometry":{"type":"MultiPolygon","coordinates":[[[[-0.2920508847592171,36.52175529999444],[-0.2782023113563579,36.527518720394305],[-0.27743385530304215,36.52567224394058],[-0.2912824287059013,36.51990882354072],[-0.2920508847592171,36.52175529999444]]],[[[-0.2732018921954137,36.528516622300735],[-0.27897076740967375,36.52936519684802],[-0.27666539924972633,36.52382576748687],[-0.2732018921954137,36.528516622300735]]]]},"properties":{"speed":0.0949,"dir_deg":67.4,"type":"ضعيف"}},{"type":"Feature","geometry":{"type":"MultiPolygon","coordinates":[[[[-0.25060643918886155,36.521627191637606],[-0.23867949113842088,36.53072377947053],[-0.23746661276069778,36.52913351973047],[-0.24939356081113845,36.52003693189755],[-0.25060643918886155,36.521627191637606]]],[[[-0.23409740259941245,36.53296084554481],[-0.239892369516144,36.53231403921059],[-0.23625373438297465,36.52754325999041],[-0.23409740259941245,36.53296084554481]]]]},"properties":{"speed":0.1124,"dir_deg":52.7,"type":"ضعيف"}},{"type":"Feature","geometry":{"type":"MultiPolygon","coordinates":[[[[-0.20907877784300902,36.521498623900946],[-0.19908034584244688,36.532680366051885],[-0.19758944688898805,36.53134724178515],[-0.2075878788895502,36.52016549963421],[-0.20907877784300902,36.521498623900946]]],[[[-0.1950020856988634,36.53574105130217],[-0.2005712447959057,36.53401349031863],[-0.19609854793552922,36.530014117518405],[-0.1950020856988634,36.53574105130217]]]]},"properties":{"speed":0.1276,"dir_deg":41.8,"type":"ضعيف"}},{"type":"Feature","geometry":{"type":"MultiPolygon","coordinates":[[[[-0.16751473957367755,36.52136194927377],[-0.15956642698081921,36.53408296837313],[-0.15787029110090492,36.53302319336075],[-0.16581860369376325,36.52030217426139],[-0.16751473957367755,36.52136194927377]]],[[[-0.15606892150990928,36.53779342056672],[-0.1612625628607335,36.53514274338551],[-0.15617415522099062,36.53196341834837],[-0.15606892150990928,36.53779342056672]]]]},"properties":{"speed":0.1321,"dir_deg":32.0,"type":"ضعيف"}},{"type":"Feature","geometry":{"type":"MultiPolygon","coordinates":[[[[-0.1259362829240639,36.52118330852714],[-0.12066758153055797,36.5352275523881],[-0.11879501568243019,36.53452505886897],[-0.12406371707593611,36.520480815008014],[-0.1259362829240639,36.52118330852714]]],[[[-0.11797506480865876,36.53955772024886],[-0.12254014737868577,36.535930045907236],[-0.11692244983430239,36.53382256534984],[-0.11797506480865876,36.53955772024886]]]]},"properties":{"speed":0.1349,"dir_deg":20.6,"type":"ضعيف"}},{"type":"Feature","geometry":{"type":"MultiPolygon","coordinates":[[[[-0.08430349411516908,36.521074534191214],[-0.08066640776067537,36.53562690866585],[-0.07872609116405761,36.535141963818575],[-0.08236317751855132,36.52058958934394],[-0.08430349411516908,36.521074534191214]]],[[[-0.07848388734420192,36.54023522773375],[-0.08260672435729313,36.53611185351311],[-0.07678577456743985,36.53465701897131],[-0.07848388734420192,36.54023522773375]]]]},"properties":{"speed":0.1353,"dir_deg":14.0,"type":"ضعيف"}},{"type":"Feature","geometry":{"type":"MultiPolygon","coordinates":[[[[-0.04264409723377618,36.52104332443336],[-0.03947515724703909,36.53570476431355],[-0.03752029859634693,36.53528223898199],[-0.04068923858308402,36.5206207991018],[-0.04264409723377618,36.52104332443336]]],[[[-0.03744141459278065,36.5403806482745],[-0.04143001589773124,36.536127289645115],[-0.03556543994565478,36.53485971365043],[-0.03744141459278065,36.5403806482745]]]]},"properties":{"speed":0.1253,"dir_deg":12.2,"type":"ضعيف"}},{"type":"Feature","geometry":{"type":"MultiPolygon","coordinates":[[[[-0.0009995410560638953,36.52086235495563],[-0.0005451432352048958,36.53585547079659],[0.0014539388769228949,36.53579488442048],[0.0009995410560638953,36.520801768579524],[-0.0009995410560638953,36.52086235495563]]],[[[0.0006058637611453327,36.540822882888854],[-0.0025442253473326867,36.535916057172706],[0.0034530209890506853,36.53573429804437],[0.0006058637611453327,36.540822882888854]]]]},"properties":{"speed":0.1922,"dir_deg":1.7,"type":"متوسط"}},{"type":"Feature","geometry":{"type":"MultiPolygon","coordinates":[[[[0.04066752286005691,36.52079071963034],[0.04004739080149944,36.53577789535594],[0.04204568089824581,36.535860579630416],[0.04266581295680329,36.520873403904815],[0.04066752286005691,36.52079071963034]]],[[[0.0408398251636868,36.54081496273504],[0.03804910070475306,36.53569521108147],[0.044043970994992195,36.53594326390489],[0.0408398251636868,36.54081496273504]]]]},"properties":{"speed":0.3362,"dir_deg":357.6,"type":"قوي"}},{"type":"Feature","geometry":{"type":"MultiPolygon","coordinates":[[[[0.08233341807393771,36.52084488781096],[0.08252580872463426,36.5358436539548],[0.08452564421047924,36.53581800186804],[0.08433325355978269,36.5208192357242],[0.08233341807393771,36.52084488781096]]],[[[0.0835898566844556,36.54083041662603],[0.08052597323878927,36.535869306041555],[0.08652547969632424,36.53579234978128],[0.0835898566844556,36.54083041662603]]]]},"properties":{"speed":0.4112,"dir_deg":0.7,"type":"قوي"}},{"type":"Feature","geometry":{"type":"MultiPolygon","coordinates":[[[[0.1240118150967365,36.52067879534281],[0.1217128187251702,36.53550156889176],[0.12368918853169719,36.535808101741296],[0.1259881849032635,36.520985328192346],[0.1240118150967365,36.52067879534281]]],[[[0.12193467150457826,36.54059575983285],[0.1197364489186432,36.53519503604222],[0.12566555833822418,36.53611463459084],[0.12193467150457826,36.54059575983285]]]]},"properties":{"speed":0.4355,"dir_deg":351.2,"type":"قوي"}},{"type":"Feature","geometry":{"type":"MultiPolygon","coordinates":[[[[0.1656962650930183,36.520590584758814],[0.1620741099615284,36.535146682869346],[0.1640149230429326,36.535629636886874],[0.1676370781744225,36.52107353877634],[0.1656962650930183,36.520590584758814]]],[[[0.16183713145840056,36.54024019258162],[0.16013329688012418,36.53466372885181],[0.16595573612433684,36.53611259090441],[0.16183713145840056,36.54024019258162]]]]},"properties":{"speed":0.5408,"dir_deg":346.0,"type":"قوي"}},{"type":"Feature","geometry":{"type":"MultiPolygon","coordinates":[[[[0.2073379097844484,36.520736448761426],[0.20590371469218638,36.53566772748889],[0.20789455185584876,36.5358589535012],[0.2093287469481108,36.52092767477373],[0.2073379097844484,36.520736448761426]]],[[[0.20642106824326356,36.5407404334042],[0.20391287752852402,36.535476501476595],[0.20988538901951112,36.536050179513495],[0.20642106824326356,36.5407404334042]]]]},"properties":{"speed":0.5018,"dir_deg":354.5,"type":"قوي"}},{"type":"Feature","geometry":{"type":"MultiPolygon","coordinates":[[[[0.2490019668912446,36.5207693727428],[0.24806163151952448,36.535739869374126],[0.2500576977370353,36.535865247423686],[0.2509980331087554,36.52089475079236],[0.2490019668912446,36.5207693727428]]],[[[0.24874621950437317,36.54079272394269],[0.2460655653020137,36.53561449132456],[0.2520537639545461,36.535990625473254],[0.24874621950437317,36.54079272394269]]]]},"properties":{"speed":0.3559,"dir_deg":356.4,"type":"قوي"}},{"type":"Feature","geometry":{"type":"MultiPolygon","coordinates":[[[[0.29067242387183984,36.520724818965185],[0.28906378183589637,36.53563831187598],[0.2910522475573351,36.535852797480764],[0.2926608895932786,36.52093930456997],[0.29067242387183984,36.520724818965185]]],[[[0.28952180068463457,36.54071671898197],[0.28707531611445763,36.535423826271185],[0.29304071327877385,36.53606728308556],[0.28952180068463457,36.54071671898197]]]]},"properties":{"speed":0.2278,"dir_deg":353.8,"type":"متوسط"}},{"type":"Feature","geometry":{"type":"MultiPolygon","coordinates":[[[[0.33233354565177037,36.52085217961289],[0.33263531333136304,36.53584914384794],[0.3346349085627039,36.53580890815732],[0.3343331408831112,36.52081194392227],[0.33233354565177037,36.52085217961289]]],[[[0.3337357001735643,36.54082801408099],[0.33063571810002224,36.53588937953855],[0.3366345037940447,36.53576867246671],[0.3337357001735643,36.54082801408099]]]]},"properties":{"speed":0.1264,"dir_deg":1.2,"type":"ضعيف"}},{"type":"Feature","geometry":{"type":"MultiPolygon","coordinates":[[[[0.37400491594675783,36.520931095736415],[0.3754904254792754,36.53585735653505],[0.37748059358575975,36.53565928859737],[0.37599508405324217,36.52073302779874],[0.37400491594675783,36.520931095736415]]],[[[0.3769806793766901,36.54073374283242],[0.373500257372791,36.536055424472714],[0.37947076169224414,36.535461220659705],[0.3769806793766901,36.54073374283242]]]]},"properties":{"speed":0.0673,"dir_deg":5.7,"type":"ضعيف"}},{"type":"Feature","geometry":{"type":"MultiPolygon","coordinates":[[[[0.4175493207178082,36.52130206633048],[0.4245993891612683,36.50806210655174],[0.4228340611907703,36.50712209742594],[0.4157839927473102,36.52036205720468],[0.4175493207178082,36.52130206633048]]],[[[0.42606674799050603,36.5031787820626],[0.4263647171317664,36.50900211567753],[0.4210687332202723,36.50618208830015],[0.42606674799050603,36.5031787820626]]]]},"properties":{"speed":0.009,"dir_deg":152.0,"type":"ضعيف"}},{"type":"Feature","geometry":{"type":"MultiPolygon","coordinates":[[[[0.45933199409687225,36.520883989803124],[0.46011091463008313,36.505904227361654],[0.4581136129712202,36.50580037129056],[0.45733469243800934,36.52078013373203],[0.45933199409687225,36.520883989803124]]],[[[0.4593719039783886,36.50085904517895],[0.4621082162889461,36.50600808343275],[0.45611631131235725,36.50569651521947],[0.4593719039783886,36.50085904517895]]]]},"properties":{"speed":0.0928,"dir_deg":177.0,"type":"ضعيف"}},{"type":"Feature","geometry":{"type":"MultiPolygon","coordinates":[[[[0.500955433647048,36.521127267706014],[0.5053835227236039,36.50679576300029],[0.5034726554295079,36.50620535112342],[0.49904456635295197,36.52053685582914],[0.500955433647048,36.521127267706014]]],[[[0.5059041187687412,36.50172338882662],[0.5072943900176999,36.50738617487717],[0.5015617881354119,36.50561493924654],[0.5059041187687412,36.50172338882662]]]]},"properties":{"speed":0.1862,"dir_deg":162.8,"type":"متوسط"}},{"type":"Feature","geometry":{"type":"MultiPolygon","coordinates":[[[[0.5424913497849562,36.521397685780485],[0.5509757099785534,36.50902773702936],[0.5493263834784042,36.50789648900355],[0.540842023284807,36.52026643775467],[0.5424913497849562,36.521397685780485]]],[[[0.5529791667930113,36.504338796766085],[0.5526250364787025,36.51015898505518],[0.5476770569782551,36.506765240977735],[0.5529791667930113,36.504338796766085]]]]},"properties":{"speed":0.2331,"dir_deg":145.6,"type":"متوسط"}},{"type":"Feature","geometry":{"type":"MultiPolygon","coordinates":[[[[0.5839741511387644,36.5215997381812],[0.5954892973431379,36.51198717307651],[0.594207621995846,36.510451820249266],[0.5826924757914724,36.520064385353955],[0.5839741511387644,36.5215997381812]]],[[[0.5986868417376164,36.50801530829466],[0.5967709726904299,36.51352252590377],[0.592925946648554,36.50891646742201],[0.5986868417376164,36.50801530829466]]]]},"properties":{"speed":0.2392,"dir_deg":129.9,"type":"متوسط"}},{"type":"Feature","geometry":{"type":"MultiPolygon","coordinates":[[[[0.625469637633034,36.52171492103928],[0.6387125267086325,36.514670356543775],[0.6377732514425646,36.512904638000364],[0.624530362366966,36.51994920249587],[0.625469637633034,36.52171492103928]]],[[[0.6426571854341314,36.5114393091069],[0.6396518019747004,36.51643607508719],[0.6368339761764967,36.51113891945695],[0.6426571854341314,36.5114393091069]]]]},"properties":{"speed":0.2479,"dir_deg":118.0,"type":"متوسط"}},{"type":"Feature","geometry":{"type":"MultiPolygon","coordinates":[[[[0.6669275479873213,36.52179743801683],[0.6814081917261878,36.51788451623023],[0.6808864688213083,36.51595376373172],[0.6664058250824418,36.51986668551832],[0.6669275479873213,36.52179743801683]]],[[[0.685974211520037,36.51561483271878],[0.6819299146310674,36.51981526872875],[0.6803647459164287,36.514023011233206],[0.685974211520037,36.51561483271878]]]]},"properties":{"speed":0.2545,"dir_deg":105.1,"type":"متوسط"}},{"type":"Feature","geometry":{"type":"MultiPolygon","coordinates":[[[[0.7083860470792667,36.52183067038257],[0.7233651763041664,36.521039666170346],[0.7232597090758699,36.51904244894036],[0.7082805798509701,36.519833453152586],[0.7083860470792667,36.52183067038257]]],[[[0.7283054857649847,36.51977738948462],[0.7234706435324628,36.52303688340033],[0.7231542418475735,36.51704523171038],[0.7283054857649847,36.51977738948462]]]]},"properties":{"speed":0.2658,"dir_deg":93.0,"type":"متوسط"}},{"type":"Feature","geometry":{"type":"MultiPolygon","coordinates":[[[[0.7498547876862237,36.521821462285025],[0.7646957954479541,36.52399964699167],[0.7649862200755067,36.522020845956774],[0.7501452123137763,36.51984266125013],[0.7498547876862237,36.521821462285025]]],[[[0.7697880103489738,36.523736308043105],[0.7644053708204015,36.52597844802657],[0.7652766447030592,36.52004204492187],[0.7697880103489738,36.523736308043105]]]]},"properties":{"speed":0.2826,"dir_deg":81.7,"type":"متوسط"}},{"type":"Feature","geometry":{"type":"MultiPolygon","coordinates":[[[[0.7914402563621471,36.52180608916805],[0.8060506673692671,36.52520254175907],[0.8065035277147361,36.52325448695812],[0.7918931167076161,36.519858034367104],[0.7914402563621471,36.52180608916805]]],[[[0.811147234544375,36.525360665222266],[0.8055978070237982,36.52715059656002],[0.806956388060205,36.521306432157175],[0.811147234544375,36.525360665222266]]]]},"properties":{"speed":0.3012,"dir_deg":76.9,"type":"متوسط"}},{"type":"Feature","geometry":{"type":"MultiPolygon","coordinates":[[[[0.8329756988017438,36.521765931004964],[0.8469837373625628,36.527130150955585],[0.847698966689312,36.525262412480814],[0.833690928128493,36.51989819253019],[0.8329756988017438,36.521765931004964]]],[[[0.852010698212877,36.527984355035066],[0.8462685080358138,36.528997889430364],[0.848414196016061,36.523394674006035],[0.852010698212877,36.527984355035066]]]]},"properties":{"speed":0.3113,"dir_deg":69.0,"type":"متوسط"}},{"type":"Feature","geometry":{"type":"MultiPolygon","coordinates":[[[[0.8745471474938268,36.521723647213655],[0.8879209291849511,36.52851643480625],[0.8888266341972976,36.526733263914096],[0.8754528525061732,36.5199404763215],[0.8745471474938268,36.521723647213655]]],[[[0.8928317089214992,36.529889111891045],[0.8870152241726048,36.530299605698396],[0.8897323392096439,36.52495009302195],[0.8928317089214992,36.529889111891045]]]]},"properties":{"speed":0.4141,"dir_deg":63.1,"type":"قوي"}},{"type":"Feature","geometry":{"type":"MultiPolygon","coordinates":[[[[0.9161974475084944,36.52171513296296],[0.9294435154392395,36.52875371835877],[0.9303819934920139,36.52698757596801],[0.9171359255612688,36.519948990572196],[0.9161974475084944,36.52171513296296]]],[[[0.9343281104425417,36.530216842295324],[0.9285050373864651,36.530519860749536],[0.9313204715447884,36.525221433577244],[0.9343281104425417,36.530216842295324]]]]},"properties":{"speed":0.5258,"dir_deg":62.0,"type":"قوي"}},{"type":"Feature","geometry":{"type":"MultiPolygon","coordinates":[[[[0.9579002064926805,36.521733404294274],[0.9714203443930787,36.52823000888084],[0.9722865583379545,36.52642732382745],[0.9587664204375563,36.51993071924088],[0.9579002064926805,36.521733404294274]]],[[[0.9763601639989826,36.52949420121634],[0.9705541304482029,36.530032693934224],[0.9731527722828303,36.524624638774064],[0.9763601639989826,36.52949420121634]]]]},"properties":{"speed":0.5528,"dir_deg":64.3,"type":"قوي"}},{"type":"Feature","geometry":{"type":"MultiPolygon","coordinates":[[[[0.9995822310901981,36.52174061508907],[1.0132105309126502,36.5280071487361],[1.0140460687322541,36.52619004209311],[1.000417768909802,36.519923508446084],[0.9995822310901981,36.52174061508907]]],[[[1.0181710664299362,36.529187439963614],[1.0123749930930463,36.5298242553791],[1.014881606551858,36.52437293545012],[1.0181710664299362,36.529187439963614]]]]},"properties":{"speed":0.6161,"dir_deg":65.3,"type":"قوي"}},{"type":"Feature","geometry":{"type":"MultiPolygon","coordinates":[[[[-0.41588273880503623,36.5631208644642],[-0.40656977184201537,36.55136209555136],[-0.4081376076970613,36.550120366622956],[-0.4174505746600822,36.5618791355358],[-0.41588273880503623,36.5631208644642]]],[[[-0.4042493674485314,36.54682164144954],[-0.40500193598696943,36.55260382447976],[-0.40970544355210725,36.54887863769456],[-0.4042493674485314,36.54682164144954]]]]},"properties":{"speed":0.0795,"dir_deg":141.6,"type":"ضعيف"}},{"type":"Feature","geometry":{"type":"MultiPolygon","coordinates":[[[[-0.3745129919742226,36.563373397494175],[-0.36141202956162116,36.556068277107514],[-0.36238604561317594,36.554321482119164],[-0.3754870080257774,36.561626602505825],[-0.3745129919742226,36.563373397494175]]],[[[-0.3575320501165314,36.55275983948445],[-0.36043801351006644,36.557815072095856],[-0.36336006166473067,36.55257468713082],[-0.3575320501165314,36.55275983948445]]]]},"properties":{"speed":0.0815,"dir_deg":119.1,"type":"ضعيف"}},{"type":"Feature","geometry":{"type":"MultiPolygon","coordinates":[[[[-0.3332508120374426,36.5634965884788],[-0.318301984855457,36.56225862002883],[-0.3184670473154534,36.56026544307123],[-0.333415874497439,36.5615034115212],[-0.3332508120374426,36.5634965884788]]],[[[-0.31340157369146,36.56084937540004],[-0.31813692239546065,36.564251796986426],[-0.31863210977544976,36.55827226611363],[-0.31340157369146,36.56084937540004]]]]},"properties":{"speed":0.0835,"dir_deg":94.7,"type":"ضعيف"}},{"type":"Feature","geometry":{"type":"MultiPolygon","coordinates":[[[[-0.29199099289327307,36.56344594188767],[-0.2778018645781857,36.56831098429838],[-0.27715319225675794,36.566419100523035],[-0.29134232057184534,36.56155405811233],[-0.29199099289327307,36.56344594188767]]],[[[-0.2727478189791093,36.56898672321428],[-0.27845053689961335,36.57020286807372],[-0.27650451993533026,36.56452721674769],[-0.2727478189791093,36.56898672321428]]]]},"properties":{"speed":0.0944,"dir_deg":71.1,"type":"ضعيف"}},{"type":"Feature","geometry":{"type":"MultiPolygon","coordinates":[[[[-0.25061024395734943,36.563292213552344],[-0.23872704067217965,36.57244587291259],[-0.23750655275748084,36.5708614458079],[-0.2493897560426506,36.561707786447656],[-0.25061024395734943,36.563292213552344]]],[[[-0.234155728953107,36.574704879146985],[-0.23994752858687848,36.57403030001728],[-0.236286064842782,36.56927701870321],[-0.234155728953107,36.574704879146985]]]]},"properties":{"speed":0.1163,"dir_deg":52.4,"type":"ضعيف"}},{"type":"Feature","geometry":{"type":"MultiPolygon","coordinates":[[[[-0.20910173746351415,36.563139958951254],[-0.1995023531947387,36.574666095409775],[-0.1979655350002696,36.57338617750727],[-0.20756491926904505,36.561860041048746],[-0.20910173746351415,36.563139958951254]]],[[[-0.19553414934124563,36.577868181944694],[-0.20103917138920782,36.575946013312276],[-0.19642871680580046,36.572106259604766],[-0.19553414934124563,36.577868181944694]]]]},"properties":{"speed":0.1312,"dir_deg":39.8,"type":"ضعيف"}},{"type":"Feature","geometry":{"type":"MultiPolygon","coordinates":[[[[-0.16754460324106335,36.56297878606165],[-0.1603628123163461,36.57614776017179],[-0.1586069491016602,36.575190188048495],[-0.16578874002637745,36.56202121393835],[-0.16754460324106335,36.56297878606165]]],[[[-0.15709095040076407,36.58005863214686],[-0.162118675531032,36.57710533229509],[-0.1568510858869743,36.5742326159252],[-0.15709095040076407,36.58005863214686]]]]},"properties":{"speed":0.1287,"dir_deg":28.6,"type":"ضعيف"}},{"type":"Feature","geometry":{"type":"MultiPolygon","coordinates":[[[[-0.12595868358158477,36.562784474586564],[-0.12169156478315021,36.577164728310336],[-0.11977419761998068,36.57659577913721],[-0.12404131641841523,36.562215525413436],[-0.12595868358158477,36.562784474586564]]],[[[-0.11931050826875393,36.5816736716317],[-0.12360893194631976,36.57773367748346],[-0.11785683045681113,36.576026829964086],[-0.11931050826875393,36.5816736716317]]]]},"properties":{"speed":0.1277,"dir_deg":16.5,"type":"ضعيف"}},{"type":"Feature","geometry":{"type":"MultiPolygon","coordinates":[[[[-0.08430840256492833,36.56272191177709],[-0.08097972590855794,36.577347912998114],[-0.07902959241242168,36.576904089443936],[-0.08235826906879207,36.56227808822291],[-0.08430840256492833,36.56272191177709]]],[[[-0.078895100275033,36.58200133496136],[-0.08292985940469419,36.5777917365523],[-0.07707945891628543,36.57646026588975],[-0.078895100275033,36.58200133496136]]]]},"properties":{"speed":0.1216,"dir_deg":12.8,"type":"ضعيف"}},{"type":"Feature","geometry":{"type":"MultiPolygon","coordinates":[[[[-0.04265094575072289,36.56267662709071],[-0.04000153939012526,36.5774407947251],[-0.03803298370553968,36.57708754054368],[-0.04068239006613731,36.56232337290929],[-0.04265094575072289,36.56267662709071]]],[[[-0.038134126094299926,36.58218555684586],[-0.04197009507471085,36.57779404890651],[-0.036064428020954095,36.57673428636227],[-0.038134126094299926,36.58218555684586]]]]},"properties":{"speed":0.1265,"dir_deg":10.2,"type":"ضعيف"}},{"type":"Feature","geometry":{"type":"MultiPolygon","coordinates":[[[[-0.0009998281281517211,36.56248146047043],[-0.0012779210716808984,36.577478882392704],[0.0007217351846225439,36.577515961451844],[0.0009998281281517211,36.56251853952957],[-0.0009998281281517211,36.56248146047043]]],[[[-0.00037079059137223646,36.58249656256304],[-0.003277577327984341,36.57744180333357],[0.0027213914409259863,36.57755304051098],[-0.00037079059137223646,36.58249656256304]]]]},"properties":{"speed":0.2295,"dir_deg":358.9,"type":"متوسط"}},{"type":"Feature","geometry":{"type":"MultiPolygon","coordinates":[[[[0.04066900522576988,36.56243166866292],[0.03964403516956137,36.57739660890282],[0.041639360534881806,36.57753327157699],[0.042664330591090316,36.56256833133708],[0.04066900522576988,36.56243166866292]]],[[[0.040300041166818755,36.582453253653206],[0.03764870980424093,36.577259946228665],[0.043634685900202246,36.57766993425115],[0.040300041166818755,36.582453253653206]]]]},"properties":{"speed":0.3634,"dir_deg":356.1,"type":"قوي"}},{"type":"Feature","geometry":{"type":"MultiPolygon","coordinates":[[[[0.0823468094241527,36.56233639781025],[0.07989277657787822,36.57713429370086],[0.0818658293632932,36.57746149808036],[0.08431986220956769,36.56266360218975],[0.0823468094241527,36.56233639781025]]],[[[0.08006129202182755,36.58223052785415],[0.07791972379246322,36.576807089321356],[0.0838388821487082,36.57778870245986],[0.08006129202182755,36.58223052785415]]]]},"properties":{"speed":0.4232,"dir_deg":350.6,"type":"قوي"}},{"type":"Feature","geometry":{"type":"MultiPolygon","coordinates":[[[[0.12405048763629044,36.56218627038526],[0.11934454341524359,36.5764289558409],[0.12124356814266271,36.57705641507038],[0.12594951236370955,36.56281372961474],[0.12405048763629044,36.56218627038526]]],[[[0.11872540770527086,36.58149024727419],[0.11744551868782448,36.57580149661143],[0.12314259287008182,36.57768387429985],[0.11872540770527086,36.58149024727419]]]]},"properties":{"speed":0.5085,"dir_deg":341.7,"type":"قوي"}},{"type":"Feature","geometry":{"type":"MultiPolygon","coordinates":[[[[0.1656981440962213,36.56225109357359],[0.16196454770013893,36.57677900663608],[0.16390160277513713,36.577276819488894],[0.1676351991712195,36.56274890642641],[0.1656981440962213,36.56225109357359]]],[[[0.1616885431056106,36.58187055074998],[0.16002749262514077,36.576281193783274],[0.1658386578501353,36.5777746323417],[0.1616885431056106,36.58187055074998]]]]},"properties":{"speed":0.5491,"dir_deg":345.6,"type":"قوي"}},{"type":"Feature","geometry":{"type":"MultiPolygon","coordinates":[[[[0.2073464375660086,36.562338610569306],[0.20492559610556532,36.57714197257337],[0.20689937770610733,36.57746475143476],[0.2093202191665506,36.562661389430694],[0.2073464375660086,36.562338610569306]]],[[[0.20510553975235524,36.58223781600542],[0.2029518145050233,36.57681919371198],[0.20887315930664935,36.577787530296156],[0.20510553975235524,36.58223781600542]]]]},"properties":{"speed":0.4419,"dir_deg":350.7,"type":"قوي"}},{"type":"Feature","geometry":{"type":"MultiPolygon","coordinates":[[[[0.24903246939474602,36.562247246112],[0.24524116107481259,36.57676020519081],[0.24717622228532055,36.577265712966806],[0.25096753060525395,36.562752753888],[0.24903246939474602,36.562247246112]]],[[[0.24494492224008874,36.58185061210508],[0.24330609986430463,36.57625469741482],[0.2491112834958285,36.5777712207428],[0.24494492224008874,36.58185061210508]]]]},"properties":{"speed":0.3072,"dir_deg":345.4,"type":"متوسط"}},{"type":"Feature","geometry":{"type":"MultiPolygon","coordinates":[[[[0.2907045795787837,36.56222722252625],[0.2866129174725929,36.576658379832885],[0.2885370717801439,36.57720393478038],[0.2926287338863347,36.56277277747375],[0.2907045795787837,36.56222722252625]]],[[[0.2862111072576381,36.58174154307551],[0.28468876316504194,36.57611282488539],[0.2904612260876948,36.57774948972787],[0.2862111072576381,36.58174154307551]]]]},"properties":{"speed":0.211,"dir_deg":344.2,"type":"متوسط"}},{"type":"Feature","geometry":{"type":"MultiPolygon","coordinates":[[[[0.3324574266651675,36.56201753745652],[0.3252204885129554,36.57515628649062],[0.326972321717502,36.57612121157758],[0.3342092598697141,36.56298246254348],[0.3324574266651675,36.56201753745652]]],[[[0.32368409239782464,36.58001833204547],[0.32346865530840874,36.574191361403656],[0.32872415492204865,36.57708613666454],[0.32368409239782464,36.58001833204547]]]]},"properties":{"speed":0.1219,"dir_deg":331.2,"type":"ضعيف"}},{"type":"Feature","geometry":{"type":"MultiPolygon","coordinates":[[[[0.37467674197334117,36.561553689137654],[0.36048207903809876,36.566402559537536],[0.3611285950914164,36.56829518126223],[0.37532325802665883,36.563446310862346],[0.37467674197334117,36.561553689137654]]],[[[0.35607378275301016,36.568965160533175],[0.3598355629847811,36.564509937812836],[0.3617751111447341,36.57018780298693],[0.35607378275301016,36.568965160533175]]]]},"properties":{"speed":0.0595,"dir_deg":288.9,"type":"ضعيف"}},{"type":"Feature","geometry":{"type":"MultiPolygon","coordinates":[[[[0.41764361433595965,36.562286566541616],[0.4144421124601889,36.54763220249061],[0.41248819725338803,36.54805906940738],[0.41568969912915876,36.562713433458384],[0.41764361433595965,36.562286566541616]]],[[[0.4123979875648649,36.542960847931994],[0.4163960276669898,36.54720533557384],[0.41053428204658715,36.54848593632415],[0.4123979875648649,36.542960847931994]]]]},"properties":{"speed":0.0744,"dir_deg":192.3,"type":"ضعيف"}},{"type":"Feature","geometry":{"type":"MultiPolygon","coordinates":[[[[0.45933030941143504,36.56257783641647],[0.4604978556585159,36.54762334425656],[0.4585039233705274,36.54746767142361],[0.45733637712344655,36.56242216358353],[0.45933030941143504,36.56257783641647]]],[[[0.45989007159688194,36.542560677120115],[0.4624917879465045,36.5477790170895],[0.45650999108253887,36.547311998590665],[0.45989007159688194,36.542560677120115]]]]},"properties":{"speed":0.1481,"dir_deg":175.5,"type":"ضعيف"}},{"type":"Feature","geometry":{"type":"MultiPolygon","coordinates":[[[[0.5009449185930176,36.56282730544232],[0.5058545002277549,36.54865352654706],[0.5039646630417197,36.54799891566242],[0.49905508140698235,36.56217269455768],[0.5009449185930176,36.56282730544232]]],[[[0.5065461088463165,36.54360162813965],[0.5077443374137902,36.54930813743169],[0.5020748258556844,36.54734430477779],[0.5065461088463165,36.54360162813965]]]]},"properties":{"speed":0.2284,"dir_deg":160.9,"type":"متوسط"}},{"type":"Feature","geometry":{"type":"MultiPolygon","coordinates":[[[[0.5424986357831945,36.56305485173536],[0.5508214118135902,36.550575613010665],[0.5491575133169645,36.54946590953995],[0.5408347372865687,36.56194514826464],[0.5424986357831945,36.56305485173536]]],[[[0.5527637212420758,36.54586101503374],[0.5524853103102159,36.55168531648138],[0.5474936148203389,36.54835620606923],[0.5527637212420758,36.54586101503374]]]]},"properties":{"speed":0.2419,"dir_deg":146.3,"type":"متوسط"}},{"type":"Feature","geometry":{"type":"MultiPolygon","coordinates":[[[[0.5840442899951566,36.56320321573769],[0.5945925260605063,36.55253856778712],[0.59317057300043,36.55113213631174],[0.5826223369350803,36.56179678426231],[0.5840442899951566,36.56320321573769]]],[[[0.5973976282189181,36.54828046939924],[0.5960144791205827,36.5539449992625],[0.5917486199403535,36.54972570483636],[0.5973976282189181,36.54828046939924]]]]},"properties":{"speed":0.207,"dir_deg":135.3,"type":"متوسط"}},{"type":"Feature","geometry":{"type":"MultiPolygon","coordinates":[[[[0.6255543794164737,36.56333226405821],[0.6380383402896423,36.555016572811105],[0.6369295814566949,36.553352044694684],[0.6244456205835263,36.56166773594179],[0.6255543794164737,36.56333226405821]]],[[[0.6416452811642248,36.551412411670526],[0.6391470991225898,36.55668110092753],[0.6358208226237474,36.55168751657826],[0.6416452811642248,36.551412411670526]]]]},"properties":{"speed":0.189,"dir_deg":123.7,"type":"متوسط"}},{"type":"Feature","geometry":{"type":"MultiPolygon","coordinates":[[[[0.6669103523666444,36.56346985924878],[0.6814582410982457,36.55981487177233],[0.68097090943472,36.55787515327478],[0.6664230207031188,36.56153014075122],[0.6669103523666444,36.56346985924878]]],[[[0.6860638715103499,36.557626683364745],[0.6819455727617714,36.56175459026988],[0.6804835777711944,36.55593543477723],[0.6860638715103499,36.557626683364745]]]]},"properties":{"speed":0.1859,"dir_deg":104.1,"type":"متوسط"}},{"type":"Feature","geometry":{"type":"MultiPolygon","coordinates":[[[[0.7082559682515381,36.563497004372074],[0.7232110338326597,36.56465718257578],[0.7233657242598203,36.56266317383163],[0.7084106586786987,36.561502995627926],[0.7082559682515381,36.563497004372074]]],[[[0.7282734009066139,36.564046904271606],[0.7230563434054991,36.56665119131993],[0.7235204146869809,36.56066916508748],[0.7282734009066139,36.564046904271606]]]]},"properties":{"speed":0.1983,"dir_deg":85.6,"type":"متوسط"}},{"type":"Feature","geometry":{"type":"MultiPolygon","coordinates":[[[[0.7496888443790415,36.563450358974045],[0.7639442289897014,36.56811769328842],[0.7645665402316184,36.56621697534033],[0.7503111556209585,36.561549641025955],[0.7496888443790415,36.563450358974045]]],[[[0.7690071794808799,36.56872311241917],[0.7633219177477845,36.57001841123651],[0.7651888514735353,36.56431625739224],[0.7690071794808799,36.56872311241917]]]]},"properties":{"speed":0.2153,"dir_deg":71.9,"type":"متوسط"}},{"type":"Feature","geometry":{"type":"MultiPolygon","coordinates":[[[[0.7913111400609566,36.563434658603384],[0.8053310191117151,36.56876785571226],[0.8060421120595651,36.56689853850549],[0.7920222330088066,36.561565341396616],[0.7913111400609566,36.563434658603384]]],[[[0.8103598586025595,36.5696109294785],[0.8046199261638652,36.57063717291903],[0.806753205007415,36.56502922129872],[0.8103598586025595,36.5696109294785]]]]},"properties":{"speed":0.2255,"dir_deg":69.2,"type":"متوسط"}},{"type":"Feature","geometry":{"type":"MultiPolygon","coordinates":[[[[0.8329258481276824,36.56341322067365],[0.846624158232485,36.56952520073519],[0.847439088907357,36.56769875938789],[0.8337407788025544,36.56158677932635],[0.8329258481276824,36.56341322067365]]],[[[0.8515977269381885,36.57064930674872],[0.845809227557613,36.5713516420825],[0.848254019582229,36.56587231804058],[0.8515977269381885,36.57064930674872]]]]},"properties":{"speed":0.2382,"dir_deg":66.0,"type":"متوسط"}},{"type":"Feature","geometry":{"type":"MultiPolygon","coordinates":[[[[0.8745358464722215,36.5633857547644],[0.8878221679381657,36.57034805768107],[0.8887504749937227,36.56857654815228],[0.8754641535277785,36.5616142452356],[0.8745358464722215,36.5633857547644]]],[[[0.8927150952879257,36.57178307055557],[0.8868938608826086,36.57211956720987],[0.8896787820492799,36.566805038623485],[0.8927150952879257,36.57178307055557]]]]},"properties":{"speed":0.2839,"dir_deg":62.3,"type":"متوسط"}},{"type":"Feature","geometry":{"type":"MultiPolygon","coordinates":[[[[0.9163048746423873,36.56343225112199],[0.930288641472222,36.5688594295094],[0.9310122652572106,36.566994927265426],[0.9170284984273759,36.56156774887801],[0.9163048746423873,36.56343225112199]]],[[[0.9353117089746612,36.56973623784989],[0.9295650176872335,36.57072393175338],[0.9317358890421991,36.56513042502145],[0.9353117089746612,36.56973623784989]]]]},"properties":{"speed":0.3534,"dir_deg":68.8,"type":"قوي"}},{"type":"Feature","geometry":{"type":"MultiPolygon","coordinates":[[[[0.9579885839169927,36.563438702049986],[0.9720691146667917,36.56860964527187],[0.9727585737630431,36.5667322411719],[0.9586780430132441,36.561561297950014],[0.9579885839169927,36.563438702049986]]],[[[0.9771073544648504,36.56939459096252],[0.9713796555705403,36.57048704937184],[0.9734480328592945,36.56485483707193],[0.9771073544648504,36.56939459096252]]]]},"properties":{"speed":0.4621,"dir_deg":69.8,"type":"قوي"}},{"type":"Feature","geometry":{"type":"MultiPolygon","coordinates":[[[[0.999650823547643,36.5634370569914],[1.0137066784185456,36.56867470377675],[1.0144050313232593,36.56680058979396],[1.0003491764523569,36.5615629430086],[0.999650823547643,36.5634370569914]]],[[[1.0187411398278698,36.56948352904714],[1.0130083255138316,36.57054881775954],[1.0151033842279733,36.56492647581117],[1.0187411398278698,36.56948352904714]]]]},"properties":{"speed":0.5737,"dir_deg":69.6,"type":"قوي"}},{"type":"Feature","geometry":{"type":"MultiPolygon","coordinates":[[[[-0.41596097650269637,36.60487646869273],[-0.4053330195981135,36.594291265244784],[-0.4067443800578392,36.59287420432417],[-0.41737233696242204,36.603459407772114],[-0.41596097650269637,36.60487646869273]]],[[[-0.4024960475264487,36.590054333635166],[-0.4039216591383879,36.59570832616539],[-0.4081557405175648,36.59145714340356],[-0.4024960475264487,36.590054333635166]]]]},"properties":{"speed":0.0979,"dir_deg":134.9,"type":"ضعيف"}},{"type":"Feature","geometry":{"type":"MultiPolygon","coordinates":[[[[-0.3746510344627094,36.60510507379027],[-0.3605940010949862,36.59987059073091],[-0.36129193216956734,36.59799631961521],[-0.3753489655372906,36.603230802674574],[-0.3746510344627094,36.60510507379027]]],[[[-0.3562572888430357,36.59718862748661],[-0.35989607002040497,36.601744861846605],[-0.36198986324414856,36.59612204849952],[-0.3562572888430357,36.59718862748661]]]]},"properties":{"speed":0.095,"dir_deg":110.4,"type":"ضعيف"}},{"type":"Feature","geometry":{"type":"MultiPolygon","coordinates":[[[[-0.33339173151464835,36.605166232183414],[-0.31841732224976227,36.60604205589153],[-0.31830054575534716,36.60404546798954],[-0.33327495502023324,36.60316964428143],[-0.33339173151464835,36.605166232183414]]],[[[-0.31336746424759265,36.60533570317657],[-0.3185340987441774,36.60803864379351],[-0.31818376926093206,36.60204888008756],[-0.31336746424759265,36.60533570317657]]]]},"properties":{"speed":0.0946,"dir_deg":86.7,"type":"ضعيف"}},{"type":"Feature","geometry":{"type":"MultiPolygon","coordinates":[[[[-0.29209228640511753,36.60507283567514],[-0.27851882476434503,36.61145728076351],[-0.2776675654192284,36.60964748587808],[-0.2912410270600009,36.603263040789706],[-0.29209228640511753,36.60507283567514]]],[[[-0.27356870787819587,36.61268053168359],[-0.27937008410946174,36.61326707564895],[-0.2768163060741117,36.60783769099264],[-0.27356870787819587,36.61268053168359]]]]},"properties":{"speed":0.1044,"dir_deg":64.8,"type":"ضعيف"}},{"type":"Feature","geometry":{"type":"MultiPolygon","coordinates":[[[[-0.25065613539983334,36.604922581417696],[-0.23933648762067306,36.61476461241519],[-0.23802421682100638,36.613255326044644],[-0.24934386460016666,36.60341329504715],[-0.25065613539983334,36.604922581417696]]],[[[-0.23490713629445295,36.61729064622909],[-0.24064875842033973,36.61627389878575],[-0.23671194602133971,36.61174603967409],[-0.23490713629445295,36.61729064622909]]]]},"properties":{"speed":0.1231,"dir_deg":49.0,"type":"ضعيف"}},{"type":"Feature","geometry":{"type":"MultiPolygon","coordinates":[[[[-0.20911511031954194,36.60479149013688],[-0.19976183175267054,36.61651821943582],[-0.19819826784614586,36.615271115626896],[-0.20755154641301726,36.60354438632796],[-0.20911511031954194,36.60479149013688]]],[[[-0.19586229027711774,36.61980357729767],[-0.20132539565919522,36.61776532324473],[-0.19663470393962118,36.61402401181798],[-0.19586229027711774,36.61980357729767]]]]},"properties":{"speed":0.1283,"dir_deg":38.6,"type":"ضعيف"}},{"type":"Feature","geometry":{"type":"MultiPolygon","coordinates":[[[[-0.16754335927381922,36.60464899829281],[-0.16032745836803872,36.61779931289429],[-0.15857408308784107,36.61683719277352],[-0.16578998399362158,36.603686878172034],[-0.16754335927381922,36.60464899829281]]],[[[-0.15704547042601308,36.621701691034396],[-0.16208083364823633,36.61876143301506],[-0.15682070780764346,36.61587507265275],[-0.15704547042601308,36.621701691034396]]]]},"properties":{"speed":0.1183,"dir_deg":28.8,"type":"ضعيف"}},{"type":"Feature","geometry":{"type":"MultiPolygon","coordinates":[[[[-0.12594235720600572,36.60450254680417],[-0.12092322862974371,36.61863790489426],[-0.11903851421773227,36.61796868775076],[-0.12405764279399428,36.603833329660674],[-0.12594235720600572,36.60450254680417]]],[[[-0.118307828564984,36.62301508235254],[-0.12280794304175513,36.61930712203776],[-0.11715379980572085,36.61729947060726],[-0.118307828564984,36.62301508235254]]]]},"properties":{"speed":0.1174,"dir_deg":19.5,"type":"ضعيف"}},{"type":"Feature","geometry":{"type":"MultiPolygon","coordinates":[[[[-0.0842923209483056,36.60445139460943],[-0.08004047529318191,36.61883617158111],[-0.0781225050302911,36.6182692588271],[-0.0823743506854148,36.60388448185542],[-0.0842923209483056,36.60445139460943]]],[[[-0.07766420827669528,36.62334764086133],[-0.08195844555607272,36.619403084335126],[-0.07620453476740029,36.61770234607308],[-0.07766420827669528,36.62334764086133]]]]},"properties":{"speed":0.1172,"dir_deg":16.5,"type":"ضعيف"}},{"type":"Feature","geometry":{"type":"MultiPolygon","coordinates":[[[[-0.04266287604680175,36.6042549402154],[-0.0413578463021338,36.61919806229097],[-0.039365430025390495,36.61902405832502],[-0.04067045977005845,36.604080936249446],[-0.04266287604680175,36.6042549402154]]],[[[-0.03992662824887283,36.62409210099985],[-0.04335026257887711,36.61937206625693],[-0.03737301374864718,36.61885005435906],[-0.03992662824887283,36.62409210099985]]]]},"properties":{"speed":0.1511,"dir_deg":5.0,"type":"ضعيف"}},{"type":"Feature","geometry":{"type":"MultiPolygon","coordinates":[[[[-0.0009937629036576659,36.60405642459508],[-0.0026664674638308327,36.61896286814994],[-0.0006789416565155012,36.61918589542463],[0.0009937629036576659,36.604279451869765],[-0.0009937629036576659,36.60405642459508]]],[[[-0.002230272746897556,36.62404319630558],[-0.004653993271146165,36.61873984087525],[0.0013085841507998303,36.61940892269932],[-0.002230272746897556,36.62404319630558]]]]},"properties":{"speed":0.2762,"dir_deg":353.6,"type":"متوسط"}},{"type":"Feature","geometry":{"type":"MultiPolygon","coordinates":[[[[0.04068855172647393,36.60395987878275],[0.03756765998147773,36.618631621512094],[0.03952389234539006,36.61904774041143],[0.042644784090386266,36.60437599768209],[0.04068855172647393,36.60395987878275]]],[[[0.03750547891510182,36.62373026187154],[0.035611427617565396,36.61821550261276],[0.041480124709302395,36.61946385931076],[0.03750547891510182,36.62373026187154]]]]},"properties":{"speed":0.3962,"dir_deg":348.0,"type":"قوي"}},{"type":"Feature","geometry":{"type":"MultiPolygon","coordinates":[[[[0.08238582473756036,36.6038482152983],[0.07758998072571936,36.6180608814878],[0.07948500288431905,36.618700327356045],[0.08428084689616004,36.604487661166544],[0.08238582473756036,36.6038482152983]]],[[[0.07693887713440554,36.62311815981842],[0.07569495856711968,36.617421435619555],[0.08138002504291873,36.61933977322429],[0.07693887713440554,36.62311815981842]]]]},"properties":{"speed":0.4875,"dir_deg":341.4,"type":"قوي"}},{"type":"Feature","geometry":{"type":"MultiPolygon","coordinates":[[[[0.12405124764037104,36.6038519177266],[0.11931094005307682,36.61808320312104],[0.12120844477233475,36.61871524413268],[0.12594875235962896,36.60448395873824],[0.12405124764037104,36.6038519177266]]],[[[0.11867958988360772,36.623142985425],[0.11741343533381891,36.617451162109404],[0.12310594949159266,36.619347285144315],[0.11867958988360772,36.623142985425]]]]},"properties":{"speed":0.5461,"dir_deg":341.6,"type":"قوي"}},{"type":"Feature","geometry":{"type":"MultiPolygon","coordinates":[[[[0.16569830664360927,36.60391840016734],[0.16195523566731354,36.618443875019004],[0.1638919656475358,36.61894295114917],[0.16763503662383153,36.604417476297506],[0.16569830664360927,36.60391840016734]]],[[[0.16167591033199274,36.62353523803464],[0.16001850568709125,36.61794479888883],[0.1658286956277581,36.61944202727935],[0.16167591033199274,36.62353523803464]]]]},"properties":{"speed":0.499,"dir_deg":345.5,"type":"قوي"}},{"type":"Feature","geometry":{"type":"MultiPolygon","coordinates":[[[[0.20739338542346478,36.60382660662789],[0.20227341135547966,36.61792575077011],[0.2041532972411093,36.618608413979175],[0.20927327130909443,36.60450926983695],[0.20739338542346478,36.60382660662789]]],[[[0.20150669627563278,36.622966797088715],[0.20039352546985004,36.61724308756104],[0.20603318312673893,36.619291077188244],[0.20150669627563278,36.622966797088715]]]]},"properties":{"speed":0.387,"dir_deg":340.0,"type":"قوي"}},{"type":"Feature","geometry":{"type":"MultiPolygon","coordinates":[[[[0.2490907795315234,36.60375162327989],[0.24284605524351677,36.61738993030704],[0.24466449618046998,36.618222560212104],[0.2509092204684766,36.60458425318495],[0.2490907795315234,36.60375162327989]]],[[[0.2416737009493245,36.622352347601954],[0.24102761430656358,36.61655730040197],[0.24648293711742317,36.61905519011717],[0.2416737009493245,36.622352347601954]]]]},"properties":{"speed":0.2958,"dir_deg":335.4,"type":"متوسط"}},{"type":"Feature","geometry":{"type":"MultiPolygon","coordinates":[[[[0.2908200751978221,36.60363567917422],[0.2828361893247344,36.61633440219527],[0.2845293523942086,36.61739892031168],[0.2925132382672963,36.604700197290626],[0.2908200751978221,36.60363567917422]]],[[[0.28102147556844226,36.621099568927164],[0.2811430262552602,36.615269884078856],[0.2862225154636828,36.618463438428094],[0.28102147556844226,36.621099568927164]]]]},"properties":{"speed":0.2187,"dir_deg":327.8,"type":"متوسط"}},{"type":"Feature","geometry":{"type":"MultiPolygon","coordinates":[[[[0.33295843008029075,36.60324087830874],[0.3190525312250307,36.60886457611599],[0.3198023575993308,36.61071869596336],[0.33370825645459085,36.605094998156105],[0.33295843008029075,36.60324087830874]]],[[[0.3147921447937607,36.611666201975424],[0.3183027048507306,36.60701045626862],[0.3205521839736309,36.61257281581073],[0.3147921447937607,36.611666201975424]]]]},"properties":{"speed":0.1574,"dir_deg":292.0,"type":"ضعيف"}},{"type":"Feature","geometry":{"type":"MultiPolygon","coordinates":[[[[0.37560545698426046,36.60337206020143],[0.3636672865194321,36.594290205437524],[0.3624563725509112,36.59588196149951],[0.37439454301573954,36.604963816263414],[0.37560545698426046,36.60337206020143]]],[[[0.3590824393802288,36.592058798547214],[0.364878200487953,36.59269844937555],[0.36124545858239027,36.597473717561485],[0.3590824393802288,36.592058798547214]]]]},"properties":{"speed":0.1108,"dir_deg":232.7,"type":"ضعيف"}},{"type":"Feature","geometry":{"type":"MultiPolygon","coordinates":[[[[0.41766317295738087,36.60408453910972],[0.41641218611688147,36.589136795737396],[0.414419153667238,36.5893035939828],[0.41567014050773754,36.60425133735512],[0.41766317295738087,36.60408453910972]]],[[[0.41499867427855996,36.584237613735986],[0.4184052185665248,36.588969997492],[0.4124261212175947,36.58947039222819],[0.41499867427855996,36.584237613735986]]]]},"properties":{"speed":0.1376,"dir_deg":184.8,"type":"ضعيف"}},{"type":"Feature","geometry":{"type":"MultiPolygon","coordinates":[[[[0.4593302506053299,36.60424652423412],[0.46050904063079834,36.58929291416578],[0.45851522595502014,36.589135742162384],[0.4573364359295517,36.60408935223072],[0.4593302506053299,36.60424652423412]]],[[[0.4599050633013987,36.58422979147464],[0.46250285530657653,36.58945008616918],[0.45652141127924195,36.588978570158986],[0.4599050633013987,36.58422979147464]]]]},"properties":{"speed":0.1877,"dir_deg":175.5,"type":"متوسط"}},{"type":"Feature","geometry":{"type":"MultiPolygon","coordinates":[[[[0.5009655759173631,36.60442805964217],[0.504867397063559,36.58994442088172],[0.5029362452288327,36.58942417806223],[0.49903442408263693,36.60390781682268],[0.5009655759173631,36.60442805964217]]],[[[0.5052024281949279,36.58485641988516],[0.5067985488982851,36.59046466370121],[0.5010050933941066,36.58890393524274],[0.5052024281949279,36.58485641988516]]]]},"properties":{"speed":0.2494,"dir_deg":164.9,"type":"متوسط"}},{"type":"Feature","geometry":{"type":"MultiPolygon","coordinates":[[[[0.5425680910190844,36.60460091624094],[0.5490627611468331,36.5910798489779],[0.5472599521784274,36.59021389296086],[0.5407652820506788,36.6037349602239],[0.5425680910190844,36.60460091624094]]],[[[0.5503262467052131,36.58613984854836],[0.5508655701152387,36.59194580499493],[0.5454571432100217,36.58934793694383],[0.5503262467052131,36.58613984854836]]]]},"properties":{"speed":0.2288,"dir_deg":154.3,"type":"متوسط"}},{"type":"Feature","geometry":{"type":"MultiPolygon","coordinates":[[[[0.5841999841660552,36.6046668188756],[0.5916831938137262,36.59166675836155],[0.5899498524118526,36.59066899707519],[0.5824666427641816,36.603669057589244],[0.5841999841660552,36.6046668188756]]],[[[0.5933109263286798,36.586834524213685],[0.5934165352155998,36.592664519647904],[0.5882165110099791,36.589671235788835],[0.5933109263286798,36.586834524213685]]]]},"properties":{"speed":0.1775,"dir_deg":150.1,"type":"متوسط"}},{"type":"Feature","geometry":{"type":"MultiPolygon","coordinates":[[[[0.6257639903876108,36.604813165857095],[0.635442404757673,36.593353310042936],[0.6339144239824515,36.59206285479359],[0.6242360096123892,36.60352271060775],[0.6257639903876108,36.604813165857095]]],[[[0.6379045524934163,36.58888813048021],[0.6369703855328945,36.594643765292275],[0.6323864432072299,36.59077239954425],[0.6379045524934163,36.58888813048021]]]]},"properties":{"speed":0.1399,"dir_deg":139.8,"type":"ضعيف"}},{"type":"Feature","geometry":{"type":"MultiPolygon","coordinates":[[[[0.6669332797394096,36.60513174737499],[0.6813904168779435,36.60113284930707],[0.6808572304688875,36.599205231021934],[0.6664000933303535,36.60320412908985],[0.6669332797394096,36.60513174737499]]],[[[0.6859428693862601,36.59883607414186],[0.6819236032869997,36.60306046759221],[0.6803240440598313,36.5972776127368],[0.6859428693862601,36.59883607414186]]]]},"properties":{"speed":0.105,"dir_deg":105.5,"type":"ضعيف"}},{"type":"Feature","geometry":{"type":"MultiPolygon","coordinates":[[[[0.7079424506188154,36.60508838716386],[0.7217491845903415,36.6109513298584],[0.7225309102829475,36.609110431995525],[0.7087241763114214,36.60324748930098],[0.7079424506188154,36.60508838716386]]],[[[0.7267422920938199,36.61198519515848],[0.7209674588977357,36.61279222772127],[0.7233126359755533,36.607269534132655],[0.7267422920938199,36.61198519515848]]]]},"properties":{"speed":0.117,"dir_deg":67.0,"type":"ضعيف"}},{"type":"Feature","geometry":{"type":"MultiPolygon","coordinates":[[[[0.7493840100511705,36.60495569224412],[0.7612003202265905,36.61419554147656],[0.7624323001242495,36.61262003345317],[0.7506159899488295,36.603380184220725],[0.7493840100511705,36.60495569224412]]],[[[0.7657550802338933,36.61648773720901],[0.7599683403289315,36.61577104949995],[0.7636642800219084,36.61104452542978],[0.7657550802338933,36.61648773720901]]]]},"properties":{"speed":0.1402,"dir_deg":52.0,"type":"ضعيف"}},{"type":"Feature","geometry":{"type":"MultiPolygon","coordinates":[[[[0.7910754264966687,36.60497441921001],[0.8031726411605002,36.6138433197832],[0.804355161236926,36.612230357828025],[0.7922579465730945,36.603361457254834],[0.7910754264966687,36.60497441921001]]],[[[0.8077963060866569,36.61599313899668],[0.8019901210840745,36.61545628173838],[0.8055376813133517,36.61061739587284],[0.8077963060866569,36.61599313899668]]]]},"properties":{"speed":0.1422,"dir_deg":53.8,"type":"ضعيف"}},{"type":"Feature","geometry":{"type":"MultiPolygon","coordinates":[[[[0.8327903882023115,36.60500771925091],[0.8453871034795724,36.61315159819301],[0.8464729540051861,36.61147203615604],[0.8338762387279253,36.60332815721394],[0.8327903882023115,36.60500771925091]]],[[[0.8501289338347995,36.61502644348856],[0.8443012529539586,36.614831160229976],[0.8475588045307998,36.60979247411907],[0.8501289338347995,36.61502644348856]]]]},"properties":{"speed":0.1529,"dir_deg":57.1,"type":"ضعيف"}},{"type":"Feature","geometry":{"type":"MultiPolygon","coordinates":[[[[0.8745691509390515,36.605070362238465],[0.8881055110296726,36.61153309815269],[0.8889672091515696,36.609728250140606],[0.8754308490609485,36.60326551422638],[0.8745691509390515,36.605070362238465]]],[[[0.893048480120828,36.61278491945139],[0.8872438129077757,36.61333794616477],[0.8898289072734665,36.60792340212853],[0.893048480120828,36.61278491945139]]]]},"properties":{"speed":0.1797,"dir_deg":64.5,"type":"متوسط"}},{"type":"Feature","geometry":{"type":"MultiPolygon","coordinates":[[[[0.9163436385161126,36.605114320807054],[0.930539377135611,36.60996004108859],[0.931185473173149,36.60806727593933],[0.9169897345536506,36.60322155565779],[0.9163436385161126,36.605114320807054]]],[[[0.9355943380275461,36.6106288986078],[0.9298932810980729,36.611852806237856],[0.9318315692106871,36.60617451079006],[0.9355943380275461,36.6106288986078]]]]},"properties":{"speed":0.2318,"dir_deg":71.2,"type":"متوسط"}},{"type":"Feature","geometry":{"type":"MultiPolygon","coordinates":[[[[0.9580082379655345,36.60511362629916],[0.9721935589666014,36.60998975879291],[0.9728437099657693,36.60809838265944],[0.9586583889647023,36.603222250165686],[0.9580082379655345,36.60511362629916]]],[[[0.9772470747998743,36.6106694482241],[0.9715434079674337,36.61188113492639],[0.9734938609649371,36.60620700652596],[0.9772470747998743,36.6106694482241]]]]},"properties":{"speed":0.3071,"dir_deg":71.0,"type":"متوسط"}},{"type":"Feature","geometry":{"type":"MultiPolygon","coordinates":[[[[0.9996953815919017,36.60512041270738],[1.0139824987162813,36.60968968882885],[1.0145917355324776,36.60778473987894],[1.0003046184080981,36.603215463757465],[0.9996953815919017,36.60512041270738]]],[[[1.0190494894991726,36.61026030639439],[1.0133732619000848,36.61159463777877],[1.0152009723486741,36.605879790929016],[1.0190494894991726,36.61026030639439]]]]},"properties":{"speed":0.3907,"dir_deg":72.3,"type":"قوي"}},{"type":"Feature","geometry":{"type":"MultiPolygon","coordinates":[[[[-0.4160449701943912,36.646615327908975],[-0.4042959780734195,36.63729002983646],[-0.40553935114975553,36.63572349755366],[-0.4172883432707272,36.64504879562618],[-0.4160449701943912,36.646615327908975]]],[[[-0.4010013339045969,36.633398331004216],[-0.4030526049970835,36.63885656211925],[-0.4067827242260915,36.63415696527087],[-0.4010013339045969,36.633398331004216]]]]},"properties":{"speed":0.0952,"dir_deg":128.4,"type":"ضعيف"}},{"type":"Feature","geometry":{"type":"MultiPolygon","coordinates":[[[[-0.3749516401983842,36.646830891747896],[-0.35996919049357196,36.646105494723656],[-0.3600659100968036,36.64410783476302],[-0.3750483598016158,36.64483323178726],[-0.3749516401983842,36.646830891747896]]],[[[-0.3550234003935837,36.644864865735265],[-0.35987247089034036,36.6481031546843],[-0.3601626297000352,36.642110174802376],[-0.3550234003935837,36.644864865735265]]]]},"properties":{"speed":0.0865,"dir_deg":92.8,"type":"ضعيف"}},{"type":"Feature","geometry":{"type":"MultiPolygon","coordinates":[[[[-0.33377893138841835,36.64672729985124],[-0.32035036013344753,36.653411121665904],[-0.3194591838914924,36.651620645498575],[-0.33288775514646324,36.64493682368391],[-0.33377893138841835,36.64672729985124]]],[[[-0.3154285815941464,36.65474382418713],[-0.32124153637540265,36.65520159783323],[-0.3185680076495373,36.649830169331246],[-0.3154285815941464,36.65474382418713]]]]},"properties":{"speed":0.0941,"dir_deg":63.5,"type":"ضعيف"}},{"type":"Feature","geometry":{"type":"MultiPolygon","coordinates":[[[[-0.29234069666354395,36.646570756678514],[-0.2812602729995514,36.656681355643286],[-0.2799121931375819,36.655203965821414],[-0.29099261680157446,36.64509336685664],[-0.29234069666354395,36.646570756678514]]],[[[-0.2768927585139025,36.659312860387274],[-0.2826083528615209,36.65815874546515],[-0.2785641132756124,36.65372657599955],[-0.2768927585139025,36.659312860387274]]]]},"properties":{"speed":0.1085,"dir_deg":47.6,"type":"ضعيف"}},{"type":"Feature","geometry":{"type":"MultiPolygon","coordinates":[[[[-0.25075416883862606,36.64648874233136],[-0.24090396038193776,36.657801274910746],[-0.2393956227046856,36.65648791378319],[-0.24924583116137392,36.6451753812038],[-0.25075416883862606,36.64648874233136]]],[[[-0.23686638872441557,36.6609154385401],[-0.2424122980591899,36.659114636038304],[-0.23788728502743345,36.65517455265563],[-0.23686638872441557,36.6609154385401]]]]},"properties":{"speed":0.1174,"dir_deg":41.0,"type":"ضعيف"}},{"type":"Feature","geometry":{"type":"MultiPolygon","coordinates":[[[[-0.2091361003509769,36.64642834789066],[-0.20019180850468404,36.65846992766112],[-0.19858626453528944,36.657277355414955],[-0.2075305563815823,36.645235775644494],[-0.2091361003509769,36.64642834789066]]],[[[-0.19640760590455578,36.66188750146152],[-0.20179735247407862,36.6596624999073],[-0.19698072056589486,36.65608478316878],[-0.19640760590455578,36.66188750146152]]]]},"properties":{"speed":0.1129,"dir_deg":36.6,"type":"ضعيف"}},{"type":"Feature","geometry":{"type":"MultiPolygon","coordinates":[[[[-0.16751760481150682,36.64635733572176],[-0.15963849549877224,36.659121333388555],[-0.1579366291431994,36.65807078548019],[-0.16581573845593398,36.6453067878134],[-0.16751760481150682,36.64635733572176]]],[[[-0.1561611925500743,36.66285072532331],[-0.16134036185434505,36.66017188129692],[-0.15623476278762657,36.65702023757183],[-0.1561611925500743,36.66285072532331]]]]},"properties":{"speed":0.1061,"dir_deg":31.7,"type":"ضعيف"}},{"type":"Feature","geometry":{"type":"MultiPolygon","coordinates":[[[[-0.12590528402258486,36.646256868592445],[-0.1195331816495978,36.65983612893122],[-0.11772261360442805,36.658986515281484],[-0.12409471597741513,36.64540725494271],[-0.12590528402258486,36.646256868592445]]],[[[-0.1165038635026839,36.663937742219275],[-0.12134374969476752,36.660685742580945],[-0.11591204555925833,36.65813690163176],[-0.1165038635026839,36.663937742219275]]]]},"properties":{"speed":0.1156,"dir_deg":25.1,"type":"ضعيف"}},{"type":"Feature","geometry":{"type":"MultiPolygon","coordinates":[[[[-0.08430836012210799,36.64605415995347],[-0.08097688733374353,36.66067952453219],[-0.07902683872324795,36.660235328160404],[-0.08235831151161241,36.645609963581684],[-0.08430836012210799,36.64605415995347]]],[[[-0.07889137209904092,36.66533254787253],[-0.08292693594423912,36.66112372090397],[-0.07707679011275236,36.65979113178862],[-0.07889137209904092,36.66533254787253]]]]},"properties":{"speed":0.1339,"dir_deg":12.8,"type":"ضعيف"}},{"type":"Feature","geometry":{"type":"MultiPolygon","coordinates":[[[[-0.04265857448123345,36.64570509188599],[-0.044563122704997175,36.66058369047804],[-0.04257930955939048,36.66083763024121],[-0.04067476133562675,36.64595903164916],[-0.04265857448123345,36.64570509188599]]],[[[-0.04420606554011507,36.66567019322365],[-0.04654693585060387,36.66032975071487],[-0.04059549641378379,36.66109157000438],[-0.04420606554011507,36.66567019322365]]]]},"properties":{"speed":0.2032,"dir_deg":352.7,"type":"متوسط"}},{"type":"Feature","geometry":{"type":"MultiPolygon","coordinates":[[[[-0.0009574721866001412,36.64554353618485],[-0.005285355927484078,36.659905618983856],[-0.003370411554283795,36.66048267014931],[0.0009574721866001412,36.6461205873503],[-0.0009574721866001412,36.64554353618485]]],[[[-0.005770511654511915,36.66498150549958],[-0.007200300300684359,36.659328567818406],[-0.0014554671810835126,36.66105972131476],[-0.005770511654511915,36.66498150549958]]]]},"properties":{"speed":0.3462,"dir_deg":343.2,"type":"قوي"}},{"type":"Feature","geometry":{"type":"MultiPolygon","coordinates":[[[[0.04073559719660583,36.64546722299554],[0.03526301561601853,36.659433283672904],[0.037125157039667074,36.660162961216976],[0.04259773862025437,36.646196900539614],[0.04073559719660583,36.64546722299554]]],[[[0.03436989246764703,36.66445347600406],[0.03340087419236998,36.658703606128825],[0.038987298463315626,36.660892638761055],[0.03436989246764703,36.66445347600406]]]]},"properties":{"speed":0.4774,"dir_deg":338.6,"type":"قوي"}},{"type":"Feature","geometry":{"type":"MultiPolygon","coordinates":[[[[0.0823959190188,36.64548385242435],[0.07717277887030884,36.65954510439525],[0.07904761246642923,36.66024152308171],[0.0842707526149204,36.64618027111081],[0.0823959190188,36.64548385242435]]],[[[0.07636914895220533,36.664580397728784],[0.07529794527418845,36.65884868570878],[0.08092244606254961,36.660937941768175],[0.07636914895220533,36.664580397728784]]]]},"properties":{"speed":0.5449,"dir_deg":339.6,"type":"قوي"}},{"type":"Feature","geometry":{"type":"MultiPolygon","coordinates":[[[[0.12404570182653354,36.64553320562138],[0.11956285963360715,36.65984767822338],[0.12147145598054006,36.66044539051577],[0.12595429817346646,36.64613091791377],[0.12404570182653354,36.64553320562138]]],[[[0.11902287707609813,36.66491802523691],[0.11765426328667423,36.65924996593099],[0.12338005232747297,36.66104310280816],[0.11902287707609813,36.66491802523691]]]]},"properties":{"speed":0.5099,"dir_deg":342.6,"type":"قوي"}},{"type":"Feature","geometry":{"type":"MultiPolygon","coordinates":[[[[0.16574642981580703,36.64544071154519],[0.15987617647998012,36.65924433881389],[0.16171666011580685,36.660027039258665],[0.16758691345163376,36.646223411989965],[0.16574642981580703,36.64544071154519]]],[[[0.15883966718595116,36.66423689812584],[0.1580356928441534,36.65846163836911],[0.16355714375163358,36.660809739703446],[0.15883966718595116,36.66423689812584]]]]},"properties":{"speed":0.4464,"dir_deg":337.0,"type":"قوي"}},{"type":"Feature","geometry":{"type":"MultiPolygon","coordinates":[[[[0.20744951915209128,36.64536421427863],[0.20043180681785708,36.65862135249145],[0.20219942524623372,36.65955704746935],[0.20921713758046792,36.64629990925653],[0.20744951915209128,36.64536421427863]]],[[[0.19897637858730063,36.66350824605134],[0.19866418838948047,36.657685657513554],[0.20396704367461033,36.660492742447246],[0.19897637858730063,36.66350824605134]]]]},"properties":{"speed":0.3751,"dir_deg":332.1,"type":"قوي"}},{"type":"Feature","geometry":{"type":"MultiPolygon","coordinates":[[[[0.24914869170455417,36.64530739598243],[0.24127870492733208,36.65807702041412],[0.24298132151822374,36.65912635198442],[0.25085130829544583,36.64635672755273],[0.24914869170455417,36.64530739598243]]],[[[0.2395066842970372,36.662858227676494],[0.23957608833644042,36.657027688843826],[0.2446839381091154,36.66017568355471],[0.2395066842970372,36.662858227676494]]]]},"properties":{"speed":0.2888,"dir_deg":328.4,"type":"متوسط"}},{"type":"Feature","geometry":{"type":"MultiPolygon","coordinates":[[[[0.2910550518210063,36.645040898426565],[0.27918760170579665,36.65421497209986],[0.2804108115289024,36.655797298781884],[0.2922782616441121,36.64662322510859],[0.2910550518210063,36.645040898426565]]],[[[0.27584338991227964,36.65806415999864],[0.2779643918826909,36.65263264541783],[0.28163402135200816,36.65737962546391],[0.27584338991227964,36.65806415999864]]]]},"properties":{"speed":0.2458,"dir_deg":307.7,"type":"متوسط"}},{"type":"Feature","geometry":{"type":"MultiPolygon","coordinates":[[[[0.3333140625061576,36.644832247658734],[0.31831685087349143,36.645121459077984],[0.31835541239605786,36.64712108729567],[0.333352624028724,36.64683187587642],[0.3333140625061576,36.644832247658734]]],[[[0.3133370610905526,36.646217676993246],[0.31827828935092495,36.643121830860295],[0.31839397391862434,36.64912071551336],[0.3133370610905526,36.646217676993246]]]]},"properties":{"speed":0.1826,"dir_deg":271.1,"type":"متوسط"}},{"type":"Feature","geometry":{"type":"MultiPolygon","coordinates":[[[[0.37588328719337405,36.64536322945852],[0.3688508025574288,36.63211392155791],[0.3670842281706807,36.63305158617603],[0.37411671280662595,36.64630089407664],[0.37588328719337405,36.64536322945852]]],[[[0.36562335381873967,36.628166317900096],[0.37061737694417696,36.63117625693978],[0.36531765378393255,36.63398925079416],[0.36562335381873967,36.628166317900096]]]]},"properties":{"speed":0.1681,"dir_deg":208.0,"type":"متوسط"}},{"type":"Feature","geometry":{"type":"MultiPolygon","coordinates":[[[[0.41765998618846384,36.64571675091799],[0.41593032344467473,36.63081680907942],[0.41394366453286546,36.631047430778594],[0.41567332727665457,36.645947372617165],[0.41765998618846384,36.64571675091799]]],[[[0.41436043974084036,36.62596547264948],[0.41791698235648395,36.630586187380246],[0.41195700562105625,36.63127805247777],[0.41436043974084036,36.62596547264948]]]]},"properties":{"speed":0.1866,"dir_deg":186.6,"type":"متوسط"}},{"type":"Feature","geometry":{"type":"MultiPolygon","coordinates":[[[[0.4593291217880504,36.645740273217676],[0.45795229353957023,36.63080359540853],[0.455960736498351,36.630987172508334],[0.4573375647468312,36.64592385031748],[0.4593291217880504,36.645740273217676]]],[[[0.45649757226946724,36.62591649135538],[0.4599438505807895,36.63062001830873],[0.4539691794571317,36.63117074960813],[0.45649757226946724,36.62591649135538]]]]},"properties":{"speed":0.2237,"dir_deg":185.3,"type":"متوسط"}},{"type":"Feature","geometry":{"type":"MultiPolygon","coordinates":[[[[0.5009972392140508,36.645906317743496],[0.5021110788528085,36.630947729532735],[0.5001166004247068,36.6307992175809],[0.49900276078594924,36.64575780579166],[0.5009972392140508,36.645906317743496]]],[[[0.5014851195183435,36.62588727748656],[0.50410555728091,36.63109624148457],[0.4981221219966054,36.630650705629066],[0.5014851195183435,36.62588727748656]]]]},"properties":{"speed":0.2646,"dir_deg":175.7,"type":"متوسط"}},{"type":"Feature","geometry":{"type":"MultiPolygon","coordinates":[[[[0.5426458679582016,36.64603504881205],[0.5456906736253408,36.63134732746225],[0.5437323107787009,36.6309413533733],[0.5406875051115616,36.645629074723104],[0.5426458679582016,36.64603504881205]]],[[[0.5457264274244006,36.62624843330118],[0.5476490364719808,36.63175330155121],[0.5417739479320609,36.630535379284346],[0.5457264274244006,36.62624843330118]]]]},"properties":{"speed":0.217,"dir_deg":168.3,"type":"متوسط"}},{"type":"Feature","geometry":{"type":"MultiPolygon","coordinates":[[[[0.5843127091924424,36.646034012279586],[0.5873419668725314,36.631343076369724],[0.5853831754178834,36.63093917534571],[0.5823539177377944,36.64563011125557],[0.5843127091924424,36.646034012279586]]],[[[0.5873723237052371,36.6262441472211],[0.5893007583271794,36.63174697739373],[0.5834243839632354,36.6305352743217],[0.5873723237052371,36.6262441472211]]]]},"properties":{"speed":0.1693,"dir_deg":168.3,"type":"متوسط"}},{"type":"Feature","geometry":{"type":"MultiPolygon","coordinates":[[[[0.62595478591579,36.646129355990546],[0.6304141992602835,36.631807567253695],[0.6285046274287035,36.63121297880776],[0.62404521408421,36.64553476754461],[0.62595478591579,36.646129355990546]]],[[[0.6309458844593248,36.62673634345178],[0.6323237710918634,36.63240215569962],[0.6265950555971236,36.63061839036183],[0.6309458844593248,36.62673634345178]]]]},"properties":{"speed":0.1147,"dir_deg":162.7,"type":"ضعيف"}},{"type":"Feature","geometry":{"type":"MultiPolygon","coordinates":[[[[0.6672026606729424,36.64667629616828],[0.6798661766834841,36.63863668409737],[0.6787942284073625,36.636948215295966],[0.6661307123968208,36.644987827366876],[0.6672026606729424,36.64667629616828]]],[[[0.6835513745489373,36.63511257900636],[0.6809381249596057,36.640325152898775],[0.6777222801312409,36.63525974649456],[0.6835513745489373,36.63511257900636]]]]},"properties":{"speed":0.0316,"dir_deg":122.4,"type":"ضعيف"}},{"type":"Feature","geometry":{"type":"MultiPolygon","coordinates":[[[[0.7073841304485702,36.646146786410874],[0.7121050000979767,36.6603845316591],[0.7140033661310732,36.659755082372506],[0.7092824964816666,36.64551733712428],[0.7073841304485702,36.646146786410874]]],[[[0.7146278063309939,36.664815722098545],[0.7102066340648803,36.66101398094568],[0.7159017321641696,36.65912563308592],[0.7146278063309939,36.664815722098545]]]]},"properties":{"speed":0.0582,"dir_deg":18.3,"type":"ضعيف"}},{"type":"Feature","geometry":{"type":"MultiPolygon","coordinates":[[[[0.7490330618491303,36.64608707277203],[0.7528582269159433,36.66059114503508],[0.7547921032176826,36.66008112302617],[0.7509669381508697,36.64557705076312],[0.7490330618491303,36.64608707277203]]],[[[0.755100220089084,36.66517082478497],[0.7509243506142039,36.66110116704399],[0.756725979519422,36.65957110101726],[0.755100220089084,36.66517082478497]]]]},"properties":{"speed":0.0855,"dir_deg":14.8,"type":"ضعيف"}},{"type":"Feature","geometry":{"type":"MultiPolygon","coordinates":[[[[0.7907701723625667,36.64627507682245],[0.7974153981855703,36.65972278940717],[0.7992084265302,36.65883675929743],[0.7925632007071964,36.64538904671271],[0.7907701723625667,36.64627507682245]]],[[[0.8005269876322196,36.663762345213875],[0.7956223698409407,36.6606088195169],[0.8010014548748295,36.6579507291877],[0.8005269876322196,36.663762345213875]]]]},"properties":{"speed":0.0885,"dir_deg":26.3,"type":"ضعيف"}},{"type":"Feature","geometry":{"type":"MultiPolygon","coordinates":[[[[0.8325858383544443,36.64649635158304],[0.8425501855863328,36.65770847824315],[0.8440451358076809,36.65637989861223],[0.8340807885757925,36.64516777195212],[0.8325858383544443,36.64649635158304]]],[[[0.846619109774303,36.66078156398106],[0.8410552353649847,36.659037057874066],[0.845540086029029,36.655051318981315],[0.846619109774303,36.66078156398106]]]]},"properties":{"speed":0.1029,"dir_deg":41.6,"type":"ضعيف"}},{"type":"Feature","geometry":{"type":"MultiPolygon","coordinates":[[[[0.8745093206186448,36.64670340196791],[0.8875794236236105,36.65406359268824],[0.8885607823863209,36.65232091228757],[0.8754906793813552,36.644960721567244],[0.8745093206186448,36.64670340196791]]],[[[0.892426804006621,36.65564564939468],[0.8865980648609003,36.6558062730889],[0.8895421411490311,36.65057823188691],[0.892426804006621,36.65564564939468]]]]},"properties":{"speed":0.1253,"dir_deg":60.6,"type":"ضعيف"}},{"type":"Feature","geometry":{"type":"MultiPolygon","coordinates":[[[[0.9164020786329123,36.646796417852336],[0.9308674199043264,36.650765536381876],[0.9313966357082649,36.64883682421236],[0.9169312944368508,36.64486770568282],[0.9164020786329123,36.646796417852336]]],[[[0.9359538082301004,36.65112421980696],[0.930338204100388,36.6526942485514],[0.9319258515122033,36.64690811204284],[0.9359538082301004,36.65112421980696]]]]},"properties":{"speed":0.1608,"dir_deg":74.7,"type":"ضعيف"}},{"type":"Feature","geometry":{"type":"MultiPolygon","coordinates":[[[[0.9581512861450334,36.64681535524093],[0.9729006882453594,36.649545765042205],[0.9732647428855293,36.6475791780955],[0.9585153407852034,36.644848768294224],[0.9581512861450334,36.64681535524093]]],[[[0.9779991829322197,36.649472608169276],[0.9725366336051893,36.65151235198892],[0.9736287975256994,36.64561259114878],[0.9779991829322197,36.649472608169276]]]]},"properties":{"speed":0.2061,"dir_deg":79.5,"type":"متوسط"}},{"type":"Feature","geometry":{"type":"MultiPolygon","coordinates":[[[[0.9998086473584454,36.64681358312067],[1.0145314676547839,36.649683872743985],[1.0149141729378928,36.647720830037805],[1.0001913526415545,36.64485054041449],[0.9998086473584454,36.64681358312067]]],[[[1.0196304270617844,36.64965911459867],[1.0141487623716747,36.651646915450165],[1.015296878221002,36.645757787331625],[1.0196304270617844,36.64965911459867]]]]},"properties":{"speed":0.2506,"dir_deg":79.0,"type":"متوسط"}},{"type":"Feature","geometry":{"type":"MultiPolygon","coordinates":[[[[-0.4159464630491452,36.6881937730597],[-0.40553986715359064,36.67739086780849],[-0.4069802545204187,36.67600332168909],[-0.41738685041597323,36.6868062269403],[-0.4159464630491452,36.6881937730597]]],[[[-0.40279119553848647,36.67309612633172],[-0.4040994797867626,36.6787784139279],[-0.40842064188724675,36.67461577556968],[-0.40279119553848647,36.67309612633172]]]]},"properties":{"speed":0.0804,"dir_deg":136.1,"type":"ضعيف"}},{"type":"Feature","geometry":{"type":"MultiPolygon","coordinates":[[[[-0.3752863968315328,36.68845811108692],[-0.3609147305276628,36.69275406355992],[-0.3603419368645972,36.69083784138607],[-0.3747136031684672,36.68654188891308],[-0.3752863968315328,36.68845811108692]]],[[[-0.3558377782615067,36.693227936630656],[-0.3614875241907285,36.69467028573377],[-0.3597691432015315,36.688921619212216],[-0.3558377782615067,36.693227936630656]]]]},"properties":{"speed":0.0576,"dir_deg":73.4,"type":"ضعيف"}},{"type":"Feature","geometry":{"type":"MultiPolygon","coordinates":[[[[-0.33416020774650657,36.68806240122089],[-0.3257241894331467,36.700465368406874],[-0.32407046047501514,36.699340565965095],[-0.332506478788375,36.68693759877911],[-0.33416020774650657,36.68806240122089]]],[[[-0.3220853188496276,36.704037289581315],[-0.3273779183912782,36.701590170848654],[-0.3224167315168836,36.698215763523315],[-0.3220853188496276,36.704037289581315]]]]},"properties":{"speed":0.0851,"dir_deg":34.2,"type":"ضعيف"}},{"type":"Feature","geometry":{"type":"MultiPolygon","coordinates":[[[[-0.29255910446655775,36.687951150797495],[-0.2857918425041241,36.70133786680747],[-0.284006947036127,36.70043556521248],[-0.29077420899856066,36.687048849202505],[-0.29255910446655775,36.687951150797495]]],[[[-0.2826436407826477,36.70534895467997],[-0.28757673797212113,36.70224016840246],[-0.28222205156812996,36.69953326361749],[-0.2826436407826477,36.70534895467997]]]]},"properties":{"speed":0.0986,"dir_deg":26.8,"type":"ضعيف"}},{"type":"Feature","geometry":{"type":"MultiPolygon","coordinates":[[[[-0.2508654243386109,36.6880010396333],[-0.243349829839074,36.70098240471246],[-0.24161898116185215,36.699980325445864],[-0.24913457566138908,36.6869989603667],[-0.2508654243386109,36.6880010396333]]],[[[-0.23997920733395078,36.704808486772215],[-0.2450806785162958,36.70198448397907],[-0.23988813248463034,36.69897824617926],[-0.23997920733395078,36.704808486772215]]]]},"properties":{"speed":0.0935,"dir_deg":30.1,"type":"ضعيف"}},{"type":"Feature","geometry":{"type":"MultiPolygon","coordinates":[[[[-0.209169081450583,36.68804910543803],[-0.20093249988008868,36.70058540170258],[-0.1992609937114819,36.69948719082652],[-0.2074975752819762,36.68695089456197],[-0.209169081450583,36.68804910543803]]],[[[-0.1973512196056205,36.70421506168607],[-0.20260400604869547,36.70168361257865],[-0.19758948754287511,36.69838897995045],[-0.1973512196056205,36.70421506168607]]]]},"properties":{"speed":0.0883,"dir_deg":33.3,"type":"ضعيف"}},{"type":"Feature","geometry":{"type":"MultiPolygon","coordinates":[[[[-0.16751094281342876,36.68803591620158],[-0.1594721997897583,36.7006999838972],[-0.15778365743034156,36.699628151494046],[-0.16582240045401203,36.68696408379842],[-0.16751094281342876,36.68803591620158]]],[[[-0.15594834760215978,36.70438542359417],[-0.16116074214917506,36.70177181630036],[-0.1560951150709248,36.69855631909089],[-0.15594834760215978,36.70438542359417]]]]},"properties":{"speed":0.0961,"dir_deg":32.4,"type":"ضعيف"}},{"type":"Feature","geometry":{"type":"MultiPolygon","coordinates":[[[[-0.12591940670846544,36.68789330815454],[-0.12001978439034458,36.701684408781524],[-0.11818097097341371,36.70089779247244],[-0.12408059329153456,36.68710669184546],[-0.12591940670846544,36.68789330815454]]],[[[-0.11713383690917219,36.70588813416931],[-0.12185859780727545,36.7024710250906],[-0.11634215755648283,36.70011117616336],[-0.11713383690917219,36.70588813416931]]]]},"properties":{"speed":0.1204,"dir_deg":23.2,"type":"ضعيف"}},{"type":"Feature","geometry":{"type":"MultiPolygon","coordinates":[[[[-0.08433327637503342,36.68751090321605],[-0.08416972813429492,36.70251001158865],[-0.08216984701794848,36.70248820515655],[-0.08233339525868698,36.68748909678395],[-0.08433327637503342,36.68751090321605]]],[[[-0.08311527149587554,36.70749881116346],[-0.08616960925064138,36.702531818020745],[-0.08016996590160202,36.702466398724454],[-0.08311527149587554,36.70749881116346]]]]},"properties":{"speed":0.1701,"dir_deg":0.6,"type":"متوسط"}},{"type":"Feature","geometry":{"type":"MultiPolygon","coordinates":[[[[-0.0426113739685492,36.68717208162605],[-0.0475301495778047,36.701342672527836],[-0.0456407374575665,36.70199850927573],[-0.040721961848311,36.68782791837395],[-0.0426113739685492,36.68717208162605]]],[[[-0.048225035387437436,36.70639412120238],[-0.049419561698042895,36.70068683577993],[-0.043751325337328305,36.702654346023635],[-0.048225035387437436,36.70639412120238]]]]},"properties":{"speed":0.2897,"dir_deg":340.9,"type":"متوسط"}},{"type":"Feature","geometry":{"type":"MultiPolygon","coordinates":[[[[-0.0009019003580634354,36.68706805585532],[-0.007381062528293134,36.70059656122627],[-0.005577261812166263,36.70146044951563],[0.0009019003580634354,36.68793194414468],[-0.0009019003580634354,36.68706805585532]]],[[[-0.008638882893639599,36.705538007161266],[-0.009184863244420005,36.699732672936904],[-0.0037734610960393922,36.702324337804995],[-0.008638882893639599,36.705538007161266]]]]},"properties":{"speed":0.4664,"dir_deg":334.4,"type":"قوي"}},{"type":"Feature","geometry":{"type":"MultiPolygon","coordinates":[[[[0.04074783611182567,36.68710535062454],[0.03482809547996927,36.70088782757361],[0.03666575907317813,36.701677126324526],[0.04258549970503453,36.68789464937546],[0.04074783611182567,36.68710535062454]]],[[[0.033773680399288235,36.705876635932086],[0.03299043188676041,36.7000985288227],[0.03850342266638699,36.702466425075436],[0.033773680399288235,36.705876635932086]]]]},"properties":{"speed":0.5652,"dir_deg":336.8,"type":"قوي"}},{"type":"Feature","geometry":{"type":"MultiPolygon","coordinates":[[[[0.08238854273856933,36.68717233242575],[0.07747352912484755,36.701344228600114],[0.0793631152814293,36.70199956374861],[0.08427812889515107,36.68782766757425],[0.08238854273856933,36.68717233242575]]],[[[0.07677998433189782,36.70639586156582],[0.07558394296826579,36.70068889345162],[0.08125270143801105,36.7026548988971],[0.07677998433189782,36.70639586156582]]]]},"properties":{"speed":0.5347,"dir_deg":340.9,"type":"قوي"}},{"type":"Feature","geometry":{"type":"MultiPolygon","coordinates":[[[[0.12409136470021548,36.68708240942062],[0.1178275060095414,36.70071193891739],[0.11964477660911044,36.70154712007615],[0.12590863529978452,36.68791759057938],[0.12409136470021548,36.68708240942062]]],[[[0.11664818841243456,36.70567270599569],[0.11601023540997234,36.69987675775863],[0.1214620472086795,36.702382301234906],[0.11664818841243456,36.70567270599569]]]]},"properties":{"speed":0.4706,"dir_deg":335.3,"type":"قوي"}},{"type":"Feature","geometry":{"type":"MultiPolygon","coordinates":[[[[0.16580703592575455,36.686989092523454],[0.15814342377757232,36.69988362814294],[0.15986269519350402,36.70090544309603],[0.16752630734168625,36.688010907476546],[0.16580703592575455,36.686989092523454]]],[[[0.15644852210281074,36.704692714159314],[0.15642415236164064,36.69886181318985],[0.1615819666094357,36.701927258049125],[0.15644852210281074,36.704692714159314]]]]},"properties":{"speed":0.441,"dir_deg":329.3,"type":"قوي"}},{"type":"Feature","geometry":{"type":"MultiPolygon","coordinates":[[[[0.2074543226734883,36.68702318872492],[0.20030215354733455,36.70020827411679],[0.20206016493291717,36.701161896666946],[0.20921233405907091,36.68797681127508],[0.2074543226734883,36.68702318872492]]],[[[0.1987971028647413,36.70508011385583],[0.19854414216175195,36.69925465156664],[0.20381817631849977,36.702115519217095],[0.1987971028647413,36.70508011385583]]]]},"properties":{"speed":0.3541,"dir_deg":331.5,"type":"قوي"}},{"type":"Feature","geometry":{"type":"MultiPolygon","coordinates":[[[[0.2492242972567942,36.68686890154953],[0.2397578204997755,36.69850444269762],[0.2413092259861871,36.69976663959856],[0.2507757027432058,36.68813109845047],[0.2492242972567942,36.68686890154953]]],[[[0.23737803099064173,36.70301405486411],[0.2382064150133639,36.69724224579669],[0.2428606314725987,36.70102883649949],[0.23737803099064173,36.70301405486411]]]]},"properties":{"speed":0.2802,"dir_deg":320.9,"type":"متوسط"}},{"type":"Feature","geometry":{"type":"MultiPolygon","coordinates":[[[[0.2912346064036492,36.68659815050408],[0.2777068639648692,36.69307890543773],[0.27857096462268927,36.694882604429566],[0.29209870706146923,36.68840184949592],[0.2912346064036492,36.68659815050408]]],[[[0.27362966681418593,36.6961410065782],[0.2768427633070492,36.691275206445894],[0.27943506528050926,36.6966863034214],[0.27362966681418593,36.6961410065782]]]]},"properties":{"speed":0.2469,"dir_deg":295.6,"type":"متوسط"}},{"type":"Feature","geometry":{"type":"MultiPolygon","coordinates":[[[[0.33360594779497177,36.686537873827625],[0.31917405520934183,36.68244880591466],[0.3186288461542799,36.68437305825941],[0.3330607387399098,36.688462126172375],[0.33360594779497177,36.686537873827625]]],[[[0.3140908198199342,36.68204790944938],[0.31971926426440384,36.68052455356991],[0.3180836370992179,36.68629731060416],[0.3140908198199342,36.68204790944938]]]]},"properties":{"speed":0.1813,"dir_deg":254.2,"type":"متوسط"}},{"type":"Feature","geometry":{"type":"MultiPolygon","coordinates":[[[[0.37590818082042143,36.687081421933904],[0.3696295098289452,36.67345870962758],[0.36781314818810235,36.674295865759774],[0.37409181917957857,36.687918578066096],[0.37590818082042143,36.687081421933904]]],[[[0.3666284386780317,36.66933638359157],[0.371445871469788,36.67262155349538],[0.36599678654725953,36.67513302189197],[0.3666284386780317,36.66933638359157]]]]},"properties":{"speed":0.2122,"dir_deg":204.7,"type":"متوسط"}},{"type":"Feature","geometry":{"type":"MultiPolygon","coordinates":[[[[0.41761074348818,36.6871703028695],[0.412665286530646,36.673009001535185],[0.4107771130194044,36.67366839579619],[0.4157225699769384,36.6878296971305],[0.41761074348818,36.6871703028695]]],[[[0.4100727141225139,36.668618264887584],[0.41455346004188753,36.67234960727418],[0.40888893950816285,36.6743277900572],[0.4100727141225139,36.668618264887584]]]]},"properties":{"speed":0.2217,"dir_deg":199.3,"type":"متوسط"}},{"type":"Feature","geometry":{"type":"MultiPolygon","coordinates":[[[[0.4592975036497316,36.68723467989669],[0.45531770210006894,36.67277227416233],[0.45338938133548734,36.673302914368946],[0.45736918288515,36.68776532010331],[0.4592975036497316,36.68723467989669]]],[[[0.45302694120122394,36.66821679235419],[0.4572460228646505,36.67224163395571],[0.4514610605709058,36.673833554575566],[0.45302694120122394,36.66821679235419]]]]},"properties":{"speed":0.2762,"dir_deg":195.4,"type":"متوسط"}},{"type":"Feature","geometry":{"type":"MultiPolygon","coordinates":[[[[0.5009983420389821,36.68744243982973],[0.5001349394849893,36.672467309245],[0.49813825540702517,36.67258242958554],[0.4990016579610179,36.68755756017027],[0.5009983420389821,36.68744243982973]]],[[[0.49884879659467635,36.667533159220355],[0.5021316235629535,36.67235218890447],[0.49614157132906095,36.67269754992607],[0.49884879659467635,36.667533159220355]]]]},"properties":{"speed":0.2847,"dir_deg":183.3,"type":"متوسط"}},{"type":"Feature","geometry":{"type":"MultiPolygon","coordinates":[[[[0.5426663322934762,36.68747338501693],[0.5422671075473869,36.67247869863801],[0.5402678160301978,36.67253192860415],[0.540667040776287,36.68752661498307],[0.5426663322934762,36.68747338501693]]],[[[0.5411343868734292,36.66750708482811],[0.544266399064576,36.67242546867186],[0.5382685245130088,36.6725851585703],[0.5411343868734292,36.66750708482811]]]]},"properties":{"speed":0.213,"dir_deg":181.5,"type":"متوسط"}},{"type":"Feature","geometry":{"type":"MultiPolygon","coordinates":[[[[0.5843256789278662,36.68737666797519],[0.582475698555623,36.672491186033966],[0.5804909676301273,36.67273785008359],[0.5823409480023706,36.68762333202481],[0.5843256789278662,36.68737666797519]]],[[[0.5808666729687941,36.667652690745044],[0.5844604294811186,36.67224452198433],[0.5785062367046316,36.672984514133226],[0.5808666729687941,36.667652690745044]]]]},"properties":{"speed":0.1804,"dir_deg":187.1,"type":"متوسط"}},{"type":"Feature","geometry":{"type":"MultiPolygon","coordinates":[[[[0.6259754861804565,36.68727993929988],[0.6226745756786183,36.67264764659303],[0.6207236033177053,36.67308776799327],[0.6240245138195435,36.68772006070012],[0.6259754861804565,36.68727993929988]]],[[[0.620598785997549,36.66799027639087],[0.6246255480395312,36.67220752519278],[0.6187726309567924,36.67352788939352],[0.620598785997549,36.66799027639087]]]]},"properties":{"speed":0.1173,"dir_deg":192.7,"type":"ضعيف"}},{"type":"Feature","geometry":{"type":"MultiPolygon","coordinates":[[[[0.667054338553607,36.68657819421114],[0.6532272517206876,36.68076341393026],[0.6524519476832369,36.682607025507984],[0.6662790345161562,36.68842180578886],[0.667054338553607,36.68657819421114]]],[[[0.6482305707576558,36.6797469596255],[0.6540025557581383,36.67891980235254],[0.6516766436457863,36.6844506370857],[0.6482305707576558,36.6797469596255]]]]},"properties":{"speed":0.0443,"dir_deg":247.2,"type":"ضعيف"}},{"type":"Feature","geometry":{"type":"MultiPolygon","coordinates":[[[[0.707668582244523,36.68675291740459],[0.6964623433133613,36.696723885713524],[0.6977918057545521,36.698218050904345],[0.7089980446857138,36.68824708259541],[0.707668582244523,36.68675291740459]]],[[[0.6933916615569029,36.700794624411905],[0.6951328808721704,36.695229720522704],[0.699121268195743,36.699712216095165],[0.6933916615569029,36.700794624411905]]]]},"properties":{"speed":0.0621,"dir_deg":311.7,"type":"ضعيف"}},{"type":"Feature","geometry":{"type":"MultiPolygon","coordinates":[[[[0.7490857716889072,36.68709480054887],[0.7430077799219517,36.70080822521526],[0.7448362365441372,36.70161862411752],[0.7509142283110928,36.68790519945113],[0.7490857716889072,36.68709480054887]]],[[[0.7418960109773927,36.70578456622186],[0.741179323299766,36.699997826313],[0.7466646931663229,36.70242902301978],[0.7418960109773927,36.70578456622186]]]]},"properties":{"speed":0.0674,"dir_deg":336.1,"type":"ضعيف"}},{"type":"Feature","geometry":{"type":"MultiPolygon","coordinates":[[[[0.7906795426421134,36.68765983408576],[0.7930770539284937,36.702466992477284],[0.7950513417140301,36.70214732430577],[0.7926538304276498,36.68734016591424],[0.7906795426421134,36.68765983408576]]],[[[0.7948633682500554,36.707242877855364],[0.7911027661429572,36.702786660648805],[0.7970256294995667,36.70182765613425],[0.7948633682500554,36.707242877855364]]]]},"properties":{"speed":0.0715,"dir_deg":9.2,"type":"ضعيف"}},{"type":"Feature","geometry":{"type":"MultiPolygon","coordinates":[[[[0.8325100903837619,36.68806771802713],[0.8410258607906252,36.70041606424748],[0.8426723069533383,36.69928062819322],[0.8341565365464749,36.68693228197287],[0.8325100903837619,36.68806771802713]]],[[[0.8446876740076029,36.70396446162713],[0.8393794146279121,36.701551500301726],[0.8443187531160514,36.69814519213897],[0.8446876740076029,36.70396446162713]]]]},"properties":{"speed":0.094,"dir_deg":34.6,"type":"ضعيف"}},{"type":"Feature","geometry":{"type":"MultiPolygon","coordinates":[[[[0.8744098623011118,36.688307302605196],[0.8865194013790031,36.69715936808852],[0.8876996767767794,36.69554476287813],[0.8755901376988882,36.686692697394804],[0.8744098623011118,36.688307302605196]]],[[[0.8911460521038549,36.69930275397776],[0.8853391259812268,36.698773973298906],[0.8888799521745557,36.693930157667744],[0.8911460521038549,36.69930275397776]]]]},"properties":{"speed":0.1062,"dir_deg":53.8,"type":"ضعيف"}},{"type":"Feature","geometry":{"type":"MultiPolygon","coordinates":[[[[0.9163740394494074,36.68845622052026],[0.9307173472532853,36.69284592680237],[0.9313026414242336,36.69093348576185],[0.9169593336203558,36.68654377947974],[0.9163740394494074,36.68845622052026]]],[[[0.935791096940052,36.693352941709485],[0.9301320530823369,36.69475836784289],[0.9318879355951819,36.689021044721336],[0.935791096940052,36.693352941709485]]]]},"properties":{"speed":0.1065,"dir_deg":73.0,"type":"ضعيف"}},{"type":"Feature","geometry":{"type":"MultiPolygon","coordinates":[[[[0.9583346128625384,36.68849999915578],[0.9733346001992806,36.68848050819448],[0.9733320014044406,36.68648050988292],[0.9583320140676984,36.68650000084422],[0.9583346128625384,36.68849999915578]]],[[[0.9783332965807747,36.6874740120516],[0.9733371989941207,36.69048050650605],[0.9733294026096005,36.68448051157135],[0.9783332965807747,36.6874740120516]]]]},"properties":{"speed":0.1048,"dir_deg":90.1,"type":"ضعيف"}},{"type":"Feature","geometry":{"type":"MultiPolygon","coordinates":[[[[1.0000782764078366,36.688496931694736],[1.0150322518289294,36.68732278557719],[1.0148756990132561,36.685328922187715],[0.9999217235921635,36.686503068305264],[1.0000782764078366,36.688496931694736]]],[[[1.0199386338947902,36.68593447184327],[1.0151888046446025,36.68931664896667],[1.014719146197583,36.683335058798235],[1.0199386338947902,36.68593447184327]]]]},"properties":{"speed":0.1054,"dir_deg":94.5,"type":"ضعيف"}}]}