{"type":"FeatureCollection","date":"2026-09-01","features":[{"type":"Feature","geometry":{"type":"MultiPolygon","coordinates":[[[[-0.2509036111309963,35.85373958449549],[-0.25732891718490547,35.86729375146044],[-0.2555216949229129,35.868150458934295],[-0.24909638886900368,35.85459629196935],[-0.2509036111309963,35.85373958449549]]],[[[-0.25856707473854557,35.87224016085235],[-0.2591361394468981,35.866437043986586],[-0.25371447266092023,35.869007166408146],[-0.25856707473854557,35.87224016085235]]]]},"properties":{"speed":0.0184,"dir_deg":334.6,"type":"ضعيف"}},{"type":"Feature","geometry":{"type":"MultiPolygon","coordinates":[[[[-0.2074206797203911,35.85375919326406],[-0.21355185424575956,35.84006946357573],[-0.21537715153753656,35.84088695351245],[-0.2092459770121681,35.85457668320078],[-0.2074206797203911,35.85375919326406]]],[[[-0.21650822773343753,35.83591496531465],[-0.21172655695398257,35.839251973639016],[-0.21720244882931355,35.84170444344917],[-0.21650822773343753,35.83591496531465]]]]},"properties":{"speed":0.0029,"dir_deg":204.1,"type":"ضعيف"}},{"type":"Feature","geometry":{"type":"MultiPolygon","coordinates":[[[[-0.16611756611997164,35.85500369126698],[-0.1535812706016214,35.84676710856075],[-0.15467948162911893,35.84509560249163],[-0.16721577714746916,35.853332185197864],[-0.16611756611997164,35.85500369126698]]],[[[-0.14995161094258677,35.84318582795745],[-0.15248305957412386,35.84843861462986],[-0.15577769265661648,35.84342409642252],[-0.14995161094258677,35.84318582795745]]]]},"properties":{"speed":0.0095,"dir_deg":123.3,"type":"ضعيف"}},{"type":"Feature","geometry":{"type":"MultiPolygon","coordinates":[[[[-0.12583414165605272,35.854719488499974],[-0.11756088764275974,35.86723161334076],[-0.11589260433065432,35.86612851280566],[-0.12416585834394729,35.85361638796487],[-0.12583414165605272,35.854719488499974]]],[[[-0.1139689946489427,35.870850771353474],[-0.11922917095486517,35.86833471387587],[-0.11422432101854889,35.865025412270555],[-0.1139689946489427,35.870850771353474]]]]},"properties":{"speed":0.0141,"dir_deg":33.5,"type":"ضعيف"}},{"type":"Feature","geometry":{"type":"MultiPolygon","coordinates":[[[[-0.08424925897127114,35.854569291910884],[-0.07822895379436104,35.86830813922705],[-0.07639710748553916,35.86750543187012],[-0.08241741266244926,35.85376658455396],[-0.08424925897127114,35.854569291910884]]],[[[-0.07530626224764674,35.87248640132064],[-0.08006080010318292,35.869110846583965],[-0.07456526117671727,35.8667027245132],[-0.07530626224764674,35.87248640132064]]]]},"properties":{"speed":0.0194,"dir_deg":23.7,"type":"ضعيف"}},{"type":"Feature","geometry":{"type":"MultiPolygon","coordinates":[[[[-0.04255693088640567,35.85462338507899],[-0.03572522818792961,35.86797732974862],[-0.033944702231978464,35.86706643605549],[-0.04077640493045453,35.853712491385856],[-0.04255693088640567,35.85462338507899]]],[[[-0.032557730977128684,35.87197319779193],[-0.03750575414388075,35.86888822344175],[-0.03216417627602732,35.86615554236236],[-0.032557730977128684,35.87197319779193]]]]},"properties":{"speed":0.023,"dir_deg":27.1,"type":"ضعيف"}},{"type":"Feature","geometry":{"type":"MultiPolygon","coordinates":[[[[-0.2926503808606881,35.89565237637658],[-0.29534566172561105,35.910408238298515],[-0.2933782134693532,35.91076760908051],[-0.2906829326044303,35.896011747158575],[-0.2926503808606881,35.89565237637658]]],[[[-0.29526036455245647,35.91550654433016],[-0.29731310998186894,35.91004886751653],[-0.29141076521309534,35.911126979862495],[-0.29526036455245647,35.91550654433016]]]]},"properties":{"speed":0.0602,"dir_deg":349.6,"type":"ضعيف"}},{"type":"Feature","geometry":{"type":"MultiPolygon","coordinates":[[[[-0.2508756632111682,35.895349139475066],[-0.2581194975988723,35.90848408764259],[-0.2563681711765359,35.909449932227616],[-0.2491243367888318,35.89631498406009],[-0.2508756632111682,35.895349139475066]]],[[[-0.2596584458502721,35.91334532599094],[-0.2598708240212087,35.90751824305757],[-0.2546168447541995,35.91041577681264],[-0.2596584458502721,35.91334532599094]]]]},"properties":{"speed":0.0496,"dir_deg":331.1,"type":"ضعيف"}},{"type":"Feature","geometry":{"type":"MultiPolygon","coordinates":[[[[-0.20877907013691024,35.894936900176624],[-0.22220649400118467,35.90162302673608],[-0.22131501045992338,35.90341334991799],[-0.20788758659564896,35.89672722335853],[-0.20877907013691024,35.894936900176624]]],[[[-0.22623656018531216,35.90474689718019],[-0.22309797754244598,35.89983270355418],[-0.22042352691866207,35.90520367309989],[-0.22623656018531216,35.90474689718019]]]]},"properties":{"speed":0.0289,"dir_deg":296.5,"type":"ضعيف"}},{"type":"Feature","geometry":{"type":"MultiPolygon","coordinates":[[[[-0.16588611983359144,35.89520697066437],[-0.17526248638177913,35.88349869366243],[-0.17682358998203704,35.88474887586885],[-0.16744722343384935,35.89645715287079],[-0.16588611983359144,35.89520697066437]]],[[[-0.17916849369797064,35.880221025764996],[-0.1737013827815212,35.882248511456005],[-0.17838469358229497,35.88599905807528],[-0.17916849369797064,35.880221025764996]]]]},"properties":{"speed":0.0142,"dir_deg":218.7,"type":"ضعيف"}},{"type":"Feature","geometry":{"type":"MultiPolygon","coordinates":[[[[-0.12409151642499575,35.89541414120821],[-0.13036032481560586,35.88178688758314],[-0.13217729196561437,35.88262272870188],[-0.12590848357500425,35.89624998232695],[-0.12409151642499575,35.89541414120821]]],[[[-0.13335841118748012,35.877662390267496],[-0.12854335766559735,35.88095104646439],[-0.13399425911562288,35.88345856982063],[-0.13335841118748012,35.877662390267496]]]]},"properties":{"speed":0.009,"dir_deg":204.7,"type":"ضعيف"}},{"type":"Feature","geometry":{"type":"MultiPolygon","coordinates":[[[[-0.08392404857851198,35.896638943687826],[-0.07182081977480463,35.905499635112605],[-0.07063939425150108,35.90388587127211],[-0.08274262305520842,35.89502517984733],[-0.08392404857851198,35.896638943687826]]],[[[-0.06719569741191708,35.90764631700061],[-0.07300224529810817,35.9071133989531],[-0.06945796872819754,35.902272107431614],[-0.06719569741191708,35.90764631700061]]]]},"properties":{"speed":0.0117,"dir_deg":53.8,"type":"ضعيف"}},{"type":"Feature","geometry":{"type":"MultiPolygon","coordinates":[[[[-0.042235640907086626,35.89665441797191],[-0.029900297842138827,35.90518901295176],[-0.02876235184482578,35.903544300543096],[-0.04109769490977357,35.89500970556325],[-0.042235640907086626,35.89665441797191]]],[[[-0.02521954382183304,35.907211521740706],[-0.031038243839451876,35.906833725360414],[-0.02762440584751273,35.90189958813444],[-0.02521954382183304,35.907211521740706]]]]},"properties":{"speed":0.0446,"dir_deg":55.3,"type":"ضعيف"}},{"type":"Feature","geometry":{"type":"MultiPolygon","coordinates":[[[[-0.00014916041059670387,35.89682087477918],[0.014683034763412104,35.89905828093813],[0.01498135558460551,35.89708065491492],[0.00014916041059670387,35.894843248755976],[-0.00014916041059670387,35.89682087477918]]],[[[0.019776260232011744,35.898815269979515],[0.014384713942218696,35.901035906961326],[0.015279676405798918,35.895103028891725],[0.019776260232011744,35.898815269979515]]]]},"properties":{"speed":0.0507,"dir_deg":81.4,"type":"ضعيف"}},{"type":"Feature","geometry":{"type":"MultiPolygon","coordinates":[[[[-0.4168415623757087,35.938484585199966],[-0.40207278437620064,35.94110816984721],[-0.4017229730899017,35.93913899944728],[-0.4164917510894097,35.936515414800034],[-0.4168415623757087,35.938484585199966]]],[[[-0.39697495273321515,35.94099811286299],[-0.40242259566249966,35.94307734024715],[-0.40137316180360266,35.93716982904734],[-0.39697495273321515,35.94099811286299]]]]},"properties":{"speed":0.3377,"dir_deg":79.9,"type":"متوسط"}},{"type":"Feature","geometry":{"type":"MultiPolygon","coordinates":[[[[-0.375233920729321,35.93847225567234],[-0.36065008564424705,35.94198106661215],[-0.36018224418560507,35.940036555267476],[-0.374766079270679,35.93652774432766],[-0.375233920729321,35.93847225567234]]],[[[-0.35555488655323475,35.94217841458642],[-0.3611179271028891,35.943925577956826],[-0.35971440272696303,35.9380920439228],[-0.35555488655323475,35.94217841458642]]]]},"properties":{"speed":0.2423,"dir_deg":76.5,"type":"متوسط"}},{"type":"Feature","geometry":{"type":"MultiPolygon","coordinates":[[[[-0.33371054331514366,35.93842613180704],[-0.3198185662095293,35.94408413252258],[-0.3190641661141236,35.9422318689085],[-0.33295614321973793,35.93657386819296],[-0.33371054331514366,35.93842613180704]]],[[[-0.3148107071266216,35.945044000954056],[-0.32057296630493504,35.945936396136666],[-0.31830976601871785,35.94037960529442],[-0.3148107071266216,35.945044000954056]]]]},"properties":{"speed":0.1799,"dir_deg":67.8,"type":"ضعيف"}},{"type":"Feature","geometry":{"type":"MultiPolygon","coordinates":[[[[-0.29226056069117157,35.93830453594571],[-0.2801925215054744,35.9472130953249],[-0.2790047135882497,35.945604023433475],[-0.29107275277394684,35.93669546405429],[-0.29226056069117157,35.93830453594571]]],[[[-0.2755759378182963,35.94937807917225],[-0.2813803294226992,35.94882216721633],[-0.2778169056710249,35.943994951542045],[-0.2755759378182963,35.94937807917225]]]]},"properties":{"speed":0.113,"dir_deg":53.6,"type":"ضعيف"}},{"type":"Feature","geometry":{"type":"MultiPolygon","coordinates":[[[[-0.2509903414939301,35.93763864964984],[-0.24891059674635843,35.952493772058794],[-0.24692991375849818,35.95221647275911],[-0.24900965850606988,35.93736135035016],[-0.2509903414939301,35.93763864964984]]],[[[-0.24722700700323774,35.957306829878604],[-0.2508912797342187,35.95277107135847],[-0.2449492307706379,35.95193917345944],[-0.24722700700323774,35.957306829878604]]]]},"properties":{"speed":0.0674,"dir_deg":8.0,"type":"ضعيف"}},{"type":"Feature","geometry":{"type":"MultiPolygon","coordinates":[[[[-0.20909091141850156,35.93684726121688],[-0.21888199316526796,35.94821100700021],[-0.21736682706082405,35.949516484566445],[-0.20757574531405765,35.93815273878312],[-0.20909091141850156,35.93684726121688]]],[[[-0.2213881040286348,35.95265166104444],[-0.2203971592697119,35.94690552943398],[-0.21585166095638011,35.95082196213268],[-0.2213881040286348,35.95265166104444]]]]},"properties":{"speed":0.0528,"dir_deg":319.3,"type":"ضعيف"}},{"type":"Feature","geometry":{"type":"MultiPolygon","coordinates":[[[[-0.16662078046747428,35.93650105355456],[-0.1816049771490995,35.93581268606086],[-0.18169675948159175,35.93781057895175],[-0.16671256279996652,35.93849894644544],[-0.16662078046747428,35.93650105355456]]],[[[-0.18664560054255405,35.93658217667508],[-0.1815131948166073,35.93381479316998],[-0.18178854181408396,35.93980847184263],[-0.18664560054255405,35.93658217667508]]]]},"properties":{"speed":0.037,"dir_deg":267.4,"type":"ضعيف"}},{"type":"Feature","geometry":{"type":"MultiPolygon","coordinates":[[[[-0.12444653710190905,35.936667126167755],[-0.1369396445855686,35.92836518269639],[-0.13804657038175053,35.93003093036088],[-0.12555346289809097,35.938332873832245],[-0.12444653710190905,35.936667126167755]]],[[[-0.14165747664487943,35.92643074203818],[-0.13583271878938669,35.9266994350319],[-0.13915349617793243,35.93169667802537],[-0.14165747664487943,35.92643074203818]]]]},"properties":{"speed":0.0559,"dir_deg":236.4,"type":"ضعيف"}},{"type":"Feature","geometry":{"type":"MultiPolygon","coordinates":[[[[-0.08281452833379854,35.936645108898446],[-0.09563789485713498,35.92886299665252],[-0.09667550982325829,35.93057277885563],[-0.08385214329992186,35.938354891101554],[-0.08281452833379854,35.936645108898446]]],[[[-0.10043115784797545,35.927123850338766],[-0.09460027989101165,35.927153214449405],[-0.09771312478938161,35.93228256105874],[-0.10043115784797545,35.927123850338766]]]]},"properties":{"speed":0.0514,"dir_deg":238.7,"type":"ضعيف"}},{"type":"Feature","geometry":{"type":"MultiPolygon","coordinates":[[[[-0.04238279656732281,35.93680203170279],[-0.05285232102549756,35.94754396158618],[-0.05142006370771215,35.9489398981806],[-0.04095053924953739,35.93819796829721],[-0.04238279656732281,35.93680203170279]]],[[[-0.05562603385266311,35.95182257317786],[-0.05428457834328298,35.94614802499175],[-0.04998780638992673,35.950335834775025],[-0.05562603385266311,35.95182257317786]]]]},"properties":{"speed":0.0174,"dir_deg":315.7,"type":"ضعيف"}},{"type":"Feature","geometry":{"type":"MultiPolygon","coordinates":[[[[-0.0008281740616106197,35.93806047098379],[0.007578890695304134,35.950483081907954],[0.009235238818525374,35.94936213994037],[0.0008281740616106197,35.93693952901621],[-0.0008281740616106197,35.93806047098379]]],[[[0.011209419675886338,35.95406348123221],[0.005922542572082894,35.95160402387555],[0.010891586941746613,35.94824119797278],[0.011209419675886338,35.95406348123221]]]]},"properties":{"speed":0.0299,"dir_deg":34.1,"type":"ضعيف"}},{"type":"Feature","geometry":{"type":"MultiPolygon","coordinates":[[[[0.040887606738544725,35.93812694791935],[0.05029182552878923,35.94981286546763],[0.05184994786855998,35.94855896962893],[0.042445729078315474,35.93687305208065],[0.040887606738544725,35.93812694791935]]],[[[0.054205626295422776,35.95308122339771],[0.04873370318901849,35.95106676130633],[0.05340807020833072,35.947305073790226],[0.054205626295422776,35.95308122339771]]]]},"properties":{"speed":0.0368,"dir_deg":38.8,"type":"ضعيف"}},{"type":"Feature","geometry":{"type":"MultiPolygon","coordinates":[[[[-0.4168105348062865,35.980157533654754],[-0.4019666034713059,35.982315704760666],[-0.40167884732385134,35.980336513916],[-0.4165227786588319,35.97817834281009],[-0.4168105348062865,35.980157533654754]]],[[[-0.39687474828591845,35.98204549970697],[-0.4022543596187605,35.98429489560533],[-0.40139109117639676,35.978357323071336],[-0.39687474828591845,35.98204549970697]]]]},"properties":{"speed":0.5643,"dir_deg":81.7,"type":"قوي"}},{"type":"Feature","geometry":{"type":"MultiPolygon","coordinates":[[[[-0.3751506953815155,35.98015651847802],[-0.3603219916975206,35.982416949200754],[-0.36002060093448957,35.98043978870956],[-0.3748493046184845,35.978179357986825],[-0.3751506953815155,35.98015651847802]]],[[[-0.35522839508800674,35.98218184586273],[-0.36062338246055164,35.984394109691955],[-0.3597192101714585,35.97846262821836],[-0.35522839508800674,35.98218184586273]]]]},"properties":{"speed":0.5206,"dir_deg":81.3,"type":"قوي"}},{"type":"Feature","geometry":{"type":"MultiPolygon","coordinates":[[[[-0.33356286739656305,35.98014124120383],[-0.3189633228254506,35.983584103140664],[-0.3185042745672061,35.981637497197845],[-0.33310381913831855,35.97819463526101],[-0.33356286739656305,35.98014124120383]]],[[[-0.3138672838392908,35.983758420814866],[-0.31942237108369514,35.98553070908348],[-0.31804522630896154,35.97969089125503],[-0.3138672838392908,35.983758420814866]]]]},"properties":{"speed":0.4744,"dir_deg":76.7,"type":"متوسط"}},{"type":"Feature","geometry":{"type":"MultiPolygon","coordinates":[[[[-0.2919810283412613,35.980117238233284],[-0.2777415283282879,35.98483281236381],[-0.2771127851108838,35.98293421236209],[-0.29135228512385714,35.97821863823156],[-0.2919810283412613,35.980117238233284]]],[[[-0.27268065671526137,35.98545537040646],[-0.278370271545692,35.98673141236554],[-0.2764840418934797,35.98103561236036],[-0.27268065671526137,35.98545537040646]]]]},"properties":{"speed":0.4318,"dir_deg":71.7,"type":"متوسط"}},{"type":"Feature","geometry":{"type":"MultiPolygon","coordinates":[[[[-0.2503866041071076,35.98009018400464],[-0.23655291752389007,35.985889245611254],[-0.23577970930967485,35.98404475406682],[-0.2496133958928924,35.978245692460206],[-0.2503866041071076,35.98009018400464]]],[[[-0.23155508455570994,35.98690002037458],[-0.2373261257381053,35.98773373715568],[-0.23500650109545962,35.9822002625224],[-0.23155508455570994,35.98690002037458]]]]},"properties":{"speed":0.3561,"dir_deg":67.3,"type":"متوسط"}},{"type":"Feature","geometry":{"type":"MultiPolygon","coordinates":[[[[-0.2088081756242909,35.980048006457935],[-0.1956071522415828,35.987170715328105],[-0.19465745772556017,35.98541057887708],[-0.2078584811082683,35.97828787000691],[-0.2088081756242909,35.980048006457935]]],[[[-0.1907319638560021,35.98866488339265],[-0.1965568467576054,35.98893085177913],[-0.19370776320953756,35.983650442426054],[-0.1907319638560021,35.98866488339265]]]]},"properties":{"speed":0.2674,"dir_deg":61.7,"type":"متوسط"}},{"type":"Feature","geometry":{"type":"MultiPolygon","coordinates":[[[[-0.1671274625754812,35.98005544694111],[-0.1538148319452106,35.986967311067524],[-0.152893250061689,35.98519229365015],[-0.1662058806919596,35.978280429523736],[-0.1671274625754812,35.98005544694111]]],[[[-0.14891649746002625,35.98838375706764],[-0.15473641382873218,35.98874232848489],[-0.1519716681781674,35.983417276232785],[-0.14891649746002625,35.98838375706764]]]]},"properties":{"speed":0.1605,"dir_deg":62.6,"type":"ضعيف"}},{"type":"Feature","geometry":{"type":"MultiPolygon","coordinates":[[[[-0.125154143274901,35.98015598673872],[-0.11033341568039234,35.982468135862234],[-0.11002512913059037,35.98049203884963],[-0.12484585672509901,35.97817988972612],[-0.125154143274901,35.98015598673872]]],[[[-0.10523902987398848,35.982250803730444],[-0.11064170223019432,35.984444232874836],[-0.1097168425807884,35.97851594183703],[-0.10523902987398848,35.982250803730444]]]]},"properties":{"speed":0.0583,"dir_deg":81.1,"type":"ضعيف"}},{"type":"Feature","geometry":{"type":"MultiPolygon","coordinates":[[[[-0.08241869128318237,35.97957219727934],[-0.07635480557944546,35.96585252927417],[-0.07818409464680112,35.96504401118034],[-0.08424798035053803,35.978763679185505],[-0.08241869128318237,35.97957219727934]]],[[[-0.07524815487854432,35.960875047558865],[-0.0745255165120898,35.96666104736801],[-0.08001338371415678,35.964235493086505],[-0.07524815487854432,35.960875047558865]]]]},"properties":{"speed":0.0382,"dir_deg":156.2,"type":"ضعيف"}},{"type":"Feature","geometry":{"type":"MultiPolygon","coordinates":[[[[-0.04067150449280559,35.979266171506836],[-0.03919800537655948,35.964338720272465],[-0.041188332207808494,35.96414225372364],[-0.04266183132405461,35.97906970495801],[-0.04067150449280559,35.979266171506836]]],[[[-0.03970200242010195,35.95926466991993],[-0.03720767854531047,35.9645351868213],[-0.0431786590390575,35.9639457871748],[-0.03970200242010195,35.95926466991993]]]]},"properties":{"speed":0.0188,"dir_deg":174.4,"type":"ضعيف"}},{"type":"Feature","geometry":{"type":"MultiPolygon","coordinates":[[[[-0.0009045993894185565,35.979594200997234],[0.0054893420827333735,35.99316319183851],[0.007298540861570486,35.99231066630889],[0.0009045993894185565,35.97874167546761],[-0.0009045993894185565,35.979594200997234]]],[[[0.008525255296202574,35.997259926020796],[0.0036801433038962605,35.99401571736813],[0.009107739640407599,35.99145814077927],[0.008525255296202574,35.997259926020796]]]]},"properties":{"speed":0.023,"dir_deg":25.2,"type":"ضعيف"}},{"type":"Feature","geometry":{"type":"MultiPolygon","coordinates":[[[[0.04078312501861992,35.97963628848797],[0.047808378851743924,35.99288943183512],[0.04957546463136428,35.99195273132403],[0.04255021079824028,35.97869958797688],[0.04078312501861992,35.97963628848797]]],[[[0.0510336730192621,35.99683879602863],[0.046041293072123575,35.9938261323462],[0.05134255041098463,35.99101603081294],[0.0510336730192621,35.99683879602863]]]]},"properties":{"speed":0.0481,"dir_deg":27.9,"type":"ضعيف"}},{"type":"Feature","geometry":{"type":"MultiPolygon","coordinates":[[[[0.08242904588056284,35.979594857090184],[0.08883282874696652,35.99315920613464],[0.09064140861956124,35.99230536841912],[0.08423762575315756,35.97874101937466],[0.08242904588056284,35.979594857090184]]],[[[0.0918717129720651,35.99725373695837],[0.0870242488743718,35.99401304385016],[0.09244998849215597,35.9914515307036],[0.0918717129720651,35.99725373695837]]]]},"properties":{"speed":0.0557,"dir_deg":25.3,"type":"ضعيف"}},{"type":"Feature","geometry":{"type":"MultiPolygon","coordinates":[[[[-0.4168536145468965,36.021814429710695],[-0.4021180954001851,36.02461879692576],[-0.4017441797715105,36.022654061039525],[-0.4164796989182219,36.01984969382446],[-0.4168536145468965,36.021814429710695]]],[[[-0.39701929787027734,36.02457121805433],[-0.40249201102885973,36.02658353281198],[-0.4013702641428359,36.0206893251533],[-0.39701929787027734,36.02457121805433]]]]},"properties":{"speed":0.4791,"dir_deg":79.2,"type":"قوي"}},{"type":"Feature","geometry":{"type":"MultiPolygon","coordinates":[[[[-0.37518344273988324,36.02181509216445],[-0.3604379867867284,36.0245667332627],[-0.3600711013069619,36.022600672468954],[-0.37481655726011676,36.019849031370704],[-0.37518344273988324,36.02181509216445]]],[[[-0.35533939206246024,36.024500916565245],[-0.3608048722664949,36.02653279405646],[-0.3597042158271954,36.0206346116752],[-0.35533939206246024,36.024500916565245]]]]},"properties":{"speed":0.4928,"dir_deg":79.4,"type":"قوي"}},{"type":"Feature","geometry":{"type":"MultiPolygon","coordinates":[[[[-0.33358804872304776,36.02179908044934],[-0.3190827684965609,36.02561966228345],[-0.318573357585347,36.02368562491992],[-0.33307863781183383,36.019865043085815],[-0.33358804872304776,36.02179908044934]]],[[[-0.31399296963212503,36.02592617087972],[-0.3195921794077749,36.02755369964698],[-0.318063946674133,36.02175158755639],[-0.31399296963212503,36.02592617087972]]]]},"properties":{"speed":0.519,"dir_deg":75.2,"type":"قوي"}},{"type":"Feature","geometry":{"type":"MultiPolygon","coordinates":[[[[-0.2919868644152767,36.021779409137835],[-0.27777665386145484,36.0265825243786],[-0.2771362384960198,36.02468782963808],[-0.2913464490498417,36.01988471439732],[-0.2919868644152767,36.021779409137835]]],[[[-0.27271970932746337,36.02723621542193],[-0.2784170692268899,36.028477219119104],[-0.27649582313058474,36.022793134897576],[-0.27271970932746337,36.02723621542193]]]]},"properties":{"speed":0.5517,"dir_deg":71.3,"type":"قوي"}},{"type":"Feature","geometry":{"type":"MultiPolygon","coordinates":[[[[-0.2503806146014523,36.02175679552665],[-0.23650960821542183,36.02746601454843],[-0.23574837901251727,36.02561654703029],[-0.24961938539854772,36.01990732800851],[-0.2503806146014523,36.02175679552665]]],[[[-0.23150532481862607,36.02844435379662],[-0.23727083741832639,36.029315482066565],[-0.23498714980961272,36.023767079512155],[-0.23150532481862607,36.02844435379662]]]]},"properties":{"speed":0.5576,"dir_deg":67.6,"type":"قوي"}},{"type":"Feature","geometry":{"type":"MultiPolygon","coordinates":[[[[-0.20876754289773286,36.021732871259466],[-0.19525540051941856,36.02824608923127],[-0.19438697145651204,36.02644447024749],[-0.20789911383482634,36.01993125227569],[-0.20876754289773286,36.021732871259466]]],[[[-0.1903171385285272,36.02951635239664],[-0.19612382958232505,36.030047708215044],[-0.19351854239360555,36.024642851263714],[-0.1903171385285272,36.02951635239664]]]]},"properties":{"speed":0.5315,"dir_deg":64.3,"type":"قوي"}},{"type":"Feature","geometry":{"type":"MultiPolygon","coordinates":[[[[-0.16711563258996326,36.02172561314258],[-0.15371236196492036,36.02846002748622],[-0.15281444005243464,36.02667292473622],[-0.16621771067747754,36.01993851039258],[-0.16711563258996326,36.02172561314258]]],[[[-0.1487956441336632,36.02981128089244],[-0.15461028387740605,36.030247130236226],[-0.15191651813994894,36.02488582198621],[-0.1487956441336632,36.02981128089244]]]]},"properties":{"speed":0.4482,"dir_deg":63.3,"type":"متوسط"}},{"type":"Feature","geometry":{"type":"MultiPolygon","coordinates":[[[[-0.1254537632854197,36.021723184026754],[-0.11208692939772776,36.02852963330805],[-0.11117940282688833,36.026747388789694],[-0.12454623671458029,36.0199409395084],[-0.1254537632854197,36.021723184026754]]],[[[-0.10717755481641073,36.029907327475975],[-0.11299445596856718,36.030311877826406],[-0.11027187625604891,36.024965144271334],[-0.10717755481641073,36.029907327475975]]]]},"properties":{"speed":0.3178,"dir_deg":63.0,"type":"متوسط"}},{"type":"Feature","geometry":{"type":"MultiPolygon","coordinates":[[[[-0.08366428108348069,36.02177571171883],[-0.06950953181467211,36.02673989071814],[-0.06884764128143113,36.024852590815634],[-0.08300239055023971,36.019888411816325],[-0.08366428108348069,36.02177571171883]]],[[[-0.06446033679178209,36.02745096709999],[-0.07017142234791307,36.02862719062065],[-0.06818575074819017,36.02296529091313],[-0.06446033679178209,36.02745096709999]]]]},"properties":{"speed":0.1801,"dir_deg":70.7,"type":"ضعيف"}},{"type":"Feature","geometry":{"type":"MultiPolygon","coordinates":[[[[-0.04173438647215953,36.021829766230894],[-0.02676881952237627,36.02284554468684],[-0.026633382394917405,36.020850135760206],[-0.04159894934470067,36.01983435730426],[-0.04173438647215953,36.021829766230894]]],[[[-0.021712578642052414,36.022186433042165],[-0.026904256649835135,36.02484095361348],[-0.02649794526745854,36.01885472683357],[-0.021712578642052414,36.022186433042165]]]]},"properties":{"speed":0.0823,"dir_deg":86.1,"type":"ضعيف"}},{"type":"Feature","geometry":{"type":"MultiPolygon","coordinates":[[[[0.00017626834259719233,36.02181640391917],[0.014941400616456399,36.01917237878021],[0.014588863931262014,36.01720369447703],[-0.00017626834259719233,36.01984771961599],[0.00017626834259719233,36.02181640391917]]],[[[0.019686843031812278,36.01730669491563],[0.015293937301650783,36.02114106308339],[0.01423632724606763,36.01523501017385],[0.019686843031812278,36.01730669491563]]]]},"properties":{"speed":0.0287,"dir_deg":100.2,"type":"ضعيف"}},{"type":"Feature","geometry":{"type":"MultiPolygon","coordinates":[[[[0.04081568110886279,36.02135724884564],[0.04869348727977705,36.03412205083915],[0.05039546087891166,36.03307167668303],[0.042517654707997406,36.02030687468952],[0.04081568110886279,36.02135724884564]]],[[[0.052170409469649105,36.037851797758925],[0.046991513680642444,36.035172424995274],[0.05209743447804627,36.03202130252691],[0.052170409469649105,36.037851797758925]]]]},"properties":{"speed":0.0392,"dir_deg":31.7,"type":"ضعيف"}},{"type":"Feature","geometry":{"type":"MultiPolygon","coordinates":[[[[0.08249675044601645,36.02137989834658],[0.09071429913101396,36.033928678909234],[0.09238746987270145,36.03283300575123],[0.08416992118770394,36.020284225188576],[0.08249675044601645,36.02137989834658]]],[[[0.09429006739685689,36.03756376918445],[0.08904112838932648,36.03502435206723],[0.09406064061438893,36.03173733259323],[0.09429006739685689,36.03756376918445]]]]},"properties":{"speed":0.0529,"dir_deg":33.2,"type":"ضعيف"}},{"type":"Feature","geometry":{"type":"MultiPolygon","coordinates":[[[[-0.41688387272427774,36.063476123564385],[-0.4022420192585484,36.06673436344016],[-0.40180758727511134,36.06478211631139],[-0.41644944074084067,36.061523876435615],[-0.41688387272427774,36.063476123564385]]],[[[-0.3971441854449201,36.066844319834374],[-0.4026764512419855,36.068686610568925],[-0.4013731552916743,36.06282986918263],[-0.3971441854449201,36.066844319834374]]]]},"properties":{"speed":0.2947,"dir_deg":77.5,"type":"متوسط"}},{"type":"Feature","geometry":{"type":"MultiPolygon","coordinates":[[[[-0.3752208881699981,36.063475299141984],[-0.36059140104023685,36.066788621691956],[-0.36014962470024064,36.06483802340799],[-0.3747791118300019,36.061524700858016],[-0.3752208881699981,36.063475299141984]]],[[[-0.3554940171603183,36.066917763399964],[-0.36103317738023305,36.068739219975924],[-0.35970784836024444,36.06288742512402],[-0.3554940171603183,36.066917763399964]]]]},"properties":{"speed":0.3433,"dir_deg":77.2,"type":"متوسط"}},{"type":"Feature","geometry":{"type":"MultiPolygon","coordinates":[[[[-0.33358499479646553,36.06346781791053],[-0.3190677261385399,36.0672425908459],[-0.31856442308049043,36.065306955024845],[-0.33308169173841606,36.06153218208947],[-0.33358499479646553,36.06346781791053]]],[[[-0.3139769850568733,36.06753303058049],[-0.3195710291965894,36.069178226666956],[-0.3180611200224409,36.06337131920379],[-0.3139769850568733,36.06753303058049]]]]},"properties":{"speed":0.4032,"dir_deg":75.4,"type":"متوسط"}},{"type":"Feature","geometry":{"type":"MultiPolygon","coordinates":[[[[-0.2919867914686917,36.0634473720234],[-0.27777621111768885,36.068249393065386],[-0.2771359416454238,36.06635464901859],[-0.2913465219964267,36.0615526279766],[-0.2919867914686917,36.0634473720234]]],[[[-0.2727192162645554,36.06890269472265],[-0.27841648058995383,36.07014413711219],[-0.27649567217315885,36.06445990497179],[-0.2727192162645554,36.06890269472265]]]]},"properties":{"speed":0.476,"dir_deg":71.3,"type":"قوي"}},{"type":"Feature","geometry":{"type":"MultiPolygon","coordinates":[[[[-0.25037607118088534,36.0634265907764],[-0.23647720953490173,36.06906765848968],[-0.2357250671731311,36.067214476936876],[-0.2496239288191147,36.0615734092236],[-0.25037607118088534,36.0634265907764]]],[[[-0.2314681844720219,36.0700214236177],[-0.23722935189667235,36.070920840042476],[-0.23497292481136048,36.06536129538408],[-0.2314681844720219,36.0700214236177]]]]},"properties":{"speed":0.5369,"dir_deg":67.9,"type":"قوي"}},{"type":"Feature","geometry":{"type":"MultiPolygon","coordinates":[[[[-0.20877284280553762,36.063398235524616],[-0.19529930993628491,36.069990952113486],[-0.19442028105776887,36.06819448106425],[-0.20789381392702158,36.061601764475384],[-0.20877284280553762,36.063398235524616]]],[[[-0.19036861787394266,36.07129028878516],[-0.19617833881480096,36.07178742316272],[-0.19354125217925283,36.06639801001502],[-0.19036861787394266,36.07129028878516]]]]},"properties":{"speed":0.5844,"dir_deg":63.9,"type":"قوي"}},{"type":"Feature","geometry":{"type":"MultiPolygon","coordinates":[[[[-0.16714416720040806,36.063378634158106],[-0.15396465482879265,36.07054106765842],[-0.15300966369541733,36.06878379934221],[-0.16618917606703273,36.061621365841894],[-0.16714416720040806,36.063378634158106]]],[[[-0.14909398847156652,36.07204991133376],[-0.154919645962168,36.07229833597464],[-0.15205467256204197,36.06702653102599],[-0.14909398847156652,36.07204991133376]]]]},"properties":{"speed":0.5959,"dir_deg":61.5,"type":"قوي"}},{"type":"Feature","geometry":{"type":"MultiPolygon","coordinates":[[[[-0.12552325062160224,36.063352178846834],[-0.11274056791907869,36.07120093817087],[-0.1116940666758742,36.0694965804772],[-0.12447674937839776,36.061647821153166],[-0.12552325062160224,36.063352178846834]]],[[[-0.10795642306330192,36.07296501243204],[-0.11378706916228318,36.07290529586454],[-0.11064756543266971,36.06779222278353],[-0.10795642306330192,36.07296501243204]]]]},"properties":{"speed":0.543,"dir_deg":58.4,"type":"قوي"}},{"type":"Feature","geometry":{"type":"MultiPolygon","coordinates":[[[[-0.08388334863806064,36.06333515621085],[-0.07135600547536633,36.071585348528856],[-0.07025597983296544,36.06991503610716],[-0.08278332299565976,36.06166484378915],[-0.08388334863806064,36.06333515621085]]],[[[-0.06663021159993444,36.07350025642401],[-0.07245603111776722,36.07325566095055],[-0.06915595419056456,36.06824472368547],[-0.06663021159993444,36.07350025642401]]]]},"properties":{"speed":0.4134,"dir_deg":56.6,"type":"متوسط"}},{"type":"Feature","geometry":{"type":"MultiPolygon","coordinates":[[[[-0.04221132621314985,36.06333865805374],[-0.029631455407078136,36.071508532624534],[-0.028542138797638623,36.06983121651706],[-0.04112200960371035,36.06166134194626],[-0.04221132621314985,36.06333865805374]]],[[[-0.024893506833667808,36.0733931660944],[-0.030720772016517645,36.07318584873201],[-0.027452822188199114,36.068153900409584],[-0.024893506833667808,36.0733931660944]]]]},"properties":{"speed":0.2509,"dir_deg":57.0,"type":"متوسط"}},{"type":"Feature","geometry":{"type":"MultiPolygon","coordinates":[[[[-0.00047722897053739487,36.06337877898796],[0.012704455848861039,36.07053721354602],[0.013658913789935829,36.0687796555701],[0.00047722897053739487,36.06162122101204],[-0.00047722897053739487,36.06337877898796]]],[[[0.017575579759197914,36.07204457941075],[0.011749997907786249,36.07229477152194],[0.014613371731010618,36.067022097594176],[0.017575579759197914,36.07204457941075]]]]},"properties":{"speed":0.1185,"dir_deg":61.5,"type":"ضعيف"}},{"type":"Feature","geometry":{"type":"MultiPolygon","coordinates":[[[[0.041124682447626126,36.063340387863],[0.053730500392620735,36.07147016977506],[0.05481447131422868,36.06978939404906],[0.04220865336923407,36.061659612137],[0.041124682447626126,36.063340387863]]],[[[0.05847442516842291,36.07333970921608],[0.05264652947101278,36.07315094550106],[0.055898442235836635,36.06810861832306],[0.05847442516842291,36.07333970921608]]]]},"properties":{"speed":0.0689,"dir_deg":57.2,"type":"ضعيف"}},{"type":"Feature","geometry":{"type":"MultiPolygon","coordinates":[[[[0.08267263933664577,36.06325065315628],[0.09393243668083716,36.0731611003595],[0.09525382964126601,36.07165979404694],[0.08399403229707463,36.06174934684372],[0.08267263933664577,36.06325065315628]]],[[[0.0983463989424487,36.07571392960429],[0.09261104372040829,36.074662406672054],[0.09657522260169488,36.07015848773438],[0.0983463989424487,36.07571392960429]]]]},"properties":{"speed":0.0776,"dir_deg":48.6,"type":"ضعيف"}},{"type":"Feature","geometry":{"type":"MultiPolygon","coordinates":[[[[0.1251670328144533,36.06348595133698],[0.13995630286917735,36.06098045912018],[0.13962223724027076,36.05900855644622],[0.1248329671855467,36.06151404866302],[0.1251670328144533,36.06348595133698]]],[[[0.14471902673963208,36.05915934371093],[0.14029036849808393,36.062952361794146],[0.13928817161136417,36.05703665377226],[0.14471902673963208,36.05915934371093]]]]},"properties":{"speed":0.0642,"dir_deg":99.6,"type":"ضعيف"}},{"type":"Feature","geometry":{"type":"MultiPolygon","coordinates":[[[[-0.4167654533783807,36.10516304587623],[-0.4018388387211906,36.106644995563556],[-0.40164124542954754,36.104654780275936],[-0.4165678600867377,36.10317283058861],[-0.4167654533783807,36.10516304587623]]],[[[-0.3967645038563057,36.10614387114885],[-0.4020364320128336,36.10863521085118],[-0.4014436521379045,36.10266456498831],[-0.3967645038563057,36.10614387114885]]]]},"properties":{"speed":0.1367,"dir_deg":84.3,"type":"ضعيف"}},{"type":"Feature","geometry":{"type":"MultiPolygon","coordinates":[[[[-0.37513952994139604,36.10515815608495],[-0.3602862621535604,36.10725110520589],[-0.3600072022707683,36.10527066950084],[-0.37486047005860396,36.1031777203799],[-0.37513952994139604,36.10515815608495]]],[[[-0.3551956429495525,36.10695853706034],[-0.36056532203635244,36.10923154091093],[-0.3597281423879763,36.103290233795796],[-0.3551956429495525,36.10695853706034]]]]},"properties":{"speed":0.1931,"dir_deg":82.0,"type":"ضعيف"}},{"type":"Feature","geometry":{"type":"MultiPolygon","coordinates":[[[[-0.33351660743422146,36.10515100193594],[-0.318770651881454,36.10789996443765],[-0.31840412354789266,36.10593383703062],[-0.33315007910066013,36.10318487452891],[-0.33351660743422146,36.10515100193594]]],[[[-0.3136720691970841,36.107833221568036],[-0.31913718021501525,36.10986609184469],[-0.3180375952143314,36.10396770962358],[-0.3136720691970841,36.107833221568036]]]]},"properties":{"speed":0.2531,"dir_deg":79.4,"type":"متوسط"}},{"type":"Feature","geometry":{"type":"MultiPolygon","coordinates":[[[[-0.291990190914821,36.10511415471553],[-0.27779694366817764,36.109967167449454],[-0.2771498753036541,36.10807473448324],[-0.29134312255029743,36.103221721749314],[-0.291990190914821,36.10511415471553]]],[[[-0.2727423270703681,36.110638621877655],[-0.27844401203270114,36.11185960041568],[-0.2765028069391306,36.106182301517016],[-0.2727423270703681,36.110638621877655]]]]},"properties":{"speed":0.3386,"dir_deg":71.1,"type":"متوسط"}},{"type":"Feature","geometry":{"type":"MultiPolygon","coordinates":[[[[-0.25037827378107697,36.10509363199742],[-0.23649286730615912,36.11076773871358],[-0.2357363197440052,36.10891635118358],[-0.24962172621892303,36.103242244467424],[-0.25037827378107697,36.10509363199742]]],[[[-0.23148612470010954,36.11173341385396],[-0.23724941486831305,36.112619126243565],[-0.23497977218185126,36.10706496365359],[-0.23148612470010954,36.11173341385396]]]]},"properties":{"speed":0.4219,"dir_deg":67.8,"type":"متوسط"}},{"type":"Feature","geometry":{"type":"MultiPolygon","coordinates":[[[[-0.2087930428480576,36.10505600500651],[-0.1954720412366995,36.11195172223318],[-0.1945526122731435,36.110175588685],[-0.2078736138845016,36.103279871458334],[-0.2087930428480576,36.10505600500651]]],[[[-0.1905719928844688,36.11336222786798],[-0.19639147020025552,36.11372785578136],[-0.19363318330958748,36.10839945513682],[-0.1905719928844688,36.11336222786798]]]]},"properties":{"speed":0.4934,"dir_deg":62.6,"type":"قوي"}},{"type":"Feature","geometry":{"type":"MultiPolygon","coordinates":[[[[-0.16720594632017866,36.10501006815859],[-0.15457399742767974,36.113099188455465],[-0.15349544805476323,36.111414928603125],[-0.16612739694726214,36.10332580830625],[-0.16720594632017866,36.10501006815859]]],[[[-0.14982407311038853,36.11495343196159],[-0.15565254680059626,36.1147834483078],[-0.1524168986818467,36.10973066875079],[-0.14982407311038853,36.11495343196159]]]]},"properties":{"speed":0.5708,"dir_deg":57.4,"type":"قوي"}},{"type":"Feature","geometry":{"type":"MultiPolygon","coordinates":[[[[-0.1255742470127338,36.104986620324794],[-0.11329401562719295,36.113600325515804],[-0.11214552160172538,36.11196296133106],[-0.12442575298726621,36.10334925614005],[-0.1255742470127338,36.104986620324794]]],[[[-0.10862635815261222,36.1156528784871],[-0.11444250965266052,36.11523768970054],[-0.1109970275762578,36.11032559714632],[-0.10862635815261222,36.1156528784871]]]]},"properties":{"speed":0.6112,"dir_deg":55.0,"type":"قوي"}},{"type":"Feature","geometry":{"type":"MultiPolygon","coordinates":[[[[-0.08395164651876708,36.10495387199293],[-0.0721626401111359,36.11422853252154],[-0.07092601870732215,36.112656665000515],[-0.08271502511495332,36.10338200447191],[-0.08395164651876708,36.10495387199293]]],[[[-0.0676146606066853,36.11653415227056],[-0.07339926151494967,36.11580040004255],[-0.06968939730350839,36.1110847974795],[-0.0676146606066853,36.11653415227056]]]]},"properties":{"speed":0.5757,"dir_deg":51.8,"type":"قوي"}},{"type":"Feature","geometry":{"type":"MultiPolygon","coordinates":[[[[-0.04233759776003993,36.10490945905763],[-0.0312147853819032,36.11497340683178],[-0.029872925678683535,36.11349036518136],[-0.04099573805682027,36.10342641740721],[-0.04233759776003993,36.10490945905763]]],[[[-0.026836251404247786,36.11758653526462],[-0.03255664508512286,36.1164564484822],[-0.028531065975463867,36.112007323530946],[-0.026836251404247786,36.11758653526462]]]]},"properties":{"speed":0.4592,"dir_deg":47.9,"type":"متوسط"}},{"type":"Feature","geometry":{"type":"MultiPolygon","coordinates":[[[[-0.0007092733777691385,36.104872871758076],[0.009864729507008712,36.11551197242461],[0.01128327626254699,36.114102105373306],[0.0007092733777691385,36.10346300470677],[-0.0007092733777691385,36.104872871758076]]],[[[0.014098670513037134,36.11835340578781],[0.008446182751470434,36.116921839475914],[0.012701823018085267,36.112692238322005],[0.014098670513037134,36.11835340578781]]]]},"properties":{"speed":0.2968,"dir_deg":44.8,"type":"متوسط"}},{"type":"Feature","geometry":{"type":"MultiPolygon","coordinates":[[[[0.04089179879307169,36.10480005994069],[0.050373624417092006,36.11642309667107],[0.05192336264780882,36.11515885325453],[0.04244153702378851,36.10353581652415],[0.04089179879307169,36.10480005994069]]],[[[0.05430910207379051,36.11966532053959],[0.0488238861863752,36.117687340087606],[0.05347310087852563,36.11389460983799],[0.05430910207379051,36.11966532053959]]]]},"properties":{"speed":0.1716,"dir_deg":39.2,"type":"ضعيف"}},{"type":"Feature","geometry":{"type":"MultiPolygon","coordinates":[[[[0.08249422289206974,36.10471189549126],[0.09065358177473716,36.11729858936312],[0.09233180762431807,36.11621067484544],[0.08417244874165065,36.10362398097358],[0.08249422289206974,36.10471189549126]]],[[[0.09421248099375008,36.12095019672823],[0.08897535592515626,36.118386503880814],[0.09401003347389897,36.11512276032775],[0.09421248099375008,36.12095019672823]]]]},"properties":{"speed":0.1187,"dir_deg":33.0,"type":"ضعيف"}},{"type":"Feature","geometry":{"type":"MultiPolygon","coordinates":[[[[0.12435446631166439,36.10493167002908],[0.1358104432615085,36.11461467535412],[0.13710151063817974,36.1130872117608],[0.12564553368833561,36.10340420643576],[0.12435446631166439,36.10493167002908]]],[[[0.14027463593312553,36.11707861199913],[0.13451937588483728,36.11614213894743],[0.13839257801485097,36.11155974816749],[0.14027463593312553,36.11707861199913]]]]},"properties":{"speed":0.0703,"dir_deg":49.8,"type":"ضعيف"}},{"type":"Feature","geometry":{"type":"MultiPolygon","coordinates":[[[[0.1659855357951593,36.10490009529851],[0.17696789178653127,36.115117132876925],[0.1783301634636535,36.11365281874475],[0.1673478074722815,36.10343578116633],[0.1659855357951593,36.10490009529851]]],[[[0.18130981295554974,36.117790655003645],[0.17560562010940908,36.11658144700911],[0.17969243514077568,36.11218850461256],[0.18130981295554974,36.117790655003645]]]]},"properties":{"speed":0.0678,"dir_deg":47.1,"type":"ضعيف"}},{"type":"Feature","geometry":{"type":"MultiPolygon","coordinates":[[[[-0.4164226311499141,36.1468018305622],[-0.40187609923064505,36.14314144682252],[-0.4023641503959352,36.14120190923328],[-0.4169106823152043,36.14486229297296],[-0.4164226311499141,36.1468018305622]]],[[[-0.3972712808402004,36.14095155011468],[-0.4013880480653549,36.145080984411756],[-0.40285220156122536,36.139262371644044],[-0.3972712808402004,36.14095155011468]]]]},"properties":{"speed":0.1579,"dir_deg":104.1,"type":"ضعيف"}},{"type":"Feature","geometry":{"type":"MultiPolygon","coordinates":[[[[-0.3748112631740875,36.14681408947113],[-0.360080847620801,36.14398303708244],[-0.36045832127262606,36.14201898167534],[-0.3751887368259125,36.14485003406403],[-0.3748112631740875,36.14681408947113]]],[[[-0.35535944592895136,36.142057325249326],[-0.35970337396897595,36.14594709248955],[-0.3608357949244511,36.140054926268235],[-0.35535944592895136,36.142057325249326]]]]},"properties":{"speed":0.197,"dir_deg":100.9,"type":"ضعيف"}},{"type":"Feature","geometry":{"type":"MultiPolygon","coordinates":[[[[-0.3333062253343146,36.1468316940088],[-0.3183117417158912,36.14642492501191],[-0.31836597758214363,36.14442566052946],[-0.333360461200567,36.14483242952635],[-0.3333062253343146,36.1468316940088]]],[[[-0.3133406984428763,36.14528970310506],[-0.31825750584963886,36.148424189494364],[-0.318420213448396,36.142426396047],[-0.3133406984428763,36.14528970310506]]]]},"properties":{"speed":0.2347,"dir_deg":91.6,"type":"ضعيف"}},{"type":"Feature","geometry":{"type":"MultiPolygon","coordinates":[[[[-0.291830458858601,36.14681855498271],[-0.2770330606316002,36.14927558687334],[-0.27670545637951666,36.147302600443076],[-0.2915028546065174,36.14484556855245],[-0.291830458858601,36.14681855498271]]],[[[-0.27193679242989155,36.149108104288416],[-0.2773606648836837,36.151248573303604],[-0.27637785212743315,36.14532961401281],[-0.27193679242989155,36.149108104288416]]]]},"properties":{"speed":0.2794,"dir_deg":80.6,"type":"متوسط"}},{"type":"Feature","geometry":{"type":"MultiPolygon","coordinates":[[[[-0.2503191658302371,36.14677976065056],[-0.23610368258547754,36.151567248104115],[-0.23546535092500337,36.14967185033815],[-0.24968083416976292,36.144884362884596],[-0.2503191658302371,36.14677976065056]]],[[[-0.2310460223403206,36.15221537837232],[-0.23674201424595173,36.153462645870086],[-0.23482701926452917,36.14777645257218],[-0.2310460223403206,36.15221537837232]]]]},"properties":{"speed":0.3327,"dir_deg":71.4,"type":"متوسط"}},{"type":"Feature","geometry":{"type":"MultiPolygon","coordinates":[[[[-0.20880802558011455,36.14671221093401],[-0.19560578808357995,36.153832669141536],[-0.19465639365591006,36.15207237080867],[-0.20785863115244466,36.144951912601144],[-0.20880802558011455,36.14671221093401]]],[[[-0.1907303450375668,36.15532600604428],[-0.19655518251124982,36.15559296747441],[-0.1937069992282402,36.15031207247579],[-0.1907303450375668,36.15532600604428]]]]},"properties":{"speed":0.3725,"dir_deg":61.7,"type":"متوسط"}},{"type":"Feature","geometry":{"type":"MultiPolygon","coordinates":[[[[-0.1673183593622012,36.14659054914687],[-0.15594104867279876,36.156365865074086],[-0.15463767321583713,36.1548488903155],[-0.16601498390523958,36.145073574388284],[-0.1673183593622012,36.14659054914687]]],[[[-0.15149692404785048,36.1588658163372],[-0.1572444241297604,36.15788283983267],[-0.1533342977588755,36.15333191555691],[-0.15149692404785048,36.1588658163372]]]]},"properties":{"speed":0.4874,"dir_deg":49.3,"type":"قوي"}},{"type":"Feature","geometry":{"type":"MultiPolygon","coordinates":[[[[-0.12565051161077748,36.14659155807714],[-0.11425806696729428,36.1563492322388],[-0.11295704374573932,36.15483023961968],[-0.12434948838922252,36.145072565458015],[-0.12565051161077748,36.14659155807714]]],[[[-0.10981007380868907,36.15884229398313],[-0.11555909018884924,36.157868224857936],[-0.11165602052418436,36.153311247000545],[-0.10981007380868907,36.15884229398313]]]]},"properties":{"speed":0.5837,"dir_deg":49.4,"type":"قوي"}},{"type":"Feature","geometry":{"type":"MultiPolygon","coordinates":[[[[-0.08399924205742985,36.14657809720827],[-0.07280871044703101,36.15656669081682],[-0.0714768979658917,36.155074619935434],[-0.08266742957629054,36.14508602632689],[-0.08399924205742985,36.14657809720827]]],[[[-0.06841262700299507,36.15915018657897],[-0.07414052292817033,36.15805876169821],[-0.07014508548475237,36.15358254905404],[-0.06841262700299507,36.15915018657897]]]]},"properties":{"speed":0.6222,"dir_deg":48.2,"type":"قوي"}},{"type":"Feature","geometry":{"type":"MultiPolygon","coordinates":[[[[-0.04239761097767784,36.14651450021134],[-0.03216103432130946,36.157478646250055],[-0.030699148182813985,36.156113769362534],[-0.04093572483918236,36.14514962332382],[-0.04239761097767784,36.14651450021134]]],[[[-0.028017899033272266,36.16045092315253],[-0.033622920459804945,36.15884352313757],[-0.029237262044318507,36.15474889247502],[-0.028017899033272266,36.16045092315253]]]]},"properties":{"speed":0.6007,"dir_deg":43.0,"type":"قوي"}},{"type":"Feature","geometry":{"type":"MultiPolygon","coordinates":[[[[-0.0007901013167860917,36.146445038038905],[0.00840454275315478,36.1582965577907],[0.009984745386726964,36.157070605248045],[0.0007901013167860917,36.14521908549625],[-0.0007901013167860917,36.146445038038905]]],[[[0.012259525426587831,36.1616340881033],[0.006824340119582597,36.15952251033336],[0.011564948020299148,36.15584465270538],[0.012259525426587831,36.1616340881033]]]]},"properties":{"speed":0.484,"dir_deg":37.8,"type":"قوي"}},{"type":"Feature","geometry":{"type":"MultiPolygon","coordinates":[[[[0.04080747775091224,36.146343718169106],[0.048482323773829994,36.15923157053187],[0.05020070408886572,36.158208257728816],[0.04252585806594796,36.14532040536605],[0.04080747775091224,36.146343718169106]]],[[[0.05189979593898711,36.16301586491794],[0.04676394345879427,36.16025488333493],[0.051919084403901444,36.15718494492576],[0.05189979593898711,36.16301586491794]]]]},"properties":{"speed":0.3223,"dir_deg":30.8,"type":"متوسط"}},{"type":"Feature","geometry":{"type":"MultiPolygon","coordinates":[[[[0.08243318106580119,36.146267631996295],[0.08896673449657909,36.15976995326218],[0.0907670439986971,36.15889881280474],[0.0842334905679192,36.14539649153886],[0.08243318106580119,36.146267631996295]]],[[[0.09204474039123073,36.16383515678876],[0.08716642499446109,36.16064109371962],[0.0925673535008151,36.1580276723473],[0.09204474039123073,36.16383515678876]]]]},"properties":{"speed":0.1918,"dir_deg":25.8,"type":"ضعيف"}},{"type":"Feature","geometry":{"type":"MultiPolygon","coordinates":[[[[0.1241664302252103,36.146384475951464],[0.13245264298348153,36.15888802257331],[0.13411978253306095,36.157783194205535],[0.1258335697747897,36.14527964758369],[0.1241664302252103,36.146384475951464]]],[[[0.13604828367769498,36.16250345726337],[0.13078550343390213,36.15999285094107],[0.13578692208264034,36.15667836583777],[0.13604828367769498,36.16250345726337]]]]},"properties":{"speed":0.1468,"dir_deg":33.5,"type":"ضعيف"}},{"type":"Feature","geometry":{"type":"MultiPolygon","coordinates":[[[[0.16593759505027642,36.14651649389385],[0.1762040769443614,36.15745264264551],[0.17766223011124938,36.15608377839297],[0.16739574821716438,36.14514762964131],[0.16593759505027642,36.14651649389385]]],[[[0.18035531415916706,36.16041359343646],[0.17474592377747347,36.15882150689806],[0.1791203832781373,36.15471491414042],[0.18035531415916706,36.16041359343646]]]]},"properties":{"speed":0.1105,"dir_deg":43.2,"type":"ضعيف"}},{"type":"Feature","geometry":{"type":"MultiPolygon","coordinates":[[[[0.20748247574706752,36.14635746620264],[0.21536354227295654,36.15912025549082],[0.2170652475113807,36.1580694466207],[0.20918418098549169,36.14530665733252],[0.20748247574706752,36.14635746620264]]],[[[0.21884141706746496,36.16284911415182],[0.2136618370345324,36.16017106436094],[0.21876695274980484,36.15701863775058],[0.21884141706746496,36.16284911415182]]]]},"properties":{"speed":0.1056,"dir_deg":31.7,"type":"ضعيف"}},{"type":"Feature","geometry":{"type":"MultiPolygon","coordinates":[[[[0.24924330564467412,36.14648583057428],[0.25904983774521995,36.157836245904164],[0.2605632264558717,36.156528708290764],[0.2507566943553259,36.14517829296088],[0.24924330564467412,36.14648583057428]]],[[[0.2630753761340611,36.16096594887409],[0.2575364490345682,36.15914378351757],[0.2620766151665235,36.15522117067736],[0.2630753761340611,36.16096594887409]]]]},"properties":{"speed":0.0856,"dir_deg":40.8,"type":"ضعيف"}},{"type":"Feature","geometry":{"type":"MultiPolygon","coordinates":[[[[-0.41631642535673313,36.1884366632177],[-0.40226647709127444,36.18318319258031],[-0.4029669398429266,36.18130986614491],[-0.4170168881083853,36.1865633367823],[-0.41631642535673313,36.1884366632177]]],[[[-0.3979333923786143,36.18049537248348],[-0.40156601433962225,36.1850565190157],[-0.4036674025945788,36.17943653970951],[-0.3979333923786143,36.18049537248348]]]]},"properties":{"speed":0.1599,"dir_deg":110.5,"type":"ضعيف"}},{"type":"Feature","geometry":{"type":"MultiPolygon","coordinates":[[[[-0.37470985765021875,36.18845698349874],[-0.360355105169097,36.18410484825202],[-0.36093538986865953,36.18219088125454],[-0.37529014234978125,36.18654301650126],[-0.37470985765021875,36.18845698349874]]],[[[-0.35586033002517103,36.18169715300438],[-0.3597748204695346,36.186018815249504],[-0.361515674568222,36.18027691425706],[-0.35586033002517103,36.18169715300438]]]]},"properties":{"speed":0.1991,"dir_deg":106.9,"type":"ضعيف"}},{"type":"Feature","geometry":{"type":"MultiPolygon","coordinates":[[[[-0.3332503815790533,36.18849655273732],[-0.318302090519254,36.187252127411504],[-0.318468013896029,36.185259021936865],[-0.3334163049558283,36.18650344726268],[-0.3332503815790533,36.18849655273732]]],[[[-0.31340228852104174,36.185840766232246],[-0.31813616714247894,36.189245232886144],[-0.3186339372728041,36.183265916462226],[-0.31340228852104174,36.185840766232246]]]]},"properties":{"speed":0.2208,"dir_deg":94.8,"type":"ضعيف"}},{"type":"Feature","geometry":{"type":"MultiPolygon","coordinates":[[[[-0.29171571812263564,36.18849879576491],[-0.2767337816489735,36.189234716616056],[-0.27663565886882063,36.18723712508624],[-0.29161759534248277,36.18650120423509],[-0.29171571812263564,36.18849879576491]]],[[[-0.271690741434343,36.188481227801525],[-0.2768319044291263,36.19123230814588],[-0.2765375360886678,36.18523953355642],[-0.271690741434343,36.188481227801525]]]]},"properties":{"speed":0.2361,"dir_deg":87.2,"type":"ضعيف"}},{"type":"Feature","geometry":{"type":"MultiPolygon","coordinates":[[[[-0.2502688739261731,36.188463175379574],[-0.23582124323251047,36.192496284272174],[-0.2352834953801643,36.190569933513025],[-0.24973112607382691,36.186536824620426],[-0.2502688739261731,36.188463175379574]]],[[[-0.23073649240844984,36.192877478523464],[-0.2363589910848566,36.19442263503133],[-0.23474574752781815,36.18864358275387],[-0.23073649240844984,36.192877478523464]]]]},"properties":{"speed":0.268,"dir_deg":74.4,"type":"متوسط"}},{"type":"Feature","geometry":{"type":"MultiPolygon","coordinates":[[[[-0.2088034541067662,36.188382599449426],[-0.1955644623653351,36.195434485556724],[-0.19462421088436188,36.19366928665787],[-0.207863202625793,36.186617400550574],[-0.2088034541067662,36.188382599449426]]],[[[-0.1906813393777048,36.19690251480973],[-0.19650471384630833,36.19719968445558],[-0.19368395940338864,36.19190408775901],[-0.1906813393777048,36.19690251480973]]]]},"properties":{"speed":0.2875,"dir_deg":62.0,"type":"متوسط"}},{"type":"Feature","geometry":{"type":"MultiPolygon","coordinates":[[[[-0.16738936874500113,36.18819116487566],[-0.15702189561009708,36.199031621544876],[-0.15557650138753562,36.19764929179355],[-0.16594397452243967,36.18680883512434],[-0.16738936874500113,36.18819116487566]]],[[[-0.15284337412051502,36.201953942225614],[-0.15846728983265856,36.2004139512962],[-0.15413110716497413,36.19626696204223],[-0.15284337412051502,36.201953942225614]]]]},"properties":{"speed":0.402,"dir_deg":43.7,"type":"متوسط"}},{"type":"Feature","geometry":{"type":"MultiPolygon","coordinates":[[[[-0.1257273564031921,36.188186259909024],[-0.11543345776781207,36.1990966059569],[-0.11397874496142789,36.197724086138855],[-0.12427264359680791,36.186813740090976],[-0.1257273564031921,36.188186259909024]]],[[[-0.1112748018194933,36.20204712806384],[-0.11688817057419626,36.20046912577496],[-0.1125240321550437,36.1963515663208],[-0.1112748018194933,36.20204712806384]]]]},"properties":{"speed":0.5077,"dir_deg":43.3,"type":"قوي"}},{"type":"Feature","geometry":{"type":"MultiPolygon","coordinates":[[[[-0.08408148216057905,36.188163533758285],[-0.07412847578634599,36.199385728914066],[-0.07263218309890829,36.198058661397496],[-0.08258518947314135,36.186836466241715],[-0.08408148216057905,36.188163533758285]]],[[[-0.07006266065121612,36.202462926874375],[-0.0756247684737837,36.20071279643063],[-0.07113589041147057,36.19673159388093],[-0.07006266065121612,36.202462926874375]]]]},"properties":{"speed":0.571,"dir_deg":41.6,"type":"قوي"}},{"type":"Feature","geometry":{"type":"MultiPolygon","coordinates":[[[[-0.04248965612405014,36.18806805844501],[-0.03396877944885577,36.20041288167931],[-0.03232280301761569,36.19927676478929],[-0.04084367969281006,36.18693194155499],[-0.04248965612405014,36.18806805844501]]],[[[-0.030305499008170936,36.2039597643124],[-0.035614755880095855,36.201548998569336],[-0.030676826586375605,36.198140647899265],[-0.030305499008170936,36.2039597643124]]]]},"properties":{"speed":0.6268,"dir_deg":34.6,"type":"قوي"}},{"type":"Feature","geometry":{"type":"MultiPolygon","coordinates":[[[[-0.0008717650688802634,36.18798992414176],[0.0064770970575337775,36.201066400174966],[0.008220627195294304,36.200086551891445],[0.0008717650688802634,36.18701007585824],[-0.0008717650688802634,36.18798992414176]]],[[[0.009798482835218721,36.2049353013776],[0.0047335669197732504,36.20204624845849],[0.009964157333054832,36.199106703607924],[0.009798482835218721,36.2049353013776]]]]},"properties":{"speed":0.5993,"dir_deg":29.3,"type":"قوي"}},{"type":"Feature","geometry":{"type":"MultiPolygon","coordinates":[[[[0.040757887564550316,36.18791727483339],[0.047017010065348,36.201548979991585],[0.04883457075310757,36.20071443032481],[0.04257544825230988,36.18708272516661],[0.040757887564550316,36.18791727483339]]],[[[0.050012164576160346,36.2056756068776],[0.045199449377588435,36.202383529658356],[0.05065213144086714,36.19987988065804],[0.050012164576160346,36.2056756068776]]]]},"properties":{"speed":0.4604,"dir_deg":24.7,"type":"متوسط"}},{"type":"Feature","geometry":{"type":"MultiPolygon","coordinates":[[[[0.08241242687538292,36.187889777784775],[0.08825909364706723,36.201703411906934],[0.0901009115300218,36.20092385633738],[0.08425424475833748,36.187110222215225],[0.08241242687538292,36.187889777784775]]],[[[0.09112889151243929,36.20591817882955],[0.08641727576411266,36.20248296747649],[0.09194272941297636,36.200144300767825],[0.09112889151243929,36.20591817882955]]]]},"properties":{"speed":0.291,"dir_deg":22.9,"type":"متوسط"}},{"type":"Feature","geometry":{"type":"MultiPolygon","coordinates":[[[[0.12412472573560121,36.187983626883124],[0.13137912898247536,36.201112740849105],[0.13312967751127294,36.20014548708286],[0.1258752742643988,36.187016373116876],[0.12412472573560121,36.187983626883124]]],[[[0.13467253766249887,36.20500548528798],[0.12962858045367776,36.20207999461535],[0.13488022604007055,36.19917823331661],[0.13467253766249887,36.20500548528798]]]]},"properties":{"speed":0.1935,"dir_deg":28.9,"type":"ضعيف"}},{"type":"Feature","geometry":{"type":"MultiPolygon","coordinates":[[[[0.16590933937172492,36.18815302974277],[0.1757047855132585,36.19951301367271],[0.17721945003724945,36.198206954187164],[0.16742400389571588,36.18684697025723],[0.16590933937172492,36.18815302974277]]],[[[0.1797272664890985,36.20264664523991],[0.17419012098926756,36.20081907315824],[0.1787341145612404,36.19690089470163],[0.1797272664890985,36.20264664523991]]]]},"properties":{"speed":0.1551,"dir_deg":40.8,"type":"ضعيف"}},{"type":"Feature","geometry":{"type":"MultiPolygon","coordinates":[[[[0.20770110425091146,36.188274785562555],[0.21932288768926822,36.19775814729308],[0.2205873359200045,36.19620857616797],[0.20896555248164775,36.186725214437445],[0.20770110425091146,36.188274785562555]]],[[[0.22382903961742193,36.200144482307365],[0.2180584394585319,36.1993077184182],[0.22185178415074083,36.19465900504285],[0.22382903961742193,36.200144482307365]]]]},"properties":{"speed":0.14,"dir_deg":50.8,"type":"ضعيف"}},{"type":"Feature","geometry":{"type":"MultiPolygon","coordinates":[[[[0.24916421702545877,36.1880490599416],[0.2574001161494209,36.200585804559715],[0.25907168209850334,36.19948768467652],[0.25083578297454123,36.1869509400584],[0.24916421702545877,36.1880490599416]]],[[[0.2609811988319495,36.20421565949083],[0.2557285502003384,36.20168392444291],[0.2607432480475858,36.198389564793324],[0.2609811988319495,36.20421565949083]]]]},"properties":{"speed":0.0976,"dir_deg":33.3,"type":"ضعيف"}},{"type":"Feature","geometry":{"type":"MultiPolygon","coordinates":[[[[0.2906672235816979,36.1874663343356],[0.29016223861571566,36.20245783159852],[0.2921611049174383,36.202525162927316],[0.2926660898834205,36.1875336656644],[0.2906672235816979,36.1874663343356]]],[[[0.2909933434445829,36.20748866301722],[0.288163372313993,36.20239050026972],[0.29415997121916093,36.202592494256116],[0.2909933434445829,36.20748866301722]]]]},"properties":{"speed":0.0986,"dir_deg":358.1,"type":"ضعيف"}},{"type":"Feature","geometry":{"type":"MultiPolygon","coordinates":[[[[-0.41624009618597624,36.230072397242054],[-0.40267321104154297,36.22367398904331],[-0.4035263321347089,36.22186507102405],[-0.41709321727914217,36.22826347922279],[-0.41624009618597624,36.230072397242054]]],[[[-0.3985774765399815,36.220636727300764],[-0.4018200899483771,36.22548290706257],[-0.4043794532278748,36.22005615300479],[-0.3985774765399815,36.220636727300764]]]]},"properties":{"speed":0.1474,"dir_deg":115.2,"type":"ضعيف"}},{"type":"Feature","geometry":{"type":"MultiPolygon","coordinates":[[[[-0.37462419665008634,36.23009463766708],[-0.36072370513023094,36.22445758741837],[-0.36147531183005827,36.222604188549056],[-0.37537580334991366,36.228241238797764],[-0.37462419665008634,36.23009463766708]]],[[[-0.35646601130685945,36.22165187123415],[-0.35997209843040356,36.226310986287686],[-0.36222691852988564,36.22075078967974],[-0.35646601130685945,36.22165187123415]]]]},"properties":{"speed":0.1627,"dir_deg":112.1,"type":"ضعيف"}},{"type":"Feature","geometry":{"type":"MultiPolygon","coordinates":[[[[-0.3331590505653712,36.2301526321209],[-0.31838864223820607,36.227538241589855],[-0.31873722764234524,36.2255688538129],[-0.3335076359695104,36.228183244343946],[-0.3331590505653712,36.2301526321209]]],[[[-0.31363946549788724,36.22568208419103],[-0.31804005683406694,36.229507629366815],[-0.31908581304648437,36.22359946603594],[-0.31363946549788724,36.22568208419103]]]]},"properties":{"speed":0.1631,"dir_deg":100.0,"type":"ضعيف"}},{"type":"Feature","geometry":{"type":"MultiPolygon","coordinates":[[[[-0.2916365644307978,36.23016748535656],[-0.2766433575687116,36.22971610083014],[-0.2767035421722345,36.22771700658186],[-0.29169674903432063,36.228168391108284],[-0.2916365644307978,36.23016748535656]]],[[[-0.27167571424977766,36.22856609219719],[-0.27658317296518875,36.231715195078415],[-0.27676372677575733,36.225717912333586],[-0.27167571424977766,36.22856609219719]]]]},"properties":{"speed":0.1631,"dir_deg":91.7,"type":"ضعيف"}},{"type":"Feature","geometry":{"type":"MultiPolygon","coordinates":[[[[-0.25023435496842406,36.230140089326014],[-0.23565208856452224,36.233655413852375],[-0.23518337862767408,36.23171111166519],[-0.24976564503157592,36.22819578713883],[-0.25023435496842406,36.230140089326014]]],[[[-0.23055697812813086,36.233855037600904],[-0.23612079850137038,36.235599716039566],[-0.23471466869082594,36.229766809478],[-0.23055697812813086,36.233855037600904]]]]},"properties":{"speed":0.1813,"dir_deg":76.4,"type":"ضعيف"}},{"type":"Feature","geometry":{"type":"MultiPolygon","coordinates":[[[[-0.20877723585844649,36.23006401085135],[-0.1953361465744794,36.23672262323385],[-0.19444833159014563,36.234930477995995],[-0.20788942087411272,36.22827186561349],[-0.20877723585844649,36.23006401085135]]],[[[-0.1904118759876568,36.23804608807576],[-0.19622396155881314,36.23851476847172],[-0.1935605166058119,36.23313833275813],[-0.1904118759876568,36.23804608807576]]]]},"properties":{"speed":0.2072,"dir_deg":63.6,"type":"ضعيف"}},{"type":"Feature","geometry":{"type":"MultiPolygon","coordinates":[[[[-0.16740326441684478,36.22984427474027],[-0.15725821679911312,36.24089316648714],[-0.15578503123286436,36.23954049347144],[-0.16593007885059602,36.22849160172457],[-0.16740326441684478,36.22984427474027]]],[[[-0.15313994147674484,36.24389979389491],[-0.15873140236536187,36.242245839502836],[-0.1543118456666156,36.23818782045574],[-0.15313994147674484,36.24389979389491]]]]},"properties":{"speed":0.3019,"dir_deg":42.6,"type":"متوسط"}},{"type":"Feature","geometry":{"type":"MultiPolygon","coordinates":[[[[-0.1258008559362363,36.229766795284974],[-0.11681800014790862,36.241779634328516],[-0.11521628827543602,36.24058192022341],[-0.1241991440637637,36.22856908117987],[-0.1258008559362363,36.229766795284974]]],[[[-0.11302285894889642,36.24518505695715],[-0.11841971202038123,36.24297734843363],[-0.11361457640296341,36.2393842061183],[-0.11302285894889642,36.24518505695715]]]]},"properties":{"speed":0.4041,"dir_deg":36.8,"type":"متوسط"}},{"type":"Feature","geometry":{"type":"MultiPolygon","coordinates":[[[[-0.08418385242880715,36.229693886416946],[-0.07629462966097302,36.24245163559615],[-0.07459359643707912,36.2413997392271],[-0.08248281920491325,36.2286419900479],[-0.08418385242880715,36.229693886416946]]],[[[-0.07281437212641469,36.24617827047136],[-0.07799566288486692,36.24350353196519],[-0.07289256321318521,36.24034784285806],[-0.07281437212641469,36.24617827047136]]]]},"properties":{"speed":0.4857,"dir_deg":31.7,"type":"قوي"}},{"type":"Feature","geometry":{"type":"MultiPolygon","coordinates":[[[[-0.042576237120444456,36.22958349069428],[-0.0363429501925863,36.2432270288745],[-0.03452381176855759,36.24239592395078],[-0.04075709869641574,36.22875238577056],[-0.042576237120444456,36.22958349069428]]],[[[-0.03335561867128589,36.24735932247271],[-0.038162088616615006,36.24405813379821],[-0.03270467334452888,36.24156481902707],[-0.03335561867128589,36.24735932247271]]]]},"properties":{"speed":0.6086,"dir_deg":24.6,"type":"قوي"}},{"type":"Feature","geometry":{"type":"MultiPolygon","coordinates":[[[[-0.0009273936066042158,36.229542025252286],[0.004683911691333654,36.24345292935135],[0.006538698904542086,36.24270475531162],[0.0009273936066042158,36.22879385121256],[-0.0009273936066042158,36.229542025252286]]],[[[0.0074817403972504935,36.247715810364504],[0.0028291244781252223,36.24420110339107],[0.008393486117750518,36.2419565812719],[0.0074817403972504935,36.247715810364504]]]]},"properties":{"speed":0.6631,"dir_deg":22.0,"type":"قوي"}},{"type":"Feature","geometry":{"type":"MultiPolygon","coordinates":[[[[0.04072930575297969,36.22951629464406],[0.04595465192755106,36.24357672697581],[0.047829376238451876,36.24288001415254],[0.042604030063880506,36.22881958182079],[0.04072930575297969,36.22951629464406]]],[[[0.048633796141191926,36.24791518134143],[0.04407992761665025,36.24427343979909],[0.04970410054935269,36.24218330132926],[0.048633796141191926,36.24791518134143]]]]},"properties":{"speed":0.5804,"dir_deg":20.4,"type":"قوي"}},{"type":"Feature","geometry":{"type":"MultiPolygon","coordinates":[[[[0.08239320125454849,36.22950874170181],[0.08750525329537023,36.243610760136484],[0.08938552241999365,36.242929153197714],[0.0842734703791719,36.22882713476304],[0.08239320125454849,36.22950874170181]]],[[[0.09014940520462252,36.24797062947866],[0.08562498417074682,36.24429236707526],[0.09126579154461706,36.24224754625894],[0.09014940520462252,36.24797062947866]]]]},"properties":{"speed":0.4019,"dir_deg":19.9,"type":"متوسط"}},{"type":"Feature","geometry":{"type":"MultiPolygon","coordinates":[[[[0.12405951770087555,36.22950778090931],[0.12915715785417722,36.24361501539617],[0.13103812245242616,36.2429353300424],[0.12594048229912447,36.228828095555535],[0.12405951770087555,36.22950778090931]]],[[[0.13179685353773557,36.24797758421491],[0.12727619325592832,36.24429470074995],[0.13291908705067507,36.242255644688626],[0.13179685353773557,36.24797758421491]]]]},"properties":{"speed":0.2406,"dir_deg":19.9,"type":"متوسط"}},{"type":"Feature","geometry":{"type":"MultiPolygon","coordinates":[[[[0.1657576052810983,36.22958458960531],[0.1720073758744353,36.243220584894644],[0.17382550857967946,36.24238728214887],[0.16757573798634248,36.228751286859534],[0.1657576052810983,36.22958458960531]]],[[[0.17499969909150304,36.24734926528486],[0.17018924316919115,36.244053887640426],[0.1756436412849236,36.241553979403086],[0.17499969909150304,36.24734926528486]]]]},"properties":{"speed":0.1513,"dir_deg":24.6,"type":"ضعيف"}},{"type":"Feature","geometry":{"type":"MultiPolygon","coordinates":[[[[0.20753114622424565,36.22976501763334],[0.21648733723803115,36.24179774976385],[0.21809170152209906,36.24060359096201],[0.20913551050831355,36.2285708588315],[0.20753114622424565,36.22976501763334]]],[[[0.22027491638466026,36.2452115810731],[0.21488297295396327,36.242991908565685],[0.21969606580616693,36.23940943216017],[0.22027491638466026,36.2452115810731]]]]},"properties":{"speed":0.1277,"dir_deg":36.7,"type":"ضعيف"}},{"type":"Feature","geometry":{"type":"MultiPolygon","coordinates":[[[[0.2491823096607806,36.22974359655916],[0.2578171845619087,36.24200895164745],[0.25945256524034754,36.24085763499397],[0.2508176903392194,36.22859227990568],[0.2491823096607806,36.22974359655916]]],[[[0.2615131665348375,36.24552174501681],[0.2561818038834699,36.24316026830093],[0.26108794591878637,36.23970631834049],[0.2615131665348375,36.24552174501681]]]]},"properties":{"speed":0.1375,"dir_deg":35.1,"type":"ضعيف"}},{"type":"Feature","geometry":{"type":"MultiPolygon","coordinates":[[[[0.2907720473779961,36.22961478731514],[0.2974747836188044,36.24303392763359],[0.2992640023279306,36.24214022946815],[0.2925612660871223,36.2287210891497],[0.2907720473779961,36.22961478731514]]],[[[0.3006036383869703,36.247060125323685],[0.29568556490967823,36.24392762579903],[0.3010532210370568,36.24124653130271],[0.3006036383869703,36.247060125323685]]]]},"properties":{"speed":0.1358,"dir_deg":26.5,"type":"ضعيف"}},{"type":"Feature","geometry":{"type":"MultiPolygon","coordinates":[[[[0.33239985228871044,36.2295265391145],[0.33777886551992137,36.24352890379546],[0.3396458474773821,36.2428117020313],[0.33426683424617115,36.22880933735034],[0.33239985228871044,36.2295265391145]]],[[[0.34050536090905537,36.24783775780703],[0.3359118835624607,36.24424610555962],[0.34151282943484274,36.242094500267136],[0.34050536090905537,36.24783775780703]]]]},"properties":{"speed":0.1109,"dir_deg":21.0,"type":"ضعيف"}},{"type":"Feature","geometry":{"type":"MultiPolygon","coordinates":[[[[0.3741057877543099,36.229615581460514],[0.38082043617571143,36.243028765145866],[0.3826088606670916,36.24213347868968],[0.3758942122456901,36.22872029500433],[0.3741057877543099,36.229615581460514]]],[[[0.38395286456186867,36.247052183146224],[0.37903201168433126,36.24392405160205],[0.38439728515847177,36.241238192233496],[0.38395286456186867,36.247052183146224]]]]},"properties":{"speed":0.1062,"dir_deg":26.6,"type":"ضعيف"}},{"type":"Feature","geometry":{"type":"MultiPolygon","coordinates":[[[[0.4159874668260895,36.22990190081386],[0.42699690554764463,36.240089749410906],[0.42835528536058404,36.238621824248035],[0.4173458466390289,36.22843397565099],[0.4159874668260895,36.22990190081386]]],[[[0.4313459083612994,36.24275173636182],[0.42563852573470523,36.241557674573784],[0.42971366517352344,36.23715389908516],[0.4313459083612994,36.24275173636182]]]]},"properties":{"speed":0.0866,"dir_deg":47.2,"type":"ضعيف"}},{"type":"Feature","geometry":{"type":"MultiPolygon","coordinates":[[[[-0.41628636226042315,36.27175692722507],[-0.4024133803980362,36.26605251014303],[-0.4031739693423083,36.26420277922804],[-0.41704695120469526,36.269907196310086],[-0.41628636226042315,36.27175692722507]]],[[[-0.39816934758270994,36.263226172324856],[-0.40165279145376404,36.26790224105801],[-0.4039345582865805,36.26235304831306],[-0.39816934758270994,36.263226172324856]]]]},"properties":{"speed":0.1561,"dir_deg":112.4,"type":"ضعيف"}},{"type":"Feature","geometry":{"type":"MultiPolygon","coordinates":[[[[-0.3746366106524244,36.271763699133764],[-0.36066205015967795,36.26631285892013],[-0.3613888288548292,36.26444958418776],[-0.3753633893475756,36.26990042440139],[-0.3746366106524244,36.271763699133764]]],[[[-0.3563672526763381,36.26356427481607],[-0.35993527146452675,36.268176133652496],[-0.3621156075499804,36.26258630945539],[-0.3563672526763381,36.26356427481607]]]]},"properties":{"speed":0.1536,"dir_deg":111.3,"type":"ضعيف"}},{"type":"Feature","geometry":{"type":"MultiPolygon","coordinates":[[[[-0.3330762393910377,36.27179844554059],[-0.31858048279587636,36.26794188739454],[-0.31909469054868256,36.26600911984852],[-0.3335904471438439,36.26986567799457],[-0.3330762393910377,36.27179844554059]]],[[[-0.3140056678072257,36.265689984239515],[-0.31806627504307017,36.269874654940566],[-0.31960889830148875,36.264076352302496],[-0.3140056678072257,36.265689984239515]]]]},"properties":{"speed":0.142,"dir_deg":104.9,"type":"ضعيف"}},{"type":"Feature","geometry":{"type":"MultiPolygon","coordinates":[[[[-0.2915956531244202,36.27182953782626],[-0.27663351224428445,36.27076448370417],[-0.27677551946056245,36.26876953158681],[-0.2917376603406982,36.2698345857089],[-0.2915956531244202,36.27182953782626]]],[[[-0.27171713555904486,36.2694119896048],[-0.2764915050280064,36.27275943582152],[-0.2769175266768405,36.26677457946946],[-0.27171713555904486,36.2694119896048]]]]},"properties":{"speed":0.1336,"dir_deg":94.1,"type":"ضعيف"}},{"type":"Feature","geometry":{"type":"MultiPolygon","coordinates":[[[[-0.25017911418004624,36.27181589006078],[-0.2354216897820039,36.27450260276147],[-0.23506346142191148,36.27253494617507],[-0.2498208858199538,36.26984823347438],[-0.25017911418004624,36.27181589006078]]],[[[-0.23032343413594358,36.274414345368506],[-0.2357799181420963,36.27647025934788],[-0.23470523306181906,36.27056728958866],[-0.23032343413594358,36.274414345368506]]]]},"properties":{"speed":0.1376,"dir_deg":79.7,"type":"ضعيف"}},{"type":"Feature","geometry":{"type":"MultiPolygon","coordinates":[[[[-0.20869317491325545,36.27176507326945],[-0.19469800238514245,36.27716277147409],[-0.19397830929119075,36.275296748470346],[-0.20797348181930375,36.26989905026571],[-0.20869317491325545,36.27176507326945]]],[[[-0.18967309832879561,36.27802899270709],[-0.19541769547909418,36.27902879447784],[-0.19325861619723902,36.273430725466596],[-0.18967309832879561,36.27802899270709]]]]},"properties":{"speed":0.1548,"dir_deg":68.9,"type":"ضعيف"}},{"type":"Feature","geometry":{"type":"MultiPolygon","coordinates":[[[[-0.16737699229561182,36.27153593999376],[-0.15681881890291366,36.28219074992213],[-0.15539817757913083,36.280782993469764],[-0.16595635097182898,36.270128183541395],[-0.16737699229561182,36.27153593999376]]],[[[-0.15258910711012286,36.28503847500541],[-0.15823946022669652,36.28359850637449],[-0.15397753625534796,36.279375237017405],[-0.15258910711012286,36.28503847500541]]]]},"properties":{"speed":0.2185,"dir_deg":44.7,"type":"ضعيف"}},{"type":"Feature","geometry":{"type":"MultiPolygon","coordinates":[[[[-0.12584875060036518,36.271360855128336],[-0.11791685018902384,36.28409211413381],[-0.11621934898829345,36.2830345274123],[-0.1241512493996348,36.27030326840682],[-0.12584875060036518,36.271360855128336]]],[[[-0.1144241327848782,36.28780707377488],[-0.11961435138975424,36.28514970085532],[-0.11452184778756305,36.28197694069079],[-0.1144241327848782,36.28780707377488]]]]},"properties":{"speed":0.3245,"dir_deg":31.9,"type":"متوسط"}},{"type":"Feature","geometry":{"type":"MultiPolygon","coordinates":[[[[-0.08425523692009038,36.27121948705826],[-0.07844385755980328,36.28504800360671],[-0.07660005535334292,36.284273153025346],[-0.08241143471363002,36.270444636476896],[-0.08425523692009038,36.27121948705826]]],[[[-0.07558483000314406,36.28927008383218],[-0.08028765976626363,36.28582285418808],[-0.07475625314688257,36.283498302443974],[-0.07558483000314406,36.28927008383218]]]]},"properties":{"speed":0.4224,"dir_deg":22.8,"type":"متوسط"}},{"type":"Feature","geometry":{"type":"MultiPolygon","coordinates":[[[[-0.0426307818220409,36.27109755067805],[-0.0386484481650047,36.28555925938221],[-0.0367202203377831,36.28502828156127],[-0.0407025539948193,36.270566572857106],[-0.0426307818220409,36.27109755067805]]],[[[-0.0363568896990485,36.29011434003979],[-0.04057667599222631,36.28609023720315],[-0.03479199251056149,36.28449730374033],[-0.0363568896990485,36.29011434003979]]]]},"properties":{"speed":0.6028,"dir_deg":15.4,"type":"قوي"}},{"type":"Feature","geometry":{"type":"MultiPolygon","coordinates":[[[[-0.0009598888010496035,36.27111244273986],[0.003245825783227338,36.28551077475561],[0.0051656033853265445,36.28495001281104],[0.0009598888010496035,36.27055168079529],[-0.0009598888010496035,36.27111244273986]]],[[[0.005607619445702589,36.29002983778857],[0.0013260481811281305,36.28607153670018],[0.007085380987425752,36.28438925086647],[0.005607619445702589,36.29002983778857]]]]},"properties":{"speed":0.7075,"dir_deg":16.3,"type":"قوي"}},{"type":"Feature","geometry":{"type":"MultiPolygon","coordinates":[[[[0.04070976245923221,36.271122461425456],[0.045065757327395345,36.28547604316343],[0.04697956822579112,36.28489524384767],[0.04262357335762799,36.2705416621097],[0.04070976245923221,36.271122461425456]]],[[[0.047474661065980944,36.28997017075154],[0.043151946428999576,36.286056842479184],[0.04889337912418689,36.284314444531915],[0.047474661065980944,36.28997017075154]]]]},"properties":{"speed":0.6725,"dir_deg":16.9,"type":"قوي"}},{"type":"Feature","geometry":{"type":"MultiPolygon","coordinates":[[[[0.082373156195584,36.27111144518671],[0.08656390748256419,36.28551413950586],[0.0884842667251166,36.28495537266759],[0.0842935154381364,36.270552678348444],[0.082373156195584,36.27111144518671]]],[[[0.08892100419950047,36.290035654193105],[0.0846435482400118,36.28607290634412],[0.09040462596766899,36.28439660582933],[0.08892100419950047,36.290035654193105]]]]},"properties":{"speed":0.4928,"dir_deg":16.2,"type":"قوي"}},{"type":"Feature","geometry":{"type":"MultiPolygon","coordinates":[[[[0.12402475843850283,36.27105320402209],[0.1273418922561118,36.28568182744455],[0.12929237537910615,36.28523954293553],[0.12597524156149717,36.27061091951307],[0.12402475843850283,36.27105320402209]]],[[[0.12942284509014532,36.29033689299752],[0.12539140913311747,36.28612411195356],[0.1312428585021005,36.284797258426515],[0.12942284509014532,36.29033689299752]]]]},"properties":{"speed":0.295,"dir_deg":12.8,"type":"متوسط"}},{"type":"Feature","geometry":{"type":"MultiPolygon","coordinates":[[[[0.16568138804943486,36.271002989408814],[0.16824530266792725,36.285782243173095],[0.17021586983649833,36.285440387890624],[0.16765195521800594,36.27066113412634],[0.16568138804943486,36.271002989408814]]],[[[0.17008522445837693,36.29053773345329],[0.16627473549935615,36.28612409845556],[0.17218643700506944,36.28509853260816],[0.17008522445837693,36.29053773345329]]]]},"properties":{"speed":0.177,"dir_deg":9.8,"type":"ضعيف"}},{"type":"Feature","geometry":{"type":"MultiPolygon","coordinates":[[[[0.20735911406894705,36.271057686462306],[0.21074348448992447,36.2856709009223],[0.21269191308458957,36.28521965153284],[0.20930754266361215,36.27060643707285],[0.20735911406894705,36.271057686462306]]],[[[0.21284582226091614,36.29031634771423],[0.20879505589525935,36.28612215031176],[0.2146403416792547,36.28476840214338],[0.21284582226091614,36.29031634771423]]]]},"properties":{"speed":0.1326,"dir_deg":13.0,"type":"ضعيف"}},{"type":"Feature","geometry":{"type":"MultiPolygon","coordinates":[[[[0.2490299148239403,36.2710748265739],[0.2526713869187898,36.2856261042148],[0.2546115572709093,36.28514057460215],[0.25097008517605973,36.270589296961255],[0.2490299148239403,36.2710748265739]]],[[[0.25485529612646607,36.290233765288775],[0.2507312165666704,36.286111633827446],[0.2565517276230287,36.284655044989506],[0.25485529612646607,36.290233765288775]]]]},"properties":{"speed":0.1366,"dir_deg":14.0,"type":"ضعيف"}},{"type":"Feature","geometry":{"type":"MultiPolygon","coordinates":[[[[0.2907108542739233,36.27112607139338],[0.29512099866098573,36.28546310827292],[0.29703260357825756,36.28487508902131],[0.2926224591911951,36.270538052141774],[0.2907108542739233,36.27112607139338]]],[[[0.2975468492486425,36.289948110940294],[0.29320939374371385,36.28605112752453],[0.29894420849552944,36.284287069769704],[0.2975468492486425,36.289948110940294]]]]},"properties":{"speed":0.1544,"dir_deg":17.1,"type":"ضعيف"}},{"type":"Feature","geometry":{"type":"MultiPolygon","coordinates":[[[[0.33242812271518507,36.27125700382454],[0.3388022535695933,36.28483531210837],[0.34061269467410477,36.28398542799445],[0.3342385638196965,36.27040711971062],[0.33242812271518507,36.27125700382454]]],[[[0.3418321844066518,36.28893647281269],[0.3369918124650819,36.285685196222296],[0.34242313577861616,36.283135543880526],[0.3418321844066518,36.28893647281269]]]]},"properties":{"speed":0.1239,"dir_deg":25.1,"type":"ضعيف"}},{"type":"Feature","geometry":{"type":"MultiPolygon","coordinates":[[[[0.3741146266039587,36.27129694234319],[0.38108783523815537,36.28457754328381],[0.3828585820302379,36.28364778213258],[0.3758853733960413,36.270367181191965],[0.3741146266039587,36.27129694234319]]],[[[0.3842976115122622,36.2885395296884],[0.37931708844607287,36.285507304435036],[0.3846293288223204,36.282718020981356],[0.3842976115122622,36.2885395296884]]]]},"properties":{"speed":0.109,"dir_deg":27.7,"type":"ضعيف"}},{"type":"Feature","geometry":{"type":"MultiPolygon","coordinates":[[[[0.41581965912113555,36.27136365846268],[0.42379360954765477,36.28406862263404],[0.42548760477050207,36.28300542924383],[0.41751365434398285,36.270300465072474],[0.41581965912113555,36.27136365846268]]],[[[0.4272985906345848,36.287772013996054],[0.4220996143248074,36.28513181602424],[0.4271815999933494,36.28194223585363],[0.4272985906345848,36.287772013996054]]]]},"properties":{"speed":0.0957,"dir_deg":32.1,"type":"ضعيف"}},{"type":"Feature","geometry":{"type":"MultiPolygon","coordinates":[[[[0.45745964358288727,36.271318527451065],[0.46475662883520136,36.28442402271937],[0.4665040282043084,36.2834510913524],[0.4592070429519943,36.27034559608409],[0.45745964358288727,36.271318527451065]]],[[[0.46806265693719296,36.28830605545865],[0.4630092294660943,36.285396954086345],[0.4682514275734155,36.28247815998542],[0.46806265693719296,36.28830605545865]]]]},"properties":{"speed":0.0949,"dir_deg":29.1,"type":"ضعيف"}},{"type":"Feature","geometry":{"type":"MultiPolygon","coordinates":[[[[0.4992154133688239,36.27145208097549],[0.5085157014875031,36.28322088044313],[0.5100848747498553,36.2819808420273],[0.5007845866311761,36.27021204255966],[0.4992154133688239,36.27145208097549]]],[[[0.5124003841582391,36.2865237943911],[0.506946528225151,36.284460918858954],[0.5116540480122075,36.28074080361148],[0.5124003841582391,36.2865237943911]]]]},"properties":{"speed":0.0662,"dir_deg":38.3,"type":"ضعيف"}},{"type":"Feature","geometry":{"type":"MultiPolygon","coordinates":[[[[-0.4162973402103001,36.313429303667476],[-0.40235778519814297,36.30788955583359],[-0.4030964182426611,36.30603094849864],[-0.4170359732548183,36.311570696332524],[-0.4162973402103001,36.313429303667476]]],[[[-0.3980805833830164,36.30511366955482],[-0.4016191521536248,36.30974816316854],[-0.4038350512871793,36.304172341163685],[-0.3980805833830164,36.30511366955482]]]]},"properties":{"speed":0.12,"dir_deg":111.7,"type":"ضعيف"}},{"type":"Feature","geometry":{"type":"MultiPolygon","coordinates":[[[[-0.3746434278758355,36.31343426779901],[-0.36062941089067085,36.30808568593654],[-0.3613425551389999,36.30621715033852],[-0.3753565721241645,36.31156573220099],[-0.3746434278758355,36.31343426779901]]],[[[-0.3563146440197805,36.30536855751671],[-0.35991626664234183,36.30995422153456],[-0.3620556993873289,36.3043486147405],[-0.3563146440197805,36.30536855751671]]]]},"properties":{"speed":0.1118,"dir_deg":110.9,"type":"ضعيف"}},{"type":"Feature","geometry":{"type":"MultiPolygon","coordinates":[[[[-0.33297174375151534,36.3134323335187],[-0.31898674097108803,36.308008340779814],[-0.31970994000293895,36.30614367374242],[-0.33369494278336626,36.3115676664813],[-0.33297174375151534,36.3134323335187]]],[[[-0.31468667289353774,36.30526800968149],[-0.31826354193923717,36.3098730078172],[-0.3204331390347898,36.30427900670503],[-0.31468667289353774,36.30526800968149]]]]},"properties":{"speed":0.1031,"dir_deg":111.2,"type":"ضعيف"}},{"type":"Feature","geometry":{"type":"MultiPolygon","coordinates":[[[[-0.2915615463560235,36.313494460561685],[-0.27664463793076605,36.31191780491365],[-0.27685485868383747,36.30992888379028],[-0.2917717671090949,36.311505539438315],[-0.2915615463560235,36.313494460561685]]],[[[-0.2717774454988826,36.31039779246929],[-0.27643441717769457,36.31390672603701],[-0.27706507943690895,36.307939962666914],[-0.2717774454988826,36.31039779246929]]]]},"properties":{"speed":0.0978,"dir_deg":96.0,"type":"ضعيف"}},{"type":"Feature","geometry":{"type":"MultiPolygon","coordinates":[[[[-0.2502144014083376,36.31347674563531],[-0.23556321687864368,36.316692766760376],[-0.2351344140619685,36.31473927548975],[-0.2497855985916624,36.31152325436469],[-0.2502144014083376,36.31347674563531]]],[[[-0.23046508729374146,36.316788028166755],[-0.23599201969531888,36.318646258031],[-0.2347056112452933,36.31278578421912],[-0.23046508729374146,36.316788028166755]]]]},"properties":{"speed":0.1091,"dir_deg":77.6,"type":"ضعيف"}},{"type":"Feature","geometry":{"type":"MultiPolygon","coordinates":[[[[-0.20866099897234847,36.31344479202681],[-0.19448911857024045,36.31835985111784],[-0.19383377735810273,36.316470267064226],[-0.20800565776021074,36.31155520797319],[-0.20866099897234847,36.31344479202681]]],[[[-0.1894374878301356,36.31905341212138],[-0.1951444597823782,36.320249435171455],[-0.19317843614596497,36.31458068301061],[-0.1894374878301356,36.31905341212138]]]]},"properties":{"speed":0.1303,"dir_deg":70.9,"type":"ضعيف"}},{"type":"Feature","geometry":{"type":"MultiPolygon","coordinates":[[[[-0.16732285070032868,36.31325460521635],[-0.15600377245505412,36.323097291215475],[-0.15469141432183756,36.321588080782774],[-0.16601049256711212,36.31174539478365],[-0.16732285070032868,36.31325460521635]]],[[[-0.15157456730668764,36.32562358133217],[-0.15731613058827065,36.32460650164818],[-0.15337905618862102,36.32007887035007],[-0.15157456730668764,36.32562358133217]]]]},"properties":{"speed":0.1699,"dir_deg":49.0,"type":"ضعيف"}},{"type":"Feature","geometry":{"type":"MultiPolygon","coordinates":[[[[-0.12586832506745724,36.312995995541534],[-0.11842839194439042,36.326020871553396],[-0.11669174180947592,36.32502888047033],[-0.12413167493254275,36.312004004458466],[-0.12586832506745724,36.312995995541534]]],[[[-0.11508008916924423,36.329866501349144],[-0.12016504207930492,36.32701286263647],[-0.11495509167456142,36.32403688938725],[-0.11508008916924423,36.329866501349144]]]]},"properties":{"speed":0.2784,"dir_deg":29.7,"type":"متوسط"}},{"type":"Feature","geometry":{"type":"MultiPolygon","coordinates":[[[[-0.08429493260568854,36.31277446605567],[-0.08017794177063926,36.3271984178881],[-0.07825474819298257,36.326649485776755],[-0.08237173902803185,36.31222553394433],[-0.08429493260568854,36.31277446605567]]],[[[-0.07784401470346115,36.33173193577657],[-0.08210113534829594,36.327747349999434],[-0.0763315546153259,36.32610055366542],[-0.07784401470346115,36.33173193577657]]]]},"properties":{"speed":0.3825,"dir_deg":15.9,"type":"متوسط"}},{"type":"Feature","geometry":{"type":"MultiPolygon","coordinates":[[[[-0.04265723438427251,36.31263703305053],[-0.04060173862634526,36.327495530188166],[-0.038620605674660434,36.32722146408711],[-0.04067610143258769,36.31236296694947],[-0.04265723438427251,36.31263703305053]]],[[[-0.038926006897860424,36.33231132951685],[-0.04258287157803008,36.32776959628922],[-0.03663947272297561,36.32694739798605],[-0.038926006897860424,36.33231132951685]]]]},"properties":{"speed":0.6062,"dir_deg":7.9,"type":"قوي"}},{"type":"Feature","geometry":{"type":"MultiPolygon","coordinates":[[[[-0.0009799236402695739,36.3126993731658],[0.0020106738467196173,36.32739822776984],[0.0039705211272587655,36.32699948143824],[0.0009799236402695739,36.3123006268342],[-0.0009799236402695739,36.3126993731658]]],[[[0.0039874633159855885,36.33209847280539],[5.082656618047004e-05,36.32779697410144],[0.005930368407797913,36.326600735106645],[0.0039874633159855885,36.33209847280539]]]]},"properties":{"speed":0.7383,"dir_deg":11.5,"type":"قوي"}},{"type":"Feature","geometry":{"type":"MultiPolygon","coordinates":[[[[0.0406964120741547,36.31274208183751],[0.044327639636876845,36.32729591935164],[0.04626815130542765,36.326811755676616],[0.0426369237427055,36.31225791816249],[0.0406964120741547,36.31274208183751]]],[[[0.046508304658726296,36.331905116685505],[0.04238712796832605,36.327780083026674],[0.048208662973978446,36.32632759200158],[0.046508304658726296,36.331905116685505]]]]},"properties":{"speed":0.7324,"dir_deg":14.0,"type":"قوي"}},{"type":"Feature","geometry":{"type":"MultiPolygon","coordinates":[[[[0.08235786346067438,36.31272012197145],[0.0856596930325005,36.32735220731424],[0.08761063774487214,36.32691196337134],[0.08430880817304602,36.31227987802855],[0.08235786346067438,36.31272012197145]]],[[[0.08773577524596168,36.33200944712372],[0.08370874832012884,36.32779245125715],[0.0895615824572438,36.326471719428426],[0.08773577524596168,36.33200944712372]]]]},"properties":{"speed":0.5617,"dir_deg":12.7,"type":"قوي"}},{"type":"Feature","geometry":{"type":"MultiPolygon","coordinates":[[[[0.12401292199759431,36.3126602404979],[0.12641652946607304,36.32746641053399],[0.12839068547088442,36.32714592953819],[0.1259870780024057,36.3123397595021],[0.12401292199759431,36.3126602404979]]],[[[0.12820480995797165,36.33224156004811],[0.12444237346126165,36.32778689152978],[0.1303648414756958,36.326825448542394],[0.12820480995797165,36.33224156004811]]]]},"properties":{"speed":0.3602,"dir_deg":9.2,"type":"متوسط"}},{"type":"Feature","geometry":{"type":"MultiPolygon","coordinates":[[[[0.16568117175564276,36.31266967613359],[0.168226313759445,36.32745217430475],[0.17019731351560027,36.32711282203758],[0.16765217151179804,36.31233032386641],[0.16568117175564276,36.31266967613359]]],[[[0.1700601943054567,36.332209997561556],[0.16625531400328974,36.32779152657193],[0.17216831327175552,36.3267734697704],[0.1700601943054567,36.332209997561556]]]]},"properties":{"speed":0.2189,"dir_deg":9.8,"type":"ضعيف"}},{"type":"Feature","geometry":{"type":"MultiPolygon","coordinates":[[[[0.20735013109807343,36.312682546245625],[0.21008832478245512,36.327430505268715],[0.21205471931886746,36.327065412777465],[0.20931652563448577,36.312317453754375],[0.20735013109807343,36.312682546245625]]],[[[0.2119842532787885,36.33216394536412],[0.2081219302460428,36.327795597759966],[0.21402111385527978,36.326700320286214],[0.2119842532787885,36.33216394536412]]]]},"properties":{"speed":0.137,"dir_deg":10.5,"type":"ضعيف"}},{"type":"Feature","geometry":{"type":"MultiPolygon","coordinates":[[[[0.24900502550819967,36.31260012872049],[0.2505069563155271,36.327524746097495],[0.2524969052991278,36.327324488656515],[0.25099497449180036,36.31239987127951],[0.24900502550819967,36.31260012872049]]],[[[0.2520025744097699,36.33239948983601],[0.24851700733192647,36.32772500353847],[0.2544868542827285,36.32712423121554],[0.2520025744097699,36.33239948983601]]]]},"properties":{"speed":0.1171,"dir_deg":5.7,"type":"ضعيف"}},{"type":"Feature","geometry":{"type":"MultiPolygon","coordinates":[[[[0.29067404921544904,36.312621368517235],[0.2924945769740099,36.32751048127389],[0.2944797920082302,36.32726774423942],[0.29265926424966937,36.312378631482765],[0.29067404921544904,36.312621368517235]]],[[[0.294094027077307,36.3323521503422],[0.29050936193978955,36.32775321830837],[0.29646500704245055,36.327025007204945],[0.294094027077307,36.3323521503422]]]]},"properties":{"speed":0.1255,"dir_deg":7.0,"type":"ضعيف"}},{"type":"Feature","geometry":{"type":"MultiPolygon","coordinates":[[[[0.3323435629696183,36.31264260070842],[0.3344825735959478,36.32748930517576],[0.33646213419159277,36.327204103758916],[0.3343231235652633,36.31235739929158],[0.3323435629696183,36.31264260070842]]],[[[0.33618535743588013,36.332295605956446],[0.3325030130003028,36.327774506592604],[0.33844169478723773,36.32691890234207],[0.33618535743588013,36.332295605956446]]]]},"properties":{"speed":0.1004,"dir_deg":8.2,"type":"ضعيف"}},{"type":"Feature","geometry":{"type":"MultiPolygon","coordinates":[[[[0.3740044583282302,36.31259432274259],[0.3754192994670927,36.327527447819136],[0.37741038281063227,36.327338802333955],[0.3759955416717698,36.31240567725741],[0.3740044583282302,36.31259432274259]]],[[[0.37688645485181665,36.3324108334354],[0.37342821612355315,36.32771609330432],[0.3794014661541718,36.327150156848774],[0.37688645485181665,36.3324108334354]]]]},"properties":{"speed":0.0745,"dir_deg":5.4,"type":"ضعيف"}},{"type":"Feature","geometry":{"type":"MultiPolygon","coordinates":[[[[0.41569824131490213,36.31274934229253],[0.41943837570285186,36.32727557355738],[0.421375206538166,36.326776888972326],[0.4176350721502163,36.31225065770747],[0.41569824131490213,36.31274934229253]]],[[[0.42165350258315887,36.331868308353144],[0.41750154486753777,36.32777425814244],[0.4233120373734801,36.326278204387265],[0.42165350258315887,36.331868308353144]]]]},"properties":{"speed":0.0724,"dir_deg":14.4,"type":"ضعيف"}},{"type":"Feature","geometry":{"type":"MultiPolygon","coordinates":[[[[0.45752338164322104,36.313086482878944],[0.4663206248273403,36.32523590724224],[0.46794054807577984,36.32406294148435],[0.45914330489166055,36.311913517121056],[0.45752338164322104,36.313086482878944]]],[[[0.4700630008462665,36.3286992324844],[0.46470070157890075,36.32640887300012],[0.4695604713242194,36.32288997572647],[0.4700630008462665,36.3286992324844]]]]},"properties":{"speed":0.0684,"dir_deg":35.9,"type":"ضعيف"}},{"type":"Feature","geometry":{"type":"MultiPolygon","coordinates":[[[[0.4994287371802141,36.31332076719643],[0.5117402451266155,36.32188970949322],[0.5128827707661874,36.32024817510036],[0.5005712628197859,36.31167923280357],[0.4994287371802141,36.31332076719643]]],[[[0.5164153439285352,36.32392525639572],[0.5105977194870437,36.32353124388607],[0.5140252964057592,36.31860664070751],[0.5164153439285352,36.32392525639572]]]]},"properties":{"speed":0.0704,"dir_deg":55.2,"type":"ضعيف"}},{"type":"Feature","geometry":{"type":"MultiPolygon","coordinates":[[[[0.5415367901585936,36.31349152757472],[0.5564097037793717,36.31543997321904],[0.5566694965319477,36.313456918069605],[0.5417965829111696,36.31150847242528],[0.5415367901585936,36.31349152757472]]],[[[0.5614972380292526,36.31509792752576],[0.5561499110267957,36.31742302836848],[0.5569292892845238,36.31147386292017],[0.5614972380292526,36.31509792752576]]]]},"properties":{"speed":0.0609,"dir_deg":82.5,"type":"ضعيف"}},{"type":"Feature","geometry":{"type":"MultiPolygon","coordinates":[[[[0.5826525396475946,36.313232493692375],[0.5936399450332689,36.323444100955236],[0.5950014926683166,36.321979113570485],[0.5840140872826423,36.311767506307625],[0.5826525396475946,36.313232493692375]]],[[[0.5979831873126842,36.32611547635048],[0.5922783973982212,36.32490908833999],[0.5963630403033643,36.32051412618573],[0.5979831873126842,36.32611547635048]]]]},"properties":{"speed":0.0742,"dir_deg":47.1,"type":"ضعيف"}},{"type":"Feature","geometry":{"type":"MultiPolygon","coordinates":[[[[-0.4162778904729889,36.35508927465058],[-0.40245784420065533,36.34925778075703],[-0.4032353767197959,36.34741510792071],[-0.4170554229921295,36.35324660181426],[-0.4162778904729889,36.35508927465058]]],[[[-0.39823992836944777,36.34639261304102],[-0.4016803116815148,36.35110045359334],[-0.40401290923893646,36.3455724350844],[-0.39823992836944777,36.34639261304102]]]]},"properties":{"speed":0.0864,"dir_deg":112.9,"type":"ضعيف"}},{"type":"Feature","geometry":{"type":"MultiPolygon","coordinates":[[[[-0.37471982701628226,36.355127887761924],[-0.36032058407372425,36.350925293006156],[-0.36088093004115973,36.34900539394715],[-0.37528017298371774,36.35320798870292],[-0.37471982701628226,36.355127887761924]]],[[[-0.35580100940992265,36.34856447855807],[-0.35976023810628877,36.35284519206517],[-0.3614412760085952,36.34708549488814],[-0.35580100940992265,36.34856447855807]]]]},"properties":{"speed":0.0807,"dir_deg":106.3,"type":"ضعيف"}},{"type":"Feature","geometry":{"type":"MultiPolygon","coordinates":[[[[-0.33300655698981846,36.3551130364965],[-0.31883008302869215,36.350211242332165],[-0.3194836555839368,36.34832104580401],[-0.33366012954506313,36.353222839968346],[-0.33300655698981846,36.3551130364965]]],[[[-0.314431377985939,36.347632212679976],[-0.3181765104734475,36.352101438860316],[-0.32013722813918144,36.34643084927586],[-0.314431377985939,36.347632212679976]]]]},"properties":{"speed":0.0809,"dir_deg":109.1,"type":"ضعيف"}},{"type":"Feature","geometry":{"type":"MultiPolygon","coordinates":[[[[-0.2915665492389542,36.35516291486015],[-0.2766418998230407,36.353661302456075],[-0.27684211481025073,36.351671349200615],[-0.2917667642261642,36.35317296160469],[-0.2915665492389542,36.35516291486015]]],[[[-0.27176712417800786,36.352165788360324],[-0.27644168483583065,36.35565125571153],[-0.2770423297974608,36.34968139594516],[-0.27176712417800786,36.352165788360324]]]]},"properties":{"speed":0.0839,"dir_deg":95.7,"type":"ضعيف"}},{"type":"Feature","geometry":{"type":"MultiPolygon","coordinates":[[[[-0.25026248676499624,36.3551328738252],[-0.23578845287338848,36.35907017530014],[-0.23526347934339606,36.35714030411459],[-0.2497375132350038,36.353203002639646],[-0.25026248676499624,36.3551328738252]]],[[[-0.23070128814452304,36.35941767353235],[-0.23631342640338093,36.361000046485685],[-0.2347385058134036,36.35521043292904],[-0.23070128814452304,36.35941767353235]]]]},"properties":{"speed":0.1014,"dir_deg":74.8,"type":"ضعيف"}},{"type":"Feature","geometry":{"type":"MultiPolygon","coordinates":[[[[-0.20874291810529216,36.355080208064045],[-0.19505887063089644,36.36122405414923],[-0.19423969115287132,36.359399514485986],[-0.20792373862726704,36.3532556684008],[-0.20874291810529216,36.355080208064045]]],[[[-0.190087931733752,36.362359733012674],[-0.19587805010892156,36.363048593812486],[-0.1934205116748462,36.35757497482273],[-0.190087931733752,36.362359733012674]]]]},"properties":{"speed":0.1247,"dir_deg":65.8,"type":"ضعيف"}},{"type":"Feature","geometry":{"type":"MultiPolygon","coordinates":[[[[-0.16730385910290688,36.35493864708089],[-0.15574322637583965,36.36449645911869],[-0.1544688514374667,36.36295504142175],[-0.16602948416453392,36.35339722938395],[-0.16730385910290688,36.35493864708089]]],[[[-0.15125249466429744,36.36691168761615],[-0.15701760131421263,36.36603787681563],[-0.1531944764990937,36.36141362372481],[-0.15125249466429744,36.36691168761615]]]]},"properties":{"speed":0.1479,"dir_deg":50.4,"type":"ضعيف"}},{"type":"Feature","geometry":{"type":"MultiPolygon","coordinates":[[[[-0.12587961859701502,36.3546436178765],[-0.11874442393592155,36.36783789683172],[-0.11698518674189151,36.36688653754357],[-0.12412038140298498,36.353692258588346],[-0.12587961859701502,36.3546436178765]]],[[[-0.11548640711854205,36.371760310172725],[-0.1205036611299516,36.36878925611987],[-0.11522594954786146,36.36593517825543],[-0.11548640711854205,36.371760310172725]]]]},"properties":{"speed":0.2547,"dir_deg":28.4,"type":"متوسط"}},{"type":"Feature","geometry":{"type":"MultiPolygon","coordinates":[[[[-0.08430482973007909,36.3544050027312],[-0.08074886224847964,36.36897741142948],[-0.07880587442204186,36.36850328243193],[-0.0823618419036413,36.353930873733646],[-0.08430482973007909,36.3544050027312]]],[[[-0.07859204584139426,36.3735978164968],[-0.08269185007491744,36.36945154042703],[-0.07686288659560406,36.368029153434385],[-0.07859204584139426,36.3735978164968]]]]},"properties":{"speed":0.37,"dir_deg":13.7,"type":"متوسط"}},{"type":"Feature","geometry":{"type":"MultiPolygon","coordinates":[[[[-0.04266071152452666,36.354276921209525],[-0.04102596686802041,36.36918757545097],[-0.039037879635827284,36.368969609496766],[-0.04067262429233354,36.35405895525532],[-0.04266071152452666,36.354276921209525]]],[[[-0.03948700836642176,36.374048810554356],[-0.043014054100213535,36.36940554140517],[-0.03704979240363416,36.368751643542566],[-0.03948700836642176,36.374048810554356]]]]},"properties":{"speed":0.6128,"dir_deg":6.3,"type":"قوي"}},{"type":"Feature","geometry":{"type":"MultiPolygon","coordinates":[[[[-0.0009867958271809526,36.354329907351264],[0.0014427409554400423,36.369131844758975],[0.0034163326098019474,36.36880790652129],[0.0009867958271809526,36.35400596911358],[-0.0009867958271809526,36.354329907351264]]],[[[0.0032393823768279936,36.37390385477604],[-0.0005308506989218629,36.36945578299666],[0.005389924264163853,36.368483968283606],[0.0032393823768279936,36.37390385477604]]]]},"properties":{"speed":0.7447,"dir_deg":9.3,"type":"قوي"}},{"type":"Feature","geometry":{"type":"MultiPolygon","coordinates":[[[[0.04068592503997224,36.35436324165269],[0.043615476344018037,36.36907438467956],[0.04557696208093376,36.36868377783902],[0.04264741077688796,36.35397263481215],[0.04068592503997224,36.35436324165269]]],[[[0.0455727363138245,36.37378279560158],[0.04165399060710232,36.3694649915201],[0.04753844781784947,36.36829317099848],[0.0455727363138245,36.37378279560158]]]]},"properties":{"speed":0.7596,"dir_deg":11.3,"type":"قوي"}},{"type":"Feature","geometry":{"type":"MultiPolygon","coordinates":[[[[0.08234762282104721,36.35433637186887],[0.08487412736769114,36.369122066806064],[0.08684555335931711,36.36878519953317],[0.08431904881267319,36.353999504595976],[0.08234762282104721,36.35433637186887]]],[[[0.08670200854571876,36.373882198148685],[0.08290270137606516,36.36945893407895],[0.08881697935094308,36.368448332260286],[0.08670200854571876,36.373882198148685]]]]},"properties":{"speed":0.6136,"dir_deg":9.7,"type":"قوي"}},{"type":"Feature","geometry":{"type":"MultiPolygon","coordinates":[[[[0.12400773199343829,36.35429205190272],[0.12586943704785994,36.369176072001146],[0.12785397306098337,36.368927844660554],[0.12599226800656171,36.354043824562126],[0.12400773199343829,36.35429205190272]]],[[[0.12748227340589552,36.37401329836366],[0.12388490103473651,36.36942429934174],[0.1298385090741068,36.36867961731996],[0.12748227340589552,36.37401329836366]]]]},"properties":{"speed":0.4204,"dir_deg":7.1,"type":"متوسط"}},{"type":"Feature","geometry":{"type":"MultiPolygon","coordinates":[[[[0.1656737502446391,36.35428671160951],[0.1674553509009583,36.36918053244573],[0.16944119367912092,36.368942985691554],[0.1676595930228017,36.35404916485533],[0.1656737502446391,36.35428671160951]]],[[[0.16904213917547936,36.37402636601405],[0.16546950812279573,36.36941807919991],[0.1714270364572835,36.368705438937376],[0.16904213917547936,36.37402636601405]]]]},"properties":{"speed":0.2477,"dir_deg":6.8,"type":"متوسط"}},{"type":"Feature","geometry":{"type":"MultiPolygon","coordinates":[[[[0.20733546664906988,36.35410257774491],[0.20635505933645187,36.36907050350305],[0.20835078277087132,36.369201224478076],[0.20933119008348933,36.35423329871993],[0.20733546664906988,36.35410257774491]]],[[[0.20702611861612227,36.37412517257662],[0.20435933590203242,36.36893978252804],[0.21034650620529077,36.36933194545309],[0.20702611861612227,36.37412517257662]]]]},"properties":{"speed":0.124,"dir_deg":356.3,"type":"ضعيف"}},{"type":"Feature","geometry":{"type":"MultiPolygon","coordinates":[[[[0.24906337178632368,36.35381761325566],[0.2438084971348468,36.3678670364608],[0.24568175356219946,36.36856768641433],[0.25093662821367635,36.35451826320919],[0.24906337178632368,36.35381761325566]]],[[[0.2429935004646975,36.37290050250595],[0.24193524070749414,36.36716638650727],[0.24755500998955213,36.36926833636786],[0.2429935004646975,36.37290050250595]]]]},"properties":{"speed":0.0957,"dir_deg":339.5,"type":"ضعيف"}},{"type":"Feature","geometry":{"type":"MultiPolygon","coordinates":[[[[0.290739624819588,36.35379295578972],[0.2851148881790953,36.36769843448429],[0.28696895200503775,36.36844839936969],[0.2925936886455304,36.35454292067512],[0.290739624819588,36.35379295578972]]],[[[0.28416700787856897,36.372708576491846],[0.2832608243531528,36.36694846959889],[0.28882301583098025,36.36919836425509],[0.28416700787856897,36.372708576491846]]]]},"properties":{"speed":0.1003,"dir_deg":338.0,"type":"ضعيف"}},{"type":"Feature","geometry":{"type":"MultiPolygon","coordinates":[[[[0.33248539082237705,36.35363786592517],[0.3245343062136689,36.36635715260113],[0.3262302111037964,36.36741729721563],[0.33418129571250454,36.35469801053967],[0.33248539082237705,36.35363786592517]]],[[[0.3227318971224966,36.3711269871337],[0.32283840132354136,36.36529700798664],[0.32792611599392396,36.36847744183012],[0.3227318971224966,36.3711269871337]]]]},"properties":{"speed":0.0847,"dir_deg":328.0,"type":"ضعيف"}},{"type":"Feature","geometry":{"type":"MultiPolygon","coordinates":[[[[0.3743654068352078,36.35339509186011],[0.36277271125049637,36.36291398933199],[0.36404189758008076,36.36445968207662],[0.3756345931647922,36.354940784604736],[0.3743654068352078,36.35339509186011]]],[[[0.3595430725537181,36.366859801528264],[0.3615035249209121,36.361368296587365],[0.36531108390966505,36.36600537482125],[0.3595430725537181,36.366859801528264]]]]},"properties":{"speed":0.0631,"dir_deg":309.4,"type":"ضعيف"}},{"type":"Feature","geometry":{"type":"MultiPolygon","coordinates":[[[[0.41623643415347705,36.353265215388774],[0.40269559149872425,36.35971855407501],[0.40355603665688855,36.361523999762305],[0.41709687931164136,36.35507066107607],[0.41623643415347705,36.353265215388774]]],[[[0.3986121998595554,36.36277238981407],[0.4018351463405599,36.357913108387706],[0.4044164818150529,36.36332944544961],[0.3986121998595554,36.36277238981407]]]]},"properties":{"speed":0.0421,"dir_deg":295.5,"type":"ضعيف"}},{"type":"Feature","geometry":{"type":"MultiPolygon","coordinates":[[[[0.458100027945936,36.35319553710082],[0.4435140109718268,36.35669526692339],[0.44398064161483636,36.3586400691866],[0.4585666585889456,36.35514033936403],[0.458100027945936,36.35319553710082]]],[[[0.4388853206352952,36.35883424466252],[0.44304738032881724,36.35475046466017],[0.4444472722578459,36.36058487144982],[0.4388853206352952,36.35883424466252]]]]},"properties":{"speed":0.0174,"dir_deg":283.5,"type":"ضعيف"}},{"type":"Feature","geometry":{"type":"MultiPolygon","coordinates":[[[[0.49974572724856886,36.35513507078171],[0.5142527154877908,36.35894916205317],[0.514761260990653,36.3570148969546],[0.5002542727514311,36.35320080568314],[0.49974572724856886,36.35513507078171]]],[[[0.5193426509856292,36.35925339326104],[0.5137441699849286,36.360883427151734],[0.5152698064935153,36.35508063185604],[0.5193426509856292,36.35925339326104]]]]},"properties":{"speed":0.0149,"dir_deg":75.3,"type":"ضعيف"}},{"type":"Feature","geometry":{"type":"MultiPolygon","coordinates":[[[[0.5418135442385209,36.35515709586136],[0.5566509086725572,36.35295423030677],[0.5563571932652785,36.3509759150489],[0.5415198288312423,36.353178780603486],[0.5418135442385209,36.35515709586136]]],[[[0.5614498391135966,36.35123078415964],[0.5569446240798357,36.354932545564644],[0.556063477858,36.348997599791026],[0.5614498391135966,36.35123078415964]]]]},"properties":{"speed":0.0589,"dir_deg":98.4,"type":"ضعيف"}},{"type":"Feature","geometry":{"type":"MultiPolygon","coordinates":[[[[0.5831152638739572,36.35514387592295],[0.5977543292318872,36.358414619790366],[0.5981904284142097,36.35646274440931],[0.5835513630562796,36.353192000541895],[0.5831152638739572,36.35514387592295]]],[[[0.6028520672756917,36.35852893005565],[0.5973182300495647,36.36036649517143],[0.5986265275965321,36.35451086902825],[0.6028520672756917,36.35852893005565]]]]},"properties":{"speed":0.1194,"dir_deg":77.4,"type":"ضعيف"}},{"type":"Feature","geometry":{"type":"MultiPolygon","coordinates":[[[[0.625079554021384,36.355164768788576],[0.640032012363689,36.35397145846782],[0.6398729043209209,36.35197779735551],[0.624920445978616,36.35317110767627],[0.625079554021384,36.355164768788576]]],[[[0.6449366111230733,36.35257685780474],[0.6401911204064572,36.35596511958013],[0.6397137962781527,36.3499841362432],[0.6449366111230733,36.35257685780474]]]]},"properties":{"speed":0.154,"dir_deg":94.6,"type":"ضعيف"}},{"type":"Feature","geometry":{"type":"MultiPolygon","coordinates":[[[[0.6667628121664487,36.35516330744179],[0.6816933503069532,36.353721422968285],[0.681501099043819,36.351730684549544],[0.6665705609033145,36.35317256902305],[0.6667628121664487,36.35516330744179]]],[[[0.686574070722221,36.352245425601076],[0.6818856015700875,36.35571216138702],[0.6813088477806847,36.34973994613081],[0.686574070722221,36.352245425601076]]]]},"properties":{"speed":0.1517,"dir_deg":95.5,"type":"ضعيف"}},{"type":"Feature","geometry":{"type":"MultiPolygon","coordinates":[[[[0.7082501460468923,36.355164473821624],[0.723198179884918,36.356411985095015],[0.7233645147213702,36.35441891391661],[0.7084164808833445,36.35317140264322],[0.7082501460468923,36.355164473821624]]],[[[0.7282640252491527,36.355831286596946],[0.7230318450484657,36.35840505627342],[0.7235308495578224,36.35242584273821],[0.7282640252491527,36.355831286596946]]]]},"properties":{"speed":0.1316,"dir_deg":85.2,"type":"ضعيف"}},{"type":"Feature","geometry":{"type":"MultiPolygon","coordinates":[[[[0.7494456307467987,36.3550002090604],[0.7619296931664858,36.363315747858415],[0.7630384316728884,36.36165120620246],[0.7505543692532013,36.353335667404444],[0.7494456307467987,36.3550002090604]]],[[[0.7666454165595828,36.365255323296445],[0.7608209546600834,36.36498028951438],[0.7641471701792909,36.3599866645465],[0.7666454165595828,36.365255323296445]]]]},"properties":{"speed":0.1401,"dir_deg":56.3,"type":"ضعيف"}},{"type":"Feature","geometry":{"type":"MultiPolygon","coordinates":[[[[-0.41586778753565934,36.39643356655247],[-0.4068452157623221,36.38445052859897],[-0.4084429541561218,36.38324751902919],[-0.41746552592945907,36.39523055698269],[-0.41586778753565934,36.39643356655247]]],[[[-0.4046365610347762,36.37985467782958],[-0.4052474773685223,36.38565353816875],[-0.4100406925499216,36.38204450945941],[-0.4046365610347762,36.37985467782958]]]]},"properties":{"speed":0.0573,"dir_deg":143.0,"type":"ضعيف"}},{"type":"Feature","geometry":{"type":"MultiPolygon","coordinates":[[[[-0.3747157262802403,36.3967908049304],[-0.3603345788379411,36.392526699134],[-0.3609031262774605,36.390609212808364],[-0.3752842737197597,36.39487331860476],[-0.3747157262802403,36.3967908049304]]],[[[-0.3558251367436011,36.390146587372385],[-0.3597660313984217,36.39444418545964],[-0.3614716737169799,36.388691726482726],[-0.3558251367436011,36.390146587372385]]]]},"properties":{"speed":0.049,"dir_deg":106.5,"type":"ضعيف"}},{"type":"Feature","geometry":{"type":"MultiPolygon","coordinates":[[[[-0.3332706007007228,36.39683009151179],[-0.31830015453761973,36.39588895301102],[-0.31842563967105575,36.3938928935226],[-0.3333960858341588,36.39483403202337],[-0.3332706007007228,36.39683009151179]]],[[[-0.31337274838330337,36.39457721043322],[-0.31817466940418365,36.39788501249943],[-0.3185511248044918,36.391896834034185],[-0.31337274838330337,36.39457721043322]]]]},"properties":{"speed":0.058,"dir_deg":93.6,"type":"ضعيف"}},{"type":"Feature","geometry":{"type":"MultiPolygon","coordinates":[[[[-0.2917266285602817,36.39683026183764],[-0.2767536275092928,36.39772983925348],[-0.2766336838538478,36.39573343911335],[-0.2916066849048367,36.394833861697514],[-0.2917266285602817,36.39683026183764]]],[[[-0.2717026553312406,36.39703149832203],[-0.2768735711647377,36.399726239393615],[-0.27651374019840286,36.393737038973214],[-0.2717026553312406,36.39703149832203]]]]},"properties":{"speed":0.074,"dir_deg":86.6,"type":"ضعيف"}},{"type":"Feature","geometry":{"type":"MultiPolygon","coordinates":[[[[-0.25034143599851877,36.39677196679412],[-0.236242860600416,36.4018935067719],[-0.2355599886033785,36.400013696718815],[-0.24965856400148126,36.39489215674104],[-0.25034143599851877,36.39677196679412]]],[[[-0.23120189946919634,36.40266078173795],[-0.2369257325974535,36.403773316824974],[-0.234877116606341,36.39813388666574],[-0.23120189946919634,36.40266078173795]]]]},"properties":{"speed":0.0977,"dir_deg":70.0,"type":"ضعيف"}},{"type":"Feature","geometry":{"type":"MultiPolygon","coordinates":[[[[-0.2088751142231764,36.39667257832617],[-0.1962673658443029,36.40479936617962],[-0.19518379413050932,36.40311833306244],[-0.2077915425093828,36.39499154520899],[-0.2088751142231764,36.39667257832617]]],[[[-0.1915229971944483,36.406667778905515],[-0.1973509375580965,36.406480399296804],[-0.19410022241671573,36.40143729994525],[-0.1915229971944483,36.406667778905515]]]]},"properties":{"speed":0.1199,"dir_deg":57.2,"type":"ضعيف"}},{"type":"Feature","geometry":{"type":"MultiPolygon","coordinates":[[[[-0.1673604267316122,36.39655227275343],[-0.15655726194375694,36.40695859922181],[-0.15516975174797334,36.4055181772501],[-0.1659729165358286,36.395111850781724],[-0.1673604267316122,36.39655227275343]]],[[[-0.15226245191658005,36.409707163725415],[-0.15794477213954056,36.408399021193524],[-0.15378224155218972,36.40407775527839],[-0.15226245191658005,36.409707163725415]]]]},"properties":{"speed":0.134,"dir_deg":46.1,"type":"ضعيف"}},{"type":"Feature","geometry":{"type":"MultiPolygon","coordinates":[[[[-0.1259048685305342,36.39625775290261],[-0.1195195015049833,36.409830780860624],[-0.11770976444391487,36.40897939859055],[-0.12409513146946578,36.39540637063254],[-0.1259048685305342,36.39625775290261]]],[[[-0.11648617729926544,36.41392943237826],[-0.12132923856605173,36.4106821631307],[-0.11590002738284645,36.408128016320475],[-0.11648617729926544,36.41392943237826]]]]},"properties":{"speed":0.2374,"dir_deg":25.2,"type":"متوسط"}},{"type":"Feature","geometry":{"type":"MultiPolygon","coordinates":[[[[-0.08431271834130098,36.39603407629879],[-0.08128250037315096,36.4107248141654],[-0.0793237353242694,36.410320785102975],[-0.08235395329241942,36.39563004723637],[-0.08431271834130098,36.39603407629879]]],[[[-0.07929304519266019,36.415419712256394],[-0.08324126542203253,36.411128843227814],[-0.07736497027538783,36.40991675604056],[-0.07929304519266019,36.415419712256394]]]]},"properties":{"speed":0.3568,"dir_deg":11.7,"type":"متوسط"}},{"type":"Feature","geometry":{"type":"MultiPolygon","coordinates":[[[[-0.04266087188020425,36.39593957205782],[-0.04104821752653396,36.410852631634434],[-0.039059809582985654,36.41063761105395],[-0.040672463936655946,36.395724551477336],[-0.04266087188020425,36.39593957205782]]],[[[-0.039516462103536376,36.41571614120306],[-0.04303662547008227,36.411067652214925],[-0.03707140163943735,36.41042259047346],[-0.039516462103536376,36.41571614120306]]]]},"properties":{"speed":0.5997,"dir_deg":6.2,"type":"قوي"}},{"type":"Feature","geometry":{"type":"MultiPolygon","coordinates":[[[[-0.000990805199390358,36.395967357949566],[0.0010386375304575297,36.41082943594042],[0.0030202479292382456,36.410558843576446],[0.000990805199390358,36.39569676558559],[-0.000990805199390358,36.395967357949566]]],[[[0.002705923639797184,36.415648165755385],[-0.0009429728683231857,36.4111000283044],[0.005001858328018961,36.410288251212464],[0.002705923639797184,36.415648165755385]]]]},"properties":{"speed":0.7241,"dir_deg":7.8,"type":"قوي"}},{"type":"Feature","geometry":{"type":"MultiPolygon","coordinates":[[[[0.040675317812162104,36.39596330576413],[0.042643977760356305,36.41083355720815],[0.044626677952892296,36.41057106921505],[0.042658018004698095,36.39570081777103],[0.040675317812162104,36.39596330576413]]],[[[0.0442915478393557,36.415659063692935],[0.04066127756782032,36.41109604520124],[0.04660937814542828,36.41030858122196],[0.0442915478393557,36.415659063692935]]]]},"properties":{"speed":0.7661,"dir_deg":7.5,"type":"قوي"}},{"type":"Feature","geometry":{"type":"MultiPolygon","coordinates":[[[[0.08233912900572693,36.39593954579754],[0.08395138945511191,36.41085264796454],[0.08593980307737845,36.41063767990462],[0.08432754262799347,36.39572457773762],[0.08233912900572693,36.39593954579754]]],[[[0.08548301641604017,36.41571619799024],[0.08196297583284538,36.411067616024454],[0.08792821669964497,36.4104227118447],[0.08548301641604017,36.41571619799024]]]]},"properties":{"speed":0.6521,"dir_deg":6.2,"type":"قوي"}},{"type":"Feature","geometry":{"type":"MultiPolygon","coordinates":[[[[0.12400347222935916,36.39591532281695],[0.12525238796985477,36.41086323937656],[0.12724544351113648,36.41069671727782],[0.12599652777064085,36.39574880071821],[0.12400347222935916,36.39591532281695]]],[[[0.12666522098732752,36.4157626171804],[0.12325933242857309,36.41102976147529],[0.12923849905241816,36.41053019517909],[0.12666522098732752,36.4157626171804]]]]},"properties":{"speed":0.4601,"dir_deg":4.8,"type":"متوسط"}},{"type":"Feature","geometry":{"type":"MultiPolygon","coordinates":[[[[0.16566714017783785,36.395862670078564],[0.166126264842596,36.410855641916804],[0.1681253277543611,36.41079442529483],[0.16766620308960295,36.39580145345659],[0.16566714017783785,36.395862670078564]]],[[[0.16727883785339795,36.41582269088523],[0.16412720193083086,36.41091685853877],[0.17012439066612622,36.410733208672866],[0.16727883785339795,36.41582269088523]]]]},"properties":{"speed":0.2649,"dir_deg":1.8,"type":"متوسط"}},{"type":"Feature","geometry":{"type":"MultiPolygon","coordinates":[[[[0.2073797853029624,36.395530805022595],[0.20286093412817102,36.409833950972356],[0.20476802025480545,36.41043646446232],[0.20928687142959682,36.39613331851256],[0.2073797853029624,36.395530805022595]]],[[[0.2023081934665578,36.41490292303392],[0.20095384800153657,36.40923143748238],[0.2066751063814399,36.411038977952295],[0.2023081934665578,36.41490292303392]]]]},"properties":{"speed":0.1339,"dir_deg":342.5,"type":"ضعيف"}},{"type":"Feature","geometry":{"type":"MultiPolygon","coordinates":[[[[0.24917165398725866,36.395271844949576],[0.24076840171718558,36.4076970351407],[0.24242509374266827,36.408817468776704],[0.25082834601274134,36.39639227858558],[0.24917165398725866,36.395271844949576]]],[[[0.23879566363990257,36.4123989820224],[0.23911170969170287,36.40657660150469],[0.24408178576815098,36.409937902412715],[0.23879566363990257,36.4123989820224]]]]},"properties":{"speed":0.1207,"dir_deg":325.9,"type":"ضعيف"}},{"type":"Feature","geometry":{"type":"MultiPolygon","coordinates":[[[[0.2908639472375603,36.39523569152466],[0.28191839359378296,36.407276333949646],[0.28352381258378073,36.40846907443548],[0.2924693662275581,36.396428432010495],[0.2908639472375603,36.39523569152466]]],[[[0.27973925187418935,36.41188625166755],[0.28031297460378524,36.406083593463805],[0.28512923157377845,36.40966181492132],[0.27973925187418935,36.41188625166755]]]]},"properties":{"speed":0.1289,"dir_deg":323.4,"type":"ضعيف"}},{"type":"Feature","geometry":{"type":"MultiPolygon","coordinates":[[[[0.3326369805418023,36.39511437175487],[0.3218716303511773,36.40555981263945],[0.3232643558024543,36.406995192664866],[0.3340297059930793,36.396549751780285],[0.3326369805418023,36.39511437175487]]],[[[0.3189795430132741,36.40975931628035],[0.3204789048999002,36.40412443261403],[0.3246570812537313,36.408430572690285],[0.3189795430132741,36.40975931628035]]]]},"properties":{"speed":0.1169,"dir_deg":314.1,"type":"ضعيف"}},{"type":"Feature","geometry":{"type":"MultiPolygon","coordinates":[[[[0.37448654703107687,36.394973944031655],[0.36161478099224587,36.4026757385655],[0.36264168693009213,36.404391974037345],[0.37551345296892313,36.3966901795035],[0.37448654703107687,36.394973944031655]]],[[[0.3578376452815587,36.406101121146044],[0.3605878750543996,36.40095950309366],[0.3636685928679384,36.406108209509185],[0.3578376452815587,36.406101121146044]]]]},"properties":{"speed":0.0919,"dir_deg":300.9,"type":"ضعيف"}},{"type":"Feature","geometry":{"type":"MultiPolygon","coordinates":[[[[0.41637392207747276,36.394875868052],[0.40203101634379845,36.39926688787829],[0.40261648565397135,36.40117927530945],[0.41695939138764565,36.39678825548316],[0.41637392207747276,36.394875868052]]],[[[0.39754278242099345,36.40168675486931],[0.4014455470336255,36.397354500447136],[0.4032019549641443,36.40309166274061],[0.39754278242099345,36.40168675486931]]]]},"properties":{"speed":0.0631,"dir_deg":287.0,"type":"ضعيف"}},{"type":"Feature","geometry":{"type":"MultiPolygon","coordinates":[[[[0.45831353123966584,36.394832258045064],[0.4433164754019364,36.39512943846169],[0.44335609945748633,36.397129045906716],[0.45835315529521575,36.39683186549009],[0.45831353123966584,36.394832258045064]]],[[[0.43833726881713486,36.39622830232308],[0.44327685134638645,36.39312983101666],[0.4433957235130363,36.399128653351745],[0.43833726881713486,36.39622830232308]]]]},"properties":{"speed":0.0324,"dir_deg":271.1,"type":"ضعيف"}},{"type":"Feature","geometry":{"type":"MultiPolygon","coordinates":[[[[0.4995998799141192,36.39674852448743],[0.5133468207118682,36.40275032577564],[0.5141470608836297,36.40091740033594],[0.5004001200858808,36.39491559904773],[0.4995998799141192,36.39674852448743]]],[[[0.5183292543969987,36.4038344634852],[0.5125465805401066,36.40458325121534],[0.5149473010553913,36.39908447489624],[0.5183292543969987,36.4038344634852]]]]},"properties":{"speed":0.0039,"dir_deg":66.4,"type":"ضعيف"}},{"type":"Feature","geometry":{"type":"MultiPolygon","coordinates":[[[[0.5419556924122658,36.3967893890903],[0.5563156022531528,36.392454300929536],[0.5557375904983843,36.39053964628409],[0.5413776806574974,36.394874734444855],[0.5419556924122658,36.3967893890903]]],[[[0.5608132329893976,36.39005194421989],[0.5568936140079214,36.39436895557499],[0.5551595787436158,36.388624991638636],[0.5608132329893976,36.39005194421989]]]]},"properties":{"speed":0.0527,"dir_deg":106.8,"type":"ضعيف"}},{"type":"Feature","geometry":{"type":"MultiPolygon","coordinates":[[[[0.5834608186698123,36.39682389966904],[0.5983383871917379,36.39491132159863],[0.5980833767823502,36.39292764579571],[0.5832058082604246,36.39484022386612],[0.5834608186698123,36.39682389966904]]],[[[0.6031700714943526,36.3932819576737],[0.5985933976011257,36.39689499740155],[0.5978283663729624,36.39094396999278],[0.6031700714943526,36.3932819576737]]]]},"properties":{"speed":0.1174,"dir_deg":97.3,"type":"ضعيف"}},{"type":"Feature","geometry":{"type":"MultiPolygon","coordinates":[[[[0.6251051579724938,36.39682651729741],[0.6400219909200308,36.395249147710004],[0.6398116749750432,36.393260236650335],[0.6248948420275062,36.39483760623774],[0.6251051579724938,36.39682651729741]]],[[[0.6448891105967159,36.393728902317704],[0.6402323068650183,36.39723805876967],[0.6396013590300557,36.391271325590665],[0.6448891105967159,36.393728902317704]]]]},"properties":{"speed":0.1751,"dir_deg":96.0,"type":"ضعيف"}},{"type":"Feature","geometry":{"type":"MultiPolygon","coordinates":[[[[0.6666803977846036,36.39683196776397],[0.6816789877305615,36.396626299018145],[0.6816515652311174,36.394626487025356],[0.6666529752851595,36.394832155771184],[0.6666803977846036,36.39683196776397]]],[[[0.6866648064628255,36.395557836773136],[0.6817064102300056,36.39862611101094],[0.6816241427316733,36.39262667503256],[0.6866648064628255,36.395557836773136]]]]},"properties":{"speed":0.2137,"dir_deg":90.8,"type":"ضعيف"}},{"type":"Feature","geometry":{"type":"MultiPolygon","coordinates":[[[[0.7082638217831766,36.39682964429857],[0.7232275597480603,36.397872019527696],[0.7233665431119439,36.39587685446571],[0.7084028051470602,36.394834479236586],[0.7082638217831766,36.39682964429857]]],[[[0.7282849640849635,36.39722189540641],[0.7230885763841768,36.39986718458968],[0.7235055264758274,36.39388168940373],[0.7282849640849635,36.39722189540641]]]]},"properties":{"speed":0.2664,"dir_deg":86.0,"type":"متوسط"}},{"type":"Feature","geometry":{"type":"MultiPolygon","coordinates":[[[[0.7496913743463345,36.39678324534918],[0.7639591280702883,36.40141263015416],[0.7645763793776194,36.399510262990965],[0.7503086256536655,36.39488087818598],[0.7496913743463345,36.39678324534918]]],[[[0.7690236716319384,36.40200457484089],[0.7633418767629574,36.40331499731735],[0.7651936306849503,36.397607895827775],[0.7690236716319384,36.40200457484089]]]]},"properties":{"speed":0.3427,"dir_deg":72.0,"type":"متوسط"}},{"type":"Feature","geometry":{"type":"MultiPolygon","coordinates":[[[[0.7912262253512781,36.39672983342326],[0.8046928001864458,36.403336751177314],[0.8055737225536529,36.401541207865954],[0.7921071477184851,36.3949342901119],[0.7912262253512781,36.39672983342326]]],[[[0.8096221196484386,36.40464128543965],[0.8038118778192387,36.405132294488666],[0.80645464492086,36.3997456645546],[0.8096221196484386,36.40464128543965]]]]},"properties":{"speed":0.3602,"dir_deg":63.9,"type":"متوسط"}},{"type":"Feature","geometry":{"type":"MultiPolygon","coordinates":[[[[0.832827406722512,36.39669464994729],[0.8457662294182483,36.40428325108639],[0.8467780429034611,36.40255807472696],[0.8338392202077248,36.394969473587864],[0.832827406722512,36.39669464994729]]],[[[0.8505850770594334,36.405950196619706],[0.8447544159330354,36.406008427445826],[0.8477898563886741,36.400832898367526],[0.8505850770594334,36.405950196619706]]]]},"properties":{"speed":0.2758,"dir_deg":59.6,"type":"متوسط"}},{"type":"Feature","geometry":{"type":"MultiPolygon","coordinates":[[[[0.8743845687650805,36.39662025235055],[0.8862074275096585,36.405851720874345],[0.8874382899794975,36.4042753397084],[0.8756154312349195,36.395043871184605],[0.8743845687650805,36.39662025235055]]],[[[0.8907638116594374,36.40814068646597],[0.8849765650398197,36.407428102040285],[0.8886691524493363,36.40269895854246],[0.8907638116594374,36.40814068646597]]]]},"properties":{"speed":0.2328,"dir_deg":52.0,"type":"ضعيف"}},{"type":"Feature","geometry":{"type":"MultiPolygon","coordinates":[[[[-0.4156877049574463,36.437704091699985],[-0.41262632945765265,36.42301981507329],[-0.4145842330078785,36.42261163167332],[-0.41764560850767213,36.437295908300015],[-0.4156877049574463,36.437704091699985]]],[[[-0.41258482273283437,36.41792096449774],[-0.41066842590742686,36.423427998473265],[-0.4165421365581043,36.42220344827334],[-0.41258482273283437,36.41792096449774]]]]},"properties":{"speed":0.0844,"dir_deg":168.2,"type":"ضعيف"}},{"type":"Feature","geometry":{"type":"MultiPolygon","coordinates":[[[[-0.37428152069935683,36.438195548340914],[-0.3638482955856564,36.42741835883127],[-0.36528525418694274,36.42602726214944],[-0.37571847930064317,36.436804451659086],[-0.37428152069935683,36.438195548340914]]],[[[-0.36108903318173274,36.42313041398714],[-0.3624113369843701,36.4288094555131],[-0.36672221278822903,36.42463616546761],[-0.36108903318173274,36.42313041398714]]]]},"properties":{"speed":0.0432,"dir_deg":135.9,"type":"ضعيف"}},{"type":"Feature","geometry":{"type":"MultiPolygon","coordinates":[[[[-0.333225053532952,36.43849411937583],[-0.31831326289547396,36.4368697733585],[-0.31852984236445153,36.43488153460684],[-0.3334416330019296,36.43650588062417],[-0.333225053532952,36.43849411937583]]],[[[-0.3134509557508034,36.43533420531023],[-0.3180966834264964,36.43885801211017],[-0.3187464218334291,36.43289329585517],[-0.3134509557508034,36.43533420531023]]]]},"properties":{"speed":0.0416,"dir_deg":96.2,"type":"ضعيف"}},{"type":"Feature","geometry":{"type":"MultiPolygon","coordinates":[[[[-0.2916756456121596,36.438499959599206],[-0.2766762516240748,36.43863479279321],[-0.276658273864874,36.4366348735948],[-0.2916576678529588,36.436500040400794],[-0.2916756456121596,36.438499959599206]]],[[[-0.27166746474844616,36.43767977759201],[-0.2766942293832755,36.44063471199162],[-0.2766402961056733,36.43463495439639],[-0.27166746474844616,36.43767977759201]]]]},"properties":{"speed":0.0623,"dir_deg":89.5,"type":"ضعيف"}},{"type":"Feature","geometry":{"type":"MultiPolygon","coordinates":[[[[-0.25031075365071354,36.438450490488414],[-0.23605339632448197,36.443111795249116],[-0.2354318890230549,36.44121081427229],[-0.24968924634928646,36.436549509511586],[-0.25031075365071354,36.438450490488414]]],[[[-0.23099019023169123,36.44371507301427],[-0.236674903625909,36.44501277622595],[-0.23481038172162785,36.439309833295454],[-0.23099019023169123,36.44371507301427]]]]},"properties":{"speed":0.0793,"dir_deg":71.9,"type":"ضعيف"}},{"type":"Feature","geometry":{"type":"MultiPolygon","coordinates":[[[[-0.20898311099289008,36.4382601200814],[-0.19758130977181446,36.44800685948056],[-0.1962817445185935,36.44648661931775],[-0.20768354573966913,36.4367398799186],[-0.20898311099289008,36.4382601200814]]],[[[-0.19313092673817875,36.45049565253221],[-0.19888087502503538,36.44952709964337],[-0.1949821792653726,36.44496637915494],[-0.19313092673817875,36.45049565253221]]]]},"properties":{"speed":0.0928,"dir_deg":49.5,"type":"ضعيف"}},{"type":"Feature","geometry":{"type":"MultiPolygon","coordinates":[[[[-0.16752259452416135,36.4380171034767],[-0.15976604237360342,36.450855946833315],[-0.15805419659272152,36.44982173987991],[-0.16581074874327945,36.4369828965233],[-0.16752259452416135,36.4380171034767]]],[[[-0.15632460209964316,36.45461845780882],[-0.1614778881544853,36.45189015378672],[-0.15634235081183964,36.4487875329265],[-0.15632460209964316,36.45461845780882]]]]},"properties":{"speed":0.1119,"dir_deg":31.1,"type":"ضعيف"}},{"type":"Feature","geometry":{"type":"MultiPolygon","coordinates":[[[[-0.12596675205768254,36.43775571558217],[-0.1221310183250737,36.45225699644741],[-0.12019751420970859,36.45174556528307],[-0.12403324794231745,36.43724428441783],[-0.12596675205768254,36.43775571558217]]],[[[-0.11988568835652152,36.45683504115365],[-0.12406452244043881,36.45276842761176],[-0.11826401009434348,36.45123413411872],[-0.11988568835652152,36.45683504115365]]]]},"properties":{"speed":0.2222,"dir_deg":14.8,"type":"ضعيف"}},{"type":"Feature","geometry":{"type":"MultiPolygon","coordinates":[[[[-0.08432547823246071,36.43762511365699],[-0.08244877337755231,36.452507249891],[-0.08046448854635128,36.452257022577015],[-0.08234119340125969,36.43737488634301],[-0.08432547823246071,36.43762511365699]]],[[[-0.08083106267698234,36.45734284831201],[-0.08443305820875333,36.45275747720499],[-0.07848020371515027,36.452006795263024],[-0.08083106267698234,36.45734284831201]]]]},"properties":{"speed":0.3349,"dir_deg":7.2,"type":"متوسط"}},{"type":"Feature","geometry":{"type":"MultiPolygon","coordinates":[[[[-0.04266444398206783,36.43756665513391],[-0.041664616973473914,36.45253329623847],[-0.03966906482619845,36.45239998597066],[-0.040668891834792366,36.43743334486609],[-0.04266444398206783,36.43756665513391]]],[[[-0.04033356523030488,36.45745552147275],[-0.04366016912074939,36.452666606506284],[-0.03767351267892297,36.452266675702845],[-0.04033356523030488,36.45745552147275]]]]},"properties":{"speed":0.5614,"dir_deg":3.8,"type":"قوي"}},{"type":"Feature","geometry":{"type":"MultiPolygon","coordinates":[[[[-0.0009969549508413143,36.437577979651145],[0.000172739816362216,36.45253230391376],[0.0021666497180448446,36.45237634461147],[0.0009969549508413143,36.437422020348855],[-0.0009969549508413143,36.437577979651145]]],[[[0.0015595930229380403,36.457439099016824],[-0.0018211700853204124,36.45268826321606],[0.004160559619727473,36.452220385309175],[0.0015595930229380403,36.457439099016824]]]]},"properties":{"speed":0.6993,"dir_deg":4.5,"type":"قوي"}},{"type":"Feature","geometry":{"type":"MultiPolygon","coordinates":[[[[0.04066944114895378,36.437574423048744],[0.041785786880114355,36.45253282444089],[0.04378024039906699,36.4523839783434],[0.04266389466790642,36.437425576951256],[0.04066944114895378,36.437574423048744]]],[[[0.04315512888331087,36.45744453518952],[0.03979133336116171,36.452681670538375],[0.04577469391801964,36.45223513224591],[0.04315512888331087,36.45744453518952]]]]},"properties":{"speed":0.7738,"dir_deg":4.3,"type":"قوي"}},{"type":"Feature","geometry":{"type":"MultiPolygon","coordinates":[[[[0.0823347375107316,36.43755292847057],[0.08312866456931396,36.4525319030625],[0.08512586118157116,36.45242604612135],[0.0843319341229888,36.43744707152943],[0.0823347375107316,36.43755292847057]]],[[[0.08439190522830335,36.45747196612257],[0.08113146795705678,36.45263776000364],[0.08712305779382834,36.45232018918021],[0.08439190522830335,36.45747196612257]]]]},"properties":{"speed":0.6751,"dir_deg":3.0,"type":"قوي"}},{"type":"Feature","geometry":{"type":"MultiPolygon","coordinates":[[[[0.12400002601917229,36.43750721371386],[0.12410823172699997,36.452506823426276],[0.1261081796886554,36.45249239599856],[0.1259999739808277,36.43749278628614],[0.12400002601917229,36.43750721371386]]],[[[0.12514427427710356,36.45749947961655],[0.12210828376534456,36.452521250853984],[0.12810812765031082,36.452477968570854],[0.12514427427710356,36.45749947961655]]]]},"properties":{"speed":0.4814,"dir_deg":0.4,"type":"قوي"}},{"type":"Feature","geometry":{"type":"MultiPolygon","coordinates":[[[[0.1656754223454004,36.437367996786385],[0.16369537414115176,36.45223673611118],[0.16567787271779177,36.45250074253841],[0.1676579209220404,36.437632003213615],[0.1656754223454004,36.437367996786385]]],[[[0.1640266073613889,36.4573249857664],[0.16171287556451178,36.451972729683945],[0.16766037129443176,36.45276474896565],[0.1640266073613889,36.4573249857664]]]]},"properties":{"speed":0.2698,"dir_deg":352.4,"type":"متوسط"}},{"type":"Feature","geometry":{"type":"MultiPolygon","coordinates":[[[[0.20747138316267055,36.43699299855427],[0.1998663614766754,36.4499221766084],[0.2015902518838935,36.45093617949987],[0.20919527356988865,36.43800700144573],[0.20747138316267055,36.43699299855427]]],[[[0.19819329945161943,36.45473890407218],[0.19814247106945732,36.44890817371694],[0.2033141422911116,36.451950182391336],[0.19819329945161943,36.45473890407218]]]]},"properties":{"speed":0.1578,"dir_deg":329.5,"type":"ضعيف"}},{"type":"Feature","geometry":{"type":"MultiPolygon","coordinates":[[[[0.24922250523906417,36.43687111058467],[0.23978916400907582,36.448533531998706],[0.2413441535309475,36.44979131082937],[0.25077749476093586,36.43812888941533],[0.24922250523906417,36.43687111058467]]],[[[0.23742221169334887,36.45304989521872],[0.23823417448720413,36.44727575316804],[0.24289914305281918,36.45104908966003],[0.23742221169334887,36.45304989521872]]]]},"properties":{"speed":0.1597,"dir_deg":321.0,"type":"ضعيف"}},{"type":"Feature","geometry":{"type":"MultiPolygon","coordinates":[[[[0.2908878747342667,36.43687270533309],[0.2814784547305957,36.44855443530748],[0.2830360187271807,36.449809024641304],[0.2924454387308517,36.43812729466691],[0.2908878747342667,36.43687270533309]]],[[[0.2791207633943312,36.45307563996585],[0.2799208907340106,36.44729984597366],[0.2845935827237658,36.45106361397512],[0.2791207633943312,36.45307563996585]]]]},"properties":{"speed":0.1739,"dir_deg":321.1,"type":"ضعيف"}},{"type":"Feature","geometry":{"type":"MultiPolygon","coordinates":[[[[0.3326151049397411,36.43680420282796],[0.32217814735909434,36.447577777743454],[0.3236146240144937,36.44896937208754],[0.3340515815951405,36.43819579717204],[0.3326151049397411,36.43680420282796]]],[[[0.3194173998265784,36.451864766553996],[0.320741670703695,36.44618618339937],[0.325051100669893,36.450360966431624],[0.3194173998265784,36.451864766553996]]]]},"properties":{"speed":0.1568,"dir_deg":315.9,"type":"ضعيف"}},{"type":"Feature","geometry":{"type":"MultiPolygon","coordinates":[[[[0.3743428538860987,36.436746236784536],[0.36303640565416007,36.446603428493056],[0.3643506978819626,36.44811095492398],[0.3756571461139013,36.438253763215464],[0.3743428538860987,36.436746236784536]]],[[[0.35992473569074845,36.45064292227803],[0.36172211342635757,36.44509590206213],[0.3656649901097651,36.44961848135491],[0.35992473569074845,36.45064292227803]]]]},"properties":{"speed":0.1174,"dir_deg":311.1,"type":"ضعيف"}},{"type":"Feature","geometry":{"type":"MultiPolygon","coordinates":[[[[0.41598458222501333,36.43676871731447],[0.4050153419420621,36.44699983492766],[0.40637949095715387,36.448462400298716],[0.4173487312401051,36.43823128268553],[0.41598458222501333,36.43676871731447]]],[[[0.4020410030219576,36.45114149015092],[0.40365119292697044,36.445537269556596],[0.40774363997224555,36.44992496566978],[0.4020410030219576,36.45114149015092]]]]},"properties":{"speed":0.0657,"dir_deg":313.0,"type":"ضعيف"}},{"type":"Feature","geometry":{"type":"MultiPolygon","coordinates":[[[[0.4573584382299494,36.43772262113079],[0.46069775519179096,36.452346196693156],[0.4626475652667737,36.45190095443158],[0.45930824830493217,36.43727737886921],[0.4573584382299494,36.43772262113079]]],[[[0.46278576588322956,36.45699810074983],[0.4587479451168082,36.45279143895473],[0.46459737534175644,36.45145571217],[0.46278576588322956,36.45699810074983]]]]},"properties":{"speed":0.0243,"dir_deg":12.9,"type":"ضعيف"}},{"type":"Feature","geometry":{"type":"MultiPolygon","coordinates":[[[[0.4998634076939198,36.438490627347655],[0.5147228179087274,36.44053951193886],[0.5149960025208878,36.43855825724355],[0.5001365923060802,36.436509372652345],[0.4998634076939198,36.438490627347655]]],[[[0.5198125469530769,36.440231846121605],[0.514449633296567,36.44252076663417],[0.5152691871330483,36.43657700254824],[0.5198125469530769,36.440231846121605]]]]},"properties":{"speed":0.0573,"dir_deg":82.1,"type":"ضعيف"}},{"type":"Feature","geometry":{"type":"MultiPolygon","coordinates":[[[[0.5420940936787669,36.43840405925323],[0.5556549824772586,36.43199295209495],[0.554800168189488,36.43018483358849],[0.5412392793909963,36.43659594074677],[0.5420940936787669,36.43840405925323]]],[[[0.5597478715995372,36.42895185712229],[0.5565097967650292,36.43380107060142],[0.5539453539017174,36.428376715082024],[0.5597478715995372,36.42895185712229]]]]},"properties":{"speed":0.1254,"dir_deg":115.3,"type":"ضعيف"}},{"type":"Feature","geometry":{"type":"MultiPolygon","coordinates":[[[[0.5837783222036544,36.43839552622666],[0.5972112156034762,36.431720395148616],[0.5963211981264042,36.4299293426953],[0.5828883047265824,36.43660447377334],[0.5837783222036544,36.43839552622666]]],[[[0.6012438379982141,36.42859982522928],[0.5981012330805483,36.43351144760192],[0.5954311806493321,36.428138290241996],[0.6012438379982141,36.42859982522928]]]]},"properties":{"speed":0.2184,"dir_deg":116.4,"type":"ضعيف"}},{"type":"Feature","geometry":{"type":"MultiPolygon","coordinates":[[[[0.6253090505019003,36.43845104562839],[0.6395747349277142,36.433815288099886],[0.6389566339239136,36.431913196843105],[0.6246909494980997,36.43654895437161],[0.6253090505019003,36.43845104562839]]],[[[0.6440209125677518,36.431318989961994],[0.6401928359315149,36.43571737935666],[0.6383385329201129,36.43001110558633],[0.6440209125677518,36.431318989961994]]]]},"properties":{"speed":0.2956,"dir_deg":108.0,"type":"متوسط"}},{"type":"Feature","geometry":{"type":"MultiPolygon","coordinates":[[[[0.666810040846268,36.438489671431036],[0.6816551123117933,36.436339356760236],[0.6813684036890204,36.434360013898164],[0.6665233322234951,36.436510328568964],[0.666810040846268,36.438489671431036]]],[[[0.686460115155582,36.43463291377227],[0.6819418209345663,36.43831869962231],[0.6810816950662474,36.43238067103609],[0.686460115155582,36.43463291377227]]]]},"properties":{"speed":0.3494,"dir_deg":98.2,"type":"متوسط"}},{"type":"Feature","geometry":{"type":"MultiPolygon","coordinates":[[[[0.7083971484967347,36.43849796046452],[0.7233665554644864,36.43754043499027],[0.7232388854012537,36.435544514061235],[0.7082694784335021,36.43650203953548],[0.7083971484967347,36.43849796046452]]],[[[0.7282925227554539,36.436223299367676],[0.7234942255277191,36.4395363559193],[0.7231112153380209,36.4335485931322],[0.7282925227554539,36.436223299367676]]]]},"properties":{"speed":0.3861,"dir_deg":93.7,"type":"متوسط"}},{"type":"Feature","geometry":{"type":"MultiPolygon","coordinates":[[[[0.7497895863372712,36.43847761244393],[0.7644537729963,36.44163381738486],[0.7648746003217576,36.439678592496996],[0.7502104136627288,36.43652238755607],[0.7497895863372712,36.43847761244393]]],[[[0.769552248878705,36.44170827325458],[0.7640329456708425,36.443589042272734],[0.7652954276472151,36.437723367609124],[0.769552248878705,36.44170827325458]]]]},"properties":{"speed":0.4416,"dir_deg":77.9,"type":"متوسط"}},{"type":"Feature","geometry":{"type":"MultiPolygon","coordinates":[[[[0.7913156157220769,36.43843634891168],[0.8053608493972153,36.44370241110375],[0.8060629910228247,36.44182971328039],[0.7920177573476863,36.43656365108832],[0.7913156157220769,36.43843634891168]]],[[[0.8103936647683995,36.444521416256094],[0.8046587077716059,36.4455751089271],[0.8067651326484342,36.43995701545704],[0.8103936647683995,36.444521416256094]]]]},"properties":{"speed":0.4745,"dir_deg":69.4,"type":"متوسط"}},{"type":"Feature","geometry":{"type":"MultiPolygon","coordinates":[[[[0.8328659807624264,36.438384081526216],[0.8461272036556502,36.4453940720666],[0.8470618690610343,36.443625909014166],[0.8338006461678105,36.436615918473784],[0.8328659807624264,36.438384081526216]]],[[[0.8510149439894169,36.44684665405384],[0.845192538250266,36.44716223511903],[0.8479965344664185,36.441857745961734],[0.8510149439894169,36.44684665405384]]]]},"properties":{"speed":0.4594,"dir_deg":62.1,"type":"متوسط"}},{"type":"Feature","geometry":{"type":"MultiPolygon","coordinates":[[[[0.8744362500173861,36.438325945492814],[0.8868254324096236,36.446782195232025],[0.8879529323748514,36.4451303042464],[0.8755637499826139,36.436674054507186],[0.8744362500173861,36.438325945492814]]],[[[0.8915189098563167,36.44877499965228],[0.8856979324443958,36.44843408621766],[0.8890804323400793,36.44347841326076],[0.8915189098563167,36.44877499965228]]]]},"properties":{"speed":0.4364,"dir_deg":55.7,"type":"متوسط"}},{"type":"Feature","geometry":{"type":"MultiPolygon","coordinates":[[[[0.9159037858936372,36.43814651574736],[0.9256015221040894,36.44959002536603],[0.9271273233865782,36.4482969938713],[0.917429587176126,36.43685348425264],[0.9159037858936372,36.43814651574736]]],[[[0.9295970014821512,36.45275801282489],[0.9240757208216007,36.450883056860754],[0.9286531246690669,36.44700396237658],[0.9295970014821512,36.45275801282489]]]]},"properties":{"speed":0.5142,"dir_deg":40.3,"type":"قوي"}},{"type":"Feature","geometry":{"type":"MultiPolygon","coordinates":[[[[-0.4156730958119793,36.47928123738112],[-0.41397360858146104,36.46437782357243],[-0.41596073042262083,36.464151225275025],[-0.4176602176531391,36.47905463908372],[-0.4156730958119793,36.47928123738112]]],[[[-0.4144006737585349,36.45929671982083],[-0.41198648674030125,36.46460442186983],[-0.4179478522637806,36.46392462697762],[-0.4144006737585349,36.45929671982083]]]]},"properties":{"speed":0.1267,"dir_deg":173.5,"type":"ضعيف"}},{"type":"Feature","geometry":{"type":"MultiPolygon","coordinates":[[[[-0.3740754091679298,36.47954889990143],[-0.36836098413284235,36.46568003742038],[-0.37021016579698274,36.46491811408236],[-0.3759245908320702,36.47878697656341],[-0.3740754091679298,36.47954889990143]]],[[[-0.36738076661988345,36.46067612159102],[-0.3665118024687019,36.46644196075839],[-0.3720593474611232,36.46415619074435],[-0.36738076661988345,36.46067612159102]]]]},"properties":{"speed":0.0722,"dir_deg":157.6,"type":"ضعيف"}},{"type":"Feature","geometry":{"type":"MultiPolygon","coordinates":[[[[-0.33271022250579463,36.4799500638722],[-0.32097833790905395,36.47060325244751],[-0.3222245794323463,36.46903900116795],[-0.33395646402908696,36.47838581259264],[-0.33271022250579463,36.4799500638722]]],[[[-0.31769083047178653,36.4667055229995],[-0.31973209638576167,36.47216750372708],[-0.32347082095563856,36.46747474988838],[-0.31769083047178653,36.4667055229995]]]]},"properties":{"speed":0.0517,"dir_deg":128.5,"type":"ضعيف"}},{"type":"Feature","geometry":{"type":"MultiPolygon","coordinates":[[[[-0.2912787161596148,36.480089622620845],[-0.2774534503332625,36.47427051402668],[-0.2782293314791513,36.47242714524983],[-0.2920545973055036,36.478246253844],[-0.2912787161596148,36.480089622620845]]],[[[-0.27323296896408944,36.47140912677354],[-0.27667756918737374,36.476113882803524],[-0.2790052126250401,36.470583776472985],[-0.27323296896408944,36.47140912677354]]]]},"properties":{"speed":0.0664,"dir_deg":112.8,"type":"ضعيف"}},{"type":"Feature","geometry":{"type":"MultiPolygon","coordinates":[[[[-0.2499987580694966,36.480167937461225],[-0.23499876963743638,36.48014930850368],[-0.2350012534984432,36.47814931004607],[-0.2500012419305034,36.47816793900362],[-0.2499987580694966,36.480167937461225]]],[[[-0.2300000154239197,36.479143099622355],[-0.2349962857764296,36.48214930696128],[-0.23500373735945,36.476149311588465],[-0.2300000154239197,36.479143099622355]]]]},"properties":{"speed":0.0589,"dir_deg":90.1,"type":"ضعيف"}},{"type":"Feature","geometry":{"type":"MultiPolygon","coordinates":[[[[-0.20911493547773466,36.47979170928283],[-0.19975836972166544,36.491515815954656],[-0.19819515549875533,36.49026827385384],[-0.20755172125482454,36.478544167182015],[-0.20911493547773466,36.47979170928283]]],[[[-0.19585790735818734,36.49480008046152],[-0.20132158394457556,36.49276335805546],[-0.1966319412758452,36.48902073175304],[-0.19585790735818734,36.49480008046152]]]]},"properties":{"speed":0.054,"dir_deg":38.6,"type":"ضعيف"}},{"type":"Feature","geometry":{"type":"MultiPolygon","coordinates":[[[[-0.16766441956871914,36.47923501325166],[-0.1666582942801527,36.494201232276644],[-0.16466279841015521,36.49406708223817],[-0.16566892369872166,36.47910086321318],[-0.16766441956871914,36.47923501325166]]],[[[-0.16532517124896515,36.4991228969324],[-0.16865379015015017,36.49433538231512],[-0.16266730254015774,36.49393293219969],[-0.16532517124896515,36.4991228969324]]]]},"properties":{"speed":0.1026,"dir_deg":3.8,"type":"ضعيف"}},{"type":"Feature","geometry":{"type":"MultiPolygon","coordinates":[[[[-0.12599921090657987,36.479128219670365],[-0.12659498933743316,36.49411638326906],[-0.12459656752427344,36.49419582039317],[-0.12400078909342015,36.47920765679448],[-0.12599921090657987,36.479128219670365]]],[[[-0.12579437124113774,36.49915215636402],[-0.12859341115059286,36.494036946144945],[-0.12259814571111373,36.49427525751729],[-0.12579437124113774,36.49915215636402]]]]},"properties":{"speed":0.2248,"dir_deg":357.7,"type":"ضعيف"}},{"type":"Feature","geometry":{"type":"MultiPolygon","coordinates":[[[[-0.08432970665627232,36.47908281978337],[-0.08560648339206797,36.49402838237455],[-0.08361374171324373,36.49419861927265],[-0.08233696497744808,36.47925305668147],[-0.08432970665627232,36.47908281978337]]],[[[-0.08503570479792108,36.499095355020664],[-0.0875992250708922,36.493858145476445],[-0.08162100003441951,36.49436885617076],[-0.08503570479792108,36.499095355020664]]]]},"properties":{"speed":0.345,"dir_deg":355.1,"type":"متوسط"}},{"type":"Feature","geometry":{"type":"MultiPolygon","coordinates":[[[[-0.04266576129787061,36.47912536595064],[-0.043304345524628474,36.494111766792244],[-0.04130615874574746,36.494196911355814],[-0.04066757451898959,36.47921051051421],[-0.04266576129787061,36.47912536595064]]],[[[-0.042518113544107256,36.49914980602123],[-0.04530253230350948,36.49402662222868],[-0.03930797196686645,36.49428205591938],[-0.042518113544107256,36.49914980602123]]]]},"properties":{"speed":0.5538,"dir_deg":357.6,"type":"قوي"}},{"type":"Feature","geometry":{"type":"MultiPolygon","coordinates":[[[[-0.0009999890150210065,36.47917262543172],[-0.0009296810254585594,36.49417246065704],[0.0010702970045834536,36.49416308625844],[0.0009999890150210065,36.47916325103312],[-0.0009999890150210065,36.47917262543172]]],[[[9.374398608326283e-05,36.49916771853284],[-0.0029296590555005727,36.49418183505565],[0.003070275034625467,36.49415371185983],[9.374398608326283e-05,36.49916771853284]]]]},"properties":{"speed":0.6873,"dir_deg":0.3,"type":"قوي"}},{"type":"Feature","geometry":{"type":"MultiPolygon","coordinates":[[[[0.040666956688286696,36.479191968969396],[0.041027417742857335,36.494187637271544],[0.04302684018314414,36.4941395757976],[0.0426663791285735,36.47914390749545],[0.040666956688286696,36.479191968969396]]],[[[0.042147282647857616,36.49916216263529],[0.03902799530257053,36.494235698745484],[0.04502626262343095,36.49409151432366],[0.042147282647857616,36.49916216263529]]]]},"properties":{"speed":0.7858,"dir_deg":1.4,"type":"قوي"}},{"type":"Feature","geometry":{"type":"MultiPolygon","coordinates":[[[[0.08233343909360001,36.47918230982988],[0.08254901305548938,36.49418076067878],[0.08454880650200976,36.49415201748386],[0.08433323254012039,36.47915356663496],[0.08233343909360001,36.47918230982988]]],[[[0.08362076776604603,36.499165872697624],[0.08054921960896899,36.4942095038737],[0.08654859994853015,36.494123274288945],[0.08362076776604603,36.499165872697624]]]]},"properties":{"speed":0.6809,"dir_deg":0.8,"type":"قوي"}},{"type":"Feature","geometry":{"type":"MultiPolygon","coordinates":[[[[0.12400143231507965,36.47911443516117],[0.1231988862463825,36.494092950434975],[0.1251960216162232,36.494199956577475],[0.12599856768492035,36.47922144130367],[0.12400143231507965,36.47911443516117]]],[[[0.12392993857507048,36.49913929193083],[0.1212017508765418,36.49398594429248],[0.12719315698606393,36.49430696271997],[0.12392993857507048,36.49913929193083]]]]},"properties":{"speed":0.4821,"dir_deg":356.9,"type":"قوي"}},{"type":"Feature","geometry":{"type":"MultiPolygon","coordinates":[[[[0.16568833534506683,36.47896091623769],[0.16258300542406037,36.493635960567495],[0.1645396780013675,36.49405000455696],[0.16764500792237397,36.479374960227155],[0.16568833534506683,36.47896091623769]]],[[[0.16252623173904512,36.4987346640055],[0.1606263328467532,36.49322191657803],[0.16649635057867468,36.494464048546426],[0.16252623173904512,36.4987346640055]]]]},"properties":{"speed":0.2663,"dir_deg":348.1,"type":"متوسط"}},{"type":"Feature","geometry":{"type":"MultiPolygon","coordinates":[[[[0.20749786656033542,36.47861838971699],[0.1992546388289242,36.491150316806156],[0.20092556244081256,36.492249413837015],[0.20916879017222378,36.47971748674785],[0.20749786656033542,36.47861838971699]]],[[[0.19734235805773132,36.49587717435131],[0.1975837152170358,36.4900512197753],[0.20259648605270095,36.49334851086787],[0.19734235805773132,36.49587717435131]]]]},"properties":{"speed":0.1744,"dir_deg":326.7,"type":"ضعيف"}},{"type":"Feature","geometry":{"type":"MultiPolygon","coordinates":[[[[0.24925507808757358,36.47850078656722],[0.23924780310948535,36.48967461525361],[0.2407376469343382,36.49100891858402],[0.2507449219124264,36.47983508989763],[0.24925507808757358,36.47850078656722]]],[[[0.23665696669588238,36.49406637648095],[0.23775795928463253,36.4883403119232],[0.242227490759191,36.49234322191443],[0.23665696669588238,36.49406637648095]]]]},"properties":{"speed":0.1973,"dir_deg":318.2,"type":"ضعيف"}},{"type":"Feature","geometry":{"type":"MultiPolygon","coordinates":[[[[0.2909070122667106,36.47851759963945],[0.28115193337216776,36.48991226662718],[0.28267122230386493,36.49121294381312],[0.2924263011984078,36.47981827682539],[0.2909070122667106,36.47851759963945]]],[[[0.27865988487316873,36.49436082754939],[0.27963264444047053,36.48861158944124],[0.28419051123556216,36.492513620999055],[0.27865988487316873,36.49436082754939]]]]},"properties":{"speed":0.2171,"dir_deg":319.4,"type":"ضعيف"}},{"type":"Feature","geometry":{"type":"MultiPolygon","coordinates":[[[[0.33259713657245793,36.47849118147977],[0.3224457852826524,36.48953428190451],[0.3239181986726181,36.49088779540982],[0.33406954996242366,36.479844694985076],[0.33259713657245793,36.47849118147977]]],[[[0.3197982082143667,36.49389207213208],[0.3209733718926866,36.488180768399204],[0.3253906120625839,36.492241308915126],[0.3197982082143667,36.49389207213208]]]]},"properties":{"speed":0.183,"dir_deg":317.4,"type":"ضعيف"}},{"type":"Feature","geometry":{"type":"MultiPolygon","coordinates":[[[[0.37426835411294096,36.47848625333751],[0.36404308068927893,36.489460941643394],[0.365506372463397,36.49082431143322],[0.37573164588705904,36.479849623127336],[0.37426835411294096,36.47848625333751]]],[[[0.36136630210178394,36.4938008559736],[0.3625797889151608,36.48809757185357],[0.36696966423751515,36.492187681223044],[0.36136630210178394,36.4938008559736]]]]},"properties":{"speed":0.1162,"dir_deg":317.0,"type":"ضعيف"}},{"type":"Feature","geometry":{"type":"MultiPolygon","coordinates":[[[[0.4157887917797986,36.47868902996906],[0.40860516782939643,36.49185700426047],[0.41036089773491763,36.49281482078719],[0.4175445216853198,36.47964684649578],[0.4157887917797986,36.47868902996906]]],[[[0.4070884914653563,36.496725237287635],[0.40684943792387523,36.490899187733746],[0.4121166276404388,36.49377263731391],[0.4070884914653563,36.496725237287635]]]]},"properties":{"speed":0.0403,"dir_deg":331.4,"type":"ضعيف"}},{"type":"Feature","geometry":{"type":"MultiPolygon","coordinates":[[[[0.45856934551353284,36.480139690741986],[0.4731456331569586,36.476599657050606],[0.4726736286647745,36.47465615203148],[0.45809734102134875,36.47819618572286],[0.45856934551353284,36.480139690741986]]],[[[0.47776839345867517,36.47444789331058],[0.4736176376491428,36.47854316206973],[0.4722016241725904,36.47271264701236],[0.47776839345867517,36.47444789331058]]]]},"properties":{"speed":0.0368,"dir_deg":103.7,"type":"ضعيف"}},{"type":"Feature","geometry":{"type":"MultiPolygon","coordinates":[[[[0.5006933542444637,36.479888535132005],[0.5115023077381622,36.46948822146505],[0.5101155992492348,36.46804702766588],[0.4993066457555363,36.47844734133284],[0.5006933542444637,36.479888535132005]]],[[[0.514411937991598,36.465300853343145],[0.5128890162270896,36.47092941526421],[0.5087288907603074,36.46660583386672],[0.514411937991598,36.465300853343145]]]]},"properties":{"speed":0.1096,"dir_deg":133.9,"type":"ضعيف"}},{"type":"Feature","geometry":{"type":"MultiPolygon","coordinates":[[[[0.5424475004464612,36.47979270189612],[0.5518189554020095,36.46808049322243],[0.5502573275788504,36.46683096589503],[0.540885872623302,36.47854317456872],[0.5424475004464612,36.47979270189612]]],[[[0.5541619598089461,36.46355166000083],[0.5533805832251686,36.46933002054984],[0.5486956997556913,36.46558143856762],[0.5541619598089461,36.46355166000083]]]]},"properties":{"speed":0.2392,"dir_deg":141.3,"type":"متوسط"}},{"type":"Feature","geometry":{"type":"MultiPolygon","coordinates":[[[[0.5840227751243761,36.479892260412406],[0.5948876078241037,36.46955033552354],[0.5935086845055884,36.468101691163575],[0.5826438518058608,36.47844361605244],[0.5840227751243761,36.479892260412406]]],[[[0.5978197570647552,36.46537870504727],[0.5962665311426191,36.470998979883504],[0.592129761187073,36.466653046803614],[0.5978197570647552,36.46537870504727]]]]},"properties":{"speed":0.3399,"dir_deg":133.6,"type":"متوسط"}},{"type":"Feature","geometry":{"type":"MultiPolygon","coordinates":[[[[0.6255710455698021,36.47998885659451],[0.6378848210010868,36.47142317304748],[0.6367427298614825,36.4697813363233],[0.6244289544301979,36.478347019870334],[0.6255710455698021,36.47998885659451]]],[[[0.6414183672417129,36.46774702683638],[0.639026912140691,36.473065009771645],[0.6356006387218783,36.46813949959913],[0.6414183672417129,36.46774702683638]]]]},"properties":{"speed":0.3887,"dir_deg":124.8,"type":"متوسط"}},{"type":"Feature","geometry":{"type":"MultiPolygon","coordinates":[[[[0.6670494084841603,36.48009180180976],[0.6809073621442995,36.47435097257058],[0.6801419182457421,36.4725032454159],[0.6662839645856029,36.47824407465508],[0.6670494084841603,36.48009180180976]]],[[[0.6851439580817338,36.471513499246846],[0.681672806042857,36.47619869972527],[0.6793764743471846,36.47065551826121],[0.6851439580817338,36.471513499246846]]]]},"properties":{"speed":0.4005,"dir_deg":112.5,"type":"متوسط"}},{"type":"Feature","geometry":{"type":"MultiPolygon","coordinates":[[[[0.7085298577989569,36.48014843317113],[0.7232372818796071,36.47720026816355],[0.72284419321193,36.47523927828613],[0.7081367691312799,36.47818744329371],[0.7085298577989569,36.48014843317113]]],[[[0.7279432122393187,36.47523705155565],[0.7236303705472843,36.47916125804097],[0.7224511045442529,36.473278288408714],[0.7279432122393187,36.47523705155565]]]]},"properties":{"speed":0.4422,"dir_deg":101.3,"type":"متوسط"}},{"type":"Feature","geometry":{"type":"MultiPolygon","coordinates":[[[[0.749891348369628,36.48016201812017],[0.7648025466857908,36.48179179257575],[0.7650198499465348,36.479803632800255],[0.750108651630372,36.478173858344675],[0.749891348369628,36.48016201812017]]],[[[0.7698815977548839,36.48134097083986],[0.7645852434250469,36.483779952351234],[0.7652371532072788,36.47781547302477],[0.7698815977548839,36.48134097083986]]]]},"properties":{"speed":0.4803,"dir_deg":83.8,"type":"قوي"}},{"type":"Feature","geometry":{"type":"MultiPolygon","coordinates":[[[[0.7914017826253467,36.480132213047355],[0.8058659048493342,36.48410577169038],[0.806395712668404,36.482177222060514],[0.7919315904444165,36.47820366341749],[0.7914017826253467,36.480132213047355]]],[[[0.8109521828335317,36.48446601642312],[0.8053360970302643,36.48603432132025],[0.8069255204874739,36.48024867243065],[0.8109521828335317,36.48446601642312]]]]},"properties":{"speed":0.5101,"dir_deg":74.6,"type":"قوي"}},{"type":"Feature","geometry":{"type":"MultiPolygon","coordinates":[[[[0.832806612556739,36.48001798890921],[0.8455573727085994,36.4879185025349],[0.8466107745253582,36.486218401181326],[0.8338600143734978,36.47831788755563],[0.832806612556739,36.48001798890921]]],[[[0.8503343270009323,36.48970195640001],[0.8445039708918406,36.48961860388849],[0.847664176342117,36.48451829982774],[0.8503343270009323,36.48970195640001]]]]},"properties":{"speed":0.5872,"dir_deg":58.2,"type":"قوي"}},{"type":"Feature","geometry":{"type":"MultiPolygon","coordinates":[[[[0.8743874769960143,36.479958390994824],[0.8862442684320383,36.48914623605461],[0.8874693144400098,36.487565330529804],[0.8756125230039857,36.47837748547002],[0.8743874769960143,36.479958390994824]]],[[[0.890809055248032,36.491418398312135],[0.8850192224240669,36.49072714157941],[0.8886943604479811,36.485984425005],[0.890809055248032,36.491418398312135]]]]},"properties":{"speed":0.6587,"dir_deg":52.2,"type":"قوي"}},{"type":"Feature","geometry":{"type":"MultiPolygon","coordinates":[[[[0.9160084747229926,36.47992077102308],[0.9273009665828613,36.48979394820142],[0.9286173902066392,36.4882882826201],[0.9173248983467706,36.47841510544176],[0.9160084747229926,36.47992077102308]]],[[[0.9317233423480399,36.4923321744702],[0.9259845429590833,36.49129961378273],[0.9299338138304173,36.486782617038784],[0.9317233423480399,36.4923321744702]]]]},"properties":{"speed":0.7327,"dir_deg":48.8,"type":"قوي"}},{"type":"Feature","geometry":{"type":"MultiPolygon","coordinates":[[[[0.957620321652855,36.479869110590435],[0.9681379070230909,36.49056398777439],[0.9695638906476176,36.48916164305836],[0.9590463052773818,36.47846676587441],[0.957620321652855,36.479869110590435]]],[[[0.9723567606254329,36.49342777447769],[0.966711923398564,36.49196633249042],[0.9709898742721444,36.487759298342326],[0.9723567606254329,36.49342777447769]]]]},"properties":{"speed":0.5845,"dir_deg":44.5,"type":"قوي"}},{"type":"Feature","geometry":{"type":"MultiPolygon","coordinates":[[[[0.9992313266190112,36.47980757972057],[1.0088259489412192,36.49133768043541],[1.010363295703197,36.49005839745911],[1.0007686733809888,36.47852829674427],[0.9992313266190112,36.47980757972057]]],[[[1.012792829762944,36.494541405852196],[1.0072886021792415,36.4926169634117],[1.0119006424651746,36.48877911448282],[1.012792829762944,36.494541405852196]]]]},"properties":{"speed":0.4079,"dir_deg":39.8,"type":"متوسط"}},{"type":"Feature","geometry":{"type":"MultiPolygon","coordinates":[[[[-0.4156765013474774,36.52097203431272],[-0.41357691317034473,36.50611970353649],[-0.4155572239405083,36.50583975844621],[-0.417656812117641,36.520692089222436],[-0.4156765013474774,36.52097203431272]]],[[[-0.4138672058297156,36.501028954065944],[-0.4115966024001812,36.506399648626775],[-0.41753753471067184,36.50555981335592],[-0.4138672058297156,36.501028954065944]]]]},"properties":{"speed":0.145,"dir_deg":172.0,"type":"ضعيف"}},{"type":"Feature","geometry":{"type":"MultiPolygon","coordinates":[[[[-0.3740794007626648,36.52122257046686],[-0.36822177027337716,36.50741358190683],[-0.3700629687480475,36.506632564508266],[-0.3759205992373352,36.520441553068295],[-0.3740794007626648,36.52122257046686]]],[[[-0.36718982601428307,36.50242007702087],[-0.36638057179870687,36.508194599305405],[-0.3719041672227178,36.50585154710969],[-0.36718982601428307,36.50242007702087]]]]},"properties":{"speed":0.0944,"dir_deg":157.0,"type":"ضعيف"}},{"type":"Feature","geometry":{"type":"MultiPolygon","coordinates":[[[[-0.3326422373744723,36.52155481528345],[-0.3218009346364037,36.511188226888926],[-0.3231831464223407,36.50974271985718],[-0.3340244491604093,36.520109308251705],[-0.3326422373744723,36.52155481528345]]],[[[-0.318878272950016,36.50700994390821],[-0.32041872285046674,36.512633733920666],[-0.32456535820827764,36.50829721282544],[-0.318878272950016,36.50700994390821]]]]},"properties":{"speed":0.0729,"dir_deg":133.7,"type":"ضعيف"}},{"type":"Feature","geometry":{"type":"MultiPolygon","coordinates":[[[[-0.2911201640823527,36.52166952566726],[-0.27855820558712535,36.51347213591416],[-0.27965119088753837,36.5117972081148],[-0.2922131493827657,36.5199945978679],[-0.2911201640823527,36.52166952566726]]],[[[-0.2749173787389227,36.50990220876345],[-0.2774652202867124,36.51514706371352],[-0.28074417618795133,36.510122280315436],[-0.2749173787389227,36.50990220876345]]]]},"properties":{"speed":0.078,"dir_deg":123.1,"type":"ضعيف"}},{"type":"Feature","geometry":{"type":"MultiPolygon","coordinates":[[[[-0.24974891772117735,36.52180002751556],[-0.23522943150148712,36.518033793333224],[-0.2357315960591324,36.51609786183726],[-0.25025108227882265,36.519864096019596],[-0.24974891772117735,36.52180002751556]]],[[[-0.23064068504041302,36.51581041619112],[-0.2347272669438418,36.51996972482918],[-0.23623376061677773,36.5141619303413],[-0.23064068504041302,36.51581041619112]]]]},"properties":{"speed":0.0451,"dir_deg":104.5,"type":"ضعيف"}},{"type":"Feature","geometry":{"type":"MultiPolygon","coordinates":[[[[-0.20933328823018063,36.520841021153],[-0.20919889744892903,36.53584041911151],[-0.20719897772112697,36.53582250034067],[-0.20733336850237857,36.52082310238216],[-0.20933328823018063,36.520841021153]]],[[[-0.20815414065794413,36.540831259045596],[-0.21119881717673106,36.53585833788234],[-0.20519905799332494,36.53580458156984],[-0.20815414065794413,36.540831259045596]]]]},"properties":{"speed":0.0412,"dir_deg":0.5,"type":"ضعيف"}},{"type":"Feature","geometry":{"type":"MultiPolygon","coordinates":[[[[-0.16762061870814837,36.52053208680331],[-0.17212024317223656,36.53484129291973],[-0.17021234902338062,36.53544124284827],[-0.16571272455929242,36.52113203673185],[-0.16762061870814837,36.52053208680331]]],[[[-0.17266617091917133,36.53991100325614],[-0.1740281373210925,36.53424134299118],[-0.16830445487452467,36.53604119277682],[-0.17266617091917133,36.53991100325614]]]]},"properties":{"speed":0.1268,"dir_deg":342.5,"type":"ضعيف"}},{"type":"Feature","geometry":{"type":"MultiPolygon","coordinates":[[[[-0.1259626752893057,36.520561402780366],[-0.1300225600975292,36.53500153211995],[-0.12809720951891782,36.53554285009437],[-0.1240373247106943,36.52110272075479],[-0.1259626752893057,36.520561402780366]]],[[[-0.13041317974429803,36.54008556755369],[-0.1319479106761406,36.53446021414552],[-0.12617185894030641,36.536084168068804],[-0.13041317974429803,36.54008556755369]]]]},"properties":{"speed":0.253,"dir_deg":344.3,"type":"متوسط"}},{"type":"Feature","geometry":{"type":"MultiPolygon","coordinates":[[[[-0.08430187012494317,36.52058318168789],[-0.08803507132028507,36.53511119630913],[-0.0860980027041191,36.53560895646851],[-0.08236480150877723,36.521080941847266],[-0.08430187012494317,36.52058318168789]]],[[[-0.08831093741064938,36.540202747929236],[-0.089972139936451,36.53461343614975],[-0.08416093408795317,36.53610671662789],[-0.08831093741064938,36.540202747929236]]]]},"properties":{"speed":0.4059,"dir_deg":345.6,"type":"متوسط"}},{"type":"Feature","geometry":{"type":"MultiPolygon","coordinates":[[[[-0.04265936609254558,36.520711437079996],[-0.04446873640624928,36.53560190984173],[-0.04248334003801832,36.535843159216896],[-0.04067396972431462,36.52095268645516],[-0.04265936609254558,36.520711437079996]]],[[[-0.04407916166003503,36.54068602544989],[-0.04645413277448023,36.53536066046657],[-0.040497943669787366,36.53608440859205],[-0.04407916166003503,36.54068602544989]]]]},"properties":{"speed":0.5886,"dir_deg":353.1,"type":"قوي"}},{"type":"Feature","geometry":{"type":"MultiPolygon","coordinates":[[[[-0.0009985320554698185,36.52077789781094],[-0.0018109914051140292,36.53575587864299],[0.00018607270582560794,36.53586420655627],[0.0009985320554698185,36.52088622572422],[-0.0009985320554698185,36.52077789781094]]],[[[-0.0010832791328589475,36.540802702876974],[-0.0038080555160536662,36.5356475507297],[0.0021831368167652453,36.53597253446956],[-0.0010832791328589475,36.540802702876974]]]]},"properties":{"speed":0.6844,"dir_deg":356.9,"type":"قوي"}},{"type":"Feature","geometry":{"type":"MultiPolygon","coordinates":[[[[0.040667613638466237,36.52078858113204],[0.04001540410536505,36.5357743951815],[0.04201351264529277,36.53586135645258],[0.04266572217839396,36.52087554240312],[0.040667613638466237,36.52078858113204]]],[[[0.040797055197628516,36.54081314716686],[0.038017295565437315,36.53568743391042],[0.044011621185220506,36.53594831772366],[0.040797055197628516,36.54081314716686]]]]},"properties":{"speed":0.7979,"dir_deg":357.5,"type":"قوي"}},{"type":"Feature","geometry":{"type":"MultiPolygon","coordinates":[[[[0.08233349981161099,36.52081395202966],[0.08206185374290578,36.5358114921084],[0.0840615257534042,36.53584771158423],[0.0843331718221094,36.520850171505494],[0.08233349981161099,36.52081395202966]]],[[[0.08297114105858659,36.54082878187256],[0.08006218173240737,36.53577527263258],[0.08606119776390261,36.535883931060056],[0.08297114105858659,36.54082878187256]]]]},"properties":{"speed":0.6797,"dir_deg":359.0,"type":"قوي"}},{"type":"Feature","geometry":{"type":"MultiPolygon","coordinates":[[[[0.12400446402795062,36.520737678885894],[0.12258872080263322,36.53567071846663],[0.12457979274673198,36.53585948423],[0.12599553597204938,36.52092644464926],[0.12400446402795062,36.520737678885894]]],[[[0.12311234236624345,36.540742781208564],[0.12059764885853447,36.53548195270326],[0.12657086469083073,36.53604824999338],[0.12311234236624345,36.540742781208564]]]]},"properties":{"speed":0.4681,"dir_deg":354.6,"type":"متوسط"}},{"type":"Feature","geometry":{"type":"MultiPolygon","coordinates":[[[[0.16571889809233126,36.52051311770627],[0.16093473717273368,36.53472972082711],[0.16283028425551196,36.53536760894972],[0.16761444517510954,36.521151005828884],[0.16571889809233126,36.52051311770627]]],[[[0.1602877904075903,36.53978753259536],[0.1590391900899554,36.5340918327045],[0.16472583133829025,36.53600549707233],[0.1602877904075903,36.53978753259536]]]]},"properties":{"speed":0.2868,"dir_deg":341.4,"type":"متوسط"}},{"type":"Feature","geometry":{"type":"MultiPolygon","coordinates":[[[[0.20755044390792163,36.520209894647856],[0.1982179371121112,36.53195316152323],[0.19978370602882714,36.53319749576267],[0.20911621282463758,36.5214542288873],[0.20755044390792163,36.520209894647856]]],[[[0.19588998597186566,36.536489750934734],[0.19665216819539524,36.53070882728379],[0.2013494749455431,36.53444183000211],[0.19588998597186566,36.536489750934734]]]]},"properties":{"speed":0.2165,"dir_deg":321.5,"type":"ضعيف"}},{"type":"Feature","geometry":{"type":"MultiPolygon","coordinates":[[[[0.24927786717780986,36.52014030734069],[0.2389015507745272,36.53097229967354],[0.24034581641890748,36.53235580852732],[0.25072213282219014,36.52152381619447],[0.24927786717780986,36.52014030734069]]],[[[0.2361649114622898,36.53527471821138],[0.2374572851301469,36.52958879081977],[0.24179008206328778,36.53373931738109],[0.2361649114622898,36.53527471821138]]]]},"properties":{"speed":0.2381,"dir_deg":316.2,"type":"متوسط"}},{"type":"Feature","geometry":{"type":"MultiPolygon","coordinates":[[[[0.2909005313942855,36.520189370577306],[0.28126016354018496,36.53168125065141],[0.28279241421673235,36.532966633031954],[0.2924327820708329,36.52147475295785],[0.2909005313942855,36.520189370577306]]],[[[0.2788128329270918,36.53615456853305],[0.2797279128636375,36.53039586827086],[0.2843246648932798,36.534252015412505],[0.2788128329270918,36.53615456853305]]]]},"properties":{"speed":0.2353,"dir_deg":320.0,"type":"ضعيف"}},{"type":"Feature","geometry":{"type":"MultiPolygon","coordinates":[[[[0.3325696813166325,36.52018644545359],[0.3228854366068102,36.53164137471571],[0.32441276050842677,36.53293260734369],[0.3340970052182491,36.52147767808157],[0.3325696813166325,36.52018644545359]]],[[[0.3204210169876777,36.536105300783746],[0.32135811270519354,36.530350142087734],[0.3259400844100434,36.534223839971666],[0.3204210169876777,36.536105300783746]]]]},"properties":{"speed":0.1741,"dir_deg":319.8,"type":"ضعيف"}},{"type":"Feature","geometry":{"type":"MultiPolygon","coordinates":[[[[0.3743205328309115,36.52009835585501],[0.3633149441424569,36.53029036339134],[0.36467387848063393,36.53175777521647],[0.3756794671690885,36.521565767680144],[0.3743205328309115,36.52009835585501]]],[[[0.3603258817487272,36.534421405149345],[0.3619560098042799,36.52882295156621],[0.36603281281881095,36.533225187041594],[0.3603258817487272,36.534421405149345]]]]},"properties":{"speed":0.0874,"dir_deg":312.8,"type":"ضعيف"}},{"type":"Feature","geometry":{"type":"MultiPolygon","coordinates":[[[[0.4172833139013404,36.52004482994899],[0.405474836622583,36.51079497241727],[0.40424152228502064,36.51236943605444],[0.41604999956377803,36.52161929358616],[0.4172833139013404,36.52004482994899]]],[[[0.4009220203608827,36.50849891839196],[0.4067081509601453,36.5092205087801],[0.40300820794745834,36.51394389969161],[0.4009220203608827,36.50849891839196]]]]},"properties":{"speed":0.0276,"dir_deg":231.9,"type":"ضعيف"}},{"type":"Feature","geometry":{"type":"MultiPolygon","coordinates":[[[[0.45932756122769564,36.52093944262018],[0.46093827401680654,36.50602617321636],[0.45894983809629686,36.505811411511154],[0.45733912530718596,36.520724680914974],[0.45932756122769564,36.52093944262018]]],[[[0.46048096031958863,36.500947702562485],[0.4629267099373162,36.50624093492158],[0.4569614021757872,36.50559664980594],[0.46048096031958863,36.500947702562485]]]]},"properties":{"speed":0.1017,"dir_deg":173.8,"type":"ضعيف"}},{"type":"Feature","geometry":{"type":"MultiPolygon","coordinates":[[[[0.5009674563986524,36.52108509954481],[0.5047630230571317,36.50657325356503],[0.502828110259827,36.50606717801056],[0.4990325436013476,36.520579023990344],[0.5009674563986524,36.52108509954481]]],[[[0.505060755544639,36.50148293379453],[0.5066979358544366,36.50707932911949],[0.5008931974625221,36.5055611024561],[0.505060755544639,36.50148293379453]]]]},"properties":{"speed":0.2136,"dir_deg":165.3,"type":"ضعيف"}},{"type":"Feature","geometry":{"type":"MultiPolygon","coordinates":[[[[0.5425707583490879,36.521259442341254],[0.5489814669542646,36.50769836512816],[0.5471733233258521,36.506843603980805],[0.5407626147206753,36.5204046811939],[0.5425707583490879,36.521259442341254]]],[[[0.5502142980084507,36.50275062548345],[0.5507896105826773,36.508553126275515],[0.5453651796974395,36.505988842833446],[0.5502142980084507,36.50275062548345]]]]},"properties":{"speed":0.3483,"dir_deg":154.7,"type":"متوسط"}},{"type":"Feature","geometry":{"type":"MultiPolygon","coordinates":[[[[0.5841567331996922,36.52139949453075],[0.5926682246471859,36.50904819851214],[0.5910213851780384,36.5079133329858],[0.5825098937305446,36.52026462900441],[0.5841567331996922,36.52139949453075]]],[[[0.5946819687284434,36.504363667076106],[0.5943150641163334,36.51018306403847],[0.5893745457088909,36.50677846745947],[0.5946819687284434,36.504363667076106]]]]},"properties":{"speed":0.411,"dir_deg":145.4,"type":"متوسط"}},{"type":"Feature","geometry":{"type":"MultiPolygon","coordinates":[[[[0.6257564635090705,36.52148609766831],[0.6355670020200318,36.51013914503225],[0.6340540750018907,36.50883107323079],[0.6242435364909295,36.52017802586685],[0.6257564635090705,36.52148609766831]]],[[[0.638080718014615,36.50570279158617],[0.6370799290381729,36.51144721683371],[0.6325411479837496,36.50752300142933],[0.638080718014615,36.50570279158617]]]]},"properties":{"speed":0.4061,"dir_deg":139.2,"type":"متوسط"}},{"type":"Feature","geometry":{"type":"MultiPolygon","coordinates":[[[[0.6673237528439138,36.521585894551116],[0.6786312445969654,36.511729899915636],[0.6773171119789011,36.51022223434856],[0.6660096202258494,36.52007822898404],[0.6673237528439138,36.521585894551116]]],[[[0.6817433422056172,36.507690735586934],[0.6799453772150299,36.51323756548271],[0.6760029793608366,36.508714568781485],[0.6817433422056172,36.507690735586934]]]]},"properties":{"speed":0.3445,"dir_deg":131.1,"type":"متوسط"}},{"type":"Feature","geometry":{"type":"MultiPolygon","coordinates":[[[[0.7088147283243195,36.52170855462741],[0.7219621212218335,36.514487331739396],[0.7209992915034313,36.512734346019734],[0.7078518986059174,36.51995556890775],[0.7088147283243195,36.52170855462741]]],[[[0.7258631706618037,36.511203764583556],[0.7229249509402355,36.516240317459065],[0.7200364617850293,36.510981360300065],[0.7258631706618037,36.511203764583556]]]]},"properties":{"speed":0.2992,"dir_deg":118.8,"type":"متوسط"}},{"type":"Feature","geometry":{"type":"MultiPolygon","coordinates":[[[[0.7499517227103485,36.52183089573942],[0.7649342322879652,36.52255505508419],[0.7650307868672682,36.52055738714051],[0.7500482772896515,36.519833227795736],[0.7499517227103485,36.52183089573942]]],[[[0.7699766794368224,36.52179760756061],[0.7648376777086621,36.524552723027874],[0.7651273414465714,36.51855971919682],[0.7699766794368224,36.52179760756061]]]]},"properties":{"speed":0.3116,"dir_deg":87.2,"type":"متوسط"}},{"type":"Feature","geometry":{"type":"MultiPolygon","coordinates":[[[[0.791456027352143,36.52180962133544],[0.8061194208701449,36.52496950907652],[0.806540739235622,36.52301438994079],[0.7918773457176201,36.51985450219971],[0.791456027352143,36.52180962133544]]],[[[0.8112178778922174,36.52504524542235],[0.8056981025046677,36.52692462821226],[0.8069620576010992,36.521059270805054],[0.8112178778922174,36.52504524542235]]]]},"properties":{"speed":0.3849,"dir_deg":77.8,"type":"متوسط"}},{"type":"Feature","geometry":{"type":"MultiPolygon","coordinates":[[[[0.8328275610665506,36.521694740451295],[0.8457677413223337,36.529281026429814],[0.8467792461194692,36.52755566906238],[0.8338390658636862,36.51996938308386],[0.8328275610665506,36.521694740451295]]],[[[0.8505868871394958,36.53094710973893],[0.844756236525198,36.531006383797255],[0.8477907509166048,36.52583031169494],[0.8505868871394958,36.53094710973893]]]]},"properties":{"speed":0.5045,"dir_deg":59.6,"type":"قوي"}},{"type":"Feature","geometry":{"type":"MultiPolygon","coordinates":[[[[0.8743651250408929,36.521604676669256],[0.8859543485661002,36.53112780105586],[0.8872240984843144,36.529582571252504],[0.8756348749591071,36.5200594468659],[0.8743651250408929,36.521604676669256]]],[[[0.8904522980336098,36.533529560949724],[0.884684598647886,36.53267303085922],[0.8884938484025287,36.52803734144914],[0.8904522980336098,36.533529560949724]]]]},"properties":{"speed":0.612,"dir_deg":50.6,"type":"قوي"}},{"type":"Feature","geometry":{"type":"MultiPolygon","coordinates":[[[[0.915976354808785,36.52155555475852],[0.9268287496729395,36.53191053064997],[0.9282094131251326,36.53046354466808],[0.9173570182609782,36.520108568776635],[0.915976354808785,36.52155555475852]]],[[[0.9311365463537541,36.53463869628951],[0.9254480862207464,36.53335751663185],[0.9295900765773257,36.529016558686195],[0.9311365463537541,36.53463869628951]]]]},"properties":{"speed":0.7949,"dir_deg":46.3,"type":"قوي"}},{"type":"Feature","geometry":{"type":"MultiPolygon","coordinates":[[[[0.9577369200864542,36.52163475407344],[0.969777304674341,36.5305806547534],[0.9709700914316695,36.52897527014168],[0.9589297068437826,36.52002936946172],[0.9577369200864542,36.52163475407344]]],[[[0.9743871595823007,36.53275992934086],[0.9685845179170124,36.532186039365115],[0.972162878188998,36.527369885529964],[0.9743871595823007,36.53275992934086]]]]},"properties":{"speed":0.8089,"dir_deg":53.4,"type":"قوي"}},{"type":"Feature","geometry":{"type":"MultiPolygon","coordinates":[[[[0.9994076297338435,36.521637727621254],[1.011492617538929,36.530523281613604],[1.012677358071242,36.52891194990625],[1.0005923702661565,36.5200263959139],[0.9994076297338435,36.521637727621254]]],[[[1.0161133170734473,36.53267946709071],[1.0103078770066158,36.53213461332095],[1.0138620986035551,36.52730061819891],[1.0161133170734473,36.53267946709071]]]]},"properties":{"speed":0.7037,"dir_deg":53.7,"type":"قوي"}},{"type":"Feature","geometry":{"type":"MultiPolygon","coordinates":[[[[-0.4157197778188895,36.56282159030279],[-0.41089592327705987,36.54861840659775],[-0.41278968110439923,36.54797522599217],[-0.4176135356462289,36.56217840969721],[-0.4157197778188895,36.56282159030279]]],[[[-0.41023485067678633,36.543562421726605],[-0.40900216544972046,36.549261587203326],[-0.41468343893173865,36.54733204538659],[-0.41023485067678633,36.543562421726605]]]]},"properties":{"speed":0.1256,"dir_deg":161.2,"type":"ضعيف"}},{"type":"Feature","geometry":{"type":"MultiPolygon","coordinates":[[[[-0.37422106170196584,36.56312710057236],[-0.3648145531165489,36.55144302610184],[-0.36637242971261724,36.550188824957125],[-0.37577893829803416,36.56187289942764],[-0.37422106170196584,36.56312710057236]]],[[[-0.3624579885527774,36.54692123403932],[-0.3632566765204806,36.55269722724657],[-0.36793030630868556,36.5489346238124],[-0.3624579885527774,36.54692123403932]]]]},"properties":{"speed":0.089,"dir_deg":141.2,"type":"ضعيف"}},{"type":"Feature","geometry":{"type":"MultiPolygon","coordinates":[[[[-0.33286794305314316,36.56338510035619],[-0.319591437710259,36.55640409714173],[-0.3205222381388543,36.554633896429344],[-0.33379874348173844,36.56161489964381],[-0.33286794305314316,36.56338510035619]]],[[[-0.3156313361435953,36.553191995714045],[-0.31866063728166366,36.558174297854116],[-0.3214530385674496,36.55286369571696],[-0.3156313361435953,36.553191995714045]]]]},"properties":{"speed":0.0748,"dir_deg":117.7,"type":"ضعيف"}},{"type":"Feature","geometry":{"type":"MultiPolygon","coordinates":[[[[-0.2913075236744817,36.56343328636902],[-0.2773082281392028,36.558046290497856],[-0.2780264942553578,36.55617971775982],[-0.2920257897906367,36.56156671363098],[-0.2913075236744817,36.56343328636902]]],[[[-0.27300092935218734,36.55531733883845],[-0.2765899620230478,36.559912863235894],[-0.2787447603715128,36.55431314502178],[-0.27300092935218734,36.55531733883845]]]]},"properties":{"speed":0.0716,"dir_deg":111.0,"type":"ضعيف"}},{"type":"Feature","geometry":{"type":"MultiPolygon","coordinates":[[[[-0.2502069711205524,36.56347834705256],[-0.23553176533211823,36.56658291386084],[-0.23511782309101348,36.56462621975572],[-0.24979302887944763,36.56152165294744],[-0.2502069711205524,36.56347834705256]]],[[[-0.2304330589487545,36.56663942241105],[-0.23594570757322297,36.56853960796597],[-0.23470388084990873,36.5626695256506],[-0.2304330589487545,36.56663942241105]]]]},"properties":{"speed":0.0341,"dir_deg":78.1,"type":"ضعيف"}},{"type":"Feature","geometry":{"type":"MultiPolygon","coordinates":[[[[-0.2092644407693698,36.56213526764222],[-0.21473542613606553,36.57610195368857],[-0.2128732013298851,36.57683141840413],[-0.2074022159631894,36.56286473235778],[-0.2092644407693698,36.56213526764222]]],[[[-0.2156279755218739,36.5811222480618],[-0.21659765094224598,36.57537248897301],[-0.21101097652370465,36.577560883119695],[-0.2156279755218739,36.5811222480618]]]]},"properties":{"speed":0.0688,"dir_deg":338.6,"type":"ضعيف"}},{"type":"Feature","geometry":{"type":"MultiPolygon","coordinates":[[[[-0.1675464320798808,36.56202458275445],[-0.1746776907632148,36.575220989446855],[-0.172918169870894,36.57617182393796],[-0.16578691118756,36.56297541724555],[-0.1675464320798808,36.56202458275445]]],[[[-0.1761750165448324,36.58009520892321],[-0.17643721165553555,36.57427015495574],[-0.17115864897857325,36.577122658429076],[-0.1761750165448324,36.58009520892321]]]]},"properties":{"speed":0.1707,"dir_deg":331.6,"type":"ضعيف"}},{"type":"Feature","geometry":{"type":"MultiPolygon","coordinates":[[[[-0.12591044794825368,36.5620863763383],[-0.13211480287379973,36.5757430955621],[-0.13029390697729237,36.5765703428855],[-0.12408955205174632,36.5629136236617],[-0.12591044794825368,36.5620863763383]]],[[[-0.1332724732340614,36.580708958965076],[-0.13393569877030712,36.574915848238696],[-0.128473011080785,36.57739759020891],[-0.1332724732340614,36.580708958965076]]]]},"properties":{"speed":0.3056,"dir_deg":335.6,"type":"متوسط"}},{"type":"Feature","geometry":{"type":"MultiPolygon","coordinates":[[[[-0.08428391921731004,36.562189530679795],[-0.08894095902040061,36.576448281686545],[-0.08703979221950092,36.577069220326955],[-0.08238275241641035,36.562810469320205],[-0.08428391921731004,36.562189530679795]]],[[[-0.08954272222098095,36.581511668009],[-0.09084212582130032,36.57582734304613],[-0.08513862541860122,36.57769015896737],[-0.08954272222098095,36.581511668009]]]]},"properties":{"speed":0.4815,"dir_deg":341.9,"type":"قوي"}},{"type":"Feature","geometry":{"type":"MultiPolygon","coordinates":[[[[-0.04265785220578737,36.56236750966574],[-0.04464520721968997,36.5772352741261],[-0.04266283862497543,36.57750025479462],[-0.04067548361107283,36.56263249033426],[-0.04265785220578737,36.56236750966574]]],[[[-0.04431647459363356,36.582323685947145],[-0.046627575814404514,36.576970293457585],[-0.04068047003026088,36.57776523546314],[-0.04431647459363356,36.582323685947145]]]]},"properties":{"speed":0.6089,"dir_deg":352.4,"type":"قوي"}},{"type":"Feature","geometry":{"type":"MultiPolygon","coordinates":[[[[-0.0009963257467398873,36.562414355348196],[-0.0022809955238504865,36.577359241549296],[-0.0002883440303707121,36.577530530852904],[0.0009963257467398873,36.562585644651804],[-0.0009963257467398873,36.562414355348196]]],[[[-0.001712893036147466,36.582426514934795],[-0.004273647017330261,36.57718795224568],[0.0017043074631090623,36.57770182015652],[-0.001712893036147466,36.582426514934795]]]]},"properties":{"speed":0.6684,"dir_deg":355.1,"type":"قوي"}},{"type":"Feature","geometry":{"type":"MultiPolygon","coordinates":[[[[0.04067196462636312,36.56239721196254],[0.03913014406444131,36.57731776119355],[0.04111955062857527,36.57752333726847],[0.04266137119049708,36.56260278803746],[0.04067196462636312,36.56239721196254]]],[[[0.03961090715920102,36.58239406564134],[0.03714073750030735,36.57711218511862],[0.043108957192709234,36.57772891334339],[0.03961090715920102,36.58239406564134]]]]},"properties":{"speed":0.8006,"dir_deg":354.1,"type":"قوي"}},{"type":"Feature","geometry":{"type":"MultiPolygon","coordinates":[[[[0.08233522505937475,36.56243855965664],[0.08141361990901887,36.57741022101892],[0.08340984142398976,36.57753310170564],[0.08433144657434564,36.56256144034336],[0.08233522505937475,36.56243855965664]]],[[[0.08210452894971901,36.58246221514971],[0.07941739839404797,36.57728734033221],[0.08540606293896065,36.57765598239235],[0.08210452894971901,36.58246221514971]]]]},"properties":{"speed":0.6824,"dir_deg":356.5,"type":"قوي"}},{"type":"Feature","geometry":{"type":"MultiPolygon","coordinates":[[[[0.12400925520361333,36.562364262207055],[0.12197318830948402,36.57722543415286],[0.12395467790225735,36.57749690973875],[0.12599074479638667,36.562635737792945],[0.12400925520361333,36.562364262207055]]],[[[0.1222852441411609,36.58231489592773],[0.1199916987167107,36.576953958566975],[0.12593616749503067,36.57776838532463],[0.1222852441411609,36.58231489592773]]]]},"properties":{"speed":0.4783,"dir_deg":352.2,"type":"قوي"}},{"type":"Feature","geometry":{"type":"MultiPolygon","coordinates":[[[[0.16571654021029888,36.56218815023132],[0.1610387936800691,36.57644012158264],[0.16293905652691212,36.57706382112],[0.1676168030571419,36.56281184976868],[0.16571654021029888,36.56218815023132]]],[[[0.16042967626008067,36.58150262846843],[0.15913853083322607,36.57581642204528],[0.16483931937375515,36.57768752065736],[0.16042967626008067,36.58150262846843]]]]},"properties":{"speed":0.3242,"dir_deg":341.8,"type":"متوسط"}},{"type":"Feature","geometry":{"type":"MultiPolygon","coordinates":[[[[0.20749158489732297,36.5619601222986],[0.19939341937632393,36.57458627433295],[0.2010769063142372,36.57566602973575],[0.20917507183523623,36.5630398777014],[0.20749158489732297,36.5619601222986]]],[[[0.19753577433828087,36.57933486937913],[0.1977099324384107,36.57350651893015],[0.20276039325215042,36.57674578513855],[0.19753577433828087,36.57933486937913]]]]},"properties":{"speed":0.2318,"dir_deg":327.3,"type":"ضعيف"}},{"type":"Feature","geometry":{"type":"MultiPolygon","coordinates":[[[[0.24923591295760442,36.56185488683811],[0.2395592155292608,36.573316192474046],[0.24108738961405196,36.57460641879782],[0.2507640870423956,36.56314511316189],[0.24923591295760442,36.56185488683811]]],[[[0.23709773676220852,36.57778174084791],[0.23803104144446963,36.572025966150264],[0.24261556369884313,36.5758966451216],[0.23709773676220852,36.57778174084791]]]]},"properties":{"speed":0.2391,"dir_deg":319.8,"type":"متوسط"}},{"type":"Feature","geometry":{"type":"MultiPolygon","coordinates":[[[[0.29089610362543283,36.56186262420104],[0.2813354666410563,36.57342092080793],[0.28287657285530904,36.57469567240585],[0.2924372098396856,36.56313737579896],[0.29089610362543283,36.56186262420104]]],[[[0.27891914075339047,36.577911062142526],[0.27979436042680356,36.572146169210015],[0.2844176790695618,36.57597042400377],[0.27891914075339047,36.577911062142526]]]]},"properties":{"speed":0.2255,"dir_deg":320.4,"type":"ضعيف"}},{"type":"Feature","geometry":{"type":"MultiPolygon","coordinates":[[[[0.3326433943920316,36.561776141899735],[0.32178552288803264,36.57212537503087],[0.3231654206388511,36.5735730912314],[0.33402329214285,36.563223858100265],[0.3326433943920316,36.561776141899735]]],[[[0.3188561812621089,36.57629897750819],[0.32040562513721427,36.570677658830334],[0.3245453183896695,36.57502080743194],[0.3188561812621089,36.57629897750819]]]]},"properties":{"speed":0.1628,"dir_deg":313.6,"type":"ضعيف"}},{"type":"Feature","geometry":{"type":"MultiPolygon","coordinates":[[[[0.3748328017460411,36.561514076704874],[0.3600439523191436,36.56402205051426],[0.3603783488270614,36.56599389710451],[0.3751671982539589,36.563485923295126],[0.3748328017460411,36.561514076704874]]],[[[0.35528153409747,36.565843965079175],[0.3597095558112258,36.56205020392401],[0.36071274533497916,36.567965743694764],[0.35528153409747,36.565843965079175]]]]},"properties":{"speed":0.1011,"dir_deg":279.6,"type":"ضعيف"}},{"type":"Feature","geometry":{"type":"MultiPolygon","coordinates":[[[[0.4174095591091209,36.5618306002249],[0.40736856248267694,36.55068706457647],[0.4058827577295535,36.55202586412667],[0.4159237543559975,36.5631693997751],[0.4174095591091209,36.5618306002249]]],[[[0.4032786612306339,36.547641952468766],[0.40885436723580043,36.54934826502628],[0.40439695297643,36.55336466367686],[0.4032786612306339,36.547641952468766]]]]},"properties":{"speed":0.112,"dir_deg":222.0,"type":"ضعيف"}},{"type":"Feature","geometry":{"type":"MultiPolygon","coordinates":[[[[0.45932846078456413,36.56240130285154],[0.4578480035576496,36.54747454009469],[0.45585776852340293,36.54767193439161],[0.45733822575031746,36.56259869714846],[0.45932846078456413,36.56240130285154]]],[[[0.4563594002982214,36.54259764965753],[0.4598382385918962,36.547277145797764],[0.4538675334891563,36.547869328688535],[0.4563594002982214,36.54259764965753]]]]},"properties":{"speed":0.1939,"dir_deg":185.7,"type":"ضعيف"}},{"type":"Feature","geometry":{"type":"MultiPolygon","coordinates":[[[[0.500985981893349,36.56266685234787],[0.5034887671113208,36.547877123947636],[0.5015168033246229,36.5475434192519],[0.499014018106651,36.56233314765213],[0.500985981893349,36.56266685234787]]],[[[0.5033370469572958,36.54278036213302],[0.5054607308980188,36.54821082864336],[0.499544839537925,36.547209714556175],[0.5033370469572958,36.54278036213302]]]]},"properties":{"speed":0.3047,"dir_deg":170.4,"type":"متوسط"}},{"type":"Feature","geometry":{"type":"MultiPolygon","coordinates":[[[[0.542619949076579,36.562802143221994],[0.5471520974064857,36.54850320509654],[0.545245572323091,36.54789891865255],[0.5407134239931842,36.562197856778006],[0.542619949076579,36.562802143221994]]],[[[0.5477095509747574,36.54343474916605],[0.5490586224898804,36.549107491540525],[0.5433390472396964,36.54729463220856],[0.5477095509747574,36.54343474916605]]]]},"properties":{"speed":0.3785,"dir_deg":162.4,"type":"متوسط"}},{"type":"Feature","geometry":{"type":"MultiPolygon","coordinates":[[[[0.5842564602473762,36.56288444767967],[0.5900231754424913,36.549037245945804],[0.5881768818779757,36.54826835058646],[0.5824101666828606,36.56211555232033],[0.5842564602473762,36.56288444767967]]],[[[0.591022267058605,36.544037064354846],[0.591869469007007,36.549806141305154],[0.58633058831346,36.54749945522711],[0.591022267058605,36.544037064354846]]]]},"properties":{"speed":0.3942,"dir_deg":157.4,"type":"متوسط"}},{"type":"Feature","geometry":{"type":"MultiPolygon","coordinates":[[[[0.6259131923902366,36.56290752872097],[0.6320261232047589,36.549209642867424],[0.6301997384242858,36.548394585425484],[0.6240868076097634,36.56209247127903],[0.6259131923902366,36.56290752872097]]],[[[0.6331505744193631,36.54423615219527],[0.6338525079852322,36.55002470030936],[0.6283733536438125,36.54757952798355],[0.6331505744193631,36.54423615219527]]]]},"properties":{"speed":0.3361,"dir_deg":156.0,"type":"متوسط"}},{"type":"Feature","geometry":{"type":"MultiPolygon","coordinates":[[[[0.6675970853231636,36.562866548898185],[0.6730953187959932,36.54891056707395],[0.6712345212194291,36.54817746927758],[0.6657362877465995,36.562133451101815],[0.6675970853231636,36.562866548898185]]],[[[0.6739976644986542,36.54389202423436],[0.6749561163725573,36.54964366487033],[0.669373723642865,36.547444371481205],[0.6739976644986542,36.54389202423436]]]]},"properties":{"speed":0.2577,"dir_deg":158.5,"type":"متوسط"}},{"type":"Feature","geometry":{"type":"MultiPolygon","coordinates":[[[[0.7092751356864807,36.56283611144483],[0.7143168073589838,36.54870877812439],[0.7124331629162592,36.54803655523473],[0.7073914912437561,36.56216388855517],[0.7092751356864807,36.56283611144483]]],[[[0.7150555423617893,36.543663555572756],[0.7162004518017085,36.54938100101406],[0.7105495184735345,36.54736433234506],[0.7150555423617893,36.543663555572756]]]]},"properties":{"speed":0.2004,"dir_deg":160.4,"type":"ضعيف"}},{"type":"Feature","geometry":{"type":"MultiPolygon","coordinates":[[[[0.750534755512164,36.563345006829685],[0.7632098579574033,36.555323674147225],[0.7621403469330753,36.553633660487854],[0.749465244487836,36.561654993170315],[0.750534755512164,36.563345006829685]]],[[[0.7669001365936524,36.551804889756724],[0.7642793689817311,36.55701368780659],[0.7610708359087475,36.55194364682849],[0.7669001365936524,36.551804889756724]]]]},"properties":{"speed":0.115,"dir_deg":122.3,"type":"ضعيف"}},{"type":"Feature","geometry":{"type":"MultiPolygon","coordinates":[[[[0.7915301796715565,36.56349063912514],[0.8063897665487094,36.56553824207502],[0.8066627802753596,36.56355696382474],[0.7918031933982067,36.56150936087486],[0.7915301796715565,36.56349063912514]]],[[[0.8114794690377521,36.565230137266504],[0.8061167528220592,36.56751952032531],[0.8069357940020099,36.56157568557445],[0.8114794690377521,36.565230137266504]]]]},"properties":{"speed":0.193,"dir_deg":82.2,"type":"ضعيف"}},{"type":"Feature","geometry":{"type":"MultiPolygon","coordinates":[[[[0.8329344501462549,36.56341701038863],[0.8466896059757854,36.56939996017159],[0.8474873326135124,36.56756593939432],[0.8337321767839819,36.56158298961137],[0.8329344501462549,36.56341701038863]]],[[[0.8516735212378257,36.57047726637727],[0.8458918793380583,36.57123398094886],[0.8482850592512394,36.56573191861705],[0.8516735212378257,36.57047726637727]]]]},"properties":{"speed":0.3,"dir_deg":66.5,"type":"متوسط"}},{"type":"Feature","geometry":{"type":"MultiPolygon","coordinates":[[[[0.8743977977041788,36.56329834353189],[0.8863729506825011,36.572331377969206],[0.8875773552741435,36.570734690905425],[0.8756022022958212,36.56170165646811],[0.8743977977041788,36.56329834353189]]],[[[0.8909668706377631,36.574544045916426],[0.8851685460908586,36.57392806503298],[0.888781759865786,36.56913800384165],[0.8909668706377631,36.574544045916426]]]]},"properties":{"speed":0.4126,"dir_deg":53.0,"type":"متوسط"}},{"type":"Feature","geometry":{"type":"MultiPolygon","coordinates":[[[[0.9159733022385322,36.56322056798262],[0.9267818219778217,36.57362133242786],[0.9281685905705204,36.572180196462625],[0.917360070831231,36.56177943201738],[0.9159733022385322,36.56322056798262]]],[[[0.9310780461872675,36.57636768592699],[0.9253950533851228,36.5750624683931],[0.9295553591632192,36.57073906049739],[0.9310780461872675,36.57636768592699]]]]},"properties":{"speed":0.6304,"dir_deg":46.1,"type":"قوي"}},{"type":"Feature","geometry":{"type":"MultiPolygon","coordinates":[[[[0.9577095624591571,36.56328162310775],[0.9694339090753437,36.57263788819717],[0.9706814110872664,36.571074641981674],[0.9589570644710798,36.56171837689225],[0.9577095624591571,36.56328162310775]]],[[[0.9739657756200338,36.574975020119226],[0.9681864070634209,36.57420113441266],[0.9719289130991892,36.569511395766185],[0.9739657756200338,36.574975020119226]]]]},"properties":{"speed":0.7568,"dir_deg":51.4,"type":"قوي"}},{"type":"Feature","geometry":{"type":"MultiPolygon","coordinates":[[[[0.9994137293251497,36.56331011523613],[1.0115654578671054,36.57210417535888],[1.012737999216806,36.570483944886625],[1.0005862706748503,36.56168988476387],[0.9994137293251497,36.56331011523613]]],[[[1.0162023047226076,36.574225413497004],[1.0103929165174048,36.57372440583114],[1.0139105405665065,36.56886371441436],[1.0162023047226076,36.574225413497004]]]]},"properties":{"speed":0.7905,"dir_deg":54.1,"type":"قوي"}},{"type":"Feature","geometry":{"type":"MultiPolygon","coordinates":[[[[-0.415863712027834,36.604763991754474],[-0.4069229091970143,36.59271982118359],[-0.4085287986064647,36.59152771413949],[-0.4174696014372844,36.60357188471037],[-0.415863712027834,36.604763991754474]]],[[[-0.4047455862914663,36.588109044137916],[-0.40531701978756385,36.593911928227705],[-0.4101346880159151,36.590335607095376],[-0.4047455862914663,36.588109044137916]]]]},"properties":{"speed":0.0878,"dir_deg":143.4,"type":"ضعيف"}},{"type":"Feature","geometry":{"type":"MultiPolygon","coordinates":[[[[-0.37463475278106956,36.605098848791535],[-0.3606710943944108,36.599620140507575],[-0.3614015888322717,36.59775831938935],[-0.37536524721893044,36.60323702767331],[-0.37463475278106956,36.605098848791535]]],[[[-0.3563817888177883,36.59686299385381],[-0.3599405999565499,36.601481961625794],[-0.3621320832701326,36.59589649827113],[-0.3563817888177883,36.59686299385381]]]]},"properties":{"speed":0.075,"dir_deg":111.4,"type":"ضعيف"}},{"type":"Feature","geometry":{"type":"MultiPolygon","coordinates":[[[[-0.33341808797508005,36.60516434092939],[-0.31847204752054475,36.60643551154398],[-0.31830255810526625,36.60444270615004],[-0.33324859855980155,36.60317153553545],[-0.33341808797508005,36.60516434092939]]],[[[-0.31340528932806044,36.605862832385206],[-0.3186415369358233,36.60842831693792],[-0.3181330686899877,36.6024499007561],[-0.31340528932806044,36.605862832385206]]]]},"properties":{"speed":0.0756,"dir_deg":85.1,"type":"ضعيف"}},{"type":"Feature","geometry":{"type":"MultiPolygon","coordinates":[[[[-0.2919030392367233,36.60513959831276],[-0.27732813803163264,36.60868533587522],[-0.2768553730233045,36.606742015714545],[-0.2914302742283951,36.60319627815208],[-0.2919030392367233,36.60513959831276]]],[[[-0.2722334551257717,36.608895588315704],[-0.2778009030399608,36.6106286560359],[-0.2763826080149763,36.60479869555387],[-0.2722334551257717,36.608895588315704]]]]},"properties":{"speed":0.0657,"dir_deg":76.3,"type":"ضعيف"}},{"type":"Feature","geometry":{"type":"MultiPolygon","coordinates":[[[[-0.2509014341818699,36.60460085440879],[-0.24440769153642836,36.618122367136834],[-0.24260482317268858,36.617256534784104],[-0.2490985658181301,36.60373502205606],[-0.2509014341818699,36.60460085440879]]],[[[-0.24134167647274463,36.62219662186982],[-0.24621055990016813,36.61898819948956],[-0.2408019548089488,36.61639070243138],[-0.24134167647274463,36.62219662186982]]]]},"properties":{"speed":0.0439,"dir_deg":25.7,"type":"ضعيف"}},{"type":"Feature","geometry":{"type":"MultiPolygon","coordinates":[[[[-0.20919736558218158,36.60366451029365],[-0.21674878466376338,36.61662506853218],[-0.21502071023195943,36.61763192440973],[-0.20746929115037763,36.604671366171196],[-0.20919736558218158,36.60366451029365]]],[[[-0.21840188714172198,36.621448682550465],[-0.21847685909556736,36.61561821265464],[-0.21329263580015545,36.61863878028727],[-0.21840188714172198,36.621448682550465]]]]},"properties":{"speed":0.1037,"dir_deg":329.8,"type":"ضعيف"}},{"type":"Feature","geometry":{"type":"MultiPolygon","coordinates":[[[[-0.16750691096923156,36.6036257225382],[-0.1756401463825495,36.616229312570866],[-0.17395966771152716,36.617313743959315],[-0.16582643229820923,36.604710153926646],[-0.16750691096923156,36.6036257225382]]],[[[-0.17751098551814432,36.620972724942646],[-0.1773206250535718,36.615144881182424],[-0.17227918904050485,36.61839817534776],[-0.17751098551814432,36.620972724942646]]]]},"properties":{"speed":0.209,"dir_deg":327.2,"type":"ضعيف"}},{"type":"Feature","geometry":{"type":"MultiPolygon","coordinates":[[[[-0.12590148150127414,36.603735120600085],[-0.13239374598630677,36.6172573431192],[-0.13059078298375848,36.61812297838387],[-0.12409851849872586,36.60460075586476],[-0.12590148150127414,36.603735120600085]]],[[[-0.13365635264671016,36.6221975682579],[-0.13419670898885505,36.61639170785453],[-0.1287878199812102,36.61898861364854],[-0.13365635264671016,36.6221975682579]]]]},"properties":{"speed":0.3445,"dir_deg":334.4,"type":"متوسط"}},{"type":"Feature","geometry":{"type":"MultiPolygon","coordinates":[[[[-0.0842911655996412,36.603880602005646],[-0.0886012090012768,36.61824804874736],[-0.0866855494357148,36.618822721200914],[-0.0823755060340792,36.6044552744592],[-0.0842911655996412,36.603880602005646]]],[[[-0.08908006035237433,36.623324533888045],[-0.0905168685668388,36.61767337629381],[-0.0847698898701528,36.61939739365447],[-0.08908006035237433,36.623324533888045]]]]},"properties":{"speed":0.522,"dir_deg":343.3,"type":"قوي"}},{"type":"Feature","geometry":{"type":"MultiPolygon","coordinates":[[[[-0.04265954372868106,36.60404878452681],[-0.04444684931285514,36.618941921830576],[-0.04246109767235322,36.6191802292418],[-0.04067379208817914,36.60428709193803],[-0.04265954372868106,36.60404878452681]]],[[[-0.044049742020662204,36.62402545463744],[-0.04643260095335707,36.61870361441935],[-0.04047534603185129,36.61941853665302],[-0.044049742020662204,36.62402545463744]]]]},"properties":{"speed":0.6034,"dir_deg":353.2,"type":"قوي"}},{"type":"Feature","geometry":{"type":"MultiPolygon","coordinates":[[[[-0.0009919872778906074,36.60404160042928],[-0.0028870543250464863,36.61892140959763],[-0.0009030797692652713,36.61917408520392],[0.0009919872778906074,36.60429427603557],[-0.0009919872778906074,36.60404160042928]]],[[[-0.0025267560628745053,36.62400768379023],[-0.004871028880827701,36.61866873399135],[0.001080894786515944,36.61942676081021],[-0.0025267560628745053,36.62400768379023]]]]},"properties":{"speed":0.6449,"dir_deg":352.7,"type":"قوي"}},{"type":"Feature","geometry":{"type":"MultiPolygon","coordinates":[[[[0.040680144712087474,36.604004316769654],[0.03822582277058638,36.61880216471479],[0.04019886916327163,36.61912940764033],[0.042653191104772725,36.60433155969519],[0.040680144712087474,36.604004316769654]]],[[[0.038394238653095304,36.62389840215928],[0.03625277637790113,36.618474921789264],[0.04217191555595688,36.61945665056586],[0.038394238653095304,36.62389840215928]]]]},"properties":{"speed":0.7959,"dir_deg":350.6,"type":"قوي"}},{"type":"Feature","geometry":{"type":"MultiPolygon","coordinates":[[[[0.08233936504185731,36.604058292902195],[0.0806946850884817,36.61896785452724],[0.08268262663848748,36.619187145187695],[0.08432730659186309,36.60427758356265],[0.08233936504185731,36.604058292902195]]],[[[0.08114042921235938,36.62404735373248],[0.07870674353847593,36.618748563866795],[0.08467056818849325,36.61940643584814],[0.08114042921235938,36.62404735373248]]]]},"properties":{"speed":0.6943,"dir_deg":353.7,"type":"قوي"}},{"type":"Feature","geometry":{"type":"MultiPolygon","coordinates":[[[[0.12400953554101163,36.60403016974735],[0.12194300826483226,36.618887136632175],[0.123923937182809,36.619162673602325],[0.12599046445898837,36.6043057067175],[0.12400953554101163,36.60403016974735]]],[[[0.12224463029842751,36.62397722741219],[0.1199620793468555,36.61861159966202],[0.12590486610078577,36.61943821057248],[0.12224463029842751,36.62397722741219]]]]},"properties":{"speed":0.5137,"dir_deg":352.1,"type":"قوي"}},{"type":"Feature","geometry":{"type":"MultiPolygon","coordinates":[[[[0.16569482913270833,36.60393230683972],[0.16216035824217984,36.6185099443549],[0.16410404324420397,36.61898120714031],[0.16763851413473246,36.60440356962513],[0.16569482913270833,36.60393230683972]]],[[[0.1619540437796824,36.62360478825266],[0.16021667324015573,36.618038681569494],[0.16604772824622807,36.61945246992571],[0.1619540437796824,36.62360478825266]]]]},"properties":{"speed":0.3582,"dir_deg":346.4,"type":"متوسط"}},{"type":"Feature","geometry":{"type":"MultiPolygon","coordinates":[[[[0.20741415726872503,36.60377407976365],[0.2015062802372039,36.617561646226974],[0.20334462243231305,36.61834936316451],[0.20925249946383417,36.60456179670119],[0.20741415726872503,36.60377407976365]]],[[[0.20045615899091812,36.622551360183515],[0.1996679380420948,36.61677392928944],[0.20518296462742217,36.61913708010205],[0.20045615899091812,36.622551360183515]]]]},"properties":{"speed":0.2491,"dir_deg":336.8,"type":"متوسط"}},{"type":"Feature","geometry":{"type":"MultiPolygon","coordinates":[[[[0.2491834654084308,36.60359064172215],[0.2405240177543678,36.615838660595685],[0.24215708693750618,36.61699325361623],[0.2508165345915692,36.604745234742694],[0.2491834654084308,36.60359064172215]]],[[[0.23845406979458267,36.62049863006381],[0.2388909485712294,36.61468406757515],[0.24379015612064459,36.61814784663677],[0.23845406979458267,36.62049863006381]]]]},"properties":{"speed":0.2273,"dir_deg":324.7,"type":"ضعيف"}},{"type":"Feature","geometry":{"type":"MultiPolygon","coordinates":[[[[0.2909012741295421,36.603524362696064],[0.28124764108416916,36.61500510174132],[0.2827784062902034,36.616292252814034],[0.2924320393355763,36.60481151376878],[0.2909012741295421,36.603524362696064]]],[[[0.27879514600539534,36.619475590292765],[0.27971687587813493,36.6137179506686],[0.28430917149623763,36.61757940388675],[0.27879514600539534,36.619475590292765]]]]},"properties":{"speed":0.2028,"dir_deg":319.9,"type":"ضعيف"}},{"type":"Feature","geometry":{"type":"MultiPolygon","coordinates":[[[[0.3327311025451194,36.60336962368766],[0.3207563843736968,36.61240323452248],[0.3219608658183396,36.613999863612],[0.3339355839897622,36.60496625277718],[0.3327311025451194,36.60336962368766]]],[[[0.3173670523722107,36.61621275267885],[0.31955190292905394,36.610806605432956],[0.32316534726298246,36.61559649270153],[0.3173670523722107,36.61621275267885]]]]},"properties":{"speed":0.1463,"dir_deg":307.0,"type":"ضعيف"}},{"type":"Feature","geometry":{"type":"MultiPolygon","coordinates":[[[[0.37521477021830085,36.60319127362605],[0.36056480112278827,36.59996972035154],[0.36013526068618656,36.60192304956428],[0.37478522978169915,36.60514460283879],[0.37521477021830085,36.60319127362605]]],[[[0.3554667078726499,36.5998725338664],[0.36099434155939003,36.598016391138806],[0.3597057202495848,36.60387637877701],[0.3554667078726499,36.5998725338664]]]]},"properties":{"speed":0.1105,"dir_deg":257.6,"type":"ضعيف"}},{"type":"Feature","geometry":{"type":"MultiPolygon","coordinates":[[[[0.41752357004491286,36.60365247768581],[0.4097916618457684,36.59079877800051],[0.40807783522106106,36.59182969909373],[0.41580974342020555,36.60468339877903],[0.41752357004491286,36.60365247768581]]],[[[0.40635744580036653,36.58702967198535],[0.41150548847047563,36.589767856907294],[0.4063640085963538,36.59286062018695],[0.40635744580036653,36.58702967198535]]]]},"properties":{"speed":0.1525,"dir_deg":211.0,"type":"ضعيف"}},{"type":"Feature","geometry":{"type":"MultiPolygon","coordinates":[[[[0.45932637230692047,36.60405006827548],[0.4575583229527563,36.58915463268328],[0.45557226487379693,36.58939037259717],[0.4573403142279611,36.60428580818937],[0.45932637230692047,36.60405006827548]]],[[[0.4559759441285552,36.584307357442825],[0.4595443810317157,36.58891889276939],[0.4535862067948375,36.58962611251106],[0.4559759441285552,36.584307357442825]]]]},"properties":{"speed":0.251,"dir_deg":186.8,"type":"متوسط"}},{"type":"Feature","geometry":{"type":"MultiPolygon","coordinates":[[[[0.5009979893748746,36.60423131967795],[0.5019487110578216,36.589261479054834],[0.4999527323080724,36.58913471616378],[0.49900201062512545,36.60410455678689],[0.5009979893748746,36.60423131967795]]],[[[0.501267628910596,36.58420815073493],[0.5039446898075707,36.5893882419459],[0.49795675355832325,36.58900795327271],[0.501267628910596,36.58420815073493]]]]},"properties":{"speed":0.3506,"dir_deg":176.4,"type":"متوسط"}},{"type":"Feature","geometry":{"type":"MultiPolygon","coordinates":[[[[0.5426588349051112,36.604293004660576],[0.5445348313273849,36.58941077910713],[0.5425505345869256,36.589160646250825],[0.5406745381646519,36.60404287180427],[0.5426588349051112,36.604293004660576]]],[[[0.5441680150979131,36.58432497082783],[0.5465191280678443,36.589660911963435],[0.5405662378464662,36.588910513394524],[0.5441680150979131,36.58432497082783]]]]},"properties":{"speed":0.3764,"dir_deg":172.8,"type":"متوسط"}},{"type":"Feature","geometry":{"type":"MultiPolygon","coordinates":[[[[0.5843266545266182,36.60428314906324],[0.5860548169889235,36.58938303314074],[0.5840681348659238,36.5891526114791],[0.5823399724036186,36.6040527274016],[0.5843266545266182,36.60428314906324]]],[[[0.5856375300815253,36.584301117002425],[0.5880414991119233,36.58961345480238],[0.582081452742924,36.58892218981746],[0.5856375300815253,36.584301117002425]]]]},"properties":{"speed":0.3561,"dir_deg":173.4,"type":"متوسط"}},{"type":"Feature","geometry":{"type":"MultiPolygon","coordinates":[[[[0.625999975763051,36.60416097595473],[0.6258955415976472,36.58916133950896],[0.6238955900715452,36.58917526406435],[0.624000024236949,36.60417490051012],[0.625999975763051,36.60416097595473]]],[[[0.6248607544461282,36.5841684229714],[0.627895493123749,36.58914741495358],[0.6218956385454433,36.589189188619734],[0.6248607544461282,36.5841684229714]]]]},"properties":{"speed":0.2785,"dir_deg":180.4,"type":"متوسط"}},{"type":"Feature","geometry":{"type":"MultiPolygon","coordinates":[[[[0.667645813305879,36.60396468773103],[0.6645970557849984,36.589277786166065],[0.6626388022430035,36.58968428716885],[0.6656875597638842,36.604371188733815],[0.667645813305879,36.60396468773103]]],[[[0.6626016765070407,36.58458540281247],[0.6665553093269933,36.58887128516328],[0.6606805487010087,36.590090788171636],[0.6626016765070407,36.58458540281247]]]]},"properties":{"speed":0.2366,"dir_deg":191.7,"type":"ضعيف"}},{"type":"Feature","geometry":{"type":"MultiPolygon","coordinates":[[[[0.7093078338463109,36.603943639265324],[0.7059433493398646,36.589325833547434],[0.7039943085774796,36.58977443148163],[0.7073587930839259,36.60439223719952],[0.7093078338463109,36.603943639265324]]],[[[0.7038473341231899,36.58467753060857],[0.7078923901022495,36.58887723561324],[0.7020452678150947,36.590223029415824],[0.7038473341231899,36.58467753060857]]]]},"properties":{"speed":0.2109,"dir_deg":193.0,"type":"ضعيف"}},{"type":"Feature","geometry":{"type":"MultiPolygon","coordinates":[[[[0.7509935087248323,36.60405418229332],[0.7492871696382227,36.589151551420834],[0.7473001521885582,36.58937906329904],[0.7490064912751677,36.604281694171526],[0.7509935087248323,36.60405418229332]]],[[[0.747724881217854,36.584297763735776],[0.7512741870878872,36.58892403954262],[0.7453131347388937,36.58960657517726],[0.747724881217854,36.584297763735776]]]]},"properties":{"speed":0.1285,"dir_deg":186.5,"type":"ضعيف"}},{"type":"Feature","geometry":{"type":"MultiPolygon","coordinates":[[[[0.7923648940008008,36.604883833709806],[0.8031033261615173,36.59441072172102],[0.8017069112296789,36.59297893076625],[0.7909684790689624,36.60345204275504],[0.7923648940008008,36.604883833709806]]],[[[0.8059845960825036,36.59020378891404],[0.8044997410933556,36.59584251267578],[0.8003104962978405,36.59154713981149],[0.8059845960825036,36.59020378891404]]]]},"properties":{"speed":0.0607,"dir_deg":134.3,"type":"ضعيف"}},{"type":"Feature","geometry":{"type":"MultiPolygon","coordinates":[[[[0.833054380939729,36.605128248935415],[0.8474590414846002,36.60931223681626],[0.8480169065353791,36.60739161541027],[0.8336122459905079,36.60320762752943],[0.833054380939729,36.605128248935415]]],[[[0.8525395275249468,36.60974658874021],[0.8469011764338213,36.61123285822224],[0.8485747715861579,36.60547099400429],[0.8525395275249468,36.60974658874021]]]]},"properties":{"speed":0.1207,"dir_deg":73.8,"type":"ضعيف"}},{"type":"Feature","geometry":{"type":"MultiPolygon","coordinates":[[[[0.8744142474741995,36.60497842819443],[0.8865715969043436,36.613764716081434],[0.8877431019559446,36.61214373615742],[0.8755857525258005,36.603357448270415],[0.8744142474741995,36.60497842819443]]],[[[0.8912097992401922,36.61588298874843],[0.8854000918527426,36.615385696005454],[0.8889146070075457,36.6105227562334],[0.8912097992401922,36.61588298874843]]]]},"properties":{"speed":0.2364,"dir_deg":54.1,"type":"ضعيف"}},{"type":"Feature","geometry":{"type":"MultiPolygon","coordinates":[[[[0.9160063976357988,36.604918949929896],[0.9272715730979613,36.614823283416136],[0.9285921508961268,36.61332126002119],[0.9173269754339644,36.60341692653495],[0.9160063976357988,36.604918949929896]]],[[[0.9316869204844316,36.617373716214075],[0.9259509952997956,36.61632530681109],[0.9299127286942924,36.61181923662623],[0.9316869204844316,36.617373716214075]]]]},"properties":{"speed":0.4087,"dir_deg":48.7,"type":"متوسط"}},{"type":"Feature","geometry":{"type":"MultiPolygon","coordinates":[[[[0.9577344846166537,36.60496881525809],[0.9697476400017074,36.613951247985064],[0.9709452976986369,36.61234949393373],[0.9589321423135831,36.603367061206754],[0.9577344846166537,36.60496881525809]]],[[[0.9743508539785235,36.61614451520172],[0.9685499823047781,36.61555300203641],[0.9721429553955663,36.610747739882385],[0.9743508539785235,36.61614451520172]]]]},"properties":{"speed":0.5353,"dir_deg":53.2,"type":"قوي"}},{"type":"Feature","geometry":{"type":"MultiPolygon","coordinates":[[[[0.9994294532594467,36.604989203364305],[1.0117484302376654,36.613547404472605],[1.0128895237187723,36.61190487420884],[1.0005705467405535,36.60334667310054],[0.9994294532594467,36.604989203364305]]],[[[1.0164253026376253,36.61557887304349],[1.0106073367565587,36.615189934736364],[1.014030617199879,36.61026234394508],[1.0164253026376253,36.61557887304349]]]]},"properties":{"speed":0.6244,"dir_deg":55.2,"type":"قوي"}},{"type":"Feature","geometry":{"type":"MultiPolygon","coordinates":[[[[-0.4161505800675567,36.6466886041634],[-0.403302444130232,36.63894745418836],[-0.40433459746023703,36.637234369396715],[-0.41718273339756173,36.644975519371755],[-0.4161505800675567,36.6466886041634]]],[[[-0.39953580881612627,36.63551052846753],[-0.40227029080022697,36.64066053898],[-0.40536675079024204,36.635521284605076],[-0.39953580881612627,36.63551052846753]]]]},"properties":{"speed":0.0473,"dir_deg":121.1,"type":"ضعيف"}},{"type":"Feature","geometry":{"type":"MultiPolygon","coordinates":[[[[-0.3751676790566862,36.64681790340494],[-0.3603800544963152,36.64933308925523],[-0.36004469638294284,36.64736140598051],[-0.3748323209433138,36.64484622013022],[-0.3751676790566862,36.64681790340494]]],[[[-0.3552831672528387,36.6491856429013],[-0.3607154126096876,36.65130477252995],[-0.35970933826957047,36.645389722705794],[-0.3552831672528387,36.6491856429013]]]]},"properties":{"speed":0.0622,"dir_deg":80.3,"type":"ضعيف"}},{"type":"Feature","geometry":{"type":"MultiPolygon","coordinates":[[[[-0.33389308648587074,36.646660727882136],[-0.32146309476745516,36.65505687615858],[-0.3203436083305953,36.65339954392947],[-0.33277360004901085,36.64500339565302],[-0.33389308648587074,36.646660727882136]]],[[[-0.31676002097622,36.657026926136176],[-0.32258258120431504,36.656714208387704],[-0.3192241218937354,36.651742211700345],[-0.31676002097622,36.657026926136176]]]]},"properties":{"speed":0.0807,"dir_deg":56.0,"type":"ضعيف"}},{"type":"Feature","geometry":{"type":"MultiPolygon","coordinates":[[[[-0.292443686571093,36.64646152553145],[-0.2830017301130102,36.65811697310946],[-0.28144767043594265,36.656858045581714],[-0.2908896268940254,36.645202598003706],[-0.292443686571093,36.64646152553145]]],[[[-0.2790773814551155,36.661372658538255],[-0.28455578979007784,36.6593759006372],[-0.27989361075887503,36.65559911805397],[-0.2790773814551155,36.661372658538255]]]]},"properties":{"speed":0.0739,"dir_deg":39.0,"type":"ضعيف"}},{"type":"Feature","geometry":{"type":"MultiPolygon","coordinates":[[[[-0.2509980855720645,36.64577021364039],[-0.25192580747988746,36.66074149722136],[-0.2499296363357585,36.660865193475736],[-0.2490019144279355,36.64589390989477],[-0.2509980855720645,36.64577021364039]]],[[[-0.25123696254376393,36.66579377320887],[-0.25392197862401644,36.66061780096698],[-0.24793346519162948,36.66098888973011],[-0.25123696254376393,36.66579377320887]]]]},"properties":{"speed":0.0712,"dir_deg":356.5,"type":"ضعيف"}},{"type":"Feature","geometry":{"type":"MultiPolygon","coordinates":[[[[-0.20914729218080452,36.64525114618968],[-0.2178610258492676,36.65746060340755],[-0.21623309822021775,36.65862243456335],[-0.20751936455175468,36.64641297734548],[-0.20914729218080452,36.64525114618968]]],[[[-0.21995163992423034,36.662111338058075],[-0.21948895347831746,36.65629877225176],[-0.21460517059116788,36.65978426571914],[-0.21995163992423034,36.662111338058075]]]]},"properties":{"speed":0.1348,"dir_deg":324.5,"type":"ضعيف"}},{"type":"Feature","geometry":{"type":"MultiPolygon","coordinates":[[[[-0.16748444400855597,36.645256519985466],[-0.17611757074022455,36.657523105608],[-0.1744820259905534,36.658674189172224],[-0.16584889925888482,36.64640760354969],[-0.16748444400855597,36.645256519985466]]],[[[-0.17817750727594517,36.66218750926429],[-0.1777531154898957,36.656372022043776],[-0.17284648124088225,36.65982527273645],[-0.17817750727594517,36.66218750926429]]]]},"properties":{"speed":0.2369,"dir_deg":324.9,"type":"ضعيف"}},{"type":"Feature","geometry":{"type":"MultiPolygon","coordinates":[[[[-0.1258958225477014,36.645387649838135],[-0.13256200148932112,36.65882498805366],[-0.13077035639391832,36.659713811912546],[-0.12410417745229858,36.64627647369702],[-0.1258958225477014,36.645387649838135]]],[[[-0.13388823858882629,36.663748512721604],[-0.13435364658472396,36.65793616419478],[-0.12897871129851549,36.660602635771426],[-0.13388823858882629,36.663748512721604]]]]},"properties":{"speed":0.3593,"dir_deg":333.6,"type":"متوسط"}},{"type":"Feature","geometry":{"type":"MultiPolygon","coordinates":[[[[-0.08429119905511587,36.645544837087584],[-0.08859956925504425,36.65991278566142],[-0.08668384277853292,36.66048723502141],[-0.08237547257860453,36.64611928644757],[-0.08429119905511587,36.645544837087584]]],[[[-0.0890778294167647,36.66498932653269],[-0.0905152957315556,36.659338336301424],[-0.08476811630202157,36.6610616843814],[-0.0890778294167647,36.66498932653269]]]]},"properties":{"speed":0.5273,"dir_deg":343.3,"type":"قوي"}},{"type":"Feature","geometry":{"type":"MultiPolygon","coordinates":[[[[-0.04265964618182893,36.64571376490136],[-0.044434099175154555,36.66060843900234],[-0.042448142628356896,36.66084503273478],[-0.04067368963503127,36.6459503586338],[-0.04265964618182893,36.64571376490136]]],[[[-0.04403260523286427,36.66569162723555],[-0.046420055721952215,36.66037184526989],[-0.040462186081559236,36.66108162646722],[-0.04403260523286427,36.66569162723555]]]]},"properties":{"speed":0.5953,"dir_deg":353.2,"type":"قوي"}},{"type":"Feature","geometry":{"type":"MultiPolygon","coordinates":[[[[-0.0009914158626788546,36.645701315497156],[-0.002952609918979005,36.66057255343734],[-0.0009697781936212956,36.660834045978184],[0.0009914158626788546,36.645962808038],[-0.0009914158626788546,36.645701315497156]]],[[[-0.0026149254084002005,36.665660379021155],[-0.004935441644336715,36.660311060896504],[0.0010130535317364139,36.66109553851902],[-0.0026149254084002005,36.665660379021155]]]]},"properties":{"speed":0.6244,"dir_deg":352.5,"type":"قوي"}},{"type":"Feature","geometry":{"type":"MultiPolygon","coordinates":[[[[0.040680628571356924,36.645665549228276],[0.038182940481849656,36.66045613928437],[0.04015501915599601,36.660789164362974],[0.042652707245503275,36.64599857430688],[0.040680628571356924,36.645665549228276]]],[[[0.038336417122420405,36.665552848509044],[0.03621086180770331,36.660123114205774],[0.04212709783014235,36.66112218944157],[0.038336417122420405,36.665552848509044]]]]},"properties":{"speed":0.7688,"dir_deg":350.4,"type":"قوي"}},{"type":"Feature","geometry":{"type":"MultiPolygon","coordinates":[[[[0.08233847199283313,36.64573083938052],[0.0808201361869253,36.660653796740924],[0.08280986383497943,36.66085624151504],[0.08432819964088727,36.64593328415464],[0.08233847199283313,36.64573083938052]]],[[[0.08130888807564975,36.66572933824812],[0.07883040853887115,36.6604513519668],[0.08479959148303358,36.66105868628917],[0.08130888807564975,36.66572933824812]]]]},"properties":{"speed":0.693,"dir_deg":354.2,"type":"قوي"}},{"type":"Feature","geometry":{"type":"MultiPolygon","coordinates":[[[[0.12400240730206752,36.6457627161907],[0.12296222364897931,36.660726606659686],[0.12495740904484427,36.66086529781344],[0.12599759269793248,36.645901407344454],[0.12400240730206752,36.6457627161907]]],[[[0.12361308846254906,36.66578391572623],[0.12096703825311433,36.66058791550594],[0.12695259444070925,36.66100398896718],[0.12361308846254906,36.66578391572623]]]]},"properties":{"speed":0.5463,"dir_deg":356.0,"type":"قوي"}},{"type":"Feature","geometry":{"type":"MultiPolygon","coordinates":[[[[0.16566938528978156,36.64575844147015],[0.16456508082839227,36.66071773662923],[0.16655965351626995,36.66086497722409],[0.16766395797765923,36.645905682065006],[0.16566938528978156,36.64575844147015]]],[[[0.16519426568520135,36.66577778864635],[0.16257050814051457,36.66057049603438],[0.16855422620414764,36.661012217818936],[0.16519426568520135,36.66577778864635]]]]},"properties":{"speed":0.3971,"dir_deg":355.8,"type":"متوسط"}},{"type":"Feature","geometry":{"type":"MultiPolygon","coordinates":[[[[0.20734984152844735,36.645651082100734],[0.20463514652579867,36.66040338466822],[0.20660212020146318,36.66076534400191],[0.20931681520411186,36.64601304143442],[0.20734984152844735,36.645651082100734]]],[[[0.2047137350294147,36.665501798524225],[0.20266817285013414,36.66004142533453],[0.20856909387712771,36.6611273033356],[0.2047137350294147,36.665501798524225]]]]},"properties":{"speed":0.2796,"dir_deg":349.6,"type":"متوسط"}},{"type":"Feature","geometry":{"type":"MultiPolygon","coordinates":[[[[0.2490740175611079,36.645454495186875],[0.24341051885056922,36.659344231770255],[0.24526248372835344,36.66009936493166],[0.2509259824388921,36.64620962834828],[0.2490740175611079,36.645454495186875]]],[[[0.24244866838594842,36.66435171054542],[0.24155855397278503,36.65858909860885],[0.24711444860613763,36.660854498093066],[0.24244866838594842,36.66435171054542]]]]},"properties":{"speed":0.2092,"dir_deg":337.8,"type":"ضعيف"}},{"type":"Feature","geometry":{"type":"MultiPolygon","coordinates":[[[[0.2908021515963506,36.6453294377834],[0.28326279183371156,36.65829701482653],[0.2849918021061288,36.65930226279488],[0.2925311618687678,36.646334685751754],[0.2908021515963506,36.6453294377834]]],[[[0.28161417704904046,36.66312216449175],[0.28153378156129427,36.65729176685818],[0.2867208123785461,36.66030751076323],[0.28161417704904046,36.66312216449175]]]]},"properties":{"speed":0.1594,"dir_deg":329.8,"type":"ضعيف"}},{"type":"Feature","geometry":{"type":"MultiPolygon","coordinates":[[[[0.33274921142121583,36.645020402980755],[0.32057432961888144,36.65378238067413],[0.32174259331133137,36.655405698247776],[0.33391747511366576,36.6466437205544],[0.33274921142121583,36.645020402980755]]],[[[0.31710016753099496,36.657514698692076],[0.31940606592643156,36.652159063100484],[0.32291085700378125,36.65702901582142],[0.31710016753099496,36.657514698692076]]]]},"properties":{"speed":0.1074,"dir_deg":305.7,"type":"ضعيف"}},{"type":"Feature","geometry":{"type":"MultiPolygon","coordinates":[[[[0.3755419814580733,36.64499167132314],[0.3629361247914855,36.63686194945204],[0.36185216187533886,36.638542730340916],[0.3744580185419267,36.646672452212016],[0.3755419814580733,36.64499167132314]]],[[[0.3581921911112163,36.63499243260611],[0.3640200877076322,36.63518116856316],[0.36076819895919215,36.6402235112298],[0.3581921911112163,36.63499243260611]]]]},"properties":{"speed":0.109,"dir_deg":237.2,"type":"ضعيف"}},{"type":"Feature","geometry":{"type":"MultiPolygon","coordinates":[[[[0.4175804025627119,36.645425775467196],[0.4114861080569731,36.6317195880149],[0.40965861639666773,36.63253216061567],[0.4157529109024065,36.64623834806796],[0.4175804025627119,36.645425775467196]]],[[[0.4085409307249075,36.62755714516452],[0.4133135997172785,36.63090701541414],[0.40783112473636235,36.63334473321643],[0.4085409307249075,36.62755714516452]]]]},"properties":{"speed":0.1806,"dir_deg":204.0,"type":"ضعيف"}},{"type":"Feature","geometry":{"type":"MultiPolygon","coordinates":[[[[0.45932264434187997,36.64568617350858],[0.45713432045691116,36.63084665739199],[0.4551557183080328,36.63113843390999],[0.4573440421930016,36.64597795002658],[0.45932264434187997,36.64568617350858]]],[[[0.4554155780874824,36.626046040278794],[0.45911292260578956,36.630554880873994],[0.4531771161591544,36.631430210427986],[0.4554155780874824,36.626046040278794]]]]},"properties":{"speed":0.2906,"dir_deg":188.4,"type":"متوسط"}},{"type":"Feature","geometry":{"type":"MultiPolygon","coordinates":[[[[0.5009999411418049,36.64584291132636],[0.5011626845235696,36.630843794199286],[0.49916280223995974,36.63082209508172],[0.49900005885819504,36.645821212208794],[0.5009999411418049,36.64584291132636]]],[[[0.5002169911756863,36.62583323893148],[0.5031625668071795,36.630865493316854],[0.49716291995634987,36.63080039596415],[0.5002169911756863,36.62583323893148]]]]},"properties":{"speed":0.3718,"dir_deg":179.4,"type":"متوسط"}},{"type":"Feature","geometry":{"type":"MultiPolygon","coordinates":[[[[0.5426650213925995,36.64588974635708],[0.5435302902350438,36.63091472349131],[0.541533620519608,36.63079935431231],[0.5406683516771636,36.64577437717808],[0.5426650213925995,36.64588974635708]]],[[[0.5428203783248073,36.62586536461322],[0.5455269599504796,36.6310300926703],[0.5395369508041722,36.63068398513332],[0.5428203783248073,36.62586536461322]]]]},"properties":{"speed":0.3855,"dir_deg":176.7,"type":"متوسط"}},{"type":"Feature","geometry":{"type":"MultiPolygon","coordinates":[[[[0.5843333091171504,36.64583501065161],[0.5843775423776675,36.630835075871126],[0.5823775510736034,36.63082917810306],[0.5823333178130864,36.64582911288355],[0.5843333091171504,36.64583501065161]]],[[[0.5833922911458078,36.625832148726936],[0.5863775336817315,36.630840973639195],[0.5803775597695394,36.630823280334994],[0.5833922911458078,36.625832148726936]]]]},"properties":{"speed":0.3443,"dir_deg":179.8,"type":"متوسط"}},{"type":"Feature","geometry":{"type":"MultiPolygon","coordinates":[[[[0.6259920380843815,36.64570612353217],[0.6241029645533277,36.63082555226645],[0.6221188883845646,36.631077428737264],[0.6240079619156185,36.645958000002985],[0.6259920380843815,36.64570612353217]]],[[[0.6224812352919282,36.625991300079946],[0.6260870407220909,36.630573675795645],[0.6201348122158015,36.63132930520807],[0.6224812352919282,36.625991300079946]]]]},"properties":{"speed":0.2548,"dir_deg":187.2,"type":"متوسط"}},{"type":"Feature","geometry":{"type":"MultiPolygon","coordinates":[[[[0.6676317308341556,36.64556997494906],[0.6637004285564456,36.63109431045995],[0.6617703399578976,36.63161848409698],[0.6657016422356076,36.646094148586094],[0.6676317308341556,36.64556997494906]]],[[[0.6614249501646016,36.6265311757821],[0.6656305171549936,36.630570136822925],[0.6598402513593496,36.63214265773401],[0.6614249501646016,36.6265311757821]]]]},"properties":{"speed":0.2177,"dir_deg":195.2,"type":"ضعيف"}},{"type":"Feature","geometry":{"type":"MultiPolygon","coordinates":[[[[0.7093006031334416,36.64557838737479],[0.7054954872416516,36.63106904234994],[0.7035609079050053,36.63157639113552],[0.7073660237967953,36.646085736160366],[0.7093006031334416,36.64557838737479]]],[[[0.7032598256093985,36.626486268401116],[0.7074300665782978,36.630561693564374],[0.701626328568359,36.632083739921086],[0.7032598256093985,36.626486268401116]]]]},"properties":{"speed":0.2044,"dir_deg":194.7,"type":"ضعيف"}},{"type":"Feature","geometry":{"type":"MultiPolygon","coordinates":[[[[0.7509838949504809,36.64565331410628],[0.7483026800310693,36.63089488984907],[0.7463348901301075,36.631252385171656],[0.7490161050495191,36.64601080942887],[0.7509838949504809,36.64565331410628]]],[[[0.7464250467741178,36.626154162757956],[0.7502704699320312,36.63053739452648],[0.7443671002291455,36.631609880494246],[0.7464250467741178,36.626154162757956]]]]},"properties":{"speed":0.146,"dir_deg":190.3,"type":"ضعيف"}},{"type":"Feature","geometry":{"type":"MultiPolygon","coordinates":[[[[0.7926601166864221,36.645946501856756],[0.7943767180240399,36.63104504958365],[0.7923898577209588,36.63081616940529],[0.7906732563833411,36.6457176216784],[0.7926601166864221,36.645946501856756]]],[[[0.793955488318372,36.62596345873677],[0.7963635783271208,36.631273929761996],[0.7904029974178779,36.630587289226945],[0.793955488318372,36.62596345873677]]]]},"properties":{"speed":0.0706,"dir_deg":173.4,"type":"ضعيف"}},{"type":"Feature","geometry":{"type":"MultiPolygon","coordinates":[[[[0.8332949330993216,36.6468313249699],[0.8482838811342002,36.647407030456854],[0.8483606418657939,36.645408504052206],[0.8333716938309152,36.644832798565254],[0.8332949330993216,36.6468313249699]]],[[[0.8533185775116232,36.646599669083514],[0.8482071204026064,36.6494055568615],[0.8484374025973876,36.64340997764756],[0.8533185775116232,36.646599669083514]]]]},"properties":{"speed":0.0396,"dir_deg":87.8,"type":"ضعيف"}},{"type":"Feature","geometry":{"type":"MultiPolygon","coordinates":[[[[0.8742365547394344,36.646477934304635],[0.8839246427952366,36.65792961321312],[0.8854515333163678,36.65663786813901],[0.8757634452605656,36.64518618923052],[0.8742365547394344,36.646477934304635]]],[[[0.8879174507410696,36.66110096697889],[0.8823977522741054,36.659221358287226],[0.886978423837499,36.6553461230649],[0.8879174507410696,36.66110096697889]]]]},"properties":{"speed":0.098,"dir_deg":40.2,"type":"ضعيف"}},{"type":"Feature","geometry":{"type":"MultiPolygon","coordinates":[[[[0.9158777406508676,36.64644652445326],[0.9250946809361206,36.65828071271347],[0.9266725727041486,36.657051787342105],[0.9174556324188956,36.645217599081896],[0.9158777406508676,36.64644652445326]]],[[[0.9289559402485522,36.66161097944786],[0.9235167891680927,36.65950963808484],[0.9282504644721765,36.655822861970734],[0.9289559402485522,36.66161097944786]]]]},"properties":{"speed":0.1943,"dir_deg":37.9,"type":"ضعيف"}},{"type":"Feature","geometry":{"type":"MultiPolygon","coordinates":[[[[0.9576120536426211,36.646524726382275],[0.9680020228630529,36.65734362371973],[0.9694445425080475,36.65595829449034],[0.9590545732876157,36.64513939715288],[0.9576120536426211,36.646524726382275]]],[[[0.9721866057590275,36.66025725821753],[0.9665595032180584,36.658728952949126],[0.970887062153042,36.65457296526095],[0.9721866057590275,36.66025725821753]]]]},"properties":{"speed":0.2987,"dir_deg":43.8,"type":"متوسط"}},{"type":"Feature","geometry":{"type":"MultiPolygon","coordinates":[[[[0.9993353113790201,36.646579182264645],[1.0105421188350465,36.65654951157934],[1.0118714960770065,36.65505527058521],[1.00066468862098,36.64508494127051],[0.9993353113790201,36.646579182264645]]],[[[1.0149424099413686,36.65912583418718],[1.0092127415930867,36.658043752573484],[1.0132008733189664,36.65356102959107],[1.0149424099413686,36.65912583418718]]]]},"properties":{"speed":0.4231,"dir_deg":48.3,"type":"متوسط"}},{"type":"Feature","geometry":{"type":"MultiPolygon","coordinates":[[[[-0.4166671637326402,36.688499999871475],[-0.4016671656605084,36.68850760487269],[-0.40166615166034647,36.68650760512974],[-0.41666614973247823,36.686500000128525],[-0.4166671637326402,36.688499999871475]]],[[[-0.3966666593030502,36.68751014000162],[-0.4016681796606703,36.69050760461564],[-0.4016651376601846,36.68450760538679],[-0.3966666593030502,36.68751014000162]]]]},"properties":{"speed":0.024,"dir_deg":90.0,"type":"ضعيف"}},{"type":"Feature","geometry":{"type":"MultiPolygon","coordinates":[[[[-0.3754817753003062,36.68837629479059],[-0.3623373534414588,36.69560292429518],[-0.3613738028408464,36.69385033471401],[-0.3745182246996938,36.68662370520941],[-0.3754817753003062,36.68837629479059]]],[[[-0.35747410418820347,36.69713550600613],[-0.3633009040420712,36.69735551387636],[-0.360410252240234,36.69209774513283],[-0.35747410418820347,36.69713550600613]]]]},"properties":{"speed":0.0525,"dir_deg":61.2,"type":"ضعيف"}},{"type":"Feature","geometry":{"type":"MultiPolygon","coordinates":[[[[-0.33408816087603144,36.6881559347359],[-0.3242491398375162,36.69947819886476],[-0.3227395046203349,36.698166329392954],[-0.33257852565885015,36.6868440652641],[-0.33408816087603144,36.6881559347359]]],[[[-0.32021464854942044,36.70259635217181],[-0.3257587750546974,36.70079006833656],[-0.3212298694031537,36.696854459921155],[-0.32021464854942044,36.70259635217181]]]]},"properties":{"speed":0.0804,"dir_deg":41.0,"type":"ضعيف"}},{"type":"Feature","geometry":{"type":"MultiPolygon","coordinates":[[[[-0.29261656453240337,36.687812530273405],[-0.2879286104313138,36.70206114727107],[-0.28602879483162547,36.70143608672426],[-0.29071674893271504,36.687187469726595],[-0.29261656453240337,36.687812530273405]]],[[[-0.28541605126443975,36.70649815599688],[-0.2898284260310021,36.70268620781788],[-0.28412897923193714,36.70081102617745],[-0.28541605126443975,36.70649815599688]]]]},"properties":{"speed":0.092,"dir_deg":18.2,"type":"ضعيف"}},{"type":"Feature","geometry":{"type":"MultiPolygon","coordinates":[[[[-0.25098261378820735,36.68731433863292],[-0.25376753429435966,36.70205354545603],[-0.25180230671794496,36.702424868190185],[-0.24901738621179267,36.68768566136708],[-0.25098261378820735,36.68731433863292]]],[[[-0.2537132273415364,36.707152275764145],[-0.2557327618707743,36.70168222272188],[-0.2498370791415303,36.70279619092434],[-0.2537132273415364,36.707152275764145]]]]},"properties":{"speed":0.1053,"dir_deg":349.3,"type":"ضعيف"}},{"type":"Feature","geometry":{"type":"MultiPolygon","coordinates":[[[[-0.2091750487334955,36.68696008628151],[-0.217273754510849,36.699585891789745],[-0.21559031377641721,36.70066571922673],[-0.20749160799906372,36.68803991371849],[-0.2091750487334955,36.68696008628151]]],[[[-0.21913160273608426,36.70433440734432],[-0.21895719524528076,36.69850606435276],[-0.21390687304198544,36.70174554666371],[-0.21913160273608426,36.70433440734432]]]]},"properties":{"speed":0.1599,"dir_deg":327.3,"type":"ضعيف"}},{"type":"Feature","geometry":{"type":"MultiPolygon","coordinates":[[[[-0.16749762268065985,36.686943654462056],[-0.17584280574982047,36.699407920166145],[-0.17418090365594158,36.700520611242034],[-0.16583572058678095,36.688056345537944],[-0.16749762268065985,36.686943654462056]]],[[[-0.17779358239260123,36.70411902093879],[-0.17750470784369934,36.698295229090256],[-0.1725190015620627,36.70163330231792],[-0.17779358239260123,36.70411902093879]]]]},"properties":{"speed":0.2582,"dir_deg":326.2,"type":"متوسط"}},{"type":"Feature","geometry":{"type":"MultiPolygon","coordinates":[[[[-0.1258927431474547,36.687049434052916],[-0.13265123235373164,36.700440581264736],[-0.13086574605882226,36.701341713158904],[-0.12410725685254533,36.687950565947084],[-0.1258927431474547,36.687049434052916]]],[[[-0.1340113189417026,36.70535486294909],[-0.13443671864864098,36.69953944937056],[-0.1290802597639129,36.70224284505308],[-0.1340113189417026,36.70535486294909]]]]},"properties":{"speed":0.3732,"dir_deg":333.2,"type":"متوسط"}},{"type":"Feature","geometry":{"type":"MultiPolygon","coordinates":[[[[-0.08428776796301002,36.68720157198792],[-0.08876418814425581,36.70151805418017],[-0.08685532385195617,36.70211491020433],[-0.08237890367071038,36.68779842801208],[-0.08428776796301002,36.68720157198792]]],[[[-0.08930189605852125,36.706588642922995],[-0.09067305243655546,36.700921198156],[-0.08494645955965652,36.7027117662285],[-0.08930189605852125,36.706588642922995]]]]},"properties":{"speed":0.5317,"dir_deg":342.6,"type":"قوي"}},{"type":"Feature","geometry":{"type":"MultiPolygon","coordinates":[[[[-0.04266187421371287,36.68740220219877],[-0.044128841232162694,36.70233029677801],[-0.042138428621597154,36.70252589238047],[-0.04067146160314733,36.68759779780123],[-0.04266187421371287,36.68740220219877]]],[[[-0.04362262393302986,36.70740412610566],[-0.04611925384272823,36.70213470117555],[-0.040148016011031615,36.70272148798293],[-0.04362262393302986,36.70740412610566]]]]},"properties":{"speed":0.5972,"dir_deg":354.4,"type":"قوي"}},{"type":"Feature","geometry":{"type":"MultiPolygon","coordinates":[[[[-0.0009977632384811305,36.68743315301102],[-0.0020004680731760113,36.70239960158824],[-4.941596213750305e-06,36.7025332955662],[0.0009977632384811305,36.68756684698898],[-0.0009977632384811305,36.68743315301102]]],[[[-0.0013369397795931746,36.70745526476962],[-0.003995994550138273,36.70226590761028],[0.0019905848807485107,36.702666989544156],[-0.0013369397795931746,36.70745526476962]]]]},"properties":{"speed":0.597,"dir_deg":356.2,"type":"قوي"}},{"type":"Feature","geometry":{"type":"MultiPolygon","coordinates":[[[[0.04067334338881894,36.68738464663534],[0.03894304291886128,36.70228451442951],[0.040929691958083596,36.70251522115883],[0.042659992428041256,36.68761535336466],[0.04067334338881894,36.68738464663534]]],[[[0.03935960061515322,36.707366490392225],[0.03695639387963898,36.70205380770018],[0.0429163409973059,36.70274592788816],[0.03935960061515322,36.707366490392225]]]]},"properties":{"speed":0.714,"dir_deg":353.4,"type":"قوي"}},{"type":"Feature","geometry":{"type":"MultiPolygon","coordinates":[[[[0.08233460169609101,36.68744969934383],[0.08158009185350114,36.702430711155365],[0.08357756009503951,36.702531312467706],[0.08433206993762939,36.68755030065617],[0.08233460169609101,36.68744969934383]]],[[[0.08232732269340703,36.70747468241538],[0.07958262361196276,36.70233010984302],[0.08557502833657789,36.70263191378005],[0.08232732269340703,36.70747468241538]]]]},"properties":{"speed":0.6751,"dir_deg":357.1,"type":"قوي"}},{"type":"Feature","geometry":{"type":"MultiPolygon","coordinates":[[[[0.12400017711373265,36.68751882009819],[0.12428247858663796,36.702516163392204],[0.12628212435917266,36.70247852319582],[0.12599982288626735,36.68748117990181],[0.12400017711373265,36.68751882009819]]],[[[0.12537640196387376,36.70749645772535],[0.12228283281410325,36.70255380358859],[0.12828177013170736,36.70244088299943],[0.12537640196387376,36.70749645772535]]]]},"properties":{"speed":0.5728,"dir_deg":1.1,"type":"قوي"}},{"type":"Feature","geometry":{"type":"MultiPolygon","coordinates":[[[[0.16566835329298532,36.68755796973824],[0.16653789936663205,36.70253274484927],[0.1685345360481022,36.702416805372785],[0.16766498997445548,36.68744203026176],[0.16566835329298532,36.68755796973824]]],[[[0.1678260663985827,36.7074663668147],[0.16454126268516192,36.70264868432576],[0.17053117272957233,36.7023008658963],[0.1678260663985827,36.7074663668147]]]]},"properties":{"speed":0.4364,"dir_deg":3.3,"type":"متوسط"}},{"type":"Feature","geometry":{"type":"MultiPolygon","coordinates":[[[[0.20733332904736707,36.6875011671223],[0.20735083588185418,36.70250115690599],[0.20935083451967926,36.70249882266139],[0.20933332768519214,36.6874988328777],[0.20733332904736707,36.6875011671223]]],[[[0.20835667081226242,36.70749998637825],[0.2053508372440291,36.70250349115059],[0.21135083315750433,36.70249648841679],[0.20835667081226242,36.70749998637825]]]]},"properties":{"speed":0.2947,"dir_deg":0.1,"type":"متوسط"}},{"type":"Feature","geometry":{"type":"MultiPolygon","coordinates":[[[[0.24900272901495923,36.687426171940324],[0.247895308119791,36.702385236715934],[0.24988985008987252,36.702532892835286],[0.25099727098504077,36.687573828059676],[0.24900272901495923,36.687426171940324]]],[[[0.24852343880644234,36.70744541970082],[0.24590076614970943,36.702237580596574],[0.2518843920599541,36.702680548954646],[0.24852343880644234,36.70744541970082]]]]},"properties":{"speed":0.1931,"dir_deg":355.8,"type":"ضعيف"}},{"type":"Feature","geometry":{"type":"MultiPolygon","coordinates":[[[[0.29067428801302375,36.68737669418307],[0.2888247007591499,36.7022622249761],[0.2908094381982208,36.70250883660996],[0.29265902545209466,36.68762330581693],[0.29067428801302375,36.68737669418307]]],[[[0.28920054039406073,36.70734737439071],[0.28683996332007894,36.702015613342255],[0.29279417563729176,36.702755448243806],[0.28920054039406073,36.70734737439071]]]]},"properties":{"speed":0.129,"dir_deg":352.9,"type":"ضعيف"}},{"type":"Feature","geometry":{"type":"MultiPolygon","coordinates":[[[[0.33267549471754754,36.686746849759075],[0.32137824110369323,36.69661457800748],[0.32269393820347975,36.69812087848933],[0.33399119181733405,36.688253150240925],[0.33267549471754754,36.686746849759075]]],[[[0.3182703384489684,36.70065697099787],[0.32006254400390666,36.695108277525634],[0.3240096353032663,36.69962717897117],[0.3182703384489684,36.70065697099787]]]]},"properties":{"speed":0.051,"dir_deg":311.1,"type":"ضعيف"}},{"type":"Feature","geometry":{"type":"MultiPolygon","coordinates":[[[[0.3758811774906664,36.68702721439326],[0.3687893933895293,36.67380955203326],[0.3670270384081965,36.67475512324674],[0.3741188225093336,36.68797278560674],[0.3758811774906664,36.68702721439326]]],[[[0.36554428786515053,36.66987645018667],[0.37055174837086213,36.67286398081978],[0.3652646834268637,36.675700694460225],[0.36554428786515053,36.66987645018667]]]]},"properties":{"speed":0.1018,"dir_deg":208.2,"type":"ضعيف"}},{"type":"Feature","geometry":{"type":"MultiPolygon","coordinates":[[[[0.41765362327497785,36.68733907441426],[0.4152397394888556,36.67253457627798],[0.41326580640401833,36.67285642744946],[0.41567969019014056,36.68766092558574],[0.41765362327497785,36.68733907441426]]],[[[0.41344814501772953,36.667760669151626],[0.41721367257369285,36.6722127251065],[0.4112918733191811,36.673178278620945],[0.41344814501772953,36.667760669151626]]]]},"properties":{"speed":0.1956,"dir_deg":189.3,"type":"ضعيف"}},{"type":"Feature","geometry":{"type":"MultiPolygon","coordinates":[[[[0.45933232931285045,36.687454979104],[0.4586570158728232,36.67247018842285],[0.4566590437820039,36.672560230214856],[0.45733435722203114,36.687545020896],[0.45933232931285045,36.687454979104]]],[[[0.4574329253474045,36.66752027909181],[0.46065498796364246,36.67238014663085],[0.45466107169118464,36.672650272006855],[0.4574329253474045,36.66752027909181]]]]},"properties":{"speed":0.3063,"dir_deg":182.6,"type":"متوسط"}},{"type":"Feature","geometry":{"type":"MultiPolygon","coordinates":[[[[0.5009999499360125,36.68751000627147],[0.5011500440079708,36.67251075723128],[0.49915014413594583,36.672490744688346],[0.4990000500639875,36.68748999372853],[0.5009999499360125,36.68751000627147]]],[[[0.5002001254292777,36.66750100127975],[0.5031499438799958,36.672530769774205],[0.49715024426392085,36.67247073214542],[0.5002001254292777,36.66750100127975]]]]},"properties":{"speed":0.3745,"dir_deg":179.4,"type":"متوسط"}},{"type":"Feature","geometry":{"type":"MultiPolygon","coordinates":[[[[0.542666683439592,36.68750248808552],[0.5427040047224446,36.67250253451486],[0.5407040109130238,36.67249755834382],[0.5406666896301712,36.68749751191448],[0.542666683439592,36.68750248808552]]],[[[0.5417164482453517,36.66750006190579],[0.5447039985318655,36.67250751068591],[0.5387040171036029,36.67249258217277],[0.5417164482453517,36.66750006190579]]]]},"properties":{"speed":0.3894,"dir_deg":179.9,"type":"متوسط"}},{"type":"Feature","geometry":{"type":"MultiPolygon","coordinates":[[[[0.5843321632618295,36.68745205123974],[0.5836129318579436,36.67246930428907],[0.5816152322645215,36.6725652018096],[0.5823344636684074,36.68754794876026],[0.5843321632618295,36.68745205123974]]],[[[0.5823743382599373,36.66752300406578],[0.5856106314513656,36.67237340676856],[0.5796175326710995,36.672661099330114],[0.5823743382599373,36.66752300406578]]]]},"properties":{"speed":0.3413,"dir_deg":182.7,"type":"متوسط"}},{"type":"Feature","geometry":{"type":"MultiPolygon","coordinates":[[[[0.6259825493059038,36.68731399768424],[0.6231925145695077,36.67257575809568],[0.6212274159577001,36.6729477627272],[0.6240174506940962,36.68768600231576],[0.6259825493059038,36.68731399768424]]],[[[0.6212799536848053,36.66784901388193],[0.6251576131813154,36.67220375346416],[0.6192623173458925,36.67331976735872],[0.6212799536848053,36.66784901388193]]]]},"properties":{"speed":0.2403,"dir_deg":190.7,"type":"متوسط"}},{"type":"Feature","geometry":{"type":"MultiPolygon","coordinates":[[[[0.6676071434406089,36.687160087057514],[0.6625084493033099,36.673053233471606],[0.6606275354918553,36.67373305935658],[0.6657262296291543,36.687839912942486],[0.6676071434406089,36.687160087057514]]],[[[0.6598684276851495,36.66869086188545],[0.6643893631147644,36.67237340758663],[0.6587466216804008,36.67441288524155],[0.6598684276851495,36.66869086188545]]]]},"properties":{"speed":0.1931,"dir_deg":199.9,"type":"ضعيف"}},{"type":"Feature","geometry":{"type":"MultiPolygon","coordinates":[[[[0.7092828370114339,36.687186304231794],[0.7045774004882948,36.672943451037064],[0.7026783533956638,36.673570842573476],[0.7073837899188029,36.687813695768206],[0.7092828370114339,36.687186304231794]]],[[[0.7020593981009329,36.66850952907369],[0.7064764475809258,36.672316059500645],[0.7007793063030328,36.674198234109895],[0.7020593981009329,36.66850952907369]]]]},"properties":{"speed":0.1707,"dir_deg":198.3,"type":"ضعيف"}},{"type":"Feature","geometry":{"type":"MultiPolygon","coordinates":[[[[0.750978060402664,36.68729167849669],[0.7478532378530383,36.67262077245673],[0.7458971170477102,36.67303741546335],[0.749021939597336,36.68770832150331],[0.750978060402664,36.68729167849669]]],[[[0.7458335699338323,36.66793879194672],[0.7498093586583664,36.672204129450115],[0.7439409962423821,36.673454058469964],[0.7458335699338323,36.66793879194672]]]]},"properties":{"speed":0.1204,"dir_deg":192.0,"type":"ضعيف"}},{"type":"Feature","geometry":{"type":"MultiPolygon","coordinates":[[[[0.7926559935386659,36.687645848045115],[0.7948437142153576,36.67280624298835],[0.792865100207789,36.67251454689812],[0.7906773795310973,36.687354151954885],[0.7926559935386659,36.687645848045115]]],[[[0.7945836474371373,36.66771385992431],[0.7968223282229263,36.67309793907857],[0.7908864862002203,36.6722228508079],[0.7945836474371373,36.66771385992431]]]]},"properties":{"speed":0.059,"dir_deg":171.6,"type":"ضعيف"}},{"type":"Feature","geometry":{"type":"MultiPolygon","coordinates":[[[[0.8331604924815742,36.6884849532515],[0.847934791254123,36.69107726800467],[0.8482804332212114,36.68910736150166],[0.8335061344486626,36.6865150467485],[0.8331604924815742,36.6884849532515]]],[[[0.8530323784951834,36.69095641967088],[0.8475891492870347,36.693047174507676],[0.8486260751882997,36.687137454998656],[0.8530323784951834,36.69095641967088]]]]},"properties":{"speed":0.0187,"dir_deg":80.0,"type":"ضعيف"}},{"type":"Feature","geometry":{"type":"MultiPolygon","coordinates":[[[[0.874009291971699,36.687363994108],[0.8719692035916384,36.70222461453251],[0.8739506196482405,36.70249662631652],[0.875990708028301,36.687636005892],[0.874009291971699,36.687363994108]]],[[[0.8722798821599193,36.70731416056602],[0.8699877875350362,36.7019526027485],[0.8759320357048427,36.70276863810053],[0.8722798821599193,36.70731416056602]]]]},"properties":{"speed":0.0578,"dir_deg":352.2,"type":"ضعيف"}},{"type":"Feature","geometry":{"type":"MultiPolygon","coordinates":[[[[0.915687790853904,36.68729563942219],[0.9126223821867401,36.70197907463685],[0.9145801735486954,36.702387795792475],[0.9176455822158592,36.68770436057781],[0.915687790853904,36.68729563942219]]],[[[0.9125794749786631,36.70707791361956],[0.9106645908247847,36.70157035348123],[0.9165379649106508,36.7027965169481],[0.9125794749786631,36.70707791361956]]]]},"properties":{"speed":0.1157,"dir_deg":348.2,"type":"ضعيف"}},{"type":"Feature","geometry":{"type":"MultiPolygon","coordinates":[[[[0.9573393356071775,36.68760958110204],[0.958983052137709,36.70251924897115],[0.9609710078535907,36.702300086767075],[0.9593272913230593,36.68739041889796],[0.9573393356071775,36.68760958110204]]],[[[0.960524935505827,36.707379557158816],[0.9569950964218272,36.70273841117522],[0.9629589635694724,36.702080924563006],[0.960524935505827,36.707379557158816]]]]},"properties":{"speed":0.1745,"dir_deg":6.3,"type":"ضعيف"}},{"type":"Feature","geometry":{"type":"MultiPolygon","coordinates":[[[[0.9991172843561152,36.68796990753563],[1.0061658973905527,36.7012106421939],[1.0079313286783225,36.70027082712264],[1.0008827156438849,36.68703009246437],[0.9991172843561152,36.68796990753563]]],[[[1.0093981507125835,36.705154312877696],[1.0044004661027832,36.702150457265155],[1.009696759966092,36.69933101205138],[1.0093981507125835,36.705154312877696]]]]},"properties":{"speed":0.2642,"dir_deg":28.0,"type":"متوسط"}}]}