{"type":"FeatureCollection","date":"2026-09-11","features":[{"type":"Feature","geometry":{"type":"MultiPolygon","coordinates":[[[[-0.24919724279738512,35.85476424425591],[-0.24025265244504163,35.842722886216684],[-0.2418581668502714,35.841530274169706],[-0.25080275720261486,35.85357163220893],[-0.24919724279738512,35.85476424425591]]],[[[-0.2380738795302087,35.83811279418013],[-0.23864713803981188,35.84391549826366],[-0.24346368125550114,35.84033766212273],[-0.2380738795302087,35.83811279418013]]]]},"properties":{"speed":0.0149,"dir_deg":143.4,"type":"ضعيف"}},{"type":"Feature","geometry":{"type":"MultiPolygon","coordinates":[[[[-0.2092500028333238,35.85456757296748],[-0.20325548180737166,35.868317689973146],[-0.20142213287328328,35.867518420503025],[-0.20741665389923541,35.85376830349736],[-0.2092500028333238,35.85456757296748]]],[[[-0.2003406336650101,35.872501427573305],[-0.20508883074146003,35.869116959443275],[-0.1995887839391949,35.866719151032896],[-0.2003406336650101,35.872501427573305]]]]},"properties":{"speed":0.0101,"dir_deg":23.6,"type":"ضعيف"}},{"type":"Feature","geometry":{"type":"MultiPolygon","coordinates":[[[[-0.1675114098410713,35.853632758485944],[-0.17553910603825992,35.866303831596205],[-0.17384962962355813,35.86737419108916],[-0.1658219334263695,35.8547031179789],[-0.1675114098410713,35.853632758485944]]],[[[-0.17737026656330523,35.87106270237944],[-0.17722858245296172,35.86523347210325],[-0.17216015320885633,35.86844455058212],[-0.17737026656330523,35.87106270237944]]]]},"properties":{"speed":0.0109,"dir_deg":327.6,"type":"ضعيف"}},{"type":"Feature","geometry":{"type":"MultiPolygon","coordinates":[[[[-0.12480098866370495,35.85318794104466],[-0.1395009464801704,35.850202771000234],[-0.13989896915276048,35.85216276537576],[-0.12519901133629505,35.855147935420185],[-0.12480098866370495,35.85318794104466]]],[[[-0.14459994375528723,35.85018771150652],[-0.1391029238075803,35.8482427766247],[-0.14029699182535058,35.85412275975129],[-0.14459994375528723,35.85018771150652]]]]},"properties":{"speed":0.011,"dir_deg":258.5,"type":"ضعيف"}},{"type":"Feature","geometry":{"type":"MultiPolygon","coordinates":[[[[-0.08379682047039398,35.853281833286076],[-0.09708839466558246,35.860234103089084],[-0.0961614253585149,35.86200631298178],[-0.08286985116332642,35.85505404317877],[-0.08379682047039398,35.853281833286076]]],[[[-0.10105543474377816,35.8634376313031],[-0.09801536397265004,35.85846189319639],[-0.09523445605144731,35.86377852287447],[-0.10105543474377816,35.8634376313031]]]]},"properties":{"speed":0.0193,"dir_deg":297.6,"type":"ضعيف"}},{"type":"Feature","geometry":{"type":"MultiPolygon","coordinates":[[[[-0.04189460692821639,35.853194262822825],[-0.05649973807220977,35.856613348119616],[-0.05604386003263719,35.85856069893881],[-0.04143872888864381,35.85514161364202],[-0.04189460692821639,35.853194262822825]]],[[[-0.06114017610042127,35.85872671862815],[-0.056955616111782334,35.854665997300415],[-0.055587981993064625,35.86050804975801],[-0.06114017610042127,35.85872671862815]]]]},"properties":{"speed":0.0243,"dir_deg":283.2,"type":"ضعيف"}},{"type":"Feature","geometry":{"type":"MultiPolygon","coordinates":[[[[-0.29256618470264717,35.8953951985956],[-0.29911913228229486,35.90888811814692],[-0.29732007634211893,35.90976184449087],[-0.29076712876247124,35.896268924939555],[-0.29256618470264717,35.8953951985956]]],[[[-0.30040392017208944,35.91382262116934],[-0.30091818822247085,35.908014391802965],[-0.29552102040194295,35.91063557083483],[-0.30040392017208944,35.91382262116934]]]]},"properties":{"speed":0.0424,"dir_deg":334.1,"type":"ضعيف"}},{"type":"Feature","geometry":{"type":"MultiPolygon","coordinates":[[[[-0.25015406393846745,35.89484400088744],[-0.26497497714057405,35.89715495996445],[-0.26466684926363915,35.89913108172473],[-0.24984593606153255,35.89682012264772],[-0.25015406393846745,35.89484400088744]]],[[[-0.2697612176028088,35.89891334053693],[-0.26528310501750896,35.895178838204174],[-0.26435872138670424,35.90110720348501],[-0.2697612176028088,35.89891334053693]]]]},"properties":{"speed":0.0459,"dir_deg":278.9,"type":"ضعيف"}},{"type":"Feature","geometry":{"type":"MultiPolygon","coordinates":[[[[-0.20848625781176525,35.894843824658025],[-0.22330981445510414,35.89713776634031],[-0.22300395556413286,35.89911424055941],[-0.20818039892079396,35.89682029887713],[-0.20848625781176525,35.894843824658025]]],[[[-0.22809807055739814,35.89889065067729],[-0.22361567334607543,35.895161292121195],[-0.22269809667316157,35.901090714778526],[-0.22809807055739814,35.89889065067729]]]]},"properties":{"speed":0.097,"dir_deg":278.8,"type":"ضعيف"}},{"type":"Feature","geometry":{"type":"MultiPolygon","coordinates":[[[[-0.16677785074260468,35.89483826138232],[-0.18168485652154068,35.89650594801558],[-0.18146249830377212,35.8984935487861],[-0.16655549252483612,35.89682586215284],[-0.16677785074260468,35.89483826138232]]],[[[-0.1865426793389684,35.89805564394526],[-0.18190721473930926,35.894518347245054],[-0.18124014008600353,35.900481149556626],[-0.1865426793389684,35.89805564394526]]]]},"properties":{"speed":0.1291,"dir_deg":276.4,"type":"ضعيف"}},{"type":"Feature","geometry":{"type":"MultiPolygon","coordinates":[[[[-0.12495276502354885,35.89483317796202],[-0.139936022106871,35.89412465331525],[-0.1400304920597733,35.89612242092637],[-0.12504723497645115,35.896830945573136],[-0.12495276502354885,35.89483317796202]]],[[[-0.14497767611109622,35.894887362238556],[-0.13984155215396873,35.892126885704144],[-0.14012496201267557,35.898120188537476],[-0.14497767611109622,35.894887362238556]]]]},"properties":{"speed":0.1252,"dir_deg":267.3,"type":"ضعيف"}},{"type":"Feature","geometry":{"type":"MultiPolygon","coordinates":[[[[-0.083159177038348,35.894847344183766],[-0.09792994079551731,35.89223496250608],[-0.0982782583525417,35.894204397673704],[-0.08350749459537239,35.89681677935139],[-0.083159177038348,35.894847344183766]]],[[[-0.10302768749308594,35.89234888619733],[-0.09758162323849291,35.89026552733846],[-0.0986265759095661,35.89617383284133],[-0.10302768749308594,35.89234888619733]]]]},"properties":{"speed":0.0907,"dir_deg":260.0,"type":"ضعيف"}},{"type":"Feature","geometry":{"type":"MultiPolygon","coordinates":[[[[-0.04112246134988229,35.894993110504615],[-0.05370673029438395,35.886830012126396],[-0.05479514341147957,35.88850791465232],[-0.04221087446697791,35.89667101303054],[-0.04112246134988229,35.894993110504615]]],[[[-0.05844569316776565,35.884947930596624],[-0.052618317177288335,35.88515210960046],[-0.055883556528575185,35.890185817178256],[-0.05844569316776565,35.884947930596624]]]]},"properties":{"speed":0.0307,"dir_deg":237.0,"type":"ضعيف"}},{"type":"Feature","geometry":{"type":"MultiPolygon","coordinates":[[[[0.0008946294184153969,35.896278870679424],[0.007596763096117517,35.88285942940319],[0.005807504259286723,35.8819658115795],[-0.0008946294184153969,35.89538525285573],[0.0008946294184153969,35.896278870679424]]],[[[0.00893617823693616,35.87793947339927],[0.00938602193294831,35.88375304722688],[0.00401824542245593,35.881072193755806],[0.00893617823693616,35.87793947339927]]]]},"properties":{"speed":0.0318,"dir_deg":153.5,"type":"ضعيف"}},{"type":"Feature","geometry":{"type":"MultiPolygon","coordinates":[[[[-0.41691621077313007,35.938468360873244],[-0.40239079767443225,35.94221167148181],[-0.4018916895932905,35.94027494973532],[-0.41641710269198834,35.936531639126756],[-0.41691621077313007,35.938468360873244]]],[[[-0.3972994392676288,35.942491080811415],[-0.40288990575557393,35.9441483932283],[-0.40139258151214885,35.93833822798882],[-0.3972994392676288,35.942491080811415]]]]},"properties":{"speed":0.2597,"dir_deg":75.5,"type":"متوسط"}},{"type":"Feature","geometry":{"type":"MultiPolygon","coordinates":[[[[-0.3752145323439794,35.93847671688497],[-0.36056377906942016,35.941694702044664],[-0.3601347143814614,35.93974126827472],[-0.3747854676560206,35.93652328311503],[-0.3752145323439794,35.93847671688497]]],[[[-0.35546566230058774,35.94179064687959],[-0.360992843757379,35.943648135814605],[-0.35970564969350255,35.93778783450478],[-0.35546566230058774,35.94179064687959]]]]},"properties":{"speed":0.2507,"dir_deg":77.6,"type":"متوسط"}},{"type":"Feature","geometry":{"type":"MultiPolygon","coordinates":[[[[-0.3335315064717134,35.938480169038726],[-0.318828970890859,35.94145261710282],[-0.31843264448231373,35.939492279025366],[-0.33313518006316817,35.936519830961274],[-0.3335315064717134,35.938480169038726]]],[[[-0.31372996249296825,35.94146326408545],[-0.31922529729940424,35.943412955180264],[-0.3180363180737685,35.93753194094792],[-0.31372996249296825,35.94146326408545]]]]},"properties":{"speed":0.2075,"dir_deg":78.6,"type":"متوسط"}},{"type":"Feature","geometry":{"type":"MultiPolygon","coordinates":[[[[-0.2921391769872884,35.93838131981078],[-0.2789193798256109,35.94546912363172],[-0.27797433931615245,35.94370648401016],[-0.29119413647783,35.93661868018922],[-0.2921391769872884,35.93838131981078]]],[[[-0.27404026051698915,35.94695040509458],[-0.27986442033506925,35.94723176325327],[-0.2770292988066941,35.941943844388604],[-0.27404026051698915,35.94695040509458]]]]},"properties":{"speed":0.1655,"dir_deg":61.8,"type":"ضعيف"}},{"type":"Feature","geometry":{"type":"MultiPolygon","coordinates":[[[[-0.250616576077427,35.93828729533261],[-0.23880714608832213,35.94753593649401],[-0.23757399393346815,35.9459613458288],[-0.249383423922573,35.93671270466739],[-0.250616576077427,35.93828729533261]]],[[[-0.23425409334786018,35.94983152154854],[-0.2400402982431761,35.94911052715923],[-0.23634084177861417,35.944386755163585],[-0.23425409334786018,35.94983152154854]]]]},"properties":{"speed":0.1227,"dir_deg":51.9,"type":"ضعيف"}},{"type":"Feature","geometry":{"type":"MultiPolygon","coordinates":[[[[-0.20905842662728794,35.93818864541811],[-0.19872874535565102,35.949065119333234],[-0.19727854883363435,35.94768782849702],[-0.20760823010527127,35.93681135458189],[-0.20905842662728794,35.93818864541811]]],[[[-0.19456042000409704,35.95200196522017],[-0.2001789418776677,35.95044241016945],[-0.1958283523116177,35.9463105376608],[-0.19456042000409704,35.95200196522017]]]]},"properties":{"speed":0.0704,"dir_deg":43.5,"type":"ضعيف"}},{"type":"Feature","geometry":{"type":"MultiPolygon","coordinates":[[[[-0.1676557670929398,35.937352724161684],[-0.16986490466767373,35.952189156049975],[-0.16788671374923492,35.95248370772661],[-0.165677576174501,35.937647275838316],[-0.1676557670929398,35.937352724161684]]],[[[-0.16961218840003228,35.95728190918439],[-0.17184309558611252,35.951894604373344],[-0.16590852283079613,35.95277825940324],[-0.16961218840003228,35.95728190918439]]]]},"properties":{"speed":0.0328,"dir_deg":351.5,"type":"ضعيف"}},{"type":"Feature","geometry":{"type":"MultiPolygon","coordinates":[[[[-0.12473414661756181,35.936535986525485],[-0.13919434873528438,35.93254818578891],[-0.1397260555001608,35.93447621273794],[-0.1252658533824382,35.938464013474515],[-0.12473414661756181,35.936535986525485]]],[[[-0.14428026949029676,35.93218293235124],[-0.138662641970408,35.93062015883988],[-0.14025776226503717,35.93640423968697],[-0.14428026949029676,35.93218293235124]]]]},"properties":{"speed":0.054,"dir_deg":254.6,"type":"ضعيف"}},{"type":"Feature","geometry":{"type":"MultiPolygon","coordinates":[[[[-0.08270633507579249,35.93672098134124],[-0.09439161495723404,35.92731597022522],[-0.09564561643936946,35.928874007542746],[-0.08396033655792791,35.93827901865876],[-0.08270633507579249,35.93672098134124]]],[[[-0.0989137089921156,35.924959985178646],[-0.09313761347509864,35.92575793290769],[-0.09689961792150487,35.930432044860275],[-0.0989137089921156,35.924959985178646]]]]},"properties":{"speed":0.0857,"dir_deg":231.2,"type":"ضعيف"}},{"type":"Feature","geometry":{"type":"MultiPolygon","coordinates":[[[[-0.040876617994094755,35.93688695747875],[-0.050072255812822285,35.92503620876372],[-0.051652355641492974,35.926262293806225],[-0.042456717822765444,35.93811304252125],[-0.040876617994094755,35.93688695747875]]],[[[-0.05392751833340014,35.92169900171329],[-0.0484921559841516,35.923810123721225],[-0.053232455470163656,35.92748837884872],[-0.05392751833340014,35.92169900171329]]]]},"properties":{"speed":0.0751,"dir_deg":217.8,"type":"ضعيف"}},{"type":"Feature","geometry":{"type":"MultiPolygon","coordinates":[[[[0.000992511990872211,35.93737785276108],[-0.0008396965928725733,35.922490172897994],[-0.0028247205746169957,35.92273446737583],[-0.000992511990872211,35.93762214723892],[0.000992511990872211,35.93737785276108]]],[[[-0.0024429447783263793,35.917649760182556],[0.0011453273888718486,35.92224587842016],[-0.004809744556361417,35.92297876185366],[-0.0024429447783263793,35.917649760182556]]]]},"properties":{"speed":0.0715,"dir_deg":187.0,"type":"ضعيف"}},{"type":"Feature","geometry":{"type":"MultiPolygon","coordinates":[[[[0.04266131580611076,35.93760332259985],[0.04421115480383739,35.92268360413464],[0.04222185900847607,35.92247695893494],[0.04067202001074944,35.93739667740015],[0.04266131580611076,35.93760332259985]]],[[[0.04373311990539894,35.917607042046384],[0.04620045059919871,35.92289024933434],[0.04023256321311475,35.92227031373525],[0.04373311990539894,35.917607042046384]]]]},"properties":{"speed":0.1061,"dir_deg":174.1,"type":"ضعيف"}},{"type":"Feature","geometry":{"type":"MultiPolygon","coordinates":[[[[-0.4168120576630764,35.98015731104861],[-0.4019714654203097,35.98233832500637],[-0.40168066355927534,35.980359579373996],[-0.416521255802042,35.978178565416236],[-0.4168120576630764,35.98015731104861]]],[[[-0.39687920040887026,35.98207595684276],[-0.402262267281344,35.98431707063874],[-0.40138986169824104,35.978380833741625],[-0.39687920040887026,35.98207595684276]]]]},"properties":{"speed":0.5385,"dir_deg":81.6,"type":"قوي"}},{"type":"Feature","geometry":{"type":"MultiPolygon","coordinates":[[[[-0.37515771039866264,35.980155423639985],[-0.3603454292851887,35.98252107961992],[-0.36003000848786343,35.980546108804795],[-0.37484228960133736,35.97818045282486],[-0.37515771039866264,35.980155423639985]]],[[[-0.35525029184870144,35.982322146205675],[-0.360660850082514,35.984496050435055],[-0.35971458769053816,35.97857113798966],[-0.35525029184870144,35.982322146205675]]]]},"properties":{"speed":0.53,"dir_deg":80.9,"type":"قوي"}},{"type":"Feature","geometry":{"type":"MultiPolygon","coordinates":[[[[-0.33351875370009887,35.98015059940061],[-0.31877883617730224,35.98293175589048],[-0.3184080153119861,35.98096643355411],[-0.3331479328347827,35.978185277064235],[-0.33351875370009887,35.98015059940061]]],[[[-0.313680119903712,35.98287614688558],[-0.31914965704261844,35.98489707822686],[-0.3180371944466699,35.979001111217734],[-0.313680119903712,35.98287614688558]]]]},"properties":{"speed":0.4947,"dir_deg":79.3,"type":"قوي"}},{"type":"Feature","geometry":{"type":"MultiPolygon","coordinates":[[[[-0.2919920507493627,35.980113516750485],[-0.2778083729783678,35.98499442700254],[-0.27715758494476084,35.98310326996641],[-0.2913412627157557,35.97822235971436],[-0.2919920507493627,35.980113516750485]]],[[[-0.2727550863712327,35.98567581856849],[-0.2784591610119747,35.986885584038674],[-0.27650679691115393,35.98121211293028],[-0.2727550863712327,35.98567581856849]]]]},"properties":{"speed":0.4392,"dir_deg":71.0,"type":"قوي"}},{"type":"Feature","geometry":{"type":"MultiPolygon","coordinates":[[[[-0.25039226184858,35.980087791830634],[-0.2365944578753589,35.98597171955934],[-0.23580993417819893,35.98413201236291],[-0.24960773815142,35.97824808463421],[-0.25039226184858,35.980087791830634]]],[[[-0.23160292803570523,35.98701317520402],[-0.2373789815725189,35.98781142675577],[-0.23502541048103892,35.98229230516648],[-0.23160292803570523,35.98701317520402]]]]},"properties":{"speed":0.3777,"dir_deg":66.9,"type":"متوسط"}},{"type":"Feature","geometry":{"type":"MultiPolygon","coordinates":[[[[-0.20865373484895736,35.98011521838415],[-0.19444453257303546,35.98492131562432],[-0.19380371960767995,35.983026755320864],[-0.20801292188360185,35.978220658080694],[-0.20865373484895736,35.98011521838415]]],[[[-0.18938772533171708,35.98557606788598],[-0.195085345538391,35.986815875927775],[-0.1931629066423244,35.98113219501741],[-0.18938772533171708,35.98557606788598]]]]},"properties":{"speed":0.3229,"dir_deg":71.3,"type":"متوسط"}},{"type":"Feature","geometry":{"type":"MultiPolygon","coordinates":[[[[-0.16687751123979297,35.98014545890254],[-0.15221470118799832,35.98330805299363],[-0.15179302197585318,35.98135301165339],[-0.16645583202764783,35.9781904175623],[-0.16687751123979297,35.98014545890254]]],[[[-0.1471162582313275,35.983384730353876],[-0.1526363804001435,35.98526309433387],[-0.151371342763708,35.97939797031315],[-0.1471162582313275,35.983384730353876]]]]},"properties":{"speed":0.2764,"dir_deg":77.8,"type":"متوسط"}},{"type":"Feature","geometry":{"type":"MultiPolygon","coordinates":[[[[-0.12502862156334735,35.98016752855156],[-0.11003476677629877,35.980596852001774],[-0.10997752364960407,35.978597671363495],[-0.12497137843665265,35.97816834791328],[-0.12502862156334735,35.98016752855156]]],[[[-0.10500819361726856,35.97974036949937],[-0.11009200990299345,35.982596032640046],[-0.10992028052290939,35.97659849072522],[-0.10500819361726856,35.97974036949937]]]]},"properties":{"speed":0.2213,"dir_deg":88.4,"type":"متوسط"}},{"type":"Feature","geometry":{"type":"MultiPolygon","coordinates":[[[[-0.08315963914521228,35.98015273743341],[-0.06838765113045449,35.97754728735869],[-0.06873504447375033,35.97557768895672],[-0.08350703248850812,35.97818313903144],[-0.08315963914521228,35.98015273743341]]],[[[-0.06363735179718315,35.975694004799465],[-0.06804025778715864,35.97951688576065],[-0.06908243781704618,35.973608090554755],[-0.06363735179718315,35.975694004799465]]]]},"properties":{"speed":0.1613,"dir_deg":100.0,"type":"ضعيف"}},{"type":"Feature","geometry":{"type":"MultiPolygon","coordinates":[[[[-0.04133388082459465,35.98011094022438],[-0.0271888509452601,35.97511913396685],[-0.027854425112930993,35.97323312998294],[-0.041999454992265546,35.978224936240466],[-0.04133388082459465,35.98011094022438]]],[[[-0.022806628069317363,35.97251219655571],[-0.026523276777589203,35.97700513795076],[-0.02851999928060189,35.971347125999024],[-0.022806628069317363,35.97251219655571]]]]},"properties":{"speed":0.0979,"dir_deg":109.4,"type":"ضعيف"}},{"type":"Feature","geometry":{"type":"MultiPolygon","coordinates":[[[[0.000823134952819864,35.979735784029664],[0.009340821911460925,35.96738875973737],[0.007694552005821196,35.96625306814288],[-0.000823134952819864,35.97860009243518],[0.000823134952819864,35.979735784029664]]],[[[0.011356915944854749,35.962705239176024],[0.010987091817100652,35.96852445133185],[0.0060482821001814685,35.9651173765484],[0.011356915944854749,35.962705239176024]]]]},"properties":{"speed":0.101,"dir_deg":145.4,"type":"ضعيف"}},{"type":"Feature","geometry":{"type":"MultiPolygon","coordinates":[[[[0.04247596385607993,35.97975533934675],[0.05128698057104831,35.967615900132],[0.04966838867574865,35.96644109790334],[0.04085737196078027,35.97858053711809],[0.04247596385607993,35.97975533934675]]],[[[0.053414690195054605,35.96298201927942],[0.052905572466347965,35.968790702360664],[0.048049796780448996,35.96526629567468],[0.053414690195054605,35.96298201927942]]]]},"properties":{"speed":0.1112,"dir_deg":144.0,"type":"ضعيف"}},{"type":"Feature","geometry":{"type":"MultiPolygon","coordinates":[[[[0.08395440897663735,35.97995169082744],[0.0957106979019742,35.970635593430785],[0.0944685515824199,35.969068088240746],[0.08271226265708305,35.9783841856374],[0.08395440897663735,35.97995169082744]]],[[[0.09900838771730933,35.96674647503688],[0.09695284422152849,35.97220309862083],[0.09322640526286562,35.9675005830507],[0.09900838771730933,35.96674647503688]]]]},"properties":{"speed":0.0994,"dir_deg":128.4,"type":"ضعيف"}},{"type":"Feature","geometry":{"type":"MultiPolygon","coordinates":[[[[-0.41686017029671635,36.021813159367454],[-0.40214370629853996,36.02471586282981],[-0.4017566791702257,36.022753667630056],[-0.41647314316840206,36.0198509641677],[-0.41686017029671635,36.021813159367454]]],[[[-0.3970447047349907,36.02470233305072],[-0.4025307334268542,36.02667805802957],[-0.40136965204191144,36.0207914724303],[-0.3970447047349907,36.02470233305072]]]]},"properties":{"speed":0.5477,"dir_deg":78.8,"type":"قوي"}},{"type":"Feature","geometry":{"type":"MultiPolygon","coordinates":[[[[-0.37523213953507467,36.02180474426267],[-0.3606419021087184,36.02528683728879],[-0.36017762303856904,36.02334147229861],[-0.37476786046492533,36.01985937927249],[-0.37523213953507467,36.02180474426267]]],[[[-0.35554635009819163,36.025474852469074],[-0.36110618117886767,36.027232202278974],[-0.35971334396841975,36.021396107308426],[-0.35554635009819163,36.025474852469074]]]]},"properties":{"speed":0.5527,"dir_deg":76.6,"type":"قوي"}},{"type":"Feature","geometry":{"type":"MultiPolygon","coordinates":[[[[-0.3336511030331364,36.0217802330239],[-0.31942853418838685,36.02654662950933],[-0.31879301465699567,36.024650286996696],[-0.3330155835017452,36.01988389051126],[-0.3336511030331364,36.0217802330239]]],[[[-0.3143699181411081,36.02718725708149],[-0.3200640537197781,36.02844297202196],[-0.31815749512560443,36.022753944484066],[-0.3143699181411081,36.02718725708149]]]]},"properties":{"speed":0.5589,"dir_deg":71.5,"type":"قوي"}},{"type":"Feature","geometry":{"type":"MultiPolygon","coordinates":[[[[-0.29205729922376394,36.02175260424029],[-0.278249162133095,36.02761224160836],[-0.2774678771506855,36.025771156662934],[-0.29127601424135446,36.019911519294865],[-0.29205729922376394,36.02175260424029]]],[[[-0.27325580727833393,36.02864491159167],[-0.2790304471155044,36.02945332655378],[-0.27668659216827607,36.023930071717515],[-0.27325580727833393,36.02864491159167]]]]},"properties":{"speed":0.5737,"dir_deg":67.0,"type":"قوي"}},{"type":"Feature","geometry":{"type":"MultiPolygon","coordinates":[[[[-0.25040724336203923,36.02174538145097],[-0.23670744811112868,36.02785403188156],[-0.2358929613870502,36.02602739251478],[-0.24959275663796077,36.01991874208419],[-0.25040724336203923,36.02174538145097]]],[[[-0.23173360633211926,36.028976929008365],[-0.23752193483520714,36.02968067124835],[-0.23507847466297174,36.02420075314799],[-0.23173360633211926,36.028976929008365]]]]},"properties":{"speed":0.5813,"dir_deg":66.0,"type":"قوي"}},{"type":"Feature","geometry":{"type":"MultiPolygon","coordinates":[[[[-0.2087130601110417,36.02175715841227],[-0.19483661044066558,36.0274531345837],[-0.19407714695114137,36.025602941294316],[-0.2079535966215175,36.019906965122885],[-0.2087130601110417,36.02175715841227]]],[[[-0.18983139547244476,36.02842669666282],[-0.19559607393018982,36.02930332787309],[-0.19331768346161712,36.02375274800493],[-0.18983139547244476,36.02842669666282]]]]},"properties":{"speed":0.5468,"dir_deg":67.7,"type":"قوي"}},{"type":"Feature","geometry":{"type":"MultiPolygon","coordinates":[[[[-0.1670233591034515,36.021766285535705],[-0.15301000258151912,36.027116597581674],[-0.1522966276420569,36.02524815004542],[-0.1663099841639893,36.01989783799945],[-0.1670233591034515,36.021766285535705]]],[[[-0.1479821962711439,36.0279658111622],[-0.15372337752098134,36.028985045117935],[-0.15158325270259468,36.02337970250916],[-0.1479821962711439,36.0279658111622]]]]},"properties":{"speed":0.4971,"dir_deg":69.1,"type":"قوي"}},{"type":"Feature","geometry":{"type":"MultiPolygon","coordinates":[[[[-0.12534811893170672,36.0217695121446],[-0.11128636327630717,36.0269912961202],[-0.11059012541289376,36.025116395366155],[-0.1246518810682933,36.019894611390555],[-0.12534811893170672,36.0217695121446]]],[[[-0.10625099245946729,36.02779444040171],[-0.11198260113972058,36.028866196874255],[-0.10989388754948035,36.0232414946121],[-0.10625099245946729,36.02779444040171]]]]},"properties":{"speed":0.464,"dir_deg":69.6,"type":"قوي"}},{"type":"Feature","geometry":{"type":"MultiPolygon","coordinates":[[[[-0.08362711326709804,36.021787935613716],[-0.06928900557501942,36.02619459736729],[-0.06870145067454374,36.02428284967501],[-0.08303955836662236,36.01987618792144],[-0.08362711326709804,36.021787935613716]]],[[[-0.0642158588940887,36.026707610772334],[-0.0698765604754951,36.02810634505956],[-0.06811389577406805,36.022371101982735],[-0.0642158588940887,36.026707610772334]]]]},"properties":{"speed":0.42,"dir_deg":72.9,"type":"قوي"}},{"type":"Feature","geometry":{"type":"MultiPolygon","coordinates":[[[[-0.04194491032903423,36.021792572650064],[-0.02753724709172615,36.025966208959126],[-0.026980762250517876,36.024045187194154],[-0.04138842548782597,36.01987155088509],[-0.04194491032903423,36.021792572650064]]],[[[-0.02245645025868598,36.02639691017966],[-0.02809373193293442,36.027887230724104],[-0.026424277409309603,36.022124165429176],[-0.02245645025868598,36.02639691017966]]]]},"properties":{"speed":0.3532,"dir_deg":73.8,"type":"متوسط"}},{"type":"Feature","geometry":{"type":"MultiPolygon","coordinates":[[[[-0.00010660375242991622,36.02182636335159],[0.014807920007743211,36.023425419638045],[0.015021127512603042,36.021436816470015],[0.00010660375242991622,36.01983776018356],[-0.00010660375242991622,36.02182636335159]]],[[[0.019886031680230835,36.02296413681618],[0.014594712502883378,36.02541402280607],[0.015234335017462875,36.01944821330199],[0.019886031680230835,36.02296413681618]]]]},"properties":{"speed":0.2592,"dir_deg":83.9,"type":"متوسط"}},{"type":"Feature","geometry":{"type":"MultiPolygon","coordinates":[[[[0.041693755445944954,36.02183169483291],[0.056688251425972454,36.021425381770186],[0.056634076350942746,36.01942611563952],[0.041639580370915245,36.019832428702244],[0.041693755445944954,36.02183169483291]]],[[[0.06165932921513343,36.020290311017284],[0.05674242650100216,36.02342464790086],[0.05657990127591304,36.017426849508844],[0.06165932921513343,36.020290311017284]]]]},"properties":{"speed":0.1666,"dir_deg":91.6,"type":"ضعيف"}},{"type":"Feature","geometry":{"type":"MultiPolygon","coordinates":[[[[0.08335891866184077,36.02183173447304],[0.09835400924374815,36.02144799179833],[0.09830284355378702,36.01944864638741],[0.08330775297187963,36.01983238906212],[0.08335891866184077,36.02183173447304]]],[[[0.10332678992607004,36.02032040486797],[0.09840517493370929,36.023447337209255],[0.09825167786382588,36.01744930097649],[0.10332678992607004,36.02032040486797]]]]},"properties":{"speed":0.1199,"dir_deg":91.5,"type":"ضعيف"}},{"type":"Feature","geometry":{"type":"MultiPolygon","coordinates":[[[[-0.416899836224342,36.06347243371219],[-0.40231333054142804,36.06697012608893],[-0.4018469715578624,36.06502525866455],[-0.4164334772407764,36.06152756628781],[-0.416899836224342,36.06347243371219]]],[[[-0.3972179824886739,36.06716358983566],[-0.4027796895249936,36.068914993513324],[-0.40138061257429686,36.063080391240156],[-0.3972179824886739,36.06716358983566]]]]},"properties":{"speed":0.3824,"dir_deg":76.5,"type":"متوسط"}},{"type":"Feature","geometry":{"type":"MultiPolygon","coordinates":[[[[-0.375281980882971,36.06345942002358],[-0.36089068052932843,36.06768913326814],[-0.36032671876338646,36.065770293220986],[-0.374718019117029,36.06154057997642],[-0.375281980882971,36.06345942002358]]],[[[-0.3558115995284766,36.06813961765942],[-0.3614546422952704,36.06960797331529],[-0.3597627569974445,36.06385145317383],[-0.3558115995284766,36.06813961765942]]]]},"properties":{"speed":0.366,"dir_deg":73.6,"type":"متوسط"}},{"type":"Feature","geometry":{"type":"MultiPolygon","coordinates":[[[[-0.33373008202979726,36.06341793156305],[-0.31996110858404375,36.0693690129984],[-0.3191676310593308,36.0675331498723],[-0.33293660450508433,36.06158206843695],[-0.33373008202979726,36.06341793156305]]],[[[-0.3149747120064361,36.07043477524713],[-0.32075458610875673,36.0712048761245],[-0.31837415353461784,36.0656972867462],[-0.3149747120064361,36.07043477524713]]]]},"properties":{"speed":0.3814,"dir_deg":66.6,"type":"متوسط"}},{"type":"Feature","geometry":{"type":"MultiPolygon","coordinates":[[[[-0.2921126763200678,36.063395023199455],[-0.2786873283282765,36.07008531701209],[-0.27779528915325924,36.06829527061318],[-0.2912206371450506,36.061604976800545],[-0.2921126763200678,36.063395023199455]]],[[[-0.2737661927435041,36.07142039175017],[-0.2795793675032937,36.07187536341099],[-0.276903249978242,36.066505224214275],[-0.2737661927435041,36.07142039175017]]]]},"properties":{"speed":0.4448,"dir_deg":63.5,"type":"قوي"}},{"type":"Feature","geometry":{"type":"MultiPolygon","coordinates":[[[[-0.2504290163586085,36.06340329671983],[-0.23687956556123604,36.06983854209896],[-0.23602153284401903,36.0680319486593],[-0.2495709836413915,36.06159670328017],[-0.2504290163586085,36.06340329671983]]],[[[-0.23193406560350335,36.07108032717217],[-0.23773759827845303,36.0716451355386],[-0.23516350012680204,36.06622535521966],[-0.23193406560350335,36.07108032717217]]]]},"properties":{"speed":0.4905,"dir_deg":64.6,"type":"قوي"}},{"type":"Feature","geometry":{"type":"MultiPolygon","coordinates":[[[[-0.20877557245008427,36.0633968947376],[-0.1953221513860407,36.07003055599467],[-0.19443766321843137,36.06823676651947],[-0.20789108428247494,36.0616031052624],[-0.20877557245008427,36.0633968947376]]],[[[-0.1903954336142215,36.07134488167609],[-0.19620663955365,36.07182434546988],[-0.19355317505082206,36.06644297704426],[-0.1903954336142215,36.07134488167609]]]]},"properties":{"speed":0.4915,"dir_deg":63.8,"type":"قوي"}},{"type":"Feature","geometry":{"type":"MultiPolygon","coordinates":[[[[-0.16714334059606403,36.063379082874555],[-0.15395709747771888,36.07052911730971],[-0.1530037595530316,36.0687709515606],[-0.16619000267137676,36.061620917125445],[-0.16714334059606403,36.063379082874555]]],[[[-0.14908501414259354,36.072033379246875],[-0.15491043540240615,36.07228728305883],[-0.15205042162834434,36.067012785811485],[-0.14908501414259354,36.072033379246875]]]]},"properties":{"speed":0.4868,"dir_deg":61.5,"type":"قوي"}},{"type":"Feature","geometry":{"type":"MultiPolygon","coordinates":[[[[-0.12551416469417903,36.06335769147557],[-0.11264879256067858,36.07107016188825],[-0.11162046317232052,36.06935477893712],[-0.12448583530582097,36.06164230852443],[-0.12551416469417903,36.06335769147557]]],[[[-0.10784617048866607,36.07278329388358],[-0.11367712194903666,36.072785544839384],[-0.11059213378396245,36.067639395985985],[-0.10784617048866607,36.07278329388358]]]]},"properties":{"speed":0.505,"dir_deg":59.1,"type":"قوي"}},{"type":"Feature","geometry":{"type":"MultiPolygon","coordinates":[[[[-0.08382150668119198,36.063372748077754],[-0.07073028551493128,36.07069531104273],[-0.06975394378626772,36.068949814887226],[-0.08284516495252842,36.061627251922246],[-0.08382150668119198,36.063372748077754]]],[[[-0.06587837426184594,36.072263417286635],[-0.07170662724359483,36.072440807198234],[-0.06877760205760416,36.067204318731726],[-0.06587837426184594,36.072263417286635]]]]},"properties":{"speed":0.4877,"dir_deg":60.8,"type":"قوي"}},{"type":"Feature","geometry":{"type":"MultiPolygon","coordinates":[[[[-0.042185449919801186,36.063354906559034],[-0.029361851534305115,36.0711366367296],[-0.028324287511562934,36.06942682361153],[-0.04114788589705901,36.061645093440966],[-0.042185449919801186,36.063354906559034]]],[[[-0.024568536727768667,36.07287564022742],[-0.030399415557047293,36.07284644984766],[-0.027286723488820757,36.06771701049347],[-0.024568536727768667,36.07287564022742]]]]},"properties":{"speed":0.4785,"dir_deg":58.7,"type":"قوي"}},{"type":"Feature","geometry":{"type":"MultiPolygon","coordinates":[[[[-0.00047336441634401,36.06338086669215],[0.01273963596590609,36.07048133293731],[0.01368636479859411,36.06871959955301],[0.00047336441634401,36.06161913330785],[-0.00047336441634401,36.06338086669215]]],[[[0.017617333843000134,36.07196728832688],[0.01179290713321807,36.07224306632161],[0.01463309363128213,36.066957866168714],[0.017617333843000134,36.07196728832688]]]]},"properties":{"speed":0.4557,"dir_deg":61.7,"type":"قوي"}},{"type":"Feature","geometry":{"type":"MultiPolygon","coordinates":[[[[0.04125720288053169,36.06341232581402],[0.05494209009083906,36.0695543012325],[0.05576102014663588,36.06772964960446],[0.04207613293632851,36.06158767418598],[0.04125720288053169,36.06341232581402]]],[[[0.059913184188839924,36.070689300557966],[0.05412316003504223,36.07137895286054],[0.056579950202432706,36.06590499797642],[0.059913184188839924,36.070689300557966]]]]},"properties":{"speed":0.3856,"dir_deg":65.8,"type":"متوسط"}},{"type":"Feature","geometry":{"type":"MultiPolygon","coordinates":[[[[0.08285724061230958,36.06337939374355],[0.09604814676563646,36.07052082181181],[0.0970003371747377,36.068762034324706],[0.08380943102141082,36.06162060625645],[0.08285724061230958,36.06337939374355]]],[[[0.1009212106879627,36.07202190409101],[0.0950959563565352,36.072279609298924],[0.09795252758383896,36.067003246837594],[0.1009212106879627,36.07202190409101]]]]},"properties":{"speed":0.3061,"dir_deg":61.6,"type":"متوسط"}},{"type":"Feature","geometry":{"type":"MultiPolygon","coordinates":[[[[0.12445527530774984,36.06333861493527],[0.13703449933675568,36.07150948531902],[0.13812394872125602,36.06983225544848],[0.12554472469225017,36.06166138506473],[0.12445527530774984,36.06333861493527]]],[[[0.14177229870534114,36.073394493845],[0.13594504995225537,36.07318671518955],[0.13921339810575634,36.06815502557795],[0.14177229870534114,36.073394493845]]]]},"properties":{"speed":0.275,"dir_deg":57.0,"type":"متوسط"}},{"type":"Feature","geometry":{"type":"MultiPolygon","coordinates":[[[[-0.41691990528774536,36.10513533947766],[-0.4024088866091126,36.10893406780546],[-0.4019023894987403,36.106999265314975],[-0.41641340817737305,36.10320053698718],[-0.41691990528774536,36.10513533947766]]],[[[-0.3973186318277156,36.10923290933614],[-0.40291538371948493,36.110868870295945],[-0.401395892388368,36.10506446282449],[-0.3973186318277156,36.10923290933614]]]]},"properties":{"speed":0.2354,"dir_deg":75.3,"type":"متوسط"}},{"type":"Feature","geometry":{"type":"MultiPolygon","coordinates":[[[[-0.3752815508683216,36.10512748453591],[-0.3608883563159245,36.10935074756074],[-0.3603252545792813,36.10743165495376],[-0.3747184491316784,36.10320839192893],[-0.3752815508683216,36.10512748453591]]],[[[-0.35580907393013717,36.109798955598855],[-0.3614514580525677,36.11126984016773],[-0.35976215284263807,36.10551256234677],[-0.35580907393013717,36.109798955598855]]]]},"properties":{"speed":0.2276,"dir_deg":73.6,"type":"متوسط"}},{"type":"Feature","geometry":{"type":"MultiPolygon","coordinates":[[[[-0.3337001521540097,36.1050982345512],[-0.3197457073723224,36.110600367849734],[-0.31901208959918453,36.10873977521218],[-0.33296653438087187,36.103237641913644],[-0.3337001521540097,36.1050982345512]]],[[[-0.3147274168918576,36.111504115963804],[-0.3204793251454603,36.1124609604873],[-0.3182784718260466,36.106879182574616],[-0.3147274168918576,36.111504115963804]]]]},"properties":{"speed":0.2345,"dir_deg":68.5,"type":"متوسط"}},{"type":"Feature","geometry":{"type":"MultiPolygon","coordinates":[[[[-0.29206667651122803,36.10508444473904],[-0.27831907891195284,36.11108474141908],[-0.2775190393546152,36.10925172840584],[-0.2912666369538904,36.1032514317258],[-0.29206667651122803,36.10508444473904]]],[[[-0.2733365266001923,36.1121683338058],[-0.27911911846929044,36.11291775443231],[-0.2767189997972776,36.107418715392605],[-0.2733365266001923,36.1121683338058]]]]},"properties":{"speed":0.263,"dir_deg":66.4,"type":"متوسط"}},{"type":"Feature","geometry":{"type":"MultiPolygon","coordinates":[[[[-0.25039628359996546,36.105086066387095],[-0.23662436127991,36.111030320386575],[-0.23583179407997906,36.10919406407723],[-0.24960371640003454,36.10324981007775],[-0.25039628359996546,36.105086066387095]]],[[[-0.2316374369065927,36.11209361023173],[-0.23741692847984092,36.112866576695914],[-0.23503922688004814,36.10735780776789],[-0.2316374369065927,36.11209361023173]]]]},"properties":{"speed":0.2821,"dir_deg":66.7,"type":"متوسط"}},{"type":"Feature","geometry":{"type":"MultiPolygon","coordinates":[[[[-0.20876990523630146,36.10506760519112],[-0.19527490085592306,36.11161625824145],[-0.19440174711587935,36.10981692432406],[-0.20789675149625775,36.10326827127373],[-0.20876990523630146,36.10506760519112]]],[[[-0.19033998919244174,36.11289947563286],[-0.19614805459596676,36.11341559215883],[-0.19352859337583564,36.108017590406675],[-0.19033998919244174,36.11289947563286]]]]},"properties":{"speed":0.2907,"dir_deg":64.1,"type":"متوسط"}},{"type":"Feature","geometry":{"type":"MultiPolygon","coordinates":[[[[-0.16712087231964942,36.10505883763017],[-0.15375738135348124,36.111871847919105],[-0.1528489799816232,36.11009004912361],[-0.16621247094779137,36.103277038834676],[-0.16712087231964942,36.10505883763017]]],[[[-0.14884868367882947,36.113251951951],[-0.15466578272533932,36.113653646714596],[-0.15194057860976512,36.10830825032812],[-0.14884868367882947,36.113251951951]]]]},"properties":{"speed":0.3186,"dir_deg":63.0,"type":"متوسط"}},{"type":"Feature","geometry":{"type":"MultiPolygon","coordinates":[[[[-0.12544893194978163,36.105061504181],[-0.11204544272105145,36.11179548342773],[-0.1111475788214882,36.11000835153057],[-0.12455106805021837,36.10327437228384],[-0.12544893194978163,36.105061504181]]],[[[-0.10712868102835976,36.11314657722806],[-0.11294330662061469,36.113582615324894],[-0.11024971492192495,36.1082212196334],[-0.10712868102835976,36.11314657722806]]]]},"properties":{"speed":0.3564,"dir_deg":63.3,"type":"متوسط"}},{"type":"Feature","geometry":{"type":"MultiPolygon","coordinates":[[[[-0.08373997828234084,36.105081525614814],[-0.07003616754644473,36.11118116259702],[-0.06922288261548346,36.109353987832236],[-0.08292669335137956,36.10325435085003],[-0.08373997828234084,36.105081525614814]]],[[[-0.06506158816899872,36.11230078754203],[-0.07084945247740601,36.113008337361805],[-0.06840959768452218,36.10752681306745],[-0.06506158816899872,36.11230078754203]]]]},"properties":{"speed":0.3518,"dir_deg":66.0,"type":"متوسط"}},{"type":"Feature","geometry":{"type":"MultiPolygon","coordinates":[[[[-0.04225135918284588,36.10497919411907],[-0.03008252088311645,36.1137495632353],[-0.02891313833428489,36.11212705146201],[-0.04108197663401432,36.103356682345776],[-0.04225135918284588,36.10497919411907]]],[[[-0.025441550175457524,36.11586176372074],[-0.031251903431948,36.1153720750086],[-0.027743755785453333,36.11050453968871],[-0.025441550175457524,36.11586176372074]]]]},"properties":{"speed":0.4166,"dir_deg":54.2,"type":"قوي"}},{"type":"Feature","geometry":{"type":"MultiPolygon","coordinates":[[[[-0.0006276543441059631,36.10494643038031],[0.011049727874229854,36.1143612455419],[0.012305036562441779,36.112804261246126],[0.0006276543441059631,36.103389446084535],[-0.0006276543441059631,36.10494643038031]]],[[[0.01556984295778109,36.11672102511454],[0.009794419186017927,36.11591822983768],[0.013560345250653706,36.111247276950344],[0.01556984295778109,36.11672102511454]]]]},"properties":{"speed":0.5141,"dir_deg":51.1,"type":"قوي"}},{"type":"Feature","geometry":{"type":"MultiPolygon","coordinates":[[[[0.041102020782847956,36.10499327066458],[0.053482007265217846,36.11346297754831],[0.05461130151638213,36.111812312683995],[0.04223131503401224,36.103342605800265],[0.041102020782847956,36.10499327066458]]],[[[0.05817331655158995,36.11546088074407],[0.052352713014053566,36.115113642412624],[0.05574059576754641,36.11016164781968],[0.05817331655158995,36.11546088074407]]]]},"properties":{"speed":0.53,"dir_deg":55.6,"type":"قوي"}},{"type":"Feature","geometry":{"type":"MultiPolygon","coordinates":[[[[0.082796184480188,36.10501142411939],[0.09544847278468195,36.11306869416947],[0.09652277545802636,36.111381722395535],[0.0838704871535324,36.103324452345454],[0.082796184480188,36.10501142411939]]],[[[0.10020305355618547,36.114910964965866],[0.09437417011133754,36.1147556659434],[0.09759707813137077,36.10969475062161],[0.10020305355618547,36.114910964965866]]]]},"properties":{"speed":0.5068,"dir_deg":57.5,"type":"قوي"}},{"type":"Feature","geometry":{"type":"MultiPolygon","coordinates":[[[[0.12442143009830829,36.104983571035135],[0.13665592213895722,36.11366211956051],[0.1378130619423406,36.11203085395508],[0.1255785699016917,36.10335230542971],[0.12442143009830829,36.104983571035135]]],[[[0.14131265605419854,36.11573933626626],[0.1354987823355738,36.11529338516593],[0.13897020174572403,36.110399588349665],[0.14131265605419854,36.11573933626626]]]]},"properties":{"speed":0.4204,"dir_deg":54.6,"type":"قوي"}},{"type":"Feature","geometry":{"type":"MultiPolygon","coordinates":[[[[0.16601981746313513,36.10493055194984],[0.1774590232244281,36.11463336450862],[0.17875273156559865,36.11310813707378],[0.16731352580430567,36.103405324515],[0.16601981746313513,36.10493055194984]]],[[[0.18191894598211106,36.11710502164413],[0.17616531488325757,36.11615859194346],[0.1800464399067692,36.11158290963894],[0.18191894598211106,36.11710502164413]]]]},"properties":{"speed":0.3551,"dir_deg":49.7,"type":"متوسط"}},{"type":"Feature","geometry":{"type":"MultiPolygon","coordinates":[[[[-0.4170178678100779,36.146768358077],[-0.4029734231688207,36.152036524239776],[-0.4022710010137833,36.15016393162094],[-0.41631544565504053,36.14489576545816],[-0.4170178678100779,36.146768358077]]],[[[-0.3979407305442163,36.15285628331795],[-0.40367584532385803,36.15390911685861],[-0.401568578858746,36.14829133900211],[-0.3979407305442163,36.15285628331795]]]]},"properties":{"speed":0.1238,"dir_deg":69.4,"type":"ضعيف"}},{"type":"Feature","geometry":{"type":"MultiPolygon","coordinates":[[[[-0.37533624971525276,36.14677383463244],[-0.3612096567423062,36.15181758036123],[-0.3605371573118007,36.14993403463151],[-0.37466375028474724,36.144890288902715],[-0.37533624971525276,36.14677383463244]]],[[[-0.35616454270273795,36.15255705607263],[-0.36188215617281166,36.15370112609096],[-0.35986465788129524,36.14805048890178],[-0.35616454270273795,36.15255705607263]]]]},"properties":{"speed":0.1221,"dir_deg":70.4,"type":"ضعيف"}},{"type":"Feature","geometry":{"type":"MultiPolygon","coordinates":[[[[-0.33374748163090046,36.14674227570722],[-0.3200942725363337,36.15295435115912],[-0.3192659958094144,36.151133923279836],[-0.33291920490398114,36.14492184782794],[-0.33374748163090046,36.14674227570722]]],[[[-0.3151290644746851,36.15411482903677],[-0.3209225492632531,36.15477477903839],[-0.318437719082495,36.14931349540056],[-0.3151290644746851,36.15411482903677]]]]},"properties":{"speed":0.1296,"dir_deg":65.5,"type":"ضعيف"}},{"type":"Feature","geometry":{"type":"MultiPolygon","coordinates":[[[[-0.29210919761710513,36.14672881009655],[-0.27865797268259845,36.153366923364736],[-0.2777728909135066,36.1515734267068],[-0.2912241158480133,36.14493531343861],[-0.29210919761710513,36.14672881009655]]],[[[-0.27373169015321697,36.1546828794585],[-0.2795430544516903,36.15516042002267],[-0.27688780914441474,36.149779930048865],[-0.27373169015321697,36.1546828794585]]]]},"properties":{"speed":0.1506,"dir_deg":63.7,"type":"ضعيف"}},{"type":"Feature","geometry":{"type":"MultiPolygon","coordinates":[[[[-0.2504719155694454,36.14671370551383],[-0.23724725937558258,36.153792439055515],[-0.23630342823669173,36.152029151563006],[-0.24952808443055458,36.144950418021324],[-0.2504719155694454,36.14671370551383]]],[[[-0.23236712507484952,36.15527037315648],[-0.23819109051447343,36.15555572654803],[-0.23535959709780088,36.15026586407049],[-0.23236712507484952,36.15527037315648]]]]},"properties":{"speed":0.1879,"dir_deg":61.8,"type":"ضعيف"}},{"type":"Feature","geometry":{"type":"MultiPolygon","coordinates":[[[[-0.20880924702351364,36.14671155106922],[-0.19561690749893634,36.153850330927725],[-0.19466507018446827,36.15209135232445],[-0.20785740970904557,36.14495257246594],[-0.20880924702351364,36.14671155106922]]],[[[-0.19074354233350987,36.15535043491226],[-0.19656874481340442,36.155609309531],[-0.1937132328700002,36.15033237372117],[-0.19074354233350987,36.15535043491226]]]]},"properties":{"speed":0.2319,"dir_deg":61.6,"type":"متوسط"}},{"type":"Feature","geometry":{"type":"MultiPolygon","coordinates":[[[[-0.1670992042622842,36.14673368004891],[-0.15357493004234068,36.15322166947737],[-0.1527098647852131,36.1514184329147],[-0.1662341390051566,36.144930443486246],[-0.1670992042622842,36.14673368004891]]],[[[-0.14863430600712904,36.154482714338855],[-0.1544399952994683,36.155024906040026],[-0.15184479952808547,36.149615196352045],[-0.14863430600712904,36.154482714338855]]]]},"properties":{"speed":0.281,"dir_deg":64.4,"type":"متوسط"}},{"type":"Feature","geometry":{"type":"MultiPolygon","coordinates":[[[[-0.1253546135253869,36.14676707473413],[-0.11132941902716868,36.152086277614934],[-0.11062019197639487,36.15021625168183],[-0.1246453864746131,36.14489704880103],[-0.1253546135253869,36.14676707473413]]],[[[-0.10629974066904238,36.15292433227532],[-0.1120386460779425,36.15395630354803],[-0.10991096492562105,36.14834622574874],[-0.10629974066904238,36.15292433227532]]]]},"properties":{"speed":0.3172,"dir_deg":69.2,"type":"متوسط"}},{"type":"Feature","geometry":{"type":"MultiPolygon","coordinates":[[[[-0.0836085110429878,36.14679345585687],[-0.0691875997036076,36.150921084248786],[-0.0686372492513524,36.1489982960702],[-0.0830581605907326,36.14487066767828],[-0.0836085110429878,36.14679345585687]]],[[[-0.06410545403101994,36.15133556629013],[-0.06973795015586283,36.15284387242737],[-0.06808689879909717,36.147075507891614],[-0.06410545403101994,36.15133556629013]]]]},"properties":{"speed":0.3192,"dir_deg":74.0,"type":"متوسط"}},{"type":"Feature","geometry":{"type":"MultiPolygon","coordinates":[[[[-0.04213561163384876,36.14671528981423],[-0.02888719093408781,36.15374944569551],[-0.02794930348325048,36.1519829896022],[-0.04119772418301144,36.144948833720925],[-0.04213561163384876,36.14671528981423]]],[[[-0.02400210697541549,36.15521093627595],[-0.02982507838492514,36.15551590178881],[-0.027011416032413152,36.1502165335089],[-0.02400210697541549,36.15521093627595]]]]},"properties":{"speed":0.3625,"dir_deg":62.0,"type":"متوسط"}},{"type":"Feature","geometry":{"type":"MultiPolygon","coordinates":[[[[-0.0006039961056169257,36.14662904903498],[0.011350812905400659,36.15568899061923],[0.01255880511663451,36.15409501608443],[0.0006039961056169257,36.14503507450018],[-0.0006039961056169257,36.14662904903498]]],[[[0.015939745348023445,36.15791198387992],[0.010142820694166808,36.15728296515404],[0.013766797327868362,36.15250104154963],[0.015939745348023445,36.15791198387992]]]]},"properties":{"speed":0.465,"dir_deg":52.8,"type":"قوي"}},{"type":"Feature","geometry":{"type":"MultiPolygon","coordinates":[[[[0.04108219004031851,36.14664347141855],[0.053253334804872925,36.15541063944023],[0.054422290541096104,36.153787820138284],[0.04225114577654169,36.14502065211661],[0.04108219004031851,36.14664347141855]]],[[[0.057894860927835995,36.15752161912981],[0.05208437906864975,36.15703345874216],[0.055591246277319276,36.15216500083635],[0.057894860927835995,36.15752161912981]]]]},"properties":{"speed":0.5677,"dir_deg":54.2,"type":"قوي"}},{"type":"Feature","geometry":{"type":"MultiPolygon","coordinates":[[[[0.08283093692020622,36.146696697730654],[0.09580047636631597,36.15423268118047],[0.09680527415962392,36.152503409254315],[0.08383573471351417,36.1449674258045],[0.08283093692020622,36.146696697730654]]],[[[0.10062605507833985,36.155880039700655],[0.09479567857300804,36.15596195310661],[0.09781007195293186,36.15077413732817],[0.10062605507833985,36.155880039700655]]]]},"properties":{"speed":0.5991,"dir_deg":59.8,"type":"قوي"}},{"type":"Feature","geometry":{"type":"MultiPolygon","coordinates":[[[[0.12446274599340677,36.14667548226318],[0.13711405342741906,36.15473429236208],[0.13818856144060548,36.15304745137088],[0.1255372540065932,36.14498864127198],[0.12446274599340677,36.14667548226318]]],[[[0.14186840991201638,36.15657714189944],[0.1360395454142326,36.156421133353284],[0.13926306945379194,36.151360610379676],[0.14186840991201638,36.15657714189944]]]]},"properties":{"speed":0.5953,"dir_deg":57.5,"type":"قوي"}},{"type":"Feature","geometry":{"type":"MultiPolygon","coordinates":[[[[0.1660856739898471,36.14664596700642],[0.17829425257247017,36.15536093166452],[0.17945624786021674,36.15373312118683],[0.16724766927759369,36.145018156528735],[0.1660856739898471,36.14664596700642]]],[[[0.18294477641055115,36.157452014645045],[0.17713225728472362,36.1569887421422],[0.1806182431479633,36.15210531070915],[0.18294477641055115,36.157452014645045]]]]},"properties":{"speed":0.5344,"dir_deg":54.5,"type":"قوي"}},{"type":"Feature","geometry":{"type":"MultiPolygon","coordinates":[[[[0.20759028511188016,36.14650130516283],[0.2176289360406943,36.15764695397882],[0.2191150225494932,36.15630846718832],[0.20907637162067905,36.14516281837233],[0.20759028511188016,36.14650130516283]]],[[[0.22171819627136513,36.16069292685557],[0.2161428495318954,36.15898544076933],[0.2206011090582921,36.15496998039781],[0.22171819627136513,36.16069292685557]]]]},"properties":{"speed":0.3661,"dir_deg":42.0,"type":"متوسط"}},{"type":"Feature","geometry":{"type":"MultiPolygon","coordinates":[[[[0.2491707407331701,36.14639092585515],[0.25755370204673766,36.1588298148576],[0.2592122205803974,36.15771208668245],[0.25082925926682986,36.145273197680005],[0.2491707407331701,36.14639092585515]]],[[[0.26117728175142335,36.16241724710417],[0.2558951835130779,36.159947543032736],[0.26087073911405717,36.15659435850731],[0.26117728175142335,36.16241724710417]]]]},"properties":{"speed":0.1917,"dir_deg":34.0,"type":"ضعيف"}},{"type":"Feature","geometry":{"type":"MultiPolygon","coordinates":[[[[-0.41760502983293885,36.18784562396399],[-0.4124206703730956,36.201921220469686],[-0.4105439241723363,36.20122997254171],[-0.41572828363217956,36.18715437603601],[-0.41760502983293885,36.18784562396399]]],[[[-0.4097541774527682,36.206267462007595],[-0.41429741657385494,36.20261246839767],[-0.408667177971577,36.20053872461373],[-0.4097541774527682,36.206267462007595]]]]},"properties":{"speed":0.0298,"dir_deg":20.2,"type":"ضعيف"}},{"type":"Feature","geometry":{"type":"MultiPolygon","coordinates":[[[[-0.37564020348759025,36.18826820537259],[-0.36411712289872905,36.197871257686444],[-0.36283671592354855,36.19633484694127],[-0.37435979651240975,36.18673179462741],[-0.37564020348759025,36.18826820537259]]],[[[-0.359635892548185,36.2003040697518],[-0.3653975298739095,36.199407668431625],[-0.3615563089483681,36.19479843619609],[-0.359635892548185,36.2003040697518]]]]},"properties":{"speed":0.0352,"dir_deg":50.2,"type":"ضعيف"}},{"type":"Feature","geometry":{"type":"MultiPolygon","coordinates":[[[[-0.3338733472300907,36.18834166247411],[-0.32124841011846345,36.19644172191386],[-0.3201684021931636,36.19475839696564],[-0.3327933393047909,36.18665833752589],[-0.3338733472300907,36.18834166247411]]],[[[-0.3165000937852711,36.198300079252995],[-0.3223284180437632,36.198125046862074],[-0.31908839426786384,36.19307507201742],[-0.3165000937852711,36.198300079252995]]]]},"properties":{"speed":0.0509,"dir_deg":57.3,"type":"ضعيف"}},{"type":"Feature","geometry":{"type":"MultiPolygon","coordinates":[[[[-0.2921911592755431,36.188351408880855],[-0.279420026062677,36.19621894702561],[-0.2783710209767092,36.1945161292639],[-0.2911421541895753,36.186648591119145],[-0.2921911592755431,36.188351408880855]]],[[[-0.2746384791154044,36.19799005085968],[-0.2804690311486448,36.19792176478733],[-0.2773220158907414,36.192813311502185],[-0.2746384791154044,36.19799005085968]]]]},"properties":{"speed":0.0647,"dir_deg":58.4,"type":"ضعيف"}},{"type":"Feature","geometry":{"type":"MultiPolygon","coordinates":[[[[-0.2506068465992879,36.1882948189762],[-0.23868456195623994,36.19739751796552],[-0.2374708687576641,36.19580788001311],[-0.24939315340071208,36.1867051810238],[-0.2506068465992879,36.1882948189762]]],[[[-0.23410362047593603,36.19963693198576],[-0.23989825515481575,36.198987155917926],[-0.2362571755590883,36.19421824206071],[-0.23410362047593603,36.19963693198576]]]]},"properties":{"speed":0.0819,"dir_deg":52.6,"type":"ضعيف"}},{"type":"Feature","geometry":{"type":"MultiPolygon","coordinates":[[[[-0.20901443825981864,36.188232181202245],[-0.1980317202261199,36.19844882960533],[-0.19666950043904183,36.19698446720084],[-0.20765221847274057,36.186767818797755],[-0.20901443825981864,36.188232181202245]]],[[[-0.19368970432134797,36.20112219787078],[-0.19939394001319796,36.19991319200983],[-0.19530728065196376,36.195520104796344],[-0.19368970432134797,36.20112219787078]]]]},"properties":{"speed":0.1101,"dir_deg":47.1,"type":"ضعيف"}},{"type":"Feature","geometry":{"type":"MultiPolygon","coordinates":[[[[-0.16728518087799946,36.188285777522424],[-0.1554985180416914,36.19756341618661],[-0.15426149955313329,36.19599186114176],[-0.16604816238944134,36.186714222477576],[-0.16728518087799946,36.188285777522424]]],[[[-0.15095112118530965,36.19987018488558],[-0.1567355365302495,36.19913497123145],[-0.1530244810645752,36.19442030609692],[-0.15095112118530965,36.19987018488558]]]]},"properties":{"speed":0.1475,"dir_deg":51.8,"type":"ضعيف"}},{"type":"Feature","geometry":{"type":"MultiPolygon","coordinates":[[[[-0.12552610721378163,36.18835041824981],[-0.11276983346665781,36.19624202645654],[-0.11171761903909455,36.194541189956915],[-0.12447389278621837,36.18664958175019],[-0.12552610721378163,36.18835041824981]]],[[[-0.1079916350038349,36.19802214427563],[-0.11382204789422105,36.197942862956154],[-0.1106654046115313,36.1928403534573],[-0.1079916350038349,36.19802214427563]]]]},"properties":{"speed":0.2,"dir_deg":58.3,"type":"ضعيف"}},{"type":"Feature","geometry":{"type":"MultiPolygon","coordinates":[[[[-0.08381940672664039,36.18837391937309],[-0.07071061613026089,36.195664983019796],[-0.06973847431070052,36.19391714427361],[-0.08284726490708001,36.18662608062691],[-0.08381940672664039,36.18837391937309]]],[[[-0.06585494835502087,36.1972214181956],[-0.07168275794982128,36.19741282176598],[-0.06876633249114013,36.19216930552743],[-0.06585494835502087,36.1972214181956]]]]},"properties":{"speed":0.2449,"dir_deg":60.9,"type":"متوسط"}},{"type":"Feature","geometry":{"type":"MultiPolygon","coordinates":[[[[-0.04215275741638691,36.18837390902859],[-0.029044121987509545,36.195665251647945],[-0.028071942971595924,36.19391743359076],[-0.04118057840047329,36.18662609097141],[-0.04215275741638691,36.18837390902859]]],[[[-0.024188487336593612,36.19722179015913],[-0.030016301003423167,36.19741306970513],[-0.027099763955682303,36.19216961553358],[-0.024188487336593612,36.19722179015913]]]]},"properties":{"speed":0.2994,"dir_deg":60.9,"type":"متوسط"}},{"type":"Feature","geometry":{"type":"MultiPolygon","coordinates":[[[[-0.0004976896670030265,36.18836735517255],[0.012512637921326319,36.1958327001776],[0.013508017255332372,36.19409798983249],[0.0004976896670030265,36.18663264482745],[-0.0004976896670030265,36.18836735517255]]],[[[0.017347103451105794,36.19745379334006],[0.011517258587320266,36.19756741052271],[0.014503396589338425,36.19236327948738],[0.017347103451105794,36.19745379334006]]]]},"properties":{"speed":0.3709,"dir_deg":60.2,"type":"متوسط"}},{"type":"Feature","geometry":{"type":"MultiPolygon","coordinates":[[[[0.041137095009307206,36.18834826443077],[0.05386106147090162,36.196291857917615],[0.054920207269147404,36.19459532905607],[0.04219624080755299,36.18665173556923],[0.041137095009307206,36.18834826443077]]],[[[0.05863195652388932,36.19809145798246],[0.05280191567265584,36.19798838677916],[0.055979353067393184,36.19289880019453],[0.05863195652388932,36.19809145798246]]]]},"properties":{"speed":0.4735,"dir_deg":58.0,"type":"قوي"}},{"type":"Feature","geometry":{"type":"MultiPolygon","coordinates":[[[[0.08286636806327853,36.18838427434494],[0.09613048323734312,36.195388790648664],[0.09706441874450646,36.19362024195878],[0.08380030357044187,36.18661572565506],[0.08286636806327853,36.18838427434494]]],[[[0.10101882271561298,36.19683935507163],[0.09519654773017978,36.19715733933854],[0.09799835425166979,36.19185169326891],[0.10101882271561298,36.19683935507163]]]]},"properties":{"speed":0.5484,"dir_deg":62.2,"type":"قوي"}},{"type":"Feature","geometry":{"type":"MultiPolygon","coordinates":[[[[0.12452094289909732,36.188377783739924],[0.13768769899795527,36.19556364025346],[0.13864581319976063,36.193808072773614],[0.12547905710090268,36.186622216260076],[0.12452094289909732,36.188377783739924]]],[[[0.14255567479847725,36.19708114201806],[0.1367295847961499,36.19731920773331],[0.139603927401566,36.192052505293766],[0.14255567479847725,36.19708114201806]]]]},"properties":{"speed":0.5814,"dir_deg":61.4,"type":"قوي"}},{"type":"Feature","geometry":{"type":"MultiPolygon","coordinates":[[[[0.1660845996728342,36.18831313727768],[0.17828165883800892,36.197044216690976],[0.1794458027597813,36.19541794213561],[0.1672487435946066,36.18668686272232],[0.1660845996728342,36.18831313727768]]],[[[0.18292941718728667,36.199141439217726],[0.17711751491623653,36.19867049124633],[0.1806099466815537,36.19379166758026],[0.18292941718728667,36.199141439217726]]]]},"properties":{"speed":0.6504,"dir_deg":54.4,"type":"قوي"}},{"type":"Feature","geometry":{"type":"MultiPolygon","coordinates":[[[[0.20777898228843827,36.18833228626444],[0.22026327625509629,36.19664747743206],[0.22137196841077894,36.19498290490318],[0.20888767444412093,36.18666771373556],[0.20777898228843827,36.18833228626444]]],[[[0.22497905365515697,36.198586921556824],[0.2191545840994136,36.19831204996095],[0.22248066056646162,36.19331833237429],[0.22497905365515697,36.198586921556824]]]]},"properties":{"speed":0.6049,"dir_deg":56.3,"type":"قوي"}},{"type":"Feature","geometry":{"type":"MultiPolygon","coordinates":[[[[0.24938306463389937,36.188287013820755],[0.26118827194517563,36.19754104431227],[0.2624221426773769,36.19596701667076],[0.25061693536610063,36.186712986179245],[0.24938306463389937,36.188287013820755]]],[[[0.265740276415035,36.199838707322016],[0.25995440121297436,36.19911507195377],[0.26365601340957817,36.194392989029254],[0.265740276415035,36.199838707322016]]]]},"properties":{"speed":0.4206,"dir_deg":51.9,"type":"قوي"}},{"type":"Feature","geometry":{"type":"MultiPolygon","coordinates":[[[[0.29088528399080543,36.18812406461079],[0.3002462531526997,36.199844655737095],[0.30180899863620725,36.198596526515516],[0.292448029474313,36.18687593538921],[0.29088528399080543,36.18812406461079]]],[[[0.30414794894841823,36.20312745483508],[0.2986835076691921,36.20109278495868],[0.30337174411971485,36.19734839729393],[0.30414794894841823,36.20312745483508]]]]},"properties":{"speed":0.3312,"dir_deg":38.6,"type":"متوسط"}},{"type":"Feature","geometry":{"type":"MultiPolygon","coordinates":[[[[-0.41719303683937736,36.23001818759769],[-0.4044392963602915,36.237913889199966],[-0.4033865361466552,36.23621339046942],[-0.41614027662574105,36.22831768886715],[-0.41719303683937736,36.23001818759769]]],[[[-0.39966166942711145,36.239695540368785],[-0.40549205657392784,36.23961438793051],[-0.4023337759330189,36.23451289173888],[-0.39966166942711145,36.239695540368785]]]]},"properties":{"speed":0.0916,"dir_deg":58.2,"type":"ضعيف"}},{"type":"Feature","geometry":{"type":"MultiPolygon","coordinates":[[[[-0.37541213028261267,36.23007906315808],[-0.3617452563977568,36.23626101739727],[-0.36092099583253145,36.23443876754595],[-0.37458786971738733,36.228256813306764],[-0.37541213028261267,36.23007906315808]]],[[[-0.35677750148685883,36.23741054388468],[-0.3625695169629822,36.238083267248584],[-0.36009673526730607,36.23261651769464],[-0.35677750148685883,36.23741054388468]]]]},"properties":{"speed":0.1133,"dir_deg":65.7,"type":"ضعيف"}},{"type":"Feature","geometry":{"type":"MultiPolygon","coordinates":[[[[-0.33369884683207024,36.23009874817234],[-0.31973669773335633,36.23558130164178],[-0.31900569060409745,36.23371968176195],[-0.33296783970281135,36.228237128292506],[-0.33369884683207024,36.23009874817234]]],[[[-0.3147171444691556,36.23647800952501],[-0.32046770486261517,36.237442921521605],[-0.3182746834748386,36.23185806188212],[-0.3147171444691556,36.23647800952501]]]]},"properties":{"speed":0.133,"dir_deg":68.6,"type":"ضعيف"}},{"type":"Feature","geometry":{"type":"MultiPolygon","coordinates":[[[[-0.29200981486477406,36.230107215878434],[-0.27792065017461826,36.235254587861654],[-0.27723433391018854,36.23337603256963],[-0.29132349860034434,36.22822866058641],[-0.29200981486477406,36.230107215878434]]],[[[-0.2728811038123514,36.236031100876716],[-0.2786069664390479,36.23713314315367],[-0.27654801764575887,36.231497477277614],[-0.2728811038123514,36.236031100876716]]]]},"properties":{"speed":0.1443,"dir_deg":69.9,"type":"ضعيف"}},{"type":"Feature","geometry":{"type":"MultiPolygon","coordinates":[[[[-0.2503154064910725,36.23011689489391],[-0.2360810565686981,36.23484799226],[-0.2354502435865531,36.23295007893702],[-0.2496845935089275,36.22821898157093],[-0.2503154064910725,36.23011689489391]]],[[[-0.23102086677016748,36.23547606805387],[-0.23671186955084308,36.236745905582985],[-0.2348194306044081,36.23105216561404],[-0.23102086677016748,36.23547606805387]]]]},"properties":{"speed":0.1468,"dir_deg":71.6,"type":"ضعيف"}},{"type":"Feature","geometry":{"type":"MultiPolygon","coordinates":[[[[-0.208664932284438,36.23011135693134],[-0.1945136518007167,36.235085415703715],[-0.1938504439643999,36.23319857830588],[-0.2080017244481212,36.228224519533505],[-0.208664932284438,36.23011135693134]]],[[[-0.18946495438798455,36.23580001659559],[-0.19517685963703346,36.23697225310154],[-0.19318723612808314,36.231311740908055],[-0.18946495438798455,36.23580001659559]]]]},"properties":{"speed":0.1422,"dir_deg":70.6,"type":"ضعيف"}},{"type":"Feature","geometry":{"type":"MultiPolygon","coordinates":[[[[-0.16700259022654357,36.23010982925531],[-0.15287422488323393,36.23514860814766],[-0.1522023876975876,36.23326482610188],[-0.16633075304089723,36.22822604720953],[-0.16700259022654357,36.23010982925531]]],[[[-0.14782885117597422,36.23588631008889],[-0.15354606206888027,36.237032390193434],[-0.15153055051194125,36.23138104405611],[-0.14782885117597422,36.23588631008889]]]]},"properties":{"speed":0.1274,"dir_deg":70.4,"type":"ضعيف"}},{"type":"Feature","geometry":{"type":"MultiPolygon","coordinates":[[[[-0.12545852869578197,36.2300566178345],[-0.11212833466465447,36.23693454827123],[-0.11121127727309052,36.235157189067074],[-0.12454147130421803,36.228279258630344],[-0.12545852869578197,36.2300566178345]]],[[[-0.10722640795849665,36.23833851214806],[-0.11304539205621843,36.23871190747538],[-0.11029421988152656,36.233379829862926],[-0.10722640795849665,36.23833851214806]]]]},"properties":{"speed":0.127,"dir_deg":62.7,"type":"ضعيف"}},{"type":"Feature","geometry":{"type":"MultiPolygon","coordinates":[[[[-0.08385766187374186,36.23001945581068],[-0.07108489819993738,36.237884346663904],[-0.07003624608617406,36.236181311507394],[-0.08280900975997854,36.22831642065417],[-0.08385766187374186,36.23001945581068]]],[[[-0.06630298425178757,36.23965445937006],[-0.07213355031370071,36.23958738182041],[-0.06898759397241074,36.23447827635089],[-0.06630298425178757,36.23965445937006]]]]},"properties":{"speed":0.1549,"dir_deg":58.4,"type":"ضعيف"}},{"type":"Feature","geometry":{"type":"MultiPolygon","coordinates":[[[[-0.042104645741211796,36.23006692400428],[-0.028619859163435842,36.236636591496],[-0.027743903497872455,36.23483861995229],[-0.0412286900756484,36.22826895246057],[-0.042104645741211796,36.23006692400428]]],[[[-0.0236869524713955,36.237927494888055],[-0.02949581482899923,36.238434563039704],[-0.02686794783230907,36.23304064840859],[-0.0236869524713955,36.237927494888055]]]]},"properties":{"speed":0.2035,"dir_deg":64.0,"type":"متوسط"}},{"type":"Feature","geometry":{"type":"MultiPolygon","coordinates":[[[[-0.0003595759703688959,36.23010105404599],[0.013637161233171973,36.235494693601524],[0.014356313173909764,36.23362846197439],[0.0003595759703688959,36.228234822418855],[-0.0003595759703688959,36.23010105404599]]],[[[0.018662316271387827,36.2363594576398],[0.01291800929243418,36.237360925228664],[0.015075465114647557,36.23176223034725],[0.018662316271387827,36.2363594576398]]]]},"properties":{"speed":0.2493,"dir_deg":68.9,"type":"متوسط"}},{"type":"Feature","geometry":{"type":"MultiPolygon","coordinates":[[[[0.0412582124818001,36.23008071649929],[0.054949886484737566,36.236207547898736],[0.05576679733799756,36.234381991365005],[0.0420751233350601,36.228255159965556],[0.0412582124818001,36.23008071649929]]],[[[0.05992223324568005,36.23733704676502],[0.054132975631477565,36.23803310443246],[0.05658370819125756,36.23255643483128],[0.05992223324568005,36.23733704676502]]]]},"properties":{"speed":0.3042,"dir_deg":65.9,"type":"متوسط"}},{"type":"Feature","geometry":{"type":"MultiPolygon","coordinates":[[[[0.08291234498174595,36.23007500312357],[0.0965183183489368,36.23638986565028],[0.0973603000191653,36.23457573586799],[0.08375432665197445,36.22826087334128],[0.08291234498174595,36.23007500312357]]],[[[0.10147463363978135,36.23758775493471],[0.09567633667870831,36.23820399543258],[0.0982022816893938,36.232761606085695],[0.10147463363978135,36.23758775493471]]]]},"properties":{"speed":0.3615,"dir_deg":65.1,"type":"متوسط"}},{"type":"Feature","geometry":{"type":"MultiPolygon","coordinates":[[[[0.12453319360100462,36.23005229776669],[0.13779858661507763,36.23705439375162],[0.13873219941306839,36.235285674683084],[0.12546680639899538,36.228283578698154],[0.12453319360100462,36.23005229776669]]],[[[0.1426871906854307,36.23850406621233],[0.13686497381708687,36.238823112820164],[0.13966581221105914,36.23351695561454],[0.1426871906854307,36.23850406621233]]]]},"properties":{"speed":0.4421,"dir_deg":62.2,"type":"قوي"}},{"type":"Feature","geometry":{"type":"MultiPolygon","coordinates":[[[[0.16610441067022735,36.229994898091746],[0.17850880856007567,36.23842881254414],[0.17963333048706176,36.236774892825494],[0.16722893259721344,36.2283409783731],[0.16610441067022735,36.229994898091746]]],[[[0.1832058688201848,36.24041315750228],[0.1773842866330896,36.240082732262785],[0.18075785241404782,36.23512097310685],[0.1832058688201848,36.24041315750228]]]]},"properties":{"speed":0.568,"dir_deg":55.8,"type":"قوي"}},{"type":"Feature","geometry":{"type":"MultiPolygon","coordinates":[[[[0.2077450417484437,36.22997659072594],[0.21987482915123496,36.23880088999348],[0.2210514023869068,36.23718358500644],[0.20892161498411552,36.228359285738904],[0.2077450417484437,36.22997659072594]]],[[[0.224506378236668,36.24093367058914],[0.2186982559155631,36.24041819498052],[0.22222797562257865,36.2355662800194],[0.224506378236668,36.24093367058914]]]]},"properties":{"speed":0.672,"dir_deg":54.0,"type":"قوي"}},{"type":"Feature","geometry":{"type":"MultiPolygon","coordinates":[[[[0.24943241952123021,36.22999125615408],[0.26178218834606576,36.23850496333563],[0.2629173493036053,36.236858327492314],[0.25056758047876976,36.228344620310764],[0.24943241952123021,36.22999125615408]]],[[[0.26646635843311406,36.240519547807814],[0.2606470273885262,36.24015159917894],[0.26405251026114485,36.235211691649006],[0.26646635843311406,36.240519547807814]]]]},"properties":{"speed":0.6881,"dir_deg":55.4,"type":"قوي"}},{"type":"Feature","geometry":{"type":"MultiPolygon","coordinates":[[[[0.29106223796916975,36.22996460501249],[0.3030122396701787,36.23903088646333],[0.3042210771969576,36.237437552903195],[0.29227107549594866,36.22837127145235],[0.29106223796916975,36.22996460501249]]],[[[0.30759999233390445,36.24125631350021],[0.30180340214339973,36.24062422002346],[0.3054299147237366,36.235844219343065],[0.30759999233390445,36.24125631350021]]]]},"properties":{"speed":0.5788,"dir_deg":52.8,"type":"قوي"}},{"type":"Feature","geometry":{"type":"MultiPolygon","coordinates":[[[[0.33255826907076935,36.22979980846408],[0.3420363225456224,36.24142592141415],[0.34358647093896527,36.24016218095083],[0.33410841746411224,36.228536068000764],[0.33255826907076935,36.22979980846408]]],[[[0.3459707479005782,36.24466942216585],[0.3404861741522795,36.24268966187746],[0.34513661933230816,36.23889844048752],[0.3459707479005782,36.24466942216585]]]]},"properties":{"speed":0.3888,"dir_deg":39.2,"type":"متوسط"}},{"type":"Feature","geometry":{"type":"MultiPolygon","coordinates":[[[[0.3740801665804368,36.22956024739654],[0.3799648040422779,36.24335774868999],[0.3818044708814043,36.24257313036175],[0.3759198334195632,36.2287756290683],[0.3740801665804368,36.22956024739654]]],[[[0.3828461832824548,36.24756460662368],[0.3781251372031515,36.244142367018235],[0.3836441377205307,36.2417885120335],[0.3828461832824548,36.24756460662368]]]]},"properties":{"speed":0.1704,"dir_deg":23.1,"type":"ضعيف"}},{"type":"Feature","geometry":{"type":"MultiPolygon","coordinates":[[[[0.4166409793556678,36.23016760851422],[0.43163603358268193,36.230552769167595],[0.43168738833646475,36.228553428603995],[0.4166923341094506,36.22816826795062],[0.4166409793556678,36.23016760851422]]],[[[0.4366600623685781,36.22968148577025],[0.4315846788288991,36.232552109731195],[0.43173874309024757,36.226554088040395],[0.4366600623685781,36.22968148577025]]]]},"properties":{"speed":0.0114,"dir_deg":88.5,"type":"ضعيف"}},{"type":"Feature","geometry":{"type":"MultiPolygon","coordinates":[[[[-0.4170253633730737,36.271765512112296],[-0.40302360820233063,36.277146111720015],[-0.4023061949213016,36.27527921103058],[-0.4163079500920447,36.26989861142286],[-0.4170253633730737,36.271765512112296]]],[[[-0.39799764983823505,36.27800619457787],[-0.4037410214833596,36.27901301240944],[-0.4015887816402726,36.27341231034115],[-0.39799764983823505,36.27800619457787]]]]},"properties":{"speed":0.1411,"dir_deg":69.0,"type":"ضعيف"}},{"type":"Feature","geometry":{"type":"MultiPolygon","coordinates":[[[[-0.3753342423303744,36.27177454893703],[-0.3611969347885606,36.27678818389265],[-0.3605284501278118,36.27490320955374],[-0.3746657576696256,36.269889574598125],[-0.3753342423303744,36.27177454893703]]],[[[-0.35615025661091493,36.27751690837506],[-0.3618654194493094,36.278673158231555],[-0.359859965467063,36.273018235214835],[-0.35615025661091493,36.27751690837506]]]]},"properties":{"speed":0.1472,"dir_deg":70.5,"type":"ضعيف"}},{"type":"Feature","geometry":{"type":"MultiPolygon","coordinates":[[[[-0.33366134741163284,36.27177673805149],[-0.31949120315289675,36.276696800214374],[-0.31883519486451267,36.274807447646545],[-0.33300533912324876,36.26988738548366],[-0.33366134741163284,36.27177673805149]]],[[[-0.314439817589126,36.27739214465142],[-0.32014721144128083,36.278586152782204],[-0.3181791865761286,36.272918095078715],[-0.314439817589126,36.27739214465142]]]]},"properties":{"speed":0.1524,"dir_deg":70.9,"type":"ضعيف"}},{"type":"Feature","geometry":{"type":"MultiPolygon","coordinates":[[[[-0.2920051887052108,36.271773016656766],[-0.2778908653673444,36.27685099624654],[-0.2772138014220412,36.27496908646816],[-0.2913281247599076,36.26989110687839],[-0.2920051887052108,36.271773016656766]]],[[[-0.27284755894873736,36.27760270122061],[-0.2785679293126476,36.27873290602492],[-0.276536737476738,36.27308717668978],[-0.27284755894873736,36.27760270122061]]]]},"properties":{"speed":0.1553,"dir_deg":70.2,"type":"ضعيف"}},{"type":"Feature","geometry":{"type":"MultiPolygon","coordinates":[[[[-0.2503347428576239,36.2717743712811],[-0.23620010015482804,36.276795514145455],[-0.2355306144395802,36.27491089511842],[-0.24966525714237608,36.26988975225406],[-0.2503347428576239,36.2717743712811]]],[[[-0.23115380972960548,36.27752691892005],[-0.23686958587007584,36.27868013317249],[-0.2348611287243324,36.27302627609138],[-0.23115380972960548,36.27752691892005]]]]},"properties":{"speed":0.1585,"dir_deg":70.4,"type":"ضعيف"}},{"type":"Feature","geometry":{"type":"MultiPolygon","coordinates":[[[[-0.20864912270762215,36.271780889430524],[-0.1944167077633969,36.276517804550664],[-0.1937851190807118,36.27462014922477],[-0.20801753402493706,36.26988323410463],[-0.20864912270762215,36.271780889430524]]],[[[-0.1893567751073126,36.27714794859443],[-0.195048296446082,36.27841545987656],[-0.1931535303980267,36.272722493898875],[-0.1893567751073126,36.27714794859443]]]]},"properties":{"speed":0.1607,"dir_deg":71.6,"type":"ضعيف"}},{"type":"Feature","geometry":{"type":"MultiPolygon","coordinates":[[[[-0.16694536633914547,36.27179244151599],[-0.15253967011290195,36.27597286209737],[-0.1519822807020518,36.27405210260054],[-0.16638797692829532,36.269871682019165],[-0.16694536633914547,36.27179244151599]]],[[[-0.14745907666539568,36.27640595587608],[-0.1530970595237521,36.2778936215942],[-0.15142489129120165,36.27213134310371],[-0.14745907666539568,36.27640595587608]]]]},"properties":{"speed":0.155,"dir_deg":73.8,"type":"ضعيف"}},{"type":"Feature","geometry":{"type":"MultiPolygon","coordinates":[[[[-0.12530527129351587,36.27178432719138],[-0.1110212899365935,36.276363396594114],[-0.11041074734956173,36.27445886574652],[-0.12469472870648411,36.26987979634378],[-0.12530527129351587,36.27178432719138]]],[[[-0.10595469152410349,36.276937487637895],[-0.11163183252362527,36.2782679274417],[-0.10980020476252997,36.27255433489893],[-0.10595469152410349,36.276937487637895]]]]},"properties":{"speed":0.1478,"dir_deg":72.2,"type":"ضعيف"}},{"type":"Feature","geometry":{"type":"MultiPolygon","coordinates":[[[[-0.08370572769193499,36.27176013735253],[-0.06978459391770114,36.27734601547865],[-0.06903981016755156,36.275489864308746],[-0.08296094394178541,36.26990398618263],[-0.08370572769193499,36.27176013735253]]],[[[-0.06477182411788174,36.27827989926907],[-0.07052937766785071,36.279202166648545],[-0.068295026417402,36.27363371313885],[-0.06477182411788174,36.27827989926907]]]]},"properties":{"speed":0.153,"dir_deg":68.1,"type":"ضعيف"}},{"type":"Feature","geometry":{"type":"MultiPolygon","coordinates":[[[[-0.04200204207242773,36.271774146779734],[-0.02787076689013611,36.276804759239695],[-0.027200018562140854,36.274920589215384],[-0.04133129374443247,36.26988997675542],[-0.04200204207242773,36.271774146779734]]],[[[-0.022824967665374604,36.27753954504753],[-0.02854151521813136,36.278688929264],[-0.026529270234145603,36.27303641919108],[-0.022824967665374604,36.27753954504753]]]]},"properties":{"speed":0.1764,"dir_deg":70.4,"type":"ضعيف"}},{"type":"Feature","geometry":{"type":"MultiPolygon","coordinates":[[[[-0.00028111889606135507,36.27179173471514],[0.014113975317328848,36.276008518156054],[0.01467621310945156,36.274089172260936],[0.00028111889606135507,36.26987238882002],[-0.00028111889606135507,36.27179173471514]]],[[[0.01919345895118694,36.276454439688806],[0.013551737525206138,36.27792786405117],[0.015238450901574269,36.27216982636582],[0.01919345895118694,36.276454439688806]]]]},"properties":{"speed":0.1991,"dir_deg":73.7,"type":"ضعيف"}},{"type":"Feature","geometry":{"type":"MultiPolygon","coordinates":[[[[0.04140812473376183,36.27179806147091],[0.05589812028370252,36.27567620909093],[0.05641520663303907,36.27374420968427],[0.04192521108309837,36.269866062064246],[0.04140812473376183,36.27179806147091]]],[[[0.06098666197501769,36.27600292526095],[0.05538103393436597,36.27760820849759],[0.05693229298237562,36.27181221027761],[0.06098666197501769,36.27600292526095]]]]},"properties":{"speed":0.2254,"dir_deg":75.0,"type":"متوسط"}},{"type":"Feature","geometry":{"type":"MultiPolygon","coordinates":[[[[0.08310060916245401,36.27180460395398],[0.09768874195846336,36.275295503770074],[0.09815419526727573,36.27335041939727],[0.08356606247126638,36.269859519581175],[0.08310060916245401,36.27180460395398]]],[[[0.10278417954487265,36.2754865948557],[0.09722328864965099,36.277240588142874],[0.0986196485760881,36.27140533502447],[0.10278417954487265,36.2754865948557]]]]},"properties":{"speed":0.2463,"dir_deg":76.5,"type":"متوسط"}},{"type":"Feature","geometry":{"type":"MultiPolygon","coordinates":[[[[0.12461066899623968,36.271753159682845],[0.1384271377252591,36.27759312473925],[0.13920579973277974,36.275750928908714],[0.12538933100376032,36.26991096385231],[0.12461066899623968,36.271753159682845]]],[[[0.14342195830535923,36.27861868184279],[0.13764847571773847,36.27943532056978],[0.13998446174030038,36.27390873307818],[0.14342195830535923,36.27861868184279]]]]},"properties":{"speed":0.2946,"dir_deg":67.1,"type":"متوسط"}},{"type":"Feature","geometry":{"type":"MultiPolygon","coordinates":[[[[0.1661168097133441,36.271667317338355],[0.17864564327505378,36.279915246144],[0.17974536711580635,36.278244735002446],[0.16721653355409669,36.2699968061968],[0.1661168097133441,36.271667317338355]]],[[[0.1833717830493333,36.281829300175104],[0.1775459194343012,36.28158575728556],[0.18084509095655893,36.276574223860884],[0.1833717830493333,36.281829300175104]]]]},"properties":{"speed":0.4063,"dir_deg":56.6,"type":"قوي"}},{"type":"Feature","geometry":{"type":"MultiPolygon","coordinates":[[[[0.20772855358562703,36.27162845831747],[0.2196745018340705,36.28070008002726],[0.22088405139537565,36.27910728692747],[0.20893810314693217,36.270035665217684],[0.20772855358562703,36.27162845831747]]],[[[0.22426125936420424,36.28292755738063],[0.21846495227276533,36.282292873127055],[0.22209360095668082,36.277514493827674],[0.22426125936420424,36.28292755738063]]]]},"properties":{"speed":0.5516,"dir_deg":52.8,"type":"قوي"}},{"type":"Feature","geometry":{"type":"MultiPolygon","coordinates":[[[[0.24943931022184176,36.27166008771685],[0.26185969946093157,36.28007043438922],[0.262981079017248,36.27841438249067],[0.2505606897781582,36.2700040358183],[0.24943931022184176,36.27166008771685]]],[[[0.2665605189854531,36.28204585733074],[0.2607383199046151,36.281726486287766],[0.26410245857356446,36.27675833059213],[0.2665605189854531,36.28204585733074]]]]},"properties":{"speed":0.6575,"dir_deg":55.9,"type":"قوي"}},{"type":"Feature","geometry":{"type":"MultiPolygon","coordinates":[[[[0.29110757838906653,36.2716611766003],[0.3035443008798775,36.280047351752685],[0.30466245756686283,36.27838912208725],[0.2922257350760519,36.27000294693486],[0.29110757838906653,36.2716611766003]]],[[[0.3082489533869738,36.28201362863743],[0.3024261441928922,36.28170558141813],[0.3057806142538481,36.2767308924218],[0.3082489533869738,36.28201362863743]]]]},"properties":{"speed":0.7292,"dir_deg":56.0,"type":"قوي"}},{"type":"Feature","geometry":{"type":"MultiPolygon","coordinates":[[[[0.332798939196322,36.271677290901465],[0.34547737620462904,36.27969335196825],[0.3465461843468667,36.278002893700474],[0.3338677473385596,36.26998683263369],[0.332798939196322,36.271677290901465]]],[[[0.3502379259451836,36.28152014318996],[0.34440856806239134,36.28138381023602],[0.3476149924891044,36.2763124354327],[0.3502379259451836,36.28152014318996]]]]},"properties":{"speed":0.6428,"dir_deg":57.7,"type":"قوي"}},{"type":"Feature","geometry":{"type":"MultiPolygon","coordinates":[[[[0.3744142844264753,36.27164257843424],[0.3865720344263473,36.28042831203711],[0.38774346557339673,36.27880727870379],[0.3755857155735247,36.27002154510092],[0.3744142844264753,36.27164257843424]]],[[[0.3912103333331627,36.28254637323807],[0.38540060327929787,36.282049345370424],[0.38891489672044616,36.27718624537047],[0.3912103333331627,36.28254637323807]]]]},"properties":{"speed":0.4455,"dir_deg":54.1,"type":"قوي"}},{"type":"Feature","geometry":{"type":"MultiPolygon","coordinates":[[[[0.41611909923772633,36.271668829829736],[0.4286706201701383,36.27988219225223],[0.42976573515980404,36.278208656127916],[0.4172142142273921,36.26999529370542],[0.41611909923772633,36.271668829829736]]],[[[0.43340201797577516,36.281783211664234],[0.4275755051804725,36.28155572837655],[0.43086085014946984,36.276535120003594],[0.43340201797577516,36.281783211664234]]]]},"properties":{"speed":0.2206,"dir_deg":56.8,"type":"متوسط"}},{"type":"Feature","geometry":{"type":"MultiPolygon","coordinates":[[[[0.4574962203302088,36.271379076564415],[0.4657014422827838,36.283935920622895],[0.4673756881572478,36.28284189102922],[0.4591704662046728,36.27028504697074],[0.4574962203302088,36.271379076564415]]],[[[0.4692736392042075,36.287574520512216],[0.46402719640831985,36.285029950216575],[0.46904993403171175,36.28174786143554],[0.4692736392042075,36.287574520512216]]]]},"properties":{"speed":0.0891,"dir_deg":33.2,"type":"ضعيف"}},{"type":"Feature","geometry":{"type":"MultiPolygon","coordinates":[[[[0.4991047791227429,36.270386439078614],[0.4924204387882234,36.28381475223747],[0.49421088054273754,36.2847059976154],[0.5008952208772571,36.27127768445654],[0.4991047791227429,36.270386439078614]]],[[[0.4910875462206406,36.28873647931272],[0.4906299970337092,36.28292350685953],[0.49600132229725175,36.28559724299333],[0.4910875462206406,36.28873647931272]]]]},"properties":{"speed":0.0295,"dir_deg":333.5,"type":"ضعيف"}},{"type":"Feature","geometry":{"type":"MultiPolygon","coordinates":[[[[-0.41680898652143084,36.313489819292194],[-0.40196169713851837,36.31562476612527],[-0.4016770375607751,36.31364512754088],[-0.4165243269436876,36.311510180707806],[-0.41680898652143084,36.313489819292194]]],[[[-0.39687027088867594,36.315346595777434],[-0.40224635671626163,36.317604404709655],[-0.40139237798303185,36.31166548895649],[-0.39687027088867594,36.315346595777434]]]]},"properties":{"speed":0.1428,"dir_deg":81.8,"type":"ضعيف"}},{"type":"Feature","geometry":{"type":"MultiPolygon","coordinates":[[[[-0.37517571063533905,36.31348444185843],[-0.36040908275889183,36.31612010138851],[-0.3600576614882137,36.31415121767166],[-0.37482428936466095,36.31151555814157],[-0.37517571063533905,36.31348444185843]]],[[[-0.35531116283140374,36.31601421270678],[-0.36076050402956994,36.318088985105376],[-0.3597062402175356,36.312182333954794],[-0.35531116283140374,36.31601421270678]]]]},"properties":{"speed":0.1329,"dir_deg":79.9,"type":"ضعيف"}},{"type":"Feature","geometry":{"type":"MultiPolygon","coordinates":[[[[-0.3335437577666601,36.313477612263895],[-0.31887957380823223,36.316633829752185],[-0.3184587448097936,36.314678605224394],[-0.33312292876822147,36.311522387736105],[-0.3335437577666601,36.313477612263895]]],[[[-0.3137810979895369,36.31670828998438],[-0.3193004028066708,36.318589054279975],[-0.318037915811355,36.3127233806966],[-0.3137810979895369,36.31670828998438]]]]},"properties":{"speed":0.1285,"dir_deg":77.9,"type":"ضعيف"}},{"type":"Feature","geometry":{"type":"MultiPolygon","coordinates":[[[[-0.2918997758903728,36.31347244817767],[-0.27731305322527217,36.316969235544875],[-0.27684681490964497,36.315024339189534],[-0.2914335375747456,36.31152755182233],[-0.2918997758903728,36.31347244817767]]],[[[-0.2722176931790917,36.31716238315627],[-0.2777792915408994,36.31891413190022],[-0.2763805765940177,36.31307944283419],[-0.2722176931790917,36.31716238315627]]]]},"properties":{"speed":0.1267,"dir_deg":76.5,"type":"ضعيف"}},{"type":"Feature","geometry":{"type":"MultiPolygon","coordinates":[[[[-0.2502570249418341,36.3134664047699],[-0.235760953393414,36.31732177889741],[-0.23524690350974578,36.31538896935761],[-0.2497429750581659,36.3115335952301],[-0.2502570249418341,36.3134664047699]]],[[[-0.23067190460210651,36.31764049883668],[-0.23627500327708217,36.3192545884372],[-0.2347328536260776,36.313456159817825],[-0.23067190460210651,36.31764049883668]]]]},"properties":{"speed":0.1296,"dir_deg":75.1,"type":"ضعيف"}},{"type":"Feature","geometry":{"type":"MultiPolygon","coordinates":[[[[-0.20861714151041835,36.313458879606216],[-0.19423394741720088,36.3177160767683],[-0.19366632112892337,36.31579831755587],[-0.20804951522214085,36.311541120393784],[-0.20861714151041835,36.313458879606216]]],[[[-0.18915573624198964,36.31817626288277],[-0.1948015737054784,36.319633835980724],[-0.19309869484064585,36.31388055834344],[-0.18915573624198964,36.31817626288277]]]]},"properties":{"speed":0.139,"dir_deg":73.5,"type":"ضعيف"}},{"type":"Feature","geometry":{"type":"MultiPolygon","coordinates":[[[[-0.16698052454331586,36.31344947161681],[-0.15273845029108157,36.318157265260744],[-0.15211074447189066,36.31625832202712],[-0.16635281872412494,36.31155052838319],[-0.16698052454331586,36.31344947161681]]],[[[-0.147677239297408,36.31877705819191],[-0.1533661561102725,36.32005620849438],[-0.15148303865269974,36.31435937879348],[-0.147677239297408,36.31877705819191]]]]},"properties":{"speed":0.1487,"dir_deg":71.7,"type":"ضعيف"}},{"type":"Feature","geometry":{"type":"MultiPolygon","coordinates":[[[[-0.12533677671129728,36.313441584540406],[-0.1112130086052374,36.318493235209864],[-0.11053945518264287,36.31661006612905],[-0.12466322328870273,36.311558415459594],[-0.12533677671129728,36.313441584540406]]],[[[-0.10616830919192019,36.319235534225946],[-0.11188656202783195,36.32037640429067],[-0.10986590176004832,36.314726897048246],[-0.10616830919192019,36.319235534225946]]]]},"properties":{"speed":0.1513,"dir_deg":70.3,"type":"ضعيف"}},{"type":"Feature","geometry":{"type":"MultiPolygon","coordinates":[[[[-0.08371971444766736,36.31342234025915],[-0.06988461056036294,36.31921801972126],[-0.06911185329874861,36.31737333920296],[-0.08294695718605304,36.31157765974085],[-0.08371971444766736,36.31342234025915]]],[[[-0.06488653063378763,36.32022757261614],[-0.07065736782197726,36.32106270023957],[-0.06833909603713428,36.31552865868465],[-0.06488653063378763,36.32022757261614]]]]},"properties":{"speed":0.1565,"dir_deg":67.3,"type":"ضعيف"}},{"type":"Feature","geometry":{"type":"MultiPolygon","coordinates":[[[[-0.04207512750773635,36.31341277639964],[-0.028383481513178932,36.31953967038923],[-0.02756656231456643,36.31771411758996],[-0.04125820830912385,36.31158722360036],[-0.04207512750773635,36.31341277639964]]],[[[-0.023411139915686874,36.32066919198613],[-0.02920040071179143,36.32136522318851],[-0.026749643115953934,36.31588856479068],[-0.023411139915686874,36.32066919198613]]]]},"properties":{"speed":0.1735,"dir_deg":65.9,"type":"ضعيف"}},{"type":"Feature","geometry":{"type":"MultiPolygon","coordinates":[[[[-0.00039169259189135376,36.313420096143595],[0.01340974956202584,36.31929548502197],[0.014193134745808548,36.31745529273478],[0.00039169259189135376,36.311579903856405],[-0.00039169259189135376,36.313420096143595]]],[[[0.018401922871889593,36.32033385183783],[0.012626364378243132,36.32113567730916],[0.014976519929591255,36.31561510044759],[0.018401922871889593,36.32033385183783]]]]},"properties":{"speed":0.1948,"dir_deg":66.9,"type":"ضعيف"}},{"type":"Feature","geometry":{"type":"MultiPolygon","coordinates":[[[[0.04137105438637688,36.3134553076183],[0.05570066866085545,36.3178895104491],[0.05629189570496189,36.3159788952125],[0.04196228143048332,36.3115446923817],[0.04137105438637688,36.3134553076183]]],[[[0.06077282027440153,36.318412270441065],[0.055109441616749,36.319800125685695],[0.056883122749068336,36.314068279975906],[0.06077282027440153,36.318412270441065]]]]},"properties":{"speed":0.2195,"dir_deg":72.8,"type":"متوسط"}},{"type":"Feature","geometry":{"type":"MultiPolygon","coordinates":[[[[0.08317681622533246,36.31348767485412],[0.09799193903718581,36.31583546872704],[0.09830497822024128,36.31386011901879],[0.08348985540838794,36.31151232514588],[0.08317681622533246,36.31348767485412]]],[[[0.10308683289933133,36.31563039183055],[0.09767889985413032,36.317810818435284],[0.09861801740329677,36.311884769310545],[0.10308683289933133,36.31563039183055]]]]},"properties":{"speed":0.2167,"dir_deg":81.0,"type":"متوسط"}},{"type":"Feature","geometry":{"type":"MultiPolygon","coordinates":[[[[0.12471992344442753,36.31345997766798],[0.13911958846411457,36.31766112600157],[0.1396797415752595,36.3157411706656],[0.12528007655557247,36.31154002233202],[0.12471992344442753,36.31345997766798]]],[[[0.14419955335958273,36.31810153111145],[0.13855943535296963,36.319581081337525],[0.14023989468640444,36.31382121532965],[0.14419955335958273,36.31810153111145]]]]},"properties":{"speed":0.2354,"dir_deg":73.7,"type":"متوسط"}},{"type":"Feature","geometry":{"type":"MultiPolygon","coordinates":[[[[0.1661954048317441,36.31338199070367],[0.1794252653867493,36.32045099273331],[0.18036779899070188,36.31868701132598],[0.1671379384356967,36.31161800929633],[0.1661954048317441,36.31338199070367]]],[[[0.18430648570706068,36.32192533603953],[0.1784827317827967,36.32221497414065],[0.18131033259465448,36.31692302991864],[0.18430648570706068,36.32192533603953]]]]},"properties":{"speed":0.3033,"dir_deg":61.9,"type":"متوسط"}},{"type":"Feature","geometry":{"type":"MultiPolygon","coordinates":[[[[0.20776935881861167,36.31332579558566],[0.22015629260358152,36.32178533880068],[0.2212842316989174,36.320133747629356],[0.20889729791394754,36.31167420441434],[0.20776935881861167,36.31332579558566]]],[[[0.22484924007957277,36.323779390953355],[0.21902835350824568,36.32343692997201],[0.22241217079425324,36.318482156458025],[0.22484924007957277,36.323779390953355]]]]},"properties":{"speed":0.4116,"dir_deg":55.7,"type":"قوي"}},{"type":"Feature","geometry":{"type":"MultiPolygon","coordinates":[[[[0.2494840812119147,36.31335663749866],[0.2623336436917285,36.32109541931994],[0.26336548126789905,36.319382144322624],[0.25051591878808527,36.31164336250134],[0.2494840812119147,36.31335663749866]]],[[[0.267132749973085,36.322818375761706],[0.2613018061155579,36.322808694317246],[0.26439731884406964,36.31766886932532],[0.267132749973085,36.322818375761706]]]]},"properties":{"speed":0.5266,"dir_deg":58.9,"type":"قوي"}},{"type":"Feature","geometry":{"type":"MultiPolygon","coordinates":[[[[0.2911571111115743,36.313360443641464],[0.3040637657335277,36.32100362795624],[0.3050828569754976,36.31928274067331],[0.29217620235354413,36.311639556358536],[0.2911571111115743,36.313360443641464]]],[[[0.30887552956183045,36.3226909124197],[0.30304467449155786,36.322724515239166],[0.30610194821746745,36.31756185339038],[0.30887552956183045,36.3226909124197]]]]},"properties":{"speed":0.6358,"dir_deg":59.4,"type":"قوي"}},{"type":"Feature","geometry":{"type":"MultiPolygon","coordinates":[[[[0.33282570149333585,36.313361568238264],[0.3457492250672808,36.32097619484984],[0.3467645086154907,36.31925305837331],[0.33384098504154575,36.311638431761736],[0.33282570149333585,36.313361568238264]]],[[[0.35056470803270073,36.322652835482096],[0.34473394151907094,36.32269933132637],[0.34777979216370053,36.317529921896785],[0.35056470803270073,36.322652835482096]]]]},"properties":{"speed":0.7034,"dir_deg":59.5,"type":"قوي"}},{"type":"Feature","geometry":{"type":"MultiPolygon","coordinates":[[[[0.37446845904743753,36.313347032594265],[0.38717394796142734,36.321320146882705],[0.3882370298665523,36.319626081694175],[0.37553154095256247,36.311652967405735],[0.37446845904743753,36.313347032594265]]],[[[0.39194065188531974,36.32313081905125],[0.38611086605630235,36.323014212071236],[0.3893001117716773,36.317932016505644],[0.39194065188531974,36.32313081905125]]]]},"properties":{"speed":0.6854,"dir_deg":57.9,"type":"قوي"}},{"type":"Feature","geometry":{"type":"MultiPolygon","coordinates":[[[[0.41611908722519325,36.31333676020137],[0.42867049024579923,36.321550302811865],[0.42976562926053113,36.31987678240912],[0.41721422623992516,36.31166323979863],[0.41611908722519325,36.31333676020137]]],[[[0.4334018607600339,36.32345139014732],[0.4275753512310673,36.32322382321461],[0.43086076827526304,36.31820326200637],[0.4334018607600339,36.32345139014732]]]]},"properties":{"speed":0.5562,"dir_deg":56.8,"type":"قوي"}},{"type":"Feature","geometry":{"type":"MultiPolygon","coordinates":[[[[0.4578155972642138,36.313355534380456],[0.4706486129710558,36.32112172442886],[0.47168410497750984,36.31941065566795],[0.4588510892706678,36.311644465619544],[0.4578155972642138,36.313355534380456]]],[[[0.4754440308765635,36.32285492006454],[0.46961312096460184,36.322832793189775],[0.4727195969839638,36.31769958690704],[0.4754440308765635,36.32285492006454]]]]},"properties":{"speed":0.3647,"dir_deg":58.8,"type":"متوسط"}},{"type":"Feature","geometry":{"type":"MultiPolygon","coordinates":[[[[0.49944335041168664,36.31333074739592],[0.5119045613505111,36.321680491220626],[0.5130178605271378,36.32001899642878],[0.5005566495883134,36.31166925260408],[0.49944335041168664,36.31333074739592]]],[[[0.5166149479184325,36.32363299176627],[0.5107912621738844,36.323341986012466],[0.5141311597037646,36.31835750163694],[0.5166149479184325,36.32363299176627]]]]},"properties":{"speed":0.1818,"dir_deg":56.2,"type":"ضعيف"}},{"type":"Feature","geometry":{"type":"MultiPolygon","coordinates":[[[[0.5408145740049689,36.31302335861163],[0.5486649531793982,36.32580504656032],[0.5503691782392236,36.32475832933706],[0.5425187990647943,36.31197664138837],[0.5408145740049689,36.31302335861163]]],[[[0.552133858767454,36.32954225059825],[0.546960728119573,36.32685176378357],[0.5520734032990489,36.323711612113804],[0.552133858767454,36.32954225059825]]]]},"properties":{"speed":0.075,"dir_deg":31.6,"type":"ضعيف"}},{"type":"Feature","geometry":{"type":"MultiPolygon","coordinates":[[[[0.5834932807954702,36.31348712230915],[0.5983001154327086,36.31108761235387],[0.5979801807720049,36.30911336773558],[0.5831733461347666,36.31151287769085],[0.5834932807954702,36.31348712230915]]],[[[0.6030757596481029,36.30930065339296],[0.5986200500934123,36.313061856972176],[0.5976602461113011,36.307139123117274],[0.6030757596481029,36.30930065339296]]]]},"properties":{"speed":0.0093,"dir_deg":99.2,"type":"ضعيف"}},{"type":"Feature","geometry":{"type":"MultiPolygon","coordinates":[[[[-0.41676112668153475,36.35516346594612],[-0.4018282109760663,36.35658051518075],[-0.4016392710781152,36.354589459753356],[-0.41657218678358365,36.353172410518724],[-0.41676112668153475,36.35516346594612]]],[[[-0.39675610245860127,36.35605733721193],[-0.40201715087401735,36.35857157060815],[-0.40145033118016415,36.35259840432596],[-0.39675610245860127,36.35605733721193]]]]},"properties":{"speed":0.1779,"dir_deg":84.6,"type":"ضعيف"}},{"type":"Feature","geometry":{"type":"MultiPolygon","coordinates":[[[[-0.3751361011738563,36.35515863317562],[-0.3602756770259102,36.35720015078346],[-0.36000347467819754,36.35521876089707],[-0.3748638988261437,36.353177243289224],[-0.3751361011738563,36.35515863317562]]],[[[-0.35518610113607185,36.35688996170955],[-0.3605478793736228,36.35918154066985],[-0.3597312723304849,36.35323737101068],[-0.35518610113607185,36.35688996170955]]]]},"properties":{"speed":0.1631,"dir_deg":82.2,"type":"ضعيف"}},{"type":"Feature","geometry":{"type":"MultiPolygon","coordinates":[[[[-0.3335107628560315,36.35515207353287],[-0.31874873334933856,36.35781336736173],[-0.3183938941721572,36.35584509676083],[-0.3331559236788501,36.35318380293197],[-0.3335107628560315,36.35515207353287]]],[[[-0.31365063725851694,36.35771633000424],[-0.3191035725265199,36.35978163796262],[-0.31803905499497587,36.35387682615994],[-0.31365063725851694,36.35771633000424]]]]},"properties":{"speed":0.1539,"dir_deg":79.8,"type":"ضعيف"}},{"type":"Feature","geometry":{"type":"MultiPolygon","coordinates":[[[[-0.29186635361765456,36.35514779595377],[-0.2771684877974505,36.3581432492302],[-0.2767690940272598,36.35618353378751],[-0.29146695984746385,36.353188080511075],[-0.29186635361765456,36.35514779595377]]],[[[-0.2720695023056205,36.35816187593433],[-0.27756788156764123,36.3601029646729],[-0.2763697002570691,36.35422381834481],[-0.2720695023056205,36.35816187593433]]]]},"properties":{"speed":0.1478,"dir_deg":78.5,"type":"ضعيف"}},{"type":"Feature","geometry":{"type":"MultiPolygon","coordinates":[[[[-0.2502057477442043,36.35514654329359],[-0.23552667182659817,36.358232759456655],[-0.23511517633818965,36.35627554933431],[-0.24979425225579574,36.35318933317125],[-0.2502057477442043,36.35514654329359]]],[[[-0.23042789877652523,36.35828289311651],[-0.2359381673150067,36.360189969579004],[-0.23470368084978113,36.354318339211964],[-0.23042789877652523,36.35828289311651]]]]},"properties":{"speed":0.1455,"dir_deg":78.1,"type":"ضعيف"}},{"type":"Feature","geometry":{"type":"MultiPolygon","coordinates":[[[[-0.20855599000394034,36.35514283401922],[-0.19393255320198766,36.35848275858413],[-0.19348722992666617,36.35653296701054],[-0.20811066672861886,36.353193042445625],[-0.20855599000394034,36.35514283401922]]],[[[-0.18883541263034267,36.358621170985636],[-0.19437787647730911,36.360432550157725],[-0.1930419066513447,36.35458317543694],[-0.18883541263034267,36.358621170985636]]]]},"properties":{"speed":0.149,"dir_deg":77.1,"type":"ضعيف"}},{"type":"Feature","geometry":{"type":"MultiPolygon","coordinates":[[[[-0.16692093236910524,36.35513507394081],[-0.1524138967432667,36.35894898497158],[-0.151905375272497,36.35701471355481],[-0.16641241089833556,36.353200802524036],[-0.16692093236910524,36.35513507394081]]],[[[-0.14732395746593566,36.35925315294012],[-0.1529224182140364,36.36088325638836],[-0.1513968538017273,36.35508044213803],[-0.14732395746593566,36.35925315294012]]]]},"properties":{"speed":0.1537,"dir_deg":75.3,"type":"ضعيف"}},{"type":"Feature","geometry":{"type":"MultiPolygon","coordinates":[[[[-0.12526455845117657,36.35513230788453],[-0.11079901366952434,36.359100684652184],[-0.11026989676717118,36.357171945347964],[-0.12473544154882342,36.35320356858031],[-0.12526455845117657,36.35513230788453]]],[[[-0.10571260695779702,36.35945910725595],[-0.1113281305718775,36.3610294239564],[-0.10974077986481802,36.355243206043745],[-0.10571260695779702,36.35945910725595]]]]},"properties":{"speed":0.149,"dir_deg":74.7,"type":"ضعيف"}},{"type":"Feature","geometry":{"type":"MultiPolygon","coordinates":[[[[-0.08364069234482176,36.35511953266532],[-0.0693667758513758,36.359729880584744],[-0.06875206279545268,36.35782669171895],[-0.08302597928889864,36.353216343799524],[-0.08364069234482176,36.35511953266532]]],[[[-0.06430144715893225,36.36031506879165],[-0.06998148890729891,36.361633069450534],[-0.06813734973952956,36.35592350285316],[-0.06430144715893225,36.36031506879165]]]]},"properties":{"speed":0.1403,"dir_deg":72.1,"type":"ضعيف"}},{"type":"Feature","geometry":{"type":"MultiPolygon","coordinates":[[[[-0.042078868711173945,36.35507903125633],[-0.028412473352525083,36.36126204329749],[-0.027588071747037392,36.35943985724967],[-0.041254467105686254,36.35325684520851],[-0.042078868711173945,36.35507903125633]]],[[[-0.023444807430231616,36.362411954287296],[-0.029236874958012773,36.363084229345304],[-0.026763670141549702,36.35761767120185],[-0.023444807430231616,36.362411954287296]]]]},"properties":{"speed":0.1424,"dir_deg":65.7,"type":"ضعيف"}},{"type":"Feature","geometry":{"type":"MultiPolygon","coordinates":[[[[-0.00048646025164571065,36.35504164094134],[0.012619080382108325,36.362338544716025],[0.013592000885399746,36.360591139298194],[0.00048646025164571065,36.35329423552351],[-0.00048646025164571065,36.35504164094134]]],[[[0.017474054178338718,36.36389714326533],[0.011646159878816904,36.36408595013386],[0.014564921388691168,36.358843733880356],[0.017474054178338718,36.36389714326533]]]]},"properties":{"speed":0.1648,"dir_deg":60.9,"type":"ضعيف"}},{"type":"Feature","geometry":{"type":"MultiPolygon","coordinates":[[[[0.04127886163867497,36.35508967913807],[0.055104975223344635,36.3609067731844],[0.0558805877628549,36.359063291373104],[0.04205447417818523,36.353246197326776],[0.04127886163867497,36.35508967913807]]],[[[0.060101486021322995,36.36192406362753],[0.05432936268383437,36.36275025499568],[0.056656200302365164,36.35721980956182],[0.060101486021322995,36.36192406362753]]]]},"properties":{"speed":0.1823,"dir_deg":67.2,"type":"ضعيف"}},{"type":"Feature","geometry":{"type":"MultiPolygon","coordinates":[[[[0.08310851399700243,36.35514233812431],[0.09772451237535704,36.35851466542218],[0.09817415601507257,36.3565658656384],[0.08355815763671796,36.353193538340534],[0.08310851399700243,36.35514233812431]]],[[[0.10282133365466634,36.358664374629576],[0.09727486873564149,36.36046346520596],[0.09862379965478811,36.35461706585462],[0.10282133365466634,36.358664374629576]]]]},"properties":{"speed":0.1736,"dir_deg":77.0,"type":"ضعيف"}},{"type":"Feature","geometry":{"type":"MultiPolygon","coordinates":[[[[0.12469595991324164,36.35512059747142],[0.13898584849817797,36.3596811987728],[0.13959392867169468,36.3577758802948],[0.12530404008675836,36.353215278993424],[0.12469595991324164,36.35512059747142]]],[[[0.14405318477991508,36.36024873996759],[0.13837776832466125,36.361586517250785],[0.1402020088452114,36.355870561816815],[0.14405318477991508,36.36024873996759]]]]},"properties":{"speed":0.1951,"dir_deg":72.3,"type":"ضعيف"}},{"type":"Feature","geometry":{"type":"MultiPolygon","coordinates":[[[[0.16630756633374041,36.35510123528242],[0.1803070220836407,36.36048781478212],[0.18102523268360066,36.358621220682124],[0.16702577693370038,36.353234641182425],[0.16630756633374041,36.35510123528242]]],[[[0.18533261263358744,36.36135004423202],[0.17958881148368075,36.362354408882105],[0.1817434432835606,36.35675462658214],[0.18533261263358744,36.36135004423202]]]]},"properties":{"speed":0.2358,"dir_deg":69.0,"type":"متوسط"}},{"type":"Feature","geometry":{"type":"MultiPolygon","coordinates":[[[[0.20784979386641753,36.3550432635362],[0.22097967342316532,36.36229628103413],[0.22194674242288948,36.36054563042657],[0.20881686286614168,36.35329261292864],[0.20784979386641753,36.3550432635362]]],[[[0.22583983444194333,36.363838628229665],[0.22001260442344114,36.3640469316417],[0.22291381142261366,36.358794979819],[0.22583983444194333,36.363838628229665]]]]},"properties":{"speed":0.3125,"dir_deg":61.1,"type":"متوسط"}},{"type":"Feature","geometry":{"type":"MultiPolygon","coordinates":[[[[0.24954467679207482,36.35505826445147],[0.2628995700777983,36.36188811257035],[0.26381021649364866,36.36010746013225],[0.2504553232079252,36.35327761201337],[0.24954467679207482,36.35505826445147]]],[[[0.26780652438096464,36.36327440239093],[0.2619889236619479,36.36366876500844],[0.26472086290949903,36.358326807694155],[0.26780652438096464,36.36327440239093]]]]},"properties":{"speed":0.4106,"dir_deg":62.9,"type":"قوي"}},{"type":"Feature","geometry":{"type":"MultiPolygon","coordinates":[[[[0.2912319219864317,36.355068496781605],[0.30474030022420073,36.36158951797352],[0.3056097697164557,36.35978840087515],[0.2921013914786867,36.35326737968324],[0.2912319219864317,36.355068496781605]]],[[[0.3096778277162512,36.36286263315497],[0.30387083073194576,36.36339063507189],[0.3064792392087107,36.35798728377679],[0.3096778277162512,36.36286263315497]]]]},"properties":{"speed":0.4879,"dir_deg":64.2,"type":"قوي"}},{"type":"Feature","geometry":{"type":"MultiPolygon","coordinates":[[[[0.3328751238110611,36.35505677732348],[0.3462077101769504,36.361930069169176],[0.3471241490897098,36.360152390987054],[0.3337915627238205,36.35327909914136],[0.3328751238110611,36.35505677732348]]],[[[0.35111012508862655,36.36333232736001],[0.345291271264191,36.36370774735129],[0.3480405880024692,36.35837471280494],[0.35111012508862655,36.36333232736001]]]]},"properties":{"speed":0.569,"dir_deg":62.7,"type":"قوي"}},{"type":"Feature","geometry":{"type":"MultiPolygon","coordinates":[[[[0.374521147752518,36.35504583374163],[0.38768958039058565,36.36222861745386],[0.38864728488554967,36.36047282643545],[0.375478852247482,36.353290042723216],[0.374521147752518,36.35504583374163]]],[[[0.3925579101840902,36.36374498318206],[0.3867318758956217,36.36398440847227],[0.38960498938051363,36.35871703541704],[0.3925579101840902,36.36374498318206]]]]},"properties":{"speed":0.6436,"dir_deg":61.4,"type":"قوي"}},{"type":"Feature","geometry":{"type":"MultiPolygon","coordinates":[[[[0.4161463935501578,36.35502194421662],[0.42895648331305397,36.36282589195264],[0.42999700967785676,36.36111787998425],[0.4171869199149606,36.35331393224823],[0.4161463935501578,36.35502194421662]]],[[[0.43374677641642073,36.36457320188045],[0.42791595694825124,36.36453390392102],[0.4310375360426595,36.35940986801587],[0.43374677641642073,36.36457320188045]]]]},"properties":{"speed":0.6664,"dir_deg":58.7,"type":"قوي"}},{"type":"Feature","geometry":{"type":"MultiPolygon","coordinates":[[[[0.45778198074642046,36.355002203999675],[0.47029596725525014,36.36327264181498],[0.4713986922972908,36.361604110280474],[0.45888470578846113,36.35333367246517],[0.45778198074642046,36.355002203999675]]],[[[0.475018658612547,36.36519518865283],[0.46919324221320946,36.36494117334949],[0.4725014173393315,36.35993557874596],[0.475018658612547,36.36519518865283]]]]},"properties":{"speed":0.625,"dir_deg":56.5,"type":"قوي"}},{"type":"Feature","geometry":{"type":"MultiPolygon","coordinates":[[[[0.49946307860371697,36.355011570506704],[0.5121175627179761,36.36306539145095],[0.5131914055105422,36.36137812690239],[0.500536921396283,36.35332430595814],[0.49946307860371697,36.355011570506704]]],[[[0.5168726454856789,36.36490636615808],[0.5110437199254101,36.364752655999524],[0.5142652483031083,36.359690862353816],[0.5168726454856789,36.36490636615808]]]]},"properties":{"speed":0.4811,"dir_deg":57.5,"type":"قوي"}},{"type":"Feature","geometry":{"type":"MultiPolygon","coordinates":[[[[0.5411158708206278,36.35500256512447],[0.5536352742013606,36.36326480083828],[0.5547369056298681,36.36159554705418],[0.5422175022491353,36.35333331134037],[0.5411158708206278,36.35500256512447]]],[[[0.5583592243758586,36.365184252517494],[0.5525336427728531,36.364934054622374],[0.5558385370583756,36.359926293270085],[0.5583592243758586,36.365184252517494]]]]},"properties":{"speed":0.2668,"dir_deg":56.6,"type":"متوسط"}},{"type":"Feature","geometry":{"type":"MultiPolygon","coordinates":[[[[0.5827054643706614,36.354946273323876],[0.594380490742479,36.36436400974073],[0.595636188931393,36.362807339557826],[0.5839611625595754,36.35338960314097],[0.5827054643706614,36.354946273323876]]],[[[0.5989000152942086,36.36672492012156],[0.593124792553565,36.36592067992364],[0.596891887120307,36.36125066937492],[0.5989000152942086,36.36672492012156]]]]},"properties":{"speed":0.1025,"dir_deg":51.1,"type":"ضعيف"}},{"type":"Feature","geometry":{"type":"MultiPolygon","coordinates":[[[[0.6240000219714459,36.35416130932535],[0.6239005883653684,36.36916097975366],[0.6259005444224767,36.369174237567805],[0.6259999780285541,36.354174567139495],[0.6240000219714459,36.35416130932535]]],[[[0.6248674218585634,36.3741674988035],[0.6219006323082601,36.36914772193952],[0.627900500479585,36.369187495381944],[0.6248674218585634,36.3741674988035]]]]},"properties":{"speed":0.0821,"dir_deg":359.6,"type":"ضعيف"}},{"type":"Feature","geometry":{"type":"MultiPolygon","coordinates":[[[[0.6658934026194675,36.35353387830926],[0.656382503772019,36.365133137040466],[0.6579290716028472,36.366401256886796],[0.6674399704502957,36.35480199815559],[0.6658934026194675,36.35353387830926]]],[[[0.6539854880716169,36.3696336165407],[0.6548359359411907,36.36386501719414],[0.6594756394336755,36.36766937673312],[0.6539854880716169,36.3696336165407]]]]},"properties":{"speed":0.1016,"dir_deg":320.6,"type":"ضعيف"}},{"type":"Feature","geometry":{"type":"MultiPolygon","coordinates":[[[[0.707824807283856,36.353306879893154],[0.6949089321948798,36.36093447261209],[0.6959259445574046,36.36265658929062],[0.7088418196463808,36.35502899657169],[0.707824807283856,36.353306879893154]]],[[[0.6911121466798168,36.36433806185767],[0.6938919198323551,36.35921235593356],[0.6969429569199294,36.36437870596915],[0.6911121466798168,36.36433806185767]]]]},"properties":{"speed":0.1061,"dir_deg":300.6,"type":"ضعيف"}},{"type":"Feature","geometry":{"type":"MultiPolygon","coordinates":[[[[0.7500601424363676,36.35316974842715],[0.7350872953572967,36.352267611881636],[0.7349670104845614,36.35426399149218],[0.7499398575636324,36.355166128037695],[0.7500601424363676,36.35316974842715]]],[[[0.7300362038945719,36.35296508950507],[0.7352075802300321,36.3502712322711],[0.734846725611826,36.35626037110272],[0.7300362038945719,36.35296508950507]]]]},"properties":{"speed":0.0911,"dir_deg":266.6,"type":"ضعيف"}},{"type":"Feature","geometry":{"type":"MultiPolygon","coordinates":[[[[-0.41683719367829203,36.39681741305019],[-0.40205692443915003,36.399375467236176],[-0.4017158505476844,36.39740476467096],[-0.4164961197868264,36.39484671048497],[-0.41683719367829203,36.39681741305019]]],[[[-0.39695963108036986,36.39924280068224],[-0.4023979983306157,36.40134616980139],[-0.40137477665621873,36.39543406210574],[-0.39695963108036986,36.39924280068224]]]]},"properties":{"speed":0.1578,"dir_deg":80.2,"type":"ضعيف"}},{"type":"Feature","geometry":{"type":"MultiPolygon","coordinates":[[[[-0.3751915133122307,36.39681355178344],[-0.3604691630742883,36.399686251466896],[-0.36008613644982684,36.397723271435176],[-0.3748084866877693,36.39485057175172],[-0.3751915133122307,36.39681355178344]]],[[[-0.3553701996827434,36.39966232801219],[-0.3608521896987497,36.401649231498624],[-0.3597031098253654,36.39576029140345],[-0.3553701996827434,36.39966232801219]]]]},"properties":{"speed":0.1488,"dir_deg":79.0,"type":"ضعيف"}},{"type":"Feature","geometry":{"type":"MultiPolygon","coordinates":[[[[-0.3335455021311635,36.396809296957564],[-0.31888697428139734,36.399991679913406],[-0.3184626565539519,36.398037209533435],[-0.3331211844037181,36.39485482657759],[-0.3335455021311635,36.396809296957564]]],[[[-0.31378863946775254,36.40007523904203],[-0.31931129200884284,36.40194615029338],[-0.3180383388265064,36.396082739153464],[-0.31378863946775254,36.40007523904203]]]]},"properties":{"speed":0.1448,"dir_deg":77.8,"type":"ضعيف"}},{"type":"Feature","geometry":{"type":"MultiPolygon","coordinates":[[[[-0.29189604499698074,36.39680539676856],[-0.277296019982181,36.400246220734886],[-0.27683724345333793,36.398299550732915],[-0.29143726846813767,36.39485872676659],[-0.29189604499698074,36.39680539676856]]],[[[-0.2721999567128262,36.400419827056005],[-0.277754796511024,36.40219289073686],[-0.2763784669244949,36.39635288073094],[-0.2721999567128262,36.400419827056005]]]]},"properties":{"speed":0.1422,"dir_deg":76.7,"type":"ضعيف"}},{"type":"Feature","geometry":{"type":"MultiPolygon","coordinates":[[[[-0.2502266730710375,36.39680603267005],[-0.2356171095339243,36.40020612873561],[-0.23516376339184933,36.39825818693067],[-0.2497733269289625,36.39485809086511],[-0.2502266730710375,36.39680603267005]]],[[[-0.23052058195051575,36.40036552318833],[-0.2360704556759993,36.40215407054056],[-0.23471041724977434,36.39631024512572],[-0.23052058195051575,36.40036552318833]]]]},"properties":{"speed":0.1403,"dir_deg":76.9,"type":"ضعيف"}},{"type":"Feature","geometry":{"type":"MultiPolygon","coordinates":[[[[-0.20854954594233574,36.39680840697282],[-0.1939043678636645,36.400051670613664],[-0.19347193271155222,36.39809898020317],[-0.20811711079022346,36.39485571656233],[-0.20854954594233574,36.39680840697282]]],[[[-0.1888064242613846,36.4001564132887],[-0.19433680301577674,36.402004361024154],[-0.19303949755943997,36.39614628979268],[-0.1888064242613846,36.4001564132887]]]]},"properties":{"speed":0.1415,"dir_deg":77.5,"type":"ضعيف"}},{"type":"Feature","geometry":{"type":"MultiPolygon","coordinates":[[[[-0.16687427075031355,36.39681027575582],[-0.1522010609267033,36.39992426250472],[-0.151785862693517,36.39796783452824],[-0.16645907251712724,36.39485384777934],[-0.16687427075031355,36.39681027575582]]],[[[-0.14710239186890672,36.39998404409944],[-0.15261625915988958,36.4018806904812],[-0.1513706644603307,36.39601140655176],[-0.14710239186890672,36.39998404409944]]]]},"properties":{"speed":0.1424,"dir_deg":78.0,"type":"ضعيف"}},{"type":"Feature","geometry":{"type":"MultiPolygon","coordinates":[[[[-0.12514301159589486,36.39682178278051],[-0.11029719640191141,36.39896695671894],[-0.11001117321012166,36.396987514693066],[-0.12485698840410513,36.39484234075464],[-0.12514301159589486,36.39682178278051]]],[[[-0.10520557974135537,36.39869229368548],[-0.11058321959370115,36.4009463987448],[-0.10972515001833191,36.3950080726672],[-0.10520557974135537,36.39869229368548]]]]},"properties":{"speed":0.1337,"dir_deg":81.8,"type":"ضعيف"}},{"type":"Feature","geometry":{"type":"MultiPolygon","coordinates":[[[[-0.08338780839190646,36.39683057703465],[-0.06841007938588684,36.397647665660344],[-0.06830113423579431,36.3956506351262],[-0.08327886324181394,36.39483354650051],[-0.08338780839190646,36.39683057703465]]],[[[-0.0633630304755007,36.3969215132685],[-0.06851902453597934,36.39964469619448],[-0.06819218908570181,36.39365360459207],[-0.0633630304755007,36.3969215132685]]]]},"properties":{"speed":0.1159,"dir_deg":86.9,"type":"ضعيف"}},{"type":"Feature","geometry":{"type":"MultiPolygon","coordinates":[[[[-0.0417736338917256,36.39682632444837],[-0.02685969367983102,36.3984308141978],[-0.026645761713240023,36.39644228883622],[-0.0415597019251346,36.39483779908679],[-0.0417736338917256,36.39682632444837]]],[[[-0.02178141429257066,36.397971381433486],[-0.027073625646422014,36.40041933955939],[-0.026431829746649028,36.39445376347463],[-0.02178141429257066,36.397971381433486]]]]},"properties":{"speed":0.0969,"dir_deg":83.9,"type":"ضعيف"}},{"type":"Feature","geometry":{"type":"MultiPolygon","coordinates":[[[[-0.00040602378922473535,36.39674592427506],[0.013301913823024132,36.40283628111343],[0.014113961401473604,36.40100855609847],[0.00040602378922473535,36.3949181992601],[-0.00040602378922473535,36.39674592427506]]],[[[0.01827725014966516,36.40395253755207],[0.012489866244574661,36.4046640061284],[0.014926008979923074,36.3991808310835],[0.01827725014966516,36.40395253755207]]]]},"properties":{"speed":0.1007,"dir_deg":66.0,"type":"ضعيف"}},{"type":"Feature","geometry":{"type":"MultiPolygon","coordinates":[[[[0.04123091957318695,36.39673213031404],[0.054731947770138636,36.40326835534269],[0.05560344444062494,36.40146821824976],[0.04210241624367325,36.394931993221114],[0.04123091957318695,36.39673213031404]]],[[[0.05966803883769903,36.40454702847244],[0.05386045109965233,36.40506849243562],[0.056474941111111246,36.39966808115683],[0.05966803883769903,36.40454702847244]]]]},"properties":{"speed":0.1179,"dir_deg":64.2,"type":"ضعيف"}},{"type":"Feature","geometry":{"type":"MultiPolygon","coordinates":[[[[0.08301744347580207,36.39678085680807],[0.09724936908317101,36.40151924192394],[0.09788115376528726,36.399621651842956],[0.08364922815791832,36.394883266727085],[0.08301744347580207,36.39678085680807]]],[[[0.10230923662668545,36.40214990858874],[0.09661758440105477,36.40341683200492],[0.09851293844740351,36.39772406176198],[0.10230923662668545,36.40214990858874]]]]},"properties":{"speed":0.1193,"dir_deg":71.6,"type":"ضعيف"}},{"type":"Feature","geometry":{"type":"MultiPolygon","coordinates":[[[[0.12461379972307204,36.39675447672089],[0.13845002402281048,36.402547480874816],[0.1392224245766664,36.400702650968185],[0.12538620027692796,36.39490964681426],[0.12461379972307204,36.39675447672089]]],[[[0.14344829906631792,36.403556067306134],[0.13767762346895457,36.404392310781446],[0.1399948251305223,36.398857821061554],[0.14344829906631792,36.403556067306134]]]]},"properties":{"speed":0.1469,"dir_deg":67.3,"type":"ضعيف"}},{"type":"Feature","geometry":{"type":"MultiPolygon","coordinates":[[[[0.1664017355132735,36.39679632773301],[0.18086572499469164,36.40077036953971],[0.18139559723558543,36.39884183760885],[0.1669316077541673,36.39486779580215],[0.1664017355132735,36.39679632773301]]],[[[0.1859519909422779,36.401130784176516],[0.18033585275379788,36.402698901470565],[0.1819254694764792,36.39691330567799],[0.1859519909422779,36.401130784176516]]]]},"properties":{"speed":0.1763,"dir_deg":74.6,"type":"ضعيف"}},{"type":"Feature","geometry":{"type":"MultiPolygon","coordinates":[[[[0.20796904226708865,36.39676334885432],[0.22193834856824962,36.40222764034218],[0.22266692076663153,36.400365066168696],[0.20869761446547055,36.394900774680835],[0.20796904226708865,36.39676334885432]]],[[[0.2269590701011609,36.4031177837514],[0.22120977636986774,36.40409021451567],[0.2233954929650134,36.39850249199521],[0.2269590701011609,36.4031177837514]]]]},"properties":{"speed":0.2185,"dir_deg":68.6,"type":"متوسط"}},{"type":"Feature","geometry":{"type":"MultiPolygon","coordinates":[[[[0.2496220644541907,36.3967578936763],[0.2635095430850692,36.40242692686344],[0.26426541417668786,36.400575263045994],[0.25037793554580934,36.394906229858854],[0.2496220644541907,36.3967578936763]]],[[[0.26851663817450466,36.403390772683764],[0.26275367199345057,36.404278590680896],[0.2650212852683065,36.39872359922854],[0.26851663817450466,36.403390772683764]]]]},"properties":{"speed":0.2786,"dir_deg":67.8,"type":"متوسط"}},{"type":"Feature","geometry":{"type":"MultiPolygon","coordinates":[[[[0.2913544044558698,36.39678206098637],[0.30560439273772505,36.40146584513671],[0.30622889729110386,36.39956584669913],[0.2919789090092486,36.39488206254879],[0.2913544044558698,36.39678206098637]]],[[[0.3106666411083662,36.402077107301366],[0.30497988818434624,36.40336584357429],[0.3068534018444827,36.39766584826155],[0.3106666411083662,36.402077107301366]]]]},"properties":{"speed":0.3175,"dir_deg":71.8,"type":"متوسط"}},{"type":"Feature","geometry":{"type":"MultiPolygon","coordinates":[[[[0.3329459938293896,36.396753994743904],[0.34677498847431293,36.402564236314674],[0.3475496873504153,36.40072037036202],[0.333720692705492,36.39491012879125],[0.3329459938293896,36.396753994743904]]],[[[0.3517720027940052,36.4035790505286],[0.3460002895982105,36.40440810226733],[0.34832438622651773,36.398876504409365],[0.3517720027940052,36.4035790505286]]]]},"properties":{"speed":0.3701,"dir_deg":67.2,"type":"متوسط"}},{"type":"Feature","geometry":{"type":"MultiPolygon","coordinates":[[[[0.3745359559030089,36.39671787386732],[0.3878231373991254,36.403678535322186],[0.38875122559310754,36.40190691112271],[0.3754640440969911,36.39494624966784],[0.3745359559030089,36.39671787386732]]],[[[0.39271624199482197,36.4051129437074],[0.3868950492051432,36.40545015952167],[0.3896793137870897,36.40013528692322],[0.39271624199482197,36.4051129437074]]]]},"properties":{"speed":0.4506,"dir_deg":62.4,"type":"قوي"}},{"type":"Feature","geometry":{"type":"MultiPolygon","coordinates":[[[[0.41614399359769266,36.39668460106137],[0.4289320830045032,36.40452454808437],[0.4299774092742363,36.40281946949679],[0.41718931986742575,36.39497952247379],[0.41614399359769266,36.39668460106137]]],[[[0.4337174426083066,36.40628532446491],[0.42788675673477006,36.406229626671944],[0.4310227355439694,36.401114390909214],[0.4337174426083066,36.40628532446491]]]]},"properties":{"speed":0.5382,"dir_deg":58.5,"type":"قوي"}},{"type":"Feature","geometry":{"type":"MultiPolygon","coordinates":[[[[0.45777176206220666,36.39665948339524],[0.4701830864771814,36.40508320147375],[0.47130624888764966,36.40342835821843],[0.45889492447267494,36.395004640139916],[0.45777176206220666,36.39665948339524]]],[[[0.4748817758207404,36.40706368587226],[0.4690599240667131,36.40673804472908],[0.47242941129811794,36.4017735149631],[0.4748817758207404,36.40706368587226]]]]},"properties":{"speed":0.6209,"dir_deg":55.8,"type":"قوي"}},{"type":"Feature","geometry":{"type":"MultiPolygon","coordinates":[[[[0.49943630790052806,36.39665804676562],[0.5118260828711807,36.4051134282577],[0.5129534670701246,36.40346145826161],[0.5005636920994719,36.39500607676953],[0.49943630790052806,36.39665804676562]]],[[[0.5165196999608702,36.407105903757014],[0.5106986986722368,36.40676539825378],[0.5140808512690684,36.40180948826553],[0.5165196999608702,36.407105903757014]]]]},"properties":{"speed":0.6274,"dir_deg":55.7,"type":"قوي"}},{"type":"Feature","geometry":{"type":"MultiPolygon","coordinates":[[[[0.541097372205962,36.396654181707056],[0.5534291712981277,36.40519389664085],[0.554567799955967,36.403549656761896],[0.5422360008638012,36.3950099418281],[0.541097372205962,36.396654181707056]]],[[[0.5581090853244359,36.40721834834597],[0.5522905426402885,36.40683813651981],[0.5557064286138061,36.40190541688294],[0.5581090853244359,36.40721834834597]]]]},"properties":{"speed":0.5341,"dir_deg":55.3,"type":"قوي"}},{"type":"Feature","geometry":{"type":"MultiPolygon","coordinates":[[[[0.5827542386825596,36.396647336197574],[0.5949833551324916,36.40533345793596],[0.5961415046976092,36.40370290907597],[0.5839123882476772,36.39501678733758],[0.5827542386825596,36.396647336197574]]],[[[0.5996388020650277,36.40741355741876],[0.5938252055673738,36.40696400679595],[0.5972996542627269,36.402072360215975],[0.5996388020650277,36.40741355741876]]]]},"properties":{"speed":0.3747,"dir_deg":54.6,"type":"متوسط"}},{"type":"Feature","geometry":{"type":"MultiPolygon","coordinates":[[[[0.624386783675827,36.396621976788175],[0.6362355089848111,36.40582022165077],[0.6374619416331571,36.40424039160958],[0.625613216324173,36.39504214674698],[0.624386783675827,36.396621976788175]]],[[[0.6407983004119787,36.40809638825104],[0.6350090763364652,36.40740005169197],[0.6386883742815029,36.402660561568375],[0.6407983004119787,36.40809638825104]]]]},"properties":{"speed":0.2197,"dir_deg":52.2,"type":"متوسط"}},{"type":"Feature","geometry":{"type":"MultiPolygon","coordinates":[[[[0.6658241205383586,36.3963706548807],[0.6739030172352,36.409009144828545],[0.675588149228246,36.407931958602305],[0.6675092525314046,36.39529346865446],[0.6658241205383586,36.3963706548807]]],[[[0.6774385487973368,36.41268338169804],[0.6722178852421541,36.41008633105479],[0.6772732812212918,36.40685477237606],[0.6774385487973368,36.41268338169804]]]]},"properties":{"speed":0.1303,"dir_deg":32.6,"type":"ضعيف"}},{"type":"Feature","geometry":{"type":"MultiPolygon","coordinates":[[[[0.7073517814030189,36.395640764064844],[0.704482315862029,36.41036374499634],[0.706445379986228,36.41074634040181],[0.7093148455272179,36.39602335947031],[0.7073517814030189,36.395640764064844]]],[[[0.7045073594104653,36.41546270300957],[0.7025192517378301,36.40998114959088],[0.7084084441104269,36.41112893580727],[0.7045073594104653,36.41546270300957]]]]},"properties":{"speed":0.092,"dir_deg":349.0,"type":"ضعيف"}},{"type":"Feature","geometry":{"type":"MultiPolygon","coordinates":[[[[0.7495156181682949,36.39495720507011],[0.7363927677061942,36.40222293254568],[0.7373615313696044,36.40397264594063],[0.7504843818317051,36.39670691846505],[0.7495156181682949,36.39495720507011]]],[[[0.7325028660505324,36.40551969840168],[0.7354240040427841,36.40047321915073],[0.7383302950330145,36.40572235933558],[0.7325028660505324,36.40551969840168]]]]},"properties":{"speed":0.0744,"dir_deg":299.0,"type":"ضعيف"}},{"type":"Feature","geometry":{"type":"MultiPolygon","coordinates":[[[[0.7914002784889768,36.39486820142859],[0.7769423734041327,36.39886432211716],[0.7774751894959424,36.400792042795146],[0.7919330945807864,36.39679592210657],[0.7914002784889768,36.39486820142859]]],[[[0.7723894797550895,36.401160222685675],[0.776409557312323,36.39693660143919],[0.7780080055877522,36.40271976347312],[0.7723894797550895,36.401160222685675]]]]},"properties":{"speed":0.0589,"dir_deg":285.5,"type":"ضعيف"}},{"type":"Feature","geometry":{"type":"MultiPolygon","coordinates":[[[[0.8342623440774378,36.39546205890087],[0.8287123010767912,36.381526599716075],[0.8268542398521523,36.382266605449495],[0.832404282852799,36.39620206463429],[0.8342623440774378,36.39546205890087]]],[[[0.8259332561309229,36.37725144952119],[0.8305703623014299,36.380786593982656],[0.8249961786275136,36.383006611182914],[0.8259332561309229,36.37725144952119]]]]},"properties":{"speed":0.0493,"dir_deg":201.7,"type":"ضعيف"}},{"type":"Feature","geometry":{"type":"MultiPolygon","coordinates":[[[[0.8759961773661125,36.3959194153894],[0.877306481693434,36.380976754897716],[0.875314126961209,36.38080204765407],[0.8740038226338875,36.395744708145756],[0.8759961773661125,36.3959194153894]]],[[[0.8767470724364287,36.37590851444533],[0.8792988364256588,36.38115146214136],[0.8733217722289842,36.38062734041043],[0.8767470724364287,36.37590851444533]]]]},"properties":{"speed":0.0519,"dir_deg":175.0,"type":"ضعيف"}},{"type":"Feature","geometry":{"type":"MultiPolygon","coordinates":[[[[-0.41686377438140393,36.43848037984094],[-0.40215807676736226,36.44143714457361],[-0.4017638414696728,36.439476384891734],[-0.4164695390837145,36.43651962015906],[-0.41686377438140393,36.43848037984094]]],[[[-0.39705905991383694,36.44144235297689],[-0.40255231206505176,36.443397904255484],[-0.4013696061719833,36.43751562520986],[-0.39705905991383694,36.44144235297689]]]]},"properties":{"speed":0.1308,"dir_deg":78.6,"type":"ضعيف"}},{"type":"Feature","geometry":{"type":"MultiPolygon","coordinates":[[[[-0.37521583905518857,36.438476428954026],[-0.36056940474483695,36.44171401478185],[-0.3601377266344598,36.4397611568738],[-0.37478416094481143,36.436523571045974],[-0.37521583905518857,36.438476428954026]]],[[[-0.3554714209195312,36.441816781103775],[-0.3610010828552141,36.443666872689896],[-0.35970604852408267,36.437808298965756],[-0.3554714209195312,36.441816781103775]]]]},"properties":{"speed":0.1233,"dir_deg":77.5,"type":"ضعيف"}},{"type":"Feature","geometry":{"type":"MultiPolygon","coordinates":[[[[-0.3335633431745476,36.43847319065076],[-0.3189654834131154,36.441923189257366],[-0.3185054835989018,36.439976807955844],[-0.333103343360334,36.43652680934924],[-0.3335633431745476,36.43847319065076]]],[[[-0.3138695302521979,36.44209999814213],[-0.3194254832273291,36.44386957055889],[-0.3180454837846881,36.43803042665432],[-0.3138695302521979,36.44209999814213]]]]},"properties":{"speed":0.1233,"dir_deg":76.7,"type":"ضعيف"}},{"type":"Feature","geometry":{"type":"MultiPolygon","coordinates":[[[[-0.2918993512540467,36.43847254987516],[-0.27731110312667767,36.44196296769747],[-0.2768457140837027,36.440017867947155],[-0.2914339622110717,36.43652745012484],[-0.2918993512540467,36.43847254987516]]],[[[-0.2722156592294005,36.44215389042975],[-0.2777764921696526,36.443908067447786],[-0.27638032504072774,36.43807276819684],[-0.2722156592294005,36.44215389042975]]]]},"properties":{"speed":0.1275,"dir_deg":76.5,"type":"ضعيف"}},{"type":"Feature","geometry":{"type":"MultiPolygon","coordinates":[[[[-0.2502182276574339,36.438475897888885],[-0.23557975932415343,36.441749312750396],[-0.23514330400928563,36.439797516972625],[-0.2497817723425661,36.436524102111115],[-0.2502182276574339,36.438475897888885]]],[[[-0.23048204222229268,36.441864553148676],[-0.23601621463902123,36.44370110852817],[-0.23470684869441782,36.437845721194854],[-0.23048204222229268,36.441864553148676]]]]},"properties":{"speed":0.1285,"dir_deg":77.4,"type":"ضعيف"}},{"type":"Feature","geometry":{"type":"MultiPolygon","coordinates":[[[[-0.20852981408734403,36.43848050668606],[-0.1938222137963719,36.441427792502026],[-0.19342924235424305,36.4394667791299],[-0.20813684264521518,36.43651949331394],[-0.20852981408734403,36.43848050668606]]],[[[-0.18872319464498344,36.44142971442129],[-0.19421518523850076,36.44338880587416],[-0.1930362709121142,36.43750576575777],[-0.18872319464498344,36.44142971442129]]]]},"properties":{"speed":0.1244,"dir_deg":78.7,"type":"ضعيف"}},{"type":"Feature","geometry":{"type":"MultiPolygon","coordinates":[[[[-0.16684632099841865,36.43848373070795],[-0.15209036037917087,36.441178471178425],[-0.15173106164977437,36.43921100976252],[-0.16648702226902215,36.43651626929205],[-0.16684632099841865,36.43848373070795]]],[[[-0.14699205747472338,36.44109298729396],[-0.15244965910856736,36.44314593259433],[-0.15137176292037788,36.43724354834662],[-0.14699205747472338,36.44109298729396]]]]},"properties":{"speed":0.1182,"dir_deg":79.7,"type":"ضعيف"}},{"type":"Feature","geometry":{"type":"MultiPolygon","coordinates":[[[[-0.12508720233146137,36.43849619062101],[-0.11014434301631576,36.43980422559293],[-0.10996993835339305,36.43781184435091],[-0.12491279766853865,36.43650380937899],[-0.12508720233146137,36.43849619062101]]],[[[-0.10507618757980587,36.43924404662923],[-0.11031874767923847,36.44179660683495],[-0.10979553369047035,36.43581946310889],[-0.10507618757980587,36.43924404662923]]]]},"properties":{"speed":0.1093,"dir_deg":85.0,"type":"ضعيف"}},{"type":"Feature","geometry":{"type":"MultiPolygon","coordinates":[[[[-0.08322860900878083,36.438494501028494],[-0.06831109358141696,36.436923598907306],[-0.06852054719757569,36.43493459685032],[-0.08343806262493957,36.436505498971506],[-0.08322860900878083,36.438494501028494]]],[[[-0.06344331524704169,36.435405463838414],[-0.06810163996525823,36.43891260096429],[-0.06873000081373443,36.43294559479334],[-0.06344331524704169,36.435405463838414]]]]},"properties":{"speed":0.0986,"dir_deg":96.0,"type":"ضعيف"}},{"type":"Feature","geometry":{"type":"MultiPolygon","coordinates":[[[[-0.04139968798728961,36.43846370209178],[-0.026944156610537708,36.434459003274675],[-0.027478116452818696,36.432531599091114],[-0.04193364782957059,36.43653629790822],[-0.04139968798728961,36.43846370209178]]],[[[-0.0223926260727609,36.43216040157719],[-0.026410196768256722,36.436386407458244],[-0.02801207629509968,36.430604194907545],[-0.0223926260727609,36.43216040157719]]]]},"properties":{"speed":0.0809,"dir_deg":105.5,"type":"ضعيف"}},{"type":"Feature","geometry":{"type":"MultiPolygon","coordinates":[[[[4.9138862345897824e-05,36.43849879195642],[0.01503101820863133,36.43776170902123],[0.014932740483939532,36.43576412510839],[-4.9138862345897824e-05,36.43650120804358],[4.9138862345897824e-05,36.43849879195642]]],[[[0.019975839128380576,36.43651722275308],[0.015129295933323125,36.43975929293407],[0.014834462759247737,36.43376654119555],[0.019975839128380576,36.43651722275308]]]]},"properties":{"speed":0.0585,"dir_deg":92.8,"type":"ضعيف"}},{"type":"Feature","geometry":{"type":"MultiPolygon","coordinates":[[[[0.04132230132437642,36.43843883526552],[0.05540483030720192,36.443604334026325],[0.05609356347530928,36.44172666349528],[0.04201103449248378,36.43656116473448],[0.04132230132437642,36.43843883526552]]],[[[0.0604433732188641,36.44438733168107],[0.05471609713909457,36.44548200455737],[0.05678229664341663,36.43984899296424],[0.0604433732188641,36.44438733168107]]]]},"properties":{"speed":0.064,"dir_deg":69.9,"type":"ضعيف"}},{"type":"Feature","geometry":{"type":"MultiPolygon","coordinates":[[[[0.08293985718297193,36.4384193337613],[0.09672986360253245,36.44432151326963],[0.09751682087030898,36.44248284574702],[0.08372681445074846,36.4365806662387],[0.08293985718297193,36.4384193337613]]],[[[0.10172001104294089,36.44536957267776],[0.09594290633475591,36.44616018079224],[0.09830377813808552,36.44064417822441],[0.10172001104294089,36.44536957267776]]]]},"properties":{"speed":0.0806,"dir_deg":66.8,"type":"ضعيف"}},{"type":"Feature","geometry":{"type":"MultiPolygon","coordinates":[[[[0.12453880191224656,36.43838729720154],[0.1378482599352777,36.445305268517835],[0.13877065611078457,36.44353067411476],[0.12546119808775344,36.43661270279846],[0.12453880191224656,36.43838729720154]]],[[[0.14274594403070817,36.44672396175507],[0.1369258637597708,36.4470798629209],[0.13969305228629145,36.441756079711695],[0.14274594403070817,36.44672396175507]]]]},"properties":{"speed":0.1175,"dir_deg":62.5,"type":"ضعيف"}},{"type":"Feature","geometry":{"type":"MultiPolygon","coordinates":[[[[0.1664109668577369,36.438466754915964],[0.1809122905971866,36.44230232655572],[0.1814237001491536,36.44036881672379],[0.1669223764097039,36.436533245084036],[0.1664109668577369,36.438466754915964]]],[[[0.18600176995298667,36.44261409551967],[0.18040088104521965,36.44423583638765],[0.18193510970112056,36.43843530689186],[0.18600176995298667,36.44261409551967]]]]},"properties":{"speed":0.1445,"dir_deg":75.2,"type":"ضعيف"}},{"type":"Feature","geometry":{"type":"MultiPolygon","coordinates":[[[[0.20811643542724292,36.43847619539694],[0.22275936638125987,36.441729589482485],[0.22319315225933323,36.43977719868861],[0.20855022130531628,36.43652380460306],[0.20811643542724292,36.43847619539694]]],[[[0.22785723630496885,36.44183785878074],[0.22232558050318652,36.44368198027635],[0.22362693813740658,36.43782480789474],[0.22785723630496885,36.44183785878074]]]]},"properties":{"speed":0.156,"dir_deg":77.5,"type":"ضعيف"}},{"type":"Feature","geometry":{"type":"MultiPolygon","coordinates":[[[[0.24974400180344486,36.43846667725915],[0.26424416069071627,36.44230665020748],[0.26475615708382655,36.44037329568918],[0.25025599819655514,36.43653332274085],[0.24974400180344486,36.43846667725915]]],[[[0.26933354518302854,36.4426199639311],[0.263732164297606,36.444240004725785],[0.26526815347693683,36.43843994117087],[0.26933354518302854,36.4426199639311]]]]},"properties":{"speed":0.165,"dir_deg":75.2,"type":"ضعيف"}},{"type":"Feature","geometry":{"type":"MultiPolygon","coordinates":[[[[0.2914410442338169,36.4384742171218],[0.3060543010608397,36.44185840460293],[0.3065055260583243,36.43990997035933],[0.2918922692313015,36.4365257828782],[0.2914410442338169,36.4384742171218]]],[[[0.3111509991685896,36.442012249974844],[0.305603076063355,36.443806838846534],[0.306956751055809,36.43796153611573],[0.3111509991685896,36.442012249974844]]]]},"properties":{"speed":0.1593,"dir_deg":77.0,"type":"ضعيف"}},{"type":"Feature","geometry":{"type":"MultiPolygon","coordinates":[[[[0.33286787773432264,36.43838506600741],[0.34614386784552664,36.44536704900418],[0.34707479891176296,36.44359691698936],[0.33379880880055895,36.43661493399259],[0.33286787773432264,36.43838506600741]]],[[[0.35103466341571277,36.44680931066236],[0.3452129367792904,36.44713718101901],[0.3480057299779992,36.44182678497453],[0.35103466341571277,36.44680931066236]]]]},"properties":{"speed":0.1795,"dir_deg":62.3,"type":"ضعيف"}},{"type":"Feature","geometry":{"type":"MultiPolygon","coordinates":[[[[0.37443253356869394,36.43832339653226],[0.38678348155262093,36.446835393001855],[0.38791841441523306,36.44518859993733],[0.37556746643130606,36.43667660346774],[0.37443253356869394,36.43832339653226]]],[[[0.391467930645236,36.448849328626125],[0.3856485486900088,36.44848218606638],[0.3890533472778452,36.44354180687281],[0.391467930645236,36.448849328626125]]]]},"properties":{"speed":0.2499,"dir_deg":55.4,"type":"متوسط"}},{"type":"Feature","geometry":{"type":"MultiPolygon","coordinates":[[[[0.4160842972030977,36.43831293134916],[0.42827826744048164,36.44704832429108],[0.42944298649940466,36.44542246159276],[0.4172490162620207,36.43668706865084],[0.4160842972030977,36.43831293134916]]],[[[0.4329252837157378,36.44914719058923],[0.42711354838155857,36.4486741869894],[0.4306077055583277,36.443796598894444],[0.4329252837157378,36.44914719058923]]]]},"properties":{"speed":0.353,"dir_deg":54.4,"type":"متوسط"}},{"type":"Feature","geometry":{"type":"MultiPolygon","coordinates":[[[[0.45775096831979323,36.438312920303815],[0.46994477287699815,36.44704854451853],[0.4711095227722933,36.4454227039109],[0.45891571821508836,36.436687079696185],[0.45775096831979323,36.438312920303815]]],[[[0.47459174934371406,36.449147498952954],[0.468780022981703,36.448674385126154],[0.4722742726675884,36.44379686330328],[0.47459174934371406,36.449147498952954]]]]},"properties":{"speed":0.46,"dir_deg":54.4,"type":"قوي"}},{"type":"Feature","geometry":{"type":"MultiPolygon","coordinates":[[[[0.4993875369834612,36.43829049924312],[0.5112450256302511,36.4474774444912],[0.5124699516633285,36.445896446004966],[0.5006124630165387,36.43670950075688],[0.4993875369834612,36.43829049924312]]],[[[0.5158099848623865,36.449749260330776],[0.5100200995971735,36.44905844297744],[0.5136948776964061,36.444315447518726],[0.5158099848623865,36.449749260330776]]]]},"properties":{"speed":0.5494,"dir_deg":52.2,"type":"قوي"}},{"type":"Feature","geometry":{"type":"MultiPolygon","coordinates":[[[[0.5410421758574934,36.43828101626989],[0.5527574199057972,36.44764867643072],[0.5540064412605736,36.446086643890936],[0.5422911972122698,36.43671898373011],[0.5410421758574934,36.43828101626989]]],[[[0.5572870119326201,36.449990213547764],[0.5515083985510207,36.44921070897049],[0.5552554626153501,36.44452461135116],[0.5572870119326201,36.449990213547764]]]]},"properties":{"speed":0.5966,"dir_deg":51.4,"type":"قوي"}},{"type":"Feature","geometry":{"type":"MultiPolygon","coordinates":[[[[0.5827120585539868,36.43828360853453],[0.5944661865719999,36.447602432201506],[0.5957086963942632,36.44603521513244],[0.58395456837625,36.43671639146547],[0.5827120585539868,36.43828360853453]]],[[[0.5990054841558026,36.449925098222636],[0.5932236767497366,36.44916964927057],[0.5969512062165264,36.444467998063374],[0.5990054841558026,36.449925098222636]]]]},"properties":{"speed":0.5479,"dir_deg":51.6,"type":"قوي"}},{"type":"Feature","geometry":{"type":"MultiPolygon","coordinates":[[[[0.6243841505483959,36.43828786385433],[0.6362021083633383,36.44752560562839],[0.6374338072665465,36.44594987791974],[0.6256158494516041,36.43671213614567],[0.6243841505483959,36.43828786385433]]],[[[0.6407572770865898,36.44981698903208],[0.6349704094601302,36.449101333337055],[0.6386655061697547,36.444374150211075],[0.6407572770865898,36.44981698903208]]]]},"properties":{"speed":0.4202,"dir_deg":52.0,"type":"قوي"}},{"type":"Feature","geometry":{"type":"MultiPolygon","coordinates":[[[[0.6659915684054593,36.4382377096389],[0.6770572129889527,36.448364481580235],[0.6784074492477974,36.44688906230244],[0.6673418046643039,36.4367622903611],[0.6659915684054593,36.4382377096389]]],[[[0.6814208793128729,36.45100236258845],[0.6757069767301082,36.44983990085804],[0.679757685506642,36.44541364302464],[0.6814208793128729,36.45100236258845]]]]},"properties":{"speed":0.3078,"dir_deg":47.5,"type":"متوسط"}},{"type":"Feature","geometry":{"type":"MultiPolygon","coordinates":[[[[0.7074715104706152,36.43800724313565],[0.7150801575053835,36.4509342880532],[0.7168037634943899,36.449919801781896],[0.7091951164596216,36.43699275686435],[0.7074715104706152,36.43800724313565]]],[[[0.7184781761781428,36.45473605989007],[0.713356551516377,36.4519487743245],[0.7185273694833963,36.44890531551059],[0.7184781761781428,36.45473605989007]]]]},"properties":{"speed":0.2143,"dir_deg":30.5,"type":"متوسط"}},{"type":"Feature","geometry":{"type":"MultiPolygon","coordinates":[[[[0.7490027287598313,36.437573824613324],[0.7501100979596848,36.45253289321585],[0.7521046404400221,36.452385243989205],[0.7509972712401687,36.437426175386676],[0.7490027287598313,36.437573824613324]]],[[[0.7514764922664713,36.457445424803375],[0.7481155554793473,36.4526805424425],[0.7540991829203596,36.45223759476256],[0.7514764922664713,36.457445424803375]]]]},"properties":{"speed":0.1419,"dir_deg":4.2,"type":"ضعيف"}},{"type":"Feature","geometry":{"type":"MultiPolygon","coordinates":[[[[0.7906714410776536,36.437402601438066],[0.7892104626486253,36.45233128329649],[0.7912009535630812,36.452526080420355],[0.7926619319921095,36.437597398561934],[0.7906714410776536,36.437402601438066]]],[[[0.7897187152961771,36.45740490914456],[0.7872199717341692,36.45213648617261],[0.7931914444775372,36.45272087754423],[0.7897187152961771,36.45740490914456]]]]},"properties":{"speed":0.0637,"dir_deg":354.4,"type":"ضعيف"}},{"type":"Feature","geometry":{"type":"MultiPolygon","coordinates":[[[[0.8342732456082166,36.43784136134282],[0.8393936657504945,36.42374237919635],[0.8375138014642981,36.42305965651071],[0.8323933813220202,36.43715863865718],[0.8342732456082166,36.43784136134282]]],[[[0.8401605403214889,36.41870135713803],[0.8412735300366908,36.42442510188199],[0.8356339371781017,36.42237693382507],[0.8401605403214889,36.41870135713803]]]]},"properties":{"speed":0.0213,"dir_deg":160.0,"type":"ضعيف"}},{"type":"Feature","geometry":{"type":"MultiPolygon","coordinates":[[[[0.8757390491698852,36.436826348514074],[0.8656342768809762,36.425740610965796],[0.8641561785412057,36.42708791393765],[0.8742609508301148,36.438173651485926],[0.8757390491698852,36.436826348514074]]],[[[0.8615269702814545,36.422719016602294],[0.8671123752207465,36.42439330799394],[0.8626780802014354,36.428435216909506],[0.8615269702814545,36.422719016602294]]]]},"properties":{"speed":0.0341,"dir_deg":222.3,"type":"ضعيف"}},{"type":"Feature","geometry":{"type":"MultiPolygon","coordinates":[[[[0.9170852957239819,36.43659183352473],[0.903462798594961,36.43031269568822],[0.9026255802167604,36.43212902863876],[0.9162480773457813,36.43840816647527],[0.9170852957239819,36.43659183352473]]],[[[0.8985033570295206,36.42912781621799],[0.9043000169731615,36.42849636273769],[0.9017883618385599,36.433945361589295],[0.8985033570295206,36.42912781621799]]]]},"properties":{"speed":0.0563,"dir_deg":245.3,"type":"ضعيف"}},{"type":"Feature","geometry":{"type":"MultiPolygon","coordinates":[[[[-0.41686878194588867,36.48014729792025],[-0.4021783866285149,36.48317917612019],[-0.401774136201856,36.48122045674454],[-0.41646453151922974,36.4781885785446],[-0.41686878194588867,36.48014729792025]]],[[[-0.39707946297606084,36.48321044249901],[-0.40258263705517383,36.48513789549584],[-0.40136988577519706,36.47926173736889],[-0.39707946297606084,36.48321044249901]]]]},"properties":{"speed":0.1126,"dir_deg":78.3,"type":"ضعيف"}},{"type":"Feature","geometry":{"type":"MultiPolygon","coordinates":[[[[-0.3752631459543393,36.48013269426724],[-0.3607918054320917,36.48407988358233],[-0.36026551352341313,36.482150371512695],[-0.3747368540456607,36.4782031821976],[-0.3752631459543393,36.48013269426724]]],[[[-0.3557048793036699,36.48443085731921],[-0.36131809734077025,36.48600939565196],[-0.3597392216147346,36.480220859443065],[-0.3557048793036699,36.48443085731921]]]]},"properties":{"speed":0.1069,"dir_deg":74.7,"type":"ضعيف"}},{"type":"Feature","geometry":{"type":"MultiPolygon","coordinates":[[[[-0.33363741066034963,36.48012058875626],[-0.3193476528027734,36.48468159964989],[-0.3187395180169557,36.48277629860222],[-0.33302927587453196,36.478215287708586],[-0.33363741066034963,36.48012058875626]]],[[[-0.3142803327906724,36.4852492860906],[-0.3199557875885911,36.48658690069757],[-0.318131383231138,36.48087099755454],[-0.3142803327906724,36.4852492860906]]]]},"properties":{"speed":0.1077,"dir_deg":72.3,"type":"ضعيف"}},{"type":"Feature","geometry":{"type":"MultiPolygon","coordinates":[[[[-0.29197113141248576,36.48012045866227],[-0.2776833249647202,36.48468757886117],[-0.2770743756048671,36.48278253800147],[-0.29136218205263265,36.47821541780257],[-0.29197113141248576,36.48012045866227]]],[[[-0.2726162481355384,36.48525743183095],[-0.2782922743245734,36.486592619720874],[-0.2764654262450139,36.48087749714177],[-0.2726162481355384,36.48525743183095]]]]},"properties":{"speed":0.1135,"dir_deg":72.3,"type":"ضعيف"}},{"type":"Feature","geometry":{"type":"MultiPolygon","coordinates":[[[[-0.250264802739653,36.48013224083486],[-0.2358002637030552,36.48410428192966],[-0.23527065822374923,36.48217567672478],[-0.249735197260347,36.47820363562998],[-0.250264802739653,36.48013224083486]]],[[[-0.23071394795120298,36.48446399302548],[-0.2363298691823612,36.48603288713454],[-0.23474105274444323,36.4802470715199],[-0.23071394795120298,36.48446399302548]]]]},"properties":{"speed":0.1178,"dir_deg":74.6,"type":"ضعيف"}},{"type":"Feature","geometry":{"type":"MultiPolygon","coordinates":[[[[-0.2085527192051448,36.480143575285744],[-0.1939181634052595,36.48343443786872],[-0.19347938172752913,36.48148316376208],[-0.20811393752741442,36.4781923011791],[-0.2085527192051448,36.480143575285744]]],[[[-0.1888205872997659,36.483555755009725],[-0.1943569450829899,36.485385711975376],[-0.19304060004979873,36.479531889655426],[-0.1888205872997659,36.483555755009725]]]]},"properties":{"speed":0.1137,"dir_deg":77.3,"type":"ضعيف"}},{"type":"Feature","geometry":{"type":"MultiPolygon","coordinates":[[[[-0.16686950801966574,36.48014715087559],[-0.15218131837217203,36.483189696664766],[-0.15177564560028134,36.481231271378434],[-0.16646383524777505,36.478188725589256],[-0.16686950801966574,36.48014715087559]]],[[[-0.14708241877039543,36.483224665951326],[-0.15258699114406274,36.4851481219511],[-0.15136997282839063,36.4792728460921],[-0.14708241877039543,36.483224665951326]]]]},"properties":{"speed":0.1021,"dir_deg":78.3,"type":"ضعيف"}},{"type":"Feature","geometry":{"type":"MultiPolygon","coordinates":[[[[-0.125156530048974,36.48015561142927],[-0.1103414320962825,36.48250356216388],[-0.11002837199833448,36.480528215770185],[-0.12484346995102599,36.478180265035576],[-0.125156530048974,36.48015561142927]]],[[[-0.10524653606307799,36.482298539211904],[-0.11065449219423051,36.48447890855757],[-0.10971531190038647,36.47855286937649],[-0.10524653606307799,36.482298539211904]]]]},"properties":{"speed":0.0886,"dir_deg":81.0,"type":"ضعيف"}},{"type":"Feature","geometry":{"type":"MultiPolygon","coordinates":[[[[-0.08333925806667183,36.48016792069575],[-0.06833952111679958,36.48025675444293],[-0.06832767661717631,36.47825678951627],[-0.08332741356704856,36.478167955769095],[-0.08333925806667183,36.48016792069575]]],[[[-0.06333368655036387,36.479286383228654],[-0.06835136561642284,36.48225671936957],[-0.06831583211755306,36.476256824589626],[-0.06333368655036387,36.479286383228654]]]]},"properties":{"speed":0.075,"dir_deg":89.7,"type":"ضعيف"}},{"type":"Feature","geometry":{"type":"MultiPolygon","coordinates":[[[[-0.041460262311778136,36.48014640475186],[-0.026783264520134298,36.477050320802086],[-0.027196075713438225,36.4750933877632],[-0.04187307350508206,36.47818947171298],[-0.041460262311778136,36.48014640475186]]],[[[-0.022097337519571648,36.47503982629938],[-0.026370453326830374,36.479007253840976],[-0.02760888690674215,36.47313645472431],[-0.022097337519571648,36.47503982629938]]]]},"properties":{"speed":0.0598,"dir_deg":101.9,"type":"ضعيف"}},{"type":"Feature","geometry":{"type":"MultiPolygon","coordinates":[[[[0.00021247046218499641,36.480145105722],[0.014869982805937298,36.47695804878923],[0.014445041881567306,36.47500371381007],[-0.00021247046218499641,36.47819077074284],[0.00021247046218499641,36.480145105722]]],[[[0.019543349791669738,36.474918528988724],[0.01529492373030729,36.478912383768396],[0.014020100957197313,36.4730493788309],[0.019543349791669738,36.474918528988724]]]]},"properties":{"speed":0.0436,"dir_deg":102.3,"type":"ضعيف"}},{"type":"Feature","geometry":{"type":"MultiPolygon","coordinates":[[[[0.04142471994486885,36.48013822745885],[0.055979058341337685,36.48376744691227],[0.05646295426846019,36.48182686845941],[0.04190861587199135,36.47819764900599],[0.04142471994486885,36.48013822745885]]],[[[0.06107245243705522,36.48400689750365],[0.05549516241421519,36.485708025365135],[0.05694685019558268,36.47988629000654],[0.06107245243705522,36.48400689750365]]]]},"properties":{"speed":0.0428,"dir_deg":76.0,"type":"ضعيف"}},{"type":"Feature","geometry":{"type":"MultiPolygon","coordinates":[[[[0.08286729534397308,36.480052701634484],[0.09613874637492707,36.48704330872779],[0.09707082732070131,36.48527378192367],[0.08379937628974732,36.47828317483036],[0.08286729534397308,36.480052701634484]]],[[[0.1010286038581322,36.48848874769016],[0.09520666542915285,36.48881283553192],[0.09800290826647554,36.48350425511954],[0.1010286038581322,36.48848874769016]]]]},"properties":{"speed":0.0626,"dir_deg":62.2,"type":"ضعيف"}},{"type":"Feature","geometry":{"type":"MultiPolygon","coordinates":[[[[0.12451269092615092,36.480041167793615],[0.1376111343440719,36.48735080390135],[0.13858575249177008,36.48560434477896],[0.12548730907384908,36.47829470867123],[0.12451269092615092,36.480041167793615]]],[[[0.14246459122389465,36.488914119709406],[0.13663651619637374,36.489097263023744],[0.13956037063946825,36.48385788565657],[0.14246459122389465,36.488914119709406]]]]},"properties":{"speed":0.0959,"dir_deg":60.8,"type":"ضعيف"}},{"type":"Feature","geometry":{"type":"MultiPolygon","coordinates":[[[[0.16639536666676571,36.48013043166871],[0.18083276821114985,36.48420000617303],[0.18137537814505922,36.48227501930045],[0.16693797660067508,36.47820544479613],[0.16639536666676571,36.48013043166871]]],[[[0.18591654035956592,36.48459403757152],[0.18029015827724046,36.48612499304562],[0.1819179880789686,36.480350032427864],[0.18591654035956592,36.48459403757152]]]]},"properties":{"speed":0.1195,"dir_deg":74.3,"type":"ضعيف"}},{"type":"Feature","geometry":{"type":"MultiPolygon","coordinates":[[[[0.2082111948742451,36.48016045191501],[0.22309890011305808,36.48199245429553],[0.22334316709712707,36.48000742693035],[0.2084554618583141,36.47817542454983],[0.2082111948742451,36.48016045191501]]],[[[0.22818360201803023,36.48161060807311],[0.22285463312898912,36.4839774816607],[0.22358743408119602,36.47802239956518],[0.22818360201803023,36.48161060807311]]]]},"properties":{"speed":0.1255,"dir_deg":83.0,"type":"ضعيف"}},{"type":"Feature","geometry":{"type":"MultiPolygon","coordinates":[[[[0.24987259832253664,36.48015978943728],[0.2647503663954161,36.48207081459923],[0.2650051697503429,36.480087112189516],[0.2501274016774634,36.47817608702756],[0.24987259832253664,36.48015978943728]]],[[[0.26983702409717264,36.48171597178169],[0.2644955630404894,36.48405451700895],[0.2652599731052696,36.4781034097798],[0.26983702409717264,36.48171597178169]]]]},"properties":{"speed":0.1176,"dir_deg":82.7,"type":"ضعيف"}},{"type":"Feature","geometry":{"type":"MultiPolygon","coordinates":[[[[0.29141965685533916,36.48013695374347],[0.30595488952107214,36.483841951901766],[0.3064488892755122,36.481903920879674],[0.29191365660977925,36.478198922721376],[0.29141965685533916,36.48013695374347]]],[[[0.31104696695353656,36.48410793577682],[0.3054608897666321,36.485779982923866],[0.30694288902995226,36.479965889857574],[0.31104696695353656,36.48410793577682]]]]},"properties":{"speed":0.1087,"dir_deg":75.7,"type":"ضعيف"}},{"type":"Feature","geometry":{"type":"MultiPolygon","coordinates":[[[[0.33281754851368334,36.4800246504198],[0.34566823132430324,36.48776157172616],[0.34669982083181816,36.486048147351404],[0.33384913802119826,36.478311226045044],[0.33281754851368334,36.4800246504198]]],[[[0.350467587014934,36.489483833307574],[0.3446366418167883,36.48947499610091],[0.3477314103393331,36.484334722976655],[0.350467587014934,36.489483833307574]]]]},"properties":{"speed":0.1312,"dir_deg":58.9,"type":"ضعيف"}},{"type":"Feature","geometry":{"type":"MultiPolygon","coordinates":[[[[0.3744736913382031,36.480018231824374],[0.3872280952175087,36.487912861751326],[0.3882807125411026,36.48621227456742],[0.3755263086617969,36.47831764464047],[0.3744736913382031,36.480018231824374]]],[[[0.3920058718390742,36.48969411146836],[0.38617547789391493,36.48961344893524],[0.3893333298646964,36.48451168738351],[0.3920058718390742,36.48969411146836]]]]},"properties":{"speed":0.1724,"dir_deg":58.2,"type":"ضعيف"}},{"type":"Feature","geometry":{"type":"MultiPolygon","coordinates":[[[[0.41607950142361827,36.47997741253293],[0.4282216159312344,36.48878474216705],[0.4293959265491163,36.48716579356603],[0.41725381204150014,36.47835846393191],[0.41607950142361827,36.47997741253293]]],[[[0.4328561427427141,36.49091104441124],[0.4270473053133526,36.49040369076806],[0.4305702371669981,36.485546844965015],[0.4328561427427141,36.49091104441124]]]]},"properties":{"speed":0.2393,"dir_deg":54.0,"type":"متوسط"}},{"type":"Feature","geometry":{"type":"MultiPolygon","coordinates":[[[[0.4577269806580218,36.479963126503144],[0.46965480471889676,36.48905856564443],[0.47086752993773473,36.487468189102984],[0.4589397058768598,36.4783727499617],[0.4577269806580218,36.479963126503144]]],[[[0.4742371086819407,36.4912951904208],[0.46844207950005884,36.49064894218588],[0.47208025515657265,36.48587781256153],[0.4742371086819407,36.4912951904208]]]]},"properties":{"speed":0.3155,"dir_deg":52.7,"type":"متوسط"}},{"type":"Feature","geometry":{"type":"MultiPolygon","coordinates":[[[[0.4993731972944633,36.47994711624054],[0.5110608674162054,36.489349156823586],[0.5123144728272788,36.48779080080735],[0.5006268027055367,36.478388760224306],[0.4993731972944633,36.47994711624054]]],[[[0.5155835601623229,36.491703992343155],[0.5098072620051319,36.49090751283982],[0.5135680782383523,36.48623244479112],[0.5155835601623229,36.491703992343155]]]]},"properties":{"speed":0.3964,"dir_deg":51.2,"type":"متوسط"}},{"type":"Feature","geometry":{"type":"MultiPolygon","coordinates":[[[[0.5410193312856086,36.47993012664826],[0.55245215752319,36.48964045538736],[0.5537468680217359,36.48811607855568],[0.5423140417841545,36.47840574981658],[0.5410193312856086,36.47993012664826]]],[[[0.5569104548516568,36.49211504321788],[0.5511574470246442,36.491164832219035],[0.5550415785202817,36.486591701724],[0.5569104548516568,36.49211504321788]]]]},"properties":{"speed":0.4871,"dir_deg":49.7,"type":"قوي"}},{"type":"Feature","geometry":{"type":"MultiPolygon","coordinates":[[[[0.5826724795300541,36.47991847038381],[0.5939304618008777,36.489830979409774],[0.5952521296710064,36.488329915107],[0.5839941474001827,36.478417406081036],[0.5826724795300541,36.47991847038381]]],[[[0.5983439564928832,36.492384616933705],[0.5926087939307492,36.49133204371255],[0.5965737975411349,36.48682885080422],[0.5983439564928832,36.492384616933705]]]]},"properties":{"speed":0.5352,"dir_deg":48.6,"type":"قوي"}},{"type":"Feature","geometry":{"type":"MultiPolygon","coordinates":[[[[0.6243152412477325,36.47989670805287],[0.6352467885544248,36.49016808933688],[0.6366163060589598,36.48871054969599],[0.6256847587522675,36.478439168411974],[0.6243152412477325,36.47989670805287]]],[[[0.639575396408923,36.49286311327777],[0.63387727104989,36.49162562897777],[0.6379858235634946,36.4872530100551],[0.639575396408923,36.49286311327777]]]]},"properties":{"speed":0.5236,"dir_deg":46.8,"type":"قوي"}},{"type":"Feature","geometry":{"type":"MultiPolygon","coordinates":[[[[0.6659652646284242,36.47988068454714],[0.6766564593491693,36.490402013144],[0.6780593031620841,36.48897652051456],[0.667368108441339,36.4784551919177],[0.6659652646284242,36.47988068454714]]],[[[0.6809216128292085,36.49319637636157],[0.6752536155362546,36.49182750577343],[0.6794621469749987,36.48755102788513],[0.6809216128292085,36.49319637636157]]]]},"properties":{"speed":0.4795,"dir_deg":45.5,"type":"قوي"}},{"type":"Feature","geometry":{"type":"MultiPolygon","coordinates":[[[[0.7075716569970901,36.47981591926973],[0.7172913725567087,36.491240766290154],[0.7188146854927653,36.48994480421553],[0.7090949699331467,36.47851995719511],[0.7075716569970901,36.47981591926973]]],[[[0.7212929342112766,36.49440106759299],[0.715768059620652,36.49253672836477],[0.720337998428822,36.48864884214092],[0.7212929342112766,36.49440106759299]]]]},"properties":{"speed":0.3956,"dir_deg":40.4,"type":"متوسط"}},{"type":"Feature","geometry":{"type":"MultiPolygon","coordinates":[[[[0.749152569850881,36.479698845137975],[0.75711617343418,36.49241029737476],[0.7588110337324181,36.491348483563655],[0.750847430149119,36.47863703132687],[0.749152569850881,36.479698845137975]]],[[[0.7606181381110655,36.4961165412148],[0.7554213131359421,36.493472111185866],[0.760505894030656,36.49028666975255],[0.7606181381110655,36.4961165412148]]]]},"properties":{"speed":0.2922,"dir_deg":32.1,"type":"متوسط"}},{"type":"Feature","geometry":{"type":"MultiPolygon","coordinates":[[[[0.7907877421000289,36.47964486241973],[0.7979416049096807,36.49282902894252],[0.7996994937793861,36.4918751805679],[0.7925456309697343,36.47869101404511],[0.7907877421000289,36.47964486241973]]],[[[0.801205170281084,36.496746826929474],[0.7961837160399752,36.493782877317145],[0.8014573826490916,36.49092133219328],[0.801205170281084,36.496746826929474]]]]},"properties":{"speed":0.188,"dir_deg":28.5,"type":"ضعيف"}},{"type":"Feature","geometry":{"type":"MultiPolygon","coordinates":[[[[0.8324684381448054,36.47966992496563],[0.8399982391428746,36.49264305477032],[0.8417279897835006,36.49163908130391],[0.8341981887854314,36.47866595149922],[0.8324684381448054,36.47966992496563]]],[[[0.8433730481292107,36.49646544463868],[0.8382684885022486,36.49364702823673],[0.8434577404241267,36.4906351078375],[0.8433730481292107,36.49646544463868]]]]},"properties":{"speed":0.0849,"dir_deg":30.1,"type":"ضعيف"}},{"type":"Feature","geometry":{"type":"MultiPolygon","coordinates":[[[[0.8740026274973984,36.47924038194198],[0.8750892831407333,36.494200969481],[0.8770840281459364,36.49405608206189],[0.8759973725026016,36.479095494522866],[0.8740026274973984,36.47924038194198]]],[[[0.8764488741911132,36.49911538828445],[0.8730945381355301,36.49434585690011],[0.8790787731511397,36.49391119464278],[0.8764488741911132,36.49911538828445]]]]},"properties":{"speed":0.0376,"dir_deg":4.2,"type":"ضعيف"}},{"type":"Feature","geometry":{"type":"MultiPolygon","coordinates":[[[[0.9164540825635771,36.478190799781956],[0.9017970058065374,36.48137985935152],[0.9022222137491465,36.48333413625245],[0.9168792905061861,36.48014507668289],[0.9164540825635771,36.478190799781956]]],[[[0.8971239175254955,36.48342001765851],[0.9013717978639285,36.47942558245058],[0.9026474216917554,36.48528841315339],[0.8971239175254955,36.48342001765851]]]]},"properties":{"speed":0.0071,"dir_deg":282.3,"type":"ضعيف"}},{"type":"Feature","geometry":{"type":"MultiPolygon","coordinates":[[[[0.9593056017710404,36.478934153181214],[0.955798826002952,36.46434982859238],[0.953854249391108,36.4648173986948],[0.9573610251591964,36.47940172328363],[0.9593056017710404,36.478934153181214]]],[[[0.9536576124410006,36.459722172113985],[0.957743402614796,36.463882258489974],[0.951909672779264,36.46528496879721],[0.9536576124410006,36.459722172113985]]]]},"properties":{"speed":0.0076,"dir_deg":193.5,"type":"ضعيف"}},{"type":"Feature","geometry":{"type":"MultiPolygon","coordinates":[[[[1.000911128530182,36.478755815918674],[0.994729293823969,36.46508888796595],[0.9929070367636054,36.46591313259344],[0.9990888714698182,36.47958006054617],[1.000911128530182,36.478755815918674]]],[[[0.9917575537250496,36.46094536762878],[0.9965515508843328,36.46426464333845],[0.9910847797032416,36.46673737722094],[0.9917575537250496,36.46094536762878]]]]},"properties":{"speed":0.01,"dir_deg":204.3,"type":"ضعيف"}},{"type":"Feature","geometry":{"type":"MultiPolygon","coordinates":[[[[-0.416767011133751,36.52182701352227],[-0.4018427348133955,36.523332329540146],[-0.40164202601101195,36.52134242603076],[-0.41656630233136743,36.51983711001289],[-0.416767011133751,36.52182701352227]]],[[[-0.39676762163875184,36.522839149791416],[-0.40204344361577904,36.52532223304953],[-0.4014413172086284,36.51935252252138],[-0.39676762163875184,36.522839149791416]]]]},"properties":{"speed":0.1158,"dir_deg":84.2,"type":"ضعيف"}},{"type":"Feature","geometry":{"type":"MultiPolygon","coordinates":[[[[-0.37522710506911394,36.52180593202977],[-0.36061905113622755,36.52521250806648],[-0.36016484099799967,36.523264767542095],[-0.37477289493088606,36.519858191505385],[-0.37522710506911394,36.52180593202977]]],[[[-0.35552259475615144,36.525374163149856],[-0.3610732612744555,36.52716024859087],[-0.35971063085977173,36.52131702701771],[-0.35552259475615144,36.525374163149856]]]]},"properties":{"speed":0.1079,"dir_deg":76.9,"type":"ضعيف"}},{"type":"Feature","geometry":{"type":"MultiPolygon","coordinates":[[[[-0.33368036121017874,36.52176992025766],[-0.3196124838589564,36.52697518939873],[-0.3189184479734805,36.52509947241857],[-0.33298632532470285,36.519894203277495],[-0.33368036121017874,36.52176992025766]]],[[[-0.314576173465811,36.527772420622334],[-0.32030651974443225,36.52885090637889],[-0.31822441208800467,36.52322375543841],[-0.314576173465811,36.527772420622334]]]]},"properties":{"speed":0.1085,"dir_deg":69.7,"type":"ضعيف"}},{"type":"Feature","geometry":{"type":"MultiPolygon","coordinates":[[[[-0.2920820072249168,36.52174172322576],[-0.2784370853522154,36.52797198061112],[-0.27760638436750024,36.52615265769476],[-0.2912513062402016,36.5199224003094],[-0.2920820072249168,36.52174172322576]]],[[[-0.2734734275689573,36.52913907161473],[-0.2792677863369305,36.52979130352748],[-0.27677568338278513,36.5243333347784],[-0.2734734275689573,36.52913907161473]]]]},"properties":{"speed":0.1173,"dir_deg":65.5,"type":"ضعيف"}},{"type":"Feature","geometry":{"type":"MultiPolygon","coordinates":[[[[-0.25041469552082324,36.52174202200023],[-0.23676529203103452,36.52796245481258],[-0.23593590098938805,36.52614253434727],[-0.24958530447917676,36.519922101534924],[-0.25041469552082324,36.52174202200023]]],[[[-0.2318007953469484,36.52912597218404],[-0.23759468307268103,36.52978237527788],[-0.23510650994774154,36.52432261388197],[-0.2318007953469484,36.52912597218404]]]]},"properties":{"speed":0.129,"dir_deg":65.5,"type":"ضعيف"}},{"type":"Feature","geometry":{"type":"MultiPolygon","coordinates":[[[[-0.20872341974336553,36.5217528379171],[-0.19491177750057911,36.527604208573386],[-0.19413159474640726,36.525762656274345],[-0.20794323698919367,36.51991128561806],[-0.20872341974336553,36.5217528379171]]],[[[-0.18991780537589772,36.5286338893093],[-0.19569196025475094,36.52944576087242],[-0.19335141199223543,36.52392110397531],[-0.18991780537589772,36.5286338893093]]]]},"properties":{"speed":0.1342,"dir_deg":67.0,"type":"ضعيف"}},{"type":"Feature","geometry":{"type":"MultiPolygon","coordinates":[[[[-0.16706022255110212,36.521751364587885],[-0.1532706802464677,36.527654628348614],[-0.15248357841170426,36.525816022708],[-0.16627312071633868,36.51991275894727],[-0.16706022255110212,36.521751364587885]]],[[[-0.14828061522754118,36.528703080115214],[-0.15405778208123114,36.529493233989236],[-0.15169647657694083,36.52397741706738],[-0.14828061522754118,36.528703080115214]]]]},"properties":{"speed":0.1264,"dir_deg":66.8,"type":"ضعيف"}},{"type":"Feature","geometry":{"type":"MultiPolygon","coordinates":[[[[-0.12540520083871437,36.52174628946367],[-0.11169178539730582,36.52782430204439],[-0.11088138371987707,36.5259958466522],[-0.12459479916128563,36.519917834071485],[-0.12540520083871437,36.52174628946367]]],[[[-0.10671544607812192,36.52893607854187],[-0.11250218707473457,36.52965275743657],[-0.11007098204244832,36.524167391260015],[-0.10671544607812192,36.52893607854187]]]]},"properties":{"speed":0.1074,"dir_deg":66.1,"type":"ضعيف"}},{"type":"Feature","geometry":{"type":"MultiPolygon","coordinates":[[[[-0.0837185692131329,36.52175488094293],[-0.06987628158286223,36.52753338188702],[-0.06910581479031681,36.52568774353632],[-0.08294810242058749,36.51990924259223],[-0.0837185692131329,36.52175488094293]]],[[[-0.06487695230983262,36.52853672969303],[-0.07064674837540763,36.52937902023772],[-0.06833534799777141,36.523842105185615],[-0.06487695230983262,36.52853672969303]]]]},"properties":{"speed":0.0824,"dir_deg":67.3,"type":"ضعيف"}},{"type":"Feature","geometry":{"type":"MultiPolygon","coordinates":[[[[-0.04203272751334501,36.52176265317397],[-0.028073856417473914,36.527253547247696],[-0.027341737207644084,36.52539236443491],[-0.04130060830351519,36.519901470361184],[-0.04203272751334501,36.52176265317397]]],[[[-0.023054839780601966,36.528153253865874],[-0.028805975627303745,36.52911473006048],[-0.026609617997814253,36.523531181622126],[-0.023054839780601966,36.528153253865874]]]]},"properties":{"speed":0.0569,"dir_deg":68.5,"type":"ضعيف"}},{"type":"Feature","geometry":{"type":"MultiPolygon","coordinates":[[[[-0.00047970267039465367,36.521709492874855],[0.012681763938750909,36.52890503293077],[0.013641169279540215,36.52715017071622],[0.00047970267039465367,36.5199546306603],[-0.00047970267039465367,36.521709492874855]]],[[[0.017548622145527416,36.53042611517547],[0.0117223585979616,36.53065989514533],[0.014600574620329524,36.525395308501665],[0.017548622145527416,36.53042611517547]]]]},"properties":{"speed":0.0419,"dir_deg":61.3,"type":"ضعيف"}},{"type":"Feature","geometry":{"type":"MultiPolygon","coordinates":[[[[0.04102208976691881,36.52159660020316],[0.052490166300684954,36.53126527232583],[0.05377932258370753,36.52973619545467],[0.04231124604994139,36.520067523331996],[0.04102208976691881,36.52159660020316]]],[[[0.05695743662011829,36.533723624597805],[0.051201010017662384,36.532794349197005],[0.0550684788667301,36.528207118583495],[0.05695743662011829,36.533723624597805]]]]},"properties":{"speed":0.0497,"dir_deg":49.9,"type":"ضعيف"}},{"type":"Feature","geometry":{"type":"MultiPolygon","coordinates":[[[[0.0827350893662098,36.52163337393165],[0.09475477182723778,36.5306070706914],[0.09595126472853859,36.52900444636326],[0.0839315822675106,36.52003074960351],[0.0827350893662098,36.52163337393165]]],[[[0.09935957909823084,36.53279699078059],[0.09355827892593697,36.53220969501954],[0.09714775762983939,36.527401822035124],[0.09935957909823084,36.53279699078059]]]]},"properties":{"speed":0.0667,"dir_deg":53.3,"type":"ضعيف"}},{"type":"Feature","geometry":{"type":"MultiPolygon","coordinates":[[[[0.12456324808226849,36.5217316437607],[0.13805697797916933,36.52828292252668],[0.13893048181463236,36.52648375854043],[0.12543675191773151,36.519932479774454],[0.12456324808226849,36.5217316437607]]],[[[0.14299163986253446,36.52956710012221],[0.13718347414370632,36.530082086512934],[0.13980398565009536,36.524684594554174],[0.14299163986253446,36.52956710012221]]]]},"properties":{"speed":0.0836,"dir_deg":64.1,"type":"ضعيف"}},{"type":"Feature","geometry":{"type":"MultiPolygon","coordinates":[[[[0.16649830796751292,36.521817786716994],[0.18128418220875295,36.524343241710106],[0.1816209095411679,36.522371791811274],[0.16683503529992788,36.51984633681816],[0.16649830796751292,36.521817786716994]]],[[[0.18638117062204043,36.52419933509173],[0.180947454876338,36.52631469160894],[0.18195763687358285,36.52040034191244],[0.18638117062204043,36.52419933509173]]]]},"properties":{"speed":0.098,"dir_deg":80.3,"type":"ضعيف"}},{"type":"Feature","geometry":{"type":"MultiPolygon","coordinates":[[[[0.20836892434644858,36.52183142802986],[0.223359418280741,36.52129748832733],[0.22328822632040304,36.51929875580276],[0.20829773238611063,36.51983269550529],[0.20836892434644858,36.52183142802986]]],[[[0.2283206536120028,36.520120142164195],[0.22343061024107894,36.523296220851904],[0.2232170343600651,36.51730002327818],[0.2283206536120028,36.520120142164195]]]]},"properties":{"speed":0.1083,"dir_deg":92.0,"type":"ضعيف"}},{"type":"Feature","geometry":{"type":"MultiPolygon","coordinates":[[[[0.2500397477261011,36.521831271514465],[0.26502789392937465,36.521235055622945],[0.26494839847717244,36.51923663612917],[0.24996025227389887,36.51983285202069],[0.2500397477261011,36.521831271514465]]],[[[0.26998419493769804,36.52003710724556],[0.2651073893815769,36.52323347511671],[0.2648689030249702,36.517238216635405],[0.26998419493769804,36.52003710724556]]]]},"properties":{"speed":0.1142,"dir_deg":92.3,"type":"ضعيف"}},{"type":"Feature","geometry":{"type":"MultiPolygon","coordinates":[[[[0.29154724068118787,36.5218249060689],[0.3064399052010731,36.52361614683947],[0.3066787373038158,36.52163045823683],[0.29178607278393054,36.519839217466256],[0.29154724068118787,36.5218249060689]]],[[[0.3115235427590729,36.523220382795],[0.3062010730983305,36.525601835442124],[0.3069175694065584,36.519644769634176],[0.3115235427590729,36.523220382795]]]]},"properties":{"speed":0.1245,"dir_deg":83.1,"type":"ضعيف"}},{"type":"Feature","geometry":{"type":"MultiPolygon","coordinates":[[[[0.33303249612396635,36.521785734141226],[0.34733758172871676,36.52629844129334],[0.34793927601566565,36.52439109654605],[0.33363419041091524,36.51987838939393],[0.33303249612396635,36.521785734141226]]],[[[0.35240679074044134,36.526849004637064],[0.3467358874417679,36.528205786040644],[0.3485409703026145,36.522483751798745],[0.35240679074044134,36.526849004637064]]]]},"properties":{"speed":0.1522,"dir_deg":72.5,"type":"ضعيف"}},{"type":"Feature","geometry":{"type":"MultiPolygon","coordinates":[[[[0.37473361823515167,36.521795929370185],[0.38919163227426384,36.52579165584291],[0.3897243958039605,36.523863920637694],[0.37526638176484833,36.51986819416497],[0.37473361823515167,36.521795929370185]]],[[[0.3942773520521496,36.52615969706454],[0.3886588687445672,36.52771939104812],[0.3902571593336572,36.52193618543248],[0.3942773520521496,36.52615969706454]]]]},"properties":{"speed":0.1723,"dir_deg":74.6,"type":"ضعيف"}},{"type":"Feature","geometry":{"type":"MultiPolygon","coordinates":[[[[0.4162110342023463,36.52172223484623],[0.4295636303821736,36.528556572799424],[0.43047487544259944,36.52677622664212],[0.4171222792627721,36.519941888688926],[0.4162110342023463,36.52172223484623]]],[[[0.4344701183056623,36.529944512371834],[0.4286523853217478,36.530336918956735],[0.4313861205030252,36.52499588048481],[0.4344701183056623,36.529944512371834]]]]},"properties":{"speed":0.1966,"dir_deg":62.9,"type":"ضعيف"}},{"type":"Feature","geometry":{"type":"MultiPolygon","coordinates":[[[[0.4577964417646853,36.521675706702574],[0.47045111578957644,36.529729229243905],[0.4715249187950874,36.528041939373914],[0.4588702447701963,36.51998841683258],[0.4577964417646853,36.521675706702574]]],[[[0.4752062419672956,36.53157009182269],[0.46937731278406547,36.53141651911389],[0.47259872180059836,36.52635464950393],[0.4752062419672956,36.53157009182269]]]]},"properties":{"speed":0.2386,"dir_deg":57.5,"type":"متوسط"}},{"type":"Feature","geometry":{"type":"MultiPolygon","coordinates":[[[[0.4994861599459415,36.52168994777332],[0.5123544500320467,36.52939754858419],[0.5133821301401638,36.52768177657271],[0.5005138400540585,36.51997417576184],[0.4994861599459415,36.52168994777332]]],[[[0.5171577201148071,36.53110886284875],[0.5113267699239297,36.53111332059567],[0.5144098102482808,36.52596600456123],[0.5171577201148071,36.53110886284875]]]]},"properties":{"speed":0.2577,"dir_deg":59.1,"type":"متوسط"}},{"type":"Feature","geometry":{"type":"MultiPolygon","coordinates":[[[[0.5409979693885572,36.52157557866598],[0.5521507228646105,36.53160633586085],[0.5534881571572594,36.530119302064044],[0.542335403681206,36.520088544869175],[0.5409979693885572,36.52157557866598]]],[[[0.5565370245029527,36.53420640469407],[0.5508132885719615,36.53309336965766],[0.5548255914499084,36.52863226826724],[0.5565370245029527,36.53420640469407]]]]},"properties":{"speed":0.3227,"dir_deg":48.0,"type":"متوسط"}},{"type":"Feature","geometry":{"type":"MultiPolygon","coordinates":[[[[0.5826137115810135,36.521526448639854],[0.5930295146651903,36.532320476901425],[0.5944687184334001,36.530931703156874],[0.5840529153492233,36.5201376748953],[0.5826137115810135,36.521526448639854]]],[[[0.5972210509106873,36.53522409944968],[0.5915903108969804,36.533709250645984],[0.5959079222016099,36.529542929412315],[0.5972210509106873,36.53522409944968]]]]},"properties":{"speed":0.4072,"dir_deg":44.0,"type":"قوي"}},{"type":"Feature","geometry":{"type":"MultiPolygon","coordinates":[[[[0.6242542713452734,36.52149831155071],[0.6342480180922125,36.532684241371605],[0.6357394754016656,36.531351741805345],[0.6257457286547266,36.52016581198445],[0.6242542713452734,36.52149831155071]]],[[[0.6383249956625855,36.53574663486211],[0.6327565607827595,36.534016740937865],[0.6372309327111186,36.530019242239085],[0.6383249956625855,36.53574663486211]]]]},"properties":{"speed":0.4875,"dir_deg":41.8,"type":"قوي"}},{"type":"Feature","geometry":{"type":"MultiPolygon","coordinates":[[[[0.6659222125725308,36.52149971326303],[0.675936985004339,36.532666822698296],[0.6774259329290405,36.531331519707386],[0.6674111604972324,36.52016441027212],[0.6659222125725308,36.52149971326303]]],[[[0.6800197164439591,36.535721541014595],[0.6744480370796375,36.534002125689206],[0.678914880853742,36.52999621671648],[0.6800197164439591,36.535721541014595]]]]},"properties":{"speed":0.543,"dir_deg":41.9,"type":"قوي"}},{"type":"Feature","geometry":{"type":"MultiPolygon","coordinates":[[[[0.7076029714340452,36.521515143400805],[0.7178491959324041,36.532470273866906],[0.7193098799945506,36.53110411060045],[0.7090636554961917,36.52014898013435],[0.7076029714340452,36.521515143400805]]],[[[0.7219949461295971,36.53543890238904],[0.7163885118702578,36.53383643713335],[0.720770564056697,36.529737947334006],[0.7219949461295971,36.53543890238904]]]]},"properties":{"speed":0.5225,"dir_deg":43.1,"type":"قوي"}},{"type":"Feature","geometry":{"type":"MultiPolygon","coordinates":[[[[0.7492953168399339,36.52154158389121],[0.7599381486943722,36.5321118312922],[0.7613475150145044,36.53069278704494],[0.7507046831600661,36.52012253964395],[0.7492953168399339,36.52154158389121]]],[[[0.7641904424725844,36.5349257249689],[0.7585287823742402,36.533530875539455],[0.7627568813346364,36.529273742797685],[0.7641904424725844,36.5349257249689]]]]},"properties":{"speed":0.443,"dir_deg":45.2,"type":"قوي"}},{"type":"Feature","geometry":{"type":"MultiPolygon","coordinates":[[[[0.7909764759269629,36.52155567030589],[0.801830604001627,36.531908829424665],[0.8032110252174645,36.53046161234805],[0.7923568971428003,36.52010845322927],[0.7909764759269629,36.52155567030589]]],[[[0.8061388573011005,36.534636273925955],[0.8004501827857896,36.53335604650129],[0.8045914464333018,36.529014395271425],[0.8061388573011005,36.534636273925955]]]]},"properties":{"speed":0.351,"dir_deg":46.4,"type":"متوسط"}},{"type":"Feature","geometry":{"type":"MultiPolygon","coordinates":[[[[0.8325966590352949,36.52150833113035],[0.8427406994768457,36.5325581475777],[0.8442140083364927,36.53120560885216],[0.8340699678949419,36.52015579240481],[0.8325966590352949,36.52150833113035]]],[[[0.8468587007205194,36.53556515036405],[0.8412673906171987,36.533910686303244],[0.8456873171961398,36.52985307012662],[0.8468587007205194,36.53556515036405]]]]},"properties":{"speed":0.2503,"dir_deg":42.6,"type":"متوسط"}},{"type":"Feature","geometry":{"type":"MultiPolygon","coordinates":[[[[0.8742386173072542,36.52148036447094],[0.8839631578576906,36.53290110486213],[0.8854859232431823,36.531604499455405],[0.8757613826927458,36.52018375906422],[0.8742386173072542,36.52148036447094]]],[[[0.8879660540672486,36.53605971562249],[0.8824403924721989,36.534197710268856],[0.8870086886286741,36.530307894048676],[0.8879660540672486,36.53605971562249]]]]},"properties":{"speed":0.1425,"dir_deg":40.4,"type":"ضعيف"}},{"type":"Feature","geometry":{"type":"MultiPolygon","coordinates":[[[[0.9160690702832424,36.52163384404212],[0.9280958044014366,36.53059808781671],[0.929291036904715,36.52899452326763],[0.9172643027865208,36.520030279493035],[0.9160690702832424,36.52163384404212]]],[[[0.9327023320258072,36.532784386800365],[0.926900571898158,36.532201652365806],[0.9304862694079936,36.527390958718534],[0.9327023320258072,36.532784386800365]]]]},"properties":{"speed":0.0708,"dir_deg":53.3,"type":"ضعيف"}},{"type":"Feature","geometry":{"type":"MultiPolygon","coordinates":[[[[0.9584817579873718,36.52182098250445],[0.9733155690404328,36.51959431467065],[0.9730186799959261,36.5176164731969],[0.958184868942865,36.519843141030705],[0.9584817579873718,36.52182098250445]]],[[[0.9781117282025331,36.51786317132251],[0.9736124580849397,36.52157215614439],[0.9727217909514192,36.515638631723164],[0.9781117282025331,36.51786317132251]]]]},"properties":{"speed":0.0661,"dir_deg":98.5,"type":"ضعيف"}},{"type":"Feature","geometry":{"type":"MultiPolygon","coordinates":[[[[0.9999886308832827,36.521831997137085],[1.0149876614258424,36.52200253388784],[1.0150103996592772,36.52000266314883],[1.0000113691167174,36.51983212639807],[0.9999886308832827,36.521831997137085]]],[[[1.0199987073900796,36.52105944410192],[1.0149649231924078,36.52400240462685],[1.0150331378927118,36.518002792409824],[1.0199987073900796,36.52105944410192]]]]},"properties":{"speed":0.0877,"dir_deg":89.3,"type":"ضعيف"}},{"type":"Feature","geometry":{"type":"MultiPolygon","coordinates":[[[[-0.41663487650080383,36.563499494880865],[-0.40164245328787207,36.563022791404535],[-0.4017060137513828,36.561023801642804],[-0.4166984369643146,36.561500505119135],[-0.41663487650080383,36.563499494880865]]],[[[-0.39667675911531686,36.56186439536489],[-0.4015788928243613,36.56502178116626],[-0.40176957421489357,36.55902481188108],[-0.39667675911531686,36.56186439536489]]]]},"properties":{"speed":0.1488,"dir_deg":91.8,"type":"ضعيف"}},{"type":"Feature","geometry":{"type":"MultiPolygon","coordinates":[[[[-0.375103580463241,36.56349462107741],[-0.3601842643020416,36.56504832802602],[-0.3599771033755596,36.5630590858712],[-0.374896419536759,36.56150537892259],[-0.375103580463241,36.56349462107741]]],[[[-0.35510757845173413,36.56457160926482],[-0.36039142522852363,36.56703757018085],[-0.35976994244907756,36.561069843716375],[-0.35510757845173413,36.56457160926482]]]]},"properties":{"speed":0.1396,"dir_deg":84.1,"type":"ضعيف"}},{"type":"Feature","geometry":{"type":"MultiPolygon","coordinates":[[[[-0.3335946241444171,36.563465262815676],[-0.3191156819092792,36.56738447597032],[-0.3185931201553266,36.56545395033897],[-0.3330720623904645,36.561534737184324],[-0.3335946241444171,36.563465262815676]]],[[[-0.3140280869539236,36.56772561753952],[-0.3196382436632318,36.56931500160167],[-0.318070558401374,36.56352342470762],[-0.3140280869539236,36.56772561753952]]]]},"properties":{"speed":0.1351,"dir_deg":74.9,"type":"ضعيف"}},{"type":"Feature","geometry":{"type":"MultiPolygon","coordinates":[[[[-0.2920853917508606,36.56340810846513],[-0.27846376477384993,36.56968913373965],[-0.2776262947372471,36.567872916809385],[-0.2912479217142578,36.56159189153487],[-0.2920853917508606,36.56340810846513]]],[[[-0.27350448742987826,36.570874700366026],[-0.27930123481045277,36.57150535066992],[-0.27678882470064425,36.56605669987911],[-0.27350448742987826,36.570874700366026]]]]},"properties":{"speed":0.1381,"dir_deg":65.2,"type":"ضعيف"}},{"type":"Feature","geometry":{"type":"MultiPolygon","coordinates":[[[[-0.25052273193113195,36.56335249711329],[-0.23773527523171784,36.571193476080275],[-0.23668981136945394,36.56948848185369],[-0.24947726806886805,36.56164750288671],[-0.25052273193113195,36.56335249711329]]],[[[-0.23295005773411454,36.57295463862264],[-0.2387807390939817,36.57289847030687],[-0.23564434750719007,36.567783487627096],[-0.23295005773411454,36.57295463862264]]]]},"properties":{"speed":0.1501,"dir_deg":58.5,"type":"ضعيف"}},{"type":"Feature","geometry":{"type":"MultiPolygon","coordinates":[[[[-0.20889648627569132,36.563326349302095],[-0.19650124674431974,36.57177371794327],[-0.1953749309254963,36.57012101933908],[-0.20777017045686788,36.561673650697905],[-0.20889648627569132,36.563326349302095]]],[[[-0.1918063423244508,36.573763158188235],[-0.1976275625631432,36.573426416547456],[-0.19424861510667282,36.5684683207349],[-0.1918063423244508,36.573763158188235]]]]},"properties":{"speed":0.1626,"dir_deg":55.7,"type":"ضعيف"}},{"type":"Feature","geometry":{"type":"MultiPolygon","coordinates":[[[[-0.16725699676293235,36.56330716556035],[-0.15514951335762875,36.57216204249853],[-0.15396886309920485,36.57054771137783],[-0.16607634650450845,36.56169283443965],[-0.16725699676293235,36.56330716556035]]],[[[-0.15052336042664893,36.574306502584236],[-0.15633016361605265,36.57377637361924],[-0.15278821284078095,36.56893338025712],[-0.15052336042664893,36.574306502584236]]]]},"properties":{"speed":0.1648,"dir_deg":53.8,"type":"ضعيف"}},{"type":"Feature","geometry":{"type":"MultiPolygon","coordinates":[[[[-0.12562606646136898,36.563279769700586],[-0.11392952095260843,36.57267076662112],[-0.11267738802987047,36.57111122721995],[-0.12437393353863102,36.561720230299414],[-0.12562606646136898,36.563279769700586]]],[[[-0.10940460598831928,36.57502132922738],[-0.1151816538753464,36.57423030602229],[-0.1114252551071325,36.56955168781879],[-0.10940460598831928,36.57502132922738]]]]},"properties":{"speed":0.15,"dir_deg":51.2,"type":"ضعيف"}},{"type":"Feature","geometry":{"type":"MultiPolygon","coordinates":[[[[-0.08400581742150108,36.5632401138368],[-0.07290410986953351,36.57332733790641],[-0.07155914666025175,36.57184711023282],[-0.08266085421221932,36.5617598861632],[-0.08400581742150108,36.5632401138368]]],[[[-0.06853105908090343,36.575949632092815],[-0.07424907307881529,36.57480756558001],[-0.07021418345096997,36.57036688255922],[-0.06853105908090343,36.575949632092815]]]]},"properties":{"speed":0.1204,"dir_deg":47.7,"type":"ضعيف"}},{"type":"Feature","geometry":{"type":"MultiPolygon","coordinates":[[[[-0.04243588057808025,36.56313899285509],[-0.03285098775180525,36.57467718289984],[-0.03131256241250494,36.573399197189666],[-0.040897455238779946,36.56186100714491],[-0.04243588057808025,36.56313899285509]]],[[[-0.0288868108067301,36.577884253393],[-0.03438941309110556,36.57595516861001],[-0.02977413707320463,36.5721212114795],[-0.0288868108067301,36.577884253393]]]]},"properties":{"speed":0.0899,"dir_deg":39.7,"type":"ضعيف"}},{"type":"Feature","geometry":{"type":"MultiPolygon","coordinates":[[[[-0.0008837856909704873,36.56296789192388],[0.006134593167288674,36.57622467728844],[0.00790216454922965,36.57528889344067],[0.0008837856909704873,36.56203210807612],[-0.0008837856909704873,36.56296789192388]]],[[[0.009357838477678881,36.58017571381941],[0.004367021785347699,36.57716046113621],[0.009669735931170624,36.5743531095929],[0.009357838477678881,36.58017571381941]]]]},"properties":{"speed":0.0763,"dir_deg":27.9,"type":"ضعيف"}},{"type":"Feature","geometry":{"type":"MultiPolygon","coordinates":[[[[0.04079068432170985,36.56298234091242],[0.04802579800804968,36.57612209471323],[0.049777765181490186,36.57515741288839],[0.04254265149515035,36.56201765908758],[0.04079068432170985,36.56298234091242]]],[[[0.051313486156883206,36.580019671734405],[0.046273830834609175,36.577086776538074],[0.05152973235493069,36.57419273106354],[0.051313486156883206,36.580019671734405]]]]},"properties":{"speed":0.0782,"dir_deg":28.8,"type":"ضعيف"}},{"type":"Feature","geometry":{"type":"MultiPolygon","coordinates":[[[[0.0826452758269995,36.563225653808885],[0.09353008296031165,36.5735465536568],[0.09490620294003305,36.57209524603903],[0.0840213958067209,36.561774346191115],[0.0826452758269995,36.563225653808885]]],[[[0.09784641199460972,36.576261199797216],[0.09215396298059027,36.574997861274575],[0.09628232291975443,36.57064393842125],[0.09784641199460972,36.576261199797216]]]]},"properties":{"speed":0.0787,"dir_deg":46.5,"type":"ضعيف"}},{"type":"Feature","geometry":{"type":"MultiPolygon","coordinates":[[[[0.12465593889727228,36.56343894726028],[0.13874014780149196,36.5685998638012],[0.1394282700069474,36.566721969280636],[0.12534406110272772,36.56156105273972],[0.12465593889727228,36.56343894726028]]],[[[0.14377894520562626,36.56938122205455],[0.13805202559603652,36.57047775832176],[0.14011639221240285,36.564844074760074],[0.14377894520562626,36.56938122205455]]]]},"properties":{"speed":0.0829,"dir_deg":69.9,"type":"ضعيف"}},{"type":"Feature","geometry":{"type":"MultiPolygon","coordinates":[[[[0.16666922480750795,36.563499996740646],[0.18166917591720536,36.56346169913383],[0.18166406956963024,36.56146170565254],[0.16666411845993284,36.561500003259354],[0.16666922480750795,36.563499996740646]]],[[[0.18666660644665029,36.56244893652425],[0.1816742822647805,36.56546169261512],[0.1816589632220551,36.55946171217125],[0.18666660644665029,36.56244893652425]]]]},"properties":{"speed":0.0926,"dir_deg":90.1,"type":"ضعيف"}},{"type":"Feature","geometry":{"type":"MultiPolygon","coordinates":[[[[0.20857015513652127,36.56347155189305],[0.223143433532332,36.559919150339425],[0.22266977999184864,36.55797604655332],[0.20809650159603793,36.56152844810695],[0.20857015513652127,36.56347155189305]]],[[[0.22776436622736054,36.55776346459517],[0.2236170870728153,36.561862254125536],[0.22219612645136533,36.55603294276721],[0.22776436622736054,36.55776346459517]]]]},"properties":{"speed":0.1044,"dir_deg":103.7,"type":"ضعيف"}},{"type":"Feature","geometry":{"type":"MultiPolygon","coordinates":[[[[0.2502679573403508,36.56346343077787],[0.2647194190084393,36.55944407067261],[0.26418350432773774,36.55751720911687],[0.24973204265964924,36.56153656922213],[0.2502679573403508,36.56346343077787]]],[[[0.2692686155574514,36.55714085319298],[0.26525533368914084,36.56137093222836],[0.2636475896470362,36.55559034756112],[0.2692686155574514,36.55714085319298]]]]},"properties":{"speed":0.1161,"dir_deg":105.5,"type":"ضعيف"}},{"type":"Feature","geometry":{"type":"MultiPolygon","coordinates":[[[[0.29178541348042236,36.56349292337813],[0.3066792641523714,36.56171157216018],[0.3064417506566451,36.55972572540392],[0.29154789998469605,36.56150707662187],[0.29178541348042236,36.56349292337813]]],[[[0.31152512429515794,36.56012486504274],[0.3069167776480977,36.56369741891644],[0.30620423716091877,36.55773987864766],[0.31152512429515794,36.56012486504274]]]]},"properties":{"speed":0.1284,"dir_deg":96.8,"type":"ضعيف"}},{"type":"Feature","geometry":{"type":"MultiPolygon","coordinates":[[[[0.33323749810913283,36.56349539625558],[0.3481684419428798,36.5649330736302],[0.34836013225949575,36.562942281119035],[0.33342918842574876,36.56150460374442],[0.33323749810913283,36.56349539625558]]],[[[0.35324126837910347,36.56441690316616],[0.3479767516262639,36.566923866141366],[0.34855182257611167,36.56095148860787],[0.35324126837910347,36.56441690316616]]]]},"properties":{"speed":0.1509,"dir_deg":84.5,"type":"ضعيف"}},{"type":"Feature","geometry":{"type":"MultiPolygon","coordinates":[[[[0.37484905533963314,36.56348854221433],[0.38967718855453976,36.56575271211983],[0.38997907787527347,36.56377562769117],[0.37515094466036686,36.56151145778567],[0.37484905533963314,36.56348854221433]]],[[[0.39477084428654213,36.56551889320734],[0.3893752992338061,36.567729796548484],[0.39028096719600713,36.56179854326252],[0.39477084428654213,36.56551889320734]]]]},"properties":{"speed":0.1604,"dir_deg":81.3,"type":"ضعيف"}},{"type":"Feature","geometry":{"type":"MultiPolygon","coordinates":[[[[0.4162611850276435,36.5634141075957],[0.42997279896311297,36.569496183169434],[0.4307837423729444,36.56766796797804],[0.41707212843747493,36.5615858924043],[0.4162611850276435,36.5634141075957]]],[[[0.4349488086465186,36.570609434098316],[0.42916185555328146,36.57132439836083],[0.43159468578277593,36.565839752786644],[0.4349488086465186,36.570609434098316]]]]},"properties":{"speed":0.1708,"dir_deg":66.1,"type":"ضعيف"}},{"type":"Feature","geometry":{"type":"MultiPolygon","coordinates":[[[[0.457908986139269,36.56340549490764],[0.4714914097539336,36.56977085183022],[0.4723401240102772,36.56795986201494],[0.4587577003956126,36.56159450509236],[0.457908986139269,36.56340549490764]]],[[[0.4764432414203269,36.57098714256344],[0.47064269549758997,36.57158184164551],[0.47318883826662084,36.56614887219965],[0.4764432414203269,36.57098714256344]]]]},"properties":{"speed":0.1867,"dir_deg":64.9,"type":"ضعيف"}},{"type":"Feature","geometry":{"type":"MultiPolygon","coordinates":[[[[0.49972489126801756,36.56346141311911],[0.514146088054591,36.56758804409884],[0.5146963055185559,36.56566521786063],[0.5002751087319824,36.56153858688089],[0.49972489126801756,36.56346141311911]]],[[[0.519228262382098,36.56800217463965],[0.5135958705906262,36.56951087033705],[0.5152465229825208,36.56374239162242],[0.519228262382098,36.56800217463965]]]]},"properties":{"speed":0.1571,"dir_deg":74.0,"type":"ضعيف"}},{"type":"Feature","geometry":{"type":"MultiPolygon","coordinates":[[[[0.5409734794641264,36.56322073848035],[0.5517845566693542,36.57361884454167],[0.5531709708108645,36.57217736758098],[0.5423598936056367,36.56177926151965],[0.5409734794641264,36.56322073848035]]],[[[0.5560814561418519,36.576364141415105],[0.550398142527844,36.57506032150237],[0.5545573849523747,36.57073589062028],[0.5560814561418519,36.576364141415105]]]]},"properties":{"speed":0.1815,"dir_deg":46.1,"type":"ضعيف"}},{"type":"Feature","geometry":{"type":"MultiPolygon","coordinates":[[[[0.5825679484765466,36.56314359648404],[0.5922218957371451,36.57462407131261],[0.5937526257142888,36.573336878344534],[0.5840986784536902,36.56185640351596],[0.5825679484765466,36.56314359648404]]],[[[0.5962052431459165,36.577807299771436],[0.5906911657600016,36.57591126428069],[0.5952833556914323,36.572049685376456],[0.5962052431459165,36.577807299771436]]]]},"properties":{"speed":0.2691,"dir_deg":40.1,"type":"متوسط"}},{"type":"Feature","geometry":{"type":"MultiPolygon","coordinates":[[[[0.6242515863165724,36.56316323220553],[0.6342000693995918,36.574389437456944],[0.635696896766447,36.57306297304588],[0.6257484136834276,36.56183676779447],[0.6242515863165724,36.56316323220553]]],[[[0.6382646441106926,36.57746827366855],[0.6327032420327366,36.575715901868016],[0.6371937241333022,36.57173650863481],[0.6382646441106926,36.57746827366855]]]]},"properties":{"speed":0.3632,"dir_deg":41.5,"type":"متوسط"}},{"type":"Feature","geometry":{"type":"MultiPolygon","coordinates":[[[[0.6659299295233131,36.56317615760434],[0.676072293588389,36.57422751277787],[0.677545807611526,36.57287519756919],[0.6674034435464501,36.56182384239566],[0.6659299295233131,36.56317615760434]]],[[[0.6801898386216495,36.57723514023137],[0.674598779565252,36.575579827986545],[0.679019321634663,36.57152288236051],[0.6801898386216495,36.57723514023137]]]]},"properties":{"speed":0.4591,"dir_deg":42.5,"type":"قوي"}},{"type":"Feature","geometry":{"type":"MultiPolygon","coordinates":[[[[0.7076407933302792,36.56322139854647],[0.7184617715272588,36.57360920056906],[0.7198468117969372,36.572166403476125],[0.7090258335999576,36.56177860145353],[0.7076407933302792,36.56322139854647]]],[[[0.7227612843944244,36.57635040269678],[0.7170767312575803,36.57505199766199],[0.7212318520666157,36.5707236063832],[0.7227612843944244,36.57635040269678]]]]},"properties":{"speed":0.5046,"dir_deg":46.2,"type":"قوي"}},{"type":"Feature","geometry":{"type":"MultiPolygon","coordinates":[[[[0.7493809471996405,36.56328534936835],[0.7611611877248844,36.57257114137374],[0.7623992933256033,36.57100044263704],[0.7506190528003595,36.56171465063165],[0.7493809471996405,36.56328534936835]]],[[[0.7657069873669918,36.574881056007186],[0.7599230821241655,36.57414184011044],[0.7636373989263222,36.56942974390034],[0.7657069873669918,36.574881056007186]]]]},"properties":{"speed":0.4906,"dir_deg":51.8,"type":"قوي"}},{"type":"Feature","geometry":{"type":"MultiPolygon","coordinates":[[[[0.7911298336511003,36.56334367587448],[0.8037849717682668,36.571396469131194],[0.8048586775358293,36.56970911738224],[0.7922035394186628,36.56165632412552],[0.7911298336511003,36.56334367587448]]],[[[0.8085402040244368,36.57323705767563],[0.8027112660007044,36.57308382088015],[0.8059323833033917,36.56802176563328],[0.8085402040244368,36.57323705767563]]]]},"properties":{"speed":0.4487,"dir_deg":57.5,"type":"قوي"}},{"type":"Feature","geometry":{"type":"MultiPolygon","coordinates":[[[[0.8328187727023507,36.5633574659197],[0.8456807614978812,36.57107557736121],[0.8467098430234166,36.56936064552181],[0.8338478542278861,36.5616425340803],[0.8328187727023507,36.5633574659197]]],[[[0.8504826318591591,36.57279081525535],[0.8446516799723458,36.572790509200615],[0.8477389245489519,36.56764571368241],[0.8504826318591591,36.57279081525535]]]]},"properties":{"speed":0.4046,"dir_deg":59.0,"type":"قوي"}},{"type":"Feature","geometry":{"type":"MultiPolygon","coordinates":[[[[0.8745368357130109,36.56338627244302],[0.8878309223583214,36.570333736747855],[0.8887572509322996,36.56856119186182],[0.8754631642869891,36.56161372755698],[0.8745368357130109,36.56338627244302]]],[[[0.892725448860414,36.571763285739785],[0.8869045937843432,36.5721062816339],[0.8896835795062779,36.56678864697577],[0.892725448860414,36.571763285739785]]]]},"properties":{"speed":0.3332,"dir_deg":62.4,"type":"متوسط"}},{"type":"Feature","geometry":{"type":"MultiPolygon","coordinates":[[[[0.916347928545248,36.56344783613776],[0.9305654706116558,36.56822920598226],[0.9312029865909229,36.56633353370674],[0.9169854445245151,36.56155216386224],[0.916347928545248,36.56344783613776]]],[[[0.935623409290092,36.56887515979267],[0.9299279546323888,36.57012487825778],[0.93184050257019,36.56443786143122],[0.935623409290092,36.56887515979267]]]]},"properties":{"speed":0.2657,"dir_deg":71.4,"type":"متوسط"}},{"type":"Feature","geometry":{"type":"MultiPolygon","coordinates":[[[[0.9582758869137706,36.56349834973391],[0.9732511329224367,36.56435974800413],[0.9733659860251322,36.562363048536305],[0.9583907400164662,36.56150165026609],[0.9582758869137706,36.56349834973391]]],[[[0.9783003081433398,36.563648531026956],[0.9731362798197413,36.566356447471954],[0.9734808391278277,36.56036634906848],[0.9783003081433398,36.563648531026956]]]]},"properties":{"speed":0.241,"dir_deg":86.7,"type":"متوسط"}},{"type":"Feature","geometry":{"type":"MultiPolygon","coordinates":[[[[1.000003936775689,36.56349999225087],[1.0150038205387175,36.563440940615536],[1.0149959469873395,36.5614409561138],[0.999996063224311,36.56150000774913],[1.000003936775689,36.56349999225087]]],[[[1.0199998450173713,36.56242126448622],[1.0150116940900955,36.56544092511727],[1.0149880734359615,36.55944097161206],[1.0199998450173713,36.56242126448622]]]]},"properties":{"speed":0.2447,"dir_deg":90.2,"type":"متوسط"}},{"type":"Feature","geometry":{"type":"MultiPolygon","coordinates":[[[[-0.4164960219395629,36.605153272575386],[-0.40171600679514236,36.60259375068044],[-0.4020572763811349,36.60062308199451],[-0.4168372915255555,36.60318260388946],[-0.4164960219395629,36.605153272575386]]],[[[-0.39695996987333176,36.60075524237249],[-0.4013747372091498,36.60456441936636],[-0.4023985459671275,36.59865241330859],[-0.39695996987333176,36.60075524237249]]]]},"properties":{"speed":0.158,"dir_deg":99.8,"type":"ضعيف"}},{"type":"Feature","geometry":{"type":"MultiPolygon","coordinates":[[[[-0.3749920733418695,36.60516790681597],[-0.35999254458859037,36.605049006944014],[-0.36000839790485134,36.603049069776915],[-0.3750079266581305,36.60316796964887],[-0.3749920733418695,36.60516790681597]]],[[[-0.3550006283289611,36.60400940506981],[-0.3599766912723294,36.60704894411112],[-0.3600242512211123,36.60104913260981],[-0.3550006283289611,36.60400940506981]]]]},"properties":{"speed":0.1534,"dir_deg":90.5,"type":"ضعيف"}},{"type":"Feature","geometry":{"type":"MultiPolygon","coordinates":[[[[-0.33349177901104804,36.60515530752258],[-0.3186812396586742,36.60753184367669],[-0.3183643681714597,36.60555710509637],[-0.33317490752383355,36.603180568942264],[-0.33349177901104804,36.60515530752258]]],[[[-0.3135859574642757,36.60733665310457],[-0.31899811114588866,36.609506582257005],[-0.3180474966842452,36.60358236651606],[-0.3135859574642757,36.60733665310457]]]]},"properties":{"speed":0.15,"dir_deg":80.9,"type":"ضعيف"}},{"type":"Feature","geometry":{"type":"MultiPolygon","coordinates":[[[[-0.29200374351020436,36.60510941181375],[-0.2778816397902984,36.61016571347843],[-0.2772074662350081,36.608282766315774],[-0.29132956995491405,36.603226464651094],[-0.29200374351020436,36.60510941181375]]],[[[-0.2728371851060179,36.61090967378532],[-0.2785558133455887,36.612048660641086],[-0.27653329267971777,36.60639981915312],[-0.2728371851060179,36.61090967378532]]]]},"properties":{"speed":0.1476,"dir_deg":70.3,"type":"ضعيف"}},{"type":"Feature","geometry":{"type":"MultiPolygon","coordinates":[[[[-0.2505218661653625,36.60502096560915],[-0.23772645551442145,36.612848958089586],[-0.2366827231836965,36.61114290333613],[-0.24947813383463752,36.603314910855694],[-0.2505218661653625,36.60502096560915]]],[[[-0.23293945246541198,36.61460526153967],[-0.23877018784514645,36.61455501284305],[-0.2356389908529715,36.60943684858267],[-0.23293945246541198,36.61460526153967]]]]},"properties":{"speed":0.1534,"dir_deg":58.5,"type":"ضعيف"}},{"type":"Feature","geometry":{"type":"MultiPolygon","coordinates":[[[[-0.20898029962508685,36.60493045261936],[-0.1975425838211159,36.61463502150146],[-0.1962486413035014,36.613109992727594],[-0.20768635710747235,36.60340542384549],[-0.20898029962508685,36.60493045261936]]],[[[-0.19308304062765166,36.617107363408564],[-0.1988365263387304,36.616160050275326],[-0.1949546987858869,36.61158496395373],[-0.19308304062765166,36.617107363408564]]]]},"properties":{"speed":0.1701,"dir_deg":49.7,"type":"ضعيف"}},{"type":"Feature","geometry":{"type":"MultiPolygon","coordinates":[[[[-0.16737575246906464,36.60487306543297],[-0.15679884446089942,36.615509277963135],[-0.15538068279021094,36.61409902356204],[-0.16595759079837616,36.603462811031875],[-0.16737575246906464,36.60487306543297]]],[[[-0.15256412762283345,36.61834955493931],[-0.15821700613158793,36.61691953236422],[-0.15396252111952244,36.612688769160954],[-0.15256412762283345,36.61834955493931]]]]},"properties":{"speed":0.1845,"dir_deg":44.8,"type":"ضعيف"}},{"type":"Feature","geometry":{"type":"MultiPolygon","coordinates":[[[[-0.12575711968473335,36.60482121442439],[-0.11595797680524719,36.61617800969539],[-0.11444373743578048,36.61487145731145],[-0.12424288031526665,36.60351466204045],[-0.12575711968473335,36.60482121442439]]],[[[-0.11193447616068511,36.61931033192709],[-0.1174722161747139,36.61748456207932],[-0.11292949806631378,36.61356490492752],[-0.11193447616068511,36.61931033192709]]]]},"properties":{"speed":0.1793,"dir_deg":40.8,"type":"ضعيف"}},{"type":"Feature","geometry":{"type":"MultiPolygon","coordinates":[[[[-0.08416053608639126,36.6047298454437],[-0.07573192791720101,36.61713784948667],[-0.07407752737813889,36.61601403506411],[-0.08250613554732913,36.603606031021144],[-0.08416053608639126,36.6047298454437]]],[[[-0.07209519159127321,36.62071194362304],[-0.07738632845626314,36.61826166390923],[-0.07242312683907676,36.61489022064155],[-0.07209519159127321,36.62071194362304]]]]},"properties":{"speed":0.1548,"dir_deg":34.2,"type":"ضعيف"}},{"type":"Feature","geometry":{"type":"MultiPolygon","coordinates":[[[[-0.04258264404794439,36.60456917097266],[-0.03656415294434444,36.618308813065376],[-0.03473220066531586,36.6175063475849],[-0.04075069176891581,36.603766705492184],[-0.04258264404794439,36.60456917097266]]],[[[-0.033642013103630165,36.62248746102271],[-0.03839610522337302,36.61911127854586],[-0.03290024838628728,36.61670388210442],[-0.033642013103630165,36.62248746102271]]]]},"properties":{"speed":0.128,"dir_deg":23.7,"type":"ضعيف"}},{"type":"Feature","geometry":{"type":"MultiPolygon","coordinates":[[[[-0.0009597448730229664,36.60444881147555],[0.003253353773920782,36.61884498457089],[0.005172843519966715,36.618283238084636],[0.0009597448730229664,36.603887064989294],[-0.0009597448730229664,36.60444881147555]]],[[[0.005617464862591666,36.62336283569288],[0.0013338640278748493,36.619406731057154],[0.007092333266012649,36.617721491598374],[0.005617464862591666,36.62336283569288]]]]},"properties":{"speed":0.1145,"dir_deg":16.3,"type":"ضعيف"}},{"type":"Feature","geometry":{"type":"MultiPolygon","coordinates":[[[[0.040758933675337894,36.60458748389391],[0.04705211859764177,36.61820349739029],[0.048867587063826184,36.61736440606732],[0.042574402141522305,36.603748392570935],[0.040758933675337894,36.60458748389391]]],[[[0.050057581138168605,36.622322622894266],[0.045236650131457355,36.61904258871326],[0.0506830555300106,36.616525314744344],[0.050057581138168605,36.622322622894266]]]]},"properties":{"speed":0.1028,"dir_deg":24.8,"type":"ضعيف"}},{"type":"Feature","geometry":{"type":"MultiPolygon","coordinates":[[[[0.08268473764048134,36.60492906923665],[0.09410170270391012,36.61465804188233],[0.09539889905666783,36.61313577987388],[0.08398193399323906,36.6034068072282],[0.08268473764048134,36.60492906923665]]],[[[0.0985559559014319,36.61713990176],[0.0928045063511524,36.616180303890786],[0.09669609540942556,36.61161351786542],[0.0985559559014319,36.61713990176]]]]},"properties":{"speed":0.093,"dir_deg":49.6,"type":"ضعيف"}},{"type":"Feature","geometry":{"type":"MultiPolygon","coordinates":[[[[0.12475211295746755,36.605136727174425],[0.13928394708749106,36.608855032812414],[0.13977972117255597,36.60691745492841],[0.12524788704253245,36.60319914929042],[0.12475211295746755,36.605136727174425]]],[[[0.14437577884003133,36.60912567908307],[0.13878817300242616,36.610792610696414],[0.14027549525762087,36.60497987704441],[0.14437577884003133,36.60912567908307]]]]},"properties":{"speed":0.0975,"dir_deg":75.6,"type":"ضعيف"}},{"type":"Feature","geometry":{"type":"MultiPolygon","coordinates":[[[[0.16675365529832745,36.60516414797043],[0.18169680136836883,36.60385939300132],[0.18152283403915473,36.60186697352531],[0.16657968796911335,36.60317172849442],[0.16675365529832745,36.60516414797043]]],[[[0.1865908663937756,36.60242826494028],[0.18187076869758295,36.605851812477326],[0.1813488667099406,36.59987455404931],[0.1865908663937756,36.60242826494028]]]]},"properties":{"speed":0.1083,"dir_deg":95.0,"type":"ضعيف"}},{"type":"Feature","geometry":{"type":"MultiPolygon","coordinates":[[[[0.20865255493292806,36.605115616658445],[0.22286773132324458,36.60032721815872],[0.22222927818994767,36.59843186130667],[0.20801410179963115,36.6032202598064],[0.20865255493292806,36.605115616658445]]],[[[0.22728689688670162,36.59778340689945],[0.22350618445654152,36.60222257501076],[0.22159082505665073,36.59653650445463],[0.22728689688670162,36.59778340689945]]]]},"properties":{"speed":0.1222,"dir_deg":108.6,"type":"ضعيف"}},{"type":"Feature","geometry":{"type":"MultiPolygon","coordinates":[[[[0.2503889127174645,36.605089212837626],[0.26420803179552943,36.59925552207566],[0.26343020636060044,36.59741297286525],[0.24961108728253553,36.60324666362722],[0.2503889127174645,36.605089212837626]]],[[[0.26842549210408656,36.59638968388313],[0.26498585723045837,36.60109807128607],[0.2626523809256715,36.59557042365484],[0.26842549210408656,36.59638968388313]]]]},"properties":{"speed":0.1356,"dir_deg":112.9,"type":"ضعيف"}},{"type":"Feature","geometry":{"type":"MultiPolygon","coordinates":[[[[0.29194496938379433,36.6051284287676],[0.30635232741143276,36.600953738999074],[0.3057957021089625,36.59903275792872],[0.2913883440813241,36.603207447697244],[0.29194496938379433,36.6051284287676]]],[[[0.3108764674360771,36.59860168520772],[0.306908952713903,36.60287472006942],[0.30523907680649226,36.59711177685837],[0.3108764674360771,36.59860168520772]]]]},"properties":{"speed":0.1419,"dir_deg":106.2,"type":"ضعيف"}},{"type":"Feature","geometry":{"type":"MultiPolygon","coordinates":[[[[0.33336439319699523,36.605167456067115],[0.34835716071742984,36.604701707123795],[0.34829506085832096,36.60270267145441],[0.33330229333788636,36.60316842039773],[0.33336439319699523,36.605167456067115]]],[[[0.3533236999613536,36.60354693964133],[0.34841926057653877,36.60670074279319],[0.348232960999212,36.60070363578502],[0.3533236999613536,36.60354693964133]]]]},"properties":{"speed":0.1488,"dir_deg":91.8,"type":"ضعيف"}},{"type":"Feature","geometry":{"type":"MultiPolygon","coordinates":[[[[0.37482378881863126,36.605152290618285],[0.3895890746066255,36.60779545833881],[0.389941496969363,36.60582675356709],[0.37517621118136874,36.60318358584656],[0.37482378881863126,36.605152290618285]]],[[[0.39468704771732566,36.607692161859795],[0.3892366522438881,36.60976416311055],[0.3902939193321004,36.60385804879535],[0.39468704771732566,36.607692161859795]]]]},"properties":{"speed":0.1498,"dir_deg":79.9,"type":"ضعيف"}},{"type":"Feature","geometry":{"type":"MultiPolygon","coordinates":[[[[0.4162293253790413,36.60506723867567],[0.42971883202779576,36.61162720897844],[0.4305934947348316,36.60982860809194],[0.4171039880860771,36.60326863778917],[0.4162293253790413,36.60506723867567]]],[[[0.43465266559756516,36.61291456530278],[0.4288441693207599,36.61342580986494],[0.43146815744186745,36.608030007205436],[0.43465266559756516,36.61291456530278]]]]},"properties":{"speed":0.1641,"dir_deg":64.1,"type":"ضعيف"}},{"type":"Feature","geometry":{"type":"MultiPolygon","coordinates":[[[[0.4579672379556477,36.605098511658156],[0.47192583934161403,36.610590091335055],[0.4726580499652002,36.60872894448359],[0.4586994485792339,36.60323736480669],[0.4579672379556477,36.605098511658156]]],[[[0.47694481178206255,36.61149004446828],[0.4711936287180279,36.612451238186516],[0.47339026058878636,36.60686779763213],[0.47694481178206255,36.61149004446828]]]]},"properties":{"speed":0.1689,"dir_deg":68.5,"type":"ضعيف"}},{"type":"Feature","geometry":{"type":"MultiPolygon","coordinates":[[[[0.4998453060652941,36.605155900674305],[0.5146647426934919,36.607476309694896],[0.5149741305629038,36.60550038481113],[0.5001546939347059,36.60317997579054],[0.4998453060652941,36.605155900674305]]],[[[0.519759248837597,36.60726181692654],[0.5143553548240801,36.609452234578654],[0.5152835184323156,36.60352445992737],[0.519759248837597,36.60726181692654]]]]},"properties":{"speed":0.1306,"dir_deg":81.1,"type":"ضعيف"}},{"type":"Feature","geometry":{"type":"MultiPolygon","coordinates":[[[[0.5411107741772426,36.604999179142524],[0.5535793878287465,36.61333786450711],[0.5546912125440244,36.611675382686904],[0.5422225988925206,36.60333669732232],[0.5411107741772426,36.604999179142524]]],[[[0.5582915047368868,36.6152861853852],[0.5524675631134687,36.61500034632731],[0.5558030372593022,36.61001290086671],[0.5582915047368868,36.6152861853852]]]]},"properties":{"speed":0.1241,"dir_deg":56.2,"type":"ضعيف"}},{"type":"Feature","geometry":{"type":"MultiPolygon","coordinates":[[[[0.5826679067890738,36.604914419280725],[0.5938651225136159,36.614895519421395],[0.5951959358657052,36.61340255732479],[0.583998720141163,36.60342145718412],[0.5826679067890738,36.604914419280725]]],[[[0.5982629344311746,36.617476071753316],[0.5925343091615267,36.616388481518],[0.5965267492177944,36.611909595228184],[0.5982629344311746,36.617476071753316]]]]},"properties":{"speed":0.1879,"dir_deg":48.3,"type":"ضعيف"}},{"type":"Feature","geometry":{"type":"MultiPolygon","coordinates":[[[[0.6243822461991947,36.60495430979955],[0.6361778197061456,36.61422061681163],[0.6374133273077562,36.61264787367737],[0.6256177538008053,36.60338156666529],[0.6243822461991947,36.60495430979955]]],[[[0.6407274313426012,36.61652301424853],[0.634942312104535,36.61579335994589],[0.6386488349093669,36.61107513054311],[0.6407274313426012,36.61652301424853]]]]},"properties":{"speed":0.2603,"dir_deg":51.8,"type":"متوسط"}},{"type":"Feature","geometry":{"type":"MultiPolygon","coordinates":[[[[0.666042514439109,36.60494922511626],[0.6777618176966943,36.61431180655285],[0.6790101618882395,36.61274923278518],[0.6672908586306542,36.603386651348586],[0.666042514439109,36.60494922511626]]],[[[0.682292424211662,36.61665138014787],[0.6765134735051492,36.61587438032053],[0.6802585060797846,36.6111866590175],[0.682292424211662,36.61665138014787]]]]},"properties":{"speed":0.3503,"dir_deg":51.4,"type":"متوسط"}},{"type":"Feature","geometry":{"type":"MultiPolygon","coordinates":[[[[0.7077371146102469,36.604970775031184],[0.7197796665917102,36.613913757854256],[0.7209720643014532,36.61230808425673],[0.7089295123199899,36.60336510143366],[0.7077371146102469,36.604970775031184]]],[[[0.7243900494404028,36.616091915329854],[0.7185872688819673,36.61551943145179],[0.7221644620111961,36.6107024106592],[0.7243900494404028,36.616091915329854]]]]},"properties":{"speed":0.435,"dir_deg":53.4,"type":"قوي"}},{"type":"Feature","geometry":{"type":"MultiPolygon","coordinates":[[[[0.7494738598569854,36.605018336109836],[0.7622298280181813,36.61291043825506],[0.7632821083042104,36.61120964250023],[0.7505261401430146,36.60331754035501],[0.7494738598569854,36.605018336109836]]],[[[0.767007957548261,36.614690741092716],[0.7611775477321522,36.61461123400988],[0.7643343885902395,36.609508846745406],[0.767007957548261,36.614690741092716]]]]},"properties":{"speed":0.4886,"dir_deg":58.3,"type":"قوي"}},{"type":"Feature","geometry":{"type":"MultiPolygon","coordinates":[[[[0.7912371471572153,36.60507098636128],[0.8047828690900859,36.61151407702627],[0.8056419478454185,36.60970798076856],[0.7920962259125479,36.60326489010357],[0.7912371471572153,36.60507098636128]]],[[[0.8097276491120424,36.612758725785746],[0.8039237903347531,36.61332017328399],[0.8065010266007513,36.607901884510845],[0.8097276491120424,36.612758725785746]]]]},"properties":{"speed":0.5094,"dir_deg":64.6,"type":"قوي"}},{"type":"Feature","geometry":{"type":"MultiPolygon","coordinates":[[[[0.8329632424511119,36.60509694170098],[0.8468982944794765,36.61064800691108],[0.8476384365074896,36.608789999973965],[0.833703384479125,36.603238934763866],[0.8329632424511119,36.60509694170098]]],[[[0.8519133828362713,36.611569358512554],[0.8461581524514633,36.6125060138482],[0.8483785785355028,36.606931993036845],[0.8519133828362713,36.611569358512554]]]]},"properties":{"speed":0.5158,"dir_deg":68.3,"type":"قوي"}},{"type":"Feature","geometry":{"type":"MultiPolygon","coordinates":[[[[0.8746608625269007,36.60510867505765],[0.8887719149053187,36.61019573715414],[0.8894501898515174,36.60831426350369],[0.8753391374730993,36.60322720140719],[0.8746608625269007,36.60510867505765]]],[[[0.8938147365045573,36.610950687694405],[0.88809363995912,36.6120772108046],[0.890128464797716,36.60643278985323],[0.8938147365045573,36.610950687694405]]]]},"properties":{"speed":0.5048,"dir_deg":70.2,"type":"قوي"}},{"type":"Feature","geometry":{"type":"MultiPolygon","coordinates":[[[[0.9163880066319392,36.60512832227628],[0.9307937672898012,36.60930852082041],[0.931351127095686,36.6073877527327],[0.916945366437824,36.603207554188565],[0.9163880066319392,36.60512832227628]]],[[[0.935874367412031,36.60974153629127],[0.9302364074839164,36.61122928890813],[0.9319084869015708,36.605466984644984],[0.935874367412031,36.60974153629127]]]]},"properties":{"speed":0.4854,"dir_deg":73.8,"type":"قوي"}},{"type":"Feature","geometry":{"type":"MultiPolygon","coordinates":[[[[0.9581530380949732,36.60515155441311],[0.9729072808053525,36.60785568496529],[0.9732678315456429,36.60588845260391],[0.9585135888352636,36.60318432205173],[0.9581530380949732,36.60515155441311]]],[[[0.9780056370789575,36.607773445635324],[0.9725467300650622,36.609822917326674],[0.9736283822859332,36.60392122024252],[0.9780056370789575,36.607773445635324]]]]},"properties":{"speed":0.4734,"dir_deg":79.6,"type":"قوي"}},{"type":"Feature","geometry":{"type":"MultiPolygon","coordinates":[[[[0.9999159085586868,36.60516439627444],[1.0148627791889233,36.60642576789414],[1.0150309620715496,36.6044328518101],[1.0000840914413132,36.603171480190404],[0.9999159085586868,36.60516439627444]]],[[[1.0199291608403152,36.605849767058686],[1.014694596306297,36.608418683978165],[1.015199144954176,36.602439935726075],[1.0199291608403152,36.605849767058686]]]]},"properties":{"speed":0.4593,"dir_deg":85.2,"type":"قوي"}},{"type":"Feature","geometry":{"type":"MultiPolygon","coordinates":[[[[-0.4162002608045664,36.646716637845905],[-0.4029316196296329,36.63972069892601],[-0.4038644114856185,36.63795154676936],[-0.417133052660552,36.64494748568925],[-0.4162002608045664,36.646716637845905]]],[[[-0.3989751351659812,36.63650414320772],[-0.4019988277736473,36.641489851082675],[-0.40479720334160413,36.636182394612696],[-0.3989751351659812,36.63650414320772]]]]},"properties":{"speed":0.1357,"dir_deg":117.8,"type":"ضعيف"}},{"type":"Feature","geometry":{"type":"MultiPolygon","coordinates":[[[[-0.37475336907259843,36.64680117124831],[-0.36021672686158435,36.64310170733729],[-0.3607099887163875,36.64116348837582],[-0.37524663092740157,36.64486295228684],[-0.37475336907259843,36.64680117124831]]],[[[-0.3556178103853146,36.640899443219546],[-0.35972346500678126,36.64503992629876],[-0.36120325057119057,36.63922526941435],[-0.3556178103853146,36.640899443219546]]]]},"properties":{"speed":0.1262,"dir_deg":104.3,"type":"ضعيف"}},{"type":"Feature","geometry":{"type":"MultiPolygon","coordinates":[[[[-0.3333282472404245,36.64683204878275],[-0.31832844201287414,36.646755608377504],[-0.31833863406690677,36.64475563434716],[-0.3333384392944571,36.64483207475241],[-0.3333282472404245,36.64683204878275]]],[[[-0.31333360296404034,36.645730141227254],[-0.3183182499588415,36.648755582407844],[-0.3183488261209394,36.64275566031682],[-0.31333360296404034,36.645730141227254]]]]},"properties":{"speed":0.1216,"dir_deg":90.3,"type":"ضعيف"}},{"type":"Feature","geometry":{"type":"MultiPolygon","coordinates":[[[[-0.29190108860121566,36.646804194319735],[-0.2773191003188996,36.65032067234958],[-0.2768502365815867,36.648376407245266],[-0.29143222486390274,36.64485992921542],[-0.29190108860121566,36.646804194319735]]],[[[-0.27222400568947114,36.650520699140706],[-0.2777879640562126,36.652264937453886],[-0.2763813728442737,36.64643214214096],[-0.27222400568947114,36.650520699140706]]]]},"properties":{"speed":0.1187,"dir_deg":76.4,"type":"ضعيف"}},{"type":"Feature","geometry":{"type":"MultiPolygon","coordinates":[[[[-0.2505305962078654,36.64667968648654],[-0.23781622542340464,36.65463862960453],[-0.23675503300767387,36.6529433801666],[-0.24946940379213461,36.64498443704861],[-0.2505305962078654,36.64667968648654]]],[[[-0.23304750562071902,36.65644398592489],[-0.23887741783913538,36.65633387904246],[-0.23569384059194312,36.65124813072867],[-0.23304750562071902,36.65644398592489]]]]},"properties":{"speed":0.1226,"dir_deg":58.0,"type":"ضعيف"}},{"type":"Feature","geometry":{"type":"MultiPolygon","coordinates":[[[[-0.20910537957981803,36.646467622090185],[-0.19957197474069516,36.65804839029326],[-0.1980278723136183,36.656777269648046],[-0.20756127715274117,36.64519650144497],[-0.20910537957981803,36.646467622090185]]],[[[-0.19562212191411577,36.66127308603835],[-0.20111607716777202,36.65931951093848],[-0.19648376988654143,36.655506149002825],[-0.19562212191411577,36.66127308603835]]]]},"properties":{"speed":0.148,"dir_deg":39.5,"type":"ضعيف"}},{"type":"Feature","geometry":{"type":"MultiPolygon","coordinates":[[[[-0.16753567420591942,36.64632686933574],[-0.1601135606834728,36.65936190791872],[-0.15837555553907476,36.6583722927824],[-0.16579766906152138,36.64533725419942],[-0.16753567420591942,36.64632686933574]]],[[[-0.15677052027045824,36.66321211321156],[-0.16185156582787083,36.66035152305505],[-0.15663755039467672,36.657382677646076],[-0.15677052027045824,36.66321211321156]]]]},"properties":{"speed":0.1799,"dir_deg":29.7,"type":"ضعيف"}},{"type":"Feature","geometry":{"type":"MultiPolygon","coordinates":[[[[-0.12590862649981546,36.646249671494274],[-0.11964448059934002,36.65987906899151],[-0.11782722759970907,36.659043849538115],[-0.12409137350018452,36.64541445204088],[-0.12590862649981546,36.646249671494274]]],[[[-0.11664780546603273,36.664004591763884],[-0.12146173359897096,36.66071428844491],[-0.11600997460007813,36.658208630084715],[-0.11664780546603273,36.664004591763884]]]]},"properties":{"speed":0.1882,"dir_deg":24.7,"type":"ضعيف"}},{"type":"Feature","geometry":{"type":"MultiPolygon","coordinates":[[[[-0.08428111591881579,36.646150986332856],[-0.07949724743966227,36.66036768786219],[-0.07760168723575109,36.659729838731636],[-0.0823855557149046,36.6455131372023],[-0.08428111591881579,36.646150986332856]]],[[[-0.07695484451132217,36.66478766380669],[-0.08139280764357344,36.66100553699275],[-0.07570612703183992,36.65909198960108],[-0.07695484451132217,36.66478766380669]]]]},"properties":{"speed":0.1744,"dir_deg":18.6,"type":"ضعيف"}},{"type":"Feature","geometry":{"type":"MultiPolygon","coordinates":[[[[-0.04264161715506436,36.64605448920853],[-0.03930520554082344,36.66067872790804],[-0.03735530704755492,36.66023387302614],[-0.04069171866179584,36.645609634326625],[-0.04264161715506436,36.64605448920853]]],[[[-0.037218119089442205,36.66533104670026],[-0.041255104034091945,36.66112358278994],[-0.035405408554286415,36.65978901814424],[-0.037218119089442205,36.66533104670026]]]]},"properties":{"speed":0.155,"dir_deg":12.9,"type":"ضعيف"}},{"type":"Feature","geometry":{"type":"MultiPolygon","coordinates":[[[[-0.000965526191719588,36.646092367689725],[0.0029390626404470774,36.660575260565516],[0.004870115023886254,36.66005464872122],[0.000965526191719588,36.64557175584543],[-0.000965526191719588,36.646092367689725]]],[[[0.005206118442888887,36.66514258560197],[0.0010080102570079017,36.6610958724098],[0.006801167407325429,36.659534036876934],[0.005206118442888887,36.66514258560197]]]]},"properties":{"speed":0.1381,"dir_deg":15.1,"type":"ضعيف"}},{"type":"Feature","geometry":{"type":"MultiPolygon","coordinates":[[[[0.04079952539263607,36.646330121861645],[0.04827042680364673,36.65933725959856],[0.050004711835234784,36.658341139410425],[0.042533810424224126,36.64533400167351],[0.04079952539263607,36.646330121861645]]],[[[0.05162786978977765,36.663174912083456],[0.04653614177205868,36.66033337978669],[0.05173899686682284,36.65734501922229],[0.05162786978977765,36.663174912083456]]]]},"properties":{"speed":0.1203,"dir_deg":29.9,"type":"ضعيف"}},{"type":"Feature","geometry":{"type":"MultiPolygon","coordinates":[[[[0.08274294302437109,36.646639177837656],[0.09484968407552954,36.65549506972499],[0.09603046966050777,36.653880837584836],[0.08392372860934931,36.6450249456975],[0.08274294302437109,36.646639177837656]]],[[[0.0994756572184048,36.65763991761736],[0.09366889849055134,36.65710930186515],[0.09721125524548598,36.65226660544468],[0.0994756572184048,36.65763991761736]]]]},"properties":{"speed":0.1128,"dir_deg":53.8,"type":"ضعيف"}},{"type":"Feature","geometry":{"type":"MultiPolygon","coordinates":[[[[0.12478951701790679,36.64680965928918],[0.1394534798419888,36.64996690402058],[0.1398744458061752,36.64801170897737],[0.1252104829820932,36.644854464245974],[0.12478951701790679,36.64680965928918]]],[[[0.14455195043210933,36.650041721409444],[0.13903251387780238,36.65192209906379],[0.14029541177036162,36.64605651393416],[0.14455195043210933,36.650041721409444]]]]},"properties":{"speed":0.1216,"dir_deg":77.8,"type":"ضعيف"}},{"type":"Feature","geometry":{"type":"MultiPolygon","coordinates":[[[[0.1667849792414811,36.64682503876124],[0.18167963414644067,36.64505042464483],[0.18144301893091924,36.6430644706575],[0.16654836402595968,36.64483908477391],[0.1667849792414811,36.64682503876124]]],[[[0.18652621150699983,36.64346590961237],[0.18191624936196207,36.64703637863216],[0.18120640371539784,36.64107851667017],[0.18652621150699983,36.64346590961237]]]]},"properties":{"speed":0.1425,"dir_deg":96.8,"type":"ضعيف"}},{"type":"Feature","geometry":{"type":"MultiPolygon","coordinates":[[[[0.20865951712837505,36.64677736642296],[0.22283908695907145,36.641884534991526],[0.22218670943488056,36.63999392568076],[0.20800713960418415,36.6448867571122],[0.20865951712837505,36.64677736642296]]],[[[0.2272394214738748,36.63930828652567],[0.22349146448326232,36.64377514430228],[0.2215343319106897,36.63810331637001],[0.2272394214738748,36.63930828652567]]]]},"properties":{"speed":0.1626,"dir_deg":109.0,"type":"ضعيف"}},{"type":"Feature","geometry":{"type":"MultiPolygon","coordinates":[[[[0.2503808166668111,36.646756712332],[0.26425057513308386,36.64104446232983],[0.26348894179946164,36.63919516120099],[0.24961918333318886,36.64490741120316],[0.2503808166668111,36.646756712332]]],[[[0.26849301128836367,36.638215728431355],[0.26501220846670615,36.642893763458666],[0.26272730846583936,36.63734586007215],[0.26849301128836367,36.638215728431355]]]]},"properties":{"speed":0.1655,"dir_deg":112.4,"type":"ضعيف"}},{"type":"Feature","geometry":{"type":"MultiPolygon","coordinates":[[[[0.2918980743942436,36.64680491626125],[0.3064908917993446,36.643333651335986],[0.3060280564759758,36.641387942348636],[0.2914352390708748,36.6448592072739],[0.2918980743942436,36.64680491626125]]],[[[0.3111237466060272,36.641203708533894],[0.30695372712271335,36.64527936032333],[0.30556522115260704,36.639442233361294],[0.3111237466060272,36.641203708533894]]]]},"properties":{"speed":0.1515,"dir_deg":103.4,"type":"ضعيف"}},{"type":"Feature","geometry":{"type":"MultiPolygon","coordinates":[[[[0.3332269481432861,36.64682638569747],[0.3481418070916678,36.648422312559795],[0.34835459733997726,36.646433664700005],[0.3334397383915955,36.64483773783768],[0.3332269481432861,36.64682638569747]]],[[[0.3532198218652831,36.647959964250674],[0.34792901684335836,36.65041096041958],[0.3485673875882867,36.64444501684022],[0.3532198218652831,36.647959964250674]]]]},"properties":{"speed":0.1386,"dir_deg":83.9,"type":"ضعيف"}},{"type":"Feature","geometry":{"type":"MultiPolygon","coordinates":[[[[0.3745594467288194,36.64672978823775],[0.38802534378143766,36.65333808730546],[0.38890645032379884,36.651542634365114],[0.3754405532711806,36.64493433529741],[0.3745594467288194,36.64672978823775]]],[[[0.392954529403491,36.65464312719119],[0.3871442372390764,36.65513354024581],[0.38978755686616007,36.649747181424765],[0.392954529403491,36.65464312719119]]]]},"properties":{"speed":0.1364,"dir_deg":63.9,"type":"ضعيف"}},{"type":"Feature","geometry":{"type":"MultiPolygon","coordinates":[[[[0.41605979412808075,36.64662686852352],[0.4279818954671598,36.655729807590696],[0.4291956206761167,36.65414019407881],[0.41727351933703766,36.64503725501164],[0.41605979412808075,36.64662686852352]]],[[[0.4325627918513313,36.657969313857144],[0.42676817025820296,36.65731942110257],[0.43040934588507357,36.65255058056694],[0.4325627918513313,36.657969313857144]]]]},"properties":{"speed":0.1542,"dir_deg":52.6,"type":"ضعيف"}},{"type":"Feature","geometry":{"type":"MultiPolygon","coordinates":[[[[0.45783509967981734,36.646699098864474],[0.47084065613324216,36.654172752678825],[0.4718371433084891,36.652438678485034],[0.45883158685506426,36.64496502467068],[0.45783509967981734,36.646699098864474]]],[[[0.47567408520534055,36.65579693352005],[0.4698441689579952,36.65590682687262],[0.47283363048373606,36.65070460429124],[0.47567408520534055,36.65579693352005]]]]},"properties":{"speed":0.1437,"dir_deg":60.1,"type":"ضعيف"}},{"type":"Feature","geometry":{"type":"MultiPolygon","coordinates":[[[[0.49962594037050956,36.646759466422296],[0.5135370101912218,36.65237036086465],[0.5142851294502027,36.650515551555216],[0.5003740596294904,36.64490465711286],[0.49962594037050956,36.646759466422296]]],[[[0.518548093094283,36.653313254357386],[0.5127888909322409,36.65422517017408],[0.5150332487091835,36.64866074224579],[0.518548093094283,36.653313254357386]]]]},"properties":{"speed":0.1055,"dir_deg":68.0,"type":"ضعيف"}},{"type":"Feature","geometry":{"type":"MultiPolygon","coordinates":[[[[0.5411186580321512,36.646668521426015],[0.553665552908729,36.65488894896697],[0.5547616099141898,36.653216029650096],[0.542214715037612,36.64499560210914],[0.5411186580321512,36.646668521426015]]],[[[0.5583958797036519,36.656792631822185],[0.5525694959032682,36.65656186828385],[0.5558576669196506,36.651543110333215],[0.5583958797036519,36.656792631822185]]]]},"properties":{"speed":0.0939,"dir_deg":56.8,"type":"ضعيف"}},{"type":"Feature","geometry":{"type":"MultiPolygon","coordinates":[[[[0.5826944840252583,36.6466014101586],[0.5942347098905859,36.6561838517565],[0.5955123687703062,36.65464515497445],[0.5839721429049786,36.645062713376554],[0.5826944840252583,36.6466014101586]]],[[[0.5987202812855553,36.65860865056478],[0.5929570510108655,36.657722548538544],[0.5967900276500266,36.65310645819241],[0.5987202812855553,36.65860865056478]]]]},"properties":{"speed":0.1196,"dir_deg":50.3,"type":"ضعيف"}},{"type":"Feature","geometry":{"type":"MultiPolygon","coordinates":[[[[0.6243722576920657,36.646610482986986],[0.6360485759832306,36.656026617606],[0.6373040605990992,36.654469775167186],[0.6256277423079343,36.64505364054817],[0.6243722576920657,36.646610482986986]]],[[[0.6405684243882198,36.658386907926264],[0.634793091367362,36.657583460044826],[0.6385595452149678,36.65291293272836],[0.6405684243882198,36.658386907926264]]]]},"properties":{"speed":0.1593,"dir_deg":51.1,"type":"ضعيف"}},{"type":"Feature","geometry":{"type":"MultiPolygon","coordinates":[[[[0.6660201406264298,36.646594936847954],[0.6774632668321237,36.65629312547473],[0.6787563586490273,36.65476737531398],[0.6673132324433334,36.6450691866872],[0.6660201406264298,36.646594936847954]]],[[[0.6819241881424735,36.65876297993662],[0.6761701750152199,36.65781887563549],[0.680049450465931,36.65324162515322],[0.6819241881424735,36.65876297993662]]]]},"properties":{"speed":0.2274,"dir_deg":49.7,"type":"متوسط"}},{"type":"Feature","geometry":{"type":"MultiPolygon","coordinates":[[[[0.7077218862056028,36.64662336240976],[0.7195913958383672,36.655794771302496],[0.7208142503573983,36.65421217001813],[0.708944740724634,36.645040761125394],[0.7077218862056028,36.64662336240976]]],[[[0.7241593263088043,36.65806060695789],[0.718368541319336,36.657377372586865],[0.7220371048764295,36.65262956873376],[0.7241593263088043,36.65806060695789]]]]},"properties":{"speed":0.3163,"dir_deg":52.3,"type":"متوسط"}},{"type":"Feature","geometry":{"type":"MultiPolygon","coordinates":[[[[0.7494672574803859,36.64667833914988],[0.7621614182149092,36.65466947694409],[0.7632269032541374,36.65297692217949],[0.7505327425196141,36.64498578438528],[0.7494672574803859,36.64667833914988]]],[[[0.7669255476460312,36.65648691215986],[0.7610959331756809,36.656362031708696],[0.7642923882933658,36.65128436741489],[0.7669255476460312,36.65648691215986]]]]},"properties":{"speed":0.397,"dir_deg":57.8,"type":"متوسط"}},{"type":"Feature","geometry":{"type":"MultiPolygon","coordinates":[[[[0.7912183118629026,36.646725907477716],[0.8046259975149359,36.6534515275574],[0.8055227468588939,36.651663836137125],[0.7921150612068606,36.64493821605744],[0.7912183118629026,36.646725907477716]]],[[[0.8095436007375927,36.654799555207155],[0.8037292481709779,36.65523921897767],[0.8064194962028519,36.649876144716856],[0.8095436007375927,36.654799555207155]]]]},"properties":{"speed":0.4533,"dir_deg":63.4,"type":"قوي"}},{"type":"Feature","geometry":{"type":"MultiPolygon","coordinates":[[[[0.8329538145679177,36.646757253956814],[0.8468316974064589,36.65244973741483],[0.8475906952008603,36.650599353036355],[0.8337128123623191,36.64490686957834],[0.8329538145679177,36.646757253956814]]],[[[0.85183715724984,36.65342203971159],[0.8460726996120574,36.6543001217933],[0.8483496929952618,36.648748968657884],[0.85183715724984,36.65342203971159]]]]},"properties":{"speed":0.4872,"dir_deg":67.7,"type":"قوي"}},{"type":"Feature","geometry":{"type":"MultiPolygon","coordinates":[[[[0.8746600282291896,36.646772497408676],[0.8887665628456967,36.65187207397083],[0.8894465063873174,36.64999120268863],[0.8753399717708104,36.64489162612648],[0.8746600282291896,36.646772497408676]]],[[[0.8938087128220095,36.65263149718378],[0.8880866193040758,36.65375294525303],[0.8901264499289382,36.64811033140643],[0.8938087128220095,36.65263149718378]]]]},"properties":{"speed":0.505,"dir_deg":70.1,"type":"قوي"}},{"type":"Feature","geometry":{"type":"MultiPolygon","coordinates":[[[[0.916365227119836,36.646785540776825],[0.9306674122585861,36.65130743200251],[0.9312703310886772,36.64940047398402],[0.9169681459499271,36.64487858275833],[0.916365227119836,36.646785540776825]]],[[[0.9357362667198816,36.65186125006849],[0.9300644934284948,36.65321439002101],[0.9318732499187684,36.647493515965515],[0.9357362667198816,36.65186125006849]]]]},"properties":{"speed":0.5121,"dir_deg":72.5,"type":"قوي"}},{"type":"Feature","geometry":{"type":"MultiPolygon","coordinates":[[[[0.958083111251451,36.64680025537026],[0.972606015291693,36.650553288575274],[0.9731064197190279,36.64861690136991],[0.9585835156787859,36.6448638681649],[0.958083111251451,36.64680025537026]]],[[[0.9776971855187744,36.65083610604093],[0.972105610864358,36.65248967578064],[0.9736068241463629,36.646680514164544],[0.9776971855187744,36.65083610604093]]]]},"properties":{"speed":0.5069,"dir_deg":75.5,"type":"قوي"}},{"type":"Feature","geometry":{"type":"MultiPolygon","coordinates":[[[[0.9998284713707393,36.64681724090324],[1.0146061584056707,36.64939017034215],[1.0149492156641922,36.64741981207083],[1.0001715286292607,36.64484688263192],[0.9998284713707393,36.64681724090324]]],[[[1.019703582713242,36.649262634352795],[1.0142631011471492,36.65136052861347],[1.0152922729227136,36.64544945379951],[1.019703582713242,36.649262634352795]]]]},"properties":{"speed":0.4803,"dir_deg":80.1,"type":"قوي"}},{"type":"Feature","geometry":{"type":"MultiPolygon","coordinates":[[[[-0.4158218160847442,36.6880350180182],[-0.40779654581173164,36.67536240830097],[-0.4094862271073616,36.674292372264574],[-0.4175114973803742,36.6869649819818],[-0.4158218160847442,36.6880350180182]]],[[[-0.4059662963685424,36.6706031870437],[-0.4061068645161017,36.67643244433737],[-0.41117590840299156,36.67322233622817],[-0.4059662963685424,36.6706031870437]]]]},"properties":{"speed":0.1193,"dir_deg":147.7,"type":"ضعيف"}},{"type":"Feature","geometry":{"type":"MultiPolygon","coordinates":[[[[-0.3742958237711795,36.68821002523812],[-0.36364544519941394,36.67764738180581],[-0.365053797657055,36.67622733132957],[-0.3757041762288205,36.68678997476188],[-0.3742958237711795,36.68821002523812]]],[[[-0.360799495237646,36.673416475423586],[-0.36223709274177285,36.67906743228205],[-0.3664621501146961,36.67480728085334],[-0.360799495237646,36.673416475423586]]]]},"properties":{"speed":0.0919,"dir_deg":134.8,"type":"ضعيف"}},{"type":"Feature","geometry":{"type":"MultiPolygon","coordinates":[[[[-0.33295916467159653,36.688427356661926],[-0.3190488147427594,36.68281467772426],[-0.31979717193444795,36.68095996440041],[-0.33370752186328506,36.686572643338074],[-0.33295916467159653,36.688427356661926]]],[[[-0.31478621002899126,36.680016428083114],[-0.31830045755107084,36.684669391048104],[-0.32054552912613654,36.679105251076564],[-0.31478621002899126,36.680016428083114]]]]},"properties":{"speed":0.0685,"dir_deg":112.0,"type":"ضعيف"}},{"type":"Feature","geometry":{"type":"MultiPolygon","coordinates":[[[[-0.29188114388695946,36.688476726809604],[-0.2772302417429143,36.69169403412561],[-0.27680126743411376,36.6897405805064],[-0.29145216957815895,36.686523273190396],[-0.29188114388695946,36.688476726809604]]],[[[-0.27213212054049896,36.691789743088],[-0.2776592160517148,36.69364748774482],[-0.27637229312531325,36.687787126887194],[-0.27213212054049896,36.691789743088]]]]},"properties":{"speed":0.0555,"dir_deg":77.6,"type":"ضعيف"}},{"type":"Feature","geometry":{"type":"MultiPolygon","coordinates":[[[[-0.2508559727950384,36.68801702086433],[-0.2431006598300659,36.700856612789906],[-0.24138871423998903,36.69982257106125],[-0.24914402720496157,36.68698297913567],[-0.2508559727950384,36.68801702086433]]],[[[-0.23965958271336996,36.70461945590077],[-0.24481260542014277,36.70189065451857],[-0.23967676864991216,36.69878852933258],[-0.23965958271336996,36.70461945590077]]]]},"properties":{"speed":0.0672,"dir_deg":31.1,"type":"ضعيف"}},{"type":"Feature","geometry":{"type":"MultiPolygon","coordinates":[[[[-0.20932357193809187,36.6876393472945],[-0.20723336252059224,36.702493000871684],[-0.2052528753769677,36.702214306282684],[-0.20734308479446734,36.6873606527055],[-0.20932357193809187,36.6876393472945]]],[[[-0.20554638247628013,36.70730487143624],[-0.2092138496642168,36.70277169546068],[-0.20327238823334315,36.701935611693685],[-0.20554638247628013,36.70730487143624]]]]},"properties":{"speed":0.1199,"dir_deg":8.0,"type":"ضعيف"}},{"type":"Feature","geometry":{"type":"MultiPolygon","coordinates":[[[[-0.16766310322704167,36.68758440426429],[-0.16639703926261062,36.70253087816411],[-0.16440417607596808,36.70236206963553],[-0.16567024004039912,36.68741559573571],[-0.16766310322704167,36.68758440426429]]],[[[-0.16497858634781234,36.70742863186643],[-0.16838990244925314,36.7026996866927],[-0.16241131288932556,36.702193261106935],[-0.16497858634781234,36.70742863186643]]]]},"properties":{"speed":0.1734,"dir_deg":4.8,"type":"ضعيف"}},{"type":"Feature","geometry":{"type":"MultiPolygon","coordinates":[[[[-0.1259936517267193,36.687612499982166],[-0.12430615199420376,36.702517275882954],[-0.12231884854076515,36.70229227591862],[-0.12400634827328069,36.687387500017834],[-0.1259936517267193,36.687612499982166]]],[[[-0.12275000035664595,36.707373034534385],[-0.1262934554476424,36.70274227584729],[-0.12033154508732652,36.702067275954285],[-0.12275000035664595,36.707373034534385]]]]},"properties":{"speed":0.1927,"dir_deg":6.5,"type":"ضعيف"}},{"type":"Feature","geometry":{"type":"MultiPolygon","coordinates":[[[[-0.08432601633346358,36.687620769996094],[-0.08251446639208508,36.70251097774514],[-0.08052910535887832,36.70226943775295],[-0.08234065530025682,36.687379230003906],[-0.08432601633346358,36.687620769996094]]],[[[-0.08091793589502219,36.70735361033207],[-0.08449982742529186,36.70275251773732],[-0.07854374432567154,36.70202789776077],[-0.08091793589502219,36.70735361033207]]]]},"properties":{"speed":0.1846,"dir_deg":6.9,"type":"ضعيف"}},{"type":"Feature","geometry":{"type":"MultiPolygon","coordinates":[[[[-0.04265748556177691,36.687635204947455],[-0.04062941134995162,36.702497469747655],[-0.038647776043257996,36.702227059852746],[-0.04067585025508329,36.687364795052545],[-0.04265748556177691,36.687635204947455]]],[[[-0.03896256895932971,36.707316353066936],[-0.042611046656645245,36.702767879642565],[-0.03666614073656437,36.701956649957836],[-0.03896256895932971,36.707316353066936]]]]},"properties":{"speed":0.1687,"dir_deg":7.8,"type":"ضعيف"}},{"type":"Feature","geometry":{"type":"MultiPolygon","coordinates":[[[[-0.0009662202771820343,36.68775771762835],[0.0028995441480657545,36.70225102178608],[0.004831984702429824,36.70173558652938],[0.0009662202771820343,36.68724228237165],[-0.0009662202771820343,36.68775771762835]]],[[[0.005154352566997053,36.70682440554364],[0.0009671035937016863,36.702766457042785],[0.006764425256793892,36.70122015127268],[0.005154352566997053,36.70682440554364]]]]},"properties":{"speed":0.1502,"dir_deg":14.9,"type":"ضعيف"}},{"type":"Feature","geometry":{"type":"MultiPolygon","coordinates":[[[[0.04081311995681897,36.68802101429376],[0.048628334363193394,36.70082423356793],[0.05033543026641565,36.69978220498041],[0.042520215860041226,36.68697898570624],[0.04081311995681897,36.68802101429376]]],[[[0.05208695378359599,36.704570959032225],[0.04692123845997115,36.70186626215544],[0.05204252616963789,36.698740176392896],[0.05208695378359599,36.704570959032225]]]]},"properties":{"speed":0.1319,"dir_deg":31.4,"type":"ضعيف"}},{"type":"Feature","geometry":{"type":"MultiPolygon","coordinates":[[[[0.08277682234202895,36.6883308385838],[0.095239401099033,36.69667854070627],[0.09635242804869551,36.69501686353867],[0.08388984929169145,36.6866691614162],[0.08277682234202895,36.6883308385838]]],[[[0.09995010749286562,36.698630269496626],[0.09412637414937049,36.69834021787387],[0.09746545499835803,36.69335518637107],[0.09995010749286562,36.698630269496626]]]]},"properties":{"speed":0.1276,"dir_deg":56.2,"type":"ضعيف"}},{"type":"Feature","geometry":{"type":"MultiPolygon","coordinates":[[[[0.1248504291837068,36.68848875101563],[0.13968169441818737,36.69073231326003],[0.13998083605077374,36.68875481122876],[0.1251495708162932,36.68651124898437],[0.1248504291837068,36.68848875101563]]],[[[0.14477502031264075,36.69049141632586],[0.13938255278560097,36.69270981529129],[0.14027997768336015,36.6867773091975],[0.14477502031264075,36.69049141632586]]]]},"properties":{"speed":0.1492,"dir_deg":81.4,"type":"ضعيف"}},{"type":"Feature","geometry":{"type":"MultiPolygon","coordinates":[[[[0.16679726059391178,36.68849143659579],[0.1816688095307956,36.68653260219292],[0.18140763161041282,36.68454972900134],[0.166536082673529,36.68650856340421],[0.16679726059391178,36.68849143659579]]],[[[0.18649540354956545,36.684888220796175],[0.1819299874511784,36.688515475384506],[0.18114645369003002,36.68256685580975],[0.18649540354956545,36.684888220796175]]]]},"properties":{"speed":0.1846,"dir_deg":97.5,"type":"ضعيف"}},{"type":"Feature","geometry":{"type":"MultiPolygon","coordinates":[[[[0.20859859414481904,36.68846417532988],[0.22306122409291523,36.684485188651784],[0.22253069253583635,36.68255683799203],[0.20806806258774016,36.68653582467012],[0.20859859414481904,36.68846417532988]]],[[[0.2276168349637412,36.68219468442921],[0.22359175564999414,36.68641353931153],[0.22200016097875744,36.680628487332285],[0.2276168349637412,36.68219468442921]]]]},"properties":{"speed":0.1993,"dir_deg":105.4,"type":"ضعيف"}},{"type":"Feature","geometry":{"type":"MultiPolygon","coordinates":[[[[0.2502387069220514,36.688471091656524],[0.2648050817698668,36.684890487825754],[0.26432766792576395,36.682948304512706],[0.2497612930779486,36.686528908343476],[0.2502387069220514,36.688471091656524]]],[[[0.26942183313042045,36.68272586155897],[0.26528249561396955,36.686832671138795],[0.2638502540816612,36.681006121199665],[0.26942183313042045,36.68272586155897]]]]},"properties":{"speed":0.1777,"dir_deg":103.8,"type":"ضعيف"}},{"type":"Feature","geometry":{"type":"MultiPolygon","coordinates":[[[[0.2916116519579986,36.688498486091426],[0.3065889433294214,36.689323557709834],[0.3066989528785426,36.68732658552698],[0.2917216615071198,36.686501513908574],[0.2916116519579986,36.688498486091426]]],[[[0.3116363785611229,36.68860009549121],[0.30647893378030017,36.69132052989269],[0.3068089624276638,36.68532961334412],[0.3116363785611229,36.68860009549121]]]]},"properties":{"speed":0.1445,"dir_deg":86.8,"type":"ضعيف"}},{"type":"Feature","geometry":{"type":"MultiPolygon","coordinates":[[[[0.33284765404393557,36.68837413155656],[0.34595962739230895,36.69565946990914],[0.3469310058393194,36.693911206796024],[0.333819032490946,36.68662586844344],[0.33284765404393557,36.68837413155656]]],[[[0.3508159743986053,36.6972137844701],[0.34498824894529856,36.69740773302225],[0.3479023842863298,36.69216294368291],[0.3508159743986053,36.6972137844701]]]]},"properties":{"speed":0.1349,"dir_deg":60.9,"type":"ضعيف"}},{"type":"Feature","geometry":{"type":"MultiPolygon","coordinates":[[[[0.374272785613662,36.688186410399325],[0.3845689416035536,36.699094626194395],[0.3860233703762296,36.697721805395744],[0.375727214386338,36.686813589600675],[0.374272785613662,36.688186410399325]]],[[[0.38872820798652213,36.70204428772676],[0.38311451283087755,36.700467446993045],[0.3874777991489056,36.696348984597094],[0.38872820798652213,36.70204428772676]]]]},"properties":{"speed":0.1418,"dir_deg":43.3,"type":"ضعيف"}},{"type":"Feature","geometry":{"type":"MultiPolygon","coordinates":[[[[0.4159016428956526,36.68814401384251],[0.42556185053326706,36.69961922139611],[0.4270918782070802,36.69833119371109],[0.4174316705694658,36.68685598615749],[0.4159016428956526,36.68814401384251]]],[[[0.42954693358271173,36.70280027673813],[0.42403182285945384,36.700907249081126],[0.42862190588089344,36.69704316602608],[0.42954693358271173,36.70280027673813]]]]},"properties":{"speed":0.1434,"dir_deg":40.1,"type":"ضعيف"}},{"type":"Feature","geometry":{"type":"MultiPolygon","coordinates":[[[[0.4576809643694038,36.68825789298281],[0.4690493591115876,36.698043576453365],[0.4703541169076616,36.69652779048774],[0.4589857221654778,36.68674210701719],[0.4576809643694038,36.68825789298281]]],[[[0.4734912029236859,36.70054757796074],[0.46774460131551365,36.69955936241899],[0.4716588747037356,36.69501200452212],[0.4734912029236859,36.70054757796074]]]]},"properties":{"speed":0.1112,"dir_deg":49.3,"type":"ضعيف"}},{"type":"Feature","geometry":{"type":"MultiPolygon","coordinates":[[[[0.4994141470760077,36.68831041739335],[0.511570407976308,36.69709821125324],[0.5127421138242926,36.695477376466535],[0.5005858529239923,36.68668958260665],[0.4994141470760077,36.68831041739335]]],[[[0.5162083478670672,36.699217058479846],[0.5103987021283234,36.69871904603995],[0.5139138196722772,36.69385654167983],[0.5162083478670672,36.699217058479846]]]]},"properties":{"speed":0.0729,"dir_deg":54.1,"type":"ضعيف"}},{"type":"Feature","geometry":{"type":"MultiPolygon","coordinates":[[[[0.5409837695017411,36.68823049594513],[0.5519412086786419,36.698474251442235],[0.5533070427449229,36.69701325955198],[0.5423496035680221,36.68676950405487],[0.5409837695017411,36.68823049594513]]],[[[0.556276605437416,36.70115834066281],[0.550575374612361,36.69993524333249],[0.5546728768112039,36.695552267661725],[0.556276605437416,36.70115834066281]]]]},"properties":{"speed":0.0535,"dir_deg":46.9,"type":"ضعيف"}},{"type":"Feature","geometry":{"type":"MultiPolygon","coordinates":[[[[0.5825136806588331,36.6880728892239],[0.591107019017335,36.70036738131818],[0.5927462846299055,36.699221602870374],[0.5841529462714037,36.6869271107761],[0.5825136806588331,36.6880728892239]]],[[[0.5947910979431209,36.7038926561257],[0.5894677534047643,36.70151315976598],[0.5943855502424762,36.698075824422574],[0.5947910979431209,36.7038926561257]]]]},"properties":{"speed":0.0553,"dir_deg":35.0,"type":"ضعيف"}},{"type":"Feature","geometry":{"type":"MultiPolygon","coordinates":[[[[0.6241203630169375,36.68797564564334],[0.6312550476670438,36.70117020038928],[0.6330143216331687,36.700218909102595],[0.6258796369830625,36.68702435435666],[0.6241203630169375,36.68797564564334]]],[[[0.6345129128668084,36.70509273966125],[0.6294957737009188,36.70212149167596],[0.6347735955992937,36.69926761781591],[0.6345129128668084,36.70509273966125]]]]},"properties":{"speed":0.0802,"dir_deg":28.4,"type":"ضعيف"}},{"type":"Feature","geometry":{"type":"MultiPolygon","coordinates":[[[[0.6658261063631267,36.68804168715589],[0.6739514137014242,36.70065038973221],[0.675632574044934,36.699567015420435],[0.6675072667066365,36.68695831284411],[0.6658261063631267,36.68804168715589]]],[[[0.6775004296526116,36.7043116034351],[0.6722702533579142,36.70173376404398],[0.677313734388444,36.698483641108666],[0.6775004296526116,36.7043116034351]]]]},"properties":{"speed":0.1269,"dir_deg":32.8,"type":"ضعيف"}},{"type":"Feature","geometry":{"type":"MultiPolygon","coordinates":[[[[0.7075876191861478,36.68816628825767],[0.7175819430512149,36.69935170244223],[0.7190733316091562,36.69801912592689],[0.709079007744089,36.68683371174233],[0.7075876191861478,36.68816628825767]]],[[[0.7216590786185412,36.70241388557941],[0.7160905544932736,36.700684278957574],[0.7205647201670975,36.696686549411545],[0.7216590786185412,36.70241388557941]]]]},"properties":{"speed":0.1855,"dir_deg":41.8,"type":"ضعيف"}},{"type":"Feature","geometry":{"type":"MultiPolygon","coordinates":[[[[0.7493591218145428,36.68826764259353],[0.7608737607175274,36.69788081537539],[0.7621555170884419,36.69634553018833],[0.7506408781854572,36.68673235740647],[0.7493591218145428,36.68826764259353]]],[[[0.7653528518706462,36.70031756370915],[0.7595920043466129,36.69941610056246],[0.7634372734593564,36.694810245001264],[0.7653528518706462,36.70031756370915]]]]},"properties":{"speed":0.2416,"dir_deg":50.1,"type":"متوسط"}},{"type":"Feature","geometry":{"type":"MultiPolygon","coordinates":[[[[0.7911134560687406,36.688333028241615],[0.8036088796930126,36.69663148523373],[0.8047153406252946,36.6949654287505],[0.7922199170010226,36.686666971758385],[0.7911134560687406,36.688333028241615]]],[[[0.8083272513672444,36.69856460932282],[0.8025024187607306,36.69829754171697],[0.8058218015575767,36.69329937226726],[0.8083272513672444,36.69856460932282]]]]},"properties":{"speed":0.2919,"dir_deg":56.4,"type":"متوسط"}},{"type":"Feature","geometry":{"type":"MultiPolygon","coordinates":[[[[0.832860835475838,36.68838134247012],[0.8460809725277091,36.695468512309326],[0.8470259285062699,36.69370582736908],[0.8338057914543988,36.68661865752988],[0.832860835475838,36.68838134247012]]],[[[0.8509601628676132,36.69694955978561],[0.8451360165491484,36.69723119724958],[0.8479708844848306,36.691943142428826],[0.8509601628676132,36.69694955978561]]]]},"properties":{"speed":0.3326,"dir_deg":61.8,"type":"متوسط"}},{"type":"Feature","geometry":{"type":"MultiPolygon","coordinates":[[[[0.8745908610939508,36.688412472112205],[0.8882779427770666,36.69454955570294],[0.889096220589165,36.69272461147853],[0.8754091389060492,36.686587527887795],[0.8745908610939508,36.688412472112205]]],[[[0.8932494422441544,36.69568277812098],[0.8874596649649681,36.69637449992736],[0.8899144984012636,36.690899667254115],[0.8932494422441544,36.69568277812098]]]]},"properties":{"speed":0.3601,"dir_deg":65.8,"type":"متوسط"}},{"type":"Feature","geometry":{"type":"MultiPolygon","coordinates":[[[[0.9163231267294165,36.6884391308003],[0.9304100887338902,36.693592527882274],[0.9310972083448203,36.69171426628168],[0.9170102463403467,36.6865608691997],[0.9163231267294165,36.6884391308003]]],[[[0.9354493025408465,36.6943711961093],[0.9297229691229602,36.69547078948287],[0.9317843279557504,36.689836004681084],[0.9354493025408465,36.6943711961093]]]]},"properties":{"speed":0.3733,"dir_deg":69.9,"type":"متوسط"}},{"type":"Feature","geometry":{"type":"MultiPolygon","coordinates":[[[[0.9580737043083405,36.68846571377008],[0.972559410859501,36.69235985112175],[0.9730786291730569,36.690428423581594],[0.9585929226218963,36.68653428622992],[0.9580737043083405,36.68846571377008]]],[[[0.9776475888666658,36.692692183135556],[0.9720401925459451,36.69429127866191],[0.9735978474866128,36.68849699604144],[0.9776475888666658,36.692692183135556]]]]},"properties":{"speed":0.3781,"dir_deg":75.0,"type":"متوسط"}},{"type":"Feature","geometry":{"type":"MultiPolygon","coordinates":[[[[0.9998465867448618,36.68848816211886],[1.014669018527747,36.69078936094593],[1.0149758450380233,36.68881303670821],[1.0001534132551382,36.68651183788114],[0.9998465867448618,36.68848816211886]]],[[[1.01976324237718,36.69056826510276],[1.0143621920174708,36.692765685183645],[1.0152826715482994,36.686836712470495],[1.01976324237718,36.69056826510276]]]]},"properties":{"speed":0.3804,"dir_deg":81.2,"type":"متوسط"}}]}